ISO-10303-21;
HEADER;
FILE_DESCRIPTION(('Open CASCADE Model'),'2;1');
FILE_NAME('Open CASCADE Shape Model','2026-09-13T11:10:32',('Author'),(
    'Open CASCADE'),'Open CASCADE STEP processor 7.9','Open CASCADE 7.9'
  ,'Unknown');
FILE_SCHEMA(('AUTOMOTIVE_DESIGN { 1 0 10303 214 1 1 1 1 }'));
ENDSEC;
DATA;
#1 = APPLICATION_PROTOCOL_DEFINITION('international standard',
  'automotive_design',2000,#2);
#2 = APPLICATION_CONTEXT(
  'core data for automotive mechanical design processes');
#3 = SHAPE_DEFINITION_REPRESENTATION(#4,#10);
#4 = PRODUCT_DEFINITION_SHAPE('','',#5);
#5 = PRODUCT_DEFINITION('design','',#6,#9);
#6 = PRODUCT_DEFINITION_FORMATION('','',#7);
#7 = PRODUCT('Encoder','Encoder','',(#8));
#8 = PRODUCT_CONTEXT('',#2,'mechanical');
#9 = PRODUCT_DEFINITION_CONTEXT('part definition',#2,'design');
#10 = SHAPE_REPRESENTATION('',(#11,#15,#113,#1974,#3885,#4072,#4412,
    #4752,#5092,#5432,#5772,#6112,#6452,#6792,#7132),#10212);
#11 = AXIS2_PLACEMENT_3D('',#12,#13,#14);
#12 = CARTESIAN_POINT('',(0.,0.,0.));
#13 = DIRECTION('',(0.,0.,1.));
#14 = DIRECTION('',(1.,0.,-0.));
#15 = MANIFOLD_SOLID_BREP('',#16);
#16 = CLOSED_SHELL('',(#17,#105,#109));
#17 = ADVANCED_FACE('',(#18),#31,.T.);
#18 = FACE_BOUND('',#19,.T.);
#19 = EDGE_LOOP('',(#20,#54,#77,#104));
#20 = ORIENTED_EDGE('',*,*,#21,.F.);
#21 = EDGE_CURVE('',#22,#22,#24,.T.);
#22 = VERTEX_POINT('',#23);
#23 = CARTESIAN_POINT('',(-17.,2.08189955855E-15,-2.6));
#24 = SURFACE_CURVE('',#25,(#30,#42),.PCURVE_S1.);
#25 = CIRCLE('',#26,17.);
#26 = AXIS2_PLACEMENT_3D('',#27,#28,#29);
#27 = CARTESIAN_POINT('',(0.,0.,-2.6));
#28 = DIRECTION('',(0.,0.,-1.));
#29 = DIRECTION('',(1.,0.,0.));
#30 = PCURVE('',#31,#36);
#31 = CYLINDRICAL_SURFACE('',#32,17.);
#32 = AXIS2_PLACEMENT_3D('',#33,#34,#35);
#33 = CARTESIAN_POINT('',(0.,0.,-2.));
#34 = DIRECTION('',(0.,0.,-1.));
#35 = DIRECTION('',(1.,0.,0.));
#36 = DEFINITIONAL_REPRESENTATION('',(#37),#41);
#37 = LINE('',#38,#39);
#38 = CARTESIAN_POINT('',(-6.28318530718,0.6));
#39 = VECTOR('',#40,1.);
#40 = DIRECTION('',(1.,0.));
#41 = ( GEOMETRIC_REPRESENTATION_CONTEXT(2) 
PARAMETRIC_REPRESENTATION_CONTEXT() REPRESENTATION_CONTEXT('2D SPACE',''
  ) );
#42 = PCURVE('',#43,#48);
#43 = PLANE('',#44);
#44 = AXIS2_PLACEMENT_3D('',#45,#46,#47);
#45 = CARTESIAN_POINT('',(0.,0.,-2.6));
#46 = DIRECTION('',(0.,0.,-1.));
#47 = DIRECTION('',(1.,0.,0.));
#48 = DEFINITIONAL_REPRESENTATION('',(#49),#53);
#49 = CIRCLE('',#50,17.);
#50 = AXIS2_PLACEMENT_2D('',#51,#52);
#51 = CARTESIAN_POINT('',(0.,0.));
#52 = DIRECTION('',(1.,0.));
#53 = ( GEOMETRIC_REPRESENTATION_CONTEXT(2) 
PARAMETRIC_REPRESENTATION_CONTEXT() REPRESENTATION_CONTEXT('2D SPACE',''
  ) );
#54 = ORIENTED_EDGE('',*,*,#55,.T.);
#55 = EDGE_CURVE('',#22,#56,#58,.T.);
#56 = VERTEX_POINT('',#57);
#57 = CARTESIAN_POINT('',(-17.,2.08189955855E-15,-2.));
#58 = SEAM_CURVE('',#59,(#63,#70),.PCURVE_S1.);
#59 = LINE('',#60,#61);
#60 = CARTESIAN_POINT('',(-17.,2.08189955855E-15,-2.));
#61 = VECTOR('',#62,1.);
#62 = DIRECTION('',(0.,0.,1.));
#63 = PCURVE('',#31,#64);
#64 = DEFINITIONAL_REPRESENTATION('',(#65),#69);
#65 = LINE('',#66,#67);
#66 = CARTESIAN_POINT('',(-3.14159265359,0.));
#67 = VECTOR('',#68,1.);
#68 = DIRECTION('',(0.,-1.));
#69 = ( GEOMETRIC_REPRESENTATION_CONTEXT(2) 
PARAMETRIC_REPRESENTATION_CONTEXT() REPRESENTATION_CONTEXT('2D SPACE',''
  ) );
#70 = PCURVE('',#31,#71);
#71 = DEFINITIONAL_REPRESENTATION('',(#72),#76);
#72 = LINE('',#73,#74);
#73 = CARTESIAN_POINT('',(3.14159265359,0.));
#74 = VECTOR('',#75,1.);
#75 = DIRECTION('',(0.,-1.));
#76 = ( GEOMETRIC_REPRESENTATION_CONTEXT(2) 
PARAMETRIC_REPRESENTATION_CONTEXT() REPRESENTATION_CONTEXT('2D SPACE',''
  ) );
#77 = ORIENTED_EDGE('',*,*,#78,.T.);
#78 = EDGE_CURVE('',#56,#56,#79,.T.);
#79 = SURFACE_CURVE('',#80,(#85,#92),.PCURVE_S1.);
#80 = CIRCLE('',#81,17.);
#81 = AXIS2_PLACEMENT_3D('',#82,#83,#84);
#82 = CARTESIAN_POINT('',(0.,0.,-2.));
#83 = DIRECTION('',(0.,0.,-1.));
#84 = DIRECTION('',(1.,0.,0.));
#85 = PCURVE('',#31,#86);
#86 = DEFINITIONAL_REPRESENTATION('',(#87),#91);
#87 = LINE('',#88,#89);
#88 = CARTESIAN_POINT('',(-6.28318530718,0.));
#89 = VECTOR('',#90,1.);
#90 = DIRECTION('',(1.,0.));
#91 = ( GEOMETRIC_REPRESENTATION_CONTEXT(2) 
PARAMETRIC_REPRESENTATION_CONTEXT() REPRESENTATION_CONTEXT('2D SPACE',''
  ) );
#92 = PCURVE('',#93,#98);
#93 = PLANE('',#94);
#94 = AXIS2_PLACEMENT_3D('',#95,#96,#97);
#95 = CARTESIAN_POINT('',(0.,0.,-2.));
#96 = DIRECTION('',(0.,0.,-1.));
#97 = DIRECTION('',(1.,0.,0.));
#98 = DEFINITIONAL_REPRESENTATION('',(#99),#103);
#99 = CIRCLE('',#100,17.);
#100 = AXIS2_PLACEMENT_2D('',#101,#102);
#101 = CARTESIAN_POINT('',(0.,0.));
#102 = DIRECTION('',(1.,0.));
#103 = ( GEOMETRIC_REPRESENTATION_CONTEXT(2) 
PARAMETRIC_REPRESENTATION_CONTEXT() REPRESENTATION_CONTEXT('2D SPACE',''
  ) );
#104 = ORIENTED_EDGE('',*,*,#55,.F.);
#105 = ADVANCED_FACE('',(#106),#43,.T.);
#106 = FACE_BOUND('',#107,.T.);
#107 = EDGE_LOOP('',(#108));
#108 = ORIENTED_EDGE('',*,*,#21,.T.);
#109 = ADVANCED_FACE('',(#110),#93,.F.);
#110 = FACE_BOUND('',#111,.T.);
#111 = EDGE_LOOP('',(#112));
#112 = ORIENTED_EDGE('',*,*,#78,.F.);
#113 = MANIFOLD_SOLID_BREP('',#114);
#114 = CLOSED_SHELL('',(#115,#279,#394,#485,#491,#650,#765,#856,#862,
    #1021,#1136,#1227,#1233,#1391,#1506,#1597,#1603,#1735,#1795,#1916,
    #1967));
#115 = ADVANCED_FACE('',(#116),#130,.F.);
#116 = FACE_BOUND('',#117,.T.);
#117 = EDGE_LOOP('',(#118,#175,#203,#253));
#118 = ORIENTED_EDGE('',*,*,#119,.F.);
#119 = EDGE_CURVE('',#120,#122,#124,.T.);
#120 = VERTEX_POINT('',#121);
#121 = CARTESIAN_POINT('',(12.5,0.75,-5.303542256847));
#122 = VERTEX_POINT('',#123);
#123 = CARTESIAN_POINT('',(12.5,-0.75,-5.303542256847));
#124 = SURFACE_CURVE('',#125,(#129,#141),.PCURVE_S1.);
#125 = ( BOUNDED_CURVE() B_SPLINE_CURVE(2,(#126,#127,#128),
.UNSPECIFIED.,.F.,.F.) B_SPLINE_CURVE_WITH_KNOTS((3,3),(0.,
0.150000690952),.PIECEWISE_BEZIER_KNOTS.) CURVE() 
GEOMETRIC_REPRESENTATION_ITEM() RATIONAL_B_SPLINE_CURVE((1.,
1.001798382909,1.)) REPRESENTATION_ITEM('') );
#126 = CARTESIAN_POINT('',(12.5,0.75,-5.303542256847));
#127 = CARTESIAN_POINT('',(12.5,-8.187894806611E-15,-5.298993475273));
#128 = CARTESIAN_POINT('',(12.5,-0.75,-5.303542256847));
#129 = PCURVE('',#130,#135);
#130 = PLANE('',#131);
#131 = AXIS2_PLACEMENT_3D('',#132,#133,#134);
#132 = CARTESIAN_POINT('',(12.5,0.75,-5.303542256847));
#133 = DIRECTION('',(-1.,6.652977507129E-16,0.));
#134 = DIRECTION('',(-6.652855146495E-16,-0.99998160814,
    6.064930551625E-03));
#135 = DEFINITIONAL_REPRESENTATION('',(#136),#140);
#136 = ( BOUNDED_CURVE() B_SPLINE_CURVE(2,(#137,#138,#139),
.UNSPECIFIED.,.F.,.F.) B_SPLINE_CURVE_WITH_KNOTS((3,3),(0.,
0.150000690952),.PIECEWISE_BEZIER_KNOTS.) CURVE() 
GEOMETRIC_REPRESENTATION_ITEM() RATIONAL_B_SPLINE_CURVE((1.,
1.001798382909,1.)) REPRESENTATION_ITEM('') );
#137 = CARTESIAN_POINT('',(2.997602166488E-14,-8.881784197001E-16));
#138 = CARTESIAN_POINT('',(0.750013794149,-4.440892098501E-15));
#139 = CARTESIAN_POINT('',(1.499972412209,-9.097395827437E-03));
#140 = ( GEOMETRIC_REPRESENTATION_CONTEXT(2) 
PARAMETRIC_REPRESENTATION_CONTEXT() REPRESENTATION_CONTEXT('2D SPACE',''
  ) );
#141 = PCURVE('',#142,#147);
#142 = CONICAL_SURFACE('',#143,13.475,1.469874542128);
#143 = AXIS2_PLACEMENT_3D('',#144,#145,#146);
#144 = CARTESIAN_POINT('',(0.,0.,-5.4));
#145 = DIRECTION('',(0.,0.,-1.));
#146 = DIRECTION('',(0.,-1.,0.));
#147 = DEFINITIONAL_REPRESENTATION('',(#148),#174);
#148 = B_SPLINE_CURVE_WITH_KNOTS('',3,(#149,#150,#151,#152,#153,#154,
    #155,#156,#157,#158,#159,#160,#161,#162,#163,#164,#165,#166,#167,
    #168,#169,#170,#171,#172,#173),.UNSPECIFIED.,.F.,.F.,(4,1,1,1,1,1,1,
    1,1,1,1,1,1,1,1,1,1,1,1,1,1,1,4),(0.,6.818213225091E-03,
    1.363642645018E-02,2.045463967527E-02,2.727285290036E-02,
    3.409106612546E-02,4.090927935055E-02,4.772749257564E-02,
    5.454570580073E-02,6.136391902582E-02,6.818213225091E-02,
    7.5000345476E-02,8.181855870109E-02,8.863677192618E-02,
    9.545498515128E-02,0.102273198376,0.109091411601,0.115909624827,
    0.122727838052,0.129546051277,0.136364264502,0.143182477727,
    0.150000690952),.QUASI_UNIFORM_KNOTS.);
#149 = CARTESIAN_POINT('',(-1.630724481916,-9.645774315259E-02));
#150 = CARTESIAN_POINT('',(-1.628909564021,-9.659583262881E-02));
#151 = CARTESIAN_POINT('',(-1.625279432022,-9.685941388599E-02));
#152 = CARTESIAN_POINT('',(-1.619833425998,-9.721702428132E-02));
#153 = CARTESIAN_POINT('',(-1.614386692528,-9.753690610808E-02));
#154 = CARTESIAN_POINT('',(-1.608939312281,-9.781908764548E-02));
#155 = CARTESIAN_POINT('',(-1.603491365978,-9.806359413783E-02));
#156 = CARTESIAN_POINT('',(-1.598042934389,-9.827044737104E-02));
#157 = CARTESIAN_POINT('',(-1.59259409833,-9.843966579247E-02));
#158 = CARTESIAN_POINT('',(-1.587144938651,-9.857126448426E-02));
#159 = CARTESIAN_POINT('',(-1.581695536232,-9.866525517489E-02));
#160 = CARTESIAN_POINT('',(-1.576245971975,-9.872164623963E-02));
#161 = CARTESIAN_POINT('',(-1.570796326795,-9.874044270298E-02));
#162 = CARTESIAN_POINT('',(-1.565346681615,-9.872164623963E-02));
#163 = CARTESIAN_POINT('',(-1.559897117358,-9.866525517489E-02));
#164 = CARTESIAN_POINT('',(-1.554447714939,-9.857126448426E-02));
#165 = CARTESIAN_POINT('',(-1.54899855526,-9.843966579247E-02));
#166 = CARTESIAN_POINT('',(-1.543549719201,-9.827044737104E-02));
#167 = CARTESIAN_POINT('',(-1.538101287612,-9.806359413783E-02));
#168 = CARTESIAN_POINT('',(-1.532653341308,-9.781908764548E-02));
#169 = CARTESIAN_POINT('',(-1.527205961062,-9.753690610808E-02));
#170 = CARTESIAN_POINT('',(-1.521759227592,-9.721702428132E-02));
#171 = CARTESIAN_POINT('',(-1.516313221568,-9.685941388599E-02));
#172 = CARTESIAN_POINT('',(-1.512683089569,-9.659583262881E-02));
#173 = CARTESIAN_POINT('',(-1.510868171674,-9.645774315259E-02));
#174 = ( GEOMETRIC_REPRESENTATION_CONTEXT(2) 
PARAMETRIC_REPRESENTATION_CONTEXT() REPRESENTATION_CONTEXT('2D SPACE',''
  ) );
#175 = ORIENTED_EDGE('',*,*,#176,.T.);
#176 = EDGE_CURVE('',#120,#177,#179,.T.);
#177 = VERTEX_POINT('',#178);
#178 = CARTESIAN_POINT('',(12.5,0.75,-5.053542256847));
#179 = SURFACE_CURVE('',#180,(#184,#191),.PCURVE_S1.);
#180 = LINE('',#181,#182);
#181 = CARTESIAN_POINT('',(12.5,0.75,-5.303542256847));
#182 = VECTOR('',#183,1.);
#183 = DIRECTION('',(0.,0.,1.));
#184 = PCURVE('',#130,#185);
#185 = DEFINITIONAL_REPRESENTATION('',(#186),#190);
#186 = LINE('',#187,#188);
#187 = CARTESIAN_POINT('',(0.,0.));
#188 = VECTOR('',#189,1.);
#189 = DIRECTION('',(6.064930551625E-03,0.99998160814));
#190 = ( GEOMETRIC_REPRESENTATION_CONTEXT(2) 
PARAMETRIC_REPRESENTATION_CONTEXT() REPRESENTATION_CONTEXT('2D SPACE',''
  ) );
#191 = PCURVE('',#192,#197);
#192 = PLANE('',#193);
#193 = AXIS2_PLACEMENT_3D('',#194,#195,#196);
#194 = CARTESIAN_POINT('',(14.560608064591,-2.363019989879E-14,
    -5.509934993883));
#195 = DIRECTION('',(0.342020143326,0.939692620786,0.));
#196 = DIRECTION('',(-0.935466752537,0.340482053069,9.473081038347E-02)
  );
#197 = DEFINITIONAL_REPRESENTATION('',(#198),#202);
#198 = LINE('',#199,#200);
#199 = CARTESIAN_POINT('',(2.202543625473,-2.266196767714E-03));
#200 = VECTOR('',#201,1.);
#201 = DIRECTION('',(9.473081038347E-02,0.99550292494));
#202 = ( GEOMETRIC_REPRESENTATION_CONTEXT(2) 
PARAMETRIC_REPRESENTATION_CONTEXT() REPRESENTATION_CONTEXT('2D SPACE',''
  ) );
#203 = ORIENTED_EDGE('',*,*,#204,.T.);
#204 = EDGE_CURVE('',#177,#205,#207,.T.);
#205 = VERTEX_POINT('',#206);
#206 = CARTESIAN_POINT('',(12.5,-0.75,-5.053542256847));
#207 = SURFACE_CURVE('',#208,(#212,#219),.PCURVE_S1.);
#208 = ( BOUNDED_CURVE() B_SPLINE_CURVE(2,(#209,#210,#211),
.UNSPECIFIED.,.F.,.F.) B_SPLINE_CURVE_WITH_KNOTS((3,3),(0.824704865068,
0.992344854765),.PIECEWISE_BEZIER_KNOTS.) CURVE() 
GEOMETRIC_REPRESENTATION_ITEM() RATIONAL_B_SPLINE_CURVE((1.116995607095,
1.119004392905,1.116995607095)) REPRESENTATION_ITEM('') );
#209 = CARTESIAN_POINT('',(12.5,0.75,-5.053542256847));
#210 = CARTESIAN_POINT('',(12.5,-2.567390744446E-14,-5.048993475273));
#211 = CARTESIAN_POINT('',(12.5,-0.75,-5.053542256847));
#212 = PCURVE('',#130,#213);
#213 = DEFINITIONAL_REPRESENTATION('',(#214),#218);
#214 = ( BOUNDED_CURVE() B_SPLINE_CURVE(2,(#215,#216,#217),
.UNSPECIFIED.,.F.,.F.) B_SPLINE_CURVE_WITH_KNOTS((3,3),(0.824704865068,
0.992344854765),.PIECEWISE_BEZIER_KNOTS.) CURVE() 
GEOMETRIC_REPRESENTATION_ITEM() RATIONAL_B_SPLINE_CURVE((1.116995607095,
1.119004392905,1.116995607095)) REPRESENTATION_ITEM('') );
#215 = CARTESIAN_POINT('',(1.516232637906E-03,0.249995402035));
#216 = CARTESIAN_POINT('',(0.751530026787,0.249995402035));
#217 = CARTESIAN_POINT('',(1.501488644847,0.240898006207));
#218 = ( GEOMETRIC_REPRESENTATION_CONTEXT(2) 
PARAMETRIC_REPRESENTATION_CONTEXT() REPRESENTATION_CONTEXT('2D SPACE',''
  ) );
#219 = PCURVE('',#220,#225);
#220 = CONICAL_SURFACE('',#221,13.475,1.469874542128);
#221 = AXIS2_PLACEMENT_3D('',#222,#223,#224);
#222 = CARTESIAN_POINT('',(0.,0.,-5.15));
#223 = DIRECTION('',(0.,0.,-1.));
#224 = DIRECTION('',(0.,-1.,0.));
#225 = DEFINITIONAL_REPRESENTATION('',(#226),#252);
#226 = B_SPLINE_CURVE_WITH_KNOTS('',3,(#227,#228,#229,#230,#231,#232,
    #233,#234,#235,#236,#237,#238,#239,#240,#241,#242,#243,#244,#245,
    #246,#247,#248,#249,#250,#251),.UNSPECIFIED.,.F.,.F.,(4,1,1,1,1,1,1,
    1,1,1,1,1,1,1,1,1,1,1,1,1,1,1,4),(0.824704865068,0.8323248646,
    0.839944864131,0.847564863663,0.855184863195,0.862804862726,
    0.870424862258,0.87804486179,0.885664861322,0.893284860853,
    0.900904860385,0.908524859917,0.916144859448,0.92376485898,
    0.931384858512,0.939004858043,0.946624857575,0.954244857107,
    0.961864856638,0.96948485617,0.977104855702,0.984724855233,
    0.992344854765),.QUASI_UNIFORM_KNOTS.);
#227 = CARTESIAN_POINT('',(4.652460825263,-9.645774315259E-02));
#228 = CARTESIAN_POINT('',(4.654275743158,-9.659583262881E-02));
#229 = CARTESIAN_POINT('',(4.657905875158,-9.685941388599E-02));
#230 = CARTESIAN_POINT('',(4.663351881182,-9.721702428132E-02));
#231 = CARTESIAN_POINT('',(4.668798614651,-9.753690610808E-02));
#232 = CARTESIAN_POINT('',(4.674245994898,-9.781908764548E-02));
#233 = CARTESIAN_POINT('',(4.679693941202,-9.806359413783E-02));
#234 = CARTESIAN_POINT('',(4.685142372791,-9.827044737104E-02));
#235 = CARTESIAN_POINT('',(4.69059120885,-9.843966579247E-02));
#236 = CARTESIAN_POINT('',(4.696040368529,-9.857126448426E-02));
#237 = CARTESIAN_POINT('',(4.701489770947,-9.866525517489E-02));
#238 = CARTESIAN_POINT('',(4.706939335205,-9.872164623963E-02));
#239 = CARTESIAN_POINT('',(4.712388980385,-9.874044270298E-02));
#240 = CARTESIAN_POINT('',(4.717838625565,-9.872164623963E-02));
#241 = CARTESIAN_POINT('',(4.723288189822,-9.866525517489E-02));
#242 = CARTESIAN_POINT('',(4.728737592241,-9.857126448426E-02));
#243 = CARTESIAN_POINT('',(4.734186751919,-9.843966579247E-02));
#244 = CARTESIAN_POINT('',(4.739635587979,-9.827044737104E-02));
#245 = CARTESIAN_POINT('',(4.745084019567,-9.806359413783E-02));
#246 = CARTESIAN_POINT('',(4.750531965871,-9.781908764548E-02));
#247 = CARTESIAN_POINT('',(4.755979346118,-9.753690610808E-02));
#248 = CARTESIAN_POINT('',(4.761426079588,-9.721702428132E-02));
#249 = CARTESIAN_POINT('',(4.766872085611,-9.685941388599E-02));
#250 = CARTESIAN_POINT('',(4.770502217611,-9.659583262881E-02));
#251 = CARTESIAN_POINT('',(4.772317135506,-9.645774315259E-02));
#252 = ( GEOMETRIC_REPRESENTATION_CONTEXT(2) 
PARAMETRIC_REPRESENTATION_CONTEXT() REPRESENTATION_CONTEXT('2D SPACE',''
  ) );
#253 = ORIENTED_EDGE('',*,*,#254,.F.);
#254 = EDGE_CURVE('',#122,#205,#255,.T.);
#255 = SURFACE_CURVE('',#256,(#260,#267),.PCURVE_S1.);
#256 = LINE('',#257,#258);
#257 = CARTESIAN_POINT('',(12.5,-0.75,-5.303542256847));
#258 = VECTOR('',#259,1.);
#259 = DIRECTION('',(0.,0.,1.));
#260 = PCURVE('',#130,#261);
#261 = DEFINITIONAL_REPRESENTATION('',(#262),#266);
#262 = LINE('',#263,#264);
#263 = CARTESIAN_POINT('',(1.499972412209,-9.097395827438E-03));
#264 = VECTOR('',#265,1.);
#265 = DIRECTION('',(6.064930551625E-03,0.99998160814));
#266 = ( GEOMETRIC_REPRESENTATION_CONTEXT(2) 
PARAMETRIC_REPRESENTATION_CONTEXT() REPRESENTATION_CONTEXT('2D SPACE',''
  ) );
#267 = PCURVE('',#268,#273);
#268 = PLANE('',#269);
#269 = AXIS2_PLACEMENT_3D('',#270,#271,#272);
#270 = CARTESIAN_POINT('',(12.5,-0.75,-5.303542256847));
#271 = DIRECTION('',(0.342020143326,-0.939692620786,0.));
#272 = DIRECTION('',(0.935662545892,0.340553316022,-9.251507532337E-02)
  );
#273 = DEFINITIONAL_REPRESENTATION('',(#274),#278);
#274 = LINE('',#275,#276);
#275 = CARTESIAN_POINT('',(0.,0.));
#276 = VECTOR('',#277,1.);
#277 = DIRECTION('',(-9.251507532337E-02,0.995711283876));
#278 = ( GEOMETRIC_REPRESENTATION_CONTEXT(2) 
PARAMETRIC_REPRESENTATION_CONTEXT() REPRESENTATION_CONTEXT('2D SPACE',''
  ) );
#279 = ADVANCED_FACE('',(#280),#192,.F.);
#280 = FACE_BOUND('',#281,.T.);
#281 = EDGE_LOOP('',(#282,#327,#350,#393));
#282 = ORIENTED_EDGE('',*,*,#283,.F.);
#283 = EDGE_CURVE('',#284,#120,#286,.T.);
#284 = VERTEX_POINT('',#285);
#285 = CARTESIAN_POINT('',(14.560608064591,-2.363019989879E-14,
    -5.509934993883));
#286 = SURFACE_CURVE('',#287,(#291,#298),.PCURVE_S1.);
#287 = ( BOUNDED_CURVE() B_SPLINE_CURVE(2,(#288,#289,#290),
.UNSPECIFIED.,.F.,.F.) B_SPLINE_CURVE_WITH_KNOTS((3,3),(0.,
0.211295698783),.PIECEWISE_BEZIER_KNOTS.) CURVE() 
GEOMETRIC_REPRESENTATION_ITEM() RATIONAL_B_SPLINE_CURVE((1.,
1.005200285456,1.003803496693)) REPRESENTATION_ITEM('') );
#288 = CARTESIAN_POINT('',(14.560608064591,-2.279368639638E-14,
    -5.509934993883));
#289 = CARTESIAN_POINT('',(13.452768863672,0.403220493488,
    -5.397748745688));
#290 = CARTESIAN_POINT('',(12.5,0.75,-5.303542256847));
#291 = PCURVE('',#192,#292);
#292 = DEFINITIONAL_REPRESENTATION('',(#293),#297);
#293 = ( BOUNDED_CURVE() B_SPLINE_CURVE(2,(#294,#295,#296),
.UNSPECIFIED.,.F.,.F.) B_SPLINE_CURVE_WITH_KNOTS((3,3),(0.,
0.211295698783),.PIECEWISE_BEZIER_KNOTS.) CURVE() 
GEOMETRIC_REPRESENTATION_ITEM() RATIONAL_B_SPLINE_CURVE((1.,
1.005200285456,1.003803496693)) REPRESENTATION_ITEM('') );
#294 = CARTESIAN_POINT('',(0.,0.));
#295 = CARTESIAN_POINT('',(1.184263575285,2.22044604925E-14));
#296 = CARTESIAN_POINT('',(2.202543625473,-2.266196767714E-03));
#297 = ( GEOMETRIC_REPRESENTATION_CONTEXT(2) 
PARAMETRIC_REPRESENTATION_CONTEXT() REPRESENTATION_CONTEXT('2D SPACE',''
  ) );
#298 = PCURVE('',#142,#299);
#299 = DEFINITIONAL_REPRESENTATION('',(#300),#326);
#300 = B_SPLINE_CURVE_WITH_KNOTS('',3,(#301,#302,#303,#304,#305,#306,
    #307,#308,#309,#310,#311,#312,#313,#314,#315,#316,#317,#318,#319,
    #320,#321,#322,#323,#324,#325),.UNSPECIFIED.,.F.,.F.,(4,1,1,1,1,1,1,
    1,1,1,1,1,1,1,1,1,1,1,1,1,1,1,4),(0.,9.604349944661E-03,
    1.920869988932E-02,2.881304983398E-02,3.841739977864E-02,
    4.80217497233E-02,5.762609966796E-02,6.723044961263E-02,
    7.683479955729E-02,8.643914950195E-02,9.604349944661E-02,
    0.105647849391,0.115252199336,0.124856549281,0.134460899225,
    0.14406524917,0.153669599115,0.163273949059,0.172878299004,
    0.182482648949,0.192086998893,0.201691348838,0.211295698783),
  .QUASI_UNIFORM_KNOTS.);
#301 = CARTESIAN_POINT('',(-1.570796326795,0.109934993883));
#302 = CARTESIAN_POINT('',(-1.571639859304,0.106517733089));
#303 = CARTESIAN_POINT('',(-1.573332389854,9.971172903065E-02));
#304 = CARTESIAN_POINT('',(-1.575887736393,8.958734061282E-02));
#305 = CARTESIAN_POINT('',(-1.578459787065,7.954662894639E-02));
#306 = CARTESIAN_POINT('',(-1.581048697746,6.958867410485E-02));
#307 = CARTESIAN_POINT('',(-1.58365462596,5.971256956281E-02));
#308 = CARTESIAN_POINT('',(-1.586277731125,4.991742387981E-02));
#309 = CARTESIAN_POINT('',(-1.588918174519,4.020235990761E-02));
#310 = CARTESIAN_POINT('',(-1.591576119318,3.056651466918E-02));
#311 = CARTESIAN_POINT('',(-1.594251730623,2.100903906572E-02));
#312 = CARTESIAN_POINT('',(-1.596945175484,1.152909763748E-02));
#313 = CARTESIAN_POINT('',(-1.599656622924,2.125868317751E-03));
#314 = CARTESIAN_POINT('',(-1.602386243972,-7.201457803908E-03));
#315 = CARTESIAN_POINT('',(-1.605134211683,-1.645367671379E-02));
#316 = CARTESIAN_POINT('',(-1.607900701172,-2.563157170026E-02));
#317 = CARTESIAN_POINT('',(-1.610685889637,-3.473591357521E-02));
#318 = CARTESIAN_POINT('',(-1.61348995639,-4.376746088802E-02));
#319 = CARTESIAN_POINT('',(-1.616313082885,-5.272696014327E-02));
#320 = CARTESIAN_POINT('',(-1.619155452751,-6.161514597981E-02));
#321 = CARTESIAN_POINT('',(-1.622017251802,-7.0432741471E-02));
#322 = CARTESIAN_POINT('',(-1.624898668143,-7.918045794966E-02));
#323 = CARTESIAN_POINT('',(-1.627799891911,-8.785899658448E-02));
#324 = CARTESIAN_POINT('',(-1.629747374902,-9.359902779339E-02));
#325 = CARTESIAN_POINT('',(-1.630724481916,-9.645774315259E-02));
#326 = ( GEOMETRIC_REPRESENTATION_CONTEXT(2) 
PARAMETRIC_REPRESENTATION_CONTEXT() REPRESENTATION_CONTEXT('2D SPACE',''
  ) );
#327 = ORIENTED_EDGE('',*,*,#328,.T.);
#328 = EDGE_CURVE('',#284,#329,#331,.T.);
#329 = VERTEX_POINT('',#330);
#330 = CARTESIAN_POINT('',(14.560608064591,-2.359223927328E-14,
    -5.259934993883));
#331 = SURFACE_CURVE('',#332,(#336,#343),.PCURVE_S1.);
#332 = LINE('',#333,#334);
#333 = CARTESIAN_POINT('',(14.560608064591,-2.363019989879E-14,
    -5.509934993883));
#334 = VECTOR('',#335,1.);
#335 = DIRECTION('',(0.,0.,1.));
#336 = PCURVE('',#192,#337);
#337 = DEFINITIONAL_REPRESENTATION('',(#338),#342);
#338 = LINE('',#339,#340);
#339 = CARTESIAN_POINT('',(0.,0.));
#340 = VECTOR('',#341,1.);
#341 = DIRECTION('',(9.473081038347E-02,0.99550292494));
#342 = ( GEOMETRIC_REPRESENTATION_CONTEXT(2) 
PARAMETRIC_REPRESENTATION_CONTEXT() REPRESENTATION_CONTEXT('2D SPACE',''
  ) );
#343 = PCURVE('',#268,#344);
#344 = DEFINITIONAL_REPRESENTATION('',(#345),#349);
#345 = LINE('',#346,#347);
#346 = CARTESIAN_POINT('',(2.202543214429,-2.635588942096E-03));
#347 = VECTOR('',#348,1.);
#348 = DIRECTION('',(-9.251507532337E-02,0.995711283876));
#349 = ( GEOMETRIC_REPRESENTATION_CONTEXT(2) 
PARAMETRIC_REPRESENTATION_CONTEXT() REPRESENTATION_CONTEXT('2D SPACE',''
  ) );
#350 = ORIENTED_EDGE('',*,*,#351,.T.);
#351 = EDGE_CURVE('',#329,#177,#352,.T.);
#352 = SURFACE_CURVE('',#353,(#357,#364),.PCURVE_S1.);
#353 = ( BOUNDED_CURVE() B_SPLINE_CURVE(2,(#354,#355,#356),
.UNSPECIFIED.,.F.,.F.) B_SPLINE_CURVE_WITH_KNOTS((3,3),(
8.418684372745E-02,0.302322496655),.PIECEWISE_BEZIER_KNOTS.) CURVE() 
GEOMETRIC_REPRESENTATION_ITEM() RATIONAL_B_SPLINE_CURVE((1.004024006776,
1.007960138666,1.00527785509)) REPRESENTATION_ITEM('') );
#354 = CARTESIAN_POINT('',(14.560608064591,-2.363019989879E-14,
    -5.259934993883));
#355 = CARTESIAN_POINT('',(13.452768863665,0.40322049349,-5.147748745688
    ));
#356 = CARTESIAN_POINT('',(12.5,0.75,-5.053542256847));
#357 = PCURVE('',#192,#358);
#358 = DEFINITIONAL_REPRESENTATION('',(#359),#363);
#359 = ( BOUNDED_CURVE() B_SPLINE_CURVE(2,(#360,#361,#362),
.UNSPECIFIED.,.F.,.F.) B_SPLINE_CURVE_WITH_KNOTS((3,3),(
8.418684372745E-02,0.302322496655),.PIECEWISE_BEZIER_KNOTS.) CURVE() 
GEOMETRIC_REPRESENTATION_ITEM() RATIONAL_B_SPLINE_CURVE((1.004024006776,
1.007960138666,1.00527785509)) REPRESENTATION_ITEM('') );
#360 = CARTESIAN_POINT('',(2.368270259587E-02,0.248875731235));
#361 = CARTESIAN_POINT('',(1.207946277887,0.248875731235));
#362 = CARTESIAN_POINT('',(2.226226328069,0.246609534467));
#363 = ( GEOMETRIC_REPRESENTATION_CONTEXT(2) 
PARAMETRIC_REPRESENTATION_CONTEXT() REPRESENTATION_CONTEXT('2D SPACE',''
  ) );
#364 = PCURVE('',#220,#365);
#365 = DEFINITIONAL_REPRESENTATION('',(#366),#392);
#366 = B_SPLINE_CURVE_WITH_KNOTS('',3,(#367,#368,#369,#370,#371,#372,
    #373,#374,#375,#376,#377,#378,#379,#380,#381,#382,#383,#384,#385,
    #386,#387,#388,#389,#390,#391),.UNSPECIFIED.,.F.,.F.,(4,1,1,1,1,1,1,
    1,1,1,1,1,1,1,1,1,1,1,1,1,1,1,4),(8.418684372745E-02,
    9.41021006787E-02,0.10401735763,0.113932614581,0.123847871532,
    0.133763128484,0.143678385435,0.153593642386,0.163508899337,
    0.173424156289,0.18333941324,0.193254670191,0.203169927142,
    0.213085184094,0.223000441045,0.232915697996,0.242830954947,
    0.252746211899,0.26266146885,0.272576725801,0.282491982752,
    0.292407239704,0.302322496655),.QUASI_UNIFORM_KNOTS.);
#367 = CARTESIAN_POINT('',(4.712388980385,0.109934993883));
#368 = CARTESIAN_POINT('',(4.711546521943,0.106522084255));
#369 = CARTESIAN_POINT('',(4.709856055953,9.972431510343E-02));
#370 = CARTESIAN_POINT('',(4.707303550211,8.961090871582E-02));
#371 = CARTESIAN_POINT('',(4.704734079024,7.957984097378E-02));
#372 = CARTESIAN_POINT('',(4.7021474811,6.963022321356E-02));
#373 = CARTESIAN_POINT('',(4.699543593412,5.976117956612E-02));
#374 = CARTESIAN_POINT('',(4.696922250926,4.997184856885E-02));
#375 = CARTESIAN_POINT('',(4.694283286645,4.026138241428E-02));
#376 = CARTESIAN_POINT('',(4.691626531558,3.062894683966E-02));
#377 = CARTESIAN_POINT('',(4.688951814623,2.107372085209E-02));
#378 = CARTESIAN_POINT('',(4.68625896273,1.159489650501E-02));
#379 = CARTESIAN_POINT('',(4.683547800681,2.191678667876E-03));
#380 = CARTESIAN_POINT('',(4.680818151153,-7.136715195438E-03));
#381 = CARTESIAN_POINT('',(4.678069834674,-1.639105524393E-02));
#382 = CARTESIAN_POINT('',(4.67530266959,-2.557209947123E-02));
#383 = CARTESIAN_POINT('',(4.672516472036,-3.468059391311E-02));
#384 = CARTESIAN_POINT('',(4.669711055904,-4.371727284765E-02));
#385 = CARTESIAN_POINT('',(4.666886232813,-5.268285899947E-02));
#386 = CARTESIAN_POINT('',(4.664041812073,-6.157806370677E-02));
#387 = CARTESIAN_POINT('',(4.661177600673,-7.040358720504E-02));
#388 = CARTESIAN_POINT('',(4.658293403164,-7.916011845394E-02));
#389 = CARTESIAN_POINT('',(4.655389021942,-8.784833664833E-02));
#390 = CARTESIAN_POINT('',(4.653439178009,-9.359538316499E-02));
#391 = CARTESIAN_POINT('',(4.652460825263,-9.645774315259E-02));
#392 = ( GEOMETRIC_REPRESENTATION_CONTEXT(2) 
PARAMETRIC_REPRESENTATION_CONTEXT() REPRESENTATION_CONTEXT('2D SPACE',''
  ) );
#393 = ORIENTED_EDGE('',*,*,#176,.F.);
#394 = ADVANCED_FACE('',(#395),#268,.F.);
#395 = FACE_BOUND('',#396,.T.);
#396 = EDGE_LOOP('',(#397,#440,#441,#484));
#397 = ORIENTED_EDGE('',*,*,#398,.F.);
#398 = EDGE_CURVE('',#122,#284,#399,.T.);
#399 = SURFACE_CURVE('',#400,(#404,#411),.PCURVE_S1.);
#400 = ( BOUNDED_CURVE() B_SPLINE_CURVE(2,(#401,#402,#403),
.UNSPECIFIED.,.F.,.F.) B_SPLINE_CURVE_WITH_KNOTS((3,3),(0.121821047459,
0.333116746241),.PIECEWISE_BEZIER_KNOTS.) CURVE() 
GEOMETRIC_REPRESENTATION_ITEM() RATIONAL_B_SPLINE_CURVE((1.003803496694,
1.005200285457,1.)) REPRESENTATION_ITEM('') );
#401 = CARTESIAN_POINT('',(12.5,-0.75,-5.303542256847));
#402 = CARTESIAN_POINT('',(13.452768863668,-0.403220493489,
    -5.397748745688));
#403 = CARTESIAN_POINT('',(14.560608064591,-2.279368639638E-14,
    -5.509934993883));
#404 = PCURVE('',#268,#405);
#405 = DEFINITIONAL_REPRESENTATION('',(#406),#410);
#406 = ( BOUNDED_CURVE() B_SPLINE_CURVE(2,(#407,#408,#409),
.UNSPECIFIED.,.F.,.F.) B_SPLINE_CURVE_WITH_KNOTS((3,3),(0.121821047459,
0.333116746241),.PIECEWISE_BEZIER_KNOTS.) CURVE() 
GEOMETRIC_REPRESENTATION_ITEM() RATIONAL_B_SPLINE_CURVE((1.003803496694,
1.005200285457,1.)) REPRESENTATION_ITEM('') );
#407 = CARTESIAN_POINT('',(0.,0.));
#408 = CARTESIAN_POINT('',(1.018282571908,3.552713678801E-15));
#409 = CARTESIAN_POINT('',(2.202543214429,-2.635588942097E-03));
#410 = ( GEOMETRIC_REPRESENTATION_CONTEXT(2) 
PARAMETRIC_REPRESENTATION_CONTEXT() REPRESENTATION_CONTEXT('2D SPACE',''
  ) );
#411 = PCURVE('',#142,#412);
#412 = DEFINITIONAL_REPRESENTATION('',(#413),#439);
#413 = B_SPLINE_CURVE_WITH_KNOTS('',3,(#414,#415,#416,#417,#418,#419,
    #420,#421,#422,#423,#424,#425,#426,#427,#428,#429,#430,#431,#432,
    #433,#434,#435,#436,#437,#438),.UNSPECIFIED.,.F.,.F.,(4,1,1,1,1,1,1,
    1,1,1,1,1,1,1,1,1,1,1,1,1,1,1,4),(0.121821047459,0.131425397404,
    0.141029747348,0.150634097293,0.160238447238,0.169842797182,
    0.179447147127,0.189051497072,0.198655847016,0.208260196961,
    0.217864546906,0.22746889685,0.237073246795,0.246677596739,
    0.256281946684,0.265886296629,0.275490646573,0.285094996518,
    0.294699346463,0.304303696407,0.313908046352,0.323512396297,
    0.333116746241),.QUASI_UNIFORM_KNOTS.);
#414 = CARTESIAN_POINT('',(-1.510868171674,-9.645774315259E-02));
#415 = CARTESIAN_POINT('',(-1.511845278688,-9.35990277934E-02));
#416 = CARTESIAN_POINT('',(-1.513792761679,-8.78589965845E-02));
#417 = CARTESIAN_POINT('',(-1.516693985447,-7.918045794971E-02));
#418 = CARTESIAN_POINT('',(-1.519575401788,-7.043274147108E-02));
#419 = CARTESIAN_POINT('',(-1.522437200839,-6.161514597991E-02));
#420 = CARTESIAN_POINT('',(-1.525279570705,-5.272696014339E-02));
#421 = CARTESIAN_POINT('',(-1.5281026972,-4.376746088816E-02));
#422 = CARTESIAN_POINT('',(-1.530906763953,-3.473591357536E-02));
#423 = CARTESIAN_POINT('',(-1.533691952418,-2.563157170042E-02));
#424 = CARTESIAN_POINT('',(-1.536458441907,-1.645367671397E-02));
#425 = CARTESIAN_POINT('',(-1.539206409618,-7.201457804086E-03));
#426 = CARTESIAN_POINT('',(-1.541936030666,2.125868317568E-03));
#427 = CARTESIAN_POINT('',(-1.544647478106,1.152909763729E-02));
#428 = CARTESIAN_POINT('',(-1.547340922967,2.100903906554E-02));
#429 = CARTESIAN_POINT('',(-1.550016534272,3.0566514669E-02));
#430 = CARTESIAN_POINT('',(-1.552674479071,4.020235990744E-02));
#431 = CARTESIAN_POINT('',(-1.555314922464,4.991742387965E-02));
#432 = CARTESIAN_POINT('',(-1.55793802763,5.971256956266E-02));
#433 = CARTESIAN_POINT('',(-1.560543955844,6.958867410473E-02));
#434 = CARTESIAN_POINT('',(-1.563132866525,7.954662894629E-02));
#435 = CARTESIAN_POINT('',(-1.565704917196,8.958734061275E-02));
#436 = CARTESIAN_POINT('',(-1.568260263736,9.971172903061E-02));
#437 = CARTESIAN_POINT('',(-1.569952794286,0.106517733089));
#438 = CARTESIAN_POINT('',(-1.570796326795,0.109934993883));
#439 = ( GEOMETRIC_REPRESENTATION_CONTEXT(2) 
PARAMETRIC_REPRESENTATION_CONTEXT() REPRESENTATION_CONTEXT('2D SPACE',''
  ) );
#440 = ORIENTED_EDGE('',*,*,#254,.T.);
#441 = ORIENTED_EDGE('',*,*,#442,.T.);
#442 = EDGE_CURVE('',#205,#329,#443,.T.);
#443 = SURFACE_CURVE('',#444,(#448,#455),.PCURVE_S1.);
#444 = ( BOUNDED_CURVE() B_SPLINE_CURVE(2,(#445,#446,#447),
.UNSPECIFIED.,.F.,.F.) B_SPLINE_CURVE_WITH_KNOTS((3,3),(0.125512297233,
0.343647950161),.PIECEWISE_BEZIER_KNOTS.) CURVE() 
GEOMETRIC_REPRESENTATION_ITEM() RATIONAL_B_SPLINE_CURVE((1.005277855089,
1.007960138665,1.004024006775)) REPRESENTATION_ITEM('') );
#445 = CARTESIAN_POINT('',(12.5,-0.75,-5.053542256847));
#446 = CARTESIAN_POINT('',(13.452768863673,-0.403220493488,
    -5.147748745688));
#447 = CARTESIAN_POINT('',(14.560608064591,-2.363019989879E-14,
    -5.259934993883));
#448 = PCURVE('',#268,#449);
#449 = DEFINITIONAL_REPRESENTATION('',(#450),#454);
#450 = ( BOUNDED_CURVE() B_SPLINE_CURVE(2,(#451,#452,#453),
.UNSPECIFIED.,.F.,.F.) B_SPLINE_CURVE_WITH_KNOTS((3,3),(0.125512297233,
0.343647950161),.PIECEWISE_BEZIER_KNOTS.) CURVE() 
GEOMETRIC_REPRESENTATION_ITEM() RATIONAL_B_SPLINE_CURVE((1.005277855089,
1.007960138665,1.004024006775)) REPRESENTATION_ITEM('') );
#451 = CARTESIAN_POINT('',(-2.312876883084E-02,0.248927820969));
#452 = CARTESIAN_POINT('',(0.995153803082,0.248927820969));
#453 = CARTESIAN_POINT('',(2.179414445599,0.246292232027));
#454 = ( GEOMETRIC_REPRESENTATION_CONTEXT(2) 
PARAMETRIC_REPRESENTATION_CONTEXT() REPRESENTATION_CONTEXT('2D SPACE',''
  ) );
#455 = PCURVE('',#220,#456);
#456 = DEFINITIONAL_REPRESENTATION('',(#457),#483);
#457 = B_SPLINE_CURVE_WITH_KNOTS('',3,(#458,#459,#460,#461,#462,#463,
    #464,#465,#466,#467,#468,#469,#470,#471,#472,#473,#474,#475,#476,
    #477,#478,#479,#480,#481,#482),.UNSPECIFIED.,.F.,.F.,(4,1,1,1,1,1,1,
    1,1,1,1,1,1,1,1,1,1,1,1,1,1,1,4),(0.125512297233,0.135427554184,
    0.145342811136,0.155258068087,0.165173325038,0.175088581989,
    0.185003838941,0.194919095892,0.204834352843,0.214749609794,
    0.224664866746,0.234580123697,0.244495380648,0.254410637599,
    0.264325894551,0.274241151502,0.284156408453,0.294071665404,
    0.303986922356,0.313902179307,0.323817436258,0.333732693209,
    0.343647950161),.QUASI_UNIFORM_KNOTS.);
#458 = CARTESIAN_POINT('',(4.772317135506,-9.645774315259E-02));
#459 = CARTESIAN_POINT('',(4.77133878276,-9.359538316497E-02));
#460 = CARTESIAN_POINT('',(4.769388938828,-8.784833664827E-02));
#461 = CARTESIAN_POINT('',(4.766484557605,-7.916011845382E-02));
#462 = CARTESIAN_POINT('',(4.763600360097,-7.040358720488E-02));
#463 = CARTESIAN_POINT('',(4.760736148696,-6.157806370656E-02));
#464 = CARTESIAN_POINT('',(4.757891727956,-5.268285899922E-02));
#465 = CARTESIAN_POINT('',(4.755066904865,-4.371727284736E-02));
#466 = CARTESIAN_POINT('',(4.752261488733,-3.468059391279E-02));
#467 = CARTESIAN_POINT('',(4.749475291179,-2.557209947089E-02));
#468 = CARTESIAN_POINT('',(4.746708126096,-1.639105524357E-02));
#469 = CARTESIAN_POINT('',(4.743959809616,-7.136715195069E-03));
#470 = CARTESIAN_POINT('',(4.741230160088,2.191678668252E-03));
#471 = CARTESIAN_POINT('',(4.738518998039,1.159489650539E-02));
#472 = CARTESIAN_POINT('',(4.735826146147,2.107372085246E-02));
#473 = CARTESIAN_POINT('',(4.733151429211,3.062894684001E-02));
#474 = CARTESIAN_POINT('',(4.730494674124,4.026138241462E-02));
#475 = CARTESIAN_POINT('',(4.727855709843,4.997184856916E-02));
#476 = CARTESIAN_POINT('',(4.725234367357,5.97611795664E-02));
#477 = CARTESIAN_POINT('',(4.722630479669,6.96302232138E-02));
#478 = CARTESIAN_POINT('',(4.720043881745,7.957984097397E-02));
#479 = CARTESIAN_POINT('',(4.717474410558,8.961090871595E-02));
#480 = CARTESIAN_POINT('',(4.714921904816,9.97243151035E-02));
#481 = CARTESIAN_POINT('',(4.713231438826,0.106522084255));
#482 = CARTESIAN_POINT('',(4.712388980385,0.109934993883));
#483 = ( GEOMETRIC_REPRESENTATION_CONTEXT(2) 
PARAMETRIC_REPRESENTATION_CONTEXT() REPRESENTATION_CONTEXT('2D SPACE',''
  ) );
#484 = ORIENTED_EDGE('',*,*,#328,.F.);
#485 = ADVANCED_FACE('',(#486),#220,.F.);
#486 = FACE_BOUND('',#487,.F.);
#487 = EDGE_LOOP('',(#488,#489,#490));
#488 = ORIENTED_EDGE('',*,*,#351,.T.);
#489 = ORIENTED_EDGE('',*,*,#204,.T.);
#490 = ORIENTED_EDGE('',*,*,#442,.T.);
#491 = ADVANCED_FACE('',(#492),#506,.F.);
#492 = FACE_BOUND('',#493,.T.);
#493 = EDGE_LOOP('',(#494,#546,#574,#624));
#494 = ORIENTED_EDGE('',*,*,#495,.F.);
#495 = EDGE_CURVE('',#496,#498,#500,.T.);
#496 = VERTEX_POINT('',#497);
#497 = CARTESIAN_POINT('',(0.75,-12.5,-5.303542256847));
#498 = VERTEX_POINT('',#499);
#499 = CARTESIAN_POINT('',(-0.75,-12.5,-5.303542256847));
#500 = SURFACE_CURVE('',#501,(#505,#517),.PCURVE_S1.);
#501 = ( BOUNDED_CURVE() B_SPLINE_CURVE(2,(#502,#503,#504),
.UNSPECIFIED.,.F.,.F.) B_SPLINE_CURVE_WITH_KNOTS((3,3),(0.,
0.150000690952),.PIECEWISE_BEZIER_KNOTS.) CURVE() 
GEOMETRIC_REPRESENTATION_ITEM() RATIONAL_B_SPLINE_CURVE((1.,
1.001798382909,1.)) REPRESENTATION_ITEM('') );
#502 = CARTESIAN_POINT('',(0.75,-12.5,-5.303542256847));
#503 = CARTESIAN_POINT('',(-8.187894806611E-15,-12.5,-5.298993475273));
#504 = CARTESIAN_POINT('',(-0.75,-12.5,-5.303542256847));
#505 = PCURVE('',#506,#511);
#506 = PLANE('',#507);
#507 = AXIS2_PLACEMENT_3D('',#508,#509,#510);
#508 = CARTESIAN_POINT('',(0.75,-12.5,-5.303542256847));
#509 = DIRECTION('',(6.618326582612E-16,1.,0.));
#510 = DIRECTION('',(-0.99998160814,6.618204859273E-16,
    6.064930551625E-03));
#511 = DEFINITIONAL_REPRESENTATION('',(#512),#516);
#512 = ( BOUNDED_CURVE() B_SPLINE_CURVE(2,(#513,#514,#515),
.UNSPECIFIED.,.F.,.F.) B_SPLINE_CURVE_WITH_KNOTS((3,3),(0.,
0.150000690952),.PIECEWISE_BEZIER_KNOTS.) CURVE() 
GEOMETRIC_REPRESENTATION_ITEM() RATIONAL_B_SPLINE_CURVE((1.,
1.001798382909,1.)) REPRESENTATION_ITEM('') );
#513 = CARTESIAN_POINT('',(2.997602166488E-14,-8.881784197001E-16));
#514 = CARTESIAN_POINT('',(0.750013794149,-4.440892098501E-15));
#515 = CARTESIAN_POINT('',(1.499972412209,-9.097395827437E-03));
#516 = ( GEOMETRIC_REPRESENTATION_CONTEXT(2) 
PARAMETRIC_REPRESENTATION_CONTEXT() REPRESENTATION_CONTEXT('2D SPACE',''
  ) );
#517 = PCURVE('',#142,#518);
#518 = DEFINITIONAL_REPRESENTATION('',(#519),#545);
#519 = B_SPLINE_CURVE_WITH_KNOTS('',3,(#520,#521,#522,#523,#524,#525,
    #526,#527,#528,#529,#530,#531,#532,#533,#534,#535,#536,#537,#538,
    #539,#540,#541,#542,#543,#544),.UNSPECIFIED.,.F.,.F.,(4,1,1,1,1,1,1,
    1,1,1,1,1,1,1,1,1,1,1,1,1,1,1,4),(0.,6.818213225091E-03,
    1.363642645018E-02,2.045463967527E-02,2.727285290036E-02,
    3.409106612546E-02,4.090927935055E-02,4.772749257564E-02,
    5.454570580073E-02,6.136391902582E-02,6.818213225091E-02,
    7.5000345476E-02,8.181855870109E-02,8.863677192618E-02,
    9.545498515128E-02,0.102273198376,0.109091411601,0.115909624827,
    0.122727838052,0.129546051277,0.136364264502,0.143182477727,
    0.150000690952),.QUASI_UNIFORM_KNOTS.);
#520 = CARTESIAN_POINT('',(-5.99281551212E-02,-9.645774315259E-02));
#521 = CARTESIAN_POINT('',(-5.811323722622E-02,-9.659583262881E-02));
#522 = CARTESIAN_POINT('',(-5.448310522669E-02,-9.685941388599E-02));
#523 = CARTESIAN_POINT('',(-4.903709920298E-02,-9.721702428132E-02));
#524 = CARTESIAN_POINT('',(-4.359036573319E-02,-9.753690610808E-02));
#525 = CARTESIAN_POINT('',(-3.814298548655E-02,-9.781908764548E-02));
#526 = CARTESIAN_POINT('',(-3.269503918279E-02,-9.806359413783E-02));
#527 = CARTESIAN_POINT('',(-2.724660759395E-02,-9.827044737104E-02));
#528 = CARTESIAN_POINT('',(-2.179777153473E-02,-9.843966579247E-02));
#529 = CARTESIAN_POINT('',(-1.634861185598E-02,-9.857126448426E-02));
#530 = CARTESIAN_POINT('',(-1.089920943735E-02,-9.866525517489E-02));
#531 = CARTESIAN_POINT('',(-5.449645180129E-03,-9.872164623963E-02));
#532 = CARTESIAN_POINT('',(1.7763568394E-15,-9.874044270298E-02));
#533 = CARTESIAN_POINT('',(5.449645180128E-03,-9.872164623963E-02));
#534 = CARTESIAN_POINT('',(1.089920943735E-02,-9.866525517489E-02));
#535 = CARTESIAN_POINT('',(1.634861185598E-02,-9.857126448426E-02));
#536 = CARTESIAN_POINT('',(2.179777153473E-02,-9.843966579247E-02));
#537 = CARTESIAN_POINT('',(2.724660759395E-02,-9.827044737104E-02));
#538 = CARTESIAN_POINT('',(3.26950391828E-02,-9.806359413783E-02));
#539 = CARTESIAN_POINT('',(3.814298548654E-02,-9.781908764548E-02));
#540 = CARTESIAN_POINT('',(4.359036573319E-02,-9.753690610808E-02));
#541 = CARTESIAN_POINT('',(4.903709920299E-02,-9.721702428132E-02));
#542 = CARTESIAN_POINT('',(5.448310522669E-02,-9.685941388599E-02));
#543 = CARTESIAN_POINT('',(5.811323722622E-02,-9.659583262881E-02));
#544 = CARTESIAN_POINT('',(5.99281551212E-02,-9.645774315259E-02));
#545 = ( GEOMETRIC_REPRESENTATION_CONTEXT(2) 
PARAMETRIC_REPRESENTATION_CONTEXT() REPRESENTATION_CONTEXT('2D SPACE',''
  ) );
#546 = ORIENTED_EDGE('',*,*,#547,.T.);
#547 = EDGE_CURVE('',#496,#548,#550,.T.);
#548 = VERTEX_POINT('',#549);
#549 = CARTESIAN_POINT('',(0.75,-12.5,-5.053542256847));
#550 = SURFACE_CURVE('',#551,(#555,#562),.PCURVE_S1.);
#551 = LINE('',#552,#553);
#552 = CARTESIAN_POINT('',(0.75,-12.5,-5.303542256847));
#553 = VECTOR('',#554,1.);
#554 = DIRECTION('',(0.,0.,1.));
#555 = PCURVE('',#506,#556);
#556 = DEFINITIONAL_REPRESENTATION('',(#557),#561);
#557 = LINE('',#558,#559);
#558 = CARTESIAN_POINT('',(0.,0.));
#559 = VECTOR('',#560,1.);
#560 = DIRECTION('',(6.064930551625E-03,0.99998160814));
#561 = ( GEOMETRIC_REPRESENTATION_CONTEXT(2) 
PARAMETRIC_REPRESENTATION_CONTEXT() REPRESENTATION_CONTEXT('2D SPACE',''
  ) );
#562 = PCURVE('',#563,#568);
#563 = PLANE('',#564);
#564 = AXIS2_PLACEMENT_3D('',#565,#566,#567);
#565 = CARTESIAN_POINT('',(-2.273861979579E-14,-14.56060806459,
    -5.509934993883));
#566 = DIRECTION('',(0.939692620786,-0.342020143326,0.));
#567 = DIRECTION('',(0.340482053069,0.935466752537,9.473081038347E-02));
#568 = DEFINITIONAL_REPRESENTATION('',(#569),#573);
#569 = LINE('',#570,#571);
#570 = CARTESIAN_POINT('',(2.202543625473,-2.266196767716E-03));
#571 = VECTOR('',#572,1.);
#572 = DIRECTION('',(9.473081038347E-02,0.99550292494));
#573 = ( GEOMETRIC_REPRESENTATION_CONTEXT(2) 
PARAMETRIC_REPRESENTATION_CONTEXT() REPRESENTATION_CONTEXT('2D SPACE',''
  ) );
#574 = ORIENTED_EDGE('',*,*,#575,.T.);
#575 = EDGE_CURVE('',#548,#576,#578,.T.);
#576 = VERTEX_POINT('',#577);
#577 = CARTESIAN_POINT('',(-0.75,-12.5,-5.053542256847));
#578 = SURFACE_CURVE('',#579,(#583,#590),.PCURVE_S1.);
#579 = ( BOUNDED_CURVE() B_SPLINE_CURVE(2,(#580,#581,#582),
.UNSPECIFIED.,.F.,.F.) B_SPLINE_CURVE_WITH_KNOTS((3,3),(0.824704865068,
0.992344854765),.PIECEWISE_BEZIER_KNOTS.) CURVE() 
GEOMETRIC_REPRESENTATION_ITEM() RATIONAL_B_SPLINE_CURVE((1.116995607095,
1.119004392905,1.116995607095)) REPRESENTATION_ITEM('') );
#580 = CARTESIAN_POINT('',(0.75,-12.5,-5.053542256847));
#581 = CARTESIAN_POINT('',(-2.595146320061E-14,-12.5,-5.048993475273));
#582 = CARTESIAN_POINT('',(-0.75,-12.5,-5.053542256847));
#583 = PCURVE('',#506,#584);
#584 = DEFINITIONAL_REPRESENTATION('',(#585),#589);
#585 = ( BOUNDED_CURVE() B_SPLINE_CURVE(2,(#586,#587,#588),
.UNSPECIFIED.,.F.,.F.) B_SPLINE_CURVE_WITH_KNOTS((3,3),(0.824704865068,
0.992344854765),.PIECEWISE_BEZIER_KNOTS.) CURVE() 
GEOMETRIC_REPRESENTATION_ITEM() RATIONAL_B_SPLINE_CURVE((1.116995607095,
1.119004392905,1.116995607095)) REPRESENTATION_ITEM('') );
#586 = CARTESIAN_POINT('',(1.516232637906E-03,0.249995402035));
#587 = CARTESIAN_POINT('',(0.751530026787,0.249995402035));
#588 = CARTESIAN_POINT('',(1.501488644847,0.240898006207));
#589 = ( GEOMETRIC_REPRESENTATION_CONTEXT(2) 
PARAMETRIC_REPRESENTATION_CONTEXT() REPRESENTATION_CONTEXT('2D SPACE',''
  ) );
#590 = PCURVE('',#591,#596);
#591 = CONICAL_SURFACE('',#592,13.475,1.469874542128);
#592 = AXIS2_PLACEMENT_3D('',#593,#594,#595);
#593 = CARTESIAN_POINT('',(0.,0.,-5.15));
#594 = DIRECTION('',(0.,0.,-1.));
#595 = DIRECTION('',(0.,-1.,0.));
#596 = DEFINITIONAL_REPRESENTATION('',(#597),#623);
#597 = B_SPLINE_CURVE_WITH_KNOTS('',3,(#598,#599,#600,#601,#602,#603,
    #604,#605,#606,#607,#608,#609,#610,#611,#612,#613,#614,#615,#616,
    #617,#618,#619,#620,#621,#622),.UNSPECIFIED.,.F.,.F.,(4,1,1,1,1,1,1,
    1,1,1,1,1,1,1,1,1,1,1,1,1,1,1,4),(0.824704865068,0.8323248646,
    0.839944864131,0.847564863663,0.855184863195,0.862804862726,
    0.870424862258,0.87804486179,0.885664861322,0.893284860853,
    0.900904860385,0.908524859917,0.916144859448,0.92376485898,
    0.931384858512,0.939004858043,0.946624857575,0.954244857107,
    0.961864856638,0.96948485617,0.977104855702,0.984724855233,
    0.992344854765),.QUASI_UNIFORM_KNOTS.);
#598 = CARTESIAN_POINT('',(-5.992815512121E-02,-9.645774315259E-02));
#599 = CARTESIAN_POINT('',(-5.811323722623E-02,-9.659583262881E-02));
#600 = CARTESIAN_POINT('',(-5.44831052267E-02,-9.685941388599E-02));
#601 = CARTESIAN_POINT('',(-4.903709920298E-02,-9.721702428132E-02));
#602 = CARTESIAN_POINT('',(-4.359036573319E-02,-9.753690610808E-02));
#603 = CARTESIAN_POINT('',(-3.814298548654E-02,-9.781908764548E-02));
#604 = CARTESIAN_POINT('',(-3.269503918279E-02,-9.806359413783E-02));
#605 = CARTESIAN_POINT('',(-2.724660759395E-02,-9.827044737104E-02));
#606 = CARTESIAN_POINT('',(-2.179777153473E-02,-9.843966579247E-02));
#607 = CARTESIAN_POINT('',(-1.634861185597E-02,-9.857126448426E-02));
#608 = CARTESIAN_POINT('',(-1.089920943735E-02,-9.866525517489E-02));
#609 = CARTESIAN_POINT('',(-5.449645180126E-03,-9.872164623963E-02));
#610 = CARTESIAN_POINT('',(1.7763568394E-15,-9.874044270298E-02));
#611 = CARTESIAN_POINT('',(5.449645180129E-03,-9.872164623963E-02));
#612 = CARTESIAN_POINT('',(1.089920943735E-02,-9.866525517489E-02));
#613 = CARTESIAN_POINT('',(1.634861185598E-02,-9.857126448426E-02));
#614 = CARTESIAN_POINT('',(2.179777153473E-02,-9.843966579247E-02));
#615 = CARTESIAN_POINT('',(2.724660759395E-02,-9.827044737104E-02));
#616 = CARTESIAN_POINT('',(3.269503918279E-02,-9.806359413783E-02));
#617 = CARTESIAN_POINT('',(3.814298548655E-02,-9.781908764548E-02));
#618 = CARTESIAN_POINT('',(4.35903657332E-02,-9.753690610808E-02));
#619 = CARTESIAN_POINT('',(4.903709920299E-02,-9.721702428132E-02));
#620 = CARTESIAN_POINT('',(5.44831052267E-02,-9.685941388599E-02));
#621 = CARTESIAN_POINT('',(5.811323722623E-02,-9.659583262881E-02));
#622 = CARTESIAN_POINT('',(5.992815512121E-02,-9.645774315259E-02));
#623 = ( GEOMETRIC_REPRESENTATION_CONTEXT(2) 
PARAMETRIC_REPRESENTATION_CONTEXT() REPRESENTATION_CONTEXT('2D SPACE',''
  ) );
#624 = ORIENTED_EDGE('',*,*,#625,.F.);
#625 = EDGE_CURVE('',#498,#576,#626,.T.);
#626 = SURFACE_CURVE('',#627,(#631,#638),.PCURVE_S1.);
#627 = LINE('',#628,#629);
#628 = CARTESIAN_POINT('',(-0.75,-12.5,-5.303542256847));
#629 = VECTOR('',#630,1.);
#630 = DIRECTION('',(0.,0.,1.));
#631 = PCURVE('',#506,#632);
#632 = DEFINITIONAL_REPRESENTATION('',(#633),#637);
#633 = LINE('',#634,#635);
#634 = CARTESIAN_POINT('',(1.499972412209,-9.097395827438E-03));
#635 = VECTOR('',#636,1.);
#636 = DIRECTION('',(6.064930551625E-03,0.99998160814));
#637 = ( GEOMETRIC_REPRESENTATION_CONTEXT(2) 
PARAMETRIC_REPRESENTATION_CONTEXT() REPRESENTATION_CONTEXT('2D SPACE',''
  ) );
#638 = PCURVE('',#639,#644);
#639 = PLANE('',#640);
#640 = AXIS2_PLACEMENT_3D('',#641,#642,#643);
#641 = CARTESIAN_POINT('',(-0.75,-12.5,-5.303542256847));
#642 = DIRECTION('',(-0.939692620786,-0.342020143326,0.));
#643 = DIRECTION('',(0.340553316022,-0.935662545892,-9.251507532337E-02)
  );
#644 = DEFINITIONAL_REPRESENTATION('',(#645),#649);
#645 = LINE('',#646,#647);
#646 = CARTESIAN_POINT('',(0.,0.));
#647 = VECTOR('',#648,1.);
#648 = DIRECTION('',(-9.251507532337E-02,0.995711283876));
#649 = ( GEOMETRIC_REPRESENTATION_CONTEXT(2) 
PARAMETRIC_REPRESENTATION_CONTEXT() REPRESENTATION_CONTEXT('2D SPACE',''
  ) );
#650 = ADVANCED_FACE('',(#651),#563,.F.);
#651 = FACE_BOUND('',#652,.T.);
#652 = EDGE_LOOP('',(#653,#698,#721,#764));
#653 = ORIENTED_EDGE('',*,*,#654,.F.);
#654 = EDGE_CURVE('',#655,#496,#657,.T.);
#655 = VERTEX_POINT('',#656);
#656 = CARTESIAN_POINT('',(-2.273861979579E-14,-14.56060806459,
    -5.509934993883));
#657 = SURFACE_CURVE('',#658,(#662,#669),.PCURVE_S1.);
#658 = ( BOUNDED_CURVE() B_SPLINE_CURVE(2,(#659,#660,#661),
.UNSPECIFIED.,.F.,.F.) B_SPLINE_CURVE_WITH_KNOTS((3,3),(0.,
0.211295698782),.PIECEWISE_BEZIER_KNOTS.) CURVE() 
GEOMETRIC_REPRESENTATION_ITEM() RATIONAL_B_SPLINE_CURVE((1.,
1.005200285457,1.003803496694)) REPRESENTATION_ITEM('') );
#659 = CARTESIAN_POINT('',(-2.099418483877E-14,-14.56060806459,
    -5.509934993883));
#660 = CARTESIAN_POINT('',(0.403220493488,-13.45276886367,
    -5.397748745688));
#661 = CARTESIAN_POINT('',(0.75,-12.5,-5.303542256847));
#662 = PCURVE('',#563,#663);
#663 = DEFINITIONAL_REPRESENTATION('',(#664),#668);
#664 = ( BOUNDED_CURVE() B_SPLINE_CURVE(2,(#665,#666,#667),
.UNSPECIFIED.,.F.,.F.) B_SPLINE_CURVE_WITH_KNOTS((3,3),(0.,
0.211295698782),.PIECEWISE_BEZIER_KNOTS.) CURVE() 
GEOMETRIC_REPRESENTATION_ITEM() RATIONAL_B_SPLINE_CURVE((1.,
1.005200285457,1.003803496694)) REPRESENTATION_ITEM('') );
#665 = CARTESIAN_POINT('',(0.,0.));
#666 = CARTESIAN_POINT('',(1.184263575287,9.769962616701E-15));
#667 = CARTESIAN_POINT('',(2.202543625473,-2.266196767716E-03));
#668 = ( GEOMETRIC_REPRESENTATION_CONTEXT(2) 
PARAMETRIC_REPRESENTATION_CONTEXT() REPRESENTATION_CONTEXT('2D SPACE',''
  ) );
#669 = PCURVE('',#142,#670);
#670 = DEFINITIONAL_REPRESENTATION('',(#671),#697);
#671 = B_SPLINE_CURVE_WITH_KNOTS('',3,(#672,#673,#674,#675,#676,#677,
    #678,#679,#680,#681,#682,#683,#684,#685,#686,#687,#688,#689,#690,
    #691,#692,#693,#694,#695,#696),.UNSPECIFIED.,.F.,.F.,(4,1,1,1,1,1,1,
    1,1,1,1,1,1,1,1,1,1,1,1,1,1,1,4),(0.,9.604349944655E-03,
    1.920869988931E-02,2.881304983397E-02,3.841739977862E-02,
    4.802174972328E-02,5.762609966793E-02,6.723044961259E-02,
    7.683479955724E-02,8.64391495019E-02,9.604349944655E-02,
    0.105647849391,0.115252199336,0.124856549281,0.134460899225,
    0.14406524917,0.153669599114,0.163273949059,0.172878299004,
    0.182482648948,0.192086998893,0.201691348838,0.211295698782),
  .QUASI_UNIFORM_KNOTS.);
#672 = CARTESIAN_POINT('',(0.,0.109934993883));
#673 = CARTESIAN_POINT('',(-8.435325090712E-04,0.106517733089));
#674 = CARTESIAN_POINT('',(-2.536063058882E-03,9.971172903063E-02));
#675 = CARTESIAN_POINT('',(-5.091409598552E-03,8.958734061278E-02));
#676 = CARTESIAN_POINT('',(-7.663460269669E-03,7.954662894633E-02));
#677 = CARTESIAN_POINT('',(-1.025237095081E-02,6.958867410477E-02));
#678 = CARTESIAN_POINT('',(-1.28582991651E-02,5.971256956271E-02));
#679 = CARTESIAN_POINT('',(-1.548140433039E-02,4.99174238797E-02));
#680 = CARTESIAN_POINT('',(-1.812184772376E-02,4.02023599075E-02));
#681 = CARTESIAN_POINT('',(-2.077979252307E-02,3.056651466907E-02));
#682 = CARTESIAN_POINT('',(-2.345540382832E-02,2.100903906561E-02));
#683 = CARTESIAN_POINT('',(-2.614884868882E-02,1.152909763736E-02));
#684 = CARTESIAN_POINT('',(-2.886029612932E-02,2.125868317641E-03));
#685 = CARTESIAN_POINT('',(-3.158991717694E-02,-7.201457804014E-03));
#686 = CARTESIAN_POINT('',(-3.433788488827E-02,-1.64536767139E-02));
#687 = CARTESIAN_POINT('',(-3.710437437703E-02,-2.563157170035E-02));
#688 = CARTESIAN_POINT('',(-3.988956284185E-02,-3.47359135753E-02));
#689 = CARTESIAN_POINT('',(-4.269362959513E-02,-4.37674608881E-02));
#690 = CARTESIAN_POINT('',(-4.551675609022E-02,-5.272696014333E-02));
#691 = CARTESIAN_POINT('',(-4.835912595625E-02,-6.161514597986E-02));
#692 = CARTESIAN_POINT('',(-5.122092500663E-02,-7.043274147104E-02));
#693 = CARTESIAN_POINT('',(-5.410234134773E-02,-7.918045794968E-02));
#694 = CARTESIAN_POINT('',(-5.700356511566E-02,-8.785899658449E-02));
#695 = CARTESIAN_POINT('',(-5.895104810714E-02,-9.35990277934E-02));
#696 = CARTESIAN_POINT('',(-5.992815512121E-02,-9.645774315259E-02));
#697 = ( GEOMETRIC_REPRESENTATION_CONTEXT(2) 
PARAMETRIC_REPRESENTATION_CONTEXT() REPRESENTATION_CONTEXT('2D SPACE',''
  ) );
#698 = ORIENTED_EDGE('',*,*,#699,.T.);
#699 = EDGE_CURVE('',#655,#700,#702,.T.);
#700 = VERTEX_POINT('',#701);
#701 = CARTESIAN_POINT('',(-2.275957200482E-14,-14.56060806459,
    -5.259934993883));
#702 = SURFACE_CURVE('',#703,(#707,#714),.PCURVE_S1.);
#703 = LINE('',#704,#705);
#704 = CARTESIAN_POINT('',(-2.273861979579E-14,-14.56060806459,
    -5.509934993883));
#705 = VECTOR('',#706,1.);
#706 = DIRECTION('',(0.,0.,1.));
#707 = PCURVE('',#563,#708);
#708 = DEFINITIONAL_REPRESENTATION('',(#709),#713);
#709 = LINE('',#710,#711);
#710 = CARTESIAN_POINT('',(0.,0.));
#711 = VECTOR('',#712,1.);
#712 = DIRECTION('',(9.473081038347E-02,0.99550292494));
#713 = ( GEOMETRIC_REPRESENTATION_CONTEXT(2) 
PARAMETRIC_REPRESENTATION_CONTEXT() REPRESENTATION_CONTEXT('2D SPACE',''
  ) );
#714 = PCURVE('',#639,#715);
#715 = DEFINITIONAL_REPRESENTATION('',(#716),#720);
#716 = LINE('',#717,#718);
#717 = CARTESIAN_POINT('',(2.202543214429,-2.635588942086E-03));
#718 = VECTOR('',#719,1.);
#719 = DIRECTION('',(-9.251507532337E-02,0.995711283876));
#720 = ( GEOMETRIC_REPRESENTATION_CONTEXT(2) 
PARAMETRIC_REPRESENTATION_CONTEXT() REPRESENTATION_CONTEXT('2D SPACE',''
  ) );
#721 = ORIENTED_EDGE('',*,*,#722,.T.);
#722 = EDGE_CURVE('',#700,#548,#723,.T.);
#723 = SURFACE_CURVE('',#724,(#728,#735),.PCURVE_S1.);
#724 = ( BOUNDED_CURVE() B_SPLINE_CURVE(2,(#725,#726,#727),
.UNSPECIFIED.,.F.,.F.) B_SPLINE_CURVE_WITH_KNOTS((3,3),(
8.418684372748E-02,0.302322496655),.PIECEWISE_BEZIER_KNOTS.) CURVE() 
GEOMETRIC_REPRESENTATION_ITEM() RATIONAL_B_SPLINE_CURVE((1.004024006775,
1.007960138666,1.00527785509)) REPRESENTATION_ITEM('') );
#725 = CARTESIAN_POINT('',(-2.273861979579E-14,-14.56060806459,
    -5.259934993883));
#726 = CARTESIAN_POINT('',(0.40322049349,-13.45276886366,-5.147748745688
    ));
#727 = CARTESIAN_POINT('',(0.75,-12.5,-5.053542256847));
#728 = PCURVE('',#563,#729);
#729 = DEFINITIONAL_REPRESENTATION('',(#730),#734);
#730 = ( BOUNDED_CURVE() B_SPLINE_CURVE(2,(#731,#732,#733),
.UNSPECIFIED.,.F.,.F.) B_SPLINE_CURVE_WITH_KNOTS((3,3),(
8.418684372748E-02,0.302322496655),.PIECEWISE_BEZIER_KNOTS.) CURVE() 
GEOMETRIC_REPRESENTATION_ITEM() RATIONAL_B_SPLINE_CURVE((1.004024006775,
1.007960138666,1.00527785509)) REPRESENTATION_ITEM('') );
#731 = CARTESIAN_POINT('',(2.368270259587E-02,0.248875731235));
#732 = CARTESIAN_POINT('',(1.207946277887,0.248875731235));
#733 = CARTESIAN_POINT('',(2.226226328069,0.246609534467));
#734 = ( GEOMETRIC_REPRESENTATION_CONTEXT(2) 
PARAMETRIC_REPRESENTATION_CONTEXT() REPRESENTATION_CONTEXT('2D SPACE',''
  ) );
#735 = PCURVE('',#591,#736);
#736 = DEFINITIONAL_REPRESENTATION('',(#737),#763);
#737 = B_SPLINE_CURVE_WITH_KNOTS('',3,(#738,#739,#740,#741,#742,#743,
    #744,#745,#746,#747,#748,#749,#750,#751,#752,#753,#754,#755,#756,
    #757,#758,#759,#760,#761,#762),.UNSPECIFIED.,.F.,.F.,(4,1,1,1,1,1,1,
    1,1,1,1,1,1,1,1,1,1,1,1,1,1,1,4),(8.418684372748E-02,
    9.410210067872E-02,0.10401735763,0.113932614581,0.123847871532,
    0.133763128484,0.143678385435,0.153593642386,0.163508899337,
    0.173424156289,0.18333941324,0.193254670191,0.203169927142,
    0.213085184094,0.223000441045,0.232915697996,0.242830954947,
    0.252746211899,0.26266146885,0.272576725801,0.282491982752,
    0.292407239704,0.302322496655),.QUASI_UNIFORM_KNOTS.);
#738 = CARTESIAN_POINT('',(0.,0.109934993883));
#739 = CARTESIAN_POINT('',(-8.424584412969E-04,0.106522084255));
#740 = CARTESIAN_POINT('',(-2.532924431715E-03,9.972431510343E-02));
#741 = CARTESIAN_POINT('',(-5.085430173449E-03,8.961090871582E-02));
#742 = CARTESIAN_POINT('',(-7.654901360763E-03,7.957984097378E-02));
#743 = CARTESIAN_POINT('',(-1.024149928426E-02,6.963022321356E-02));
#744 = CARTESIAN_POINT('',(-1.284538697281E-02,5.976117956613E-02));
#745 = CARTESIAN_POINT('',(-1.546672945849E-02,4.997184856885E-02));
#746 = CARTESIAN_POINT('',(-1.810569373981E-02,4.026138241429E-02));
#747 = CARTESIAN_POINT('',(-2.076244882633E-02,3.062894683966E-02));
#748 = CARTESIAN_POINT('',(-2.343716576196E-02,2.10737208521E-02));
#749 = CARTESIAN_POINT('',(-2.613001765446E-02,1.159489650502E-02));
#750 = CARTESIAN_POINT('',(-2.884117970391E-02,2.191678667881E-03));
#751 = CARTESIAN_POINT('',(-3.157082923185E-02,-7.136715195432E-03));
#752 = CARTESIAN_POINT('',(-3.431914571093E-02,-1.639105524392E-02));
#753 = CARTESIAN_POINT('',(-3.708631079486E-02,-2.557209947123E-02));
#754 = CARTESIAN_POINT('',(-3.987250834884E-02,-3.46805939131E-02));
#755 = CARTESIAN_POINT('',(-4.267792448086E-02,-4.371727284764E-02));
#756 = CARTESIAN_POINT('',(-4.550274757141E-02,-5.268285899947E-02));
#757 = CARTESIAN_POINT('',(-4.834716831138E-02,-6.157806370677E-02));
#758 = CARTESIAN_POINT('',(-5.121137971188E-02,-7.040358720504E-02));
#759 = CARTESIAN_POINT('',(-5.409557722067E-02,-7.916011845394E-02));
#760 = CARTESIAN_POINT('',(-5.699995844307E-02,-8.784833664833E-02));
#761 = CARTESIAN_POINT('',(-5.894980237527E-02,-9.359538316499E-02));
#762 = CARTESIAN_POINT('',(-5.992815512121E-02,-9.645774315259E-02));
#763 = ( GEOMETRIC_REPRESENTATION_CONTEXT(2) 
PARAMETRIC_REPRESENTATION_CONTEXT() REPRESENTATION_CONTEXT('2D SPACE',''
  ) );
#764 = ORIENTED_EDGE('',*,*,#547,.F.);
#765 = ADVANCED_FACE('',(#766),#639,.F.);
#766 = FACE_BOUND('',#767,.T.);
#767 = EDGE_LOOP('',(#768,#811,#812,#855));
#768 = ORIENTED_EDGE('',*,*,#769,.F.);
#769 = EDGE_CURVE('',#498,#655,#770,.T.);
#770 = SURFACE_CURVE('',#771,(#775,#782),.PCURVE_S1.);
#771 = ( BOUNDED_CURVE() B_SPLINE_CURVE(2,(#772,#773,#774),
.UNSPECIFIED.,.F.,.F.) B_SPLINE_CURVE_WITH_KNOTS((3,3),(0.121821047458,
0.333116746241),.PIECEWISE_BEZIER_KNOTS.) CURVE() 
GEOMETRIC_REPRESENTATION_ITEM() RATIONAL_B_SPLINE_CURVE((1.003803496691,
1.005200285454,1.)) REPRESENTATION_ITEM('') );
#772 = CARTESIAN_POINT('',(-0.75,-12.5,-5.303542256847));
#773 = CARTESIAN_POINT('',(-0.403220493485,-13.45276886368,
    -5.397748745689));
#774 = CARTESIAN_POINT('',(-2.399335410145E-14,-14.56060806459,
    -5.509934993883));
#775 = PCURVE('',#639,#776);
#776 = DEFINITIONAL_REPRESENTATION('',(#777),#781);
#777 = ( BOUNDED_CURVE() B_SPLINE_CURVE(2,(#778,#779,#780),
.UNSPECIFIED.,.F.,.F.) B_SPLINE_CURVE_WITH_KNOTS((3,3),(0.121821047458,
0.333116746241),.PIECEWISE_BEZIER_KNOTS.) CURVE() 
GEOMETRIC_REPRESENTATION_ITEM() RATIONAL_B_SPLINE_CURVE((1.003803496691,
1.005200285454,1.)) REPRESENTATION_ITEM('') );
#778 = CARTESIAN_POINT('',(0.,0.));
#779 = CARTESIAN_POINT('',(1.018282571921,2.39808173319E-14));
#780 = CARTESIAN_POINT('',(2.202543214429,-2.635588942086E-03));
#781 = ( GEOMETRIC_REPRESENTATION_CONTEXT(2) 
PARAMETRIC_REPRESENTATION_CONTEXT() REPRESENTATION_CONTEXT('2D SPACE',''
  ) );
#782 = PCURVE('',#142,#783);
#783 = DEFINITIONAL_REPRESENTATION('',(#784),#810);
#784 = B_SPLINE_CURVE_WITH_KNOTS('',3,(#785,#786,#787,#788,#789,#790,
    #791,#792,#793,#794,#795,#796,#797,#798,#799,#800,#801,#802,#803,
    #804,#805,#806,#807,#808,#809),.UNSPECIFIED.,.F.,.F.,(4,1,1,1,1,1,1,
    1,1,1,1,1,1,1,1,1,1,1,1,1,1,1,4),(0.121821047458,0.131425397402,
    0.141029747347,0.150634097292,0.160238447237,0.169842797181,
    0.179447147126,0.189051497071,0.198655847015,0.20826019696,
    0.217864546905,0.22746889685,0.237073246794,0.246677596739,
    0.256281946684,0.265886296628,0.275490646573,0.285094996518,
    0.294699346462,0.304303696407,0.313908046352,0.323512396297,
    0.333116746241),.QUASI_UNIFORM_KNOTS.);
#785 = CARTESIAN_POINT('',(5.992815512121E-02,-9.645774315259E-02));
#786 = CARTESIAN_POINT('',(5.895104810714E-02,-9.359902779337E-02));
#787 = CARTESIAN_POINT('',(5.700356511563E-02,-8.785899658441E-02));
#788 = CARTESIAN_POINT('',(5.410234134768E-02,-7.918045794952E-02));
#789 = CARTESIAN_POINT('',(5.122092500656E-02,-7.04327414708E-02));
#790 = CARTESIAN_POINT('',(4.835912595615E-02,-6.161514597955E-02));
#791 = CARTESIAN_POINT('',(4.551675609011E-02,-5.272696014296E-02));
#792 = CARTESIAN_POINT('',(4.2693629595E-02,-4.376746088767E-02));
#793 = CARTESIAN_POINT('',(3.988956284171E-02,-3.473591357482E-02));
#794 = CARTESIAN_POINT('',(3.710437437687E-02,-2.563157169983E-02));
#795 = CARTESIAN_POINT('',(3.433788488811E-02,-1.645367671334E-02));
#796 = CARTESIAN_POINT('',(3.158991717677E-02,-7.201457803437E-03));
#797 = CARTESIAN_POINT('',(2.886029612915E-02,2.125868318232E-03));
#798 = CARTESIAN_POINT('',(2.614884868865E-02,1.152909763796E-02));
#799 = CARTESIAN_POINT('',(2.345540382816E-02,2.10090390662E-02));
#800 = CARTESIAN_POINT('',(2.077979252292E-02,3.056651466965E-02));
#801 = CARTESIAN_POINT('',(1.812184772361E-02,4.020235990805E-02));
#802 = CARTESIAN_POINT('',(1.548140433025E-02,4.991742388022E-02));
#803 = CARTESIAN_POINT('',(1.285829916498E-02,5.971256956318E-02));
#804 = CARTESIAN_POINT('',(1.025237095071E-02,6.958867410517E-02));
#805 = CARTESIAN_POINT('',(7.66346026959E-03,7.954662894665E-02));
#806 = CARTESIAN_POINT('',(5.091409598496E-03,8.958734061301E-02));
#807 = CARTESIAN_POINT('',(2.536063058854E-03,9.971172903075E-02));
#808 = CARTESIAN_POINT('',(8.435325090623E-04,0.106517733089));
#809 = CARTESIAN_POINT('',(0.,0.109934993883));
#810 = ( GEOMETRIC_REPRESENTATION_CONTEXT(2) 
PARAMETRIC_REPRESENTATION_CONTEXT() REPRESENTATION_CONTEXT('2D SPACE',''
  ) );
#811 = ORIENTED_EDGE('',*,*,#625,.T.);
#812 = ORIENTED_EDGE('',*,*,#813,.T.);
#813 = EDGE_CURVE('',#576,#700,#814,.T.);
#814 = SURFACE_CURVE('',#815,(#819,#826),.PCURVE_S1.);
#815 = ( BOUNDED_CURVE() B_SPLINE_CURVE(2,(#816,#817,#818),
.UNSPECIFIED.,.F.,.F.) B_SPLINE_CURVE_WITH_KNOTS((3,3),(0.125512297233,
0.34364795016),.PIECEWISE_BEZIER_KNOTS.) CURVE() 
GEOMETRIC_REPRESENTATION_ITEM() RATIONAL_B_SPLINE_CURVE((1.005277855088,
1.007960138665,1.004024006775)) REPRESENTATION_ITEM('') );
#816 = CARTESIAN_POINT('',(-0.75,-12.5,-5.053542256847));
#817 = CARTESIAN_POINT('',(-0.403220493487,-13.45276886367,
    -5.147748745689));
#818 = CARTESIAN_POINT('',(-2.273861979579E-14,-14.56060806459,
    -5.259934993883));
#819 = PCURVE('',#639,#820);
#820 = DEFINITIONAL_REPRESENTATION('',(#821),#825);
#821 = ( BOUNDED_CURVE() B_SPLINE_CURVE(2,(#822,#823,#824),
.UNSPECIFIED.,.F.,.F.) B_SPLINE_CURVE_WITH_KNOTS((3,3),(0.125512297233,
0.34364795016),.PIECEWISE_BEZIER_KNOTS.) CURVE() 
GEOMETRIC_REPRESENTATION_ITEM() RATIONAL_B_SPLINE_CURVE((1.005277855088,
1.007960138665,1.004024006775)) REPRESENTATION_ITEM('') );
#822 = CARTESIAN_POINT('',(-2.312876883084E-02,0.248927820969));
#823 = CARTESIAN_POINT('',(0.995153803084,0.248927820969));
#824 = CARTESIAN_POINT('',(2.179414445599,0.246292232027));
#825 = ( GEOMETRIC_REPRESENTATION_CONTEXT(2) 
PARAMETRIC_REPRESENTATION_CONTEXT() REPRESENTATION_CONTEXT('2D SPACE',''
  ) );
#826 = PCURVE('',#591,#827);
#827 = DEFINITIONAL_REPRESENTATION('',(#828),#854);
#828 = B_SPLINE_CURVE_WITH_KNOTS('',3,(#829,#830,#831,#832,#833,#834,
    #835,#836,#837,#838,#839,#840,#841,#842,#843,#844,#845,#846,#847,
    #848,#849,#850,#851,#852,#853),.UNSPECIFIED.,.F.,.F.,(4,1,1,1,1,1,1,
    1,1,1,1,1,1,1,1,1,1,1,1,1,1,1,4),(0.125512297233,0.135427554184,
    0.145342811135,0.155258068087,0.165173325038,0.175088581989,
    0.18500383894,0.194919095892,0.204834352843,0.214749609794,
    0.224664866745,0.234580123697,0.244495380648,0.254410637599,
    0.26432589455,0.274241151502,0.284156408453,0.294071665404,
    0.303986922355,0.313902179307,0.323817436258,0.333732693209,
    0.34364795016),.QUASI_UNIFORM_KNOTS.);
#829 = CARTESIAN_POINT('',(5.992815512121E-02,-9.645774315259E-02));
#830 = CARTESIAN_POINT('',(5.894980237526E-02,-9.359538316497E-02));
#831 = CARTESIAN_POINT('',(5.699995844305E-02,-8.784833664826E-02));
#832 = CARTESIAN_POINT('',(5.409557722062E-02,-7.91601184538E-02));
#833 = CARTESIAN_POINT('',(5.121137971182E-02,-7.040358720484E-02));
#834 = CARTESIAN_POINT('',(4.834716831131E-02,-6.157806370651E-02));
#835 = CARTESIAN_POINT('',(4.550274757132E-02,-5.268285899916E-02));
#836 = CARTESIAN_POINT('',(4.267792448076E-02,-4.37172728473E-02));
#837 = CARTESIAN_POINT('',(3.987250834872E-02,-3.468059391272E-02));
#838 = CARTESIAN_POINT('',(3.708631079474E-02,-2.557209947082E-02));
#839 = CARTESIAN_POINT('',(3.43191457108E-02,-1.639105524349E-02));
#840 = CARTESIAN_POINT('',(3.157082923172E-02,-7.136715194983E-03));
#841 = CARTESIAN_POINT('',(2.884117970378E-02,2.191678668339E-03));
#842 = CARTESIAN_POINT('',(2.613001765434E-02,1.159489650548E-02));
#843 = CARTESIAN_POINT('',(2.343716576184E-02,2.107372085255E-02));
#844 = CARTESIAN_POINT('',(2.076244882622E-02,3.06289468401E-02));
#845 = CARTESIAN_POINT('',(1.81056937397E-02,4.02613824147E-02));
#846 = CARTESIAN_POINT('',(1.546672945839E-02,4.997184856923E-02));
#847 = CARTESIAN_POINT('',(1.284538697273E-02,5.976117956647E-02));
#848 = CARTESIAN_POINT('',(1.024149928419E-02,6.963022321385E-02));
#849 = CARTESIAN_POINT('',(7.654901360708E-03,7.957984097402E-02));
#850 = CARTESIAN_POINT('',(5.085430173411E-03,8.961090871599E-02));
#851 = CARTESIAN_POINT('',(2.532924431696E-03,9.972431510351E-02));
#852 = CARTESIAN_POINT('',(8.424584412925E-04,0.106522084255));
#853 = CARTESIAN_POINT('',(-8.881784197001E-16,0.109934993883));
#854 = ( GEOMETRIC_REPRESENTATION_CONTEXT(2) 
PARAMETRIC_REPRESENTATION_CONTEXT() REPRESENTATION_CONTEXT('2D SPACE',''
  ) );
#855 = ORIENTED_EDGE('',*,*,#699,.F.);
#856 = ADVANCED_FACE('',(#857),#591,.F.);
#857 = FACE_BOUND('',#858,.F.);
#858 = EDGE_LOOP('',(#859,#860,#861));
#859 = ORIENTED_EDGE('',*,*,#722,.T.);
#860 = ORIENTED_EDGE('',*,*,#575,.T.);
#861 = ORIENTED_EDGE('',*,*,#813,.T.);
#862 = ADVANCED_FACE('',(#863),#877,.F.);
#863 = FACE_BOUND('',#864,.T.);
#864 = EDGE_LOOP('',(#865,#917,#945,#995));
#865 = ORIENTED_EDGE('',*,*,#866,.F.);
#866 = EDGE_CURVE('',#867,#869,#871,.T.);
#867 = VERTEX_POINT('',#868);
#868 = CARTESIAN_POINT('',(-12.5,-0.75,-5.303542256847));
#869 = VERTEX_POINT('',#870);
#870 = CARTESIAN_POINT('',(-12.5,0.75,-5.303542256847));
#871 = SURFACE_CURVE('',#872,(#876,#888),.PCURVE_S1.);
#872 = ( BOUNDED_CURVE() B_SPLINE_CURVE(2,(#873,#874,#875),
.UNSPECIFIED.,.F.,.F.) B_SPLINE_CURVE_WITH_KNOTS((3,3),(0.,
0.150000690952),.PIECEWISE_BEZIER_KNOTS.) CURVE() 
GEOMETRIC_REPRESENTATION_ITEM() RATIONAL_B_SPLINE_CURVE((1.,
1.001798382909,1.)) REPRESENTATION_ITEM('') );
#873 = CARTESIAN_POINT('',(-12.5,-0.75,-5.303542256847));
#874 = CARTESIAN_POINT('',(-12.5,-2.477185123695E-14,-5.298993475273));
#875 = CARTESIAN_POINT('',(-12.5,0.75,-5.303542256847));
#876 = PCURVE('',#877,#882);
#877 = PLANE('',#878);
#878 = AXIS2_PLACEMENT_3D('',#879,#880,#881);
#879 = CARTESIAN_POINT('',(-12.5,-0.75,-5.303542256847));
#880 = DIRECTION('',(1.,1.982032882332E-15,0.));
#881 = DIRECTION('',(-1.98199642906E-15,0.99998160814,6.064930551625E-03
    ));
#882 = DEFINITIONAL_REPRESENTATION('',(#883),#887);
#883 = ( BOUNDED_CURVE() B_SPLINE_CURVE(2,(#884,#885,#886),
.UNSPECIFIED.,.F.,.F.) B_SPLINE_CURVE_WITH_KNOTS((3,3),(0.,
0.150000690952),.PIECEWISE_BEZIER_KNOTS.) CURVE() 
GEOMETRIC_REPRESENTATION_ITEM() RATIONAL_B_SPLINE_CURVE((1.,
1.001798382909,1.)) REPRESENTATION_ITEM('') );
#884 = CARTESIAN_POINT('',(-1.998401444325E-15,0.));
#885 = CARTESIAN_POINT('',(0.750013794149,-3.552713678801E-15));
#886 = CARTESIAN_POINT('',(1.499972412209,-9.097395827436E-03));
#887 = ( GEOMETRIC_REPRESENTATION_CONTEXT(2) 
PARAMETRIC_REPRESENTATION_CONTEXT() REPRESENTATION_CONTEXT('2D SPACE',''
  ) );
#888 = PCURVE('',#142,#889);
#889 = DEFINITIONAL_REPRESENTATION('',(#890),#916);
#890 = B_SPLINE_CURVE_WITH_KNOTS('',3,(#891,#892,#893,#894,#895,#896,
    #897,#898,#899,#900,#901,#902,#903,#904,#905,#906,#907,#908,#909,
    #910,#911,#912,#913,#914,#915),.UNSPECIFIED.,.F.,.F.,(4,1,1,1,1,1,1,
    1,1,1,1,1,1,1,1,1,1,1,1,1,1,1,4),(0.,6.818213225091E-03,
    1.363642645018E-02,2.045463967527E-02,2.727285290036E-02,
    3.409106612546E-02,4.090927935055E-02,4.772749257564E-02,
    5.454570580073E-02,6.136391902582E-02,6.818213225091E-02,
    7.5000345476E-02,8.181855870109E-02,8.863677192618E-02,
    9.545498515128E-02,0.102273198376,0.109091411601,0.115909624827,
    0.122727838052,0.129546051277,0.136364264502,0.143182477727,
    0.150000690952),.QUASI_UNIFORM_KNOTS.);
#891 = CARTESIAN_POINT('',(1.510868171674,-9.645774315259E-02));
#892 = CARTESIAN_POINT('',(1.512683089569,-9.659583262881E-02));
#893 = CARTESIAN_POINT('',(1.516313221568,-9.685941388599E-02));
#894 = CARTESIAN_POINT('',(1.521759227592,-9.721702428132E-02));
#895 = CARTESIAN_POINT('',(1.527205961062,-9.753690610808E-02));
#896 = CARTESIAN_POINT('',(1.532653341308,-9.781908764548E-02));
#897 = CARTESIAN_POINT('',(1.538101287612,-9.806359413783E-02));
#898 = CARTESIAN_POINT('',(1.543549719201,-9.827044737104E-02));
#899 = CARTESIAN_POINT('',(1.54899855526,-9.843966579247E-02));
#900 = CARTESIAN_POINT('',(1.554447714939,-9.857126448426E-02));
#901 = CARTESIAN_POINT('',(1.559897117358,-9.866525517489E-02));
#902 = CARTESIAN_POINT('',(1.565346681615,-9.872164623963E-02));
#903 = CARTESIAN_POINT('',(1.570796326795,-9.874044270298E-02));
#904 = CARTESIAN_POINT('',(1.576245971975,-9.872164623963E-02));
#905 = CARTESIAN_POINT('',(1.581695536232,-9.866525517489E-02));
#906 = CARTESIAN_POINT('',(1.587144938651,-9.857126448426E-02));
#907 = CARTESIAN_POINT('',(1.59259409833,-9.843966579247E-02));
#908 = CARTESIAN_POINT('',(1.598042934389,-9.827044737104E-02));
#909 = CARTESIAN_POINT('',(1.603491365978,-9.806359413783E-02));
#910 = CARTESIAN_POINT('',(1.608939312281,-9.781908764548E-02));
#911 = CARTESIAN_POINT('',(1.614386692528,-9.753690610808E-02));
#912 = CARTESIAN_POINT('',(1.619833425998,-9.721702428132E-02));
#913 = CARTESIAN_POINT('',(1.625279432022,-9.685941388599E-02));
#914 = CARTESIAN_POINT('',(1.628909564021,-9.659583262881E-02));
#915 = CARTESIAN_POINT('',(1.630724481916,-9.645774315259E-02));
#916 = ( GEOMETRIC_REPRESENTATION_CONTEXT(2) 
PARAMETRIC_REPRESENTATION_CONTEXT() REPRESENTATION_CONTEXT('2D SPACE',''
  ) );
#917 = ORIENTED_EDGE('',*,*,#918,.T.);
#918 = EDGE_CURVE('',#867,#919,#921,.T.);
#919 = VERTEX_POINT('',#920);
#920 = CARTESIAN_POINT('',(-12.5,-0.75,-5.053542256847));
#921 = SURFACE_CURVE('',#922,(#926,#933),.PCURVE_S1.);
#922 = LINE('',#923,#924);
#923 = CARTESIAN_POINT('',(-12.5,-0.75,-5.303542256847));
#924 = VECTOR('',#925,1.);
#925 = DIRECTION('',(0.,0.,1.));
#926 = PCURVE('',#877,#927);
#927 = DEFINITIONAL_REPRESENTATION('',(#928),#932);
#928 = LINE('',#929,#930);
#929 = CARTESIAN_POINT('',(0.,0.));
#930 = VECTOR('',#931,1.);
#931 = DIRECTION('',(6.064930551625E-03,0.99998160814));
#932 = ( GEOMETRIC_REPRESENTATION_CONTEXT(2) 
PARAMETRIC_REPRESENTATION_CONTEXT() REPRESENTATION_CONTEXT('2D SPACE',''
  ) );
#933 = PCURVE('',#934,#939);
#934 = PLANE('',#935);
#935 = AXIS2_PLACEMENT_3D('',#936,#937,#938);
#936 = CARTESIAN_POINT('',(-14.56060806459,2.18470396928E-14,
    -5.509934993883));
#937 = DIRECTION('',(-0.342020143326,-0.939692620786,0.));
#938 = DIRECTION('',(0.935466752537,-0.340482053069,9.473081038347E-02)
  );
#939 = DEFINITIONAL_REPRESENTATION('',(#940),#944);
#940 = LINE('',#941,#942);
#941 = CARTESIAN_POINT('',(2.202543625473,-2.266196767716E-03));
#942 = VECTOR('',#943,1.);
#943 = DIRECTION('',(9.473081038347E-02,0.99550292494));
#944 = ( GEOMETRIC_REPRESENTATION_CONTEXT(2) 
PARAMETRIC_REPRESENTATION_CONTEXT() REPRESENTATION_CONTEXT('2D SPACE',''
  ) );
#945 = ORIENTED_EDGE('',*,*,#946,.T.);
#946 = EDGE_CURVE('',#919,#947,#949,.T.);
#947 = VERTEX_POINT('',#948);
#948 = CARTESIAN_POINT('',(-12.5,0.75,-5.053542256847));
#949 = SURFACE_CURVE('',#950,(#954,#961),.PCURVE_S1.);
#950 = ( BOUNDED_CURVE() B_SPLINE_CURVE(2,(#951,#952,#953),
.UNSPECIFIED.,.F.,.F.) B_SPLINE_CURVE_WITH_KNOTS((3,3),(0.824704865068,
0.992344854765),.PIECEWISE_BEZIER_KNOTS.) CURVE() 
GEOMETRIC_REPRESENTATION_ITEM() RATIONAL_B_SPLINE_CURVE((1.116995607095,
1.119004392905,1.116995607095)) REPRESENTATION_ITEM('') );
#951 = CARTESIAN_POINT('',(-12.5,-0.75,-5.053542256847));
#952 = CARTESIAN_POINT('',(-12.5,2.164934898019E-14,-5.048993475273));
#953 = CARTESIAN_POINT('',(-12.5,0.75,-5.053542256847));
#954 = PCURVE('',#877,#955);
#955 = DEFINITIONAL_REPRESENTATION('',(#956),#960);
#956 = ( BOUNDED_CURVE() B_SPLINE_CURVE(2,(#957,#958,#959),
.UNSPECIFIED.,.F.,.F.) B_SPLINE_CURVE_WITH_KNOTS((3,3),(0.824704865068,
0.992344854765),.PIECEWISE_BEZIER_KNOTS.) CURVE() 
GEOMETRIC_REPRESENTATION_ITEM() RATIONAL_B_SPLINE_CURVE((1.116995607095,
1.119004392905,1.116995607095)) REPRESENTATION_ITEM('') );
#957 = CARTESIAN_POINT('',(1.516232637906E-03,0.249995402035));
#958 = CARTESIAN_POINT('',(0.751530026787,0.249995402035));
#959 = CARTESIAN_POINT('',(1.501488644847,0.240898006207));
#960 = ( GEOMETRIC_REPRESENTATION_CONTEXT(2) 
PARAMETRIC_REPRESENTATION_CONTEXT() REPRESENTATION_CONTEXT('2D SPACE',''
  ) );
#961 = PCURVE('',#962,#967);
#962 = CONICAL_SURFACE('',#963,13.475,1.469874542128);
#963 = AXIS2_PLACEMENT_3D('',#964,#965,#966);
#964 = CARTESIAN_POINT('',(0.,0.,-5.15));
#965 = DIRECTION('',(0.,0.,-1.));
#966 = DIRECTION('',(0.,-1.,0.));
#967 = DEFINITIONAL_REPRESENTATION('',(#968),#994);
#968 = B_SPLINE_CURVE_WITH_KNOTS('',3,(#969,#970,#971,#972,#973,#974,
    #975,#976,#977,#978,#979,#980,#981,#982,#983,#984,#985,#986,#987,
    #988,#989,#990,#991,#992,#993),.UNSPECIFIED.,.F.,.F.,(4,1,1,1,1,1,1,
    1,1,1,1,1,1,1,1,1,1,1,1,1,1,1,4),(0.824704865068,0.8323248646,
    0.839944864131,0.847564863663,0.855184863195,0.862804862726,
    0.870424862258,0.87804486179,0.885664861322,0.893284860853,
    0.900904860385,0.908524859917,0.916144859448,0.92376485898,
    0.931384858512,0.939004858043,0.946624857575,0.954244857107,
    0.961864856638,0.96948485617,0.977104855702,0.984724855233,
    0.992344854765),.QUASI_UNIFORM_KNOTS.);
#969 = CARTESIAN_POINT('',(1.510868171674,-9.645774315259E-02));
#970 = CARTESIAN_POINT('',(1.512683089569,-9.659583262881E-02));
#971 = CARTESIAN_POINT('',(1.516313221568,-9.685941388599E-02));
#972 = CARTESIAN_POINT('',(1.521759227592,-9.721702428132E-02));
#973 = CARTESIAN_POINT('',(1.527205961062,-9.753690610808E-02));
#974 = CARTESIAN_POINT('',(1.532653341308,-9.781908764548E-02));
#975 = CARTESIAN_POINT('',(1.538101287612,-9.806359413783E-02));
#976 = CARTESIAN_POINT('',(1.543549719201,-9.827044737104E-02));
#977 = CARTESIAN_POINT('',(1.54899855526,-9.843966579247E-02));
#978 = CARTESIAN_POINT('',(1.554447714939,-9.857126448426E-02));
#979 = CARTESIAN_POINT('',(1.559897117358,-9.866525517489E-02));
#980 = CARTESIAN_POINT('',(1.565346681615,-9.872164623963E-02));
#981 = CARTESIAN_POINT('',(1.570796326795,-9.874044270298E-02));
#982 = CARTESIAN_POINT('',(1.576245971975,-9.872164623963E-02));
#983 = CARTESIAN_POINT('',(1.581695536232,-9.866525517489E-02));
#984 = CARTESIAN_POINT('',(1.587144938651,-9.857126448426E-02));
#985 = CARTESIAN_POINT('',(1.59259409833,-9.843966579247E-02));
#986 = CARTESIAN_POINT('',(1.598042934389,-9.827044737104E-02));
#987 = CARTESIAN_POINT('',(1.603491365978,-9.806359413783E-02));
#988 = CARTESIAN_POINT('',(1.608939312281,-9.781908764548E-02));
#989 = CARTESIAN_POINT('',(1.614386692528,-9.753690610808E-02));
#990 = CARTESIAN_POINT('',(1.619833425998,-9.721702428132E-02));
#991 = CARTESIAN_POINT('',(1.625279432022,-9.685941388599E-02));
#992 = CARTESIAN_POINT('',(1.628909564021,-9.659583262881E-02));
#993 = CARTESIAN_POINT('',(1.630724481916,-9.645774315259E-02));
#994 = ( GEOMETRIC_REPRESENTATION_CONTEXT(2) 
PARAMETRIC_REPRESENTATION_CONTEXT() REPRESENTATION_CONTEXT('2D SPACE',''
  ) );
#995 = ORIENTED_EDGE('',*,*,#996,.F.);
#996 = EDGE_CURVE('',#869,#947,#997,.T.);
#997 = SURFACE_CURVE('',#998,(#1002,#1009),.PCURVE_S1.);
#998 = LINE('',#999,#1000);
#999 = CARTESIAN_POINT('',(-12.5,0.75,-5.303542256847));
#1000 = VECTOR('',#1001,1.);
#1001 = DIRECTION('',(0.,0.,1.));
#1002 = PCURVE('',#877,#1003);
#1003 = DEFINITIONAL_REPRESENTATION('',(#1004),#1008);
#1004 = LINE('',#1005,#1006);
#1005 = CARTESIAN_POINT('',(1.499972412209,-9.097395827438E-03));
#1006 = VECTOR('',#1007,1.);
#1007 = DIRECTION('',(6.064930551625E-03,0.99998160814));
#1008 = ( GEOMETRIC_REPRESENTATION_CONTEXT(2) 
PARAMETRIC_REPRESENTATION_CONTEXT() REPRESENTATION_CONTEXT('2D SPACE',''
  ) );
#1009 = PCURVE('',#1010,#1015);
#1010 = PLANE('',#1011);
#1011 = AXIS2_PLACEMENT_3D('',#1012,#1013,#1014);
#1012 = CARTESIAN_POINT('',(-12.5,0.75,-5.303542256847));
#1013 = DIRECTION('',(-0.342020143326,0.939692620786,0.));
#1014 = DIRECTION('',(-0.935662545892,-0.340553316022,
    -9.251507532337E-02));
#1015 = DEFINITIONAL_REPRESENTATION('',(#1016),#1020);
#1016 = LINE('',#1017,#1018);
#1017 = CARTESIAN_POINT('',(-0.,0.));
#1018 = VECTOR('',#1019,1.);
#1019 = DIRECTION('',(-9.251507532337E-02,0.995711283876));
#1020 = ( GEOMETRIC_REPRESENTATION_CONTEXT(2) 
PARAMETRIC_REPRESENTATION_CONTEXT() REPRESENTATION_CONTEXT('2D SPACE',''
  ) );
#1021 = ADVANCED_FACE('',(#1022),#934,.F.);
#1022 = FACE_BOUND('',#1023,.T.);
#1023 = EDGE_LOOP('',(#1024,#1069,#1092,#1135));
#1024 = ORIENTED_EDGE('',*,*,#1025,.F.);
#1025 = EDGE_CURVE('',#1026,#867,#1028,.T.);
#1026 = VERTEX_POINT('',#1027);
#1027 = CARTESIAN_POINT('',(-14.56060806459,2.18470396928E-14,
    -5.509934993883));
#1028 = SURFACE_CURVE('',#1029,(#1033,#1040),.PCURVE_S1.);
#1029 = ( BOUNDED_CURVE() B_SPLINE_CURVE(2,(#1030,#1031,#1032),
.UNSPECIFIED.,.F.,.F.) B_SPLINE_CURVE_WITH_KNOTS((3,3),(0.,
0.211295698782),.PIECEWISE_BEZIER_KNOTS.) CURVE() 
GEOMETRIC_REPRESENTATION_ITEM() RATIONAL_B_SPLINE_CURVE((1.,
1.005200285457,1.003803496693)) REPRESENTATION_ITEM('') );
#1030 = CARTESIAN_POINT('',(-14.56060806459,1.97945171337E-14,
    -5.509934993883));
#1031 = CARTESIAN_POINT('',(-13.45276886367,-0.403220493488,
    -5.397748745688));
#1032 = CARTESIAN_POINT('',(-12.5,-0.75,-5.303542256847));
#1033 = PCURVE('',#934,#1034);
#1034 = DEFINITIONAL_REPRESENTATION('',(#1035),#1039);
#1035 = ( BOUNDED_CURVE() B_SPLINE_CURVE(2,(#1036,#1037,#1038),
.UNSPECIFIED.,.F.,.F.) B_SPLINE_CURVE_WITH_KNOTS((3,3),(0.,
0.211295698782),.PIECEWISE_BEZIER_KNOTS.) CURVE() 
GEOMETRIC_REPRESENTATION_ITEM() RATIONAL_B_SPLINE_CURVE((1.,
1.005200285457,1.003803496693)) REPRESENTATION_ITEM('') );
#1036 = CARTESIAN_POINT('',(0.,0.));
#1037 = CARTESIAN_POINT('',(1.184263575286,2.04281036531E-14));
#1038 = CARTESIAN_POINT('',(2.202543625473,-2.266196767716E-03));
#1039 = ( GEOMETRIC_REPRESENTATION_CONTEXT(2) 
PARAMETRIC_REPRESENTATION_CONTEXT() REPRESENTATION_CONTEXT('2D SPACE',''
  ) );
#1040 = PCURVE('',#142,#1041);
#1041 = DEFINITIONAL_REPRESENTATION('',(#1042),#1068);
#1042 = B_SPLINE_CURVE_WITH_KNOTS('',3,(#1043,#1044,#1045,#1046,#1047,
    #1048,#1049,#1050,#1051,#1052,#1053,#1054,#1055,#1056,#1057,#1058,
    #1059,#1060,#1061,#1062,#1063,#1064,#1065,#1066,#1067),
  .UNSPECIFIED.,.F.,.F.,(4,1,1,1,1,1,1,1,1,1,1,1,1,1,1,1,1,1,1,1,1,1,4),
  (0.,9.604349944655E-03,1.920869988931E-02,2.881304983397E-02,
    3.841739977862E-02,4.802174972328E-02,5.762609966793E-02,
    6.723044961259E-02,7.683479955724E-02,8.64391495019E-02,
    9.604349944655E-02,0.105647849391,0.115252199336,0.124856549281,
    0.134460899225,0.14406524917,0.153669599114,0.163273949059,
    0.172878299004,0.182482648948,0.192086998893,0.201691348838,
    0.211295698782),.QUASI_UNIFORM_KNOTS.);
#1043 = CARTESIAN_POINT('',(1.570796326795,0.109934993883));
#1044 = CARTESIAN_POINT('',(1.569952794286,0.106517733089));
#1045 = CARTESIAN_POINT('',(1.568260263736,9.971172903063E-02));
#1046 = CARTESIAN_POINT('',(1.565704917196,8.958734061279E-02));
#1047 = CARTESIAN_POINT('',(1.563132866525,7.954662894635E-02));
#1048 = CARTESIAN_POINT('',(1.560543955844,6.95886741048E-02));
#1049 = CARTESIAN_POINT('',(1.55793802763,5.971256956275E-02));
#1050 = CARTESIAN_POINT('',(1.555314922465,4.991742387974E-02));
#1051 = CARTESIAN_POINT('',(1.552674479071,4.020235990753E-02));
#1052 = CARTESIAN_POINT('',(1.550016534272,3.056651466911E-02));
#1053 = CARTESIAN_POINT('',(1.547340922967,2.100903906564E-02));
#1054 = CARTESIAN_POINT('',(1.544647478106,1.15290976374E-02));
#1055 = CARTESIAN_POINT('',(1.541936030666,2.125868317675E-03));
#1056 = CARTESIAN_POINT('',(1.539206409618,-7.20145780398E-03));
#1057 = CARTESIAN_POINT('',(1.536458441907,-1.645367671387E-02));
#1058 = CARTESIAN_POINT('',(1.533691952418,-2.563157170032E-02));
#1059 = CARTESIAN_POINT('',(1.530906763953,-3.473591357528E-02));
#1060 = CARTESIAN_POINT('',(1.5281026972,-4.376746088808E-02));
#1061 = CARTESIAN_POINT('',(1.525279570705,-5.272696014332E-02));
#1062 = CARTESIAN_POINT('',(1.522437200839,-6.161514597985E-02));
#1063 = CARTESIAN_POINT('',(1.519575401788,-7.043274147103E-02));
#1064 = CARTESIAN_POINT('',(1.516693985447,-7.918045794968E-02));
#1065 = CARTESIAN_POINT('',(1.513792761679,-8.785899658449E-02));
#1066 = CARTESIAN_POINT('',(1.511845278688,-9.35990277934E-02));
#1067 = CARTESIAN_POINT('',(1.510868171674,-9.645774315259E-02));
#1068 = ( GEOMETRIC_REPRESENTATION_CONTEXT(2) 
PARAMETRIC_REPRESENTATION_CONTEXT() REPRESENTATION_CONTEXT('2D SPACE',''
  ) );
#1069 = ORIENTED_EDGE('',*,*,#1070,.T.);
#1070 = EDGE_CURVE('',#1026,#1071,#1073,.T.);
#1071 = VERTEX_POINT('',#1072);
#1072 = CARTESIAN_POINT('',(-14.56060806459,2.178812685827E-14,
    -5.259934993883));
#1073 = SURFACE_CURVE('',#1074,(#1078,#1085),.PCURVE_S1.);
#1074 = LINE('',#1075,#1076);
#1075 = CARTESIAN_POINT('',(-14.56060806459,2.18470396928E-14,
    -5.509934993883));
#1076 = VECTOR('',#1077,1.);
#1077 = DIRECTION('',(0.,0.,1.));
#1078 = PCURVE('',#934,#1079);
#1079 = DEFINITIONAL_REPRESENTATION('',(#1080),#1084);
#1080 = LINE('',#1081,#1082);
#1081 = CARTESIAN_POINT('',(0.,0.));
#1082 = VECTOR('',#1083,1.);
#1083 = DIRECTION('',(9.473081038347E-02,0.99550292494));
#1084 = ( GEOMETRIC_REPRESENTATION_CONTEXT(2) 
PARAMETRIC_REPRESENTATION_CONTEXT() REPRESENTATION_CONTEXT('2D SPACE',''
  ) );
#1085 = PCURVE('',#1010,#1086);
#1086 = DEFINITIONAL_REPRESENTATION('',(#1087),#1091);
#1087 = LINE('',#1088,#1089);
#1088 = CARTESIAN_POINT('',(2.202543214429,-2.635588942087E-03));
#1089 = VECTOR('',#1090,1.);
#1090 = DIRECTION('',(-9.251507532337E-02,0.995711283876));
#1091 = ( GEOMETRIC_REPRESENTATION_CONTEXT(2) 
PARAMETRIC_REPRESENTATION_CONTEXT() REPRESENTATION_CONTEXT('2D SPACE',''
  ) );
#1092 = ORIENTED_EDGE('',*,*,#1093,.T.);
#1093 = EDGE_CURVE('',#1071,#919,#1094,.T.);
#1094 = SURFACE_CURVE('',#1095,(#1099,#1106),.PCURVE_S1.);
#1095 = ( BOUNDED_CURVE() B_SPLINE_CURVE(2,(#1096,#1097,#1098),
.UNSPECIFIED.,.F.,.F.) B_SPLINE_CURVE_WITH_KNOTS((3,3),(
8.418684372745E-02,0.302322496655),.PIECEWISE_BEZIER_KNOTS.) CURVE() 
GEOMETRIC_REPRESENTATION_ITEM() RATIONAL_B_SPLINE_CURVE((1.004024006776,
1.007960138667,1.00527785509)) REPRESENTATION_ITEM('') );
#1096 = CARTESIAN_POINT('',(-14.56060806459,2.18470396928E-14,
    -5.259934993883));
#1097 = CARTESIAN_POINT('',(-13.45276886366,-0.40322049349,
    -5.147748745688));
#1098 = CARTESIAN_POINT('',(-12.5,-0.75,-5.053542256847));
#1099 = PCURVE('',#934,#1100);
#1100 = DEFINITIONAL_REPRESENTATION('',(#1101),#1105);
#1101 = ( BOUNDED_CURVE() B_SPLINE_CURVE(2,(#1102,#1103,#1104),
.UNSPECIFIED.,.F.,.F.) B_SPLINE_CURVE_WITH_KNOTS((3,3),(
8.418684372745E-02,0.302322496655),.PIECEWISE_BEZIER_KNOTS.) CURVE() 
GEOMETRIC_REPRESENTATION_ITEM() RATIONAL_B_SPLINE_CURVE((1.004024006776,
1.007960138667,1.00527785509)) REPRESENTATION_ITEM('') );
#1102 = CARTESIAN_POINT('',(2.368270259587E-02,0.248875731235));
#1103 = CARTESIAN_POINT('',(1.207946277887,0.248875731235));
#1104 = CARTESIAN_POINT('',(2.226226328069,0.246609534467));
#1105 = ( GEOMETRIC_REPRESENTATION_CONTEXT(2) 
PARAMETRIC_REPRESENTATION_CONTEXT() REPRESENTATION_CONTEXT('2D SPACE',''
  ) );
#1106 = PCURVE('',#962,#1107);
#1107 = DEFINITIONAL_REPRESENTATION('',(#1108),#1134);
#1108 = B_SPLINE_CURVE_WITH_KNOTS('',3,(#1109,#1110,#1111,#1112,#1113,
    #1114,#1115,#1116,#1117,#1118,#1119,#1120,#1121,#1122,#1123,#1124,
    #1125,#1126,#1127,#1128,#1129,#1130,#1131,#1132,#1133),
  .UNSPECIFIED.,.F.,.F.,(4,1,1,1,1,1,1,1,1,1,1,1,1,1,1,1,1,1,1,1,1,1,4),
  (8.418684372745E-02,9.410210067869E-02,0.10401735763,0.113932614581,
    0.123847871532,0.133763128484,0.143678385435,0.153593642386,
    0.163508899337,0.173424156289,0.18333941324,0.193254670191,
    0.203169927142,0.213085184094,0.223000441045,0.232915697996,
    0.242830954947,0.252746211899,0.26266146885,0.272576725801,
    0.282491982752,0.292407239704,0.302322496655),
  .QUASI_UNIFORM_KNOTS.);
#1109 = CARTESIAN_POINT('',(1.570796326795,0.109934993883));
#1110 = CARTESIAN_POINT('',(1.569953868354,0.106522084255));
#1111 = CARTESIAN_POINT('',(1.568263402363,9.972431510342E-02));
#1112 = CARTESIAN_POINT('',(1.565710896621,8.961090871582E-02));
#1113 = CARTESIAN_POINT('',(1.563141425434,7.957984097378E-02));
#1114 = CARTESIAN_POINT('',(1.560554827511,6.963022321356E-02));
#1115 = CARTESIAN_POINT('',(1.557950939822,5.976117956612E-02));
#1116 = CARTESIAN_POINT('',(1.555329597336,4.997184856884E-02));
#1117 = CARTESIAN_POINT('',(1.552690633055,4.026138241428E-02));
#1118 = CARTESIAN_POINT('',(1.550033877969,3.062894683966E-02));
#1119 = CARTESIAN_POINT('',(1.547359161033,2.107372085209E-02));
#1120 = CARTESIAN_POINT('',(1.54466630914,1.159489650501E-02));
#1121 = CARTESIAN_POINT('',(1.541955147091,2.191678667875E-03));
#1122 = CARTESIAN_POINT('',(1.539225497563,-7.136715195439E-03));
#1123 = CARTESIAN_POINT('',(1.536477181084,-1.639105524393E-02));
#1124 = CARTESIAN_POINT('',(1.533710016,-2.557209947123E-02));
#1125 = CARTESIAN_POINT('',(1.530923818446,-3.468059391311E-02));
#1126 = CARTESIAN_POINT('',(1.528118402314,-4.371727284765E-02));
#1127 = CARTESIAN_POINT('',(1.525293579223,-5.268285899947E-02));
#1128 = CARTESIAN_POINT('',(1.522449158484,-6.157806370677E-02));
#1129 = CARTESIAN_POINT('',(1.519584947083,-7.040358720504E-02));
#1130 = CARTESIAN_POINT('',(1.516700749574,-7.916011845394E-02));
#1131 = CARTESIAN_POINT('',(1.513796368352,-8.784833664833E-02));
#1132 = CARTESIAN_POINT('',(1.51184652442,-9.359538316499E-02));
#1133 = CARTESIAN_POINT('',(1.510868171674,-9.645774315259E-02));
#1134 = ( GEOMETRIC_REPRESENTATION_CONTEXT(2) 
PARAMETRIC_REPRESENTATION_CONTEXT() REPRESENTATION_CONTEXT('2D SPACE',''
  ) );
#1135 = ORIENTED_EDGE('',*,*,#918,.F.);
#1136 = ADVANCED_FACE('',(#1137),#1010,.F.);
#1137 = FACE_BOUND('',#1138,.T.);
#1138 = EDGE_LOOP('',(#1139,#1182,#1183,#1226));
#1139 = ORIENTED_EDGE('',*,*,#1140,.F.);
#1140 = EDGE_CURVE('',#869,#1026,#1141,.T.);
#1141 = SURFACE_CURVE('',#1142,(#1146,#1153),.PCURVE_S1.);
#1142 = ( BOUNDED_CURVE() B_SPLINE_CURVE(2,(#1143,#1144,#1145),
.UNSPECIFIED.,.F.,.F.) B_SPLINE_CURVE_WITH_KNOTS((3,3),(0.121821047459,
0.333116746241),.PIECEWISE_BEZIER_KNOTS.) CURVE() 
GEOMETRIC_REPRESENTATION_ITEM() RATIONAL_B_SPLINE_CURVE((1.003803496694,
1.005200285457,1.)) REPRESENTATION_ITEM('') );
#1143 = CARTESIAN_POINT('',(-12.5,0.75,-5.303542256847));
#1144 = CARTESIAN_POINT('',(-13.45276886366,0.403220493489,
    -5.397748745688));
#1145 = CARTESIAN_POINT('',(-14.56060806459,2.15940186913E-14,
    -5.509934993883));
#1146 = PCURVE('',#1010,#1147);
#1147 = DEFINITIONAL_REPRESENTATION('',(#1148),#1152);
#1148 = ( BOUNDED_CURVE() B_SPLINE_CURVE(2,(#1149,#1150,#1151),
.UNSPECIFIED.,.F.,.F.) B_SPLINE_CURVE_WITH_KNOTS((3,3),(0.121821047459,
0.333116746241),.PIECEWISE_BEZIER_KNOTS.) CURVE() 
GEOMETRIC_REPRESENTATION_ITEM() RATIONAL_B_SPLINE_CURVE((1.003803496694,
1.005200285457,1.)) REPRESENTATION_ITEM('') );
#1149 = CARTESIAN_POINT('',(0.,0.));
#1150 = CARTESIAN_POINT('',(1.018282571908,7.105427357601E-15));
#1151 = CARTESIAN_POINT('',(2.202543214429,-2.635588942087E-03));
#1152 = ( GEOMETRIC_REPRESENTATION_CONTEXT(2) 
PARAMETRIC_REPRESENTATION_CONTEXT() REPRESENTATION_CONTEXT('2D SPACE',''
  ) );
#1153 = PCURVE('',#142,#1154);
#1154 = DEFINITIONAL_REPRESENTATION('',(#1155),#1181);
#1155 = B_SPLINE_CURVE_WITH_KNOTS('',3,(#1156,#1157,#1158,#1159,#1160,
    #1161,#1162,#1163,#1164,#1165,#1166,#1167,#1168,#1169,#1170,#1171,
    #1172,#1173,#1174,#1175,#1176,#1177,#1178,#1179,#1180),
  .UNSPECIFIED.,.F.,.F.,(4,1,1,1,1,1,1,1,1,1,1,1,1,1,1,1,1,1,1,1,1,1,4),
  (0.121821047459,0.131425397404,0.141029747348,0.150634097293,
    0.160238447238,0.169842797182,0.179447147127,0.189051497072,
    0.198655847016,0.208260196961,0.217864546906,0.22746889685,
    0.237073246795,0.246677596739,0.256281946684,0.265886296629,
    0.275490646573,0.285094996518,0.294699346463,0.304303696407,
    0.313908046352,0.323512396297,0.333116746241),
  .QUASI_UNIFORM_KNOTS.);
#1156 = CARTESIAN_POINT('',(1.630724481916,-9.645774315259E-02));
#1157 = CARTESIAN_POINT('',(1.629747374902,-9.35990277934E-02));
#1158 = CARTESIAN_POINT('',(1.627799891911,-8.78589965845E-02));
#1159 = CARTESIAN_POINT('',(1.624898668143,-7.918045794971E-02));
#1160 = CARTESIAN_POINT('',(1.622017251802,-7.043274147108E-02));
#1161 = CARTESIAN_POINT('',(1.619155452751,-6.161514597991E-02));
#1162 = CARTESIAN_POINT('',(1.616313082885,-5.272696014339E-02));
#1163 = CARTESIAN_POINT('',(1.61348995639,-4.376746088816E-02));
#1164 = CARTESIAN_POINT('',(1.610685889637,-3.473591357536E-02));
#1165 = CARTESIAN_POINT('',(1.607900701172,-2.563157170042E-02));
#1166 = CARTESIAN_POINT('',(1.605134211683,-1.645367671397E-02));
#1167 = CARTESIAN_POINT('',(1.602386243972,-7.201457804086E-03));
#1168 = CARTESIAN_POINT('',(1.599656622924,2.125868317568E-03));
#1169 = CARTESIAN_POINT('',(1.596945175484,1.152909763729E-02));
#1170 = CARTESIAN_POINT('',(1.594251730623,2.100903906554E-02));
#1171 = CARTESIAN_POINT('',(1.591576119318,3.0566514669E-02));
#1172 = CARTESIAN_POINT('',(1.588918174519,4.020235990744E-02));
#1173 = CARTESIAN_POINT('',(1.586277731125,4.991742387965E-02));
#1174 = CARTESIAN_POINT('',(1.58365462596,5.971256956266E-02));
#1175 = CARTESIAN_POINT('',(1.581048697746,6.958867410473E-02));
#1176 = CARTESIAN_POINT('',(1.578459787065,7.954662894629E-02));
#1177 = CARTESIAN_POINT('',(1.575887736393,8.958734061275E-02));
#1178 = CARTESIAN_POINT('',(1.573332389854,9.971172903061E-02));
#1179 = CARTESIAN_POINT('',(1.571639859304,0.106517733089));
#1180 = CARTESIAN_POINT('',(1.570796326795,0.109934993883));
#1181 = ( GEOMETRIC_REPRESENTATION_CONTEXT(2) 
PARAMETRIC_REPRESENTATION_CONTEXT() REPRESENTATION_CONTEXT('2D SPACE',''
  ) );
#1182 = ORIENTED_EDGE('',*,*,#996,.T.);
#1183 = ORIENTED_EDGE('',*,*,#1184,.T.);
#1184 = EDGE_CURVE('',#947,#1071,#1185,.T.);
#1185 = SURFACE_CURVE('',#1186,(#1190,#1197),.PCURVE_S1.);
#1186 = ( BOUNDED_CURVE() B_SPLINE_CURVE(2,(#1187,#1188,#1189),
.UNSPECIFIED.,.F.,.F.) B_SPLINE_CURVE_WITH_KNOTS((3,3),(0.125512297233,
0.343647950161),.PIECEWISE_BEZIER_KNOTS.) CURVE() 
GEOMETRIC_REPRESENTATION_ITEM() RATIONAL_B_SPLINE_CURVE((1.005277855089,
1.007960138665,1.004024006775)) REPRESENTATION_ITEM('') );
#1187 = CARTESIAN_POINT('',(-12.5,0.75,-5.053542256847));
#1188 = CARTESIAN_POINT('',(-13.45276886367,0.403220493487,
    -5.147748745688));
#1189 = CARTESIAN_POINT('',(-14.56060806459,2.18470396928E-14,
    -5.259934993883));
#1190 = PCURVE('',#1010,#1191);
#1191 = DEFINITIONAL_REPRESENTATION('',(#1192),#1196);
#1192 = ( BOUNDED_CURVE() B_SPLINE_CURVE(2,(#1193,#1194,#1195),
.UNSPECIFIED.,.F.,.F.) B_SPLINE_CURVE_WITH_KNOTS((3,3),(0.125512297233,
0.343647950161),.PIECEWISE_BEZIER_KNOTS.) CURVE() 
GEOMETRIC_REPRESENTATION_ITEM() RATIONAL_B_SPLINE_CURVE((1.005277855089,
1.007960138665,1.004024006775)) REPRESENTATION_ITEM('') );
#1193 = CARTESIAN_POINT('',(-2.312876883084E-02,0.248927820969));
#1194 = CARTESIAN_POINT('',(0.995153803083,0.248927820969));
#1195 = CARTESIAN_POINT('',(2.179414445599,0.246292232027));
#1196 = ( GEOMETRIC_REPRESENTATION_CONTEXT(2) 
PARAMETRIC_REPRESENTATION_CONTEXT() REPRESENTATION_CONTEXT('2D SPACE',''
  ) );
#1197 = PCURVE('',#962,#1198);
#1198 = DEFINITIONAL_REPRESENTATION('',(#1199),#1225);
#1199 = B_SPLINE_CURVE_WITH_KNOTS('',3,(#1200,#1201,#1202,#1203,#1204,
    #1205,#1206,#1207,#1208,#1209,#1210,#1211,#1212,#1213,#1214,#1215,
    #1216,#1217,#1218,#1219,#1220,#1221,#1222,#1223,#1224),
  .UNSPECIFIED.,.F.,.F.,(4,1,1,1,1,1,1,1,1,1,1,1,1,1,1,1,1,1,1,1,1,1,4),
  (0.125512297233,0.135427554184,0.145342811136,0.155258068087,
    0.165173325038,0.175088581989,0.185003838941,0.194919095892,
    0.204834352843,0.214749609794,0.224664866746,0.234580123697,
    0.244495380648,0.254410637599,0.264325894551,0.274241151502,
    0.284156408453,0.294071665404,0.303986922356,0.313902179307,
    0.323817436258,0.333732693209,0.343647950161),
  .QUASI_UNIFORM_KNOTS.);
#1200 = CARTESIAN_POINT('',(1.630724481916,-9.645774315259E-02));
#1201 = CARTESIAN_POINT('',(1.62974612917,-9.359538316497E-02));
#1202 = CARTESIAN_POINT('',(1.627796285238,-8.784833664827E-02));
#1203 = CARTESIAN_POINT('',(1.624891904016,-7.916011845381E-02));
#1204 = CARTESIAN_POINT('',(1.622007706507,-7.040358720486E-02));
#1205 = CARTESIAN_POINT('',(1.619143495106,-6.157806370654E-02));
#1206 = CARTESIAN_POINT('',(1.616299074366,-5.268285899919E-02));
#1207 = CARTESIAN_POINT('',(1.613474251276,-4.371727284733E-02));
#1208 = CARTESIAN_POINT('',(1.610668835144,-3.468059391276E-02));
#1209 = CARTESIAN_POINT('',(1.60788263759,-2.557209947086E-02));
#1210 = CARTESIAN_POINT('',(1.605115472506,-1.639105524353E-02));
#1211 = CARTESIAN_POINT('',(1.602367156027,-7.136715195028E-03));
#1212 = CARTESIAN_POINT('',(1.599637506499,2.191678668293E-03));
#1213 = CARTESIAN_POINT('',(1.596926344449,1.159489650543E-02));
#1214 = CARTESIAN_POINT('',(1.594233492557,2.10737208525E-02));
#1215 = CARTESIAN_POINT('',(1.591558775621,3.062894684006E-02));
#1216 = CARTESIAN_POINT('',(1.588902020535,4.026138241466E-02));
#1217 = CARTESIAN_POINT('',(1.586263056253,4.99718485692E-02));
#1218 = CARTESIAN_POINT('',(1.583641713768,5.976117956644E-02));
#1219 = CARTESIAN_POINT('',(1.581037826079,6.963022321382E-02));
#1220 = CARTESIAN_POINT('',(1.578451228156,7.957984097399E-02));
#1221 = CARTESIAN_POINT('',(1.575881756968,8.961090871597E-02));
#1222 = CARTESIAN_POINT('',(1.573329251227,9.972431510351E-02));
#1223 = CARTESIAN_POINT('',(1.571638785236,0.106522084255));
#1224 = CARTESIAN_POINT('',(1.570796326795,0.109934993883));
#1225 = ( GEOMETRIC_REPRESENTATION_CONTEXT(2) 
PARAMETRIC_REPRESENTATION_CONTEXT() REPRESENTATION_CONTEXT('2D SPACE',''
  ) );
#1226 = ORIENTED_EDGE('',*,*,#1070,.F.);
#1227 = ADVANCED_FACE('',(#1228),#962,.F.);
#1228 = FACE_BOUND('',#1229,.F.);
#1229 = EDGE_LOOP('',(#1230,#1231,#1232));
#1230 = ORIENTED_EDGE('',*,*,#1093,.T.);
#1231 = ORIENTED_EDGE('',*,*,#946,.T.);
#1232 = ORIENTED_EDGE('',*,*,#1184,.T.);
#1233 = ADVANCED_FACE('',(#1234),#1248,.F.);
#1234 = FACE_BOUND('',#1235,.T.);
#1235 = EDGE_LOOP('',(#1236,#1265,#1293,#1343,#1371));
#1236 = ORIENTED_EDGE('',*,*,#1237,.F.);
#1237 = EDGE_CURVE('',#1238,#1240,#1242,.T.);
#1238 = VERTEX_POINT('',#1239);
#1239 = CARTESIAN_POINT('',(-0.75,12.5,-5.303542256847));
#1240 = VERTEX_POINT('',#1241);
#1241 = CARTESIAN_POINT('',(-1.527996862136E-15,12.5,-5.301265822785));
#1242 = SURFACE_CURVE('',#1243,(#1247,#1259),.PCURVE_S1.);
#1243 = ( BOUNDED_CURVE() B_SPLINE_CURVE(2,(#1244,#1245,#1246),
.UNSPECIFIED.,.F.,.F.) B_SPLINE_CURVE_WITH_KNOTS((3,3),(0.,
7.5000345476E-02),.PIECEWISE_BEZIER_KNOTS.) CURVE() 
GEOMETRIC_REPRESENTATION_ITEM() RATIONAL_B_SPLINE_CURVE((1.,
1.000899191455,1.000899191455)) REPRESENTATION_ITEM('') );
#1244 = CARTESIAN_POINT('',(-0.75,12.5,-5.303542256847));
#1245 = CARTESIAN_POINT('',(-0.374663106137,12.5,-5.301265822785));
#1246 = CARTESIAN_POINT('',(-1.525185225338E-15,12.5,-5.301265822785));
#1247 = PCURVE('',#1248,#1253);
#1248 = PLANE('',#1249);
#1249 = AXIS2_PLACEMENT_3D('',#1250,#1251,#1252);
#1250 = CARTESIAN_POINT('',(-0.75,12.5,-5.303542256847));
#1251 = DIRECTION('',(-6.583675658096E-16,-1.,0.));
#1252 = DIRECTION('',(0.99998160814,-6.583554572052E-16,
    6.064930551624E-03));
#1253 = DEFINITIONAL_REPRESENTATION('',(#1254),#1258);
#1254 = ( BOUNDED_CURVE() B_SPLINE_CURVE(2,(#1255,#1256,#1257),
.UNSPECIFIED.,.F.,.F.) B_SPLINE_CURVE_WITH_KNOTS((3,3),(0.,
7.5000345476E-02),.PIECEWISE_BEZIER_KNOTS.) CURVE() 
GEOMETRIC_REPRESENTATION_ITEM() RATIONAL_B_SPLINE_CURVE((1.,
1.000899191455,1.000899191455)) REPRESENTATION_ITEM('') );
#1255 = CARTESIAN_POINT('',(3.19744231092E-14,-8.881784197001E-16));
#1256 = CARTESIAN_POINT('',(0.375343797134,-1.7763568394E-15));
#1257 = CARTESIAN_POINT('',(0.750000012519,-2.272305718975E-03));
#1258 = ( GEOMETRIC_REPRESENTATION_CONTEXT(2) 
PARAMETRIC_REPRESENTATION_CONTEXT() REPRESENTATION_CONTEXT('2D SPACE',''
  ) );
#1259 = PCURVE('',#142,#1260);
#1260 = DEFINITIONAL_REPRESENTATION('',(#1261),#1264);
#1261 = B_SPLINE_CURVE_WITH_KNOTS('',1,(#1262,#1263),.UNSPECIFIED.,.F.,
  .F.,(2,2),(0.,7.5000345476E-02),.PIECEWISE_BEZIER_KNOTS.);
#1262 = CARTESIAN_POINT('',(3.081664498469,-9.645774315259E-02));
#1263 = CARTESIAN_POINT('',(3.14159265359,-9.873417721519E-02));
#1264 = ( GEOMETRIC_REPRESENTATION_CONTEXT(2) 
PARAMETRIC_REPRESENTATION_CONTEXT() REPRESENTATION_CONTEXT('2D SPACE',''
  ) );
#1265 = ORIENTED_EDGE('',*,*,#1266,.T.);
#1266 = EDGE_CURVE('',#1238,#1267,#1269,.T.);
#1267 = VERTEX_POINT('',#1268);
#1268 = CARTESIAN_POINT('',(-0.75,12.5,-5.053542256847));
#1269 = SURFACE_CURVE('',#1270,(#1274,#1281),.PCURVE_S1.);
#1270 = LINE('',#1271,#1272);
#1271 = CARTESIAN_POINT('',(-0.75,12.5,-5.303542256847));
#1272 = VECTOR('',#1273,1.);
#1273 = DIRECTION('',(0.,0.,1.));
#1274 = PCURVE('',#1248,#1275);
#1275 = DEFINITIONAL_REPRESENTATION('',(#1276),#1280);
#1276 = LINE('',#1277,#1278);
#1277 = CARTESIAN_POINT('',(0.,0.));
#1278 = VECTOR('',#1279,1.);
#1279 = DIRECTION('',(6.064930551624E-03,0.99998160814));
#1280 = ( GEOMETRIC_REPRESENTATION_CONTEXT(2) 
PARAMETRIC_REPRESENTATION_CONTEXT() REPRESENTATION_CONTEXT('2D SPACE',''
  ) );
#1281 = PCURVE('',#1282,#1287);
#1282 = PLANE('',#1283);
#1283 = AXIS2_PLACEMENT_3D('',#1284,#1285,#1286);
#1284 = CARTESIAN_POINT('',(2.09554595898E-14,14.560608064591,
    -5.509934993883));
#1285 = DIRECTION('',(-0.939692620786,0.342020143326,0.));
#1286 = DIRECTION('',(-0.340482053069,-0.935466752537,9.473081038348E-02
    ));
#1287 = DEFINITIONAL_REPRESENTATION('',(#1288),#1292);
#1288 = LINE('',#1289,#1290);
#1289 = CARTESIAN_POINT('',(2.202543625473,-2.266196767749E-03));
#1290 = VECTOR('',#1291,1.);
#1291 = DIRECTION('',(9.473081038348E-02,0.99550292494));
#1292 = ( GEOMETRIC_REPRESENTATION_CONTEXT(2) 
PARAMETRIC_REPRESENTATION_CONTEXT() REPRESENTATION_CONTEXT('2D SPACE',''
  ) );
#1293 = ORIENTED_EDGE('',*,*,#1294,.T.);
#1294 = EDGE_CURVE('',#1267,#1295,#1297,.T.);
#1295 = VERTEX_POINT('',#1296);
#1296 = CARTESIAN_POINT('',(0.75,12.5,-5.053542256847));
#1297 = SURFACE_CURVE('',#1298,(#1302,#1309),.PCURVE_S1.);
#1298 = ( BOUNDED_CURVE() B_SPLINE_CURVE(2,(#1299,#1300,#1301),
.UNSPECIFIED.,.F.,.F.) B_SPLINE_CURVE_WITH_KNOTS((3,3),(0.824704865068,
0.992344854765),.PIECEWISE_BEZIER_KNOTS.) CURVE() 
GEOMETRIC_REPRESENTATION_ITEM() RATIONAL_B_SPLINE_CURVE((1.116995607095,
1.119004392905,1.116995607095)) REPRESENTATION_ITEM('') );
#1299 = CARTESIAN_POINT('',(-0.75,12.5,-5.053542256847));
#1300 = CARTESIAN_POINT('',(2.41473507856E-14,12.5,-5.048993475273));
#1301 = CARTESIAN_POINT('',(0.75,12.5,-5.053542256847));
#1302 = PCURVE('',#1248,#1303);
#1303 = DEFINITIONAL_REPRESENTATION('',(#1304),#1308);
#1304 = ( BOUNDED_CURVE() B_SPLINE_CURVE(2,(#1305,#1306,#1307),
.UNSPECIFIED.,.F.,.F.) B_SPLINE_CURVE_WITH_KNOTS((3,3),(0.824704865068,
0.992344854765),.PIECEWISE_BEZIER_KNOTS.) CURVE() 
GEOMETRIC_REPRESENTATION_ITEM() RATIONAL_B_SPLINE_CURVE((1.116995607095,
1.119004392905,1.116995607095)) REPRESENTATION_ITEM('') );
#1305 = CARTESIAN_POINT('',(1.516232637906E-03,0.249995402035));
#1306 = CARTESIAN_POINT('',(0.751530026787,0.249995402035));
#1307 = CARTESIAN_POINT('',(1.501488644847,0.240898006207));
#1308 = ( GEOMETRIC_REPRESENTATION_CONTEXT(2) 
PARAMETRIC_REPRESENTATION_CONTEXT() REPRESENTATION_CONTEXT('2D SPACE',''
  ) );
#1309 = PCURVE('',#1310,#1315);
#1310 = CONICAL_SURFACE('',#1311,13.475,1.469874542128);
#1311 = AXIS2_PLACEMENT_3D('',#1312,#1313,#1314);
#1312 = CARTESIAN_POINT('',(0.,0.,-5.15));
#1313 = DIRECTION('',(0.,0.,-1.));
#1314 = DIRECTION('',(1.653892159486E-15,1.,0.));
#1315 = DEFINITIONAL_REPRESENTATION('',(#1316),#1342);
#1316 = B_SPLINE_CURVE_WITH_KNOTS('',3,(#1317,#1318,#1319,#1320,#1321,
    #1322,#1323,#1324,#1325,#1326,#1327,#1328,#1329,#1330,#1331,#1332,
    #1333,#1334,#1335,#1336,#1337,#1338,#1339,#1340,#1341),
  .UNSPECIFIED.,.F.,.F.,(4,1,1,1,1,1,1,1,1,1,1,1,1,1,1,1,1,1,1,1,1,1,4),
  (0.824704865068,0.8323248646,0.839944864131,0.847564863663,
    0.855184863195,0.862804862726,0.870424862258,0.87804486179,
    0.885664861322,0.893284860853,0.900904860385,0.908524859917,
    0.916144859448,0.92376485898,0.931384858512,0.939004858043,
    0.946624857575,0.954244857107,0.961864856638,0.96948485617,
    0.977104855702,0.984724855233,0.992344854765),
  .QUASI_UNIFORM_KNOTS.);
#1317 = CARTESIAN_POINT('',(6.223257152058,-9.645774315259E-02));
#1318 = CARTESIAN_POINT('',(6.225072069953,-9.659583262881E-02));
#1319 = CARTESIAN_POINT('',(6.228702201953,-9.685941388599E-02));
#1320 = CARTESIAN_POINT('',(6.234148207977,-9.721702428132E-02));
#1321 = CARTESIAN_POINT('',(6.239594941446,-9.753690610808E-02));
#1322 = CARTESIAN_POINT('',(6.245042321693,-9.781908764548E-02));
#1323 = CARTESIAN_POINT('',(6.250490267997,-9.806359413783E-02));
#1324 = CARTESIAN_POINT('',(6.255938699586,-9.827044737104E-02));
#1325 = CARTESIAN_POINT('',(6.261387535645,-9.843966579247E-02));
#1326 = CARTESIAN_POINT('',(6.266836695324,-9.857126448426E-02));
#1327 = CARTESIAN_POINT('',(6.272286097742,-9.866525517489E-02));
#1328 = CARTESIAN_POINT('',(6.277735661999,-9.872164623963E-02));
#1329 = CARTESIAN_POINT('',(6.28318530718,-9.874044270298E-02));
#1330 = CARTESIAN_POINT('',(6.28863495236,-9.872164623963E-02));
#1331 = CARTESIAN_POINT('',(6.294084516617,-9.866525517489E-02));
#1332 = CARTESIAN_POINT('',(6.299533919036,-9.857126448426E-02));
#1333 = CARTESIAN_POINT('',(6.304983078714,-9.843966579247E-02));
#1334 = CARTESIAN_POINT('',(6.310431914774,-9.827044737104E-02));
#1335 = CARTESIAN_POINT('',(6.315880346362,-9.806359413783E-02));
#1336 = CARTESIAN_POINT('',(6.321328292666,-9.781908764548E-02));
#1337 = CARTESIAN_POINT('',(6.326775672913,-9.753690610808E-02));
#1338 = CARTESIAN_POINT('',(6.332222406383,-9.721702428132E-02));
#1339 = CARTESIAN_POINT('',(6.337668412406,-9.685941388599E-02));
#1340 = CARTESIAN_POINT('',(6.341298544406,-9.659583262881E-02));
#1341 = CARTESIAN_POINT('',(6.343113462301,-9.645774315259E-02));
#1342 = ( GEOMETRIC_REPRESENTATION_CONTEXT(2) 
PARAMETRIC_REPRESENTATION_CONTEXT() REPRESENTATION_CONTEXT('2D SPACE',''
  ) );
#1343 = ORIENTED_EDGE('',*,*,#1344,.F.);
#1344 = EDGE_CURVE('',#1345,#1295,#1347,.T.);
#1345 = VERTEX_POINT('',#1346);
#1346 = CARTESIAN_POINT('',(0.75,12.5,-5.303542256847));
#1347 = SURFACE_CURVE('',#1348,(#1352,#1359),.PCURVE_S1.);
#1348 = LINE('',#1349,#1350);
#1349 = CARTESIAN_POINT('',(0.75,12.5,-5.303542256847));
#1350 = VECTOR('',#1351,1.);
#1351 = DIRECTION('',(0.,0.,1.));
#1352 = PCURVE('',#1248,#1353);
#1353 = DEFINITIONAL_REPRESENTATION('',(#1354),#1358);
#1354 = LINE('',#1355,#1356);
#1355 = CARTESIAN_POINT('',(1.499972412209,-9.097395827436E-03));
#1356 = VECTOR('',#1357,1.);
#1357 = DIRECTION('',(6.064930551624E-03,0.99998160814));
#1358 = ( GEOMETRIC_REPRESENTATION_CONTEXT(2) 
PARAMETRIC_REPRESENTATION_CONTEXT() REPRESENTATION_CONTEXT('2D SPACE',''
  ) );
#1359 = PCURVE('',#1360,#1365);
#1360 = PLANE('',#1361);
#1361 = AXIS2_PLACEMENT_3D('',#1362,#1363,#1364);
#1362 = CARTESIAN_POINT('',(0.75,12.5,-5.303542256847));
#1363 = DIRECTION('',(0.939692620786,0.342020143326,0.));
#1364 = DIRECTION('',(-0.340553316022,0.935662545892,-9.251507532337E-02
    ));
#1365 = DEFINITIONAL_REPRESENTATION('',(#1366),#1370);
#1366 = LINE('',#1367,#1368);
#1367 = CARTESIAN_POINT('',(0.,0.));
#1368 = VECTOR('',#1369,1.);
#1369 = DIRECTION('',(-9.251507532337E-02,0.995711283876));
#1370 = ( GEOMETRIC_REPRESENTATION_CONTEXT(2) 
PARAMETRIC_REPRESENTATION_CONTEXT() REPRESENTATION_CONTEXT('2D SPACE',''
  ) );
#1371 = ORIENTED_EDGE('',*,*,#1372,.F.);
#1372 = EDGE_CURVE('',#1240,#1345,#1373,.T.);
#1373 = SURFACE_CURVE('',#1374,(#1378,#1385),.PCURVE_S1.);
#1374 = ( BOUNDED_CURVE() B_SPLINE_CURVE(2,(#1375,#1376,#1377),
.UNSPECIFIED.,.F.,.F.) B_SPLINE_CURVE_WITH_KNOTS((3,3),(7.5000345476E-02
,0.150000690952),.PIECEWISE_BEZIER_KNOTS.) CURVE() 
GEOMETRIC_REPRESENTATION_ITEM() RATIONAL_B_SPLINE_CURVE((1.000899191455,
1.000899191455,1.)) REPRESENTATION_ITEM('') );
#1375 = CARTESIAN_POINT('',(-1.525185225338E-15,12.5,-5.301265822785));
#1376 = CARTESIAN_POINT('',(0.374663106137,12.5,-5.301265822785));
#1377 = CARTESIAN_POINT('',(0.75,12.5,-5.303542256847));
#1378 = PCURVE('',#1248,#1379);
#1379 = DEFINITIONAL_REPRESENTATION('',(#1380),#1384);
#1380 = ( BOUNDED_CURVE() B_SPLINE_CURVE(2,(#1381,#1382,#1383),
.UNSPECIFIED.,.F.,.F.) B_SPLINE_CURVE_WITH_KNOTS((3,3),(7.5000345476E-02
,0.150000690952),.PIECEWISE_BEZIER_KNOTS.) CURVE() 
GEOMETRIC_REPRESENTATION_ITEM() RATIONAL_B_SPLINE_CURVE((1.000899191455,
1.000899191455,1.)) REPRESENTATION_ITEM('') );
#1381 = CARTESIAN_POINT('',(0.750000012519,-2.272305718975E-03));
#1382 = CARTESIAN_POINT('',(1.124656227904,-4.544611437949E-03));
#1383 = CARTESIAN_POINT('',(1.499972412209,-9.097395827435E-03));
#1384 = ( GEOMETRIC_REPRESENTATION_CONTEXT(2) 
PARAMETRIC_REPRESENTATION_CONTEXT() REPRESENTATION_CONTEXT('2D SPACE',''
  ) );
#1385 = PCURVE('',#142,#1386);
#1386 = DEFINITIONAL_REPRESENTATION('',(#1387),#1390);
#1387 = B_SPLINE_CURVE_WITH_KNOTS('',1,(#1388,#1389),.UNSPECIFIED.,.F.,
  .F.,(2,2),(7.5000345476E-02,0.150000690952),.PIECEWISE_BEZIER_KNOTS.);
#1388 = CARTESIAN_POINT('',(-3.14159265359,-9.873417721519E-02));
#1389 = CARTESIAN_POINT('',(-3.081664498469,-9.645774315259E-02));
#1390 = ( GEOMETRIC_REPRESENTATION_CONTEXT(2) 
PARAMETRIC_REPRESENTATION_CONTEXT() REPRESENTATION_CONTEXT('2D SPACE',''
  ) );
#1391 = ADVANCED_FACE('',(#1392),#1282,.F.);
#1392 = FACE_BOUND('',#1393,.T.);
#1393 = EDGE_LOOP('',(#1394,#1439,#1462,#1505));
#1394 = ORIENTED_EDGE('',*,*,#1395,.F.);
#1395 = EDGE_CURVE('',#1396,#1238,#1398,.T.);
#1396 = VERTEX_POINT('',#1397);
#1397 = CARTESIAN_POINT('',(2.09554595898E-14,14.560608064591,
    -5.509934993883));
#1398 = SURFACE_CURVE('',#1399,(#1403,#1410),.PCURVE_S1.);
#1399 = ( BOUNDED_CURVE() B_SPLINE_CURVE(2,(#1400,#1401,#1402),
.UNSPECIFIED.,.F.,.F.) B_SPLINE_CURVE_WITH_KNOTS((3,3),(0.,
0.211295698783),.PIECEWISE_BEZIER_KNOTS.) CURVE() 
GEOMETRIC_REPRESENTATION_ITEM() RATIONAL_B_SPLINE_CURVE((1.,
1.005200285456,1.003803496693)) REPRESENTATION_ITEM('') );
#1400 = CARTESIAN_POINT('',(1.97945171337E-14,14.560608064591,
    -5.509934993883));
#1401 = CARTESIAN_POINT('',(-0.403220493488,13.452768863672,
    -5.397748745688));
#1402 = CARTESIAN_POINT('',(-0.75,12.5,-5.303542256847));
#1403 = PCURVE('',#1282,#1404);
#1404 = DEFINITIONAL_REPRESENTATION('',(#1405),#1409);
#1405 = ( BOUNDED_CURVE() B_SPLINE_CURVE(2,(#1406,#1407,#1408),
.UNSPECIFIED.,.F.,.F.) B_SPLINE_CURVE_WITH_KNOTS((3,3),(0.,
0.211295698783),.PIECEWISE_BEZIER_KNOTS.) CURVE() 
GEOMETRIC_REPRESENTATION_ITEM() RATIONAL_B_SPLINE_CURVE((1.,
1.005200285456,1.003803496693)) REPRESENTATION_ITEM('') );
#1406 = CARTESIAN_POINT('',(0.,0.));
#1407 = CARTESIAN_POINT('',(1.184263575285,4.440892098501E-15));
#1408 = CARTESIAN_POINT('',(2.202543625473,-2.266196767748E-03));
#1409 = ( GEOMETRIC_REPRESENTATION_CONTEXT(2) 
PARAMETRIC_REPRESENTATION_CONTEXT() REPRESENTATION_CONTEXT('2D SPACE',''
  ) );
#1410 = PCURVE('',#142,#1411);
#1411 = DEFINITIONAL_REPRESENTATION('',(#1412),#1438);
#1412 = B_SPLINE_CURVE_WITH_KNOTS('',3,(#1413,#1414,#1415,#1416,#1417,
    #1418,#1419,#1420,#1421,#1422,#1423,#1424,#1425,#1426,#1427,#1428,
    #1429,#1430,#1431,#1432,#1433,#1434,#1435,#1436,#1437),
  .UNSPECIFIED.,.F.,.F.,(4,1,1,1,1,1,1,1,1,1,1,1,1,1,1,1,1,1,1,1,1,1,4),
  (0.,9.604349944662E-03,1.920869988932E-02,2.881304983399E-02,
    3.841739977865E-02,4.802174972331E-02,5.762609966797E-02,
    6.723044961263E-02,7.68347995573E-02,8.643914950196E-02,
    9.604349944662E-02,0.105647849391,0.115252199336,0.124856549281,
    0.134460899225,0.14406524917,0.153669599115,0.163273949059,
    0.172878299004,0.182482648949,0.192086998893,0.201691348838,
    0.211295698783),.QUASI_UNIFORM_KNOTS.);
#1413 = CARTESIAN_POINT('',(3.14159265359,0.109934993883));
#1414 = CARTESIAN_POINT('',(3.140749121081,0.106517733089));
#1415 = CARTESIAN_POINT('',(3.139056590531,9.971172903065E-02));
#1416 = CARTESIAN_POINT('',(3.136501243991,8.958734061282E-02));
#1417 = CARTESIAN_POINT('',(3.13392919332,7.954662894639E-02));
#1418 = CARTESIAN_POINT('',(3.131340282639,6.958867410485E-02));
#1419 = CARTESIAN_POINT('',(3.128734354425,5.971256956281E-02));
#1420 = CARTESIAN_POINT('',(3.126111249259,4.991742387981E-02));
#1421 = CARTESIAN_POINT('',(3.123470805866,4.020235990761E-02));
#1422 = CARTESIAN_POINT('',(3.120812861067,3.056651466918E-02));
#1423 = CARTESIAN_POINT('',(3.118137249762,2.100903906572E-02));
#1424 = CARTESIAN_POINT('',(3.115443804901,1.152909763748E-02));
#1425 = CARTESIAN_POINT('',(3.112732357461,2.125868317753E-03));
#1426 = CARTESIAN_POINT('',(3.110002736413,-7.201457803904E-03));
#1427 = CARTESIAN_POINT('',(3.107254768702,-1.645367671379E-02));
#1428 = CARTESIAN_POINT('',(3.104488279213,-2.563157170025E-02));
#1429 = CARTESIAN_POINT('',(3.101703090748,-3.473591357521E-02));
#1430 = CARTESIAN_POINT('',(3.098899023995,-4.376746088802E-02));
#1431 = CARTESIAN_POINT('',(3.0960758975,-5.272696014327E-02));
#1432 = CARTESIAN_POINT('',(3.093233527634,-6.16151459798E-02));
#1433 = CARTESIAN_POINT('',(3.090371728583,-7.0432741471E-02));
#1434 = CARTESIAN_POINT('',(3.087490312242,-7.918045794965E-02));
#1435 = CARTESIAN_POINT('',(3.084589088474,-8.785899658448E-02));
#1436 = CARTESIAN_POINT('',(3.082641605483,-9.359902779339E-02));
#1437 = CARTESIAN_POINT('',(3.081664498469,-9.645774315259E-02));
#1438 = ( GEOMETRIC_REPRESENTATION_CONTEXT(2) 
PARAMETRIC_REPRESENTATION_CONTEXT() REPRESENTATION_CONTEXT('2D SPACE',''
  ) );
#1439 = ORIENTED_EDGE('',*,*,#1440,.T.);
#1440 = EDGE_CURVE('',#1396,#1441,#1443,.T.);
#1441 = VERTEX_POINT('',#1442);
#1442 = CARTESIAN_POINT('',(2.09554595898E-14,14.560608064591,
    -5.259934993883));
#1443 = SURFACE_CURVE('',#1444,(#1448,#1455),.PCURVE_S1.);
#1444 = LINE('',#1445,#1446);
#1445 = CARTESIAN_POINT('',(2.09554595898E-14,14.560608064591,
    -5.509934993883));
#1446 = VECTOR('',#1447,1.);
#1447 = DIRECTION('',(0.,0.,1.));
#1448 = PCURVE('',#1282,#1449);
#1449 = DEFINITIONAL_REPRESENTATION('',(#1450),#1454);
#1450 = LINE('',#1451,#1452);
#1451 = CARTESIAN_POINT('',(0.,0.));
#1452 = VECTOR('',#1453,1.);
#1453 = DIRECTION('',(9.473081038348E-02,0.99550292494));
#1454 = ( GEOMETRIC_REPRESENTATION_CONTEXT(2) 
PARAMETRIC_REPRESENTATION_CONTEXT() REPRESENTATION_CONTEXT('2D SPACE',''
  ) );
#1455 = PCURVE('',#1360,#1456);
#1456 = DEFINITIONAL_REPRESENTATION('',(#1457),#1461);
#1457 = LINE('',#1458,#1459);
#1458 = CARTESIAN_POINT('',(2.202543214429,-2.635588942091E-03));
#1459 = VECTOR('',#1460,1.);
#1460 = DIRECTION('',(-9.251507532337E-02,0.995711283876));
#1461 = ( GEOMETRIC_REPRESENTATION_CONTEXT(2) 
PARAMETRIC_REPRESENTATION_CONTEXT() REPRESENTATION_CONTEXT('2D SPACE',''
  ) );
#1462 = ORIENTED_EDGE('',*,*,#1463,.T.);
#1463 = EDGE_CURVE('',#1441,#1267,#1464,.T.);
#1464 = SURFACE_CURVE('',#1465,(#1469,#1476),.PCURVE_S1.);
#1465 = ( BOUNDED_CURVE() B_SPLINE_CURVE(2,(#1466,#1467,#1468),
.UNSPECIFIED.,.F.,.F.) B_SPLINE_CURVE_WITH_KNOTS((3,3),(
8.418684372837E-02,0.302322496656),.PIECEWISE_BEZIER_KNOTS.) CURVE() 
GEOMETRIC_REPRESENTATION_ITEM() RATIONAL_B_SPLINE_CURVE((1.004024006774,
1.007960138664,1.005277855088)) REPRESENTATION_ITEM('') );
#1466 = CARTESIAN_POINT('',(2.09554595898E-14,14.560608064591,
    -5.259934993883));
#1467 = CARTESIAN_POINT('',(-0.403220493488,13.452768863672,
    -5.147748745688));
#1468 = CARTESIAN_POINT('',(-0.75,12.5,-5.053542256847));
#1469 = PCURVE('',#1282,#1470);
#1470 = DEFINITIONAL_REPRESENTATION('',(#1471),#1475);
#1471 = ( BOUNDED_CURVE() B_SPLINE_CURVE(2,(#1472,#1473,#1474),
.UNSPECIFIED.,.F.,.F.) B_SPLINE_CURVE_WITH_KNOTS((3,3),(
8.418684372837E-02,0.302322496656),.PIECEWISE_BEZIER_KNOTS.) CURVE() 
GEOMETRIC_REPRESENTATION_ITEM() RATIONAL_B_SPLINE_CURVE((1.004024006774,
1.007960138664,1.005277855088)) REPRESENTATION_ITEM('') );
#1472 = CARTESIAN_POINT('',(2.368270259587E-02,0.248875731235));
#1473 = CARTESIAN_POINT('',(1.20794627788,0.248875731235));
#1474 = CARTESIAN_POINT('',(2.226226328069,0.246609534467));
#1475 = ( GEOMETRIC_REPRESENTATION_CONTEXT(2) 
PARAMETRIC_REPRESENTATION_CONTEXT() REPRESENTATION_CONTEXT('2D SPACE',''
  ) );
#1476 = PCURVE('',#1310,#1477);
#1477 = DEFINITIONAL_REPRESENTATION('',(#1478),#1504);
#1478 = B_SPLINE_CURVE_WITH_KNOTS('',3,(#1479,#1480,#1481,#1482,#1483,
    #1484,#1485,#1486,#1487,#1488,#1489,#1490,#1491,#1492,#1493,#1494,
    #1495,#1496,#1497,#1498,#1499,#1500,#1501,#1502,#1503),
  .UNSPECIFIED.,.F.,.F.,(4,1,1,1,1,1,1,1,1,1,1,1,1,1,1,1,1,1,1,1,1,1,4),
  (8.418684372837E-02,9.410210067962E-02,0.104017357631,0.113932614582,
    0.123847871533,0.133763128485,0.143678385436,0.153593642387,
    0.163508899338,0.17342415629,0.183339413241,0.193254670192,
    0.203169927143,0.213085184095,0.223000441046,0.232915697997,
    0.242830954948,0.2527462119,0.262661468851,0.272576725802,
    0.282491982753,0.292407239705,0.302322496656),
  .QUASI_UNIFORM_KNOTS.);
#1479 = CARTESIAN_POINT('',(6.28318530718,0.109934993883));
#1480 = CARTESIAN_POINT('',(6.282342848738,0.106522084255));
#1481 = CARTESIAN_POINT('',(6.280652382748,9.97243151035E-02));
#1482 = CARTESIAN_POINT('',(6.278099877006,8.961090871595E-02));
#1483 = CARTESIAN_POINT('',(6.275530405819,7.957984097396E-02));
#1484 = CARTESIAN_POINT('',(6.272943807895,6.963022321379E-02));
#1485 = CARTESIAN_POINT('',(6.270339920207,5.976117956639E-02));
#1486 = CARTESIAN_POINT('',(6.267718577721,4.997184856914E-02));
#1487 = CARTESIAN_POINT('',(6.26507961344,4.02613824146E-02));
#1488 = CARTESIAN_POINT('',(6.262422858353,3.062894683999E-02));
#1489 = CARTESIAN_POINT('',(6.259748141418,2.107372085244E-02));
#1490 = CARTESIAN_POINT('',(6.257055289525,1.159489650536E-02));
#1491 = CARTESIAN_POINT('',(6.254344127476,2.191678668221E-03));
#1492 = CARTESIAN_POINT('',(6.251614477948,-7.136715195101E-03));
#1493 = CARTESIAN_POINT('',(6.248866161469,-1.63910552436E-02));
#1494 = CARTESIAN_POINT('',(6.246098996385,-2.557209947093E-02));
#1495 = CARTESIAN_POINT('',(6.243312798831,-3.468059391283E-02));
#1496 = CARTESIAN_POINT('',(6.240507382699,-4.371727284739E-02));
#1497 = CARTESIAN_POINT('',(6.237682559608,-5.268285899925E-02));
#1498 = CARTESIAN_POINT('',(6.234838138868,-6.157806370658E-02));
#1499 = CARTESIAN_POINT('',(6.231973927468,-7.04035872049E-02));
#1500 = CARTESIAN_POINT('',(6.229089729959,-7.916011845384E-02));
#1501 = CARTESIAN_POINT('',(6.226185348737,-8.784833664828E-02));
#1502 = CARTESIAN_POINT('',(6.224235504804,-9.359538316497E-02));
#1503 = CARTESIAN_POINT('',(6.223257152058,-9.645774315259E-02));
#1504 = ( GEOMETRIC_REPRESENTATION_CONTEXT(2) 
PARAMETRIC_REPRESENTATION_CONTEXT() REPRESENTATION_CONTEXT('2D SPACE',''
  ) );
#1505 = ORIENTED_EDGE('',*,*,#1266,.F.);
#1506 = ADVANCED_FACE('',(#1507),#1360,.F.);
#1507 = FACE_BOUND('',#1508,.T.);
#1508 = EDGE_LOOP('',(#1509,#1552,#1553,#1596));
#1509 = ORIENTED_EDGE('',*,*,#1510,.F.);
#1510 = EDGE_CURVE('',#1345,#1396,#1511,.T.);
#1511 = SURFACE_CURVE('',#1512,(#1516,#1523),.PCURVE_S1.);
#1512 = ( BOUNDED_CURVE() B_SPLINE_CURVE(2,(#1513,#1514,#1515),
.UNSPECIFIED.,.F.,.F.) B_SPLINE_CURVE_WITH_KNOTS((3,3),(0.121821047459,
0.333116746241),.PIECEWISE_BEZIER_KNOTS.) CURVE() 
GEOMETRIC_REPRESENTATION_ITEM() RATIONAL_B_SPLINE_CURVE((1.003803496694,
1.005200285457,1.)) REPRESENTATION_ITEM('') );
#1513 = CARTESIAN_POINT('',(0.75,12.5,-5.303542256847));
#1514 = CARTESIAN_POINT('',(0.403220493489,13.452768863669,
    -5.397748745688));
#1515 = CARTESIAN_POINT('',(2.099418483877E-14,14.560608064591,
    -5.509934993883));
#1516 = PCURVE('',#1360,#1517);
#1517 = DEFINITIONAL_REPRESENTATION('',(#1518),#1522);
#1518 = ( BOUNDED_CURVE() B_SPLINE_CURVE(2,(#1519,#1520,#1521),
.UNSPECIFIED.,.F.,.F.) B_SPLINE_CURVE_WITH_KNOTS((3,3),(0.121821047459,
0.333116746241),.PIECEWISE_BEZIER_KNOTS.) CURVE() 
GEOMETRIC_REPRESENTATION_ITEM() RATIONAL_B_SPLINE_CURVE((1.003803496694,
1.005200285457,1.)) REPRESENTATION_ITEM('') );
#1519 = CARTESIAN_POINT('',(0.,0.));
#1520 = CARTESIAN_POINT('',(1.018282571909,5.329070518201E-15));
#1521 = CARTESIAN_POINT('',(2.202543214429,-2.635588942091E-03));
#1522 = ( GEOMETRIC_REPRESENTATION_CONTEXT(2) 
PARAMETRIC_REPRESENTATION_CONTEXT() REPRESENTATION_CONTEXT('2D SPACE',''
  ) );
#1523 = PCURVE('',#142,#1524);
#1524 = DEFINITIONAL_REPRESENTATION('',(#1525),#1551);
#1525 = B_SPLINE_CURVE_WITH_KNOTS('',3,(#1526,#1527,#1528,#1529,#1530,
    #1531,#1532,#1533,#1534,#1535,#1536,#1537,#1538,#1539,#1540,#1541,
    #1542,#1543,#1544,#1545,#1546,#1547,#1548,#1549,#1550),
  .UNSPECIFIED.,.F.,.F.,(4,1,1,1,1,1,1,1,1,1,1,1,1,1,1,1,1,1,1,1,1,1,4),
  (0.121821047459,0.131425397404,0.141029747348,0.150634097293,
    0.160238447238,0.169842797182,0.179447147127,0.189051497072,
    0.198655847016,0.208260196961,0.217864546905,0.22746889685,
    0.237073246795,0.246677596739,0.256281946684,0.265886296629,
    0.275490646573,0.285094996518,0.294699346463,0.304303696407,
    0.313908046352,0.323512396297,0.333116746241),
  .QUASI_UNIFORM_KNOTS.);
#1526 = CARTESIAN_POINT('',(-3.081664498469,-9.645774315259E-02));
#1527 = CARTESIAN_POINT('',(-3.082641605483,-9.35990277934E-02));
#1528 = CARTESIAN_POINT('',(-3.084589088474,-8.78589965845E-02));
#1529 = CARTESIAN_POINT('',(-3.087490312242,-7.918045794969E-02));
#1530 = CARTESIAN_POINT('',(-3.090371728583,-7.043274147105E-02));
#1531 = CARTESIAN_POINT('',(-3.093233527634,-6.161514597987E-02));
#1532 = CARTESIAN_POINT('',(-3.0960758975,-5.272696014335E-02));
#1533 = CARTESIAN_POINT('',(-3.098899023995,-4.376746088811E-02));
#1534 = CARTESIAN_POINT('',(-3.101703090748,-3.473591357531E-02));
#1535 = CARTESIAN_POINT('',(-3.104488279213,-2.563157170037E-02));
#1536 = CARTESIAN_POINT('',(-3.107254768702,-1.645367671391E-02));
#1537 = CARTESIAN_POINT('',(-3.110002736413,-7.201457804028E-03));
#1538 = CARTESIAN_POINT('',(-3.11273235746,2.125868317628E-03));
#1539 = CARTESIAN_POINT('',(-3.115443804901,1.152909763735E-02));
#1540 = CARTESIAN_POINT('',(-3.118137249761,2.10090390656E-02));
#1541 = CARTESIAN_POINT('',(-3.120812861067,3.056651466906E-02));
#1542 = CARTESIAN_POINT('',(-3.123470805866,4.020235990749E-02));
#1543 = CARTESIAN_POINT('',(-3.126111249259,4.99174238797E-02));
#1544 = CARTESIAN_POINT('',(-3.128734354425,5.971256956271E-02));
#1545 = CARTESIAN_POINT('',(-3.131340282639,6.958867410477E-02));
#1546 = CARTESIAN_POINT('',(-3.13392919332,7.954662894633E-02));
#1547 = CARTESIAN_POINT('',(-3.136501243991,8.958734061277E-02));
#1548 = CARTESIAN_POINT('',(-3.139056590531,9.971172903062E-02));
#1549 = CARTESIAN_POINT('',(-3.140749121081,0.106517733089));
#1550 = CARTESIAN_POINT('',(-3.14159265359,0.109934993883));
#1551 = ( GEOMETRIC_REPRESENTATION_CONTEXT(2) 
PARAMETRIC_REPRESENTATION_CONTEXT() REPRESENTATION_CONTEXT('2D SPACE',''
  ) );
#1552 = ORIENTED_EDGE('',*,*,#1344,.T.);
#1553 = ORIENTED_EDGE('',*,*,#1554,.T.);
#1554 = EDGE_CURVE('',#1295,#1441,#1555,.T.);
#1555 = SURFACE_CURVE('',#1556,(#1560,#1567),.PCURVE_S1.);
#1556 = ( BOUNDED_CURVE() B_SPLINE_CURVE(2,(#1557,#1558,#1559),
.UNSPECIFIED.,.F.,.F.) B_SPLINE_CURVE_WITH_KNOTS((3,3),(0.125512297233,
0.343647950161),.PIECEWISE_BEZIER_KNOTS.) CURVE() 
GEOMETRIC_REPRESENTATION_ITEM() RATIONAL_B_SPLINE_CURVE((1.005277855089,
1.007960138665,1.004024006775)) REPRESENTATION_ITEM('') );
#1557 = CARTESIAN_POINT('',(0.75,12.5,-5.053542256847));
#1558 = CARTESIAN_POINT('',(0.403220493487,13.452768863673,
    -5.147748745688));
#1559 = CARTESIAN_POINT('',(2.09554595898E-14,14.560608064591,
    -5.259934993883));
#1560 = PCURVE('',#1360,#1561);
#1561 = DEFINITIONAL_REPRESENTATION('',(#1562),#1566);
#1562 = ( BOUNDED_CURVE() B_SPLINE_CURVE(2,(#1563,#1564,#1565),
.UNSPECIFIED.,.F.,.F.) B_SPLINE_CURVE_WITH_KNOTS((3,3),(0.125512297233,
0.343647950161),.PIECEWISE_BEZIER_KNOTS.) CURVE() 
GEOMETRIC_REPRESENTATION_ITEM() RATIONAL_B_SPLINE_CURVE((1.005277855089,
1.007960138665,1.004024006775)) REPRESENTATION_ITEM('') );
#1563 = CARTESIAN_POINT('',(-2.312876883084E-02,0.248927820969));
#1564 = CARTESIAN_POINT('',(0.995153803083,0.248927820969));
#1565 = CARTESIAN_POINT('',(2.179414445599,0.246292232027));
#1566 = ( GEOMETRIC_REPRESENTATION_CONTEXT(2) 
PARAMETRIC_REPRESENTATION_CONTEXT() REPRESENTATION_CONTEXT('2D SPACE',''
  ) );
#1567 = PCURVE('',#1310,#1568);
#1568 = DEFINITIONAL_REPRESENTATION('',(#1569),#1595);
#1569 = B_SPLINE_CURVE_WITH_KNOTS('',3,(#1570,#1571,#1572,#1573,#1574,
    #1575,#1576,#1577,#1578,#1579,#1580,#1581,#1582,#1583,#1584,#1585,
    #1586,#1587,#1588,#1589,#1590,#1591,#1592,#1593,#1594),
  .UNSPECIFIED.,.F.,.F.,(4,1,1,1,1,1,1,1,1,1,1,1,1,1,1,1,1,1,1,1,1,1,4),
  (0.125512297233,0.135427554184,0.145342811136,0.155258068087,
    0.165173325038,0.175088581989,0.185003838941,0.194919095892,
    0.204834352843,0.214749609794,0.224664866746,0.234580123697,
    0.244495380648,0.254410637599,0.264325894551,0.274241151502,
    0.284156408453,0.294071665404,0.303986922356,0.313902179307,
    0.323817436258,0.333732693209,0.343647950161),
  .QUASI_UNIFORM_KNOTS.);
#1570 = CARTESIAN_POINT('',(6.343113462301,-9.645774315259E-02));
#1571 = CARTESIAN_POINT('',(6.342135109555,-9.359538316497E-02));
#1572 = CARTESIAN_POINT('',(6.340185265623,-8.784833664827E-02));
#1573 = CARTESIAN_POINT('',(6.3372808844,-7.916011845381E-02));
#1574 = CARTESIAN_POINT('',(6.334396686891,-7.040358720486E-02));
#1575 = CARTESIAN_POINT('',(6.331532475491,-6.157806370654E-02));
#1576 = CARTESIAN_POINT('',(6.328688054751,-5.268285899919E-02));
#1577 = CARTESIAN_POINT('',(6.32586323166,-4.371727284733E-02));
#1578 = CARTESIAN_POINT('',(6.323057815528,-3.468059391276E-02));
#1579 = CARTESIAN_POINT('',(6.320271617974,-2.557209947086E-02));
#1580 = CARTESIAN_POINT('',(6.31750445289,-1.639105524353E-02));
#1581 = CARTESIAN_POINT('',(6.314756136411,-7.136715195028E-03));
#1582 = CARTESIAN_POINT('',(6.312026486883,2.191678668293E-03));
#1583 = CARTESIAN_POINT('',(6.309315324834,1.159489650543E-02));
#1584 = CARTESIAN_POINT('',(6.306622472941,2.10737208525E-02));
#1585 = CARTESIAN_POINT('',(6.303947756006,3.062894684005E-02));
#1586 = CARTESIAN_POINT('',(6.301291000919,4.026138241466E-02));
#1587 = CARTESIAN_POINT('',(6.298652036638,4.997184856919E-02));
#1588 = CARTESIAN_POINT('',(6.296030694152,5.976117956643E-02));
#1589 = CARTESIAN_POINT('',(6.293426806464,6.963022321382E-02));
#1590 = CARTESIAN_POINT('',(6.29084020854,7.957984097399E-02));
#1591 = CARTESIAN_POINT('',(6.288270737353,8.961090871597E-02));
#1592 = CARTESIAN_POINT('',(6.285718231611,9.972431510351E-02));
#1593 = CARTESIAN_POINT('',(6.284027765621,0.106522084255));
#1594 = CARTESIAN_POINT('',(6.28318530718,0.109934993883));
#1595 = ( GEOMETRIC_REPRESENTATION_CONTEXT(2) 
PARAMETRIC_REPRESENTATION_CONTEXT() REPRESENTATION_CONTEXT('2D SPACE',''
  ) );
#1596 = ORIENTED_EDGE('',*,*,#1440,.F.);
#1597 = ADVANCED_FACE('',(#1598),#1310,.F.);
#1598 = FACE_BOUND('',#1599,.F.);
#1599 = EDGE_LOOP('',(#1600,#1601,#1602));
#1600 = ORIENTED_EDGE('',*,*,#1463,.T.);
#1601 = ORIENTED_EDGE('',*,*,#1294,.T.);
#1602 = ORIENTED_EDGE('',*,*,#1554,.T.);
#1603 = ADVANCED_FACE('',(#1604),#1619,.T.);
#1604 = FACE_BOUND('',#1605,.T.);
#1605 = EDGE_LOOP('',(#1606,#1637,#1661,#1690,#1712,#1713));
#1606 = ORIENTED_EDGE('',*,*,#1607,.T.);
#1607 = EDGE_CURVE('',#1608,#1610,#1612,.T.);
#1608 = VERTEX_POINT('',#1609);
#1609 = CARTESIAN_POINT('',(-1.892079304683E-15,15.45,-5.6));
#1610 = VERTEX_POINT('',#1611);
#1611 = CARTESIAN_POINT('',(15.45,-1.892079304683E-15,-5.6));
#1612 = SURFACE_CURVE('',#1613,(#1618,#1630),.PCURVE_S1.);
#1613 = CIRCLE('',#1614,15.45);
#1614 = AXIS2_PLACEMENT_3D('',#1615,#1616,#1617);
#1615 = CARTESIAN_POINT('',(0.,0.,-5.6));
#1616 = DIRECTION('',(0.,0.,1.));
#1617 = DIRECTION('',(0.,-1.,0.));
#1618 = PCURVE('',#1619,#1624);
#1619 = TOROIDAL_SURFACE('',#1620,15.45,0.4);
#1620 = AXIS2_PLACEMENT_3D('',#1621,#1622,#1623);
#1621 = CARTESIAN_POINT('',(0.,0.,-5.2));
#1622 = DIRECTION('',(0.,0.,-1.));
#1623 = DIRECTION('',(-1.,0.,0.));
#1624 = DEFINITIONAL_REPRESENTATION('',(#1625),#1629);
#1625 = LINE('',#1626,#1627);
#1626 = CARTESIAN_POINT('',(4.712388980385,1.570796326795));
#1627 = VECTOR('',#1628,1.);
#1628 = DIRECTION('',(-1.,0.));
#1629 = ( GEOMETRIC_REPRESENTATION_CONTEXT(2) 
PARAMETRIC_REPRESENTATION_CONTEXT() REPRESENTATION_CONTEXT('2D SPACE',''
  ) );
#1630 = PCURVE('',#142,#1631);
#1631 = DEFINITIONAL_REPRESENTATION('',(#1632),#1636);
#1632 = LINE('',#1633,#1634);
#1633 = CARTESIAN_POINT('',(6.28318530718,0.2));
#1634 = VECTOR('',#1635,1.);
#1635 = DIRECTION('',(-1.,0.));
#1636 = ( GEOMETRIC_REPRESENTATION_CONTEXT(2) 
PARAMETRIC_REPRESENTATION_CONTEXT() REPRESENTATION_CONTEXT('2D SPACE',''
  ) );
#1637 = ORIENTED_EDGE('',*,*,#1638,.T.);
#1638 = EDGE_CURVE('',#1610,#1639,#1641,.T.);
#1639 = VERTEX_POINT('',#1640);
#1640 = CARTESIAN_POINT('',(15.85,-1.941065176649E-15,-5.2));
#1641 = SEAM_CURVE('',#1642,(#1647,#1654),.PCURVE_S1.);
#1642 = CIRCLE('',#1643,0.4);
#1643 = AXIS2_PLACEMENT_3D('',#1644,#1645,#1646);
#1644 = CARTESIAN_POINT('',(15.45,-1.892079304683E-15,-5.2));
#1645 = DIRECTION('',(-1.224646799147E-16,-1.,0.));
#1646 = DIRECTION('',(1.,-1.224646799147E-16,0.));
#1647 = PCURVE('',#1619,#1648);
#1648 = DEFINITIONAL_REPRESENTATION('',(#1649),#1653);
#1649 = LINE('',#1650,#1651);
#1650 = CARTESIAN_POINT('',(-3.14159265359,6.28318530718));
#1651 = VECTOR('',#1652,1.);
#1652 = DIRECTION('',(0.,-1.));
#1653 = ( GEOMETRIC_REPRESENTATION_CONTEXT(2) 
PARAMETRIC_REPRESENTATION_CONTEXT() REPRESENTATION_CONTEXT('2D SPACE',''
  ) );
#1654 = PCURVE('',#1619,#1655);
#1655 = DEFINITIONAL_REPRESENTATION('',(#1656),#1660);
#1656 = LINE('',#1657,#1658);
#1657 = CARTESIAN_POINT('',(3.14159265359,6.28318530718));
#1658 = VECTOR('',#1659,1.);
#1659 = DIRECTION('',(0.,-1.));
#1660 = ( GEOMETRIC_REPRESENTATION_CONTEXT(2) 
PARAMETRIC_REPRESENTATION_CONTEXT() REPRESENTATION_CONTEXT('2D SPACE',''
  ) );
#1661 = ORIENTED_EDGE('',*,*,#1662,.T.);
#1662 = EDGE_CURVE('',#1639,#1663,#1665,.T.);
#1663 = VERTEX_POINT('',#1664);
#1664 = CARTESIAN_POINT('',(-15.85,1.941065176649E-15,-5.2));
#1665 = SURFACE_CURVE('',#1666,(#1671,#1678),.PCURVE_S1.);
#1666 = CIRCLE('',#1667,15.85);
#1667 = AXIS2_PLACEMENT_3D('',#1668,#1669,#1670);
#1668 = CARTESIAN_POINT('',(0.,0.,-5.2));
#1669 = DIRECTION('',(0.,0.,-1.));
#1670 = DIRECTION('',(1.,0.,0.));
#1671 = PCURVE('',#1619,#1672);
#1672 = DEFINITIONAL_REPRESENTATION('',(#1673),#1677);
#1673 = LINE('',#1674,#1675);
#1674 = CARTESIAN_POINT('',(-3.14159265359,0.));
#1675 = VECTOR('',#1676,1.);
#1676 = DIRECTION('',(1.,0.));
#1677 = ( GEOMETRIC_REPRESENTATION_CONTEXT(2) 
PARAMETRIC_REPRESENTATION_CONTEXT() REPRESENTATION_CONTEXT('2D SPACE',''
  ) );
#1678 = PCURVE('',#1679,#1684);
#1679 = CYLINDRICAL_SURFACE('',#1680,15.85);
#1680 = AXIS2_PLACEMENT_3D('',#1681,#1682,#1683);
#1681 = CARTESIAN_POINT('',(0.,0.,-2.6));
#1682 = DIRECTION('',(0.,0.,-1.));
#1683 = DIRECTION('',(1.,0.,0.));
#1684 = DEFINITIONAL_REPRESENTATION('',(#1685),#1689);
#1685 = LINE('',#1686,#1687);
#1686 = CARTESIAN_POINT('',(0.,2.6));
#1687 = VECTOR('',#1688,1.);
#1688 = DIRECTION('',(1.,0.));
#1689 = ( GEOMETRIC_REPRESENTATION_CONTEXT(2) 
PARAMETRIC_REPRESENTATION_CONTEXT() REPRESENTATION_CONTEXT('2D SPACE',''
  ) );
#1690 = ORIENTED_EDGE('',*,*,#1691,.T.);
#1691 = EDGE_CURVE('',#1663,#1639,#1692,.T.);
#1692 = SURFACE_CURVE('',#1693,(#1698,#1705),.PCURVE_S1.);
#1693 = CIRCLE('',#1694,15.85);
#1694 = AXIS2_PLACEMENT_3D('',#1695,#1696,#1697);
#1695 = CARTESIAN_POINT('',(0.,0.,-5.2));
#1696 = DIRECTION('',(0.,0.,-1.));
#1697 = DIRECTION('',(1.,0.,0.));
#1698 = PCURVE('',#1619,#1699);
#1699 = DEFINITIONAL_REPRESENTATION('',(#1700),#1704);
#1700 = LINE('',#1701,#1702);
#1701 = CARTESIAN_POINT('',(-3.14159265359,0.));
#1702 = VECTOR('',#1703,1.);
#1703 = DIRECTION('',(1.,0.));
#1704 = ( GEOMETRIC_REPRESENTATION_CONTEXT(2) 
PARAMETRIC_REPRESENTATION_CONTEXT() REPRESENTATION_CONTEXT('2D SPACE',''
  ) );
#1705 = PCURVE('',#1679,#1706);
#1706 = DEFINITIONAL_REPRESENTATION('',(#1707),#1711);
#1707 = LINE('',#1708,#1709);
#1708 = CARTESIAN_POINT('',(-6.28318530718,2.6));
#1709 = VECTOR('',#1710,1.);
#1710 = DIRECTION('',(1.,0.));
#1711 = ( GEOMETRIC_REPRESENTATION_CONTEXT(2) 
PARAMETRIC_REPRESENTATION_CONTEXT() REPRESENTATION_CONTEXT('2D SPACE',''
  ) );
#1712 = ORIENTED_EDGE('',*,*,#1638,.F.);
#1713 = ORIENTED_EDGE('',*,*,#1714,.T.);
#1714 = EDGE_CURVE('',#1610,#1608,#1715,.T.);
#1715 = SURFACE_CURVE('',#1716,(#1721,#1728),.PCURVE_S1.);
#1716 = CIRCLE('',#1717,15.45);
#1717 = AXIS2_PLACEMENT_3D('',#1718,#1719,#1720);
#1718 = CARTESIAN_POINT('',(0.,0.,-5.6));
#1719 = DIRECTION('',(0.,0.,1.));
#1720 = DIRECTION('',(0.,-1.,0.));
#1721 = PCURVE('',#1619,#1722);
#1722 = DEFINITIONAL_REPRESENTATION('',(#1723),#1727);
#1723 = LINE('',#1724,#1725);
#1724 = CARTESIAN_POINT('',(4.712388980385,1.570796326795));
#1725 = VECTOR('',#1726,1.);
#1726 = DIRECTION('',(-1.,0.));
#1727 = ( GEOMETRIC_REPRESENTATION_CONTEXT(2) 
PARAMETRIC_REPRESENTATION_CONTEXT() REPRESENTATION_CONTEXT('2D SPACE',''
  ) );
#1728 = PCURVE('',#142,#1729);
#1729 = DEFINITIONAL_REPRESENTATION('',(#1730),#1734);
#1730 = LINE('',#1731,#1732);
#1731 = CARTESIAN_POINT('',(0.,0.2));
#1732 = VECTOR('',#1733,1.);
#1733 = DIRECTION('',(-1.,0.));
#1734 = ( GEOMETRIC_REPRESENTATION_CONTEXT(2) 
PARAMETRIC_REPRESENTATION_CONTEXT() REPRESENTATION_CONTEXT('2D SPACE',''
  ) );
#1735 = ADVANCED_FACE('',(#1736),#1679,.T.);
#1736 = FACE_BOUND('',#1737,.T.);
#1737 = EDGE_LOOP('',(#1738,#1739,#1762,#1793,#1794));
#1738 = ORIENTED_EDGE('',*,*,#1691,.F.);
#1739 = ORIENTED_EDGE('',*,*,#1740,.T.);
#1740 = EDGE_CURVE('',#1663,#1741,#1743,.T.);
#1741 = VERTEX_POINT('',#1742);
#1742 = CARTESIAN_POINT('',(-15.85,-1.941065176649E-15,-2.6));
#1743 = SEAM_CURVE('',#1744,(#1748,#1755),.PCURVE_S1.);
#1744 = LINE('',#1745,#1746);
#1745 = CARTESIAN_POINT('',(-15.85,1.941065176649E-15,-2.6));
#1746 = VECTOR('',#1747,1.);
#1747 = DIRECTION('',(0.,0.,1.));
#1748 = PCURVE('',#1679,#1749);
#1749 = DEFINITIONAL_REPRESENTATION('',(#1750),#1754);
#1750 = LINE('',#1751,#1752);
#1751 = CARTESIAN_POINT('',(-3.14159265359,0.));
#1752 = VECTOR('',#1753,1.);
#1753 = DIRECTION('',(0.,-1.));
#1754 = ( GEOMETRIC_REPRESENTATION_CONTEXT(2) 
PARAMETRIC_REPRESENTATION_CONTEXT() REPRESENTATION_CONTEXT('2D SPACE',''
  ) );
#1755 = PCURVE('',#1679,#1756);
#1756 = DEFINITIONAL_REPRESENTATION('',(#1757),#1761);
#1757 = LINE('',#1758,#1759);
#1758 = CARTESIAN_POINT('',(3.14159265359,0.));
#1759 = VECTOR('',#1760,1.);
#1760 = DIRECTION('',(0.,-1.));
#1761 = ( GEOMETRIC_REPRESENTATION_CONTEXT(2) 
PARAMETRIC_REPRESENTATION_CONTEXT() REPRESENTATION_CONTEXT('2D SPACE',''
  ) );
#1762 = ORIENTED_EDGE('',*,*,#1763,.F.);
#1763 = EDGE_CURVE('',#1741,#1741,#1764,.T.);
#1764 = SURFACE_CURVE('',#1765,(#1770,#1777),.PCURVE_S1.);
#1765 = CIRCLE('',#1766,15.85);
#1766 = AXIS2_PLACEMENT_3D('',#1767,#1768,#1769);
#1767 = CARTESIAN_POINT('',(0.,0.,-2.6));
#1768 = DIRECTION('',(0.,0.,1.));
#1769 = DIRECTION('',(1.,0.,-0.));
#1770 = PCURVE('',#1679,#1771);
#1771 = DEFINITIONAL_REPRESENTATION('',(#1772),#1776);
#1772 = LINE('',#1773,#1774);
#1773 = CARTESIAN_POINT('',(6.28318530718,0.));
#1774 = VECTOR('',#1775,1.);
#1775 = DIRECTION('',(-1.,0.));
#1776 = ( GEOMETRIC_REPRESENTATION_CONTEXT(2) 
PARAMETRIC_REPRESENTATION_CONTEXT() REPRESENTATION_CONTEXT('2D SPACE',''
  ) );
#1777 = PCURVE('',#1778,#1783);
#1778 = PLANE('',#1779);
#1779 = AXIS2_PLACEMENT_3D('',#1780,#1781,#1782);
#1780 = CARTESIAN_POINT('',(0.,0.,-2.6));
#1781 = DIRECTION('',(0.,0.,-1.));
#1782 = DIRECTION('',(-1.,0.,0.));
#1783 = DEFINITIONAL_REPRESENTATION('',(#1784),#1792);
#1784 = ( BOUNDED_CURVE() B_SPLINE_CURVE(2,(#1785,#1786,#1787,#1788,
#1789,#1790,#1791),.UNSPECIFIED.,.T.,.F.) B_SPLINE_CURVE_WITH_KNOTS((1,2
    ,2,2,2,1),(-2.094395102393,0.,2.094395102393,4.188790204786,
6.28318530718,8.377580409573),.UNSPECIFIED.) CURVE() 
GEOMETRIC_REPRESENTATION_ITEM() RATIONAL_B_SPLINE_CURVE((1.,0.5,1.,0.5,
1.,0.5,1.)) REPRESENTATION_ITEM('') );
#1785 = CARTESIAN_POINT('',(-15.85,0.));
#1786 = CARTESIAN_POINT('',(-15.85,27.453005299967));
#1787 = CARTESIAN_POINT('',(7.925,13.726502649983));
#1788 = CARTESIAN_POINT('',(31.7,3.882130353297E-15));
#1789 = CARTESIAN_POINT('',(7.925,-13.72650264998));
#1790 = CARTESIAN_POINT('',(-15.85,-27.45300529996));
#1791 = CARTESIAN_POINT('',(-15.85,0.));
#1792 = ( GEOMETRIC_REPRESENTATION_CONTEXT(2) 
PARAMETRIC_REPRESENTATION_CONTEXT() REPRESENTATION_CONTEXT('2D SPACE',''
  ) );
#1793 = ORIENTED_EDGE('',*,*,#1740,.F.);
#1794 = ORIENTED_EDGE('',*,*,#1662,.F.);
#1795 = ADVANCED_FACE('',(#1796,#1901,#1906,#1911),#142,.F.);
#1796 = FACE_BOUND('',#1797,.F.);
#1797 = EDGE_LOOP('',(#1798,#1799,#1820,#1821,#1822,#1845,#1874,#1896,
    #1897,#1898,#1899,#1900));
#1798 = ORIENTED_EDGE('',*,*,#1714,.T.);
#1799 = ORIENTED_EDGE('',*,*,#1800,.T.);
#1800 = EDGE_CURVE('',#1608,#1396,#1801,.T.);
#1801 = SEAM_CURVE('',#1802,(#1806,#1813),.PCURVE_S1.);
#1802 = LINE('',#1803,#1804);
#1803 = CARTESIAN_POINT('',(-1.650211561851E-15,13.475,-5.4));
#1804 = VECTOR('',#1805,1.);
#1805 = DIRECTION('',(1.218415450463E-16,-0.994911717657,0.100750553687)
  );
#1806 = PCURVE('',#142,#1807);
#1807 = DEFINITIONAL_REPRESENTATION('',(#1808),#1812);
#1808 = LINE('',#1809,#1810);
#1809 = CARTESIAN_POINT('',(-3.14159265359,0.));
#1810 = VECTOR('',#1811,1.);
#1811 = DIRECTION('',(0.,-1.));
#1812 = ( GEOMETRIC_REPRESENTATION_CONTEXT(2) 
PARAMETRIC_REPRESENTATION_CONTEXT() REPRESENTATION_CONTEXT('2D SPACE',''
  ) );
#1813 = PCURVE('',#142,#1814);
#1814 = DEFINITIONAL_REPRESENTATION('',(#1815),#1819);
#1815 = LINE('',#1816,#1817);
#1816 = CARTESIAN_POINT('',(3.14159265359,0.));
#1817 = VECTOR('',#1818,1.);
#1818 = DIRECTION('',(0.,-1.));
#1819 = ( GEOMETRIC_REPRESENTATION_CONTEXT(2) 
PARAMETRIC_REPRESENTATION_CONTEXT() REPRESENTATION_CONTEXT('2D SPACE',''
  ) );
#1820 = ORIENTED_EDGE('',*,*,#1510,.F.);
#1821 = ORIENTED_EDGE('',*,*,#1372,.F.);
#1822 = ORIENTED_EDGE('',*,*,#1823,.T.);
#1823 = EDGE_CURVE('',#1240,#1824,#1826,.T.);
#1824 = VERTEX_POINT('',#1825);
#1825 = CARTESIAN_POINT('',(-1.408343819019E-15,11.5,-5.2));
#1826 = SEAM_CURVE('',#1827,(#1831,#1838),.PCURVE_S1.);
#1827 = LINE('',#1828,#1829);
#1828 = CARTESIAN_POINT('',(-1.650211561851E-15,13.475,-5.4));
#1829 = VECTOR('',#1830,1.);
#1830 = DIRECTION('',(1.218415450463E-16,-0.994911717657,0.100750553687)
  );
#1831 = PCURVE('',#142,#1832);
#1832 = DEFINITIONAL_REPRESENTATION('',(#1833),#1837);
#1833 = LINE('',#1834,#1835);
#1834 = CARTESIAN_POINT('',(-3.14159265359,1.118555844468E-17));
#1835 = VECTOR('',#1836,1.);
#1836 = DIRECTION('',(0.,-1.));
#1837 = ( GEOMETRIC_REPRESENTATION_CONTEXT(2) 
PARAMETRIC_REPRESENTATION_CONTEXT() REPRESENTATION_CONTEXT('2D SPACE',''
  ) );
#1838 = PCURVE('',#142,#1839);
#1839 = DEFINITIONAL_REPRESENTATION('',(#1840),#1844);
#1840 = LINE('',#1841,#1842);
#1841 = CARTESIAN_POINT('',(3.14159265359,1.118555844468E-17));
#1842 = VECTOR('',#1843,1.);
#1843 = DIRECTION('',(0.,-1.));
#1844 = ( GEOMETRIC_REPRESENTATION_CONTEXT(2) 
PARAMETRIC_REPRESENTATION_CONTEXT() REPRESENTATION_CONTEXT('2D SPACE',''
  ) );
#1845 = ORIENTED_EDGE('',*,*,#1846,.T.);
#1846 = EDGE_CURVE('',#1824,#1847,#1849,.T.);
#1847 = VERTEX_POINT('',#1848);
#1848 = CARTESIAN_POINT('',(-11.5,1.408343819019E-15,-5.2));
#1849 = SURFACE_CURVE('',#1850,(#1855,#1862),.PCURVE_S1.);
#1850 = CIRCLE('',#1851,11.5);
#1851 = AXIS2_PLACEMENT_3D('',#1852,#1853,#1854);
#1852 = CARTESIAN_POINT('',(0.,0.,-5.2));
#1853 = DIRECTION('',(0.,0.,-1.));
#1854 = DIRECTION('',(1.,0.,0.));
#1855 = PCURVE('',#142,#1856);
#1856 = DEFINITIONAL_REPRESENTATION('',(#1857),#1861);
#1857 = LINE('',#1858,#1859);
#1858 = CARTESIAN_POINT('',(-7.853981633974,-0.2));
#1859 = VECTOR('',#1860,1.);
#1860 = DIRECTION('',(1.,0.));
#1861 = ( GEOMETRIC_REPRESENTATION_CONTEXT(2) 
PARAMETRIC_REPRESENTATION_CONTEXT() REPRESENTATION_CONTEXT('2D SPACE',''
  ) );
#1862 = PCURVE('',#1863,#1868);
#1863 = CYLINDRICAL_SURFACE('',#1864,11.5);
#1864 = AXIS2_PLACEMENT_3D('',#1865,#1866,#1867);
#1865 = CARTESIAN_POINT('',(0.,0.,-2.6));
#1866 = DIRECTION('',(0.,0.,-1.));
#1867 = DIRECTION('',(1.,0.,0.));
#1868 = DEFINITIONAL_REPRESENTATION('',(#1869),#1873);
#1869 = LINE('',#1870,#1871);
#1870 = CARTESIAN_POINT('',(0.,2.6));
#1871 = VECTOR('',#1872,1.);
#1872 = DIRECTION('',(1.,0.));
#1873 = ( GEOMETRIC_REPRESENTATION_CONTEXT(2) 
PARAMETRIC_REPRESENTATION_CONTEXT() REPRESENTATION_CONTEXT('2D SPACE',''
  ) );
#1874 = ORIENTED_EDGE('',*,*,#1875,.T.);
#1875 = EDGE_CURVE('',#1847,#1824,#1876,.T.);
#1876 = SURFACE_CURVE('',#1877,(#1882,#1889),.PCURVE_S1.);
#1877 = CIRCLE('',#1878,11.5);
#1878 = AXIS2_PLACEMENT_3D('',#1879,#1880,#1881);
#1879 = CARTESIAN_POINT('',(0.,0.,-5.2));
#1880 = DIRECTION('',(0.,0.,-1.));
#1881 = DIRECTION('',(1.,0.,0.));
#1882 = PCURVE('',#142,#1883);
#1883 = DEFINITIONAL_REPRESENTATION('',(#1884),#1888);
#1884 = LINE('',#1885,#1886);
#1885 = CARTESIAN_POINT('',(-1.570796326795,-0.2));
#1886 = VECTOR('',#1887,1.);
#1887 = DIRECTION('',(1.,0.));
#1888 = ( GEOMETRIC_REPRESENTATION_CONTEXT(2) 
PARAMETRIC_REPRESENTATION_CONTEXT() REPRESENTATION_CONTEXT('2D SPACE',''
  ) );
#1889 = PCURVE('',#1863,#1890);
#1890 = DEFINITIONAL_REPRESENTATION('',(#1891),#1895);
#1891 = LINE('',#1892,#1893);
#1892 = CARTESIAN_POINT('',(0.,2.6));
#1893 = VECTOR('',#1894,1.);
#1894 = DIRECTION('',(1.,0.));
#1895 = ( GEOMETRIC_REPRESENTATION_CONTEXT(2) 
PARAMETRIC_REPRESENTATION_CONTEXT() REPRESENTATION_CONTEXT('2D SPACE',''
  ) );
#1896 = ORIENTED_EDGE('',*,*,#1823,.F.);
#1897 = ORIENTED_EDGE('',*,*,#1237,.F.);
#1898 = ORIENTED_EDGE('',*,*,#1395,.F.);
#1899 = ORIENTED_EDGE('',*,*,#1800,.F.);
#1900 = ORIENTED_EDGE('',*,*,#1607,.T.);
#1901 = FACE_BOUND('',#1902,.F.);
#1902 = EDGE_LOOP('',(#1903,#1904,#1905));
#1903 = ORIENTED_EDGE('',*,*,#283,.F.);
#1904 = ORIENTED_EDGE('',*,*,#398,.F.);
#1905 = ORIENTED_EDGE('',*,*,#119,.F.);
#1906 = FACE_BOUND('',#1907,.F.);
#1907 = EDGE_LOOP('',(#1908,#1909,#1910));
#1908 = ORIENTED_EDGE('',*,*,#654,.F.);
#1909 = ORIENTED_EDGE('',*,*,#769,.F.);
#1910 = ORIENTED_EDGE('',*,*,#495,.F.);
#1911 = FACE_BOUND('',#1912,.F.);
#1912 = EDGE_LOOP('',(#1913,#1914,#1915));
#1913 = ORIENTED_EDGE('',*,*,#1025,.F.);
#1914 = ORIENTED_EDGE('',*,*,#1140,.F.);
#1915 = ORIENTED_EDGE('',*,*,#866,.F.);
#1916 = ADVANCED_FACE('',(#1917),#1863,.F.);
#1917 = FACE_BOUND('',#1918,.F.);
#1918 = EDGE_LOOP('',(#1919,#1920,#1943,#1965,#1966));
#1919 = ORIENTED_EDGE('',*,*,#1875,.F.);
#1920 = ORIENTED_EDGE('',*,*,#1921,.T.);
#1921 = EDGE_CURVE('',#1847,#1922,#1924,.T.);
#1922 = VERTEX_POINT('',#1923);
#1923 = CARTESIAN_POINT('',(-11.5,1.408343819019E-15,-2.6));
#1924 = SEAM_CURVE('',#1925,(#1929,#1936),.PCURVE_S1.);
#1925 = LINE('',#1926,#1927);
#1926 = CARTESIAN_POINT('',(-11.5,1.408343819019E-15,-2.6));
#1927 = VECTOR('',#1928,1.);
#1928 = DIRECTION('',(0.,0.,1.));
#1929 = PCURVE('',#1863,#1930);
#1930 = DEFINITIONAL_REPRESENTATION('',(#1931),#1935);
#1931 = LINE('',#1932,#1933);
#1932 = CARTESIAN_POINT('',(3.14159265359,0.));
#1933 = VECTOR('',#1934,1.);
#1934 = DIRECTION('',(0.,-1.));
#1935 = ( GEOMETRIC_REPRESENTATION_CONTEXT(2) 
PARAMETRIC_REPRESENTATION_CONTEXT() REPRESENTATION_CONTEXT('2D SPACE',''
  ) );
#1936 = PCURVE('',#1863,#1937);
#1937 = DEFINITIONAL_REPRESENTATION('',(#1938),#1942);
#1938 = LINE('',#1939,#1940);
#1939 = CARTESIAN_POINT('',(9.424777960769,0.));
#1940 = VECTOR('',#1941,1.);
#1941 = DIRECTION('',(0.,-1.));
#1942 = ( GEOMETRIC_REPRESENTATION_CONTEXT(2) 
PARAMETRIC_REPRESENTATION_CONTEXT() REPRESENTATION_CONTEXT('2D SPACE',''
  ) );
#1943 = ORIENTED_EDGE('',*,*,#1944,.T.);
#1944 = EDGE_CURVE('',#1922,#1922,#1945,.T.);
#1945 = SURFACE_CURVE('',#1946,(#1951,#1958),.PCURVE_S1.);
#1946 = CIRCLE('',#1947,11.5);
#1947 = AXIS2_PLACEMENT_3D('',#1948,#1949,#1950);
#1948 = CARTESIAN_POINT('',(0.,0.,-2.6));
#1949 = DIRECTION('',(0.,0.,-1.));
#1950 = DIRECTION('',(1.,0.,0.));
#1951 = PCURVE('',#1863,#1952);
#1952 = DEFINITIONAL_REPRESENTATION('',(#1953),#1957);
#1953 = LINE('',#1954,#1955);
#1954 = CARTESIAN_POINT('',(0.,0.));
#1955 = VECTOR('',#1956,1.);
#1956 = DIRECTION('',(1.,0.));
#1957 = ( GEOMETRIC_REPRESENTATION_CONTEXT(2) 
PARAMETRIC_REPRESENTATION_CONTEXT() REPRESENTATION_CONTEXT('2D SPACE',''
  ) );
#1958 = PCURVE('',#1778,#1959);
#1959 = DEFINITIONAL_REPRESENTATION('',(#1960),#1964);
#1960 = CIRCLE('',#1961,11.5);
#1961 = AXIS2_PLACEMENT_2D('',#1962,#1963);
#1962 = CARTESIAN_POINT('',(0.,0.));
#1963 = DIRECTION('',(-1.,0.));
#1964 = ( GEOMETRIC_REPRESENTATION_CONTEXT(2) 
PARAMETRIC_REPRESENTATION_CONTEXT() REPRESENTATION_CONTEXT('2D SPACE',''
  ) );
#1965 = ORIENTED_EDGE('',*,*,#1921,.F.);
#1966 = ORIENTED_EDGE('',*,*,#1846,.F.);
#1967 = ADVANCED_FACE('',(#1968,#1971),#1778,.F.);
#1968 = FACE_BOUND('',#1969,.T.);
#1969 = EDGE_LOOP('',(#1970));
#1970 = ORIENTED_EDGE('',*,*,#1763,.T.);
#1971 = FACE_BOUND('',#1972,.T.);
#1972 = EDGE_LOOP('',(#1973));
#1973 = ORIENTED_EDGE('',*,*,#1944,.T.);
#1974 = MANIFOLD_SOLID_BREP('',#1975);
#1975 = CLOSED_SHELL('',(#1976,#2073,#2077,#2169,#2173,#2265,#2269,#2361
    ,#2365,#2457,#2461,#2553,#2557,#2649,#2653,#2745,#2749,#2841,#2845,
    #2937,#2941,#3033,#3037,#3129,#3133,#3225,#3229,#3321,#3325,#3417,
    #3421,#3513,#3517,#3601,#3688,#3743,#3823,#3878));
#1976 = ADVANCED_FACE('',(#1977),#1990,.T.);
#1977 = FACE_BOUND('',#1978,.T.);
#1978 = EDGE_LOOP('',(#1979,#2017,#2041,#2072));
#1979 = ORIENTED_EDGE('',*,*,#1980,.T.);
#1980 = EDGE_CURVE('',#1981,#1981,#1983,.T.);
#1981 = VERTEX_POINT('',#1982);
#1982 = CARTESIAN_POINT('',(3.744150942608,8.314915916503,-5.8));
#1983 = SURFACE_CURVE('',#1984,(#1989,#2001),.PCURVE_S1.);
#1984 = CIRCLE('',#1985,0.3);
#1985 = AXIS2_PLACEMENT_3D('',#1986,#1987,#1988);
#1986 = CARTESIAN_POINT('',(3.444150942608,8.314915916503,-5.8));
#1987 = DIRECTION('',(0.,0.,1.));
#1988 = DIRECTION('',(0.923879532511,-0.382683432365,0.));
#1989 = PCURVE('',#1990,#1995);
#1990 = TOROIDAL_SURFACE('',#1991,0.3,0.2);
#1991 = AXIS2_PLACEMENT_3D('',#1992,#1993,#1994);
#1992 = CARTESIAN_POINT('',(3.444150942608,8.314915916503,-5.6));
#1993 = DIRECTION('',(0.,0.,-1.));
#1994 = DIRECTION('',(-1.,0.,0.));
#1995 = DEFINITIONAL_REPRESENTATION('',(#1996),#2000);
#1996 = LINE('',#1997,#1998);
#1997 = CARTESIAN_POINT('',(3.534291735289,1.570796326795));
#1998 = VECTOR('',#1999,1.);
#1999 = DIRECTION('',(-1.,0.));
#2000 = ( GEOMETRIC_REPRESENTATION_CONTEXT(2) 
PARAMETRIC_REPRESENTATION_CONTEXT() REPRESENTATION_CONTEXT('2D SPACE',''
  ) );
#2001 = PCURVE('',#2002,#2007);
#2002 = PLANE('',#2003);
#2003 = AXIS2_PLACEMENT_3D('',#2004,#2005,#2006);
#2004 = CARTESIAN_POINT('',(3.444150942608,8.314915916503,-5.8));
#2005 = DIRECTION('',(0.,0.,-1.));
#2006 = DIRECTION('',(0.923879532511,-0.382683432365,0.));
#2007 = DEFINITIONAL_REPRESENTATION('',(#2008),#2016);
#2008 = ( BOUNDED_CURVE() B_SPLINE_CURVE(2,(#2009,#2010,#2011,#2012,
#2013,#2014,#2015),.UNSPECIFIED.,.T.,.F.) B_SPLINE_CURVE_WITH_KNOTS((1,2
    ,2,2,2,1),(-2.094395102393,0.,2.094395102393,4.188790204786,
6.28318530718,8.377580409573),.UNSPECIFIED.) CURVE() 
GEOMETRIC_REPRESENTATION_ITEM() RATIONAL_B_SPLINE_CURVE((1.,0.5,1.,0.5,
1.,0.5,1.)) REPRESENTATION_ITEM('') );
#2009 = CARTESIAN_POINT('',(0.3,-1.153273198563E-16));
#2010 = CARTESIAN_POINT('',(0.3,-0.519615242271));
#2011 = CARTESIAN_POINT('',(-0.15,-0.259807621135));
#2012 = CARTESIAN_POINT('',(-0.6,1.571758317638E-16));
#2013 = CARTESIAN_POINT('',(-0.15,0.259807621135));
#2014 = CARTESIAN_POINT('',(0.3,0.519615242271));
#2015 = CARTESIAN_POINT('',(0.3,-1.153273198563E-16));
#2016 = ( GEOMETRIC_REPRESENTATION_CONTEXT(2) 
PARAMETRIC_REPRESENTATION_CONTEXT() REPRESENTATION_CONTEXT('2D SPACE',''
  ) );
#2017 = ORIENTED_EDGE('',*,*,#2018,.T.);
#2018 = EDGE_CURVE('',#1981,#2019,#2021,.T.);
#2019 = VERTEX_POINT('',#2020);
#2020 = CARTESIAN_POINT('',(3.944150942608,8.314915916503,-5.6));
#2021 = SEAM_CURVE('',#2022,(#2027,#2034),.PCURVE_S1.);
#2022 = CIRCLE('',#2023,0.2);
#2023 = AXIS2_PLACEMENT_3D('',#2024,#2025,#2026);
#2024 = CARTESIAN_POINT('',(3.744150942608,8.314915916503,-5.6));
#2025 = DIRECTION('',(0.,-1.,0.));
#2026 = DIRECTION('',(1.,0.,0.));
#2027 = PCURVE('',#1990,#2028);
#2028 = DEFINITIONAL_REPRESENTATION('',(#2029),#2033);
#2029 = LINE('',#2030,#2031);
#2030 = CARTESIAN_POINT('',(-3.14159265359,6.28318530718));
#2031 = VECTOR('',#2032,1.);
#2032 = DIRECTION('',(0.,-1.));
#2033 = ( GEOMETRIC_REPRESENTATION_CONTEXT(2) 
PARAMETRIC_REPRESENTATION_CONTEXT() REPRESENTATION_CONTEXT('2D SPACE',''
  ) );
#2034 = PCURVE('',#1990,#2035);
#2035 = DEFINITIONAL_REPRESENTATION('',(#2036),#2040);
#2036 = LINE('',#2037,#2038);
#2037 = CARTESIAN_POINT('',(3.14159265359,6.28318530718));
#2038 = VECTOR('',#2039,1.);
#2039 = DIRECTION('',(0.,-1.));
#2040 = ( GEOMETRIC_REPRESENTATION_CONTEXT(2) 
PARAMETRIC_REPRESENTATION_CONTEXT() REPRESENTATION_CONTEXT('2D SPACE',''
  ) );
#2041 = ORIENTED_EDGE('',*,*,#2042,.F.);
#2042 = EDGE_CURVE('',#2019,#2019,#2043,.T.);
#2043 = SURFACE_CURVE('',#2044,(#2049,#2056),.PCURVE_S1.);
#2044 = CIRCLE('',#2045,0.5);
#2045 = AXIS2_PLACEMENT_3D('',#2046,#2047,#2048);
#2046 = CARTESIAN_POINT('',(3.444150942608,8.314915916503,-5.6));
#2047 = DIRECTION('',(0.,0.,1.));
#2048 = DIRECTION('',(0.923879532511,-0.382683432365,0.));
#2049 = PCURVE('',#1990,#2050);
#2050 = DEFINITIONAL_REPRESENTATION('',(#2051),#2055);
#2051 = LINE('',#2052,#2053);
#2052 = CARTESIAN_POINT('',(3.534291735289,0.));
#2053 = VECTOR('',#2054,1.);
#2054 = DIRECTION('',(-1.,0.));
#2055 = ( GEOMETRIC_REPRESENTATION_CONTEXT(2) 
PARAMETRIC_REPRESENTATION_CONTEXT() REPRESENTATION_CONTEXT('2D SPACE',''
  ) );
#2056 = PCURVE('',#2057,#2062);
#2057 = PLANE('',#2058);
#2058 = AXIS2_PLACEMENT_3D('',#2059,#2060,#2061);
#2059 = CARTESIAN_POINT('',(0.,0.,-5.6));
#2060 = DIRECTION('',(0.,0.,-1.));
#2061 = DIRECTION('',(-1.,0.,0.));
#2062 = DEFINITIONAL_REPRESENTATION('',(#2063),#2071);
#2063 = ( BOUNDED_CURVE() B_SPLINE_CURVE(2,(#2064,#2065,#2066,#2067,
#2068,#2069,#2070),.UNSPECIFIED.,.T.,.F.) B_SPLINE_CURVE_WITH_KNOTS((1,2
    ,2,2,2,1),(-2.094395102393,0.,2.094395102393,4.188790204786,
6.28318530718,8.377580409573),.UNSPECIFIED.) CURVE() 
GEOMETRIC_REPRESENTATION_ITEM() RATIONAL_B_SPLINE_CURVE((1.,0.5,1.,0.5,
1.,0.5,1.)) REPRESENTATION_ITEM('') );
#2064 = CARTESIAN_POINT('',(-3.906090708863,8.123574200321));
#2065 = CARTESIAN_POINT('',(-4.237504282899,8.923677345512));
#2066 = CARTESIAN_POINT('',(-3.378887846498,8.81063834719));
#2067 = CARTESIAN_POINT('',(-2.520271410096,8.697599348869));
#2068 = CARTESIAN_POINT('',(-3.047474272462,8.010535201999));
#2069 = CARTESIAN_POINT('',(-3.574677134828,7.32347105513));
#2070 = CARTESIAN_POINT('',(-3.906090708863,8.123574200321));
#2071 = ( GEOMETRIC_REPRESENTATION_CONTEXT(2) 
PARAMETRIC_REPRESENTATION_CONTEXT() REPRESENTATION_CONTEXT('2D SPACE',''
  ) );
#2072 = ORIENTED_EDGE('',*,*,#2018,.F.);
#2073 = ADVANCED_FACE('',(#2074),#2002,.T.);
#2074 = FACE_BOUND('',#2075,.T.);
#2075 = EDGE_LOOP('',(#2076));
#2076 = ORIENTED_EDGE('',*,*,#1980,.F.);
#2077 = ADVANCED_FACE('',(#2078),#2091,.T.);
#2078 = FACE_BOUND('',#2079,.T.);
#2079 = EDGE_LOOP('',(#2080,#2118,#2142,#2168));
#2080 = ORIENTED_EDGE('',*,*,#2081,.T.);
#2081 = EDGE_CURVE('',#2082,#2082,#2084,.T.);
#2082 = VERTEX_POINT('',#2083);
#2083 = CARTESIAN_POINT('',(6.663961125509,6.363961125509,-5.8));
#2084 = SURFACE_CURVE('',#2085,(#2090,#2102),.PCURVE_S1.);
#2085 = CIRCLE('',#2086,0.3);
#2086 = AXIS2_PLACEMENT_3D('',#2087,#2088,#2089);
#2087 = CARTESIAN_POINT('',(6.363961125509,6.363961125509,-5.8));
#2088 = DIRECTION('',(0.,0.,1.));
#2089 = DIRECTION('',(0.707106781187,-0.707106781187,0.));
#2090 = PCURVE('',#2091,#2096);
#2091 = TOROIDAL_SURFACE('',#2092,0.3,0.2);
#2092 = AXIS2_PLACEMENT_3D('',#2093,#2094,#2095);
#2093 = CARTESIAN_POINT('',(6.363961125509,6.363961125509,-5.6));
#2094 = DIRECTION('',(0.,0.,-1.));
#2095 = DIRECTION('',(-1.,0.,0.));
#2096 = DEFINITIONAL_REPRESENTATION('',(#2097),#2101);
#2097 = LINE('',#2098,#2099);
#2098 = CARTESIAN_POINT('',(3.926990816987,1.570796326795));
#2099 = VECTOR('',#2100,1.);
#2100 = DIRECTION('',(-1.,0.));
#2101 = ( GEOMETRIC_REPRESENTATION_CONTEXT(2) 
PARAMETRIC_REPRESENTATION_CONTEXT() REPRESENTATION_CONTEXT('2D SPACE',''
  ) );
#2102 = PCURVE('',#2103,#2108);
#2103 = PLANE('',#2104);
#2104 = AXIS2_PLACEMENT_3D('',#2105,#2106,#2107);
#2105 = CARTESIAN_POINT('',(6.363961125509,6.363961125509,-5.8));
#2106 = DIRECTION('',(0.,0.,-1.));
#2107 = DIRECTION('',(0.707106781187,-0.707106781187,0.));
#2108 = DEFINITIONAL_REPRESENTATION('',(#2109),#2117);
#2109 = ( BOUNDED_CURVE() B_SPLINE_CURVE(2,(#2110,#2111,#2112,#2113,
#2114,#2115,#2116),.UNSPECIFIED.,.T.,.F.) B_SPLINE_CURVE_WITH_KNOTS((1,2
    ,2,2,2,1),(-2.094395102393,0.,2.094395102393,4.188790204786,
6.28318530718,8.377580409573),.UNSPECIFIED.) CURVE() 
GEOMETRIC_REPRESENTATION_ITEM() RATIONAL_B_SPLINE_CURVE((1.,0.5,1.,0.5,
1.,0.5,1.)) REPRESENTATION_ITEM('') );
#2110 = CARTESIAN_POINT('',(0.3,4.148465872621E-16));
#2111 = CARTESIAN_POINT('',(0.3,-0.519615242271));
#2112 = CARTESIAN_POINT('',(-0.15,-0.259807621135));
#2113 = CARTESIAN_POINT('',(-0.6,-9.031719824731E-16));
#2114 = CARTESIAN_POINT('',(-0.15,0.259807621135));
#2115 = CARTESIAN_POINT('',(0.3,0.519615242271));
#2116 = CARTESIAN_POINT('',(0.3,4.148465872621E-16));
#2117 = ( GEOMETRIC_REPRESENTATION_CONTEXT(2) 
PARAMETRIC_REPRESENTATION_CONTEXT() REPRESENTATION_CONTEXT('2D SPACE',''
  ) );
#2118 = ORIENTED_EDGE('',*,*,#2119,.T.);
#2119 = EDGE_CURVE('',#2082,#2120,#2122,.T.);
#2120 = VERTEX_POINT('',#2121);
#2121 = CARTESIAN_POINT('',(6.863961125509,6.363961125509,-5.6));
#2122 = SEAM_CURVE('',#2123,(#2128,#2135),.PCURVE_S1.);
#2123 = CIRCLE('',#2124,0.2);
#2124 = AXIS2_PLACEMENT_3D('',#2125,#2126,#2127);
#2125 = CARTESIAN_POINT('',(6.663961125509,6.363961125509,-5.6));
#2126 = DIRECTION('',(0.,-1.,0.));
#2127 = DIRECTION('',(1.,0.,0.));
#2128 = PCURVE('',#2091,#2129);
#2129 = DEFINITIONAL_REPRESENTATION('',(#2130),#2134);
#2130 = LINE('',#2131,#2132);
#2131 = CARTESIAN_POINT('',(-3.14159265359,6.28318530718));
#2132 = VECTOR('',#2133,1.);
#2133 = DIRECTION('',(0.,-1.));
#2134 = ( GEOMETRIC_REPRESENTATION_CONTEXT(2) 
PARAMETRIC_REPRESENTATION_CONTEXT() REPRESENTATION_CONTEXT('2D SPACE',''
  ) );
#2135 = PCURVE('',#2091,#2136);
#2136 = DEFINITIONAL_REPRESENTATION('',(#2137),#2141);
#2137 = LINE('',#2138,#2139);
#2138 = CARTESIAN_POINT('',(3.14159265359,6.28318530718));
#2139 = VECTOR('',#2140,1.);
#2140 = DIRECTION('',(0.,-1.));
#2141 = ( GEOMETRIC_REPRESENTATION_CONTEXT(2) 
PARAMETRIC_REPRESENTATION_CONTEXT() REPRESENTATION_CONTEXT('2D SPACE',''
  ) );
#2142 = ORIENTED_EDGE('',*,*,#2143,.F.);
#2143 = EDGE_CURVE('',#2120,#2120,#2144,.T.);
#2144 = SURFACE_CURVE('',#2145,(#2150,#2157),.PCURVE_S1.);
#2145 = CIRCLE('',#2146,0.5);
#2146 = AXIS2_PLACEMENT_3D('',#2147,#2148,#2149);
#2147 = CARTESIAN_POINT('',(6.363961125509,6.363961125509,-5.6));
#2148 = DIRECTION('',(0.,0.,1.));
#2149 = DIRECTION('',(0.707106781187,-0.707106781187,0.));
#2150 = PCURVE('',#2091,#2151);
#2151 = DEFINITIONAL_REPRESENTATION('',(#2152),#2156);
#2152 = LINE('',#2153,#2154);
#2153 = CARTESIAN_POINT('',(3.926990816987,0.));
#2154 = VECTOR('',#2155,1.);
#2155 = DIRECTION('',(-1.,0.));
#2156 = ( GEOMETRIC_REPRESENTATION_CONTEXT(2) 
PARAMETRIC_REPRESENTATION_CONTEXT() REPRESENTATION_CONTEXT('2D SPACE',''
  ) );
#2157 = PCURVE('',#2057,#2158);
#2158 = DEFINITIONAL_REPRESENTATION('',(#2159),#2167);
#2159 = ( BOUNDED_CURVE() B_SPLINE_CURVE(2,(#2160,#2161,#2162,#2163,
#2164,#2165,#2166),.UNSPECIFIED.,.T.,.F.) B_SPLINE_CURVE_WITH_KNOTS((1,2
    ,2,2,2,1),(-2.094395102393,0.,2.094395102393,4.188790204786,
6.28318530718,8.377580409573),.UNSPECIFIED.) CURVE() 
GEOMETRIC_REPRESENTATION_ITEM() RATIONAL_B_SPLINE_CURVE((1.,0.5,1.,0.5,
1.,0.5,1.)) REPRESENTATION_ITEM('') );
#2160 = CARTESIAN_POINT('',(-6.717514516103,6.010407734916));
#2161 = CARTESIAN_POINT('',(-7.329886951798,6.622780170612));
#2162 = CARTESIAN_POINT('',(-6.493370648061,6.846924038654));
#2163 = CARTESIAN_POINT('',(-5.656854344323,7.071067906696));
#2164 = CARTESIAN_POINT('',(-5.880998212365,6.234551602958));
#2165 = CARTESIAN_POINT('',(-6.105142080407,5.39803529922));
#2166 = CARTESIAN_POINT('',(-6.717514516103,6.010407734916));
#2167 = ( GEOMETRIC_REPRESENTATION_CONTEXT(2) 
PARAMETRIC_REPRESENTATION_CONTEXT() REPRESENTATION_CONTEXT('2D SPACE',''
  ) );
#2168 = ORIENTED_EDGE('',*,*,#2119,.F.);
#2169 = ADVANCED_FACE('',(#2170),#2103,.T.);
#2170 = FACE_BOUND('',#2171,.T.);
#2171 = EDGE_LOOP('',(#2172));
#2172 = ORIENTED_EDGE('',*,*,#2081,.F.);
#2173 = ADVANCED_FACE('',(#2174),#2187,.T.);
#2174 = FACE_BOUND('',#2175,.T.);
#2175 = EDGE_LOOP('',(#2176,#2214,#2238,#2264));
#2176 = ORIENTED_EDGE('',*,*,#2177,.T.);
#2177 = EDGE_CURVE('',#2178,#2178,#2180,.T.);
#2178 = VERTEX_POINT('',#2179);
#2179 = CARTESIAN_POINT('',(8.614915916503,3.444150942608,-5.8));
#2180 = SURFACE_CURVE('',#2181,(#2186,#2198),.PCURVE_S1.);
#2181 = CIRCLE('',#2182,0.3);
#2182 = AXIS2_PLACEMENT_3D('',#2183,#2184,#2185);
#2183 = CARTESIAN_POINT('',(8.314915916503,3.444150942608,-5.8));
#2184 = DIRECTION('',(0.,0.,1.));
#2185 = DIRECTION('',(0.382683432365,-0.923879532511,0.));
#2186 = PCURVE('',#2187,#2192);
#2187 = TOROIDAL_SURFACE('',#2188,0.3,0.2);
#2188 = AXIS2_PLACEMENT_3D('',#2189,#2190,#2191);
#2189 = CARTESIAN_POINT('',(8.314915916503,3.444150942608,-5.6));
#2190 = DIRECTION('',(0.,0.,-1.));
#2191 = DIRECTION('',(-1.,0.,0.));
#2192 = DEFINITIONAL_REPRESENTATION('',(#2193),#2197);
#2193 = LINE('',#2194,#2195);
#2194 = CARTESIAN_POINT('',(4.319689898686,1.570796326795));
#2195 = VECTOR('',#2196,1.);
#2196 = DIRECTION('',(-1.,0.));
#2197 = ( GEOMETRIC_REPRESENTATION_CONTEXT(2) 
PARAMETRIC_REPRESENTATION_CONTEXT() REPRESENTATION_CONTEXT('2D SPACE',''
  ) );
#2198 = PCURVE('',#2199,#2204);
#2199 = PLANE('',#2200);
#2200 = AXIS2_PLACEMENT_3D('',#2201,#2202,#2203);
#2201 = CARTESIAN_POINT('',(8.314915916503,3.444150942608,-5.8));
#2202 = DIRECTION('',(0.,0.,-1.));
#2203 = DIRECTION('',(0.382683432365,-0.923879532511,0.));
#2204 = DEFINITIONAL_REPRESENTATION('',(#2205),#2213);
#2205 = ( BOUNDED_CURVE() B_SPLINE_CURVE(2,(#2206,#2207,#2208,#2209,
#2210,#2211,#2212),.UNSPECIFIED.,.T.,.F.) B_SPLINE_CURVE_WITH_KNOTS((1,2
    ,2,2,2,1),(-2.094395102393,0.,2.094395102393,4.188790204786,
6.28318530718,8.377580409573),.UNSPECIFIED.) CURVE() 
GEOMETRIC_REPRESENTATION_ITEM() RATIONAL_B_SPLINE_CURVE((1.,0.5,1.,0.5,
1.,0.5,1.)) REPRESENTATION_ITEM('') );
#2206 = CARTESIAN_POINT('',(0.3,-7.627525314064E-18));
#2207 = CARTESIAN_POINT('',(0.3,-0.519615242271));
#2208 = CARTESIAN_POINT('',(-0.15,-0.259807621135));
#2209 = CARTESIAN_POINT('',(-0.6,-5.822375732071E-17));
#2210 = CARTESIAN_POINT('',(-0.15,0.259807621135));
#2211 = CARTESIAN_POINT('',(0.3,0.519615242271));
#2212 = CARTESIAN_POINT('',(0.3,-7.627525314064E-18));
#2213 = ( GEOMETRIC_REPRESENTATION_CONTEXT(2) 
PARAMETRIC_REPRESENTATION_CONTEXT() REPRESENTATION_CONTEXT('2D SPACE',''
  ) );
#2214 = ORIENTED_EDGE('',*,*,#2215,.T.);
#2215 = EDGE_CURVE('',#2178,#2216,#2218,.T.);
#2216 = VERTEX_POINT('',#2217);
#2217 = CARTESIAN_POINT('',(8.814915916503,3.444150942608,-5.6));
#2218 = SEAM_CURVE('',#2219,(#2224,#2231),.PCURVE_S1.);
#2219 = CIRCLE('',#2220,0.2);
#2220 = AXIS2_PLACEMENT_3D('',#2221,#2222,#2223);
#2221 = CARTESIAN_POINT('',(8.614915916503,3.444150942608,-5.6));
#2222 = DIRECTION('',(0.,-1.,0.));
#2223 = DIRECTION('',(1.,0.,0.));
#2224 = PCURVE('',#2187,#2225);
#2225 = DEFINITIONAL_REPRESENTATION('',(#2226),#2230);
#2226 = LINE('',#2227,#2228);
#2227 = CARTESIAN_POINT('',(-3.14159265359,6.28318530718));
#2228 = VECTOR('',#2229,1.);
#2229 = DIRECTION('',(0.,-1.));
#2230 = ( GEOMETRIC_REPRESENTATION_CONTEXT(2) 
PARAMETRIC_REPRESENTATION_CONTEXT() REPRESENTATION_CONTEXT('2D SPACE',''
  ) );
#2231 = PCURVE('',#2187,#2232);
#2232 = DEFINITIONAL_REPRESENTATION('',(#2233),#2237);
#2233 = LINE('',#2234,#2235);
#2234 = CARTESIAN_POINT('',(3.14159265359,6.28318530718));
#2235 = VECTOR('',#2236,1.);
#2236 = DIRECTION('',(0.,-1.));
#2237 = ( GEOMETRIC_REPRESENTATION_CONTEXT(2) 
PARAMETRIC_REPRESENTATION_CONTEXT() REPRESENTATION_CONTEXT('2D SPACE',''
  ) );
#2238 = ORIENTED_EDGE('',*,*,#2239,.F.);
#2239 = EDGE_CURVE('',#2216,#2216,#2240,.T.);
#2240 = SURFACE_CURVE('',#2241,(#2246,#2253),.PCURVE_S1.);
#2241 = CIRCLE('',#2242,0.5);
#2242 = AXIS2_PLACEMENT_3D('',#2243,#2244,#2245);
#2243 = CARTESIAN_POINT('',(8.314915916503,3.444150942608,-5.6));
#2244 = DIRECTION('',(0.,0.,1.));
#2245 = DIRECTION('',(0.382683432365,-0.923879532511,0.));
#2246 = PCURVE('',#2187,#2247);
#2247 = DEFINITIONAL_REPRESENTATION('',(#2248),#2252);
#2248 = LINE('',#2249,#2250);
#2249 = CARTESIAN_POINT('',(4.319689898686,0.));
#2250 = VECTOR('',#2251,1.);
#2251 = DIRECTION('',(-1.,0.));
#2252 = ( GEOMETRIC_REPRESENTATION_CONTEXT(2) 
PARAMETRIC_REPRESENTATION_CONTEXT() REPRESENTATION_CONTEXT('2D SPACE',''
  ) );
#2253 = PCURVE('',#2057,#2254);
#2254 = DEFINITIONAL_REPRESENTATION('',(#2255),#2263);
#2255 = ( BOUNDED_CURVE() B_SPLINE_CURVE(2,(#2256,#2257,#2258,#2259,
#2260,#2261,#2262),.UNSPECIFIED.,.T.,.F.) B_SPLINE_CURVE_WITH_KNOTS((1,2
    ,2,2,2,1),(-2.094395102393,0.,2.094395102393,4.188790204786,
6.28318530718,8.377580409573),.UNSPECIFIED.) CURVE() 
GEOMETRIC_REPRESENTATION_ITEM() RATIONAL_B_SPLINE_CURVE((1.,0.5,1.,0.5,
1.,0.5,1.)) REPRESENTATION_ITEM('') );
#2256 = CARTESIAN_POINT('',(-8.506257632686,2.982211176352));
#2257 = CARTESIAN_POINT('',(-9.306360777877,3.313624750388));
#2258 = CARTESIAN_POINT('',(-8.619296631008,3.840827612753));
#2259 = CARTESIAN_POINT('',(-7.932232484138,4.368030475119));
#2260 = CARTESIAN_POINT('',(-7.819193485817,3.509414038718));
#2261 = CARTESIAN_POINT('',(-7.706154487495,2.650797602316));
#2262 = CARTESIAN_POINT('',(-8.506257632686,2.982211176352));
#2263 = ( GEOMETRIC_REPRESENTATION_CONTEXT(2) 
PARAMETRIC_REPRESENTATION_CONTEXT() REPRESENTATION_CONTEXT('2D SPACE',''
  ) );
#2264 = ORIENTED_EDGE('',*,*,#2215,.F.);
#2265 = ADVANCED_FACE('',(#2266),#2199,.T.);
#2266 = FACE_BOUND('',#2267,.T.);
#2267 = EDGE_LOOP('',(#2268));
#2268 = ORIENTED_EDGE('',*,*,#2177,.F.);
#2269 = ADVANCED_FACE('',(#2270),#2283,.T.);
#2270 = FACE_BOUND('',#2271,.T.);
#2271 = EDGE_LOOP('',(#2272,#2310,#2334,#2360));
#2272 = ORIENTED_EDGE('',*,*,#2273,.T.);
#2273 = EDGE_CURVE('',#2274,#2274,#2276,.T.);
#2274 = VERTEX_POINT('',#2275);
#2275 = CARTESIAN_POINT('',(9.30000013411,-1.690012607459E-15,-5.8));
#2276 = SURFACE_CURVE('',#2277,(#2282,#2294),.PCURVE_S1.);
#2277 = CIRCLE('',#2278,0.3);
#2278 = AXIS2_PLACEMENT_3D('',#2279,#2280,#2281);
#2279 = CARTESIAN_POINT('',(9.00000013411,-1.653273203485E-15,-5.8));
#2280 = DIRECTION('',(0.,0.,1.));
#2281 = DIRECTION('',(0.,-1.,0.));
#2282 = PCURVE('',#2283,#2288);
#2283 = TOROIDAL_SURFACE('',#2284,0.3,0.2);
#2284 = AXIS2_PLACEMENT_3D('',#2285,#2286,#2287);
#2285 = CARTESIAN_POINT('',(9.00000013411,-1.653273203485E-15,-5.6));
#2286 = DIRECTION('',(0.,0.,-1.));
#2287 = DIRECTION('',(-1.,0.,0.));
#2288 = DEFINITIONAL_REPRESENTATION('',(#2289),#2293);
#2289 = LINE('',#2290,#2291);
#2290 = CARTESIAN_POINT('',(4.712388980385,1.570796326795));
#2291 = VECTOR('',#2292,1.);
#2292 = DIRECTION('',(-1.,0.));
#2293 = ( GEOMETRIC_REPRESENTATION_CONTEXT(2) 
PARAMETRIC_REPRESENTATION_CONTEXT() REPRESENTATION_CONTEXT('2D SPACE',''
  ) );
#2294 = PCURVE('',#2295,#2300);
#2295 = PLANE('',#2296);
#2296 = AXIS2_PLACEMENT_3D('',#2297,#2298,#2299);
#2297 = CARTESIAN_POINT('',(9.00000013411,-1.653273203485E-15,-5.8));
#2298 = DIRECTION('',(0.,0.,-1.));
#2299 = DIRECTION('',(-1.836970198721E-16,-1.,-0.));
#2300 = DEFINITIONAL_REPRESENTATION('',(#2301),#2309);
#2301 = ( BOUNDED_CURVE() B_SPLINE_CURVE(2,(#2302,#2303,#2304,#2305,
#2306,#2307,#2308),.UNSPECIFIED.,.T.,.F.) B_SPLINE_CURVE_WITH_KNOTS((1,2
    ,2,2,2,1),(-2.094395102393,0.,2.094395102393,4.188790204786,
6.28318530718,8.377580409573),.UNSPECIFIED.) CURVE() 
GEOMETRIC_REPRESENTATION_ITEM() RATIONAL_B_SPLINE_CURVE((1.,0.5,1.,0.5,
1.,0.5,1.)) REPRESENTATION_ITEM('') );
#2302 = CARTESIAN_POINT('',(0.3,-5.510910596163E-17));
#2303 = CARTESIAN_POINT('',(0.3,-0.519615242271));
#2304 = CARTESIAN_POINT('',(-0.15,-0.259807621135));
#2305 = CARTESIAN_POINT('',(-0.6,3.673940397442E-17));
#2306 = CARTESIAN_POINT('',(-0.15,0.259807621135));
#2307 = CARTESIAN_POINT('',(0.3,0.519615242271));
#2308 = CARTESIAN_POINT('',(0.3,-5.510910596163E-17));
#2309 = ( GEOMETRIC_REPRESENTATION_CONTEXT(2) 
PARAMETRIC_REPRESENTATION_CONTEXT() REPRESENTATION_CONTEXT('2D SPACE',''
  ) );
#2310 = ORIENTED_EDGE('',*,*,#2311,.T.);
#2311 = EDGE_CURVE('',#2274,#2312,#2314,.T.);
#2312 = VERTEX_POINT('',#2313);
#2313 = CARTESIAN_POINT('',(9.50000013411,-1.714505543442E-15,-5.6));
#2314 = SEAM_CURVE('',#2315,(#2320,#2327),.PCURVE_S1.);
#2315 = CIRCLE('',#2316,0.2);
#2316 = AXIS2_PLACEMENT_3D('',#2317,#2318,#2319);
#2317 = CARTESIAN_POINT('',(9.30000013411,-1.690012607459E-15,-5.6));
#2318 = DIRECTION('',(-1.224646799147E-16,-1.,0.));
#2319 = DIRECTION('',(1.,-1.224646799147E-16,0.));
#2320 = PCURVE('',#2283,#2321);
#2321 = DEFINITIONAL_REPRESENTATION('',(#2322),#2326);
#2322 = LINE('',#2323,#2324);
#2323 = CARTESIAN_POINT('',(-3.14159265359,6.28318530718));
#2324 = VECTOR('',#2325,1.);
#2325 = DIRECTION('',(0.,-1.));
#2326 = ( GEOMETRIC_REPRESENTATION_CONTEXT(2) 
PARAMETRIC_REPRESENTATION_CONTEXT() REPRESENTATION_CONTEXT('2D SPACE',''
  ) );
#2327 = PCURVE('',#2283,#2328);
#2328 = DEFINITIONAL_REPRESENTATION('',(#2329),#2333);
#2329 = LINE('',#2330,#2331);
#2330 = CARTESIAN_POINT('',(3.14159265359,6.28318530718));
#2331 = VECTOR('',#2332,1.);
#2332 = DIRECTION('',(0.,-1.));
#2333 = ( GEOMETRIC_REPRESENTATION_CONTEXT(2) 
PARAMETRIC_REPRESENTATION_CONTEXT() REPRESENTATION_CONTEXT('2D SPACE',''
  ) );
#2334 = ORIENTED_EDGE('',*,*,#2335,.F.);
#2335 = EDGE_CURVE('',#2312,#2312,#2336,.T.);
#2336 = SURFACE_CURVE('',#2337,(#2342,#2349),.PCURVE_S1.);
#2337 = CIRCLE('',#2338,0.5);
#2338 = AXIS2_PLACEMENT_3D('',#2339,#2340,#2341);
#2339 = CARTESIAN_POINT('',(9.00000013411,-1.653273203485E-15,-5.6));
#2340 = DIRECTION('',(0.,0.,1.));
#2341 = DIRECTION('',(-1.836970198721E-16,-1.,0.));
#2342 = PCURVE('',#2283,#2343);
#2343 = DEFINITIONAL_REPRESENTATION('',(#2344),#2348);
#2344 = LINE('',#2345,#2346);
#2345 = CARTESIAN_POINT('',(4.712388980385,0.));
#2346 = VECTOR('',#2347,1.);
#2347 = DIRECTION('',(-1.,0.));
#2348 = ( GEOMETRIC_REPRESENTATION_CONTEXT(2) 
PARAMETRIC_REPRESENTATION_CONTEXT() REPRESENTATION_CONTEXT('2D SPACE',''
  ) );
#2349 = PCURVE('',#2057,#2350);
#2350 = DEFINITIONAL_REPRESENTATION('',(#2351),#2359);
#2351 = ( BOUNDED_CURVE() B_SPLINE_CURVE(2,(#2352,#2353,#2354,#2355,
#2356,#2357,#2358),.UNSPECIFIED.,.T.,.F.) B_SPLINE_CURVE_WITH_KNOTS((1,2
    ,2,2,2,1),(-2.094395102393,0.,2.094395102393,4.188790204786,
6.28318530718,8.377580409573),.UNSPECIFIED.) CURVE() 
GEOMETRIC_REPRESENTATION_ITEM() RATIONAL_B_SPLINE_CURVE((1.,0.5,1.,0.5,
1.,0.5,1.)) REPRESENTATION_ITEM('') );
#2352 = CARTESIAN_POINT('',(-9.00000013411,-0.5));
#2353 = CARTESIAN_POINT('',(-9.866025537895,-0.5));
#2354 = CARTESIAN_POINT('',(-9.433012836003,0.25));
#2355 = CARTESIAN_POINT('',(-9.00000013411,1.));
#2356 = CARTESIAN_POINT('',(-8.566987432218,0.25));
#2357 = CARTESIAN_POINT('',(-8.133974730326,-0.5));
#2358 = CARTESIAN_POINT('',(-9.00000013411,-0.5));
#2359 = ( GEOMETRIC_REPRESENTATION_CONTEXT(2) 
PARAMETRIC_REPRESENTATION_CONTEXT() REPRESENTATION_CONTEXT('2D SPACE',''
  ) );
#2360 = ORIENTED_EDGE('',*,*,#2311,.F.);
#2361 = ADVANCED_FACE('',(#2362),#2295,.T.);
#2362 = FACE_BOUND('',#2363,.T.);
#2363 = EDGE_LOOP('',(#2364));
#2364 = ORIENTED_EDGE('',*,*,#2273,.F.);
#2365 = ADVANCED_FACE('',(#2366),#2379,.T.);
#2366 = FACE_BOUND('',#2367,.T.);
#2367 = EDGE_LOOP('',(#2368,#2406,#2430,#2456));
#2368 = ORIENTED_EDGE('',*,*,#2369,.T.);
#2369 = EDGE_CURVE('',#2370,#2370,#2372,.T.);
#2370 = VERTEX_POINT('',#2371);
#2371 = CARTESIAN_POINT('',(8.614915916503,-3.444150942608,-5.8));
#2372 = SURFACE_CURVE('',#2373,(#2378,#2390),.PCURVE_S1.);
#2373 = CIRCLE('',#2374,0.3);
#2374 = AXIS2_PLACEMENT_3D('',#2375,#2376,#2377);
#2375 = CARTESIAN_POINT('',(8.314915916503,-3.444150942608,-5.8));
#2376 = DIRECTION('',(0.,0.,1.));
#2377 = DIRECTION('',(-0.382683432365,-0.923879532511,0.));
#2378 = PCURVE('',#2379,#2384);
#2379 = TOROIDAL_SURFACE('',#2380,0.3,0.2);
#2380 = AXIS2_PLACEMENT_3D('',#2381,#2382,#2383);
#2381 = CARTESIAN_POINT('',(8.314915916503,-3.444150942608,-5.6));
#2382 = DIRECTION('',(0.,0.,-1.));
#2383 = DIRECTION('',(-1.,0.,0.));
#2384 = DEFINITIONAL_REPRESENTATION('',(#2385),#2389);
#2385 = LINE('',#2386,#2387);
#2386 = CARTESIAN_POINT('',(5.105088062083,1.570796326795));
#2387 = VECTOR('',#2388,1.);
#2388 = DIRECTION('',(-1.,0.));
#2389 = ( GEOMETRIC_REPRESENTATION_CONTEXT(2) 
PARAMETRIC_REPRESENTATION_CONTEXT() REPRESENTATION_CONTEXT('2D SPACE',''
  ) );
#2390 = PCURVE('',#2391,#2396);
#2391 = PLANE('',#2392);
#2392 = AXIS2_PLACEMENT_3D('',#2393,#2394,#2395);
#2393 = CARTESIAN_POINT('',(8.314915916503,-3.444150942608,-5.8));
#2394 = DIRECTION('',(0.,0.,-1.));
#2395 = DIRECTION('',(-0.382683432365,-0.923879532511,-0.));
#2396 = DEFINITIONAL_REPRESENTATION('',(#2397),#2405);
#2397 = ( BOUNDED_CURVE() B_SPLINE_CURVE(2,(#2398,#2399,#2400,#2401,
#2402,#2403,#2404),.UNSPECIFIED.,.T.,.F.) B_SPLINE_CURVE_WITH_KNOTS((1,2
    ,2,2,2,1),(-2.094395102393,0.,2.094395102393,4.188790204786,
6.28318530718,8.377580409573),.UNSPECIFIED.) CURVE() 
GEOMETRIC_REPRESENTATION_ITEM() RATIONAL_B_SPLINE_CURVE((1.,0.5,1.,0.5,
1.,0.5,1.)) REPRESENTATION_ITEM('') );
#2398 = CARTESIAN_POINT('',(0.3,-1.216918110042E-16));
#2399 = CARTESIAN_POINT('',(0.3,-0.519615242271));
#2400 = CARTESIAN_POINT('',(-0.15,-0.259807621135));
#2401 = CARTESIAN_POINT('',(-0.6,1.699048140596E-16));
#2402 = CARTESIAN_POINT('',(-0.15,0.259807621135));
#2403 = CARTESIAN_POINT('',(0.3,0.519615242271));
#2404 = CARTESIAN_POINT('',(0.3,-1.216918110042E-16));
#2405 = ( GEOMETRIC_REPRESENTATION_CONTEXT(2) 
PARAMETRIC_REPRESENTATION_CONTEXT() REPRESENTATION_CONTEXT('2D SPACE',''
  ) );
#2406 = ORIENTED_EDGE('',*,*,#2407,.T.);
#2407 = EDGE_CURVE('',#2370,#2408,#2410,.T.);
#2408 = VERTEX_POINT('',#2409);
#2409 = CARTESIAN_POINT('',(8.814915916503,-3.444150942608,-5.6));
#2410 = SEAM_CURVE('',#2411,(#2416,#2423),.PCURVE_S1.);
#2411 = CIRCLE('',#2412,0.2);
#2412 = AXIS2_PLACEMENT_3D('',#2413,#2414,#2415);
#2413 = CARTESIAN_POINT('',(8.614915916503,-3.444150942608,-5.6));
#2414 = DIRECTION('',(0.,-1.,0.));
#2415 = DIRECTION('',(1.,0.,0.));
#2416 = PCURVE('',#2379,#2417);
#2417 = DEFINITIONAL_REPRESENTATION('',(#2418),#2422);
#2418 = LINE('',#2419,#2420);
#2419 = CARTESIAN_POINT('',(-3.14159265359,6.28318530718));
#2420 = VECTOR('',#2421,1.);
#2421 = DIRECTION('',(0.,-1.));
#2422 = ( GEOMETRIC_REPRESENTATION_CONTEXT(2) 
PARAMETRIC_REPRESENTATION_CONTEXT() REPRESENTATION_CONTEXT('2D SPACE',''
  ) );
#2423 = PCURVE('',#2379,#2424);
#2424 = DEFINITIONAL_REPRESENTATION('',(#2425),#2429);
#2425 = LINE('',#2426,#2427);
#2426 = CARTESIAN_POINT('',(3.14159265359,6.28318530718));
#2427 = VECTOR('',#2428,1.);
#2428 = DIRECTION('',(0.,-1.));
#2429 = ( GEOMETRIC_REPRESENTATION_CONTEXT(2) 
PARAMETRIC_REPRESENTATION_CONTEXT() REPRESENTATION_CONTEXT('2D SPACE',''
  ) );
#2430 = ORIENTED_EDGE('',*,*,#2431,.F.);
#2431 = EDGE_CURVE('',#2408,#2408,#2432,.T.);
#2432 = SURFACE_CURVE('',#2433,(#2438,#2445),.PCURVE_S1.);
#2433 = CIRCLE('',#2434,0.5);
#2434 = AXIS2_PLACEMENT_3D('',#2435,#2436,#2437);
#2435 = CARTESIAN_POINT('',(8.314915916503,-3.444150942608,-5.6));
#2436 = DIRECTION('',(0.,0.,1.));
#2437 = DIRECTION('',(-0.382683432365,-0.923879532511,0.));
#2438 = PCURVE('',#2379,#2439);
#2439 = DEFINITIONAL_REPRESENTATION('',(#2440),#2444);
#2440 = LINE('',#2441,#2442);
#2441 = CARTESIAN_POINT('',(5.105088062083,0.));
#2442 = VECTOR('',#2443,1.);
#2443 = DIRECTION('',(-1.,0.));
#2444 = ( GEOMETRIC_REPRESENTATION_CONTEXT(2) 
PARAMETRIC_REPRESENTATION_CONTEXT() REPRESENTATION_CONTEXT('2D SPACE',''
  ) );
#2445 = PCURVE('',#2057,#2446);
#2446 = DEFINITIONAL_REPRESENTATION('',(#2447),#2455);
#2447 = ( BOUNDED_CURVE() B_SPLINE_CURVE(2,(#2448,#2449,#2450,#2451,
#2452,#2453,#2454),.UNSPECIFIED.,.T.,.F.) B_SPLINE_CURVE_WITH_KNOTS((1,2
    ,2,2,2,1),(-2.094395102393,0.,2.094395102393,4.188790204786,
6.28318530718,8.377580409573),.UNSPECIFIED.) CURVE() 
GEOMETRIC_REPRESENTATION_ITEM() RATIONAL_B_SPLINE_CURVE((1.,0.5,1.,0.5,
1.,0.5,1.)) REPRESENTATION_ITEM('') );
#2448 = CARTESIAN_POINT('',(-8.123574200321,-3.906090708863));
#2449 = CARTESIAN_POINT('',(-8.923677345512,-4.237504282899));
#2450 = CARTESIAN_POINT('',(-8.81063834719,-3.378887846498));
#2451 = CARTESIAN_POINT('',(-8.697599348869,-2.520271410096));
#2452 = CARTESIAN_POINT('',(-8.010535201999,-3.047474272462));
#2453 = CARTESIAN_POINT('',(-7.32347105513,-3.574677134828));
#2454 = CARTESIAN_POINT('',(-8.123574200321,-3.906090708863));
#2455 = ( GEOMETRIC_REPRESENTATION_CONTEXT(2) 
PARAMETRIC_REPRESENTATION_CONTEXT() REPRESENTATION_CONTEXT('2D SPACE',''
  ) );
#2456 = ORIENTED_EDGE('',*,*,#2407,.F.);
#2457 = ADVANCED_FACE('',(#2458),#2391,.T.);
#2458 = FACE_BOUND('',#2459,.T.);
#2459 = EDGE_LOOP('',(#2460));
#2460 = ORIENTED_EDGE('',*,*,#2369,.F.);
#2461 = ADVANCED_FACE('',(#2462),#2475,.T.);
#2462 = FACE_BOUND('',#2463,.T.);
#2463 = EDGE_LOOP('',(#2464,#2502,#2526,#2552));
#2464 = ORIENTED_EDGE('',*,*,#2465,.T.);
#2465 = EDGE_CURVE('',#2466,#2466,#2468,.T.);
#2466 = VERTEX_POINT('',#2467);
#2467 = CARTESIAN_POINT('',(6.663961125509,-6.363961125509,-5.8));
#2468 = SURFACE_CURVE('',#2469,(#2474,#2486),.PCURVE_S1.);
#2469 = CIRCLE('',#2470,0.3);
#2470 = AXIS2_PLACEMENT_3D('',#2471,#2472,#2473);
#2471 = CARTESIAN_POINT('',(6.363961125509,-6.363961125509,-5.8));
#2472 = DIRECTION('',(0.,0.,1.));
#2473 = DIRECTION('',(-0.707106781187,-0.707106781187,0.));
#2474 = PCURVE('',#2475,#2480);
#2475 = TOROIDAL_SURFACE('',#2476,0.3,0.2);
#2476 = AXIS2_PLACEMENT_3D('',#2477,#2478,#2479);
#2477 = CARTESIAN_POINT('',(6.363961125509,-6.363961125509,-5.6));
#2478 = DIRECTION('',(0.,0.,-1.));
#2479 = DIRECTION('',(-1.,0.,0.));
#2480 = DEFINITIONAL_REPRESENTATION('',(#2481),#2485);
#2481 = LINE('',#2482,#2483);
#2482 = CARTESIAN_POINT('',(5.497787143782,1.570796326795));
#2483 = VECTOR('',#2484,1.);
#2484 = DIRECTION('',(-1.,0.));
#2485 = ( GEOMETRIC_REPRESENTATION_CONTEXT(2) 
PARAMETRIC_REPRESENTATION_CONTEXT() REPRESENTATION_CONTEXT('2D SPACE',''
  ) );
#2486 = PCURVE('',#2487,#2492);
#2487 = PLANE('',#2488);
#2488 = AXIS2_PLACEMENT_3D('',#2489,#2490,#2491);
#2489 = CARTESIAN_POINT('',(6.363961125509,-6.363961125509,-5.8));
#2490 = DIRECTION('',(0.,0.,-1.));
#2491 = DIRECTION('',(-0.707106781187,-0.707106781187,-0.));
#2492 = DEFINITIONAL_REPRESENTATION('',(#2493),#2501);
#2493 = ( BOUNDED_CURVE() B_SPLINE_CURVE(2,(#2494,#2495,#2496,#2497,
#2498,#2499,#2500),.UNSPECIFIED.,.T.,.F.) B_SPLINE_CURVE_WITH_KNOTS((1,2
    ,2,2,2,1),(-2.094395102393,0.,2.094395102393,4.188790204786,
6.28318530718,8.377580409573),.UNSPECIFIED.) CURVE() 
GEOMETRIC_REPRESENTATION_ITEM() RATIONAL_B_SPLINE_CURVE((1.,0.5,1.,0.5,
1.,0.5,1.)) REPRESENTATION_ITEM('') );
#2494 = CARTESIAN_POINT('',(0.3,4.254120108169E-16));
#2495 = CARTESIAN_POINT('',(0.3,-0.519615242271));
#2496 = CARTESIAN_POINT('',(-0.15,-0.259807621135));
#2497 = CARTESIAN_POINT('',(-0.6,-9.243028295827E-16));
#2498 = CARTESIAN_POINT('',(-0.15,0.259807621135));
#2499 = CARTESIAN_POINT('',(0.3,0.519615242271));
#2500 = CARTESIAN_POINT('',(0.3,4.254120108169E-16));
#2501 = ( GEOMETRIC_REPRESENTATION_CONTEXT(2) 
PARAMETRIC_REPRESENTATION_CONTEXT() REPRESENTATION_CONTEXT('2D SPACE',''
  ) );
#2502 = ORIENTED_EDGE('',*,*,#2503,.T.);
#2503 = EDGE_CURVE('',#2466,#2504,#2506,.T.);
#2504 = VERTEX_POINT('',#2505);
#2505 = CARTESIAN_POINT('',(6.863961125509,-6.363961125509,-5.6));
#2506 = SEAM_CURVE('',#2507,(#2512,#2519),.PCURVE_S1.);
#2507 = CIRCLE('',#2508,0.2);
#2508 = AXIS2_PLACEMENT_3D('',#2509,#2510,#2511);
#2509 = CARTESIAN_POINT('',(6.663961125509,-6.363961125509,-5.6));
#2510 = DIRECTION('',(0.,-1.,0.));
#2511 = DIRECTION('',(1.,0.,0.));
#2512 = PCURVE('',#2475,#2513);
#2513 = DEFINITIONAL_REPRESENTATION('',(#2514),#2518);
#2514 = LINE('',#2515,#2516);
#2515 = CARTESIAN_POINT('',(-3.14159265359,6.28318530718));
#2516 = VECTOR('',#2517,1.);
#2517 = DIRECTION('',(0.,-1.));
#2518 = ( GEOMETRIC_REPRESENTATION_CONTEXT(2) 
PARAMETRIC_REPRESENTATION_CONTEXT() REPRESENTATION_CONTEXT('2D SPACE',''
  ) );
#2519 = PCURVE('',#2475,#2520);
#2520 = DEFINITIONAL_REPRESENTATION('',(#2521),#2525);
#2521 = LINE('',#2522,#2523);
#2522 = CARTESIAN_POINT('',(3.14159265359,6.28318530718));
#2523 = VECTOR('',#2524,1.);
#2524 = DIRECTION('',(0.,-1.));
#2525 = ( GEOMETRIC_REPRESENTATION_CONTEXT(2) 
PARAMETRIC_REPRESENTATION_CONTEXT() REPRESENTATION_CONTEXT('2D SPACE',''
  ) );
#2526 = ORIENTED_EDGE('',*,*,#2527,.F.);
#2527 = EDGE_CURVE('',#2504,#2504,#2528,.T.);
#2528 = SURFACE_CURVE('',#2529,(#2534,#2541),.PCURVE_S1.);
#2529 = CIRCLE('',#2530,0.5);
#2530 = AXIS2_PLACEMENT_3D('',#2531,#2532,#2533);
#2531 = CARTESIAN_POINT('',(6.363961125509,-6.363961125509,-5.6));
#2532 = DIRECTION('',(0.,0.,1.));
#2533 = DIRECTION('',(-0.707106781187,-0.707106781187,0.));
#2534 = PCURVE('',#2475,#2535);
#2535 = DEFINITIONAL_REPRESENTATION('',(#2536),#2540);
#2536 = LINE('',#2537,#2538);
#2537 = CARTESIAN_POINT('',(5.497787143782,0.));
#2538 = VECTOR('',#2539,1.);
#2539 = DIRECTION('',(-1.,0.));
#2540 = ( GEOMETRIC_REPRESENTATION_CONTEXT(2) 
PARAMETRIC_REPRESENTATION_CONTEXT() REPRESENTATION_CONTEXT('2D SPACE',''
  ) );
#2541 = PCURVE('',#2057,#2542);
#2542 = DEFINITIONAL_REPRESENTATION('',(#2543),#2551);
#2543 = ( BOUNDED_CURVE() B_SPLINE_CURVE(2,(#2544,#2545,#2546,#2547,
#2548,#2549,#2550),.UNSPECIFIED.,.T.,.F.) B_SPLINE_CURVE_WITH_KNOTS((1,2
    ,2,2,2,1),(-2.094395102393,0.,2.094395102393,4.188790204786,
6.28318530718,8.377580409573),.UNSPECIFIED.) CURVE() 
GEOMETRIC_REPRESENTATION_ITEM() RATIONAL_B_SPLINE_CURVE((1.,0.5,1.,0.5,
1.,0.5,1.)) REPRESENTATION_ITEM('') );
#2544 = CARTESIAN_POINT('',(-6.010407734916,-6.717514516103));
#2545 = CARTESIAN_POINT('',(-6.622780170612,-7.329886951798));
#2546 = CARTESIAN_POINT('',(-6.846924038654,-6.493370648061));
#2547 = CARTESIAN_POINT('',(-7.071067906696,-5.656854344323));
#2548 = CARTESIAN_POINT('',(-6.234551602958,-5.880998212365));
#2549 = CARTESIAN_POINT('',(-5.39803529922,-6.105142080407));
#2550 = CARTESIAN_POINT('',(-6.010407734916,-6.717514516103));
#2551 = ( GEOMETRIC_REPRESENTATION_CONTEXT(2) 
PARAMETRIC_REPRESENTATION_CONTEXT() REPRESENTATION_CONTEXT('2D SPACE',''
  ) );
#2552 = ORIENTED_EDGE('',*,*,#2503,.F.);
#2553 = ADVANCED_FACE('',(#2554),#2487,.T.);
#2554 = FACE_BOUND('',#2555,.T.);
#2555 = EDGE_LOOP('',(#2556));
#2556 = ORIENTED_EDGE('',*,*,#2465,.F.);
#2557 = ADVANCED_FACE('',(#2558),#2571,.T.);
#2558 = FACE_BOUND('',#2559,.T.);
#2559 = EDGE_LOOP('',(#2560,#2598,#2622,#2648));
#2560 = ORIENTED_EDGE('',*,*,#2561,.T.);
#2561 = EDGE_CURVE('',#2562,#2562,#2564,.T.);
#2562 = VERTEX_POINT('',#2563);
#2563 = CARTESIAN_POINT('',(3.744150942608,-8.314915916503,-5.8));
#2564 = SURFACE_CURVE('',#2565,(#2570,#2582),.PCURVE_S1.);
#2565 = CIRCLE('',#2566,0.3);
#2566 = AXIS2_PLACEMENT_3D('',#2567,#2568,#2569);
#2567 = CARTESIAN_POINT('',(3.444150942608,-8.314915916503,-5.8));
#2568 = DIRECTION('',(0.,0.,1.));
#2569 = DIRECTION('',(-0.923879532511,-0.382683432365,0.));
#2570 = PCURVE('',#2571,#2576);
#2571 = TOROIDAL_SURFACE('',#2572,0.3,0.2);
#2572 = AXIS2_PLACEMENT_3D('',#2573,#2574,#2575);
#2573 = CARTESIAN_POINT('',(3.444150942608,-8.314915916503,-5.6));
#2574 = DIRECTION('',(0.,0.,-1.));
#2575 = DIRECTION('',(-1.,0.,0.));
#2576 = DEFINITIONAL_REPRESENTATION('',(#2577),#2581);
#2577 = LINE('',#2578,#2579);
#2578 = CARTESIAN_POINT('',(5.890486225481,1.570796326795));
#2579 = VECTOR('',#2580,1.);
#2580 = DIRECTION('',(-1.,0.));
#2581 = ( GEOMETRIC_REPRESENTATION_CONTEXT(2) 
PARAMETRIC_REPRESENTATION_CONTEXT() REPRESENTATION_CONTEXT('2D SPACE',''
  ) );
#2582 = PCURVE('',#2583,#2588);
#2583 = PLANE('',#2584);
#2584 = AXIS2_PLACEMENT_3D('',#2585,#2586,#2587);
#2585 = CARTESIAN_POINT('',(3.444150942608,-8.314915916503,-5.8));
#2586 = DIRECTION('',(0.,0.,-1.));
#2587 = DIRECTION('',(-0.923879532511,-0.382683432365,-0.));
#2588 = DEFINITIONAL_REPRESENTATION('',(#2589),#2597);
#2589 = ( BOUNDED_CURVE() B_SPLINE_CURVE(2,(#2590,#2591,#2592,#2593,
#2594,#2595,#2596),.UNSPECIFIED.,.T.,.F.) B_SPLINE_CURVE_WITH_KNOTS((1,2
    ,2,2,2,1),(-2.094395102393,0.,2.094395102393,4.188790204786,
6.28318530718,8.377580409573),.UNSPECIFIED.) CURVE() 
GEOMETRIC_REPRESENTATION_ITEM() RATIONAL_B_SPLINE_CURVE((1.,0.5,1.,0.5,
1.,0.5,1.)) REPRESENTATION_ITEM('') );
#2590 = CARTESIAN_POINT('',(0.3,7.627525314064E-18));
#2591 = CARTESIAN_POINT('',(0.3,-0.519615242271));
#2592 = CARTESIAN_POINT('',(-0.15,-0.259807621135));
#2593 = CARTESIAN_POINT('',(-0.6,-8.873385857697E-17));
#2594 = CARTESIAN_POINT('',(-0.15,0.259807621135));
#2595 = CARTESIAN_POINT('',(0.3,0.519615242271));
#2596 = CARTESIAN_POINT('',(0.3,7.627525314064E-18));
#2597 = ( GEOMETRIC_REPRESENTATION_CONTEXT(2) 
PARAMETRIC_REPRESENTATION_CONTEXT() REPRESENTATION_CONTEXT('2D SPACE',''
  ) );
#2598 = ORIENTED_EDGE('',*,*,#2599,.T.);
#2599 = EDGE_CURVE('',#2562,#2600,#2602,.T.);
#2600 = VERTEX_POINT('',#2601);
#2601 = CARTESIAN_POINT('',(3.944150942608,-8.314915916503,-5.6));
#2602 = SEAM_CURVE('',#2603,(#2608,#2615),.PCURVE_S1.);
#2603 = CIRCLE('',#2604,0.2);
#2604 = AXIS2_PLACEMENT_3D('',#2605,#2606,#2607);
#2605 = CARTESIAN_POINT('',(3.744150942608,-8.314915916503,-5.6));
#2606 = DIRECTION('',(0.,-1.,0.));
#2607 = DIRECTION('',(1.,0.,0.));
#2608 = PCURVE('',#2571,#2609);
#2609 = DEFINITIONAL_REPRESENTATION('',(#2610),#2614);
#2610 = LINE('',#2611,#2612);
#2611 = CARTESIAN_POINT('',(-3.14159265359,6.28318530718));
#2612 = VECTOR('',#2613,1.);
#2613 = DIRECTION('',(0.,-1.));
#2614 = ( GEOMETRIC_REPRESENTATION_CONTEXT(2) 
PARAMETRIC_REPRESENTATION_CONTEXT() REPRESENTATION_CONTEXT('2D SPACE',''
  ) );
#2615 = PCURVE('',#2571,#2616);
#2616 = DEFINITIONAL_REPRESENTATION('',(#2617),#2621);
#2617 = LINE('',#2618,#2619);
#2618 = CARTESIAN_POINT('',(3.14159265359,6.28318530718));
#2619 = VECTOR('',#2620,1.);
#2620 = DIRECTION('',(0.,-1.));
#2621 = ( GEOMETRIC_REPRESENTATION_CONTEXT(2) 
PARAMETRIC_REPRESENTATION_CONTEXT() REPRESENTATION_CONTEXT('2D SPACE',''
  ) );
#2622 = ORIENTED_EDGE('',*,*,#2623,.F.);
#2623 = EDGE_CURVE('',#2600,#2600,#2624,.T.);
#2624 = SURFACE_CURVE('',#2625,(#2630,#2637),.PCURVE_S1.);
#2625 = CIRCLE('',#2626,0.5);
#2626 = AXIS2_PLACEMENT_3D('',#2627,#2628,#2629);
#2627 = CARTESIAN_POINT('',(3.444150942608,-8.314915916503,-5.6));
#2628 = DIRECTION('',(0.,0.,1.));
#2629 = DIRECTION('',(-0.923879532511,-0.382683432365,0.));
#2630 = PCURVE('',#2571,#2631);
#2631 = DEFINITIONAL_REPRESENTATION('',(#2632),#2636);
#2632 = LINE('',#2633,#2634);
#2633 = CARTESIAN_POINT('',(5.890486225481,0.));
#2634 = VECTOR('',#2635,1.);
#2635 = DIRECTION('',(-1.,0.));
#2636 = ( GEOMETRIC_REPRESENTATION_CONTEXT(2) 
PARAMETRIC_REPRESENTATION_CONTEXT() REPRESENTATION_CONTEXT('2D SPACE',''
  ) );
#2637 = PCURVE('',#2057,#2638);
#2638 = DEFINITIONAL_REPRESENTATION('',(#2639),#2647);
#2639 = ( BOUNDED_CURVE() B_SPLINE_CURVE(2,(#2640,#2641,#2642,#2643,
#2644,#2645,#2646),.UNSPECIFIED.,.T.,.F.) B_SPLINE_CURVE_WITH_KNOTS((1,2
    ,2,2,2,1),(-2.094395102393,0.,2.094395102393,4.188790204786,
6.28318530718,8.377580409573),.UNSPECIFIED.) CURVE() 
GEOMETRIC_REPRESENTATION_ITEM() RATIONAL_B_SPLINE_CURVE((1.,0.5,1.,0.5,
1.,0.5,1.)) REPRESENTATION_ITEM('') );
#2640 = CARTESIAN_POINT('',(-2.982211176352,-8.506257632686));
#2641 = CARTESIAN_POINT('',(-3.313624750388,-9.306360777877));
#2642 = CARTESIAN_POINT('',(-3.840827612753,-8.619296631008));
#2643 = CARTESIAN_POINT('',(-4.368030475119,-7.932232484138));
#2644 = CARTESIAN_POINT('',(-3.509414038718,-7.819193485817));
#2645 = CARTESIAN_POINT('',(-2.650797602316,-7.706154487495));
#2646 = CARTESIAN_POINT('',(-2.982211176352,-8.506257632686));
#2647 = ( GEOMETRIC_REPRESENTATION_CONTEXT(2) 
PARAMETRIC_REPRESENTATION_CONTEXT() REPRESENTATION_CONTEXT('2D SPACE',''
  ) );
#2648 = ORIENTED_EDGE('',*,*,#2599,.F.);
#2649 = ADVANCED_FACE('',(#2650),#2583,.T.);
#2650 = FACE_BOUND('',#2651,.T.);
#2651 = EDGE_LOOP('',(#2652));
#2652 = ORIENTED_EDGE('',*,*,#2561,.F.);
#2653 = ADVANCED_FACE('',(#2654),#2667,.T.);
#2654 = FACE_BOUND('',#2655,.T.);
#2655 = EDGE_LOOP('',(#2656,#2694,#2718,#2744));
#2656 = ORIENTED_EDGE('',*,*,#2657,.T.);
#2657 = EDGE_CURVE('',#2658,#2658,#2660,.T.);
#2658 = VERTEX_POINT('',#2659);
#2659 = CARTESIAN_POINT('',(0.3,-9.00000013411,-5.8));
#2660 = SURFACE_CURVE('',#2661,(#2666,#2678),.PCURVE_S1.);
#2661 = CIRCLE('',#2662,0.3);
#2662 = AXIS2_PLACEMENT_3D('',#2663,#2664,#2665);
#2663 = CARTESIAN_POINT('',(-1.102182135656E-15,-9.00000013411,-5.8));
#2664 = DIRECTION('',(0.,0.,1.));
#2665 = DIRECTION('',(-1.,0.,0.));
#2666 = PCURVE('',#2667,#2672);
#2667 = TOROIDAL_SURFACE('',#2668,0.3,0.2);
#2668 = AXIS2_PLACEMENT_3D('',#2669,#2670,#2671);
#2669 = CARTESIAN_POINT('',(-1.102182135656E-15,-9.00000013411,-5.6));
#2670 = DIRECTION('',(0.,0.,-1.));
#2671 = DIRECTION('',(-1.,0.,0.));
#2672 = DEFINITIONAL_REPRESENTATION('',(#2673),#2677);
#2673 = LINE('',#2674,#2675);
#2674 = CARTESIAN_POINT('',(6.28318530718,1.570796326795));
#2675 = VECTOR('',#2676,1.);
#2676 = DIRECTION('',(-1.,0.));
#2677 = ( GEOMETRIC_REPRESENTATION_CONTEXT(2) 
PARAMETRIC_REPRESENTATION_CONTEXT() REPRESENTATION_CONTEXT('2D SPACE',''
  ) );
#2678 = PCURVE('',#2679,#2684);
#2679 = PLANE('',#2680);
#2680 = AXIS2_PLACEMENT_3D('',#2681,#2682,#2683);
#2681 = CARTESIAN_POINT('',(-1.102182135656E-15,-9.00000013411,-5.8));
#2682 = DIRECTION('',(0.,0.,-1.));
#2683 = DIRECTION('',(-1.,1.224646799147E-16,0.));
#2684 = DEFINITIONAL_REPRESENTATION('',(#2685),#2693);
#2685 = ( BOUNDED_CURVE() B_SPLINE_CURVE(2,(#2686,#2687,#2688,#2689,
#2690,#2691,#2692),.UNSPECIFIED.,.T.,.F.) B_SPLINE_CURVE_WITH_KNOTS((1,2
    ,2,2,2,1),(-2.094395102393,0.,2.094395102393,4.188790204786,
6.28318530718,8.377580409573),.UNSPECIFIED.) CURVE() 
GEOMETRIC_REPRESENTATION_ITEM() RATIONAL_B_SPLINE_CURVE((1.,0.5,1.,0.5,
1.,0.5,1.)) REPRESENTATION_ITEM('') );
#2686 = CARTESIAN_POINT('',(0.3,-3.673940397442E-17));
#2687 = CARTESIAN_POINT('',(0.3,-0.519615242271));
#2688 = CARTESIAN_POINT('',(-0.15,-0.259807621135));
#2689 = CARTESIAN_POINT('',(-0.6,-1.938092765561E-31));
#2690 = CARTESIAN_POINT('',(-0.15,0.259807621135));
#2691 = CARTESIAN_POINT('',(0.3,0.519615242271));
#2692 = CARTESIAN_POINT('',(0.3,-3.673940397442E-17));
#2693 = ( GEOMETRIC_REPRESENTATION_CONTEXT(2) 
PARAMETRIC_REPRESENTATION_CONTEXT() REPRESENTATION_CONTEXT('2D SPACE',''
  ) );
#2694 = ORIENTED_EDGE('',*,*,#2695,.T.);
#2695 = EDGE_CURVE('',#2658,#2696,#2698,.T.);
#2696 = VERTEX_POINT('',#2697);
#2697 = CARTESIAN_POINT('',(0.5,-9.00000013411,-5.6));
#2698 = SEAM_CURVE('',#2699,(#2704,#2711),.PCURVE_S1.);
#2699 = CIRCLE('',#2700,0.2);
#2700 = AXIS2_PLACEMENT_3D('',#2701,#2702,#2703);
#2701 = CARTESIAN_POINT('',(0.3,-9.00000013411,-5.6));
#2702 = DIRECTION('',(0.,-1.,0.));
#2703 = DIRECTION('',(1.,0.,0.));
#2704 = PCURVE('',#2667,#2705);
#2705 = DEFINITIONAL_REPRESENTATION('',(#2706),#2710);
#2706 = LINE('',#2707,#2708);
#2707 = CARTESIAN_POINT('',(-3.14159265359,6.28318530718));
#2708 = VECTOR('',#2709,1.);
#2709 = DIRECTION('',(0.,-1.));
#2710 = ( GEOMETRIC_REPRESENTATION_CONTEXT(2) 
PARAMETRIC_REPRESENTATION_CONTEXT() REPRESENTATION_CONTEXT('2D SPACE',''
  ) );
#2711 = PCURVE('',#2667,#2712);
#2712 = DEFINITIONAL_REPRESENTATION('',(#2713),#2717);
#2713 = LINE('',#2714,#2715);
#2714 = CARTESIAN_POINT('',(3.14159265359,6.28318530718));
#2715 = VECTOR('',#2716,1.);
#2716 = DIRECTION('',(0.,-1.));
#2717 = ( GEOMETRIC_REPRESENTATION_CONTEXT(2) 
PARAMETRIC_REPRESENTATION_CONTEXT() REPRESENTATION_CONTEXT('2D SPACE',''
  ) );
#2718 = ORIENTED_EDGE('',*,*,#2719,.F.);
#2719 = EDGE_CURVE('',#2696,#2696,#2720,.T.);
#2720 = SURFACE_CURVE('',#2721,(#2726,#2733),.PCURVE_S1.);
#2721 = CIRCLE('',#2722,0.5);
#2722 = AXIS2_PLACEMENT_3D('',#2723,#2724,#2725);
#2723 = CARTESIAN_POINT('',(-1.102182135656E-15,-9.00000013411,-5.6));
#2724 = DIRECTION('',(0.,0.,1.));
#2725 = DIRECTION('',(-1.,1.224646799147E-16,0.));
#2726 = PCURVE('',#2667,#2727);
#2727 = DEFINITIONAL_REPRESENTATION('',(#2728),#2732);
#2728 = LINE('',#2729,#2730);
#2729 = CARTESIAN_POINT('',(6.28318530718,0.));
#2730 = VECTOR('',#2731,1.);
#2731 = DIRECTION('',(-1.,0.));
#2732 = ( GEOMETRIC_REPRESENTATION_CONTEXT(2) 
PARAMETRIC_REPRESENTATION_CONTEXT() REPRESENTATION_CONTEXT('2D SPACE',''
  ) );
#2733 = PCURVE('',#2057,#2734);
#2734 = DEFINITIONAL_REPRESENTATION('',(#2735),#2743);
#2735 = ( BOUNDED_CURVE() B_SPLINE_CURVE(2,(#2736,#2737,#2738,#2739,
#2740,#2741,#2742),.UNSPECIFIED.,.T.,.F.) B_SPLINE_CURVE_WITH_KNOTS((1,2
    ,2,2,2,1),(-2.094395102393,0.,2.094395102393,4.188790204786,
6.28318530718,8.377580409573),.UNSPECIFIED.) CURVE() 
GEOMETRIC_REPRESENTATION_ITEM() RATIONAL_B_SPLINE_CURVE((1.,0.5,1.,0.5,
1.,0.5,1.)) REPRESENTATION_ITEM('') );
#2736 = CARTESIAN_POINT('',(0.5,-9.00000013411));
#2737 = CARTESIAN_POINT('',(0.5,-9.866025537895));
#2738 = CARTESIAN_POINT('',(-0.25,-9.433012836003));
#2739 = CARTESIAN_POINT('',(-1.,-9.00000013411));
#2740 = CARTESIAN_POINT('',(-0.25,-8.566987432218));
#2741 = CARTESIAN_POINT('',(0.5,-8.133974730326));
#2742 = CARTESIAN_POINT('',(0.5,-9.00000013411));
#2743 = ( GEOMETRIC_REPRESENTATION_CONTEXT(2) 
PARAMETRIC_REPRESENTATION_CONTEXT() REPRESENTATION_CONTEXT('2D SPACE',''
  ) );
#2744 = ORIENTED_EDGE('',*,*,#2695,.F.);
#2745 = ADVANCED_FACE('',(#2746),#2679,.T.);
#2746 = FACE_BOUND('',#2747,.T.);
#2747 = EDGE_LOOP('',(#2748));
#2748 = ORIENTED_EDGE('',*,*,#2657,.F.);
#2749 = ADVANCED_FACE('',(#2750),#2763,.T.);
#2750 = FACE_BOUND('',#2751,.T.);
#2751 = EDGE_LOOP('',(#2752,#2790,#2814,#2840));
#2752 = ORIENTED_EDGE('',*,*,#2753,.T.);
#2753 = EDGE_CURVE('',#2754,#2754,#2756,.T.);
#2754 = VERTEX_POINT('',#2755);
#2755 = CARTESIAN_POINT('',(-3.144150942608,-8.314915916503,-5.8));
#2756 = SURFACE_CURVE('',#2757,(#2762,#2774),.PCURVE_S1.);
#2757 = CIRCLE('',#2758,0.3);
#2758 = AXIS2_PLACEMENT_3D('',#2759,#2760,#2761);
#2759 = CARTESIAN_POINT('',(-3.444150942608,-8.314915916503,-5.8));
#2760 = DIRECTION('',(0.,0.,1.));
#2761 = DIRECTION('',(-0.923879532511,0.382683432365,0.));
#2762 = PCURVE('',#2763,#2768);
#2763 = TOROIDAL_SURFACE('',#2764,0.3,0.2);
#2764 = AXIS2_PLACEMENT_3D('',#2765,#2766,#2767);
#2765 = CARTESIAN_POINT('',(-3.444150942608,-8.314915916503,-5.6));
#2766 = DIRECTION('',(0.,0.,-1.));
#2767 = DIRECTION('',(-1.,0.,0.));
#2768 = DEFINITIONAL_REPRESENTATION('',(#2769),#2773);
#2769 = LINE('',#2770,#2771);
#2770 = CARTESIAN_POINT('',(6.675884388878,1.570796326795));
#2771 = VECTOR('',#2772,1.);
#2772 = DIRECTION('',(-1.,0.));
#2773 = ( GEOMETRIC_REPRESENTATION_CONTEXT(2) 
PARAMETRIC_REPRESENTATION_CONTEXT() REPRESENTATION_CONTEXT('2D SPACE',''
  ) );
#2774 = PCURVE('',#2775,#2780);
#2775 = PLANE('',#2776);
#2776 = AXIS2_PLACEMENT_3D('',#2777,#2778,#2779);
#2777 = CARTESIAN_POINT('',(-3.444150942608,-8.314915916503,-5.8));
#2778 = DIRECTION('',(0.,0.,-1.));
#2779 = DIRECTION('',(-0.923879532511,0.382683432365,0.));
#2780 = DEFINITIONAL_REPRESENTATION('',(#2781),#2789);
#2781 = ( BOUNDED_CURVE() B_SPLINE_CURVE(2,(#2782,#2783,#2784,#2785,
#2786,#2787,#2788),.UNSPECIFIED.,.T.,.F.) B_SPLINE_CURVE_WITH_KNOTS((1,2
    ,2,2,2,1),(-2.094395102393,0.,2.094395102393,4.188790204786,
6.28318530718,8.377580409573),.UNSPECIFIED.) CURVE() 
GEOMETRIC_REPRESENTATION_ITEM() RATIONAL_B_SPLINE_CURVE((1.,0.5,1.,0.5,
1.,0.5,1.)) REPRESENTATION_ITEM('') );
#2782 = CARTESIAN_POINT('',(0.3,-7.627525314064E-18));
#2783 = CARTESIAN_POINT('',(0.3,-0.519615242271));
#2784 = CARTESIAN_POINT('',(-0.15,-0.259807621135));
#2785 = CARTESIAN_POINT('',(-0.6,-5.822375732071E-17));
#2786 = CARTESIAN_POINT('',(-0.15,0.259807621135));
#2787 = CARTESIAN_POINT('',(0.3,0.519615242271));
#2788 = CARTESIAN_POINT('',(0.3,-7.627525314064E-18));
#2789 = ( GEOMETRIC_REPRESENTATION_CONTEXT(2) 
PARAMETRIC_REPRESENTATION_CONTEXT() REPRESENTATION_CONTEXT('2D SPACE',''
  ) );
#2790 = ORIENTED_EDGE('',*,*,#2791,.T.);
#2791 = EDGE_CURVE('',#2754,#2792,#2794,.T.);
#2792 = VERTEX_POINT('',#2793);
#2793 = CARTESIAN_POINT('',(-2.944150942608,-8.314915916503,-5.6));
#2794 = SEAM_CURVE('',#2795,(#2800,#2807),.PCURVE_S1.);
#2795 = CIRCLE('',#2796,0.2);
#2796 = AXIS2_PLACEMENT_3D('',#2797,#2798,#2799);
#2797 = CARTESIAN_POINT('',(-3.144150942608,-8.314915916503,-5.6));
#2798 = DIRECTION('',(0.,-1.,0.));
#2799 = DIRECTION('',(1.,0.,0.));
#2800 = PCURVE('',#2763,#2801);
#2801 = DEFINITIONAL_REPRESENTATION('',(#2802),#2806);
#2802 = LINE('',#2803,#2804);
#2803 = CARTESIAN_POINT('',(-3.14159265359,6.28318530718));
#2804 = VECTOR('',#2805,1.);
#2805 = DIRECTION('',(0.,-1.));
#2806 = ( GEOMETRIC_REPRESENTATION_CONTEXT(2) 
PARAMETRIC_REPRESENTATION_CONTEXT() REPRESENTATION_CONTEXT('2D SPACE',''
  ) );
#2807 = PCURVE('',#2763,#2808);
#2808 = DEFINITIONAL_REPRESENTATION('',(#2809),#2813);
#2809 = LINE('',#2810,#2811);
#2810 = CARTESIAN_POINT('',(3.14159265359,6.28318530718));
#2811 = VECTOR('',#2812,1.);
#2812 = DIRECTION('',(0.,-1.));
#2813 = ( GEOMETRIC_REPRESENTATION_CONTEXT(2) 
PARAMETRIC_REPRESENTATION_CONTEXT() REPRESENTATION_CONTEXT('2D SPACE',''
  ) );
#2814 = ORIENTED_EDGE('',*,*,#2815,.F.);
#2815 = EDGE_CURVE('',#2792,#2792,#2816,.T.);
#2816 = SURFACE_CURVE('',#2817,(#2822,#2829),.PCURVE_S1.);
#2817 = CIRCLE('',#2818,0.5);
#2818 = AXIS2_PLACEMENT_3D('',#2819,#2820,#2821);
#2819 = CARTESIAN_POINT('',(-3.444150942608,-8.314915916503,-5.6));
#2820 = DIRECTION('',(0.,0.,1.));
#2821 = DIRECTION('',(-0.923879532511,0.382683432365,0.));
#2822 = PCURVE('',#2763,#2823);
#2823 = DEFINITIONAL_REPRESENTATION('',(#2824),#2828);
#2824 = LINE('',#2825,#2826);
#2825 = CARTESIAN_POINT('',(6.675884388878,0.));
#2826 = VECTOR('',#2827,1.);
#2827 = DIRECTION('',(-1.,0.));
#2828 = ( GEOMETRIC_REPRESENTATION_CONTEXT(2) 
PARAMETRIC_REPRESENTATION_CONTEXT() REPRESENTATION_CONTEXT('2D SPACE',''
  ) );
#2829 = PCURVE('',#2057,#2830);
#2830 = DEFINITIONAL_REPRESENTATION('',(#2831),#2839);
#2831 = ( BOUNDED_CURVE() B_SPLINE_CURVE(2,(#2832,#2833,#2834,#2835,
#2836,#2837,#2838),.UNSPECIFIED.,.T.,.F.) B_SPLINE_CURVE_WITH_KNOTS((1,2
    ,2,2,2,1),(-2.094395102393,0.,2.094395102393,4.188790204786,
6.28318530718,8.377580409573),.UNSPECIFIED.) CURVE() 
GEOMETRIC_REPRESENTATION_ITEM() RATIONAL_B_SPLINE_CURVE((1.,0.5,1.,0.5,
1.,0.5,1.)) REPRESENTATION_ITEM('') );
#2832 = CARTESIAN_POINT('',(3.906090708863,-8.123574200321));
#2833 = CARTESIAN_POINT('',(4.237504282899,-8.923677345512));
#2834 = CARTESIAN_POINT('',(3.378887846498,-8.81063834719));
#2835 = CARTESIAN_POINT('',(2.520271410096,-8.697599348869));
#2836 = CARTESIAN_POINT('',(3.047474272462,-8.010535201999));
#2837 = CARTESIAN_POINT('',(3.574677134828,-7.32347105513));
#2838 = CARTESIAN_POINT('',(3.906090708863,-8.123574200321));
#2839 = ( GEOMETRIC_REPRESENTATION_CONTEXT(2) 
PARAMETRIC_REPRESENTATION_CONTEXT() REPRESENTATION_CONTEXT('2D SPACE',''
  ) );
#2840 = ORIENTED_EDGE('',*,*,#2791,.F.);
#2841 = ADVANCED_FACE('',(#2842),#2775,.T.);
#2842 = FACE_BOUND('',#2843,.T.);
#2843 = EDGE_LOOP('',(#2844));
#2844 = ORIENTED_EDGE('',*,*,#2753,.F.);
#2845 = ADVANCED_FACE('',(#2846),#2859,.T.);
#2846 = FACE_BOUND('',#2847,.T.);
#2847 = EDGE_LOOP('',(#2848,#2886,#2910,#2936));
#2848 = ORIENTED_EDGE('',*,*,#2849,.T.);
#2849 = EDGE_CURVE('',#2850,#2850,#2852,.T.);
#2850 = VERTEX_POINT('',#2851);
#2851 = CARTESIAN_POINT('',(-6.063961125509,-6.363961125509,-5.8));
#2852 = SURFACE_CURVE('',#2853,(#2858,#2870),.PCURVE_S1.);
#2853 = CIRCLE('',#2854,0.3);
#2854 = AXIS2_PLACEMENT_3D('',#2855,#2856,#2857);
#2855 = CARTESIAN_POINT('',(-6.363961125509,-6.363961125509,-5.8));
#2856 = DIRECTION('',(0.,0.,1.));
#2857 = DIRECTION('',(-0.707106781187,0.707106781187,0.));
#2858 = PCURVE('',#2859,#2864);
#2859 = TOROIDAL_SURFACE('',#2860,0.3,0.2);
#2860 = AXIS2_PLACEMENT_3D('',#2861,#2862,#2863);
#2861 = CARTESIAN_POINT('',(-6.363961125509,-6.363961125509,-5.6));
#2862 = DIRECTION('',(0.,0.,-1.));
#2863 = DIRECTION('',(-1.,0.,0.));
#2864 = DEFINITIONAL_REPRESENTATION('',(#2865),#2869);
#2865 = LINE('',#2866,#2867);
#2866 = CARTESIAN_POINT('',(7.068583470577,1.570796326795));
#2867 = VECTOR('',#2868,1.);
#2868 = DIRECTION('',(-1.,0.));
#2869 = ( GEOMETRIC_REPRESENTATION_CONTEXT(2) 
PARAMETRIC_REPRESENTATION_CONTEXT() REPRESENTATION_CONTEXT('2D SPACE',''
  ) );
#2870 = PCURVE('',#2871,#2876);
#2871 = PLANE('',#2872);
#2872 = AXIS2_PLACEMENT_3D('',#2873,#2874,#2875);
#2873 = CARTESIAN_POINT('',(-6.363961125509,-6.363961125509,-5.8));
#2874 = DIRECTION('',(0.,0.,-1.));
#2875 = DIRECTION('',(-0.707106781187,0.707106781187,0.));
#2876 = DEFINITIONAL_REPRESENTATION('',(#2877),#2885);
#2877 = ( BOUNDED_CURVE() B_SPLINE_CURVE(2,(#2878,#2879,#2880,#2881,
#2882,#2883,#2884),.UNSPECIFIED.,.T.,.F.) B_SPLINE_CURVE_WITH_KNOTS((1,2
    ,2,2,2,1),(-2.094395102393,0.,2.094395102393,4.188790204786,
6.28318530718,8.377580409573),.UNSPECIFIED.) CURVE() 
GEOMETRIC_REPRESENTATION_ITEM() RATIONAL_B_SPLINE_CURVE((1.,0.5,1.,0.5,
1.,0.5,1.)) REPRESENTATION_ITEM('') );
#2878 = CARTESIAN_POINT('',(0.3,-2.146330457103E-16));
#2879 = CARTESIAN_POINT('',(0.3,-0.519615242271));
#2880 = CARTESIAN_POINT('',(-0.15,-0.259807621135));
#2881 = CARTESIAN_POINT('',(-0.6,3.557872834717E-16));
#2882 = CARTESIAN_POINT('',(-0.15,0.259807621135));
#2883 = CARTESIAN_POINT('',(0.3,0.519615242271));
#2884 = CARTESIAN_POINT('',(0.3,-2.146330457103E-16));
#2885 = ( GEOMETRIC_REPRESENTATION_CONTEXT(2) 
PARAMETRIC_REPRESENTATION_CONTEXT() REPRESENTATION_CONTEXT('2D SPACE',''
  ) );
#2886 = ORIENTED_EDGE('',*,*,#2887,.T.);
#2887 = EDGE_CURVE('',#2850,#2888,#2890,.T.);
#2888 = VERTEX_POINT('',#2889);
#2889 = CARTESIAN_POINT('',(-5.863961125509,-6.363961125509,-5.6));
#2890 = SEAM_CURVE('',#2891,(#2896,#2903),.PCURVE_S1.);
#2891 = CIRCLE('',#2892,0.2);
#2892 = AXIS2_PLACEMENT_3D('',#2893,#2894,#2895);
#2893 = CARTESIAN_POINT('',(-6.063961125509,-6.363961125509,-5.6));
#2894 = DIRECTION('',(0.,-1.,0.));
#2895 = DIRECTION('',(1.,0.,0.));
#2896 = PCURVE('',#2859,#2897);
#2897 = DEFINITIONAL_REPRESENTATION('',(#2898),#2902);
#2898 = LINE('',#2899,#2900);
#2899 = CARTESIAN_POINT('',(-3.14159265359,6.28318530718));
#2900 = VECTOR('',#2901,1.);
#2901 = DIRECTION('',(0.,-1.));
#2902 = ( GEOMETRIC_REPRESENTATION_CONTEXT(2) 
PARAMETRIC_REPRESENTATION_CONTEXT() REPRESENTATION_CONTEXT('2D SPACE',''
  ) );
#2903 = PCURVE('',#2859,#2904);
#2904 = DEFINITIONAL_REPRESENTATION('',(#2905),#2909);
#2905 = LINE('',#2906,#2907);
#2906 = CARTESIAN_POINT('',(3.14159265359,6.28318530718));
#2907 = VECTOR('',#2908,1.);
#2908 = DIRECTION('',(0.,-1.));
#2909 = ( GEOMETRIC_REPRESENTATION_CONTEXT(2) 
PARAMETRIC_REPRESENTATION_CONTEXT() REPRESENTATION_CONTEXT('2D SPACE',''
  ) );
#2910 = ORIENTED_EDGE('',*,*,#2911,.F.);
#2911 = EDGE_CURVE('',#2888,#2888,#2912,.T.);
#2912 = SURFACE_CURVE('',#2913,(#2918,#2925),.PCURVE_S1.);
#2913 = CIRCLE('',#2914,0.5);
#2914 = AXIS2_PLACEMENT_3D('',#2915,#2916,#2917);
#2915 = CARTESIAN_POINT('',(-6.363961125509,-6.363961125509,-5.6));
#2916 = DIRECTION('',(0.,0.,1.));
#2917 = DIRECTION('',(-0.707106781187,0.707106781187,0.));
#2918 = PCURVE('',#2859,#2919);
#2919 = DEFINITIONAL_REPRESENTATION('',(#2920),#2924);
#2920 = LINE('',#2921,#2922);
#2921 = CARTESIAN_POINT('',(7.068583470577,0.));
#2922 = VECTOR('',#2923,1.);
#2923 = DIRECTION('',(-1.,0.));
#2924 = ( GEOMETRIC_REPRESENTATION_CONTEXT(2) 
PARAMETRIC_REPRESENTATION_CONTEXT() REPRESENTATION_CONTEXT('2D SPACE',''
  ) );
#2925 = PCURVE('',#2057,#2926);
#2926 = DEFINITIONAL_REPRESENTATION('',(#2927),#2935);
#2927 = ( BOUNDED_CURVE() B_SPLINE_CURVE(2,(#2928,#2929,#2930,#2931,
#2932,#2933,#2934),.UNSPECIFIED.,.T.,.F.) B_SPLINE_CURVE_WITH_KNOTS((1,2
    ,2,2,2,1),(-2.094395102393,0.,2.094395102393,4.188790204786,
6.28318530718,8.377580409573),.UNSPECIFIED.) CURVE() 
GEOMETRIC_REPRESENTATION_ITEM() RATIONAL_B_SPLINE_CURVE((1.,0.5,1.,0.5,
1.,0.5,1.)) REPRESENTATION_ITEM('') );
#2928 = CARTESIAN_POINT('',(6.717514516103,-6.010407734916));
#2929 = CARTESIAN_POINT('',(7.329886951798,-6.622780170612));
#2930 = CARTESIAN_POINT('',(6.493370648061,-6.846924038654));
#2931 = CARTESIAN_POINT('',(5.656854344323,-7.071067906696));
#2932 = CARTESIAN_POINT('',(5.880998212365,-6.234551602958));
#2933 = CARTESIAN_POINT('',(6.105142080407,-5.39803529922));
#2934 = CARTESIAN_POINT('',(6.717514516103,-6.010407734916));
#2935 = ( GEOMETRIC_REPRESENTATION_CONTEXT(2) 
PARAMETRIC_REPRESENTATION_CONTEXT() REPRESENTATION_CONTEXT('2D SPACE',''
  ) );
#2936 = ORIENTED_EDGE('',*,*,#2887,.F.);
#2937 = ADVANCED_FACE('',(#2938),#2871,.T.);
#2938 = FACE_BOUND('',#2939,.T.);
#2939 = EDGE_LOOP('',(#2940));
#2940 = ORIENTED_EDGE('',*,*,#2849,.F.);
#2941 = ADVANCED_FACE('',(#2942),#2955,.T.);
#2942 = FACE_BOUND('',#2943,.T.);
#2943 = EDGE_LOOP('',(#2944,#2982,#3006,#3032));
#2944 = ORIENTED_EDGE('',*,*,#2945,.T.);
#2945 = EDGE_CURVE('',#2946,#2946,#2948,.T.);
#2946 = VERTEX_POINT('',#2947);
#2947 = CARTESIAN_POINT('',(-8.014915916503,-3.444150942608,-5.8));
#2948 = SURFACE_CURVE('',#2949,(#2954,#2966),.PCURVE_S1.);
#2949 = CIRCLE('',#2950,0.3);
#2950 = AXIS2_PLACEMENT_3D('',#2951,#2952,#2953);
#2951 = CARTESIAN_POINT('',(-8.314915916503,-3.444150942608,-5.8));
#2952 = DIRECTION('',(0.,0.,1.));
#2953 = DIRECTION('',(-0.382683432365,0.923879532511,0.));
#2954 = PCURVE('',#2955,#2960);
#2955 = TOROIDAL_SURFACE('',#2956,0.3,0.2);
#2956 = AXIS2_PLACEMENT_3D('',#2957,#2958,#2959);
#2957 = CARTESIAN_POINT('',(-8.314915916503,-3.444150942608,-5.6));
#2958 = DIRECTION('',(0.,0.,-1.));
#2959 = DIRECTION('',(-1.,0.,0.));
#2960 = DEFINITIONAL_REPRESENTATION('',(#2961),#2965);
#2961 = LINE('',#2962,#2963);
#2962 = CARTESIAN_POINT('',(7.461282552276,1.570796326795));
#2963 = VECTOR('',#2964,1.);
#2964 = DIRECTION('',(-1.,0.));
#2965 = ( GEOMETRIC_REPRESENTATION_CONTEXT(2) 
PARAMETRIC_REPRESENTATION_CONTEXT() REPRESENTATION_CONTEXT('2D SPACE',''
  ) );
#2966 = PCURVE('',#2967,#2972);
#2967 = PLANE('',#2968);
#2968 = AXIS2_PLACEMENT_3D('',#2969,#2970,#2971);
#2969 = CARTESIAN_POINT('',(-8.314915916503,-3.444150942608,-5.8));
#2970 = DIRECTION('',(0.,0.,-1.));
#2971 = DIRECTION('',(-0.382683432365,0.923879532511,0.));
#2972 = DEFINITIONAL_REPRESENTATION('',(#2973),#2981);
#2973 = ( BOUNDED_CURVE() B_SPLINE_CURVE(2,(#2974,#2975,#2976,#2977,
#2978,#2979,#2980),.UNSPECIFIED.,.T.,.F.) B_SPLINE_CURVE_WITH_KNOTS((1,2
    ,2,2,2,1),(-2.094395102393,0.,2.094395102393,4.188790204786,
6.28318530718,8.377580409573),.UNSPECIFIED.) CURVE() 
GEOMETRIC_REPRESENTATION_ITEM() RATIONAL_B_SPLINE_CURVE((1.,0.5,1.,0.5,
1.,0.5,1.)) REPRESENTATION_ITEM('') );
#2974 = CARTESIAN_POINT('',(0.3,-7.627525314064E-18));
#2975 = CARTESIAN_POINT('',(0.3,-0.519615242271));
#2976 = CARTESIAN_POINT('',(-0.15,-0.259807621135));
#2977 = CARTESIAN_POINT('',(-0.6,-5.822375732071E-17));
#2978 = CARTESIAN_POINT('',(-0.15,0.259807621135));
#2979 = CARTESIAN_POINT('',(0.3,0.519615242271));
#2980 = CARTESIAN_POINT('',(0.3,-7.627525314064E-18));
#2981 = ( GEOMETRIC_REPRESENTATION_CONTEXT(2) 
PARAMETRIC_REPRESENTATION_CONTEXT() REPRESENTATION_CONTEXT('2D SPACE',''
  ) );
#2982 = ORIENTED_EDGE('',*,*,#2983,.T.);
#2983 = EDGE_CURVE('',#2946,#2984,#2986,.T.);
#2984 = VERTEX_POINT('',#2985);
#2985 = CARTESIAN_POINT('',(-7.814915916503,-3.444150942608,-5.6));
#2986 = SEAM_CURVE('',#2987,(#2992,#2999),.PCURVE_S1.);
#2987 = CIRCLE('',#2988,0.2);
#2988 = AXIS2_PLACEMENT_3D('',#2989,#2990,#2991);
#2989 = CARTESIAN_POINT('',(-8.014915916503,-3.444150942608,-5.6));
#2990 = DIRECTION('',(0.,-1.,0.));
#2991 = DIRECTION('',(1.,0.,0.));
#2992 = PCURVE('',#2955,#2993);
#2993 = DEFINITIONAL_REPRESENTATION('',(#2994),#2998);
#2994 = LINE('',#2995,#2996);
#2995 = CARTESIAN_POINT('',(-3.14159265359,6.28318530718));
#2996 = VECTOR('',#2997,1.);
#2997 = DIRECTION('',(0.,-1.));
#2998 = ( GEOMETRIC_REPRESENTATION_CONTEXT(2) 
PARAMETRIC_REPRESENTATION_CONTEXT() REPRESENTATION_CONTEXT('2D SPACE',''
  ) );
#2999 = PCURVE('',#2955,#3000);
#3000 = DEFINITIONAL_REPRESENTATION('',(#3001),#3005);
#3001 = LINE('',#3002,#3003);
#3002 = CARTESIAN_POINT('',(3.14159265359,6.28318530718));
#3003 = VECTOR('',#3004,1.);
#3004 = DIRECTION('',(0.,-1.));
#3005 = ( GEOMETRIC_REPRESENTATION_CONTEXT(2) 
PARAMETRIC_REPRESENTATION_CONTEXT() REPRESENTATION_CONTEXT('2D SPACE',''
  ) );
#3006 = ORIENTED_EDGE('',*,*,#3007,.F.);
#3007 = EDGE_CURVE('',#2984,#2984,#3008,.T.);
#3008 = SURFACE_CURVE('',#3009,(#3014,#3021),.PCURVE_S1.);
#3009 = CIRCLE('',#3010,0.5);
#3010 = AXIS2_PLACEMENT_3D('',#3011,#3012,#3013);
#3011 = CARTESIAN_POINT('',(-8.314915916503,-3.444150942608,-5.6));
#3012 = DIRECTION('',(0.,0.,1.));
#3013 = DIRECTION('',(-0.382683432365,0.923879532511,0.));
#3014 = PCURVE('',#2955,#3015);
#3015 = DEFINITIONAL_REPRESENTATION('',(#3016),#3020);
#3016 = LINE('',#3017,#3018);
#3017 = CARTESIAN_POINT('',(7.461282552276,0.));
#3018 = VECTOR('',#3019,1.);
#3019 = DIRECTION('',(-1.,0.));
#3020 = ( GEOMETRIC_REPRESENTATION_CONTEXT(2) 
PARAMETRIC_REPRESENTATION_CONTEXT() REPRESENTATION_CONTEXT('2D SPACE',''
  ) );
#3021 = PCURVE('',#2057,#3022);
#3022 = DEFINITIONAL_REPRESENTATION('',(#3023),#3031);
#3023 = ( BOUNDED_CURVE() B_SPLINE_CURVE(2,(#3024,#3025,#3026,#3027,
#3028,#3029,#3030),.UNSPECIFIED.,.T.,.F.) B_SPLINE_CURVE_WITH_KNOTS((1,2
    ,2,2,2,1),(-2.094395102393,0.,2.094395102393,4.188790204786,
6.28318530718,8.377580409573),.UNSPECIFIED.) CURVE() 
GEOMETRIC_REPRESENTATION_ITEM() RATIONAL_B_SPLINE_CURVE((1.,0.5,1.,0.5,
1.,0.5,1.)) REPRESENTATION_ITEM('') );
#3024 = CARTESIAN_POINT('',(8.506257632686,-2.982211176352));
#3025 = CARTESIAN_POINT('',(9.306360777877,-3.313624750388));
#3026 = CARTESIAN_POINT('',(8.619296631008,-3.840827612753));
#3027 = CARTESIAN_POINT('',(7.932232484138,-4.368030475119));
#3028 = CARTESIAN_POINT('',(7.819193485817,-3.509414038718));
#3029 = CARTESIAN_POINT('',(7.706154487495,-2.650797602316));
#3030 = CARTESIAN_POINT('',(8.506257632686,-2.982211176352));
#3031 = ( GEOMETRIC_REPRESENTATION_CONTEXT(2) 
PARAMETRIC_REPRESENTATION_CONTEXT() REPRESENTATION_CONTEXT('2D SPACE',''
  ) );
#3032 = ORIENTED_EDGE('',*,*,#2983,.F.);
#3033 = ADVANCED_FACE('',(#3034),#2967,.T.);
#3034 = FACE_BOUND('',#3035,.T.);
#3035 = EDGE_LOOP('',(#3036));
#3036 = ORIENTED_EDGE('',*,*,#2945,.F.);
#3037 = ADVANCED_FACE('',(#3038),#3051,.T.);
#3038 = FACE_BOUND('',#3039,.T.);
#3039 = EDGE_LOOP('',(#3040,#3078,#3102,#3128));
#3040 = ORIENTED_EDGE('',*,*,#3041,.T.);
#3041 = EDGE_CURVE('',#3042,#3042,#3044,.T.);
#3042 = VERTEX_POINT('',#3043);
#3043 = CARTESIAN_POINT('',(-8.70000013411,5.143516638538E-16,-5.8));
#3044 = SURFACE_CURVE('',#3045,(#3050,#3062),.PCURVE_S1.);
#3045 = CIRCLE('',#3046,0.3);
#3046 = AXIS2_PLACEMENT_3D('',#3047,#3048,#3049);
#3047 = CARTESIAN_POINT('',(-9.00000013411,5.510910678282E-16,-5.8));
#3048 = DIRECTION('',(0.,-0.,1.));
#3049 = DIRECTION('',(0.,1.,0.));
#3050 = PCURVE('',#3051,#3056);
#3051 = TOROIDAL_SURFACE('',#3052,0.3,0.2);
#3052 = AXIS2_PLACEMENT_3D('',#3053,#3054,#3055);
#3053 = CARTESIAN_POINT('',(-9.00000013411,5.510910678282E-16,-5.6));
#3054 = DIRECTION('',(0.,0.,-1.));
#3055 = DIRECTION('',(-1.,0.,0.));
#3056 = DEFINITIONAL_REPRESENTATION('',(#3057),#3061);
#3057 = LINE('',#3058,#3059);
#3058 = CARTESIAN_POINT('',(7.853981633974,1.570796326795));
#3059 = VECTOR('',#3060,1.);
#3060 = DIRECTION('',(-1.,0.));
#3061 = ( GEOMETRIC_REPRESENTATION_CONTEXT(2) 
PARAMETRIC_REPRESENTATION_CONTEXT() REPRESENTATION_CONTEXT('2D SPACE',''
  ) );
#3062 = PCURVE('',#3063,#3068);
#3063 = PLANE('',#3064);
#3064 = AXIS2_PLACEMENT_3D('',#3065,#3066,#3067);
#3065 = CARTESIAN_POINT('',(-9.00000013411,5.510910678282E-16,-5.8));
#3066 = DIRECTION('',(0.,0.,-1.));
#3067 = DIRECTION('',(6.123233995737E-17,1.,0.));
#3068 = DEFINITIONAL_REPRESENTATION('',(#3069),#3077);
#3069 = ( BOUNDED_CURVE() B_SPLINE_CURVE(2,(#3070,#3071,#3072,#3073,
#3074,#3075,#3076),.UNSPECIFIED.,.T.,.F.) B_SPLINE_CURVE_WITH_KNOTS((1,2
    ,2,2,2,1),(-2.094395102393,0.,2.094395102393,4.188790204786,
6.28318530718,8.377580409573),.UNSPECIFIED.) CURVE() 
GEOMETRIC_REPRESENTATION_ITEM() RATIONAL_B_SPLINE_CURVE((1.,0.5,1.,0.5,
1.,0.5,1.)) REPRESENTATION_ITEM('') );
#3070 = CARTESIAN_POINT('',(0.3,-1.836970198721E-17));
#3071 = CARTESIAN_POINT('',(0.3,-0.519615242271));
#3072 = CARTESIAN_POINT('',(-0.15,-0.259807621135));
#3073 = CARTESIAN_POINT('',(-0.6,-3.673940397442E-17));
#3074 = CARTESIAN_POINT('',(-0.15,0.259807621135));
#3075 = CARTESIAN_POINT('',(0.3,0.519615242271));
#3076 = CARTESIAN_POINT('',(0.3,-1.836970198721E-17));
#3077 = ( GEOMETRIC_REPRESENTATION_CONTEXT(2) 
PARAMETRIC_REPRESENTATION_CONTEXT() REPRESENTATION_CONTEXT('2D SPACE',''
  ) );
#3078 = ORIENTED_EDGE('',*,*,#3079,.T.);
#3079 = EDGE_CURVE('',#3042,#3080,#3082,.T.);
#3080 = VERTEX_POINT('',#3081);
#3081 = CARTESIAN_POINT('',(-8.50000013411,4.898587278708E-16,-5.6));
#3082 = SEAM_CURVE('',#3083,(#3088,#3095),.PCURVE_S1.);
#3083 = CIRCLE('',#3084,0.2);
#3084 = AXIS2_PLACEMENT_3D('',#3085,#3086,#3087);
#3085 = CARTESIAN_POINT('',(-8.70000013411,5.143516638538E-16,-5.6));
#3086 = DIRECTION('',(-1.224646799147E-16,-1.,0.));
#3087 = DIRECTION('',(1.,-1.224646799147E-16,0.));
#3088 = PCURVE('',#3051,#3089);
#3089 = DEFINITIONAL_REPRESENTATION('',(#3090),#3094);
#3090 = LINE('',#3091,#3092);
#3091 = CARTESIAN_POINT('',(-3.14159265359,6.28318530718));
#3092 = VECTOR('',#3093,1.);
#3093 = DIRECTION('',(0.,-1.));
#3094 = ( GEOMETRIC_REPRESENTATION_CONTEXT(2) 
PARAMETRIC_REPRESENTATION_CONTEXT() REPRESENTATION_CONTEXT('2D SPACE',''
  ) );
#3095 = PCURVE('',#3051,#3096);
#3096 = DEFINITIONAL_REPRESENTATION('',(#3097),#3101);
#3097 = LINE('',#3098,#3099);
#3098 = CARTESIAN_POINT('',(3.14159265359,6.28318530718));
#3099 = VECTOR('',#3100,1.);
#3100 = DIRECTION('',(0.,-1.));
#3101 = ( GEOMETRIC_REPRESENTATION_CONTEXT(2) 
PARAMETRIC_REPRESENTATION_CONTEXT() REPRESENTATION_CONTEXT('2D SPACE',''
  ) );
#3102 = ORIENTED_EDGE('',*,*,#3103,.F.);
#3103 = EDGE_CURVE('',#3080,#3080,#3104,.T.);
#3104 = SURFACE_CURVE('',#3105,(#3110,#3117),.PCURVE_S1.);
#3105 = CIRCLE('',#3106,0.5);
#3106 = AXIS2_PLACEMENT_3D('',#3107,#3108,#3109);
#3107 = CARTESIAN_POINT('',(-9.00000013411,5.510910678282E-16,-5.6));
#3108 = DIRECTION('',(0.,0.,1.));
#3109 = DIRECTION('',(6.123233995737E-17,1.,-0.));
#3110 = PCURVE('',#3051,#3111);
#3111 = DEFINITIONAL_REPRESENTATION('',(#3112),#3116);
#3112 = LINE('',#3113,#3114);
#3113 = CARTESIAN_POINT('',(7.853981633974,0.));
#3114 = VECTOR('',#3115,1.);
#3115 = DIRECTION('',(-1.,0.));
#3116 = ( GEOMETRIC_REPRESENTATION_CONTEXT(2) 
PARAMETRIC_REPRESENTATION_CONTEXT() REPRESENTATION_CONTEXT('2D SPACE',''
  ) );
#3117 = PCURVE('',#2057,#3118);
#3118 = DEFINITIONAL_REPRESENTATION('',(#3119),#3127);
#3119 = ( BOUNDED_CURVE() B_SPLINE_CURVE(2,(#3120,#3121,#3122,#3123,
#3124,#3125,#3126),.UNSPECIFIED.,.T.,.F.) B_SPLINE_CURVE_WITH_KNOTS((1,2
    ,2,2,2,1),(-2.094395102393,0.,2.094395102393,4.188790204786,
6.28318530718,8.377580409573),.UNSPECIFIED.) CURVE() 
GEOMETRIC_REPRESENTATION_ITEM() RATIONAL_B_SPLINE_CURVE((1.,0.5,1.,0.5,
1.,0.5,1.)) REPRESENTATION_ITEM('') );
#3120 = CARTESIAN_POINT('',(9.00000013411,0.5));
#3121 = CARTESIAN_POINT('',(9.866025537895,0.5));
#3122 = CARTESIAN_POINT('',(9.433012836003,-0.25));
#3123 = CARTESIAN_POINT('',(9.00000013411,-1.));
#3124 = CARTESIAN_POINT('',(8.566987432218,-0.25));
#3125 = CARTESIAN_POINT('',(8.133974730326,0.5));
#3126 = CARTESIAN_POINT('',(9.00000013411,0.5));
#3127 = ( GEOMETRIC_REPRESENTATION_CONTEXT(2) 
PARAMETRIC_REPRESENTATION_CONTEXT() REPRESENTATION_CONTEXT('2D SPACE',''
  ) );
#3128 = ORIENTED_EDGE('',*,*,#3079,.F.);
#3129 = ADVANCED_FACE('',(#3130),#3063,.T.);
#3130 = FACE_BOUND('',#3131,.T.);
#3131 = EDGE_LOOP('',(#3132));
#3132 = ORIENTED_EDGE('',*,*,#3041,.F.);
#3133 = ADVANCED_FACE('',(#3134),#3147,.T.);
#3134 = FACE_BOUND('',#3135,.T.);
#3135 = EDGE_LOOP('',(#3136,#3174,#3198,#3224));
#3136 = ORIENTED_EDGE('',*,*,#3137,.T.);
#3137 = EDGE_CURVE('',#3138,#3138,#3140,.T.);
#3138 = VERTEX_POINT('',#3139);
#3139 = CARTESIAN_POINT('',(-8.014915916503,3.444150942608,-5.8));
#3140 = SURFACE_CURVE('',#3141,(#3146,#3158),.PCURVE_S1.);
#3141 = CIRCLE('',#3142,0.3);
#3142 = AXIS2_PLACEMENT_3D('',#3143,#3144,#3145);
#3143 = CARTESIAN_POINT('',(-8.314915916503,3.444150942608,-5.8));
#3144 = DIRECTION('',(0.,0.,1.));
#3145 = DIRECTION('',(0.382683432365,0.923879532511,-0.));
#3146 = PCURVE('',#3147,#3152);
#3147 = TOROIDAL_SURFACE('',#3148,0.3,0.2);
#3148 = AXIS2_PLACEMENT_3D('',#3149,#3150,#3151);
#3149 = CARTESIAN_POINT('',(-8.314915916503,3.444150942608,-5.6));
#3150 = DIRECTION('',(0.,0.,-1.));
#3151 = DIRECTION('',(-1.,0.,0.));
#3152 = DEFINITIONAL_REPRESENTATION('',(#3153),#3157);
#3153 = LINE('',#3154,#3155);
#3154 = CARTESIAN_POINT('',(8.246680715673,1.570796326795));
#3155 = VECTOR('',#3156,1.);
#3156 = DIRECTION('',(-1.,0.));
#3157 = ( GEOMETRIC_REPRESENTATION_CONTEXT(2) 
PARAMETRIC_REPRESENTATION_CONTEXT() REPRESENTATION_CONTEXT('2D SPACE',''
  ) );
#3158 = PCURVE('',#3159,#3164);
#3159 = PLANE('',#3160);
#3160 = AXIS2_PLACEMENT_3D('',#3161,#3162,#3163);
#3161 = CARTESIAN_POINT('',(-8.314915916503,3.444150942608,-5.8));
#3162 = DIRECTION('',(0.,0.,-1.));
#3163 = DIRECTION('',(0.382683432365,0.923879532511,0.));
#3164 = DEFINITIONAL_REPRESENTATION('',(#3165),#3173);
#3165 = ( BOUNDED_CURVE() B_SPLINE_CURVE(2,(#3166,#3167,#3168,#3169,
#3170,#3171,#3172),.UNSPECIFIED.,.T.,.F.) B_SPLINE_CURVE_WITH_KNOTS((1,2
    ,2,2,2,1),(-2.094395102393,0.,2.094395102393,4.188790204786,
6.28318530718,8.377580409573),.UNSPECIFIED.) CURVE() 
GEOMETRIC_REPRESENTATION_ITEM() RATIONAL_B_SPLINE_CURVE((1.,0.5,1.,0.5,
1.,0.5,1.)) REPRESENTATION_ITEM('') );
#3166 = CARTESIAN_POINT('',(0.3,7.627525314064E-18));
#3167 = CARTESIAN_POINT('',(0.3,-0.519615242271));
#3168 = CARTESIAN_POINT('',(-0.15,-0.259807621135));
#3169 = CARTESIAN_POINT('',(-0.6,-8.873385857697E-17));
#3170 = CARTESIAN_POINT('',(-0.15,0.259807621135));
#3171 = CARTESIAN_POINT('',(0.3,0.519615242271));
#3172 = CARTESIAN_POINT('',(0.3,7.627525314064E-18));
#3173 = ( GEOMETRIC_REPRESENTATION_CONTEXT(2) 
PARAMETRIC_REPRESENTATION_CONTEXT() REPRESENTATION_CONTEXT('2D SPACE',''
  ) );
#3174 = ORIENTED_EDGE('',*,*,#3175,.T.);
#3175 = EDGE_CURVE('',#3138,#3176,#3178,.T.);
#3176 = VERTEX_POINT('',#3177);
#3177 = CARTESIAN_POINT('',(-7.814915916503,3.444150942608,-5.6));
#3178 = SEAM_CURVE('',#3179,(#3184,#3191),.PCURVE_S1.);
#3179 = CIRCLE('',#3180,0.2);
#3180 = AXIS2_PLACEMENT_3D('',#3181,#3182,#3183);
#3181 = CARTESIAN_POINT('',(-8.014915916503,3.444150942608,-5.6));
#3182 = DIRECTION('',(0.,-1.,0.));
#3183 = DIRECTION('',(1.,0.,0.));
#3184 = PCURVE('',#3147,#3185);
#3185 = DEFINITIONAL_REPRESENTATION('',(#3186),#3190);
#3186 = LINE('',#3187,#3188);
#3187 = CARTESIAN_POINT('',(-3.14159265359,6.28318530718));
#3188 = VECTOR('',#3189,1.);
#3189 = DIRECTION('',(0.,-1.));
#3190 = ( GEOMETRIC_REPRESENTATION_CONTEXT(2) 
PARAMETRIC_REPRESENTATION_CONTEXT() REPRESENTATION_CONTEXT('2D SPACE',''
  ) );
#3191 = PCURVE('',#3147,#3192);
#3192 = DEFINITIONAL_REPRESENTATION('',(#3193),#3197);
#3193 = LINE('',#3194,#3195);
#3194 = CARTESIAN_POINT('',(3.14159265359,6.28318530718));
#3195 = VECTOR('',#3196,1.);
#3196 = DIRECTION('',(0.,-1.));
#3197 = ( GEOMETRIC_REPRESENTATION_CONTEXT(2) 
PARAMETRIC_REPRESENTATION_CONTEXT() REPRESENTATION_CONTEXT('2D SPACE',''
  ) );
#3198 = ORIENTED_EDGE('',*,*,#3199,.F.);
#3199 = EDGE_CURVE('',#3176,#3176,#3200,.T.);
#3200 = SURFACE_CURVE('',#3201,(#3206,#3213),.PCURVE_S1.);
#3201 = CIRCLE('',#3202,0.5);
#3202 = AXIS2_PLACEMENT_3D('',#3203,#3204,#3205);
#3203 = CARTESIAN_POINT('',(-8.314915916503,3.444150942608,-5.6));
#3204 = DIRECTION('',(0.,0.,1.));
#3205 = DIRECTION('',(0.382683432365,0.923879532511,-0.));
#3206 = PCURVE('',#3147,#3207);
#3207 = DEFINITIONAL_REPRESENTATION('',(#3208),#3212);
#3208 = LINE('',#3209,#3210);
#3209 = CARTESIAN_POINT('',(8.246680715673,0.));
#3210 = VECTOR('',#3211,1.);
#3211 = DIRECTION('',(-1.,0.));
#3212 = ( GEOMETRIC_REPRESENTATION_CONTEXT(2) 
PARAMETRIC_REPRESENTATION_CONTEXT() REPRESENTATION_CONTEXT('2D SPACE',''
  ) );
#3213 = PCURVE('',#2057,#3214);
#3214 = DEFINITIONAL_REPRESENTATION('',(#3215),#3223);
#3215 = ( BOUNDED_CURVE() B_SPLINE_CURVE(2,(#3216,#3217,#3218,#3219,
#3220,#3221,#3222),.UNSPECIFIED.,.T.,.F.) B_SPLINE_CURVE_WITH_KNOTS((1,2
    ,2,2,2,1),(-2.094395102393,0.,2.094395102393,4.188790204786,
6.28318530718,8.377580409573),.UNSPECIFIED.) CURVE() 
GEOMETRIC_REPRESENTATION_ITEM() RATIONAL_B_SPLINE_CURVE((1.,0.5,1.,0.5,
1.,0.5,1.)) REPRESENTATION_ITEM('') );
#3216 = CARTESIAN_POINT('',(8.123574200321,3.906090708863));
#3217 = CARTESIAN_POINT('',(8.923677345512,4.237504282899));
#3218 = CARTESIAN_POINT('',(8.81063834719,3.378887846498));
#3219 = CARTESIAN_POINT('',(8.697599348869,2.520271410096));
#3220 = CARTESIAN_POINT('',(8.010535201999,3.047474272462));
#3221 = CARTESIAN_POINT('',(7.32347105513,3.574677134828));
#3222 = CARTESIAN_POINT('',(8.123574200321,3.906090708863));
#3223 = ( GEOMETRIC_REPRESENTATION_CONTEXT(2) 
PARAMETRIC_REPRESENTATION_CONTEXT() REPRESENTATION_CONTEXT('2D SPACE',''
  ) );
#3224 = ORIENTED_EDGE('',*,*,#3175,.F.);
#3225 = ADVANCED_FACE('',(#3226),#3159,.T.);
#3226 = FACE_BOUND('',#3227,.T.);
#3227 = EDGE_LOOP('',(#3228));
#3228 = ORIENTED_EDGE('',*,*,#3137,.F.);
#3229 = ADVANCED_FACE('',(#3230),#3243,.T.);
#3230 = FACE_BOUND('',#3231,.T.);
#3231 = EDGE_LOOP('',(#3232,#3270,#3294,#3320));
#3232 = ORIENTED_EDGE('',*,*,#3233,.T.);
#3233 = EDGE_CURVE('',#3234,#3234,#3236,.T.);
#3234 = VERTEX_POINT('',#3235);
#3235 = CARTESIAN_POINT('',(-6.063961125509,6.363961125509,-5.8));
#3236 = SURFACE_CURVE('',#3237,(#3242,#3254),.PCURVE_S1.);
#3237 = CIRCLE('',#3238,0.3);
#3238 = AXIS2_PLACEMENT_3D('',#3239,#3240,#3241);
#3239 = CARTESIAN_POINT('',(-6.363961125509,6.363961125509,-5.8));
#3240 = DIRECTION('',(0.,0.,1.));
#3241 = DIRECTION('',(0.707106781187,0.707106781187,-0.));
#3242 = PCURVE('',#3243,#3248);
#3243 = TOROIDAL_SURFACE('',#3244,0.3,0.2);
#3244 = AXIS2_PLACEMENT_3D('',#3245,#3246,#3247);
#3245 = CARTESIAN_POINT('',(-6.363961125509,6.363961125509,-5.6));
#3246 = DIRECTION('',(0.,0.,-1.));
#3247 = DIRECTION('',(-1.,0.,0.));
#3248 = DEFINITIONAL_REPRESENTATION('',(#3249),#3253);
#3249 = LINE('',#3250,#3251);
#3250 = CARTESIAN_POINT('',(8.639379797372,1.570796326795));
#3251 = VECTOR('',#3252,1.);
#3252 = DIRECTION('',(-1.,0.));
#3253 = ( GEOMETRIC_REPRESENTATION_CONTEXT(2) 
PARAMETRIC_REPRESENTATION_CONTEXT() REPRESENTATION_CONTEXT('2D SPACE',''
  ) );
#3254 = PCURVE('',#3255,#3260);
#3255 = PLANE('',#3256);
#3256 = AXIS2_PLACEMENT_3D('',#3257,#3258,#3259);
#3257 = CARTESIAN_POINT('',(-6.363961125509,6.363961125509,-5.8));
#3258 = DIRECTION('',(0.,0.,-1.));
#3259 = DIRECTION('',(0.707106781187,0.707106781187,0.));
#3260 = DEFINITIONAL_REPRESENTATION('',(#3261),#3269);
#3261 = ( BOUNDED_CURVE() B_SPLINE_CURVE(2,(#3262,#3263,#3264,#3265,
#3266,#3267,#3268),.UNSPECIFIED.,.T.,.F.) B_SPLINE_CURVE_WITH_KNOTS((1,2
    ,2,2,2,1),(-2.094395102393,0.,2.094395102393,4.188790204786,
6.28318530718,8.377580409573),.UNSPECIFIED.) CURVE() 
GEOMETRIC_REPRESENTATION_ITEM() RATIONAL_B_SPLINE_CURVE((1.,0.5,1.,0.5,
1.,0.5,1.)) REPRESENTATION_ITEM('') );
#3262 = CARTESIAN_POINT('',(0.3,-1.971695806446E-16));
#3263 = CARTESIAN_POINT('',(0.3,-0.519615242271));
#3264 = CARTESIAN_POINT('',(-0.15,-0.259807621135));
#3265 = CARTESIAN_POINT('',(-0.6,3.208603533403E-16));
#3266 = CARTESIAN_POINT('',(-0.15,0.259807621135));
#3267 = CARTESIAN_POINT('',(0.3,0.519615242271));
#3268 = CARTESIAN_POINT('',(0.3,-1.971695806446E-16));
#3269 = ( GEOMETRIC_REPRESENTATION_CONTEXT(2) 
PARAMETRIC_REPRESENTATION_CONTEXT() REPRESENTATION_CONTEXT('2D SPACE',''
  ) );
#3270 = ORIENTED_EDGE('',*,*,#3271,.T.);
#3271 = EDGE_CURVE('',#3234,#3272,#3274,.T.);
#3272 = VERTEX_POINT('',#3273);
#3273 = CARTESIAN_POINT('',(-5.863961125509,6.363961125509,-5.6));
#3274 = SEAM_CURVE('',#3275,(#3280,#3287),.PCURVE_S1.);
#3275 = CIRCLE('',#3276,0.2);
#3276 = AXIS2_PLACEMENT_3D('',#3277,#3278,#3279);
#3277 = CARTESIAN_POINT('',(-6.063961125509,6.363961125509,-5.6));
#3278 = DIRECTION('',(0.,-1.,0.));
#3279 = DIRECTION('',(1.,0.,0.));
#3280 = PCURVE('',#3243,#3281);
#3281 = DEFINITIONAL_REPRESENTATION('',(#3282),#3286);
#3282 = LINE('',#3283,#3284);
#3283 = CARTESIAN_POINT('',(-3.14159265359,6.28318530718));
#3284 = VECTOR('',#3285,1.);
#3285 = DIRECTION('',(0.,-1.));
#3286 = ( GEOMETRIC_REPRESENTATION_CONTEXT(2) 
PARAMETRIC_REPRESENTATION_CONTEXT() REPRESENTATION_CONTEXT('2D SPACE',''
  ) );
#3287 = PCURVE('',#3243,#3288);
#3288 = DEFINITIONAL_REPRESENTATION('',(#3289),#3293);
#3289 = LINE('',#3290,#3291);
#3290 = CARTESIAN_POINT('',(3.14159265359,6.28318530718));
#3291 = VECTOR('',#3292,1.);
#3292 = DIRECTION('',(0.,-1.));
#3293 = ( GEOMETRIC_REPRESENTATION_CONTEXT(2) 
PARAMETRIC_REPRESENTATION_CONTEXT() REPRESENTATION_CONTEXT('2D SPACE',''
  ) );
#3294 = ORIENTED_EDGE('',*,*,#3295,.F.);
#3295 = EDGE_CURVE('',#3272,#3272,#3296,.T.);
#3296 = SURFACE_CURVE('',#3297,(#3302,#3309),.PCURVE_S1.);
#3297 = CIRCLE('',#3298,0.5);
#3298 = AXIS2_PLACEMENT_3D('',#3299,#3300,#3301);
#3299 = CARTESIAN_POINT('',(-6.363961125509,6.363961125509,-5.6));
#3300 = DIRECTION('',(0.,0.,1.));
#3301 = DIRECTION('',(0.707106781187,0.707106781187,-0.));
#3302 = PCURVE('',#3243,#3303);
#3303 = DEFINITIONAL_REPRESENTATION('',(#3304),#3308);
#3304 = LINE('',#3305,#3306);
#3305 = CARTESIAN_POINT('',(8.639379797372,0.));
#3306 = VECTOR('',#3307,1.);
#3307 = DIRECTION('',(-1.,0.));
#3308 = ( GEOMETRIC_REPRESENTATION_CONTEXT(2) 
PARAMETRIC_REPRESENTATION_CONTEXT() REPRESENTATION_CONTEXT('2D SPACE',''
  ) );
#3309 = PCURVE('',#2057,#3310);
#3310 = DEFINITIONAL_REPRESENTATION('',(#3311),#3319);
#3311 = ( BOUNDED_CURVE() B_SPLINE_CURVE(2,(#3312,#3313,#3314,#3315,
#3316,#3317,#3318),.UNSPECIFIED.,.T.,.F.) B_SPLINE_CURVE_WITH_KNOTS((1,2
    ,2,2,2,1),(-2.094395102393,0.,2.094395102393,4.188790204786,
6.28318530718,8.377580409573),.UNSPECIFIED.) CURVE() 
GEOMETRIC_REPRESENTATION_ITEM() RATIONAL_B_SPLINE_CURVE((1.,0.5,1.,0.5,
1.,0.5,1.)) REPRESENTATION_ITEM('') );
#3312 = CARTESIAN_POINT('',(6.010407734916,6.717514516103));
#3313 = CARTESIAN_POINT('',(6.622780170612,7.329886951798));
#3314 = CARTESIAN_POINT('',(6.846924038654,6.493370648061));
#3315 = CARTESIAN_POINT('',(7.071067906696,5.656854344323));
#3316 = CARTESIAN_POINT('',(6.234551602958,5.880998212365));
#3317 = CARTESIAN_POINT('',(5.39803529922,6.105142080407));
#3318 = CARTESIAN_POINT('',(6.010407734916,6.717514516103));
#3319 = ( GEOMETRIC_REPRESENTATION_CONTEXT(2) 
PARAMETRIC_REPRESENTATION_CONTEXT() REPRESENTATION_CONTEXT('2D SPACE',''
  ) );
#3320 = ORIENTED_EDGE('',*,*,#3271,.F.);
#3321 = ADVANCED_FACE('',(#3322),#3255,.T.);
#3322 = FACE_BOUND('',#3323,.T.);
#3323 = EDGE_LOOP('',(#3324));
#3324 = ORIENTED_EDGE('',*,*,#3233,.F.);
#3325 = ADVANCED_FACE('',(#3326),#3339,.T.);
#3326 = FACE_BOUND('',#3327,.T.);
#3327 = EDGE_LOOP('',(#3328,#3366,#3390,#3416));
#3328 = ORIENTED_EDGE('',*,*,#3329,.T.);
#3329 = EDGE_CURVE('',#3330,#3330,#3332,.T.);
#3330 = VERTEX_POINT('',#3331);
#3331 = CARTESIAN_POINT('',(-3.144150942608,8.314915916503,-5.8));
#3332 = SURFACE_CURVE('',#3333,(#3338,#3350),.PCURVE_S1.);
#3333 = CIRCLE('',#3334,0.3);
#3334 = AXIS2_PLACEMENT_3D('',#3335,#3336,#3337);
#3335 = CARTESIAN_POINT('',(-3.444150942608,8.314915916503,-5.8));
#3336 = DIRECTION('',(0.,0.,1.));
#3337 = DIRECTION('',(0.923879532511,0.382683432365,-0.));
#3338 = PCURVE('',#3339,#3344);
#3339 = TOROIDAL_SURFACE('',#3340,0.3,0.2);
#3340 = AXIS2_PLACEMENT_3D('',#3341,#3342,#3343);
#3341 = CARTESIAN_POINT('',(-3.444150942608,8.314915916503,-5.6));
#3342 = DIRECTION('',(0.,0.,-1.));
#3343 = DIRECTION('',(-1.,0.,0.));
#3344 = DEFINITIONAL_REPRESENTATION('',(#3345),#3349);
#3345 = LINE('',#3346,#3347);
#3346 = CARTESIAN_POINT('',(9.032078879071,1.570796326795));
#3347 = VECTOR('',#3348,1.);
#3348 = DIRECTION('',(-1.,0.));
#3349 = ( GEOMETRIC_REPRESENTATION_CONTEXT(2) 
PARAMETRIC_REPRESENTATION_CONTEXT() REPRESENTATION_CONTEXT('2D SPACE',''
  ) );
#3350 = PCURVE('',#3351,#3356);
#3351 = PLANE('',#3352);
#3352 = AXIS2_PLACEMENT_3D('',#3353,#3354,#3355);
#3353 = CARTESIAN_POINT('',(-3.444150942608,8.314915916503,-5.8));
#3354 = DIRECTION('',(0.,0.,-1.));
#3355 = DIRECTION('',(0.923879532511,0.382683432365,0.));
#3356 = DEFINITIONAL_REPRESENTATION('',(#3357),#3365);
#3357 = ( BOUNDED_CURVE() B_SPLINE_CURVE(2,(#3358,#3359,#3360,#3361,
#3362,#3363,#3364),.UNSPECIFIED.,.T.,.F.) B_SPLINE_CURVE_WITH_KNOTS((1,2
    ,2,2,2,1),(-2.094395102393,0.,2.094395102393,4.188790204786,
6.28318530718,8.377580409573),.UNSPECIFIED.) CURVE() 
GEOMETRIC_REPRESENTATION_ITEM() RATIONAL_B_SPLINE_CURVE((1.,0.5,1.,0.5,
1.,0.5,1.)) REPRESENTATION_ITEM('') );
#3358 = CARTESIAN_POINT('',(0.3,7.627525314064E-18));
#3359 = CARTESIAN_POINT('',(0.3,-0.519615242271));
#3360 = CARTESIAN_POINT('',(-0.15,-0.259807621135));
#3361 = CARTESIAN_POINT('',(-0.6,-8.873385857697E-17));
#3362 = CARTESIAN_POINT('',(-0.15,0.259807621135));
#3363 = CARTESIAN_POINT('',(0.3,0.519615242271));
#3364 = CARTESIAN_POINT('',(0.3,7.627525314064E-18));
#3365 = ( GEOMETRIC_REPRESENTATION_CONTEXT(2) 
PARAMETRIC_REPRESENTATION_CONTEXT() REPRESENTATION_CONTEXT('2D SPACE',''
  ) );
#3366 = ORIENTED_EDGE('',*,*,#3367,.T.);
#3367 = EDGE_CURVE('',#3330,#3368,#3370,.T.);
#3368 = VERTEX_POINT('',#3369);
#3369 = CARTESIAN_POINT('',(-2.944150942608,8.314915916503,-5.6));
#3370 = SEAM_CURVE('',#3371,(#3376,#3383),.PCURVE_S1.);
#3371 = CIRCLE('',#3372,0.2);
#3372 = AXIS2_PLACEMENT_3D('',#3373,#3374,#3375);
#3373 = CARTESIAN_POINT('',(-3.144150942608,8.314915916503,-5.6));
#3374 = DIRECTION('',(0.,-1.,0.));
#3375 = DIRECTION('',(1.,0.,0.));
#3376 = PCURVE('',#3339,#3377);
#3377 = DEFINITIONAL_REPRESENTATION('',(#3378),#3382);
#3378 = LINE('',#3379,#3380);
#3379 = CARTESIAN_POINT('',(-3.14159265359,6.28318530718));
#3380 = VECTOR('',#3381,1.);
#3381 = DIRECTION('',(0.,-1.));
#3382 = ( GEOMETRIC_REPRESENTATION_CONTEXT(2) 
PARAMETRIC_REPRESENTATION_CONTEXT() REPRESENTATION_CONTEXT('2D SPACE',''
  ) );
#3383 = PCURVE('',#3339,#3384);
#3384 = DEFINITIONAL_REPRESENTATION('',(#3385),#3389);
#3385 = LINE('',#3386,#3387);
#3386 = CARTESIAN_POINT('',(3.14159265359,6.28318530718));
#3387 = VECTOR('',#3388,1.);
#3388 = DIRECTION('',(0.,-1.));
#3389 = ( GEOMETRIC_REPRESENTATION_CONTEXT(2) 
PARAMETRIC_REPRESENTATION_CONTEXT() REPRESENTATION_CONTEXT('2D SPACE',''
  ) );
#3390 = ORIENTED_EDGE('',*,*,#3391,.F.);
#3391 = EDGE_CURVE('',#3368,#3368,#3392,.T.);
#3392 = SURFACE_CURVE('',#3393,(#3398,#3405),.PCURVE_S1.);
#3393 = CIRCLE('',#3394,0.5);
#3394 = AXIS2_PLACEMENT_3D('',#3395,#3396,#3397);
#3395 = CARTESIAN_POINT('',(-3.444150942608,8.314915916503,-5.6));
#3396 = DIRECTION('',(0.,0.,1.));
#3397 = DIRECTION('',(0.923879532511,0.382683432365,-0.));
#3398 = PCURVE('',#3339,#3399);
#3399 = DEFINITIONAL_REPRESENTATION('',(#3400),#3404);
#3400 = LINE('',#3401,#3402);
#3401 = CARTESIAN_POINT('',(9.032078879071,0.));
#3402 = VECTOR('',#3403,1.);
#3403 = DIRECTION('',(-1.,0.));
#3404 = ( GEOMETRIC_REPRESENTATION_CONTEXT(2) 
PARAMETRIC_REPRESENTATION_CONTEXT() REPRESENTATION_CONTEXT('2D SPACE',''
  ) );
#3405 = PCURVE('',#2057,#3406);
#3406 = DEFINITIONAL_REPRESENTATION('',(#3407),#3415);
#3407 = ( BOUNDED_CURVE() B_SPLINE_CURVE(2,(#3408,#3409,#3410,#3411,
#3412,#3413,#3414),.UNSPECIFIED.,.T.,.F.) B_SPLINE_CURVE_WITH_KNOTS((1,2
    ,2,2,2,1),(-2.094395102393,0.,2.094395102393,4.188790204786,
6.28318530718,8.377580409573),.UNSPECIFIED.) CURVE() 
GEOMETRIC_REPRESENTATION_ITEM() RATIONAL_B_SPLINE_CURVE((1.,0.5,1.,0.5,
1.,0.5,1.)) REPRESENTATION_ITEM('') );
#3408 = CARTESIAN_POINT('',(2.982211176352,8.506257632686));
#3409 = CARTESIAN_POINT('',(3.313624750388,9.306360777877));
#3410 = CARTESIAN_POINT('',(3.840827612753,8.619296631008));
#3411 = CARTESIAN_POINT('',(4.368030475119,7.932232484138));
#3412 = CARTESIAN_POINT('',(3.509414038718,7.819193485817));
#3413 = CARTESIAN_POINT('',(2.650797602316,7.706154487495));
#3414 = CARTESIAN_POINT('',(2.982211176352,8.506257632686));
#3415 = ( GEOMETRIC_REPRESENTATION_CONTEXT(2) 
PARAMETRIC_REPRESENTATION_CONTEXT() REPRESENTATION_CONTEXT('2D SPACE',''
  ) );
#3416 = ORIENTED_EDGE('',*,*,#3367,.F.);
#3417 = ADVANCED_FACE('',(#3418),#3351,.T.);
#3418 = FACE_BOUND('',#3419,.T.);
#3419 = EDGE_LOOP('',(#3420));
#3420 = ORIENTED_EDGE('',*,*,#3329,.F.);
#3421 = ADVANCED_FACE('',(#3422),#3435,.T.);
#3422 = FACE_BOUND('',#3423,.T.);
#3423 = EDGE_LOOP('',(#3424,#3462,#3486,#3512));
#3424 = ORIENTED_EDGE('',*,*,#3425,.T.);
#3425 = EDGE_CURVE('',#3426,#3426,#3428,.T.);
#3426 = VERTEX_POINT('',#3427);
#3427 = CARTESIAN_POINT('',(0.3,9.00000013411,-5.8));
#3428 = SURFACE_CURVE('',#3429,(#3434,#3446),.PCURVE_S1.);
#3429 = CIRCLE('',#3430,0.3);
#3430 = AXIS2_PLACEMENT_3D('',#3431,#3432,#3433);
#3431 = CARTESIAN_POINT('',(0.,9.00000013411,-5.8));
#3432 = DIRECTION('',(0.,0.,1.));
#3433 = DIRECTION('',(1.,0.,-0.));
#3434 = PCURVE('',#3435,#3440);
#3435 = TOROIDAL_SURFACE('',#3436,0.3,0.2);
#3436 = AXIS2_PLACEMENT_3D('',#3437,#3438,#3439);
#3437 = CARTESIAN_POINT('',(0.,9.00000013411,-5.6));
#3438 = DIRECTION('',(0.,0.,-1.));
#3439 = DIRECTION('',(-1.,0.,0.));
#3440 = DEFINITIONAL_REPRESENTATION('',(#3441),#3445);
#3441 = LINE('',#3442,#3443);
#3442 = CARTESIAN_POINT('',(3.14159265359,1.570796326795));
#3443 = VECTOR('',#3444,1.);
#3444 = DIRECTION('',(-1.,0.));
#3445 = ( GEOMETRIC_REPRESENTATION_CONTEXT(2) 
PARAMETRIC_REPRESENTATION_CONTEXT() REPRESENTATION_CONTEXT('2D SPACE',''
  ) );
#3446 = PCURVE('',#3447,#3452);
#3447 = PLANE('',#3448);
#3448 = AXIS2_PLACEMENT_3D('',#3449,#3450,#3451);
#3449 = CARTESIAN_POINT('',(0.,9.00000013411,-5.8));
#3450 = DIRECTION('',(0.,0.,-1.));
#3451 = DIRECTION('',(1.,0.,0.));
#3452 = DEFINITIONAL_REPRESENTATION('',(#3453),#3461);
#3453 = ( BOUNDED_CURVE() B_SPLINE_CURVE(2,(#3454,#3455,#3456,#3457,
#3458,#3459,#3460),.UNSPECIFIED.,.T.,.F.) B_SPLINE_CURVE_WITH_KNOTS((1,2
    ,2,2,2,1),(-2.094395102393,0.,2.094395102393,4.188790204786,
6.28318530718,8.377580409573),.UNSPECIFIED.) CURVE() 
GEOMETRIC_REPRESENTATION_ITEM() RATIONAL_B_SPLINE_CURVE((1.,0.5,1.,0.5,
1.,0.5,1.)) REPRESENTATION_ITEM('') );
#3454 = CARTESIAN_POINT('',(0.3,0.));
#3455 = CARTESIAN_POINT('',(0.3,-0.519615242271));
#3456 = CARTESIAN_POINT('',(-0.15,-0.259807621135));
#3457 = CARTESIAN_POINT('',(-0.6,-7.347880794884E-17));
#3458 = CARTESIAN_POINT('',(-0.15,0.259807621135));
#3459 = CARTESIAN_POINT('',(0.3,0.519615242271));
#3460 = CARTESIAN_POINT('',(0.3,0.));
#3461 = ( GEOMETRIC_REPRESENTATION_CONTEXT(2) 
PARAMETRIC_REPRESENTATION_CONTEXT() REPRESENTATION_CONTEXT('2D SPACE',''
  ) );
#3462 = ORIENTED_EDGE('',*,*,#3463,.T.);
#3463 = EDGE_CURVE('',#3426,#3464,#3466,.T.);
#3464 = VERTEX_POINT('',#3465);
#3465 = CARTESIAN_POINT('',(0.5,9.00000013411,-5.6));
#3466 = SEAM_CURVE('',#3467,(#3472,#3479),.PCURVE_S1.);
#3467 = CIRCLE('',#3468,0.2);
#3468 = AXIS2_PLACEMENT_3D('',#3469,#3470,#3471);
#3469 = CARTESIAN_POINT('',(0.3,9.00000013411,-5.6));
#3470 = DIRECTION('',(0.,-1.,0.));
#3471 = DIRECTION('',(1.,0.,0.));
#3472 = PCURVE('',#3435,#3473);
#3473 = DEFINITIONAL_REPRESENTATION('',(#3474),#3478);
#3474 = LINE('',#3475,#3476);
#3475 = CARTESIAN_POINT('',(-3.14159265359,6.28318530718));
#3476 = VECTOR('',#3477,1.);
#3477 = DIRECTION('',(0.,-1.));
#3478 = ( GEOMETRIC_REPRESENTATION_CONTEXT(2) 
PARAMETRIC_REPRESENTATION_CONTEXT() REPRESENTATION_CONTEXT('2D SPACE',''
  ) );
#3479 = PCURVE('',#3435,#3480);
#3480 = DEFINITIONAL_REPRESENTATION('',(#3481),#3485);
#3481 = LINE('',#3482,#3483);
#3482 = CARTESIAN_POINT('',(3.14159265359,6.28318530718));
#3483 = VECTOR('',#3484,1.);
#3484 = DIRECTION('',(0.,-1.));
#3485 = ( GEOMETRIC_REPRESENTATION_CONTEXT(2) 
PARAMETRIC_REPRESENTATION_CONTEXT() REPRESENTATION_CONTEXT('2D SPACE',''
  ) );
#3486 = ORIENTED_EDGE('',*,*,#3487,.F.);
#3487 = EDGE_CURVE('',#3464,#3464,#3488,.T.);
#3488 = SURFACE_CURVE('',#3489,(#3494,#3501),.PCURVE_S1.);
#3489 = CIRCLE('',#3490,0.5);
#3490 = AXIS2_PLACEMENT_3D('',#3491,#3492,#3493);
#3491 = CARTESIAN_POINT('',(0.,9.00000013411,-5.6));
#3492 = DIRECTION('',(0.,0.,1.));
#3493 = DIRECTION('',(1.,0.,-0.));
#3494 = PCURVE('',#3435,#3495);
#3495 = DEFINITIONAL_REPRESENTATION('',(#3496),#3500);
#3496 = LINE('',#3497,#3498);
#3497 = CARTESIAN_POINT('',(3.14159265359,0.));
#3498 = VECTOR('',#3499,1.);
#3499 = DIRECTION('',(-1.,0.));
#3500 = ( GEOMETRIC_REPRESENTATION_CONTEXT(2) 
PARAMETRIC_REPRESENTATION_CONTEXT() REPRESENTATION_CONTEXT('2D SPACE',''
  ) );
#3501 = PCURVE('',#2057,#3502);
#3502 = DEFINITIONAL_REPRESENTATION('',(#3503),#3511);
#3503 = ( BOUNDED_CURVE() B_SPLINE_CURVE(2,(#3504,#3505,#3506,#3507,
#3508,#3509,#3510),.UNSPECIFIED.,.T.,.F.) B_SPLINE_CURVE_WITH_KNOTS((1,2
    ,2,2,2,1),(-2.094395102393,0.,2.094395102393,4.188790204786,
6.28318530718,8.377580409573),.UNSPECIFIED.) CURVE() 
GEOMETRIC_REPRESENTATION_ITEM() RATIONAL_B_SPLINE_CURVE((1.,0.5,1.,0.5,
1.,0.5,1.)) REPRESENTATION_ITEM('') );
#3504 = CARTESIAN_POINT('',(-0.5,9.00000013411));
#3505 = CARTESIAN_POINT('',(-0.5,9.866025537895));
#3506 = CARTESIAN_POINT('',(0.25,9.433012836003));
#3507 = CARTESIAN_POINT('',(1.,9.00000013411));
#3508 = CARTESIAN_POINT('',(0.25,8.566987432218));
#3509 = CARTESIAN_POINT('',(-0.5,8.133974730326));
#3510 = CARTESIAN_POINT('',(-0.5,9.00000013411));
#3511 = ( GEOMETRIC_REPRESENTATION_CONTEXT(2) 
PARAMETRIC_REPRESENTATION_CONTEXT() REPRESENTATION_CONTEXT('2D SPACE',''
  ) );
#3512 = ORIENTED_EDGE('',*,*,#3463,.F.);
#3513 = ADVANCED_FACE('',(#3514),#3447,.T.);
#3514 = FACE_BOUND('',#3515,.T.);
#3515 = EDGE_LOOP('',(#3516));
#3516 = ORIENTED_EDGE('',*,*,#3425,.F.);
#3517 = ADVANCED_FACE('',(#3518),#3531,.T.);
#3518 = FACE_BOUND('',#3519,.T.);
#3519 = EDGE_LOOP('',(#3520,#3549,#3573,#3600));
#3520 = ORIENTED_EDGE('',*,*,#3521,.T.);
#3521 = EDGE_CURVE('',#3522,#3522,#3524,.T.);
#3522 = VERTEX_POINT('',#3523);
#3523 = CARTESIAN_POINT('',(-4.4,5.388445916248E-16,-5.6));
#3524 = SURFACE_CURVE('',#3525,(#3530,#3542),.PCURVE_S1.);
#3525 = CIRCLE('',#3526,4.4);
#3526 = AXIS2_PLACEMENT_3D('',#3527,#3528,#3529);
#3527 = CARTESIAN_POINT('',(0.,0.,-5.6));
#3528 = DIRECTION('',(0.,0.,-1.));
#3529 = DIRECTION('',(1.,0.,0.));
#3530 = PCURVE('',#3531,#3536);
#3531 = TOROIDAL_SURFACE('',#3532,4.4,0.4);
#3532 = AXIS2_PLACEMENT_3D('',#3533,#3534,#3535);
#3533 = CARTESIAN_POINT('',(0.,0.,-5.2));
#3534 = DIRECTION('',(0.,0.,1.));
#3535 = DIRECTION('',(1.,0.,-0.));
#3536 = DEFINITIONAL_REPRESENTATION('',(#3537),#3541);
#3537 = LINE('',#3538,#3539);
#3538 = CARTESIAN_POINT('',(6.28318530718,4.712388980385));
#3539 = VECTOR('',#3540,1.);
#3540 = DIRECTION('',(-1.,0.));
#3541 = ( GEOMETRIC_REPRESENTATION_CONTEXT(2) 
PARAMETRIC_REPRESENTATION_CONTEXT() REPRESENTATION_CONTEXT('2D SPACE',''
  ) );
#3542 = PCURVE('',#2057,#3543);
#3543 = DEFINITIONAL_REPRESENTATION('',(#3544),#3548);
#3544 = CIRCLE('',#3545,4.4);
#3545 = AXIS2_PLACEMENT_2D('',#3546,#3547);
#3546 = CARTESIAN_POINT('',(0.,0.));
#3547 = DIRECTION('',(-1.,0.));
#3548 = ( GEOMETRIC_REPRESENTATION_CONTEXT(2) 
PARAMETRIC_REPRESENTATION_CONTEXT() REPRESENTATION_CONTEXT('2D SPACE',''
  ) );
#3549 = ORIENTED_EDGE('',*,*,#3550,.T.);
#3550 = EDGE_CURVE('',#3522,#3551,#3553,.T.);
#3551 = VERTEX_POINT('',#3552);
#3552 = CARTESIAN_POINT('',(-4.,-4.898587196589E-16,-5.2));
#3553 = SEAM_CURVE('',#3554,(#3559,#3566),.PCURVE_S1.);
#3554 = CIRCLE('',#3555,0.4);
#3555 = AXIS2_PLACEMENT_3D('',#3556,#3557,#3558);
#3556 = CARTESIAN_POINT('',(-4.4,-5.388445916248E-16,-5.2));
#3557 = DIRECTION('',(1.224646799147E-16,-1.,0.));
#3558 = DIRECTION('',(-1.,-1.224646799147E-16,0.));
#3559 = PCURVE('',#3531,#3560);
#3560 = DEFINITIONAL_REPRESENTATION('',(#3561),#3565);
#3561 = LINE('',#3562,#3563);
#3562 = CARTESIAN_POINT('',(-3.14159265359,6.28318530718));
#3563 = VECTOR('',#3564,1.);
#3564 = DIRECTION('',(0.,-1.));
#3565 = ( GEOMETRIC_REPRESENTATION_CONTEXT(2) 
PARAMETRIC_REPRESENTATION_CONTEXT() REPRESENTATION_CONTEXT('2D SPACE',''
  ) );
#3566 = PCURVE('',#3531,#3567);
#3567 = DEFINITIONAL_REPRESENTATION('',(#3568),#3572);
#3568 = LINE('',#3569,#3570);
#3569 = CARTESIAN_POINT('',(3.14159265359,6.28318530718));
#3570 = VECTOR('',#3571,1.);
#3571 = DIRECTION('',(0.,-1.));
#3572 = ( GEOMETRIC_REPRESENTATION_CONTEXT(2) 
PARAMETRIC_REPRESENTATION_CONTEXT() REPRESENTATION_CONTEXT('2D SPACE',''
  ) );
#3573 = ORIENTED_EDGE('',*,*,#3574,.T.);
#3574 = EDGE_CURVE('',#3551,#3551,#3575,.T.);
#3575 = SURFACE_CURVE('',#3576,(#3581,#3588),.PCURVE_S1.);
#3576 = CIRCLE('',#3577,4.);
#3577 = AXIS2_PLACEMENT_3D('',#3578,#3579,#3580);
#3578 = CARTESIAN_POINT('',(0.,0.,-5.2));
#3579 = DIRECTION('',(0.,0.,1.));
#3580 = DIRECTION('',(1.,0.,-0.));
#3581 = PCURVE('',#3531,#3582);
#3582 = DEFINITIONAL_REPRESENTATION('',(#3583),#3587);
#3583 = LINE('',#3584,#3585);
#3584 = CARTESIAN_POINT('',(-6.28318530718,3.14159265359));
#3585 = VECTOR('',#3586,1.);
#3586 = DIRECTION('',(1.,-2.827159716856E-16));
#3587 = ( GEOMETRIC_REPRESENTATION_CONTEXT(2) 
PARAMETRIC_REPRESENTATION_CONTEXT() REPRESENTATION_CONTEXT('2D SPACE',''
  ) );
#3588 = PCURVE('',#3589,#3594);
#3589 = CYLINDRICAL_SURFACE('',#3590,4.);
#3590 = AXIS2_PLACEMENT_3D('',#3591,#3592,#3593);
#3591 = CARTESIAN_POINT('',(0.,0.,-2.6));
#3592 = DIRECTION('',(0.,0.,-1.));
#3593 = DIRECTION('',(1.,0.,0.));
#3594 = DEFINITIONAL_REPRESENTATION('',(#3595),#3599);
#3595 = LINE('',#3596,#3597);
#3596 = CARTESIAN_POINT('',(6.28318530718,2.6));
#3597 = VECTOR('',#3598,1.);
#3598 = DIRECTION('',(-1.,0.));
#3599 = ( GEOMETRIC_REPRESENTATION_CONTEXT(2) 
PARAMETRIC_REPRESENTATION_CONTEXT() REPRESENTATION_CONTEXT('2D SPACE',''
  ) );
#3600 = ORIENTED_EDGE('',*,*,#3550,.F.);
#3601 = ADVANCED_FACE('',(#3602,#3637,#3640,#3643,#3646,#3649,#3652,
    #3655,#3658,#3661,#3664,#3667,#3670,#3673,#3676,#3679,#3682,#3685),
  #2057,.T.);
#3602 = FACE_BOUND('',#3603,.T.);
#3603 = EDGE_LOOP('',(#3604));
#3604 = ORIENTED_EDGE('',*,*,#3605,.F.);
#3605 = EDGE_CURVE('',#3606,#3606,#3608,.T.);
#3606 = VERTEX_POINT('',#3607);
#3607 = CARTESIAN_POINT('',(11.1,-1.359357947054E-15,-5.6));
#3608 = SURFACE_CURVE('',#3609,(#3614,#3625),.PCURVE_S1.);
#3609 = CIRCLE('',#3610,11.1);
#3610 = AXIS2_PLACEMENT_3D('',#3611,#3612,#3613);
#3611 = CARTESIAN_POINT('',(0.,0.,-5.6));
#3612 = DIRECTION('',(0.,0.,1.));
#3613 = DIRECTION('',(1.,0.,-0.));
#3614 = PCURVE('',#2057,#3615);
#3615 = DEFINITIONAL_REPRESENTATION('',(#3616),#3624);
#3616 = ( BOUNDED_CURVE() B_SPLINE_CURVE(2,(#3617,#3618,#3619,#3620,
#3621,#3622,#3623),.UNSPECIFIED.,.T.,.F.) B_SPLINE_CURVE_WITH_KNOTS((1,2
    ,2,2,2,1),(-2.094395102393,0.,2.094395102393,4.188790204786,
6.28318530718,8.377580409573),.UNSPECIFIED.) CURVE() 
GEOMETRIC_REPRESENTATION_ITEM() RATIONAL_B_SPLINE_CURVE((1.,0.5,1.,0.5,
1.,0.5,1.)) REPRESENTATION_ITEM('') );
#3617 = CARTESIAN_POINT('',(-11.1,0.));
#3618 = CARTESIAN_POINT('',(-11.1,19.225763964015));
#3619 = CARTESIAN_POINT('',(5.55,9.612881982007));
#3620 = CARTESIAN_POINT('',(22.2,2.718715894107E-15));
#3621 = CARTESIAN_POINT('',(5.55,-9.612881982007));
#3622 = CARTESIAN_POINT('',(-11.1,-19.22576396401));
#3623 = CARTESIAN_POINT('',(-11.1,0.));
#3624 = ( GEOMETRIC_REPRESENTATION_CONTEXT(2) 
PARAMETRIC_REPRESENTATION_CONTEXT() REPRESENTATION_CONTEXT('2D SPACE',''
  ) );
#3625 = PCURVE('',#3626,#3631);
#3626 = TOROIDAL_SURFACE('',#3627,11.1,0.4);
#3627 = AXIS2_PLACEMENT_3D('',#3628,#3629,#3630);
#3628 = CARTESIAN_POINT('',(0.,0.,-5.2));
#3629 = DIRECTION('',(0.,0.,-1.));
#3630 = DIRECTION('',(-1.,0.,0.));
#3631 = DEFINITIONAL_REPRESENTATION('',(#3632),#3636);
#3632 = LINE('',#3633,#3634);
#3633 = CARTESIAN_POINT('',(3.14159265359,1.570796326795));
#3634 = VECTOR('',#3635,1.);
#3635 = DIRECTION('',(-1.,0.));
#3636 = ( GEOMETRIC_REPRESENTATION_CONTEXT(2) 
PARAMETRIC_REPRESENTATION_CONTEXT() REPRESENTATION_CONTEXT('2D SPACE',''
  ) );
#3637 = FACE_BOUND('',#3638,.T.);
#3638 = EDGE_LOOP('',(#3639));
#3639 = ORIENTED_EDGE('',*,*,#2042,.T.);
#3640 = FACE_BOUND('',#3641,.T.);
#3641 = EDGE_LOOP('',(#3642));
#3642 = ORIENTED_EDGE('',*,*,#2143,.T.);
#3643 = FACE_BOUND('',#3644,.T.);
#3644 = EDGE_LOOP('',(#3645));
#3645 = ORIENTED_EDGE('',*,*,#2239,.T.);
#3646 = FACE_BOUND('',#3647,.T.);
#3647 = EDGE_LOOP('',(#3648));
#3648 = ORIENTED_EDGE('',*,*,#2335,.T.);
#3649 = FACE_BOUND('',#3650,.T.);
#3650 = EDGE_LOOP('',(#3651));
#3651 = ORIENTED_EDGE('',*,*,#2431,.T.);
#3652 = FACE_BOUND('',#3653,.T.);
#3653 = EDGE_LOOP('',(#3654));
#3654 = ORIENTED_EDGE('',*,*,#2527,.T.);
#3655 = FACE_BOUND('',#3656,.T.);
#3656 = EDGE_LOOP('',(#3657));
#3657 = ORIENTED_EDGE('',*,*,#2623,.T.);
#3658 = FACE_BOUND('',#3659,.T.);
#3659 = EDGE_LOOP('',(#3660));
#3660 = ORIENTED_EDGE('',*,*,#2719,.T.);
#3661 = FACE_BOUND('',#3662,.T.);
#3662 = EDGE_LOOP('',(#3663));
#3663 = ORIENTED_EDGE('',*,*,#2815,.T.);
#3664 = FACE_BOUND('',#3665,.T.);
#3665 = EDGE_LOOP('',(#3666));
#3666 = ORIENTED_EDGE('',*,*,#2911,.T.);
#3667 = FACE_BOUND('',#3668,.T.);
#3668 = EDGE_LOOP('',(#3669));
#3669 = ORIENTED_EDGE('',*,*,#3007,.T.);
#3670 = FACE_BOUND('',#3671,.T.);
#3671 = EDGE_LOOP('',(#3672));
#3672 = ORIENTED_EDGE('',*,*,#3103,.T.);
#3673 = FACE_BOUND('',#3674,.T.);
#3674 = EDGE_LOOP('',(#3675));
#3675 = ORIENTED_EDGE('',*,*,#3199,.T.);
#3676 = FACE_BOUND('',#3677,.T.);
#3677 = EDGE_LOOP('',(#3678));
#3678 = ORIENTED_EDGE('',*,*,#3295,.T.);
#3679 = FACE_BOUND('',#3680,.T.);
#3680 = EDGE_LOOP('',(#3681));
#3681 = ORIENTED_EDGE('',*,*,#3391,.T.);
#3682 = FACE_BOUND('',#3683,.T.);
#3683 = EDGE_LOOP('',(#3684));
#3684 = ORIENTED_EDGE('',*,*,#3487,.T.);
#3685 = FACE_BOUND('',#3686,.T.);
#3686 = EDGE_LOOP('',(#3687));
#3687 = ORIENTED_EDGE('',*,*,#3521,.F.);
#3688 = ADVANCED_FACE('',(#3689),#3589,.F.);
#3689 = FACE_BOUND('',#3690,.F.);
#3690 = EDGE_LOOP('',(#3691,#3714,#3741,#3742));
#3691 = ORIENTED_EDGE('',*,*,#3692,.T.);
#3692 = EDGE_CURVE('',#3551,#3693,#3695,.T.);
#3693 = VERTEX_POINT('',#3694);
#3694 = CARTESIAN_POINT('',(-4.,4.898587196589E-16,-2.6));
#3695 = SEAM_CURVE('',#3696,(#3700,#3707),.PCURVE_S1.);
#3696 = LINE('',#3697,#3698);
#3697 = CARTESIAN_POINT('',(-4.,4.898587196589E-16,-2.6));
#3698 = VECTOR('',#3699,1.);
#3699 = DIRECTION('',(0.,0.,1.));
#3700 = PCURVE('',#3589,#3701);
#3701 = DEFINITIONAL_REPRESENTATION('',(#3702),#3706);
#3702 = LINE('',#3703,#3704);
#3703 = CARTESIAN_POINT('',(-3.14159265359,0.));
#3704 = VECTOR('',#3705,1.);
#3705 = DIRECTION('',(0.,-1.));
#3706 = ( GEOMETRIC_REPRESENTATION_CONTEXT(2) 
PARAMETRIC_REPRESENTATION_CONTEXT() REPRESENTATION_CONTEXT('2D SPACE',''
  ) );
#3707 = PCURVE('',#3589,#3708);
#3708 = DEFINITIONAL_REPRESENTATION('',(#3709),#3713);
#3709 = LINE('',#3710,#3711);
#3710 = CARTESIAN_POINT('',(3.14159265359,0.));
#3711 = VECTOR('',#3712,1.);
#3712 = DIRECTION('',(0.,-1.));
#3713 = ( GEOMETRIC_REPRESENTATION_CONTEXT(2) 
PARAMETRIC_REPRESENTATION_CONTEXT() REPRESENTATION_CONTEXT('2D SPACE',''
  ) );
#3714 = ORIENTED_EDGE('',*,*,#3715,.T.);
#3715 = EDGE_CURVE('',#3693,#3693,#3716,.T.);
#3716 = SURFACE_CURVE('',#3717,(#3722,#3729),.PCURVE_S1.);
#3717 = CIRCLE('',#3718,4.);
#3718 = AXIS2_PLACEMENT_3D('',#3719,#3720,#3721);
#3719 = CARTESIAN_POINT('',(0.,0.,-2.6));
#3720 = DIRECTION('',(0.,0.,-1.));
#3721 = DIRECTION('',(1.,0.,0.));
#3722 = PCURVE('',#3589,#3723);
#3723 = DEFINITIONAL_REPRESENTATION('',(#3724),#3728);
#3724 = LINE('',#3725,#3726);
#3725 = CARTESIAN_POINT('',(-6.28318530718,0.));
#3726 = VECTOR('',#3727,1.);
#3727 = DIRECTION('',(1.,0.));
#3728 = ( GEOMETRIC_REPRESENTATION_CONTEXT(2) 
PARAMETRIC_REPRESENTATION_CONTEXT() REPRESENTATION_CONTEXT('2D SPACE',''
  ) );
#3729 = PCURVE('',#3730,#3735);
#3730 = PLANE('',#3731);
#3731 = AXIS2_PLACEMENT_3D('',#3732,#3733,#3734);
#3732 = CARTESIAN_POINT('',(0.,0.,-2.6));
#3733 = DIRECTION('',(0.,0.,-1.));
#3734 = DIRECTION('',(-1.,0.,0.));
#3735 = DEFINITIONAL_REPRESENTATION('',(#3736),#3740);
#3736 = CIRCLE('',#3737,4.);
#3737 = AXIS2_PLACEMENT_2D('',#3738,#3739);
#3738 = CARTESIAN_POINT('',(0.,0.));
#3739 = DIRECTION('',(-1.,0.));
#3740 = ( GEOMETRIC_REPRESENTATION_CONTEXT(2) 
PARAMETRIC_REPRESENTATION_CONTEXT() REPRESENTATION_CONTEXT('2D SPACE',''
  ) );
#3741 = ORIENTED_EDGE('',*,*,#3692,.F.);
#3742 = ORIENTED_EDGE('',*,*,#3574,.T.);
#3743 = ADVANCED_FACE('',(#3744),#3626,.T.);
#3744 = FACE_BOUND('',#3745,.T.);
#3745 = EDGE_LOOP('',(#3746,#3747,#3771,#3800,#3822));
#3746 = ORIENTED_EDGE('',*,*,#3605,.T.);
#3747 = ORIENTED_EDGE('',*,*,#3748,.T.);
#3748 = EDGE_CURVE('',#3606,#3749,#3751,.T.);
#3749 = VERTEX_POINT('',#3750);
#3750 = CARTESIAN_POINT('',(11.5,-1.408343819019E-15,-5.2));
#3751 = SEAM_CURVE('',#3752,(#3757,#3764),.PCURVE_S1.);
#3752 = CIRCLE('',#3753,0.4);
#3753 = AXIS2_PLACEMENT_3D('',#3754,#3755,#3756);
#3754 = CARTESIAN_POINT('',(11.1,-1.359357947054E-15,-5.2));
#3755 = DIRECTION('',(-1.224646799147E-16,-1.,0.));
#3756 = DIRECTION('',(1.,-1.224646799147E-16,0.));
#3757 = PCURVE('',#3626,#3758);
#3758 = DEFINITIONAL_REPRESENTATION('',(#3759),#3763);
#3759 = LINE('',#3760,#3761);
#3760 = CARTESIAN_POINT('',(-3.14159265359,6.28318530718));
#3761 = VECTOR('',#3762,1.);
#3762 = DIRECTION('',(0.,-1.));
#3763 = ( GEOMETRIC_REPRESENTATION_CONTEXT(2) 
PARAMETRIC_REPRESENTATION_CONTEXT() REPRESENTATION_CONTEXT('2D SPACE',''
  ) );
#3764 = PCURVE('',#3626,#3765);
#3765 = DEFINITIONAL_REPRESENTATION('',(#3766),#3770);
#3766 = LINE('',#3767,#3768);
#3767 = CARTESIAN_POINT('',(3.14159265359,6.28318530718));
#3768 = VECTOR('',#3769,1.);
#3769 = DIRECTION('',(0.,-1.));
#3770 = ( GEOMETRIC_REPRESENTATION_CONTEXT(2) 
PARAMETRIC_REPRESENTATION_CONTEXT() REPRESENTATION_CONTEXT('2D SPACE',''
  ) );
#3771 = ORIENTED_EDGE('',*,*,#3772,.T.);
#3772 = EDGE_CURVE('',#3749,#3773,#3775,.T.);
#3773 = VERTEX_POINT('',#3774);
#3774 = CARTESIAN_POINT('',(-11.5,1.408343819019E-15,-5.2));
#3775 = SURFACE_CURVE('',#3776,(#3781,#3788),.PCURVE_S1.);
#3776 = CIRCLE('',#3777,11.5);
#3777 = AXIS2_PLACEMENT_3D('',#3778,#3779,#3780);
#3778 = CARTESIAN_POINT('',(0.,0.,-5.2));
#3779 = DIRECTION('',(0.,0.,-1.));
#3780 = DIRECTION('',(1.,0.,0.));
#3781 = PCURVE('',#3626,#3782);
#3782 = DEFINITIONAL_REPRESENTATION('',(#3783),#3787);
#3783 = LINE('',#3784,#3785);
#3784 = CARTESIAN_POINT('',(-3.14159265359,0.));
#3785 = VECTOR('',#3786,1.);
#3786 = DIRECTION('',(1.,0.));
#3787 = ( GEOMETRIC_REPRESENTATION_CONTEXT(2) 
PARAMETRIC_REPRESENTATION_CONTEXT() REPRESENTATION_CONTEXT('2D SPACE',''
  ) );
#3788 = PCURVE('',#3789,#3794);
#3789 = CYLINDRICAL_SURFACE('',#3790,11.5);
#3790 = AXIS2_PLACEMENT_3D('',#3791,#3792,#3793);
#3791 = CARTESIAN_POINT('',(0.,0.,-2.6));
#3792 = DIRECTION('',(0.,0.,-1.));
#3793 = DIRECTION('',(1.,0.,0.));
#3794 = DEFINITIONAL_REPRESENTATION('',(#3795),#3799);
#3795 = LINE('',#3796,#3797);
#3796 = CARTESIAN_POINT('',(0.,2.6));
#3797 = VECTOR('',#3798,1.);
#3798 = DIRECTION('',(1.,0.));
#3799 = ( GEOMETRIC_REPRESENTATION_CONTEXT(2) 
PARAMETRIC_REPRESENTATION_CONTEXT() REPRESENTATION_CONTEXT('2D SPACE',''
  ) );
#3800 = ORIENTED_EDGE('',*,*,#3801,.T.);
#3801 = EDGE_CURVE('',#3773,#3749,#3802,.T.);
#3802 = SURFACE_CURVE('',#3803,(#3808,#3815),.PCURVE_S1.);
#3803 = CIRCLE('',#3804,11.5);
#3804 = AXIS2_PLACEMENT_3D('',#3805,#3806,#3807);
#3805 = CARTESIAN_POINT('',(0.,0.,-5.2));
#3806 = DIRECTION('',(0.,0.,-1.));
#3807 = DIRECTION('',(1.,0.,0.));
#3808 = PCURVE('',#3626,#3809);
#3809 = DEFINITIONAL_REPRESENTATION('',(#3810),#3814);
#3810 = LINE('',#3811,#3812);
#3811 = CARTESIAN_POINT('',(-3.14159265359,0.));
#3812 = VECTOR('',#3813,1.);
#3813 = DIRECTION('',(1.,0.));
#3814 = ( GEOMETRIC_REPRESENTATION_CONTEXT(2) 
PARAMETRIC_REPRESENTATION_CONTEXT() REPRESENTATION_CONTEXT('2D SPACE',''
  ) );
#3815 = PCURVE('',#3789,#3816);
#3816 = DEFINITIONAL_REPRESENTATION('',(#3817),#3821);
#3817 = LINE('',#3818,#3819);
#3818 = CARTESIAN_POINT('',(-6.28318530718,2.6));
#3819 = VECTOR('',#3820,1.);
#3820 = DIRECTION('',(1.,0.));
#3821 = ( GEOMETRIC_REPRESENTATION_CONTEXT(2) 
PARAMETRIC_REPRESENTATION_CONTEXT() REPRESENTATION_CONTEXT('2D SPACE',''
  ) );
#3822 = ORIENTED_EDGE('',*,*,#3748,.F.);
#3823 = ADVANCED_FACE('',(#3824),#3789,.T.);
#3824 = FACE_BOUND('',#3825,.T.);
#3825 = EDGE_LOOP('',(#3826,#3827,#3850,#3876,#3877));
#3826 = ORIENTED_EDGE('',*,*,#3801,.F.);
#3827 = ORIENTED_EDGE('',*,*,#3828,.T.);
#3828 = EDGE_CURVE('',#3773,#3829,#3831,.T.);
#3829 = VERTEX_POINT('',#3830);
#3830 = CARTESIAN_POINT('',(-11.5,-1.408343819019E-15,-2.6));
#3831 = SEAM_CURVE('',#3832,(#3836,#3843),.PCURVE_S1.);
#3832 = LINE('',#3833,#3834);
#3833 = CARTESIAN_POINT('',(-11.5,1.408343819019E-15,-2.6));
#3834 = VECTOR('',#3835,1.);
#3835 = DIRECTION('',(0.,0.,1.));
#3836 = PCURVE('',#3789,#3837);
#3837 = DEFINITIONAL_REPRESENTATION('',(#3838),#3842);
#3838 = LINE('',#3839,#3840);
#3839 = CARTESIAN_POINT('',(-3.14159265359,0.));
#3840 = VECTOR('',#3841,1.);
#3841 = DIRECTION('',(0.,-1.));
#3842 = ( GEOMETRIC_REPRESENTATION_CONTEXT(2) 
PARAMETRIC_REPRESENTATION_CONTEXT() REPRESENTATION_CONTEXT('2D SPACE',''
  ) );
#3843 = PCURVE('',#3789,#3844);
#3844 = DEFINITIONAL_REPRESENTATION('',(#3845),#3849);
#3845 = LINE('',#3846,#3847);
#3846 = CARTESIAN_POINT('',(3.14159265359,0.));
#3847 = VECTOR('',#3848,1.);
#3848 = DIRECTION('',(0.,-1.));
#3849 = ( GEOMETRIC_REPRESENTATION_CONTEXT(2) 
PARAMETRIC_REPRESENTATION_CONTEXT() REPRESENTATION_CONTEXT('2D SPACE',''
  ) );
#3850 = ORIENTED_EDGE('',*,*,#3851,.F.);
#3851 = EDGE_CURVE('',#3829,#3829,#3852,.T.);
#3852 = SURFACE_CURVE('',#3853,(#3858,#3865),.PCURVE_S1.);
#3853 = CIRCLE('',#3854,11.5);
#3854 = AXIS2_PLACEMENT_3D('',#3855,#3856,#3857);
#3855 = CARTESIAN_POINT('',(0.,0.,-2.6));
#3856 = DIRECTION('',(0.,0.,1.));
#3857 = DIRECTION('',(1.,0.,-0.));
#3858 = PCURVE('',#3789,#3859);
#3859 = DEFINITIONAL_REPRESENTATION('',(#3860),#3864);
#3860 = LINE('',#3861,#3862);
#3861 = CARTESIAN_POINT('',(6.28318530718,0.));
#3862 = VECTOR('',#3863,1.);
#3863 = DIRECTION('',(-1.,0.));
#3864 = ( GEOMETRIC_REPRESENTATION_CONTEXT(2) 
PARAMETRIC_REPRESENTATION_CONTEXT() REPRESENTATION_CONTEXT('2D SPACE',''
  ) );
#3865 = PCURVE('',#3730,#3866);
#3866 = DEFINITIONAL_REPRESENTATION('',(#3867),#3875);
#3867 = ( BOUNDED_CURVE() B_SPLINE_CURVE(2,(#3868,#3869,#3870,#3871,
#3872,#3873,#3874),.UNSPECIFIED.,.T.,.F.) B_SPLINE_CURVE_WITH_KNOTS((1,2
    ,2,2,2,1),(-2.094395102393,0.,2.094395102393,4.188790204786,
6.28318530718,8.377580409573),.UNSPECIFIED.) CURVE() 
GEOMETRIC_REPRESENTATION_ITEM() RATIONAL_B_SPLINE_CURVE((1.,0.5,1.,0.5,
1.,0.5,1.)) REPRESENTATION_ITEM('') );
#3868 = CARTESIAN_POINT('',(-11.5,0.));
#3869 = CARTESIAN_POINT('',(-11.5,19.918584287042));
#3870 = CARTESIAN_POINT('',(5.75,9.959292143521));
#3871 = CARTESIAN_POINT('',(23.,2.816687638039E-15));
#3872 = CARTESIAN_POINT('',(5.75,-9.959292143521));
#3873 = CARTESIAN_POINT('',(-11.5,-19.91858428704));
#3874 = CARTESIAN_POINT('',(-11.5,0.));
#3875 = ( GEOMETRIC_REPRESENTATION_CONTEXT(2) 
PARAMETRIC_REPRESENTATION_CONTEXT() REPRESENTATION_CONTEXT('2D SPACE',''
  ) );
#3876 = ORIENTED_EDGE('',*,*,#3828,.F.);
#3877 = ORIENTED_EDGE('',*,*,#3772,.F.);
#3878 = ADVANCED_FACE('',(#3879,#3882),#3730,.F.);
#3879 = FACE_BOUND('',#3880,.T.);
#3880 = EDGE_LOOP('',(#3881));
#3881 = ORIENTED_EDGE('',*,*,#3851,.T.);
#3882 = FACE_BOUND('',#3883,.T.);
#3883 = EDGE_LOOP('',(#3884));
#3884 = ORIENTED_EDGE('',*,*,#3715,.T.);
#3885 = MANIFOLD_SOLID_BREP('',#3886);
#3886 = CLOSED_SHELL('',(#3887,#4004,#4064,#4068));
#3887 = ADVANCED_FACE('',(#3888),#3901,.T.);
#3888 = FACE_BOUND('',#3889,.T.);
#3889 = EDGE_LOOP('',(#3890,#3928,#3952,#3981,#4003));
#3890 = ORIENTED_EDGE('',*,*,#3891,.T.);
#3891 = EDGE_CURVE('',#3892,#3892,#3894,.T.);
#3892 = VERTEX_POINT('',#3893);
#3893 = CARTESIAN_POINT('',(3.6,-4.40872847693E-16,-5.6));
#3894 = SURFACE_CURVE('',#3895,(#3900,#3912),.PCURVE_S1.);
#3895 = CIRCLE('',#3896,3.6);
#3896 = AXIS2_PLACEMENT_3D('',#3897,#3898,#3899);
#3897 = CARTESIAN_POINT('',(0.,0.,-5.6));
#3898 = DIRECTION('',(0.,0.,1.));
#3899 = DIRECTION('',(1.,0.,-0.));
#3900 = PCURVE('',#3901,#3906);
#3901 = TOROIDAL_SURFACE('',#3902,3.6,0.4);
#3902 = AXIS2_PLACEMENT_3D('',#3903,#3904,#3905);
#3903 = CARTESIAN_POINT('',(0.,0.,-5.2));
#3904 = DIRECTION('',(0.,0.,-1.));
#3905 = DIRECTION('',(-1.,0.,0.));
#3906 = DEFINITIONAL_REPRESENTATION('',(#3907),#3911);
#3907 = LINE('',#3908,#3909);
#3908 = CARTESIAN_POINT('',(3.14159265359,1.570796326795));
#3909 = VECTOR('',#3910,1.);
#3910 = DIRECTION('',(-1.,0.));
#3911 = ( GEOMETRIC_REPRESENTATION_CONTEXT(2) 
PARAMETRIC_REPRESENTATION_CONTEXT() REPRESENTATION_CONTEXT('2D SPACE',''
  ) );
#3912 = PCURVE('',#3913,#3918);
#3913 = PLANE('',#3914);
#3914 = AXIS2_PLACEMENT_3D('',#3915,#3916,#3917);
#3915 = CARTESIAN_POINT('',(0.,0.,-5.6));
#3916 = DIRECTION('',(0.,0.,-1.));
#3917 = DIRECTION('',(-1.,0.,0.));
#3918 = DEFINITIONAL_REPRESENTATION('',(#3919),#3927);
#3919 = ( BOUNDED_CURVE() B_SPLINE_CURVE(2,(#3920,#3921,#3922,#3923,
#3924,#3925,#3926),.UNSPECIFIED.,.T.,.F.) B_SPLINE_CURVE_WITH_KNOTS((1,2
    ,2,2,2,1),(-2.094395102393,0.,2.094395102393,4.188790204786,
6.28318530718,8.377580409573),.UNSPECIFIED.) CURVE() 
GEOMETRIC_REPRESENTATION_ITEM() RATIONAL_B_SPLINE_CURVE((1.,0.5,1.,0.5,
1.,0.5,1.)) REPRESENTATION_ITEM('') );
#3920 = CARTESIAN_POINT('',(-3.6,0.));
#3921 = CARTESIAN_POINT('',(-3.6,6.235382907248));
#3922 = CARTESIAN_POINT('',(1.8,3.117691453624));
#3923 = CARTESIAN_POINT('',(7.2,8.817456953861E-16));
#3924 = CARTESIAN_POINT('',(1.8,-3.117691453624));
#3925 = CARTESIAN_POINT('',(-3.6,-6.235382907248));
#3926 = CARTESIAN_POINT('',(-3.6,0.));
#3927 = ( GEOMETRIC_REPRESENTATION_CONTEXT(2) 
PARAMETRIC_REPRESENTATION_CONTEXT() REPRESENTATION_CONTEXT('2D SPACE',''
  ) );
#3928 = ORIENTED_EDGE('',*,*,#3929,.T.);
#3929 = EDGE_CURVE('',#3892,#3930,#3932,.T.);
#3930 = VERTEX_POINT('',#3931);
#3931 = CARTESIAN_POINT('',(4.,-4.898587196589E-16,-5.2));
#3932 = SEAM_CURVE('',#3933,(#3938,#3945),.PCURVE_S1.);
#3933 = CIRCLE('',#3934,0.4);
#3934 = AXIS2_PLACEMENT_3D('',#3935,#3936,#3937);
#3935 = CARTESIAN_POINT('',(3.6,-4.40872847693E-16,-5.2));
#3936 = DIRECTION('',(-1.224646799147E-16,-1.,0.));
#3937 = DIRECTION('',(1.,-1.224646799147E-16,0.));
#3938 = PCURVE('',#3901,#3939);
#3939 = DEFINITIONAL_REPRESENTATION('',(#3940),#3944);
#3940 = LINE('',#3941,#3942);
#3941 = CARTESIAN_POINT('',(-3.14159265359,6.28318530718));
#3942 = VECTOR('',#3943,1.);
#3943 = DIRECTION('',(0.,-1.));
#3944 = ( GEOMETRIC_REPRESENTATION_CONTEXT(2) 
PARAMETRIC_REPRESENTATION_CONTEXT() REPRESENTATION_CONTEXT('2D SPACE',''
  ) );
#3945 = PCURVE('',#3901,#3946);
#3946 = DEFINITIONAL_REPRESENTATION('',(#3947),#3951);
#3947 = LINE('',#3948,#3949);
#3948 = CARTESIAN_POINT('',(3.14159265359,6.28318530718));
#3949 = VECTOR('',#3950,1.);
#3950 = DIRECTION('',(0.,-1.));
#3951 = ( GEOMETRIC_REPRESENTATION_CONTEXT(2) 
PARAMETRIC_REPRESENTATION_CONTEXT() REPRESENTATION_CONTEXT('2D SPACE',''
  ) );
#3952 = ORIENTED_EDGE('',*,*,#3953,.T.);
#3953 = EDGE_CURVE('',#3930,#3954,#3956,.T.);
#3954 = VERTEX_POINT('',#3955);
#3955 = CARTESIAN_POINT('',(-4.,4.898587196589E-16,-5.2));
#3956 = SURFACE_CURVE('',#3957,(#3962,#3969),.PCURVE_S1.);
#3957 = CIRCLE('',#3958,4.);
#3958 = AXIS2_PLACEMENT_3D('',#3959,#3960,#3961);
#3959 = CARTESIAN_POINT('',(0.,0.,-5.2));
#3960 = DIRECTION('',(0.,0.,-1.));
#3961 = DIRECTION('',(1.,0.,0.));
#3962 = PCURVE('',#3901,#3963);
#3963 = DEFINITIONAL_REPRESENTATION('',(#3964),#3968);
#3964 = LINE('',#3965,#3966);
#3965 = CARTESIAN_POINT('',(-3.14159265359,0.));
#3966 = VECTOR('',#3967,1.);
#3967 = DIRECTION('',(1.,0.));
#3968 = ( GEOMETRIC_REPRESENTATION_CONTEXT(2) 
PARAMETRIC_REPRESENTATION_CONTEXT() REPRESENTATION_CONTEXT('2D SPACE',''
  ) );
#3969 = PCURVE('',#3970,#3975);
#3970 = CYLINDRICAL_SURFACE('',#3971,4.);
#3971 = AXIS2_PLACEMENT_3D('',#3972,#3973,#3974);
#3972 = CARTESIAN_POINT('',(0.,0.,-2.6));
#3973 = DIRECTION('',(0.,0.,-1.));
#3974 = DIRECTION('',(1.,0.,0.));
#3975 = DEFINITIONAL_REPRESENTATION('',(#3976),#3980);
#3976 = LINE('',#3977,#3978);
#3977 = CARTESIAN_POINT('',(0.,2.6));
#3978 = VECTOR('',#3979,1.);
#3979 = DIRECTION('',(1.,0.));
#3980 = ( GEOMETRIC_REPRESENTATION_CONTEXT(2) 
PARAMETRIC_REPRESENTATION_CONTEXT() REPRESENTATION_CONTEXT('2D SPACE',''
  ) );
#3981 = ORIENTED_EDGE('',*,*,#3982,.T.);
#3982 = EDGE_CURVE('',#3954,#3930,#3983,.T.);
#3983 = SURFACE_CURVE('',#3984,(#3989,#3996),.PCURVE_S1.);
#3984 = CIRCLE('',#3985,4.);
#3985 = AXIS2_PLACEMENT_3D('',#3986,#3987,#3988);
#3986 = CARTESIAN_POINT('',(0.,0.,-5.2));
#3987 = DIRECTION('',(0.,0.,-1.));
#3988 = DIRECTION('',(1.,0.,0.));
#3989 = PCURVE('',#3901,#3990);
#3990 = DEFINITIONAL_REPRESENTATION('',(#3991),#3995);
#3991 = LINE('',#3992,#3993);
#3992 = CARTESIAN_POINT('',(-3.14159265359,0.));
#3993 = VECTOR('',#3994,1.);
#3994 = DIRECTION('',(1.,0.));
#3995 = ( GEOMETRIC_REPRESENTATION_CONTEXT(2) 
PARAMETRIC_REPRESENTATION_CONTEXT() REPRESENTATION_CONTEXT('2D SPACE',''
  ) );
#3996 = PCURVE('',#3970,#3997);
#3997 = DEFINITIONAL_REPRESENTATION('',(#3998),#4002);
#3998 = LINE('',#3999,#4000);
#3999 = CARTESIAN_POINT('',(-6.28318530718,2.6));
#4000 = VECTOR('',#4001,1.);
#4001 = DIRECTION('',(1.,0.));
#4002 = ( GEOMETRIC_REPRESENTATION_CONTEXT(2) 
PARAMETRIC_REPRESENTATION_CONTEXT() REPRESENTATION_CONTEXT('2D SPACE',''
  ) );
#4003 = ORIENTED_EDGE('',*,*,#3929,.F.);
#4004 = ADVANCED_FACE('',(#4005),#3970,.T.);
#4005 = FACE_BOUND('',#4006,.T.);
#4006 = EDGE_LOOP('',(#4007,#4008,#4031,#4062,#4063));
#4007 = ORIENTED_EDGE('',*,*,#3982,.F.);
#4008 = ORIENTED_EDGE('',*,*,#4009,.T.);
#4009 = EDGE_CURVE('',#3954,#4010,#4012,.T.);
#4010 = VERTEX_POINT('',#4011);
#4011 = CARTESIAN_POINT('',(-4.,-4.898587196589E-16,-2.6));
#4012 = SEAM_CURVE('',#4013,(#4017,#4024),.PCURVE_S1.);
#4013 = LINE('',#4014,#4015);
#4014 = CARTESIAN_POINT('',(-4.,4.898587196589E-16,-2.6));
#4015 = VECTOR('',#4016,1.);
#4016 = DIRECTION('',(0.,0.,1.));
#4017 = PCURVE('',#3970,#4018);
#4018 = DEFINITIONAL_REPRESENTATION('',(#4019),#4023);
#4019 = LINE('',#4020,#4021);
#4020 = CARTESIAN_POINT('',(-3.14159265359,0.));
#4021 = VECTOR('',#4022,1.);
#4022 = DIRECTION('',(0.,-1.));
#4023 = ( GEOMETRIC_REPRESENTATION_CONTEXT(2) 
PARAMETRIC_REPRESENTATION_CONTEXT() REPRESENTATION_CONTEXT('2D SPACE',''
  ) );
#4024 = PCURVE('',#3970,#4025);
#4025 = DEFINITIONAL_REPRESENTATION('',(#4026),#4030);
#4026 = LINE('',#4027,#4028);
#4027 = CARTESIAN_POINT('',(3.14159265359,0.));
#4028 = VECTOR('',#4029,1.);
#4029 = DIRECTION('',(0.,-1.));
#4030 = ( GEOMETRIC_REPRESENTATION_CONTEXT(2) 
PARAMETRIC_REPRESENTATION_CONTEXT() REPRESENTATION_CONTEXT('2D SPACE',''
  ) );
#4031 = ORIENTED_EDGE('',*,*,#4032,.F.);
#4032 = EDGE_CURVE('',#4010,#4010,#4033,.T.);
#4033 = SURFACE_CURVE('',#4034,(#4039,#4046),.PCURVE_S1.);
#4034 = CIRCLE('',#4035,4.);
#4035 = AXIS2_PLACEMENT_3D('',#4036,#4037,#4038);
#4036 = CARTESIAN_POINT('',(0.,0.,-2.6));
#4037 = DIRECTION('',(0.,0.,1.));
#4038 = DIRECTION('',(1.,0.,-0.));
#4039 = PCURVE('',#3970,#4040);
#4040 = DEFINITIONAL_REPRESENTATION('',(#4041),#4045);
#4041 = LINE('',#4042,#4043);
#4042 = CARTESIAN_POINT('',(6.28318530718,0.));
#4043 = VECTOR('',#4044,1.);
#4044 = DIRECTION('',(-1.,0.));
#4045 = ( GEOMETRIC_REPRESENTATION_CONTEXT(2) 
PARAMETRIC_REPRESENTATION_CONTEXT() REPRESENTATION_CONTEXT('2D SPACE',''
  ) );
#4046 = PCURVE('',#4047,#4052);
#4047 = PLANE('',#4048);
#4048 = AXIS2_PLACEMENT_3D('',#4049,#4050,#4051);
#4049 = CARTESIAN_POINT('',(0.,0.,-2.6));
#4050 = DIRECTION('',(0.,0.,-1.));
#4051 = DIRECTION('',(-1.,0.,0.));
#4052 = DEFINITIONAL_REPRESENTATION('',(#4053),#4061);
#4053 = ( BOUNDED_CURVE() B_SPLINE_CURVE(2,(#4054,#4055,#4056,#4057,
#4058,#4059,#4060),.UNSPECIFIED.,.T.,.F.) B_SPLINE_CURVE_WITH_KNOTS((1,2
    ,2,2,2,1),(-2.094395102393,0.,2.094395102393,4.188790204786,
6.28318530718,8.377580409573),.UNSPECIFIED.) CURVE() 
GEOMETRIC_REPRESENTATION_ITEM() RATIONAL_B_SPLINE_CURVE((1.,0.5,1.,0.5,
1.,0.5,1.)) REPRESENTATION_ITEM('') );
#4054 = CARTESIAN_POINT('',(-4.,0.));
#4055 = CARTESIAN_POINT('',(-4.,6.928203230276));
#4056 = CARTESIAN_POINT('',(2.,3.464101615138));
#4057 = CARTESIAN_POINT('',(8.,9.797174393179E-16));
#4058 = CARTESIAN_POINT('',(2.,-3.464101615138));
#4059 = CARTESIAN_POINT('',(-4.,-6.928203230276));
#4060 = CARTESIAN_POINT('',(-4.,0.));
#4061 = ( GEOMETRIC_REPRESENTATION_CONTEXT(2) 
PARAMETRIC_REPRESENTATION_CONTEXT() REPRESENTATION_CONTEXT('2D SPACE',''
  ) );
#4062 = ORIENTED_EDGE('',*,*,#4009,.F.);
#4063 = ORIENTED_EDGE('',*,*,#3953,.F.);
#4064 = ADVANCED_FACE('',(#4065),#3913,.T.);
#4065 = FACE_BOUND('',#4066,.T.);
#4066 = EDGE_LOOP('',(#4067));
#4067 = ORIENTED_EDGE('',*,*,#3891,.F.);
#4068 = ADVANCED_FACE('',(#4069),#4047,.F.);
#4069 = FACE_BOUND('',#4070,.T.);
#4070 = EDGE_LOOP('',(#4071));
#4071 = ORIENTED_EDGE('',*,*,#4032,.T.);
#4072 = MANIFOLD_SOLID_BREP('',#4073);
#4073 = CLOSED_SHELL('',(#4074,#4199,#4280,#4351,#4378,#4405));
#4074 = ADVANCED_FACE('',(#4075),#4090,.T.);
#4075 = FACE_BOUND('',#4076,.T.);
#4076 = EDGE_LOOP('',(#4077,#4117,#4145,#4173));
#4077 = ORIENTED_EDGE('',*,*,#4078,.F.);
#4078 = EDGE_CURVE('',#4079,#4081,#4083,.T.);
#4079 = VERTEX_POINT('',#4080);
#4080 = CARTESIAN_POINT('',(6.447808793787,-5.897808793787,2.92));
#4081 = VERTEX_POINT('',#4082);
#4082 = CARTESIAN_POINT('',(6.447808793787,-7.197808793787,2.92));
#4083 = SURFACE_CURVE('',#4084,(#4089,#4105),.PCURVE_S1.);
#4084 = CIRCLE('',#4085,0.65);
#4085 = AXIS2_PLACEMENT_3D('',#4086,#4087,#4088);
#4086 = CARTESIAN_POINT('',(6.447808793787,-6.547808793787,2.92));
#4087 = DIRECTION('',(1.,0.,0.));
#4088 = DIRECTION('',(0.,-0.707106781187,0.707106781187));
#4089 = PCURVE('',#4090,#4095);
#4090 = PLANE('',#4091);
#4091 = AXIS2_PLACEMENT_3D('',#4092,#4093,#4094);
#4092 = CARTESIAN_POINT('',(6.447808793787,-5.897808793787,0.));
#4093 = DIRECTION('',(-1.,0.,0.));
#4094 = DIRECTION('',(0.,-1.,0.));
#4095 = DEFINITIONAL_REPRESENTATION('',(#4096),#4104);
#4096 = ( BOUNDED_CURVE() B_SPLINE_CURVE(2,(#4097,#4098,#4099,#4100,
#4101,#4102,#4103),.UNSPECIFIED.,.T.,.F.) B_SPLINE_CURVE_WITH_KNOTS((1,2
    ,2,2,2,1),(-2.094395102393,0.,2.094395102393,4.188790204786,
6.28318530718,8.377580409573),.UNSPECIFIED.) CURVE() 
GEOMETRIC_REPRESENTATION_ITEM() RATIONAL_B_SPLINE_CURVE((1.,0.5,1.,0.5,
1.,0.5,1.)) REPRESENTATION_ITEM('') );
#4097 = CARTESIAN_POINT('',(1.109619407771,3.379619407771));
#4098 = CARTESIAN_POINT('',(1.905703574176,2.583535241367));
#4099 = CARTESIAN_POINT('',(0.818232379317,2.292148212912));
#4100 = CARTESIAN_POINT('',(-0.269238815543,2.000761184457));
#4101 = CARTESIAN_POINT('',(2.214821291212E-02,3.088232379317));
#4102 = CARTESIAN_POINT('',(0.313535241367,4.175703574176));
#4103 = CARTESIAN_POINT('',(1.109619407771,3.379619407771));
#4104 = ( GEOMETRIC_REPRESENTATION_CONTEXT(2) 
PARAMETRIC_REPRESENTATION_CONTEXT() REPRESENTATION_CONTEXT('2D SPACE',''
  ) );
#4105 = PCURVE('',#4106,#4111);
#4106 = CYLINDRICAL_SURFACE('',#4107,0.65);
#4107 = AXIS2_PLACEMENT_3D('',#4108,#4109,#4110);
#4108 = CARTESIAN_POINT('',(6.597808793787,-6.547808793787,2.92));
#4109 = DIRECTION('',(-1.,0.,0.));
#4110 = DIRECTION('',(0.,0.707106781187,0.707106781187));
#4111 = DEFINITIONAL_REPRESENTATION('',(#4112),#4116);
#4112 = LINE('',#4113,#4114);
#4113 = CARTESIAN_POINT('',(10.995574287564,0.15));
#4114 = VECTOR('',#4115,1.);
#4115 = DIRECTION('',(-1.,0.));
#4116 = ( GEOMETRIC_REPRESENTATION_CONTEXT(2) 
PARAMETRIC_REPRESENTATION_CONTEXT() REPRESENTATION_CONTEXT('2D SPACE',''
  ) );
#4117 = ORIENTED_EDGE('',*,*,#4118,.F.);
#4118 = EDGE_CURVE('',#4119,#4079,#4121,.T.);
#4119 = VERTEX_POINT('',#4120);
#4120 = CARTESIAN_POINT('',(6.447808793787,-5.897808793787,-1.));
#4121 = SURFACE_CURVE('',#4122,(#4126,#4133),.PCURVE_S1.);
#4122 = LINE('',#4123,#4124);
#4123 = CARTESIAN_POINT('',(6.447808793787,-5.897808793787,0.));
#4124 = VECTOR('',#4125,1.);
#4125 = DIRECTION('',(0.,0.,1.));
#4126 = PCURVE('',#4090,#4127);
#4127 = DEFINITIONAL_REPRESENTATION('',(#4128),#4132);
#4128 = LINE('',#4129,#4130);
#4129 = CARTESIAN_POINT('',(0.,0.));
#4130 = VECTOR('',#4131,1.);
#4131 = DIRECTION('',(0.,1.));
#4132 = ( GEOMETRIC_REPRESENTATION_CONTEXT(2) 
PARAMETRIC_REPRESENTATION_CONTEXT() REPRESENTATION_CONTEXT('2D SPACE',''
  ) );
#4133 = PCURVE('',#4134,#4139);
#4134 = PLANE('',#4135);
#4135 = AXIS2_PLACEMENT_3D('',#4136,#4137,#4138);
#4136 = CARTESIAN_POINT('',(6.647808793787,-5.897808793787,0.));
#4137 = DIRECTION('',(0.,1.,0.));
#4138 = DIRECTION('',(-1.,0.,0.));
#4139 = DEFINITIONAL_REPRESENTATION('',(#4140),#4144);
#4140 = LINE('',#4141,#4142);
#4141 = CARTESIAN_POINT('',(0.2,0.));
#4142 = VECTOR('',#4143,1.);
#4143 = DIRECTION('',(0.,1.));
#4144 = ( GEOMETRIC_REPRESENTATION_CONTEXT(2) 
PARAMETRIC_REPRESENTATION_CONTEXT() REPRESENTATION_CONTEXT('2D SPACE',''
  ) );
#4145 = ORIENTED_EDGE('',*,*,#4146,.F.);
#4146 = EDGE_CURVE('',#4147,#4119,#4149,.T.);
#4147 = VERTEX_POINT('',#4148);
#4148 = CARTESIAN_POINT('',(6.447808793787,-7.197808793787,-1.));
#4149 = SURFACE_CURVE('',#4150,(#4154,#4161),.PCURVE_S1.);
#4150 = LINE('',#4151,#4152);
#4151 = CARTESIAN_POINT('',(6.447808793787,-5.85498847076,-1.));
#4152 = VECTOR('',#4153,1.);
#4153 = DIRECTION('',(0.,1.,0.));
#4154 = PCURVE('',#4090,#4155);
#4155 = DEFINITIONAL_REPRESENTATION('',(#4156),#4160);
#4156 = LINE('',#4157,#4158);
#4157 = CARTESIAN_POINT('',(-4.282032302755E-02,-1.));
#4158 = VECTOR('',#4159,1.);
#4159 = DIRECTION('',(-1.,0.));
#4160 = ( GEOMETRIC_REPRESENTATION_CONTEXT(2) 
PARAMETRIC_REPRESENTATION_CONTEXT() REPRESENTATION_CONTEXT('2D SPACE',''
  ) );
#4161 = PCURVE('',#4162,#4167);
#4162 = PLANE('',#4163);
#4163 = AXIS2_PLACEMENT_3D('',#4164,#4165,#4166);
#4164 = CARTESIAN_POINT('',(6.547808793787,-6.547808793787,-1.));
#4165 = DIRECTION('',(0.,0.,-1.));
#4166 = DIRECTION('',(-1.,0.,0.));
#4167 = DEFINITIONAL_REPRESENTATION('',(#4168),#4172);
#4168 = LINE('',#4169,#4170);
#4169 = CARTESIAN_POINT('',(0.1,0.692820323028));
#4170 = VECTOR('',#4171,1.);
#4171 = DIRECTION('',(0.,1.));
#4172 = ( GEOMETRIC_REPRESENTATION_CONTEXT(2) 
PARAMETRIC_REPRESENTATION_CONTEXT() REPRESENTATION_CONTEXT('2D SPACE',''
  ) );
#4173 = ORIENTED_EDGE('',*,*,#4174,.T.);
#4174 = EDGE_CURVE('',#4147,#4081,#4175,.T.);
#4175 = SURFACE_CURVE('',#4176,(#4180,#4187),.PCURVE_S1.);
#4176 = LINE('',#4177,#4178);
#4177 = CARTESIAN_POINT('',(6.447808793787,-7.197808793787,0.));
#4178 = VECTOR('',#4179,1.);
#4179 = DIRECTION('',(0.,0.,1.));
#4180 = PCURVE('',#4090,#4181);
#4181 = DEFINITIONAL_REPRESENTATION('',(#4182),#4186);
#4182 = LINE('',#4183,#4184);
#4183 = CARTESIAN_POINT('',(1.3,0.));
#4184 = VECTOR('',#4185,1.);
#4185 = DIRECTION('',(0.,1.));
#4186 = ( GEOMETRIC_REPRESENTATION_CONTEXT(2) 
PARAMETRIC_REPRESENTATION_CONTEXT() REPRESENTATION_CONTEXT('2D SPACE',''
  ) );
#4187 = PCURVE('',#4188,#4193);
#4188 = PLANE('',#4189);
#4189 = AXIS2_PLACEMENT_3D('',#4190,#4191,#4192);
#4190 = CARTESIAN_POINT('',(6.447808793787,-7.197808793787,0.));
#4191 = DIRECTION('',(0.,-1.,0.));
#4192 = DIRECTION('',(1.,0.,0.));
#4193 = DEFINITIONAL_REPRESENTATION('',(#4194),#4198);
#4194 = LINE('',#4195,#4196);
#4195 = CARTESIAN_POINT('',(0.,0.));
#4196 = VECTOR('',#4197,1.);
#4197 = DIRECTION('',(0.,1.));
#4198 = ( GEOMETRIC_REPRESENTATION_CONTEXT(2) 
PARAMETRIC_REPRESENTATION_CONTEXT() REPRESENTATION_CONTEXT('2D SPACE',''
  ) );
#4199 = ADVANCED_FACE('',(#4200),#4106,.T.);
#4200 = FACE_BOUND('',#4201,.T.);
#4201 = EDGE_LOOP('',(#4202,#4203,#4226,#4259));
#4202 = ORIENTED_EDGE('',*,*,#4078,.T.);
#4203 = ORIENTED_EDGE('',*,*,#4204,.T.);
#4204 = EDGE_CURVE('',#4081,#4205,#4207,.T.);
#4205 = VERTEX_POINT('',#4206);
#4206 = CARTESIAN_POINT('',(6.647808793787,-7.197808793787,2.92));
#4207 = SURFACE_CURVE('',#4208,(#4212,#4219),.PCURVE_S1.);
#4208 = LINE('',#4209,#4210);
#4209 = CARTESIAN_POINT('',(6.497808793787,-7.197808793787,2.92));
#4210 = VECTOR('',#4211,1.);
#4211 = DIRECTION('',(1.,0.,0.));
#4212 = PCURVE('',#4106,#4213);
#4213 = DEFINITIONAL_REPRESENTATION('',(#4214),#4218);
#4214 = LINE('',#4215,#4216);
#4215 = CARTESIAN_POINT('',(3.926990816987,0.1));
#4216 = VECTOR('',#4217,1.);
#4217 = DIRECTION('',(0.,-1.));
#4218 = ( GEOMETRIC_REPRESENTATION_CONTEXT(2) 
PARAMETRIC_REPRESENTATION_CONTEXT() REPRESENTATION_CONTEXT('2D SPACE',''
  ) );
#4219 = PCURVE('',#4188,#4220);
#4220 = DEFINITIONAL_REPRESENTATION('',(#4221),#4225);
#4221 = LINE('',#4222,#4223);
#4222 = CARTESIAN_POINT('',(5.E-02,2.92));
#4223 = VECTOR('',#4224,1.);
#4224 = DIRECTION('',(1.,0.));
#4225 = ( GEOMETRIC_REPRESENTATION_CONTEXT(2) 
PARAMETRIC_REPRESENTATION_CONTEXT() REPRESENTATION_CONTEXT('2D SPACE',''
  ) );
#4226 = ORIENTED_EDGE('',*,*,#4227,.T.);
#4227 = EDGE_CURVE('',#4205,#4228,#4230,.T.);
#4228 = VERTEX_POINT('',#4229);
#4229 = CARTESIAN_POINT('',(6.647808793787,-5.897808793787,2.92));
#4230 = SURFACE_CURVE('',#4231,(#4236,#4243),.PCURVE_S1.);
#4231 = CIRCLE('',#4232,0.65);
#4232 = AXIS2_PLACEMENT_3D('',#4233,#4234,#4235);
#4233 = CARTESIAN_POINT('',(6.647808793787,-6.547808793787,2.92));
#4234 = DIRECTION('',(-1.,0.,0.));
#4235 = DIRECTION('',(0.,0.707106781187,0.707106781187));
#4236 = PCURVE('',#4106,#4237);
#4237 = DEFINITIONAL_REPRESENTATION('',(#4238),#4242);
#4238 = LINE('',#4239,#4240);
#4239 = CARTESIAN_POINT('',(-8.881784197001E-16,-5.E-02));
#4240 = VECTOR('',#4241,1.);
#4241 = DIRECTION('',(1.,0.));
#4242 = ( GEOMETRIC_REPRESENTATION_CONTEXT(2) 
PARAMETRIC_REPRESENTATION_CONTEXT() REPRESENTATION_CONTEXT('2D SPACE',''
  ) );
#4243 = PCURVE('',#4244,#4249);
#4244 = PLANE('',#4245);
#4245 = AXIS2_PLACEMENT_3D('',#4246,#4247,#4248);
#4246 = CARTESIAN_POINT('',(6.647808793787,-7.197808793787,0.));
#4247 = DIRECTION('',(1.,0.,0.));
#4248 = DIRECTION('',(-0.,1.,0.));
#4249 = DEFINITIONAL_REPRESENTATION('',(#4250),#4258);
#4250 = ( BOUNDED_CURVE() B_SPLINE_CURVE(2,(#4251,#4252,#4253,#4254,
#4255,#4256,#4257),.UNSPECIFIED.,.T.,.F.) B_SPLINE_CURVE_WITH_KNOTS((1,2
    ,2,2,2,1),(-2.094395102393,0.,2.094395102393,4.188790204786,
6.28318530718,8.377580409573),.UNSPECIFIED.) CURVE() 
GEOMETRIC_REPRESENTATION_ITEM() RATIONAL_B_SPLINE_CURVE((1.,0.5,1.,0.5,
1.,0.5,1.)) REPRESENTATION_ITEM('') );
#4251 = CARTESIAN_POINT('',(1.109619407771,3.379619407771));
#4252 = CARTESIAN_POINT('',(1.905703574176,2.583535241367));
#4253 = CARTESIAN_POINT('',(0.818232379317,2.292148212912));
#4254 = CARTESIAN_POINT('',(-0.269238815543,2.000761184457));
#4255 = CARTESIAN_POINT('',(2.214821291209E-02,3.088232379317));
#4256 = CARTESIAN_POINT('',(0.313535241367,4.175703574176));
#4257 = CARTESIAN_POINT('',(1.109619407771,3.379619407771));
#4258 = ( GEOMETRIC_REPRESENTATION_CONTEXT(2) 
PARAMETRIC_REPRESENTATION_CONTEXT() REPRESENTATION_CONTEXT('2D SPACE',''
  ) );
#4259 = ORIENTED_EDGE('',*,*,#4260,.T.);
#4260 = EDGE_CURVE('',#4228,#4079,#4261,.T.);
#4261 = SURFACE_CURVE('',#4262,(#4266,#4273),.PCURVE_S1.);
#4262 = LINE('',#4263,#4264);
#4263 = CARTESIAN_POINT('',(6.597808793787,-5.897808793787,2.92));
#4264 = VECTOR('',#4265,1.);
#4265 = DIRECTION('',(-1.,0.,0.));
#4266 = PCURVE('',#4106,#4267);
#4267 = DEFINITIONAL_REPRESENTATION('',(#4268),#4272);
#4268 = LINE('',#4269,#4270);
#4269 = CARTESIAN_POINT('',(7.068583470577,0.));
#4270 = VECTOR('',#4271,1.);
#4271 = DIRECTION('',(0.,1.));
#4272 = ( GEOMETRIC_REPRESENTATION_CONTEXT(2) 
PARAMETRIC_REPRESENTATION_CONTEXT() REPRESENTATION_CONTEXT('2D SPACE',''
  ) );
#4273 = PCURVE('',#4134,#4274);
#4274 = DEFINITIONAL_REPRESENTATION('',(#4275),#4279);
#4275 = LINE('',#4276,#4277);
#4276 = CARTESIAN_POINT('',(5.E-02,2.92));
#4277 = VECTOR('',#4278,1.);
#4278 = DIRECTION('',(1.,0.));
#4279 = ( GEOMETRIC_REPRESENTATION_CONTEXT(2) 
PARAMETRIC_REPRESENTATION_CONTEXT() REPRESENTATION_CONTEXT('2D SPACE',''
  ) );
#4280 = ADVANCED_FACE('',(#4281),#4162,.T.);
#4281 = FACE_BOUND('',#4282,.T.);
#4282 = EDGE_LOOP('',(#4283,#4308,#4329,#4330));
#4283 = ORIENTED_EDGE('',*,*,#4284,.T.);
#4284 = EDGE_CURVE('',#4285,#4287,#4289,.T.);
#4285 = VERTEX_POINT('',#4286);
#4286 = CARTESIAN_POINT('',(6.647808793787,-5.897808793787,-1.));
#4287 = VERTEX_POINT('',#4288);
#4288 = CARTESIAN_POINT('',(6.647808793787,-7.197808793787,-1.));
#4289 = SURFACE_CURVE('',#4290,(#4294,#4301),.PCURVE_S1.);
#4290 = LINE('',#4291,#4292);
#4291 = CARTESIAN_POINT('',(6.647808793787,-5.85498847076,-1.));
#4292 = VECTOR('',#4293,1.);
#4293 = DIRECTION('',(0.,-1.,0.));
#4294 = PCURVE('',#4162,#4295);
#4295 = DEFINITIONAL_REPRESENTATION('',(#4296),#4300);
#4296 = LINE('',#4297,#4298);
#4297 = CARTESIAN_POINT('',(-1.E-01,0.692820323028));
#4298 = VECTOR('',#4299,1.);
#4299 = DIRECTION('',(0.,-1.));
#4300 = ( GEOMETRIC_REPRESENTATION_CONTEXT(2) 
PARAMETRIC_REPRESENTATION_CONTEXT() REPRESENTATION_CONTEXT('2D SPACE',''
  ) );
#4301 = PCURVE('',#4244,#4302);
#4302 = DEFINITIONAL_REPRESENTATION('',(#4303),#4307);
#4303 = LINE('',#4304,#4305);
#4304 = CARTESIAN_POINT('',(1.342820323028,-1.));
#4305 = VECTOR('',#4306,1.);
#4306 = DIRECTION('',(-1.,0.));
#4307 = ( GEOMETRIC_REPRESENTATION_CONTEXT(2) 
PARAMETRIC_REPRESENTATION_CONTEXT() REPRESENTATION_CONTEXT('2D SPACE',''
  ) );
#4308 = ORIENTED_EDGE('',*,*,#4309,.T.);
#4309 = EDGE_CURVE('',#4287,#4147,#4310,.T.);
#4310 = SURFACE_CURVE('',#4311,(#4315,#4322),.PCURVE_S1.);
#4311 = LINE('',#4312,#4313);
#4312 = CARTESIAN_POINT('',(6.647808793787,-7.197808793787,-1.));
#4313 = VECTOR('',#4314,1.);
#4314 = DIRECTION('',(-1.,0.,0.));
#4315 = PCURVE('',#4162,#4316);
#4316 = DEFINITIONAL_REPRESENTATION('',(#4317),#4321);
#4317 = LINE('',#4318,#4319);
#4318 = CARTESIAN_POINT('',(-1.E-01,-0.65));
#4319 = VECTOR('',#4320,1.);
#4320 = DIRECTION('',(1.,0.));
#4321 = ( GEOMETRIC_REPRESENTATION_CONTEXT(2) 
PARAMETRIC_REPRESENTATION_CONTEXT() REPRESENTATION_CONTEXT('2D SPACE',''
  ) );
#4322 = PCURVE('',#4188,#4323);
#4323 = DEFINITIONAL_REPRESENTATION('',(#4324),#4328);
#4324 = LINE('',#4325,#4326);
#4325 = CARTESIAN_POINT('',(0.2,-1.));
#4326 = VECTOR('',#4327,1.);
#4327 = DIRECTION('',(-1.,0.));
#4328 = ( GEOMETRIC_REPRESENTATION_CONTEXT(2) 
PARAMETRIC_REPRESENTATION_CONTEXT() REPRESENTATION_CONTEXT('2D SPACE',''
  ) );
#4329 = ORIENTED_EDGE('',*,*,#4146,.T.);
#4330 = ORIENTED_EDGE('',*,*,#4331,.T.);
#4331 = EDGE_CURVE('',#4119,#4285,#4332,.T.);
#4332 = SURFACE_CURVE('',#4333,(#4337,#4344),.PCURVE_S1.);
#4333 = LINE('',#4334,#4335);
#4334 = CARTESIAN_POINT('',(6.647808793787,-5.897808793787,-1.));
#4335 = VECTOR('',#4336,1.);
#4336 = DIRECTION('',(1.,0.,0.));
#4337 = PCURVE('',#4162,#4338);
#4338 = DEFINITIONAL_REPRESENTATION('',(#4339),#4343);
#4339 = LINE('',#4340,#4341);
#4340 = CARTESIAN_POINT('',(-1.E-01,0.65));
#4341 = VECTOR('',#4342,1.);
#4342 = DIRECTION('',(-1.,0.));
#4343 = ( GEOMETRIC_REPRESENTATION_CONTEXT(2) 
PARAMETRIC_REPRESENTATION_CONTEXT() REPRESENTATION_CONTEXT('2D SPACE',''
  ) );
#4344 = PCURVE('',#4134,#4345);
#4345 = DEFINITIONAL_REPRESENTATION('',(#4346),#4350);
#4346 = LINE('',#4347,#4348);
#4347 = CARTESIAN_POINT('',(0.,-1.));
#4348 = VECTOR('',#4349,1.);
#4349 = DIRECTION('',(-1.,0.));
#4350 = ( GEOMETRIC_REPRESENTATION_CONTEXT(2) 
PARAMETRIC_REPRESENTATION_CONTEXT() REPRESENTATION_CONTEXT('2D SPACE',''
  ) );
#4351 = ADVANCED_FACE('',(#4352),#4188,.T.);
#4352 = FACE_BOUND('',#4353,.T.);
#4353 = EDGE_LOOP('',(#4354,#4355,#4356,#4357));
#4354 = ORIENTED_EDGE('',*,*,#4204,.F.);
#4355 = ORIENTED_EDGE('',*,*,#4174,.F.);
#4356 = ORIENTED_EDGE('',*,*,#4309,.F.);
#4357 = ORIENTED_EDGE('',*,*,#4358,.F.);
#4358 = EDGE_CURVE('',#4205,#4287,#4359,.T.);
#4359 = SURFACE_CURVE('',#4360,(#4364,#4371),.PCURVE_S1.);
#4360 = LINE('',#4361,#4362);
#4361 = CARTESIAN_POINT('',(6.647808793787,-7.197808793787,0.));
#4362 = VECTOR('',#4363,1.);
#4363 = DIRECTION('',(0.,0.,-1.));
#4364 = PCURVE('',#4188,#4365);
#4365 = DEFINITIONAL_REPRESENTATION('',(#4366),#4370);
#4366 = LINE('',#4367,#4368);
#4367 = CARTESIAN_POINT('',(0.2,0.));
#4368 = VECTOR('',#4369,1.);
#4369 = DIRECTION('',(0.,-1.));
#4370 = ( GEOMETRIC_REPRESENTATION_CONTEXT(2) 
PARAMETRIC_REPRESENTATION_CONTEXT() REPRESENTATION_CONTEXT('2D SPACE',''
  ) );
#4371 = PCURVE('',#4244,#4372);
#4372 = DEFINITIONAL_REPRESENTATION('',(#4373),#4377);
#4373 = LINE('',#4374,#4375);
#4374 = CARTESIAN_POINT('',(0.,0.));
#4375 = VECTOR('',#4376,1.);
#4376 = DIRECTION('',(0.,-1.));
#4377 = ( GEOMETRIC_REPRESENTATION_CONTEXT(2) 
PARAMETRIC_REPRESENTATION_CONTEXT() REPRESENTATION_CONTEXT('2D SPACE',''
  ) );
#4378 = ADVANCED_FACE('',(#4379),#4134,.T.);
#4379 = FACE_BOUND('',#4380,.T.);
#4380 = EDGE_LOOP('',(#4381,#4382,#4403,#4404));
#4381 = ORIENTED_EDGE('',*,*,#4260,.F.);
#4382 = ORIENTED_EDGE('',*,*,#4383,.F.);
#4383 = EDGE_CURVE('',#4285,#4228,#4384,.T.);
#4384 = SURFACE_CURVE('',#4385,(#4389,#4396),.PCURVE_S1.);
#4385 = LINE('',#4386,#4387);
#4386 = CARTESIAN_POINT('',(6.647808793787,-5.897808793787,0.));
#4387 = VECTOR('',#4388,1.);
#4388 = DIRECTION('',(0.,0.,1.));
#4389 = PCURVE('',#4134,#4390);
#4390 = DEFINITIONAL_REPRESENTATION('',(#4391),#4395);
#4391 = LINE('',#4392,#4393);
#4392 = CARTESIAN_POINT('',(0.,0.));
#4393 = VECTOR('',#4394,1.);
#4394 = DIRECTION('',(0.,1.));
#4395 = ( GEOMETRIC_REPRESENTATION_CONTEXT(2) 
PARAMETRIC_REPRESENTATION_CONTEXT() REPRESENTATION_CONTEXT('2D SPACE',''
  ) );
#4396 = PCURVE('',#4244,#4397);
#4397 = DEFINITIONAL_REPRESENTATION('',(#4398),#4402);
#4398 = LINE('',#4399,#4400);
#4399 = CARTESIAN_POINT('',(1.3,0.));
#4400 = VECTOR('',#4401,1.);
#4401 = DIRECTION('',(0.,1.));
#4402 = ( GEOMETRIC_REPRESENTATION_CONTEXT(2) 
PARAMETRIC_REPRESENTATION_CONTEXT() REPRESENTATION_CONTEXT('2D SPACE',''
  ) );
#4403 = ORIENTED_EDGE('',*,*,#4331,.F.);
#4404 = ORIENTED_EDGE('',*,*,#4118,.T.);
#4405 = ADVANCED_FACE('',(#4406),#4244,.T.);
#4406 = FACE_BOUND('',#4407,.T.);
#4407 = EDGE_LOOP('',(#4408,#4409,#4410,#4411));
#4408 = ORIENTED_EDGE('',*,*,#4227,.F.);
#4409 = ORIENTED_EDGE('',*,*,#4358,.T.);
#4410 = ORIENTED_EDGE('',*,*,#4284,.F.);
#4411 = ORIENTED_EDGE('',*,*,#4383,.T.);
#4412 = MANIFOLD_SOLID_BREP('',#4413);
#4413 = CLOSED_SHELL('',(#4414,#4539,#4620,#4691,#4718,#4745));
#4414 = ADVANCED_FACE('',(#4415),#4430,.T.);
#4415 = FACE_BOUND('',#4416,.T.);
#4416 = EDGE_LOOP('',(#4417,#4457,#4485,#4513));
#4417 = ORIENTED_EDGE('',*,*,#4418,.F.);
#4418 = EDGE_CURVE('',#4419,#4421,#4423,.T.);
#4419 = VERTEX_POINT('',#4420);
#4420 = CARTESIAN_POINT('',(-16.0503188823,2.956244584051,2.92));
#4421 = VERTEX_POINT('',#4422);
#4422 = CARTESIAN_POINT('',(-16.0503188823,4.256244584051,2.92));
#4423 = SURFACE_CURVE('',#4424,(#4429,#4445),.PCURVE_S1.);
#4424 = CIRCLE('',#4425,0.65);
#4425 = AXIS2_PLACEMENT_3D('',#4426,#4427,#4428);
#4426 = CARTESIAN_POINT('',(-16.0503188823,3.606244584051,2.92));
#4427 = DIRECTION('',(-1.,0.,0.));
#4428 = DIRECTION('',(0.,0.707106781187,0.707106781187));
#4429 = PCURVE('',#4430,#4435);
#4430 = PLANE('',#4431);
#4431 = AXIS2_PLACEMENT_3D('',#4432,#4433,#4434);
#4432 = CARTESIAN_POINT('',(-16.0503188823,2.956244584051,0.));
#4433 = DIRECTION('',(1.,0.,0.));
#4434 = DIRECTION('',(-0.,1.,0.));
#4435 = DEFINITIONAL_REPRESENTATION('',(#4436),#4444);
#4436 = ( BOUNDED_CURVE() B_SPLINE_CURVE(2,(#4437,#4438,#4439,#4440,
#4441,#4442,#4443),.UNSPECIFIED.,.T.,.F.) B_SPLINE_CURVE_WITH_KNOTS((1,2
    ,2,2,2,1),(-2.094395102393,0.,2.094395102393,4.188790204786,
6.28318530718,8.377580409573),.UNSPECIFIED.) CURVE() 
GEOMETRIC_REPRESENTATION_ITEM() RATIONAL_B_SPLINE_CURVE((1.,0.5,1.,0.5,
1.,0.5,1.)) REPRESENTATION_ITEM('') );
#4437 = CARTESIAN_POINT('',(1.109619407771,3.379619407771));
#4438 = CARTESIAN_POINT('',(1.905703574176,2.583535241367));
#4439 = CARTESIAN_POINT('',(0.818232379317,2.292148212912));
#4440 = CARTESIAN_POINT('',(-0.269238815543,2.000761184457));
#4441 = CARTESIAN_POINT('',(2.214821291211E-02,3.088232379317));
#4442 = CARTESIAN_POINT('',(0.313535241367,4.175703574176));
#4443 = CARTESIAN_POINT('',(1.109619407771,3.379619407771));
#4444 = ( GEOMETRIC_REPRESENTATION_CONTEXT(2) 
PARAMETRIC_REPRESENTATION_CONTEXT() REPRESENTATION_CONTEXT('2D SPACE',''
  ) );
#4445 = PCURVE('',#4446,#4451);
#4446 = CYLINDRICAL_SURFACE('',#4447,0.65);
#4447 = AXIS2_PLACEMENT_3D('',#4448,#4449,#4450);
#4448 = CARTESIAN_POINT('',(-16.2003188823,3.606244584051,2.92));
#4449 = DIRECTION('',(1.,0.,0.));
#4450 = DIRECTION('',(0.,-0.707106781187,0.707106781187));
#4451 = DEFINITIONAL_REPRESENTATION('',(#4452),#4456);
#4452 = LINE('',#4453,#4454);
#4453 = CARTESIAN_POINT('',(10.995574287564,0.15));
#4454 = VECTOR('',#4455,1.);
#4455 = DIRECTION('',(-1.,0.));
#4456 = ( GEOMETRIC_REPRESENTATION_CONTEXT(2) 
PARAMETRIC_REPRESENTATION_CONTEXT() REPRESENTATION_CONTEXT('2D SPACE',''
  ) );
#4457 = ORIENTED_EDGE('',*,*,#4458,.F.);
#4458 = EDGE_CURVE('',#4459,#4419,#4461,.T.);
#4459 = VERTEX_POINT('',#4460);
#4460 = CARTESIAN_POINT('',(-16.0503188823,2.956244584051,-1.));
#4461 = SURFACE_CURVE('',#4462,(#4466,#4473),.PCURVE_S1.);
#4462 = LINE('',#4463,#4464);
#4463 = CARTESIAN_POINT('',(-16.0503188823,2.956244584051,0.));
#4464 = VECTOR('',#4465,1.);
#4465 = DIRECTION('',(0.,0.,1.));
#4466 = PCURVE('',#4430,#4467);
#4467 = DEFINITIONAL_REPRESENTATION('',(#4468),#4472);
#4468 = LINE('',#4469,#4470);
#4469 = CARTESIAN_POINT('',(0.,0.));
#4470 = VECTOR('',#4471,1.);
#4471 = DIRECTION('',(0.,1.));
#4472 = ( GEOMETRIC_REPRESENTATION_CONTEXT(2) 
PARAMETRIC_REPRESENTATION_CONTEXT() REPRESENTATION_CONTEXT('2D SPACE',''
  ) );
#4473 = PCURVE('',#4474,#4479);
#4474 = PLANE('',#4475);
#4475 = AXIS2_PLACEMENT_3D('',#4476,#4477,#4478);
#4476 = CARTESIAN_POINT('',(-16.2503188823,2.956244584051,0.));
#4477 = DIRECTION('',(0.,-1.,0.));
#4478 = DIRECTION('',(1.,0.,0.));
#4479 = DEFINITIONAL_REPRESENTATION('',(#4480),#4484);
#4480 = LINE('',#4481,#4482);
#4481 = CARTESIAN_POINT('',(0.2,0.));
#4482 = VECTOR('',#4483,1.);
#4483 = DIRECTION('',(0.,1.));
#4484 = ( GEOMETRIC_REPRESENTATION_CONTEXT(2) 
PARAMETRIC_REPRESENTATION_CONTEXT() REPRESENTATION_CONTEXT('2D SPACE',''
  ) );
#4485 = ORIENTED_EDGE('',*,*,#4486,.F.);
#4486 = EDGE_CURVE('',#4487,#4459,#4489,.T.);
#4487 = VERTEX_POINT('',#4488);
#4488 = CARTESIAN_POINT('',(-16.0503188823,4.256244584051,-1.));
#4489 = SURFACE_CURVE('',#4490,(#4494,#4501),.PCURVE_S1.);
#4490 = LINE('',#4491,#4492);
#4491 = CARTESIAN_POINT('',(-16.0503188823,4.299064907079,-1.));
#4492 = VECTOR('',#4493,1.);
#4493 = DIRECTION('',(0.,-1.,0.));
#4494 = PCURVE('',#4430,#4495);
#4495 = DEFINITIONAL_REPRESENTATION('',(#4496),#4500);
#4496 = LINE('',#4497,#4498);
#4497 = CARTESIAN_POINT('',(1.342820323028,-1.));
#4498 = VECTOR('',#4499,1.);
#4499 = DIRECTION('',(-1.,0.));
#4500 = ( GEOMETRIC_REPRESENTATION_CONTEXT(2) 
PARAMETRIC_REPRESENTATION_CONTEXT() REPRESENTATION_CONTEXT('2D SPACE',''
  ) );
#4501 = PCURVE('',#4502,#4507);
#4502 = PLANE('',#4503);
#4503 = AXIS2_PLACEMENT_3D('',#4504,#4505,#4506);
#4504 = CARTESIAN_POINT('',(-16.1503188823,3.606244584051,-1.));
#4505 = DIRECTION('',(0.,0.,-1.));
#4506 = DIRECTION('',(-1.,0.,0.));
#4507 = DEFINITIONAL_REPRESENTATION('',(#4508),#4512);
#4508 = LINE('',#4509,#4510);
#4509 = CARTESIAN_POINT('',(-1.E-01,0.692820323028));
#4510 = VECTOR('',#4511,1.);
#4511 = DIRECTION('',(0.,-1.));
#4512 = ( GEOMETRIC_REPRESENTATION_CONTEXT(2) 
PARAMETRIC_REPRESENTATION_CONTEXT() REPRESENTATION_CONTEXT('2D SPACE',''
  ) );
#4513 = ORIENTED_EDGE('',*,*,#4514,.T.);
#4514 = EDGE_CURVE('',#4487,#4421,#4515,.T.);
#4515 = SURFACE_CURVE('',#4516,(#4520,#4527),.PCURVE_S1.);
#4516 = LINE('',#4517,#4518);
#4517 = CARTESIAN_POINT('',(-16.0503188823,4.256244584051,0.));
#4518 = VECTOR('',#4519,1.);
#4519 = DIRECTION('',(0.,0.,1.));
#4520 = PCURVE('',#4430,#4521);
#4521 = DEFINITIONAL_REPRESENTATION('',(#4522),#4526);
#4522 = LINE('',#4523,#4524);
#4523 = CARTESIAN_POINT('',(1.3,0.));
#4524 = VECTOR('',#4525,1.);
#4525 = DIRECTION('',(0.,1.));
#4526 = ( GEOMETRIC_REPRESENTATION_CONTEXT(2) 
PARAMETRIC_REPRESENTATION_CONTEXT() REPRESENTATION_CONTEXT('2D SPACE',''
  ) );
#4527 = PCURVE('',#4528,#4533);
#4528 = PLANE('',#4529);
#4529 = AXIS2_PLACEMENT_3D('',#4530,#4531,#4532);
#4530 = CARTESIAN_POINT('',(-16.0503188823,4.256244584051,0.));
#4531 = DIRECTION('',(0.,1.,0.));
#4532 = DIRECTION('',(-1.,0.,0.));
#4533 = DEFINITIONAL_REPRESENTATION('',(#4534),#4538);
#4534 = LINE('',#4535,#4536);
#4535 = CARTESIAN_POINT('',(0.,0.));
#4536 = VECTOR('',#4537,1.);
#4537 = DIRECTION('',(0.,1.));
#4538 = ( GEOMETRIC_REPRESENTATION_CONTEXT(2) 
PARAMETRIC_REPRESENTATION_CONTEXT() REPRESENTATION_CONTEXT('2D SPACE',''
  ) );
#4539 = ADVANCED_FACE('',(#4540),#4446,.T.);
#4540 = FACE_BOUND('',#4541,.T.);
#4541 = EDGE_LOOP('',(#4542,#4543,#4566,#4599));
#4542 = ORIENTED_EDGE('',*,*,#4418,.T.);
#4543 = ORIENTED_EDGE('',*,*,#4544,.T.);
#4544 = EDGE_CURVE('',#4421,#4545,#4547,.T.);
#4545 = VERTEX_POINT('',#4546);
#4546 = CARTESIAN_POINT('',(-16.2503188823,4.256244584051,2.92));
#4547 = SURFACE_CURVE('',#4548,(#4552,#4559),.PCURVE_S1.);
#4548 = LINE('',#4549,#4550);
#4549 = CARTESIAN_POINT('',(-16.1003188823,4.256244584051,2.92));
#4550 = VECTOR('',#4551,1.);
#4551 = DIRECTION('',(-1.,0.,0.));
#4552 = PCURVE('',#4446,#4553);
#4553 = DEFINITIONAL_REPRESENTATION('',(#4554),#4558);
#4554 = LINE('',#4555,#4556);
#4555 = CARTESIAN_POINT('',(3.926990816987,1.E-01));
#4556 = VECTOR('',#4557,1.);
#4557 = DIRECTION('',(0.,-1.));
#4558 = ( GEOMETRIC_REPRESENTATION_CONTEXT(2) 
PARAMETRIC_REPRESENTATION_CONTEXT() REPRESENTATION_CONTEXT('2D SPACE',''
  ) );
#4559 = PCURVE('',#4528,#4560);
#4560 = DEFINITIONAL_REPRESENTATION('',(#4561),#4565);
#4561 = LINE('',#4562,#4563);
#4562 = CARTESIAN_POINT('',(5.E-02,2.92));
#4563 = VECTOR('',#4564,1.);
#4564 = DIRECTION('',(1.,0.));
#4565 = ( GEOMETRIC_REPRESENTATION_CONTEXT(2) 
PARAMETRIC_REPRESENTATION_CONTEXT() REPRESENTATION_CONTEXT('2D SPACE',''
  ) );
#4566 = ORIENTED_EDGE('',*,*,#4567,.T.);
#4567 = EDGE_CURVE('',#4545,#4568,#4570,.T.);
#4568 = VERTEX_POINT('',#4569);
#4569 = CARTESIAN_POINT('',(-16.2503188823,2.956244584051,2.92));
#4570 = SURFACE_CURVE('',#4571,(#4576,#4583),.PCURVE_S1.);
#4571 = CIRCLE('',#4572,0.65);
#4572 = AXIS2_PLACEMENT_3D('',#4573,#4574,#4575);
#4573 = CARTESIAN_POINT('',(-16.2503188823,3.606244584051,2.92));
#4574 = DIRECTION('',(1.,0.,0.));
#4575 = DIRECTION('',(0.,-0.707106781187,0.707106781187));
#4576 = PCURVE('',#4446,#4577);
#4577 = DEFINITIONAL_REPRESENTATION('',(#4578),#4582);
#4578 = LINE('',#4579,#4580);
#4579 = CARTESIAN_POINT('',(0.,-5.E-02));
#4580 = VECTOR('',#4581,1.);
#4581 = DIRECTION('',(1.,0.));
#4582 = ( GEOMETRIC_REPRESENTATION_CONTEXT(2) 
PARAMETRIC_REPRESENTATION_CONTEXT() REPRESENTATION_CONTEXT('2D SPACE',''
  ) );
#4583 = PCURVE('',#4584,#4589);
#4584 = PLANE('',#4585);
#4585 = AXIS2_PLACEMENT_3D('',#4586,#4587,#4588);
#4586 = CARTESIAN_POINT('',(-16.2503188823,4.256244584051,0.));
#4587 = DIRECTION('',(-1.,0.,0.));
#4588 = DIRECTION('',(0.,-1.,0.));
#4589 = DEFINITIONAL_REPRESENTATION('',(#4590),#4598);
#4590 = ( BOUNDED_CURVE() B_SPLINE_CURVE(2,(#4591,#4592,#4593,#4594,
#4595,#4596,#4597),.UNSPECIFIED.,.T.,.F.) B_SPLINE_CURVE_WITH_KNOTS((1,2
    ,2,2,2,1),(-2.094395102393,0.,2.094395102393,4.188790204786,
6.28318530718,8.377580409573),.UNSPECIFIED.) CURVE() 
GEOMETRIC_REPRESENTATION_ITEM() RATIONAL_B_SPLINE_CURVE((1.,0.5,1.,0.5,
1.,0.5,1.)) REPRESENTATION_ITEM('') );
#4591 = CARTESIAN_POINT('',(1.109619407771,3.379619407771));
#4592 = CARTESIAN_POINT('',(1.905703574176,2.583535241367));
#4593 = CARTESIAN_POINT('',(0.818232379317,2.292148212912));
#4594 = CARTESIAN_POINT('',(-0.269238815543,2.000761184457));
#4595 = CARTESIAN_POINT('',(2.214821291211E-02,3.088232379317));
#4596 = CARTESIAN_POINT('',(0.313535241367,4.175703574176));
#4597 = CARTESIAN_POINT('',(1.109619407771,3.379619407771));
#4598 = ( GEOMETRIC_REPRESENTATION_CONTEXT(2) 
PARAMETRIC_REPRESENTATION_CONTEXT() REPRESENTATION_CONTEXT('2D SPACE',''
  ) );
#4599 = ORIENTED_EDGE('',*,*,#4600,.T.);
#4600 = EDGE_CURVE('',#4568,#4419,#4601,.T.);
#4601 = SURFACE_CURVE('',#4602,(#4606,#4613),.PCURVE_S1.);
#4602 = LINE('',#4603,#4604);
#4603 = CARTESIAN_POINT('',(-16.2003188823,2.956244584051,2.92));
#4604 = VECTOR('',#4605,1.);
#4605 = DIRECTION('',(1.,0.,0.));
#4606 = PCURVE('',#4446,#4607);
#4607 = DEFINITIONAL_REPRESENTATION('',(#4608),#4612);
#4608 = LINE('',#4609,#4610);
#4609 = CARTESIAN_POINT('',(7.068583470577,0.));
#4610 = VECTOR('',#4611,1.);
#4611 = DIRECTION('',(0.,1.));
#4612 = ( GEOMETRIC_REPRESENTATION_CONTEXT(2) 
PARAMETRIC_REPRESENTATION_CONTEXT() REPRESENTATION_CONTEXT('2D SPACE',''
  ) );
#4613 = PCURVE('',#4474,#4614);
#4614 = DEFINITIONAL_REPRESENTATION('',(#4615),#4619);
#4615 = LINE('',#4616,#4617);
#4616 = CARTESIAN_POINT('',(5.E-02,2.92));
#4617 = VECTOR('',#4618,1.);
#4618 = DIRECTION('',(1.,0.));
#4619 = ( GEOMETRIC_REPRESENTATION_CONTEXT(2) 
PARAMETRIC_REPRESENTATION_CONTEXT() REPRESENTATION_CONTEXT('2D SPACE',''
  ) );
#4620 = ADVANCED_FACE('',(#4621),#4502,.T.);
#4621 = FACE_BOUND('',#4622,.T.);
#4622 = EDGE_LOOP('',(#4623,#4648,#4669,#4670));
#4623 = ORIENTED_EDGE('',*,*,#4624,.T.);
#4624 = EDGE_CURVE('',#4625,#4627,#4629,.T.);
#4625 = VERTEX_POINT('',#4626);
#4626 = CARTESIAN_POINT('',(-16.2503188823,2.956244584051,-1.));
#4627 = VERTEX_POINT('',#4628);
#4628 = CARTESIAN_POINT('',(-16.2503188823,4.256244584051,-1.));
#4629 = SURFACE_CURVE('',#4630,(#4634,#4641),.PCURVE_S1.);
#4630 = LINE('',#4631,#4632);
#4631 = CARTESIAN_POINT('',(-16.2503188823,4.299064907079,-1.));
#4632 = VECTOR('',#4633,1.);
#4633 = DIRECTION('',(0.,1.,0.));
#4634 = PCURVE('',#4502,#4635);
#4635 = DEFINITIONAL_REPRESENTATION('',(#4636),#4640);
#4636 = LINE('',#4637,#4638);
#4637 = CARTESIAN_POINT('',(0.1,0.692820323028));
#4638 = VECTOR('',#4639,1.);
#4639 = DIRECTION('',(0.,1.));
#4640 = ( GEOMETRIC_REPRESENTATION_CONTEXT(2) 
PARAMETRIC_REPRESENTATION_CONTEXT() REPRESENTATION_CONTEXT('2D SPACE',''
  ) );
#4641 = PCURVE('',#4584,#4642);
#4642 = DEFINITIONAL_REPRESENTATION('',(#4643),#4647);
#4643 = LINE('',#4644,#4645);
#4644 = CARTESIAN_POINT('',(-4.282032302756E-02,-1.));
#4645 = VECTOR('',#4646,1.);
#4646 = DIRECTION('',(-1.,0.));
#4647 = ( GEOMETRIC_REPRESENTATION_CONTEXT(2) 
PARAMETRIC_REPRESENTATION_CONTEXT() REPRESENTATION_CONTEXT('2D SPACE',''
  ) );
#4648 = ORIENTED_EDGE('',*,*,#4649,.T.);
#4649 = EDGE_CURVE('',#4627,#4487,#4650,.T.);
#4650 = SURFACE_CURVE('',#4651,(#4655,#4662),.PCURVE_S1.);
#4651 = LINE('',#4652,#4653);
#4652 = CARTESIAN_POINT('',(-16.2503188823,4.256244584051,-1.));
#4653 = VECTOR('',#4654,1.);
#4654 = DIRECTION('',(1.,0.,0.));
#4655 = PCURVE('',#4502,#4656);
#4656 = DEFINITIONAL_REPRESENTATION('',(#4657),#4661);
#4657 = LINE('',#4658,#4659);
#4658 = CARTESIAN_POINT('',(0.1,0.65));
#4659 = VECTOR('',#4660,1.);
#4660 = DIRECTION('',(-1.,0.));
#4661 = ( GEOMETRIC_REPRESENTATION_CONTEXT(2) 
PARAMETRIC_REPRESENTATION_CONTEXT() REPRESENTATION_CONTEXT('2D SPACE',''
  ) );
#4662 = PCURVE('',#4528,#4663);
#4663 = DEFINITIONAL_REPRESENTATION('',(#4664),#4668);
#4664 = LINE('',#4665,#4666);
#4665 = CARTESIAN_POINT('',(0.2,-1.));
#4666 = VECTOR('',#4667,1.);
#4667 = DIRECTION('',(-1.,0.));
#4668 = ( GEOMETRIC_REPRESENTATION_CONTEXT(2) 
PARAMETRIC_REPRESENTATION_CONTEXT() REPRESENTATION_CONTEXT('2D SPACE',''
  ) );
#4669 = ORIENTED_EDGE('',*,*,#4486,.T.);
#4670 = ORIENTED_EDGE('',*,*,#4671,.T.);
#4671 = EDGE_CURVE('',#4459,#4625,#4672,.T.);
#4672 = SURFACE_CURVE('',#4673,(#4677,#4684),.PCURVE_S1.);
#4673 = LINE('',#4674,#4675);
#4674 = CARTESIAN_POINT('',(-16.0503188823,2.956244584051,-1.));
#4675 = VECTOR('',#4676,1.);
#4676 = DIRECTION('',(-1.,0.,0.));
#4677 = PCURVE('',#4502,#4678);
#4678 = DEFINITIONAL_REPRESENTATION('',(#4679),#4683);
#4679 = LINE('',#4680,#4681);
#4680 = CARTESIAN_POINT('',(-1.E-01,-0.65));
#4681 = VECTOR('',#4682,1.);
#4682 = DIRECTION('',(1.,0.));
#4683 = ( GEOMETRIC_REPRESENTATION_CONTEXT(2) 
PARAMETRIC_REPRESENTATION_CONTEXT() REPRESENTATION_CONTEXT('2D SPACE',''
  ) );
#4684 = PCURVE('',#4474,#4685);
#4685 = DEFINITIONAL_REPRESENTATION('',(#4686),#4690);
#4686 = LINE('',#4687,#4688);
#4687 = CARTESIAN_POINT('',(0.2,-1.));
#4688 = VECTOR('',#4689,1.);
#4689 = DIRECTION('',(-1.,0.));
#4690 = ( GEOMETRIC_REPRESENTATION_CONTEXT(2) 
PARAMETRIC_REPRESENTATION_CONTEXT() REPRESENTATION_CONTEXT('2D SPACE',''
  ) );
#4691 = ADVANCED_FACE('',(#4692),#4528,.T.);
#4692 = FACE_BOUND('',#4693,.T.);
#4693 = EDGE_LOOP('',(#4694,#4695,#4696,#4697));
#4694 = ORIENTED_EDGE('',*,*,#4544,.F.);
#4695 = ORIENTED_EDGE('',*,*,#4514,.F.);
#4696 = ORIENTED_EDGE('',*,*,#4649,.F.);
#4697 = ORIENTED_EDGE('',*,*,#4698,.F.);
#4698 = EDGE_CURVE('',#4545,#4627,#4699,.T.);
#4699 = SURFACE_CURVE('',#4700,(#4704,#4711),.PCURVE_S1.);
#4700 = LINE('',#4701,#4702);
#4701 = CARTESIAN_POINT('',(-16.2503188823,4.256244584051,0.));
#4702 = VECTOR('',#4703,1.);
#4703 = DIRECTION('',(0.,0.,-1.));
#4704 = PCURVE('',#4528,#4705);
#4705 = DEFINITIONAL_REPRESENTATION('',(#4706),#4710);
#4706 = LINE('',#4707,#4708);
#4707 = CARTESIAN_POINT('',(0.2,0.));
#4708 = VECTOR('',#4709,1.);
#4709 = DIRECTION('',(0.,-1.));
#4710 = ( GEOMETRIC_REPRESENTATION_CONTEXT(2) 
PARAMETRIC_REPRESENTATION_CONTEXT() REPRESENTATION_CONTEXT('2D SPACE',''
  ) );
#4711 = PCURVE('',#4584,#4712);
#4712 = DEFINITIONAL_REPRESENTATION('',(#4713),#4717);
#4713 = LINE('',#4714,#4715);
#4714 = CARTESIAN_POINT('',(0.,0.));
#4715 = VECTOR('',#4716,1.);
#4716 = DIRECTION('',(0.,-1.));
#4717 = ( GEOMETRIC_REPRESENTATION_CONTEXT(2) 
PARAMETRIC_REPRESENTATION_CONTEXT() REPRESENTATION_CONTEXT('2D SPACE',''
  ) );
#4718 = ADVANCED_FACE('',(#4719),#4474,.T.);
#4719 = FACE_BOUND('',#4720,.T.);
#4720 = EDGE_LOOP('',(#4721,#4722,#4743,#4744));
#4721 = ORIENTED_EDGE('',*,*,#4600,.F.);
#4722 = ORIENTED_EDGE('',*,*,#4723,.F.);
#4723 = EDGE_CURVE('',#4625,#4568,#4724,.T.);
#4724 = SURFACE_CURVE('',#4725,(#4729,#4736),.PCURVE_S1.);
#4725 = LINE('',#4726,#4727);
#4726 = CARTESIAN_POINT('',(-16.2503188823,2.956244584051,0.));
#4727 = VECTOR('',#4728,1.);
#4728 = DIRECTION('',(0.,0.,1.));
#4729 = PCURVE('',#4474,#4730);
#4730 = DEFINITIONAL_REPRESENTATION('',(#4731),#4735);
#4731 = LINE('',#4732,#4733);
#4732 = CARTESIAN_POINT('',(0.,0.));
#4733 = VECTOR('',#4734,1.);
#4734 = DIRECTION('',(0.,1.));
#4735 = ( GEOMETRIC_REPRESENTATION_CONTEXT(2) 
PARAMETRIC_REPRESENTATION_CONTEXT() REPRESENTATION_CONTEXT('2D SPACE',''
  ) );
#4736 = PCURVE('',#4584,#4737);
#4737 = DEFINITIONAL_REPRESENTATION('',(#4738),#4742);
#4738 = LINE('',#4739,#4740);
#4739 = CARTESIAN_POINT('',(1.3,0.));
#4740 = VECTOR('',#4741,1.);
#4741 = DIRECTION('',(0.,1.));
#4742 = ( GEOMETRIC_REPRESENTATION_CONTEXT(2) 
PARAMETRIC_REPRESENTATION_CONTEXT() REPRESENTATION_CONTEXT('2D SPACE',''
  ) );
#4743 = ORIENTED_EDGE('',*,*,#4671,.F.);
#4744 = ORIENTED_EDGE('',*,*,#4458,.T.);
#4745 = ADVANCED_FACE('',(#4746),#4584,.T.);
#4746 = FACE_BOUND('',#4747,.T.);
#4747 = EDGE_LOOP('',(#4748,#4749,#4750,#4751));
#4748 = ORIENTED_EDGE('',*,*,#4567,.F.);
#4749 = ORIENTED_EDGE('',*,*,#4698,.T.);
#4750 = ORIENTED_EDGE('',*,*,#4624,.F.);
#4751 = ORIENTED_EDGE('',*,*,#4723,.T.);
#4752 = MANIFOLD_SOLID_BREP('',#4753);
#4753 = CLOSED_SHELL('',(#4754,#4879,#4960,#5009,#5058,#5085));
#4754 = ADVANCED_FACE('',(#4755),#4770,.T.);
#4755 = FACE_BOUND('',#4756,.T.);
#4756 = EDGE_LOOP('',(#4757,#4797,#4825,#4853));
#4757 = ORIENTED_EDGE('',*,*,#4758,.F.);
#4758 = EDGE_CURVE('',#4759,#4761,#4763,.T.);
#4759 = VERTEX_POINT('',#4760);
#4760 = CARTESIAN_POINT('',(-3.902691193458,15.979608204182,2.92));
#4761 = VERTEX_POINT('',#4762);
#4762 = CARTESIAN_POINT('',(-2.602691193458,15.979608204182,2.92));
#4763 = SURFACE_CURVE('',#4764,(#4769,#4785),.PCURVE_S1.);
#4764 = CIRCLE('',#4765,0.65);
#4765 = AXIS2_PLACEMENT_3D('',#4766,#4767,#4768);
#4766 = CARTESIAN_POINT('',(-3.252691193458,15.979608204182,2.92));
#4767 = DIRECTION('',(0.,1.,0.));
#4768 = DIRECTION('',(0.707106781187,-0.,0.707106781187));
#4769 = PCURVE('',#4770,#4775);
#4770 = PLANE('',#4771);
#4771 = AXIS2_PLACEMENT_3D('',#4772,#4773,#4774);
#4772 = CARTESIAN_POINT('',(-3.902691193458,15.979608204182,0.));
#4773 = DIRECTION('',(0.,-1.,0.));
#4774 = DIRECTION('',(1.,0.,0.));
#4775 = DEFINITIONAL_REPRESENTATION('',(#4776),#4784);
#4776 = ( BOUNDED_CURVE() B_SPLINE_CURVE(2,(#4777,#4778,#4779,#4780,
#4781,#4782,#4783),.UNSPECIFIED.,.T.,.F.) B_SPLINE_CURVE_WITH_KNOTS((1,2
    ,2,2,2,1),(-2.094395102393,0.,2.094395102393,4.188790204786,
6.28318530718,8.377580409573),.UNSPECIFIED.) CURVE() 
GEOMETRIC_REPRESENTATION_ITEM() RATIONAL_B_SPLINE_CURVE((1.,0.5,1.,0.5,
1.,0.5,1.)) REPRESENTATION_ITEM('') );
#4777 = CARTESIAN_POINT('',(1.109619407771,3.379619407771));
#4778 = CARTESIAN_POINT('',(1.905703574176,2.583535241367));
#4779 = CARTESIAN_POINT('',(0.818232379317,2.292148212912));
#4780 = CARTESIAN_POINT('',(-0.269238815543,2.000761184457));
#4781 = CARTESIAN_POINT('',(2.214821291211E-02,3.088232379317));
#4782 = CARTESIAN_POINT('',(0.313535241367,4.175703574176));
#4783 = CARTESIAN_POINT('',(1.109619407771,3.379619407771));
#4784 = ( GEOMETRIC_REPRESENTATION_CONTEXT(2) 
PARAMETRIC_REPRESENTATION_CONTEXT() REPRESENTATION_CONTEXT('2D SPACE',''
  ) );
#4785 = PCURVE('',#4786,#4791);
#4786 = CYLINDRICAL_SURFACE('',#4787,0.65);
#4787 = AXIS2_PLACEMENT_3D('',#4788,#4789,#4790);
#4788 = CARTESIAN_POINT('',(-3.252691193458,16.129608204182,2.92));
#4789 = DIRECTION('',(0.,-1.,0.));
#4790 = DIRECTION('',(-0.707106781187,0.,0.707106781187));
#4791 = DEFINITIONAL_REPRESENTATION('',(#4792),#4796);
#4792 = LINE('',#4793,#4794);
#4793 = CARTESIAN_POINT('',(10.995574287564,0.15));
#4794 = VECTOR('',#4795,1.);
#4795 = DIRECTION('',(-1.,0.));
#4796 = ( GEOMETRIC_REPRESENTATION_CONTEXT(2) 
PARAMETRIC_REPRESENTATION_CONTEXT() REPRESENTATION_CONTEXT('2D SPACE',''
  ) );
#4797 = ORIENTED_EDGE('',*,*,#4798,.T.);
#4798 = EDGE_CURVE('',#4759,#4799,#4801,.T.);
#4799 = VERTEX_POINT('',#4800);
#4800 = CARTESIAN_POINT('',(-3.902691193458,15.979608204182,-1.));
#4801 = SURFACE_CURVE('',#4802,(#4806,#4813),.PCURVE_S1.);
#4802 = LINE('',#4803,#4804);
#4803 = CARTESIAN_POINT('',(-3.902691193458,15.979608204182,0.));
#4804 = VECTOR('',#4805,1.);
#4805 = DIRECTION('',(0.,0.,-1.));
#4806 = PCURVE('',#4770,#4807);
#4807 = DEFINITIONAL_REPRESENTATION('',(#4808),#4812);
#4808 = LINE('',#4809,#4810);
#4809 = CARTESIAN_POINT('',(0.,0.));
#4810 = VECTOR('',#4811,1.);
#4811 = DIRECTION('',(0.,-1.));
#4812 = ( GEOMETRIC_REPRESENTATION_CONTEXT(2) 
PARAMETRIC_REPRESENTATION_CONTEXT() REPRESENTATION_CONTEXT('2D SPACE',''
  ) );
#4813 = PCURVE('',#4814,#4819);
#4814 = PLANE('',#4815);
#4815 = AXIS2_PLACEMENT_3D('',#4816,#4817,#4818);
#4816 = CARTESIAN_POINT('',(-3.902691193458,16.179608204182,0.));
#4817 = DIRECTION('',(-1.,0.,0.));
#4818 = DIRECTION('',(0.,-1.,0.));
#4819 = DEFINITIONAL_REPRESENTATION('',(#4820),#4824);
#4820 = LINE('',#4821,#4822);
#4821 = CARTESIAN_POINT('',(0.2,0.));
#4822 = VECTOR('',#4823,1.);
#4823 = DIRECTION('',(0.,-1.));
#4824 = ( GEOMETRIC_REPRESENTATION_CONTEXT(2) 
PARAMETRIC_REPRESENTATION_CONTEXT() REPRESENTATION_CONTEXT('2D SPACE',''
  ) );
#4825 = ORIENTED_EDGE('',*,*,#4826,.F.);
#4826 = EDGE_CURVE('',#4827,#4799,#4829,.T.);
#4827 = VERTEX_POINT('',#4828);
#4828 = CARTESIAN_POINT('',(-2.602691193458,15.979608204182,-1.));
#4829 = SURFACE_CURVE('',#4830,(#4834,#4841),.PCURVE_S1.);
#4830 = LINE('',#4831,#4832);
#4831 = CARTESIAN_POINT('',(-3.945511516486,15.979608204182,-1.));
#4832 = VECTOR('',#4833,1.);
#4833 = DIRECTION('',(-1.,0.,0.));
#4834 = PCURVE('',#4770,#4835);
#4835 = DEFINITIONAL_REPRESENTATION('',(#4836),#4840);
#4836 = LINE('',#4837,#4838);
#4837 = CARTESIAN_POINT('',(-4.282032302755E-02,-1.));
#4838 = VECTOR('',#4839,1.);
#4839 = DIRECTION('',(-1.,0.));
#4840 = ( GEOMETRIC_REPRESENTATION_CONTEXT(2) 
PARAMETRIC_REPRESENTATION_CONTEXT() REPRESENTATION_CONTEXT('2D SPACE',''
  ) );
#4841 = PCURVE('',#4842,#4847);
#4842 = PLANE('',#4843);
#4843 = AXIS2_PLACEMENT_3D('',#4844,#4845,#4846);
#4844 = CARTESIAN_POINT('',(-3.252691193458,16.079608204182,-1.));
#4845 = DIRECTION('',(0.,0.,-1.));
#4846 = DIRECTION('',(-1.,0.,0.));
#4847 = DEFINITIONAL_REPRESENTATION('',(#4848),#4852);
#4848 = LINE('',#4849,#4850);
#4849 = CARTESIAN_POINT('',(0.692820323028,-0.1));
#4850 = VECTOR('',#4851,1.);
#4851 = DIRECTION('',(1.,0.));
#4852 = ( GEOMETRIC_REPRESENTATION_CONTEXT(2) 
PARAMETRIC_REPRESENTATION_CONTEXT() REPRESENTATION_CONTEXT('2D SPACE',''
  ) );
#4853 = ORIENTED_EDGE('',*,*,#4854,.T.);
#4854 = EDGE_CURVE('',#4827,#4761,#4855,.T.);
#4855 = SURFACE_CURVE('',#4856,(#4860,#4867),.PCURVE_S1.);
#4856 = LINE('',#4857,#4858);
#4857 = CARTESIAN_POINT('',(-2.602691193458,15.979608204182,0.));
#4858 = VECTOR('',#4859,1.);
#4859 = DIRECTION('',(0.,0.,1.));
#4860 = PCURVE('',#4770,#4861);
#4861 = DEFINITIONAL_REPRESENTATION('',(#4862),#4866);
#4862 = LINE('',#4863,#4864);
#4863 = CARTESIAN_POINT('',(1.3,0.));
#4864 = VECTOR('',#4865,1.);
#4865 = DIRECTION('',(0.,1.));
#4866 = ( GEOMETRIC_REPRESENTATION_CONTEXT(2) 
PARAMETRIC_REPRESENTATION_CONTEXT() REPRESENTATION_CONTEXT('2D SPACE',''
  ) );
#4867 = PCURVE('',#4868,#4873);
#4868 = PLANE('',#4869);
#4869 = AXIS2_PLACEMENT_3D('',#4870,#4871,#4872);
#4870 = CARTESIAN_POINT('',(-2.602691193458,15.979608204182,0.));
#4871 = DIRECTION('',(1.,0.,0.));
#4872 = DIRECTION('',(-0.,1.,0.));
#4873 = DEFINITIONAL_REPRESENTATION('',(#4874),#4878);
#4874 = LINE('',#4875,#4876);
#4875 = CARTESIAN_POINT('',(0.,0.));
#4876 = VECTOR('',#4877,1.);
#4877 = DIRECTION('',(0.,1.));
#4878 = ( GEOMETRIC_REPRESENTATION_CONTEXT(2) 
PARAMETRIC_REPRESENTATION_CONTEXT() REPRESENTATION_CONTEXT('2D SPACE',''
  ) );
#4879 = ADVANCED_FACE('',(#4880),#4786,.T.);
#4880 = FACE_BOUND('',#4881,.T.);
#4881 = EDGE_LOOP('',(#4882,#4883,#4906,#4939));
#4882 = ORIENTED_EDGE('',*,*,#4758,.T.);
#4883 = ORIENTED_EDGE('',*,*,#4884,.T.);
#4884 = EDGE_CURVE('',#4761,#4885,#4887,.T.);
#4885 = VERTEX_POINT('',#4886);
#4886 = CARTESIAN_POINT('',(-2.602691193458,16.179608204182,2.92));
#4887 = SURFACE_CURVE('',#4888,(#4892,#4899),.PCURVE_S1.);
#4888 = LINE('',#4889,#4890);
#4889 = CARTESIAN_POINT('',(-2.602691193458,16.029608204182,2.92));
#4890 = VECTOR('',#4891,1.);
#4891 = DIRECTION('',(0.,1.,0.));
#4892 = PCURVE('',#4786,#4893);
#4893 = DEFINITIONAL_REPRESENTATION('',(#4894),#4898);
#4894 = LINE('',#4895,#4896);
#4895 = CARTESIAN_POINT('',(3.926990816987,0.1));
#4896 = VECTOR('',#4897,1.);
#4897 = DIRECTION('',(0.,-1.));
#4898 = ( GEOMETRIC_REPRESENTATION_CONTEXT(2) 
PARAMETRIC_REPRESENTATION_CONTEXT() REPRESENTATION_CONTEXT('2D SPACE',''
  ) );
#4899 = PCURVE('',#4868,#4900);
#4900 = DEFINITIONAL_REPRESENTATION('',(#4901),#4905);
#4901 = LINE('',#4902,#4903);
#4902 = CARTESIAN_POINT('',(5.E-02,2.92));
#4903 = VECTOR('',#4904,1.);
#4904 = DIRECTION('',(1.,0.));
#4905 = ( GEOMETRIC_REPRESENTATION_CONTEXT(2) 
PARAMETRIC_REPRESENTATION_CONTEXT() REPRESENTATION_CONTEXT('2D SPACE',''
  ) );
#4906 = ORIENTED_EDGE('',*,*,#4907,.T.);
#4907 = EDGE_CURVE('',#4885,#4908,#4910,.T.);
#4908 = VERTEX_POINT('',#4909);
#4909 = CARTESIAN_POINT('',(-3.902691193458,16.179608204182,2.92));
#4910 = SURFACE_CURVE('',#4911,(#4916,#4923),.PCURVE_S1.);
#4911 = CIRCLE('',#4912,0.65);
#4912 = AXIS2_PLACEMENT_3D('',#4913,#4914,#4915);
#4913 = CARTESIAN_POINT('',(-3.252691193458,16.179608204182,2.92));
#4914 = DIRECTION('',(0.,-1.,0.));
#4915 = DIRECTION('',(-0.707106781187,0.,0.707106781187));
#4916 = PCURVE('',#4786,#4917);
#4917 = DEFINITIONAL_REPRESENTATION('',(#4918),#4922);
#4918 = LINE('',#4919,#4920);
#4919 = CARTESIAN_POINT('',(-8.881784197001E-16,-5.E-02));
#4920 = VECTOR('',#4921,1.);
#4921 = DIRECTION('',(1.,0.));
#4922 = ( GEOMETRIC_REPRESENTATION_CONTEXT(2) 
PARAMETRIC_REPRESENTATION_CONTEXT() REPRESENTATION_CONTEXT('2D SPACE',''
  ) );
#4923 = PCURVE('',#4924,#4929);
#4924 = PLANE('',#4925);
#4925 = AXIS2_PLACEMENT_3D('',#4926,#4927,#4928);
#4926 = CARTESIAN_POINT('',(-2.602691193458,16.179608204182,0.));
#4927 = DIRECTION('',(0.,1.,0.));
#4928 = DIRECTION('',(-1.,0.,0.));
#4929 = DEFINITIONAL_REPRESENTATION('',(#4930),#4938);
#4930 = ( BOUNDED_CURVE() B_SPLINE_CURVE(2,(#4931,#4932,#4933,#4934,
#4935,#4936,#4937),.UNSPECIFIED.,.T.,.F.) B_SPLINE_CURVE_WITH_KNOTS((1,2
    ,2,2,2,1),(-2.094395102393,0.,2.094395102393,4.188790204786,
6.28318530718,8.377580409573),.UNSPECIFIED.) CURVE() 
GEOMETRIC_REPRESENTATION_ITEM() RATIONAL_B_SPLINE_CURVE((1.,0.5,1.,0.5,
1.,0.5,1.)) REPRESENTATION_ITEM('') );
#4931 = CARTESIAN_POINT('',(1.109619407771,3.379619407771));
#4932 = CARTESIAN_POINT('',(1.905703574176,2.583535241367));
#4933 = CARTESIAN_POINT('',(0.818232379317,2.292148212912));
#4934 = CARTESIAN_POINT('',(-0.269238815543,2.000761184457));
#4935 = CARTESIAN_POINT('',(2.214821291211E-02,3.088232379317));
#4936 = CARTESIAN_POINT('',(0.313535241367,4.175703574176));
#4937 = CARTESIAN_POINT('',(1.109619407771,3.379619407771));
#4938 = ( GEOMETRIC_REPRESENTATION_CONTEXT(2) 
PARAMETRIC_REPRESENTATION_CONTEXT() REPRESENTATION_CONTEXT('2D SPACE',''
  ) );
#4939 = ORIENTED_EDGE('',*,*,#4940,.T.);
#4940 = EDGE_CURVE('',#4908,#4759,#4941,.T.);
#4941 = SURFACE_CURVE('',#4942,(#4946,#4953),.PCURVE_S1.);
#4942 = LINE('',#4943,#4944);
#4943 = CARTESIAN_POINT('',(-3.902691193458,16.129608204182,2.92));
#4944 = VECTOR('',#4945,1.);
#4945 = DIRECTION('',(0.,-1.,0.));
#4946 = PCURVE('',#4786,#4947);
#4947 = DEFINITIONAL_REPRESENTATION('',(#4948),#4952);
#4948 = LINE('',#4949,#4950);
#4949 = CARTESIAN_POINT('',(7.068583470577,0.));
#4950 = VECTOR('',#4951,1.);
#4951 = DIRECTION('',(0.,1.));
#4952 = ( GEOMETRIC_REPRESENTATION_CONTEXT(2) 
PARAMETRIC_REPRESENTATION_CONTEXT() REPRESENTATION_CONTEXT('2D SPACE',''
  ) );
#4953 = PCURVE('',#4814,#4954);
#4954 = DEFINITIONAL_REPRESENTATION('',(#4955),#4959);
#4955 = LINE('',#4956,#4957);
#4956 = CARTESIAN_POINT('',(5.E-02,2.92));
#4957 = VECTOR('',#4958,1.);
#4958 = DIRECTION('',(1.,0.));
#4959 = ( GEOMETRIC_REPRESENTATION_CONTEXT(2) 
PARAMETRIC_REPRESENTATION_CONTEXT() REPRESENTATION_CONTEXT('2D SPACE',''
  ) );
#4960 = ADVANCED_FACE('',(#4961),#4814,.T.);
#4961 = FACE_BOUND('',#4962,.T.);
#4962 = EDGE_LOOP('',(#4963,#4964,#4987,#5008));
#4963 = ORIENTED_EDGE('',*,*,#4940,.F.);
#4964 = ORIENTED_EDGE('',*,*,#4965,.F.);
#4965 = EDGE_CURVE('',#4966,#4908,#4968,.T.);
#4966 = VERTEX_POINT('',#4967);
#4967 = CARTESIAN_POINT('',(-3.902691193458,16.179608204182,-1.));
#4968 = SURFACE_CURVE('',#4969,(#4973,#4980),.PCURVE_S1.);
#4969 = LINE('',#4970,#4971);
#4970 = CARTESIAN_POINT('',(-3.902691193458,16.179608204182,0.));
#4971 = VECTOR('',#4972,1.);
#4972 = DIRECTION('',(0.,0.,1.));
#4973 = PCURVE('',#4814,#4974);
#4974 = DEFINITIONAL_REPRESENTATION('',(#4975),#4979);
#4975 = LINE('',#4976,#4977);
#4976 = CARTESIAN_POINT('',(0.,0.));
#4977 = VECTOR('',#4978,1.);
#4978 = DIRECTION('',(0.,1.));
#4979 = ( GEOMETRIC_REPRESENTATION_CONTEXT(2) 
PARAMETRIC_REPRESENTATION_CONTEXT() REPRESENTATION_CONTEXT('2D SPACE',''
  ) );
#4980 = PCURVE('',#4924,#4981);
#4981 = DEFINITIONAL_REPRESENTATION('',(#4982),#4986);
#4982 = LINE('',#4983,#4984);
#4983 = CARTESIAN_POINT('',(1.3,0.));
#4984 = VECTOR('',#4985,1.);
#4985 = DIRECTION('',(0.,1.));
#4986 = ( GEOMETRIC_REPRESENTATION_CONTEXT(2) 
PARAMETRIC_REPRESENTATION_CONTEXT() REPRESENTATION_CONTEXT('2D SPACE',''
  ) );
#4987 = ORIENTED_EDGE('',*,*,#4988,.F.);
#4988 = EDGE_CURVE('',#4799,#4966,#4989,.T.);
#4989 = SURFACE_CURVE('',#4990,(#4994,#5001),.PCURVE_S1.);
#4990 = LINE('',#4991,#4992);
#4991 = CARTESIAN_POINT('',(-3.902691193458,15.979608204182,-1.));
#4992 = VECTOR('',#4993,1.);
#4993 = DIRECTION('',(0.,1.,0.));
#4994 = PCURVE('',#4814,#4995);
#4995 = DEFINITIONAL_REPRESENTATION('',(#4996),#5000);
#4996 = LINE('',#4997,#4998);
#4997 = CARTESIAN_POINT('',(0.2,-1.));
#4998 = VECTOR('',#4999,1.);
#4999 = DIRECTION('',(-1.,0.));
#5000 = ( GEOMETRIC_REPRESENTATION_CONTEXT(2) 
PARAMETRIC_REPRESENTATION_CONTEXT() REPRESENTATION_CONTEXT('2D SPACE',''
  ) );
#5001 = PCURVE('',#4842,#5002);
#5002 = DEFINITIONAL_REPRESENTATION('',(#5003),#5007);
#5003 = LINE('',#5004,#5005);
#5004 = CARTESIAN_POINT('',(0.65,-0.1));
#5005 = VECTOR('',#5006,1.);
#5006 = DIRECTION('',(0.,1.));
#5007 = ( GEOMETRIC_REPRESENTATION_CONTEXT(2) 
PARAMETRIC_REPRESENTATION_CONTEXT() REPRESENTATION_CONTEXT('2D SPACE',''
  ) );
#5008 = ORIENTED_EDGE('',*,*,#4798,.F.);
#5009 = ADVANCED_FACE('',(#5010),#4842,.T.);
#5010 = FACE_BOUND('',#5011,.T.);
#5011 = EDGE_LOOP('',(#5012,#5013,#5014,#5037));
#5012 = ORIENTED_EDGE('',*,*,#4826,.T.);
#5013 = ORIENTED_EDGE('',*,*,#4988,.T.);
#5014 = ORIENTED_EDGE('',*,*,#5015,.T.);
#5015 = EDGE_CURVE('',#4966,#5016,#5018,.T.);
#5016 = VERTEX_POINT('',#5017);
#5017 = CARTESIAN_POINT('',(-2.602691193458,16.179608204182,-1.));
#5018 = SURFACE_CURVE('',#5019,(#5023,#5030),.PCURVE_S1.);
#5019 = LINE('',#5020,#5021);
#5020 = CARTESIAN_POINT('',(-3.945511516486,16.179608204182,-1.));
#5021 = VECTOR('',#5022,1.);
#5022 = DIRECTION('',(1.,0.,0.));
#5023 = PCURVE('',#4842,#5024);
#5024 = DEFINITIONAL_REPRESENTATION('',(#5025),#5029);
#5025 = LINE('',#5026,#5027);
#5026 = CARTESIAN_POINT('',(0.692820323028,1.E-01));
#5027 = VECTOR('',#5028,1.);
#5028 = DIRECTION('',(-1.,0.));
#5029 = ( GEOMETRIC_REPRESENTATION_CONTEXT(2) 
PARAMETRIC_REPRESENTATION_CONTEXT() REPRESENTATION_CONTEXT('2D SPACE',''
  ) );
#5030 = PCURVE('',#4924,#5031);
#5031 = DEFINITIONAL_REPRESENTATION('',(#5032),#5036);
#5032 = LINE('',#5033,#5034);
#5033 = CARTESIAN_POINT('',(1.342820323028,-1.));
#5034 = VECTOR('',#5035,1.);
#5035 = DIRECTION('',(-1.,0.));
#5036 = ( GEOMETRIC_REPRESENTATION_CONTEXT(2) 
PARAMETRIC_REPRESENTATION_CONTEXT() REPRESENTATION_CONTEXT('2D SPACE',''
  ) );
#5037 = ORIENTED_EDGE('',*,*,#5038,.T.);
#5038 = EDGE_CURVE('',#5016,#4827,#5039,.T.);
#5039 = SURFACE_CURVE('',#5040,(#5044,#5051),.PCURVE_S1.);
#5040 = LINE('',#5041,#5042);
#5041 = CARTESIAN_POINT('',(-2.602691193458,15.979608204182,-1.));
#5042 = VECTOR('',#5043,1.);
#5043 = DIRECTION('',(0.,-1.,0.));
#5044 = PCURVE('',#4842,#5045);
#5045 = DEFINITIONAL_REPRESENTATION('',(#5046),#5050);
#5046 = LINE('',#5047,#5048);
#5047 = CARTESIAN_POINT('',(-0.65,-0.1));
#5048 = VECTOR('',#5049,1.);
#5049 = DIRECTION('',(0.,-1.));
#5050 = ( GEOMETRIC_REPRESENTATION_CONTEXT(2) 
PARAMETRIC_REPRESENTATION_CONTEXT() REPRESENTATION_CONTEXT('2D SPACE',''
  ) );
#5051 = PCURVE('',#4868,#5052);
#5052 = DEFINITIONAL_REPRESENTATION('',(#5053),#5057);
#5053 = LINE('',#5054,#5055);
#5054 = CARTESIAN_POINT('',(0.,-1.));
#5055 = VECTOR('',#5056,1.);
#5056 = DIRECTION('',(-1.,0.));
#5057 = ( GEOMETRIC_REPRESENTATION_CONTEXT(2) 
PARAMETRIC_REPRESENTATION_CONTEXT() REPRESENTATION_CONTEXT('2D SPACE',''
  ) );
#5058 = ADVANCED_FACE('',(#5059),#4924,.T.);
#5059 = FACE_BOUND('',#5060,.T.);
#5060 = EDGE_LOOP('',(#5061,#5062,#5083,#5084));
#5061 = ORIENTED_EDGE('',*,*,#4907,.F.);
#5062 = ORIENTED_EDGE('',*,*,#5063,.F.);
#5063 = EDGE_CURVE('',#5016,#4885,#5064,.T.);
#5064 = SURFACE_CURVE('',#5065,(#5069,#5076),.PCURVE_S1.);
#5065 = LINE('',#5066,#5067);
#5066 = CARTESIAN_POINT('',(-2.602691193458,16.179608204182,0.));
#5067 = VECTOR('',#5068,1.);
#5068 = DIRECTION('',(0.,0.,1.));
#5069 = PCURVE('',#4924,#5070);
#5070 = DEFINITIONAL_REPRESENTATION('',(#5071),#5075);
#5071 = LINE('',#5072,#5073);
#5072 = CARTESIAN_POINT('',(0.,0.));
#5073 = VECTOR('',#5074,1.);
#5074 = DIRECTION('',(0.,1.));
#5075 = ( GEOMETRIC_REPRESENTATION_CONTEXT(2) 
PARAMETRIC_REPRESENTATION_CONTEXT() REPRESENTATION_CONTEXT('2D SPACE',''
  ) );
#5076 = PCURVE('',#4868,#5077);
#5077 = DEFINITIONAL_REPRESENTATION('',(#5078),#5082);
#5078 = LINE('',#5079,#5080);
#5079 = CARTESIAN_POINT('',(0.2,0.));
#5080 = VECTOR('',#5081,1.);
#5081 = DIRECTION('',(0.,1.));
#5082 = ( GEOMETRIC_REPRESENTATION_CONTEXT(2) 
PARAMETRIC_REPRESENTATION_CONTEXT() REPRESENTATION_CONTEXT('2D SPACE',''
  ) );
#5083 = ORIENTED_EDGE('',*,*,#5015,.F.);
#5084 = ORIENTED_EDGE('',*,*,#4965,.T.);
#5085 = ADVANCED_FACE('',(#5086),#4868,.T.);
#5086 = FACE_BOUND('',#5087,.T.);
#5087 = EDGE_LOOP('',(#5088,#5089,#5090,#5091));
#5088 = ORIENTED_EDGE('',*,*,#4884,.F.);
#5089 = ORIENTED_EDGE('',*,*,#4854,.F.);
#5090 = ORIENTED_EDGE('',*,*,#5038,.F.);
#5091 = ORIENTED_EDGE('',*,*,#5063,.T.);
#5092 = MANIFOLD_SOLID_BREP('',#5093);
#5093 = CLOSED_SHELL('',(#5094,#5219,#5300,#5349,#5398,#5425));
#5094 = ADVANCED_FACE('',(#5095),#5110,.T.);
#5095 = FACE_BOUND('',#5096,.T.);
#5096 = EDGE_LOOP('',(#5097,#5137,#5165,#5193));
#5097 = ORIENTED_EDGE('',*,*,#5098,.F.);
#5098 = EDGE_CURVE('',#5099,#5101,#5103,.T.);
#5099 = VERTEX_POINT('',#5100);
#5100 = CARTESIAN_POINT('',(16.250318882301,-4.256244584051,2.92));
#5101 = VERTEX_POINT('',#5102);
#5102 = CARTESIAN_POINT('',(16.250318882301,-2.956244584051,2.92));
#5103 = SURFACE_CURVE('',#5104,(#5109,#5125),.PCURVE_S1.);
#5104 = CIRCLE('',#5105,0.65);
#5105 = AXIS2_PLACEMENT_3D('',#5106,#5107,#5108);
#5106 = CARTESIAN_POINT('',(16.250318882301,-3.606244584051,2.92));
#5107 = DIRECTION('',(-1.,0.,0.));
#5108 = DIRECTION('',(0.,0.707106781187,0.707106781187));
#5109 = PCURVE('',#5110,#5115);
#5110 = PLANE('',#5111);
#5111 = AXIS2_PLACEMENT_3D('',#5112,#5113,#5114);
#5112 = CARTESIAN_POINT('',(16.250318882301,-4.256244584051,0.));
#5113 = DIRECTION('',(1.,0.,0.));
#5114 = DIRECTION('',(-0.,1.,0.));
#5115 = DEFINITIONAL_REPRESENTATION('',(#5116),#5124);
#5116 = ( BOUNDED_CURVE() B_SPLINE_CURVE(2,(#5117,#5118,#5119,#5120,
#5121,#5122,#5123),.UNSPECIFIED.,.T.,.F.) B_SPLINE_CURVE_WITH_KNOTS((1,2
    ,2,2,2,1),(-2.094395102393,0.,2.094395102393,4.188790204786,
6.28318530718,8.377580409573),.UNSPECIFIED.) CURVE() 
GEOMETRIC_REPRESENTATION_ITEM() RATIONAL_B_SPLINE_CURVE((1.,0.5,1.,0.5,
1.,0.5,1.)) REPRESENTATION_ITEM('') );
#5117 = CARTESIAN_POINT('',(1.109619407771,3.379619407771));
#5118 = CARTESIAN_POINT('',(1.905703574176,2.583535241367));
#5119 = CARTESIAN_POINT('',(0.818232379317,2.292148212912));
#5120 = CARTESIAN_POINT('',(-0.269238815543,2.000761184457));
#5121 = CARTESIAN_POINT('',(2.214821291211E-02,3.088232379317));
#5122 = CARTESIAN_POINT('',(0.313535241367,4.175703574176));
#5123 = CARTESIAN_POINT('',(1.109619407771,3.379619407771));
#5124 = ( GEOMETRIC_REPRESENTATION_CONTEXT(2) 
PARAMETRIC_REPRESENTATION_CONTEXT() REPRESENTATION_CONTEXT('2D SPACE',''
  ) );
#5125 = PCURVE('',#5126,#5131);
#5126 = CYLINDRICAL_SURFACE('',#5127,0.65);
#5127 = AXIS2_PLACEMENT_3D('',#5128,#5129,#5130);
#5128 = CARTESIAN_POINT('',(16.100318882301,-3.606244584051,2.92));
#5129 = DIRECTION('',(1.,0.,0.));
#5130 = DIRECTION('',(0.,-0.707106781187,0.707106781187));
#5131 = DEFINITIONAL_REPRESENTATION('',(#5132),#5136);
#5132 = LINE('',#5133,#5134);
#5133 = CARTESIAN_POINT('',(10.995574287564,0.15));
#5134 = VECTOR('',#5135,1.);
#5135 = DIRECTION('',(-1.,0.));
#5136 = ( GEOMETRIC_REPRESENTATION_CONTEXT(2) 
PARAMETRIC_REPRESENTATION_CONTEXT() REPRESENTATION_CONTEXT('2D SPACE',''
  ) );
#5137 = ORIENTED_EDGE('',*,*,#5138,.T.);
#5138 = EDGE_CURVE('',#5099,#5139,#5141,.T.);
#5139 = VERTEX_POINT('',#5140);
#5140 = CARTESIAN_POINT('',(16.250318882301,-4.256244584051,-1.));
#5141 = SURFACE_CURVE('',#5142,(#5146,#5153),.PCURVE_S1.);
#5142 = LINE('',#5143,#5144);
#5143 = CARTESIAN_POINT('',(16.250318882301,-4.256244584051,0.));
#5144 = VECTOR('',#5145,1.);
#5145 = DIRECTION('',(0.,0.,-1.));
#5146 = PCURVE('',#5110,#5147);
#5147 = DEFINITIONAL_REPRESENTATION('',(#5148),#5152);
#5148 = LINE('',#5149,#5150);
#5149 = CARTESIAN_POINT('',(0.,0.));
#5150 = VECTOR('',#5151,1.);
#5151 = DIRECTION('',(0.,-1.));
#5152 = ( GEOMETRIC_REPRESENTATION_CONTEXT(2) 
PARAMETRIC_REPRESENTATION_CONTEXT() REPRESENTATION_CONTEXT('2D SPACE',''
  ) );
#5153 = PCURVE('',#5154,#5159);
#5154 = PLANE('',#5155);
#5155 = AXIS2_PLACEMENT_3D('',#5156,#5157,#5158);
#5156 = CARTESIAN_POINT('',(16.050318882301,-4.256244584051,0.));
#5157 = DIRECTION('',(0.,-1.,0.));
#5158 = DIRECTION('',(1.,0.,0.));
#5159 = DEFINITIONAL_REPRESENTATION('',(#5160),#5164);
#5160 = LINE('',#5161,#5162);
#5161 = CARTESIAN_POINT('',(0.2,0.));
#5162 = VECTOR('',#5163,1.);
#5163 = DIRECTION('',(0.,-1.));
#5164 = ( GEOMETRIC_REPRESENTATION_CONTEXT(2) 
PARAMETRIC_REPRESENTATION_CONTEXT() REPRESENTATION_CONTEXT('2D SPACE',''
  ) );
#5165 = ORIENTED_EDGE('',*,*,#5166,.F.);
#5166 = EDGE_CURVE('',#5167,#5139,#5169,.T.);
#5167 = VERTEX_POINT('',#5168);
#5168 = CARTESIAN_POINT('',(16.250318882301,-2.956244584051,-1.));
#5169 = SURFACE_CURVE('',#5170,(#5174,#5181),.PCURVE_S1.);
#5170 = LINE('',#5171,#5172);
#5171 = CARTESIAN_POINT('',(16.250318882301,-2.913424261024,-1.));
#5172 = VECTOR('',#5173,1.);
#5173 = DIRECTION('',(0.,-1.,0.));
#5174 = PCURVE('',#5110,#5175);
#5175 = DEFINITIONAL_REPRESENTATION('',(#5176),#5180);
#5176 = LINE('',#5177,#5178);
#5177 = CARTESIAN_POINT('',(1.342820323028,-1.));
#5178 = VECTOR('',#5179,1.);
#5179 = DIRECTION('',(-1.,0.));
#5180 = ( GEOMETRIC_REPRESENTATION_CONTEXT(2) 
PARAMETRIC_REPRESENTATION_CONTEXT() REPRESENTATION_CONTEXT('2D SPACE',''
  ) );
#5181 = PCURVE('',#5182,#5187);
#5182 = PLANE('',#5183);
#5183 = AXIS2_PLACEMENT_3D('',#5184,#5185,#5186);
#5184 = CARTESIAN_POINT('',(16.150318882301,-3.606244584051,-1.));
#5185 = DIRECTION('',(0.,0.,-1.));
#5186 = DIRECTION('',(-1.,0.,0.));
#5187 = DEFINITIONAL_REPRESENTATION('',(#5188),#5192);
#5188 = LINE('',#5189,#5190);
#5189 = CARTESIAN_POINT('',(-0.1,0.692820323028));
#5190 = VECTOR('',#5191,1.);
#5191 = DIRECTION('',(0.,-1.));
#5192 = ( GEOMETRIC_REPRESENTATION_CONTEXT(2) 
PARAMETRIC_REPRESENTATION_CONTEXT() REPRESENTATION_CONTEXT('2D SPACE',''
  ) );
#5193 = ORIENTED_EDGE('',*,*,#5194,.T.);
#5194 = EDGE_CURVE('',#5167,#5101,#5195,.T.);
#5195 = SURFACE_CURVE('',#5196,(#5200,#5207),.PCURVE_S1.);
#5196 = LINE('',#5197,#5198);
#5197 = CARTESIAN_POINT('',(16.250318882301,-2.956244584051,0.));
#5198 = VECTOR('',#5199,1.);
#5199 = DIRECTION('',(0.,0.,1.));
#5200 = PCURVE('',#5110,#5201);
#5201 = DEFINITIONAL_REPRESENTATION('',(#5202),#5206);
#5202 = LINE('',#5203,#5204);
#5203 = CARTESIAN_POINT('',(1.3,0.));
#5204 = VECTOR('',#5205,1.);
#5205 = DIRECTION('',(0.,1.));
#5206 = ( GEOMETRIC_REPRESENTATION_CONTEXT(2) 
PARAMETRIC_REPRESENTATION_CONTEXT() REPRESENTATION_CONTEXT('2D SPACE',''
  ) );
#5207 = PCURVE('',#5208,#5213);
#5208 = PLANE('',#5209);
#5209 = AXIS2_PLACEMENT_3D('',#5210,#5211,#5212);
#5210 = CARTESIAN_POINT('',(16.250318882301,-2.956244584051,0.));
#5211 = DIRECTION('',(0.,1.,0.));
#5212 = DIRECTION('',(-1.,0.,0.));
#5213 = DEFINITIONAL_REPRESENTATION('',(#5214),#5218);
#5214 = LINE('',#5215,#5216);
#5215 = CARTESIAN_POINT('',(0.,0.));
#5216 = VECTOR('',#5217,1.);
#5217 = DIRECTION('',(0.,1.));
#5218 = ( GEOMETRIC_REPRESENTATION_CONTEXT(2) 
PARAMETRIC_REPRESENTATION_CONTEXT() REPRESENTATION_CONTEXT('2D SPACE',''
  ) );
#5219 = ADVANCED_FACE('',(#5220),#5126,.T.);
#5220 = FACE_BOUND('',#5221,.T.);
#5221 = EDGE_LOOP('',(#5222,#5223,#5246,#5279));
#5222 = ORIENTED_EDGE('',*,*,#5098,.T.);
#5223 = ORIENTED_EDGE('',*,*,#5224,.T.);
#5224 = EDGE_CURVE('',#5101,#5225,#5227,.T.);
#5225 = VERTEX_POINT('',#5226);
#5226 = CARTESIAN_POINT('',(16.050318882301,-2.956244584051,2.92));
#5227 = SURFACE_CURVE('',#5228,(#5232,#5239),.PCURVE_S1.);
#5228 = LINE('',#5229,#5230);
#5229 = CARTESIAN_POINT('',(16.200318882301,-2.956244584051,2.92));
#5230 = VECTOR('',#5231,1.);
#5231 = DIRECTION('',(-1.,0.,0.));
#5232 = PCURVE('',#5126,#5233);
#5233 = DEFINITIONAL_REPRESENTATION('',(#5234),#5238);
#5234 = LINE('',#5235,#5236);
#5235 = CARTESIAN_POINT('',(3.926990816987,1.E-01));
#5236 = VECTOR('',#5237,1.);
#5237 = DIRECTION('',(0.,-1.));
#5238 = ( GEOMETRIC_REPRESENTATION_CONTEXT(2) 
PARAMETRIC_REPRESENTATION_CONTEXT() REPRESENTATION_CONTEXT('2D SPACE',''
  ) );
#5239 = PCURVE('',#5208,#5240);
#5240 = DEFINITIONAL_REPRESENTATION('',(#5241),#5245);
#5241 = LINE('',#5242,#5243);
#5242 = CARTESIAN_POINT('',(5.E-02,2.92));
#5243 = VECTOR('',#5244,1.);
#5244 = DIRECTION('',(1.,0.));
#5245 = ( GEOMETRIC_REPRESENTATION_CONTEXT(2) 
PARAMETRIC_REPRESENTATION_CONTEXT() REPRESENTATION_CONTEXT('2D SPACE',''
  ) );
#5246 = ORIENTED_EDGE('',*,*,#5247,.T.);
#5247 = EDGE_CURVE('',#5225,#5248,#5250,.T.);
#5248 = VERTEX_POINT('',#5249);
#5249 = CARTESIAN_POINT('',(16.050318882301,-4.256244584051,2.92));
#5250 = SURFACE_CURVE('',#5251,(#5256,#5263),.PCURVE_S1.);
#5251 = CIRCLE('',#5252,0.65);
#5252 = AXIS2_PLACEMENT_3D('',#5253,#5254,#5255);
#5253 = CARTESIAN_POINT('',(16.050318882301,-3.606244584051,2.92));
#5254 = DIRECTION('',(1.,0.,0.));
#5255 = DIRECTION('',(0.,-0.707106781187,0.707106781187));
#5256 = PCURVE('',#5126,#5257);
#5257 = DEFINITIONAL_REPRESENTATION('',(#5258),#5262);
#5258 = LINE('',#5259,#5260);
#5259 = CARTESIAN_POINT('',(-8.881784197001E-16,-5.E-02));
#5260 = VECTOR('',#5261,1.);
#5261 = DIRECTION('',(1.,0.));
#5262 = ( GEOMETRIC_REPRESENTATION_CONTEXT(2) 
PARAMETRIC_REPRESENTATION_CONTEXT() REPRESENTATION_CONTEXT('2D SPACE',''
  ) );
#5263 = PCURVE('',#5264,#5269);
#5264 = PLANE('',#5265);
#5265 = AXIS2_PLACEMENT_3D('',#5266,#5267,#5268);
#5266 = CARTESIAN_POINT('',(16.050318882301,-2.956244584051,0.));
#5267 = DIRECTION('',(-1.,0.,0.));
#5268 = DIRECTION('',(0.,-1.,0.));
#5269 = DEFINITIONAL_REPRESENTATION('',(#5270),#5278);
#5270 = ( BOUNDED_CURVE() B_SPLINE_CURVE(2,(#5271,#5272,#5273,#5274,
#5275,#5276,#5277),.UNSPECIFIED.,.T.,.F.) B_SPLINE_CURVE_WITH_KNOTS((1,2
    ,2,2,2,1),(-2.094395102393,0.,2.094395102393,4.188790204786,
6.28318530718,8.377580409573),.UNSPECIFIED.) CURVE() 
GEOMETRIC_REPRESENTATION_ITEM() RATIONAL_B_SPLINE_CURVE((1.,0.5,1.,0.5,
1.,0.5,1.)) REPRESENTATION_ITEM('') );
#5271 = CARTESIAN_POINT('',(1.109619407771,3.379619407771));
#5272 = CARTESIAN_POINT('',(1.905703574176,2.583535241367));
#5273 = CARTESIAN_POINT('',(0.818232379317,2.292148212912));
#5274 = CARTESIAN_POINT('',(-0.269238815543,2.000761184457));
#5275 = CARTESIAN_POINT('',(2.214821291211E-02,3.088232379317));
#5276 = CARTESIAN_POINT('',(0.313535241367,4.175703574176));
#5277 = CARTESIAN_POINT('',(1.109619407771,3.379619407771));
#5278 = ( GEOMETRIC_REPRESENTATION_CONTEXT(2) 
PARAMETRIC_REPRESENTATION_CONTEXT() REPRESENTATION_CONTEXT('2D SPACE',''
  ) );
#5279 = ORIENTED_EDGE('',*,*,#5280,.T.);
#5280 = EDGE_CURVE('',#5248,#5099,#5281,.T.);
#5281 = SURFACE_CURVE('',#5282,(#5286,#5293),.PCURVE_S1.);
#5282 = LINE('',#5283,#5284);
#5283 = CARTESIAN_POINT('',(16.100318882301,-4.256244584051,2.92));
#5284 = VECTOR('',#5285,1.);
#5285 = DIRECTION('',(1.,0.,0.));
#5286 = PCURVE('',#5126,#5287);
#5287 = DEFINITIONAL_REPRESENTATION('',(#5288),#5292);
#5288 = LINE('',#5289,#5290);
#5289 = CARTESIAN_POINT('',(7.068583470577,0.));
#5290 = VECTOR('',#5291,1.);
#5291 = DIRECTION('',(0.,1.));
#5292 = ( GEOMETRIC_REPRESENTATION_CONTEXT(2) 
PARAMETRIC_REPRESENTATION_CONTEXT() REPRESENTATION_CONTEXT('2D SPACE',''
  ) );
#5293 = PCURVE('',#5154,#5294);
#5294 = DEFINITIONAL_REPRESENTATION('',(#5295),#5299);
#5295 = LINE('',#5296,#5297);
#5296 = CARTESIAN_POINT('',(5.E-02,2.92));
#5297 = VECTOR('',#5298,1.);
#5298 = DIRECTION('',(1.,0.));
#5299 = ( GEOMETRIC_REPRESENTATION_CONTEXT(2) 
PARAMETRIC_REPRESENTATION_CONTEXT() REPRESENTATION_CONTEXT('2D SPACE',''
  ) );
#5300 = ADVANCED_FACE('',(#5301),#5154,.T.);
#5301 = FACE_BOUND('',#5302,.T.);
#5302 = EDGE_LOOP('',(#5303,#5304,#5327,#5348));
#5303 = ORIENTED_EDGE('',*,*,#5280,.F.);
#5304 = ORIENTED_EDGE('',*,*,#5305,.F.);
#5305 = EDGE_CURVE('',#5306,#5248,#5308,.T.);
#5306 = VERTEX_POINT('',#5307);
#5307 = CARTESIAN_POINT('',(16.050318882301,-4.256244584051,-1.));
#5308 = SURFACE_CURVE('',#5309,(#5313,#5320),.PCURVE_S1.);
#5309 = LINE('',#5310,#5311);
#5310 = CARTESIAN_POINT('',(16.050318882301,-4.256244584051,0.));
#5311 = VECTOR('',#5312,1.);
#5312 = DIRECTION('',(0.,0.,1.));
#5313 = PCURVE('',#5154,#5314);
#5314 = DEFINITIONAL_REPRESENTATION('',(#5315),#5319);
#5315 = LINE('',#5316,#5317);
#5316 = CARTESIAN_POINT('',(0.,0.));
#5317 = VECTOR('',#5318,1.);
#5318 = DIRECTION('',(0.,1.));
#5319 = ( GEOMETRIC_REPRESENTATION_CONTEXT(2) 
PARAMETRIC_REPRESENTATION_CONTEXT() REPRESENTATION_CONTEXT('2D SPACE',''
  ) );
#5320 = PCURVE('',#5264,#5321);
#5321 = DEFINITIONAL_REPRESENTATION('',(#5322),#5326);
#5322 = LINE('',#5323,#5324);
#5323 = CARTESIAN_POINT('',(1.3,0.));
#5324 = VECTOR('',#5325,1.);
#5325 = DIRECTION('',(0.,1.));
#5326 = ( GEOMETRIC_REPRESENTATION_CONTEXT(2) 
PARAMETRIC_REPRESENTATION_CONTEXT() REPRESENTATION_CONTEXT('2D SPACE',''
  ) );
#5327 = ORIENTED_EDGE('',*,*,#5328,.F.);
#5328 = EDGE_CURVE('',#5139,#5306,#5329,.T.);
#5329 = SURFACE_CURVE('',#5330,(#5334,#5341),.PCURVE_S1.);
#5330 = LINE('',#5331,#5332);
#5331 = CARTESIAN_POINT('',(16.250318882301,-4.256244584051,-1.));
#5332 = VECTOR('',#5333,1.);
#5333 = DIRECTION('',(-1.,0.,0.));
#5334 = PCURVE('',#5154,#5335);
#5335 = DEFINITIONAL_REPRESENTATION('',(#5336),#5340);
#5336 = LINE('',#5337,#5338);
#5337 = CARTESIAN_POINT('',(0.2,-1.));
#5338 = VECTOR('',#5339,1.);
#5339 = DIRECTION('',(-1.,0.));
#5340 = ( GEOMETRIC_REPRESENTATION_CONTEXT(2) 
PARAMETRIC_REPRESENTATION_CONTEXT() REPRESENTATION_CONTEXT('2D SPACE',''
  ) );
#5341 = PCURVE('',#5182,#5342);
#5342 = DEFINITIONAL_REPRESENTATION('',(#5343),#5347);
#5343 = LINE('',#5344,#5345);
#5344 = CARTESIAN_POINT('',(-0.1,-0.65));
#5345 = VECTOR('',#5346,1.);
#5346 = DIRECTION('',(1.,0.));
#5347 = ( GEOMETRIC_REPRESENTATION_CONTEXT(2) 
PARAMETRIC_REPRESENTATION_CONTEXT() REPRESENTATION_CONTEXT('2D SPACE',''
  ) );
#5348 = ORIENTED_EDGE('',*,*,#5138,.F.);
#5349 = ADVANCED_FACE('',(#5350),#5182,.T.);
#5350 = FACE_BOUND('',#5351,.T.);
#5351 = EDGE_LOOP('',(#5352,#5353,#5354,#5377));
#5352 = ORIENTED_EDGE('',*,*,#5166,.T.);
#5353 = ORIENTED_EDGE('',*,*,#5328,.T.);
#5354 = ORIENTED_EDGE('',*,*,#5355,.T.);
#5355 = EDGE_CURVE('',#5306,#5356,#5358,.T.);
#5356 = VERTEX_POINT('',#5357);
#5357 = CARTESIAN_POINT('',(16.050318882301,-2.956244584051,-1.));
#5358 = SURFACE_CURVE('',#5359,(#5363,#5370),.PCURVE_S1.);
#5359 = LINE('',#5360,#5361);
#5360 = CARTESIAN_POINT('',(16.050318882301,-2.913424261024,-1.));
#5361 = VECTOR('',#5362,1.);
#5362 = DIRECTION('',(0.,1.,0.));
#5363 = PCURVE('',#5182,#5364);
#5364 = DEFINITIONAL_REPRESENTATION('',(#5365),#5369);
#5365 = LINE('',#5366,#5367);
#5366 = CARTESIAN_POINT('',(1.E-01,0.692820323028));
#5367 = VECTOR('',#5368,1.);
#5368 = DIRECTION('',(0.,1.));
#5369 = ( GEOMETRIC_REPRESENTATION_CONTEXT(2) 
PARAMETRIC_REPRESENTATION_CONTEXT() REPRESENTATION_CONTEXT('2D SPACE',''
  ) );
#5370 = PCURVE('',#5264,#5371);
#5371 = DEFINITIONAL_REPRESENTATION('',(#5372),#5376);
#5372 = LINE('',#5373,#5374);
#5373 = CARTESIAN_POINT('',(-4.282032302755E-02,-1.));
#5374 = VECTOR('',#5375,1.);
#5375 = DIRECTION('',(-1.,0.));
#5376 = ( GEOMETRIC_REPRESENTATION_CONTEXT(2) 
PARAMETRIC_REPRESENTATION_CONTEXT() REPRESENTATION_CONTEXT('2D SPACE',''
  ) );
#5377 = ORIENTED_EDGE('',*,*,#5378,.T.);
#5378 = EDGE_CURVE('',#5356,#5167,#5379,.T.);
#5379 = SURFACE_CURVE('',#5380,(#5384,#5391),.PCURVE_S1.);
#5380 = LINE('',#5381,#5382);
#5381 = CARTESIAN_POINT('',(16.250318882301,-2.956244584051,-1.));
#5382 = VECTOR('',#5383,1.);
#5383 = DIRECTION('',(1.,0.,0.));
#5384 = PCURVE('',#5182,#5385);
#5385 = DEFINITIONAL_REPRESENTATION('',(#5386),#5390);
#5386 = LINE('',#5387,#5388);
#5387 = CARTESIAN_POINT('',(-0.1,0.65));
#5388 = VECTOR('',#5389,1.);
#5389 = DIRECTION('',(-1.,0.));
#5390 = ( GEOMETRIC_REPRESENTATION_CONTEXT(2) 
PARAMETRIC_REPRESENTATION_CONTEXT() REPRESENTATION_CONTEXT('2D SPACE',''
  ) );
#5391 = PCURVE('',#5208,#5392);
#5392 = DEFINITIONAL_REPRESENTATION('',(#5393),#5397);
#5393 = LINE('',#5394,#5395);
#5394 = CARTESIAN_POINT('',(0.,-1.));
#5395 = VECTOR('',#5396,1.);
#5396 = DIRECTION('',(-1.,0.));
#5397 = ( GEOMETRIC_REPRESENTATION_CONTEXT(2) 
PARAMETRIC_REPRESENTATION_CONTEXT() REPRESENTATION_CONTEXT('2D SPACE',''
  ) );
#5398 = ADVANCED_FACE('',(#5399),#5264,.T.);
#5399 = FACE_BOUND('',#5400,.T.);
#5400 = EDGE_LOOP('',(#5401,#5402,#5423,#5424));
#5401 = ORIENTED_EDGE('',*,*,#5247,.F.);
#5402 = ORIENTED_EDGE('',*,*,#5403,.F.);
#5403 = EDGE_CURVE('',#5356,#5225,#5404,.T.);
#5404 = SURFACE_CURVE('',#5405,(#5409,#5416),.PCURVE_S1.);
#5405 = LINE('',#5406,#5407);
#5406 = CARTESIAN_POINT('',(16.050318882301,-2.956244584051,0.));
#5407 = VECTOR('',#5408,1.);
#5408 = DIRECTION('',(0.,0.,1.));
#5409 = PCURVE('',#5264,#5410);
#5410 = DEFINITIONAL_REPRESENTATION('',(#5411),#5415);
#5411 = LINE('',#5412,#5413);
#5412 = CARTESIAN_POINT('',(0.,0.));
#5413 = VECTOR('',#5414,1.);
#5414 = DIRECTION('',(0.,1.));
#5415 = ( GEOMETRIC_REPRESENTATION_CONTEXT(2) 
PARAMETRIC_REPRESENTATION_CONTEXT() REPRESENTATION_CONTEXT('2D SPACE',''
  ) );
#5416 = PCURVE('',#5208,#5417);
#5417 = DEFINITIONAL_REPRESENTATION('',(#5418),#5422);
#5418 = LINE('',#5419,#5420);
#5419 = CARTESIAN_POINT('',(0.2,0.));
#5420 = VECTOR('',#5421,1.);
#5421 = DIRECTION('',(0.,1.));
#5422 = ( GEOMETRIC_REPRESENTATION_CONTEXT(2) 
PARAMETRIC_REPRESENTATION_CONTEXT() REPRESENTATION_CONTEXT('2D SPACE',''
  ) );
#5423 = ORIENTED_EDGE('',*,*,#5355,.F.);
#5424 = ORIENTED_EDGE('',*,*,#5305,.T.);
#5425 = ADVANCED_FACE('',(#5426),#5208,.T.);
#5426 = FACE_BOUND('',#5427,.T.);
#5427 = EDGE_LOOP('',(#5428,#5429,#5430,#5431));
#5428 = ORIENTED_EDGE('',*,*,#5224,.F.);
#5429 = ORIENTED_EDGE('',*,*,#5194,.F.);
#5430 = ORIENTED_EDGE('',*,*,#5378,.F.);
#5431 = ORIENTED_EDGE('',*,*,#5403,.T.);
#5432 = MANIFOLD_SOLID_BREP('',#5433);
#5433 = CLOSED_SHELL('',(#5434,#5559,#5640,#5711,#5738,#5765));
#5434 = ADVANCED_FACE('',(#5435),#5450,.T.);
#5435 = FACE_BOUND('',#5436,.T.);
#5436 = EDGE_LOOP('',(#5437,#5477,#5505,#5533));
#5437 = ORIENTED_EDGE('',*,*,#5438,.F.);
#5438 = EDGE_CURVE('',#5439,#5441,#5443,.T.);
#5439 = VERTEX_POINT('',#5440);
#5440 = CARTESIAN_POINT('',(-5.897808793787,-6.447808793787,2.92));
#5441 = VERTEX_POINT('',#5442);
#5442 = CARTESIAN_POINT('',(-7.197808793787,-6.447808793787,2.92));
#5443 = SURFACE_CURVE('',#5444,(#5449,#5465),.PCURVE_S1.);
#5444 = CIRCLE('',#5445,0.65);
#5445 = AXIS2_PLACEMENT_3D('',#5446,#5447,#5448);
#5446 = CARTESIAN_POINT('',(-6.547808793787,-6.447808793787,2.92));
#5447 = DIRECTION('',(0.,-1.,0.));
#5448 = DIRECTION('',(-0.707106781187,0.,0.707106781187));
#5449 = PCURVE('',#5450,#5455);
#5450 = PLANE('',#5451);
#5451 = AXIS2_PLACEMENT_3D('',#5452,#5453,#5454);
#5452 = CARTESIAN_POINT('',(-5.897808793787,-6.447808793787,0.));
#5453 = DIRECTION('',(0.,1.,0.));
#5454 = DIRECTION('',(-1.,0.,0.));
#5455 = DEFINITIONAL_REPRESENTATION('',(#5456),#5464);
#5456 = ( BOUNDED_CURVE() B_SPLINE_CURVE(2,(#5457,#5458,#5459,#5460,
#5461,#5462,#5463),.UNSPECIFIED.,.T.,.F.) B_SPLINE_CURVE_WITH_KNOTS((1,2
    ,2,2,2,1),(-2.094395102393,0.,2.094395102393,4.188790204786,
6.28318530718,8.377580409573),.UNSPECIFIED.) CURVE() 
GEOMETRIC_REPRESENTATION_ITEM() RATIONAL_B_SPLINE_CURVE((1.,0.5,1.,0.5,
1.,0.5,1.)) REPRESENTATION_ITEM('') );
#5457 = CARTESIAN_POINT('',(1.109619407771,3.379619407771));
#5458 = CARTESIAN_POINT('',(1.905703574176,2.583535241367));
#5459 = CARTESIAN_POINT('',(0.818232379317,2.292148212912));
#5460 = CARTESIAN_POINT('',(-0.269238815543,2.000761184457));
#5461 = CARTESIAN_POINT('',(2.214821291212E-02,3.088232379317));
#5462 = CARTESIAN_POINT('',(0.313535241367,4.175703574176));
#5463 = CARTESIAN_POINT('',(1.109619407771,3.379619407771));
#5464 = ( GEOMETRIC_REPRESENTATION_CONTEXT(2) 
PARAMETRIC_REPRESENTATION_CONTEXT() REPRESENTATION_CONTEXT('2D SPACE',''
  ) );
#5465 = PCURVE('',#5466,#5471);
#5466 = CYLINDRICAL_SURFACE('',#5467,0.65);
#5467 = AXIS2_PLACEMENT_3D('',#5468,#5469,#5470);
#5468 = CARTESIAN_POINT('',(-6.547808793787,-6.597808793787,2.92));
#5469 = DIRECTION('',(0.,1.,0.));
#5470 = DIRECTION('',(0.707106781187,-0.,0.707106781187));
#5471 = DEFINITIONAL_REPRESENTATION('',(#5472),#5476);
#5472 = LINE('',#5473,#5474);
#5473 = CARTESIAN_POINT('',(10.995574287564,0.15));
#5474 = VECTOR('',#5475,1.);
#5475 = DIRECTION('',(-1.,0.));
#5476 = ( GEOMETRIC_REPRESENTATION_CONTEXT(2) 
PARAMETRIC_REPRESENTATION_CONTEXT() REPRESENTATION_CONTEXT('2D SPACE',''
  ) );
#5477 = ORIENTED_EDGE('',*,*,#5478,.F.);
#5478 = EDGE_CURVE('',#5479,#5439,#5481,.T.);
#5479 = VERTEX_POINT('',#5480);
#5480 = CARTESIAN_POINT('',(-5.897808793787,-6.447808793787,-1.));
#5481 = SURFACE_CURVE('',#5482,(#5486,#5493),.PCURVE_S1.);
#5482 = LINE('',#5483,#5484);
#5483 = CARTESIAN_POINT('',(-5.897808793787,-6.447808793787,0.));
#5484 = VECTOR('',#5485,1.);
#5485 = DIRECTION('',(0.,0.,1.));
#5486 = PCURVE('',#5450,#5487);
#5487 = DEFINITIONAL_REPRESENTATION('',(#5488),#5492);
#5488 = LINE('',#5489,#5490);
#5489 = CARTESIAN_POINT('',(0.,0.));
#5490 = VECTOR('',#5491,1.);
#5491 = DIRECTION('',(0.,1.));
#5492 = ( GEOMETRIC_REPRESENTATION_CONTEXT(2) 
PARAMETRIC_REPRESENTATION_CONTEXT() REPRESENTATION_CONTEXT('2D SPACE',''
  ) );
#5493 = PCURVE('',#5494,#5499);
#5494 = PLANE('',#5495);
#5495 = AXIS2_PLACEMENT_3D('',#5496,#5497,#5498);
#5496 = CARTESIAN_POINT('',(-5.897808793787,-6.647808793787,0.));
#5497 = DIRECTION('',(1.,0.,0.));
#5498 = DIRECTION('',(-0.,1.,0.));
#5499 = DEFINITIONAL_REPRESENTATION('',(#5500),#5504);
#5500 = LINE('',#5501,#5502);
#5501 = CARTESIAN_POINT('',(0.2,0.));
#5502 = VECTOR('',#5503,1.);
#5503 = DIRECTION('',(0.,1.));
#5504 = ( GEOMETRIC_REPRESENTATION_CONTEXT(2) 
PARAMETRIC_REPRESENTATION_CONTEXT() REPRESENTATION_CONTEXT('2D SPACE',''
  ) );
#5505 = ORIENTED_EDGE('',*,*,#5506,.F.);
#5506 = EDGE_CURVE('',#5507,#5479,#5509,.T.);
#5507 = VERTEX_POINT('',#5508);
#5508 = CARTESIAN_POINT('',(-7.197808793787,-6.447808793787,-1.));
#5509 = SURFACE_CURVE('',#5510,(#5514,#5521),.PCURVE_S1.);
#5510 = LINE('',#5511,#5512);
#5511 = CARTESIAN_POINT('',(-7.240629116815,-6.447808793787,-1.));
#5512 = VECTOR('',#5513,1.);
#5513 = DIRECTION('',(1.,0.,0.));
#5514 = PCURVE('',#5450,#5515);
#5515 = DEFINITIONAL_REPRESENTATION('',(#5516),#5520);
#5516 = LINE('',#5517,#5518);
#5517 = CARTESIAN_POINT('',(1.342820323028,-1.));
#5518 = VECTOR('',#5519,1.);
#5519 = DIRECTION('',(-1.,0.));
#5520 = ( GEOMETRIC_REPRESENTATION_CONTEXT(2) 
PARAMETRIC_REPRESENTATION_CONTEXT() REPRESENTATION_CONTEXT('2D SPACE',''
  ) );
#5521 = PCURVE('',#5522,#5527);
#5522 = PLANE('',#5523);
#5523 = AXIS2_PLACEMENT_3D('',#5524,#5525,#5526);
#5524 = CARTESIAN_POINT('',(-6.547808793787,-6.547808793787,-1.));
#5525 = DIRECTION('',(0.,0.,-1.));
#5526 = DIRECTION('',(-1.,0.,0.));
#5527 = DEFINITIONAL_REPRESENTATION('',(#5528),#5532);
#5528 = LINE('',#5529,#5530);
#5529 = CARTESIAN_POINT('',(0.692820323028,0.1));
#5530 = VECTOR('',#5531,1.);
#5531 = DIRECTION('',(-1.,0.));
#5532 = ( GEOMETRIC_REPRESENTATION_CONTEXT(2) 
PARAMETRIC_REPRESENTATION_CONTEXT() REPRESENTATION_CONTEXT('2D SPACE',''
  ) );
#5533 = ORIENTED_EDGE('',*,*,#5534,.T.);
#5534 = EDGE_CURVE('',#5507,#5441,#5535,.T.);
#5535 = SURFACE_CURVE('',#5536,(#5540,#5547),.PCURVE_S1.);
#5536 = LINE('',#5537,#5538);
#5537 = CARTESIAN_POINT('',(-7.197808793787,-6.447808793787,0.));
#5538 = VECTOR('',#5539,1.);
#5539 = DIRECTION('',(0.,0.,1.));
#5540 = PCURVE('',#5450,#5541);
#5541 = DEFINITIONAL_REPRESENTATION('',(#5542),#5546);
#5542 = LINE('',#5543,#5544);
#5543 = CARTESIAN_POINT('',(1.3,0.));
#5544 = VECTOR('',#5545,1.);
#5545 = DIRECTION('',(0.,1.));
#5546 = ( GEOMETRIC_REPRESENTATION_CONTEXT(2) 
PARAMETRIC_REPRESENTATION_CONTEXT() REPRESENTATION_CONTEXT('2D SPACE',''
  ) );
#5547 = PCURVE('',#5548,#5553);
#5548 = PLANE('',#5549);
#5549 = AXIS2_PLACEMENT_3D('',#5550,#5551,#5552);
#5550 = CARTESIAN_POINT('',(-7.197808793787,-6.447808793787,0.));
#5551 = DIRECTION('',(-1.,0.,0.));
#5552 = DIRECTION('',(0.,-1.,0.));
#5553 = DEFINITIONAL_REPRESENTATION('',(#5554),#5558);
#5554 = LINE('',#5555,#5556);
#5555 = CARTESIAN_POINT('',(0.,0.));
#5556 = VECTOR('',#5557,1.);
#5557 = DIRECTION('',(0.,1.));
#5558 = ( GEOMETRIC_REPRESENTATION_CONTEXT(2) 
PARAMETRIC_REPRESENTATION_CONTEXT() REPRESENTATION_CONTEXT('2D SPACE',''
  ) );
#5559 = ADVANCED_FACE('',(#5560),#5466,.T.);
#5560 = FACE_BOUND('',#5561,.T.);
#5561 = EDGE_LOOP('',(#5562,#5563,#5586,#5619));
#5562 = ORIENTED_EDGE('',*,*,#5438,.T.);
#5563 = ORIENTED_EDGE('',*,*,#5564,.T.);
#5564 = EDGE_CURVE('',#5441,#5565,#5567,.T.);
#5565 = VERTEX_POINT('',#5566);
#5566 = CARTESIAN_POINT('',(-7.197808793787,-6.647808793787,2.92));
#5567 = SURFACE_CURVE('',#5568,(#5572,#5579),.PCURVE_S1.);
#5568 = LINE('',#5569,#5570);
#5569 = CARTESIAN_POINT('',(-7.197808793787,-6.497808793787,2.92));
#5570 = VECTOR('',#5571,1.);
#5571 = DIRECTION('',(0.,-1.,0.));
#5572 = PCURVE('',#5466,#5573);
#5573 = DEFINITIONAL_REPRESENTATION('',(#5574),#5578);
#5574 = LINE('',#5575,#5576);
#5575 = CARTESIAN_POINT('',(3.926990816987,0.1));
#5576 = VECTOR('',#5577,1.);
#5577 = DIRECTION('',(0.,-1.));
#5578 = ( GEOMETRIC_REPRESENTATION_CONTEXT(2) 
PARAMETRIC_REPRESENTATION_CONTEXT() REPRESENTATION_CONTEXT('2D SPACE',''
  ) );
#5579 = PCURVE('',#5548,#5580);
#5580 = DEFINITIONAL_REPRESENTATION('',(#5581),#5585);
#5581 = LINE('',#5582,#5583);
#5582 = CARTESIAN_POINT('',(5.E-02,2.92));
#5583 = VECTOR('',#5584,1.);
#5584 = DIRECTION('',(1.,0.));
#5585 = ( GEOMETRIC_REPRESENTATION_CONTEXT(2) 
PARAMETRIC_REPRESENTATION_CONTEXT() REPRESENTATION_CONTEXT('2D SPACE',''
  ) );
#5586 = ORIENTED_EDGE('',*,*,#5587,.T.);
#5587 = EDGE_CURVE('',#5565,#5588,#5590,.T.);
#5588 = VERTEX_POINT('',#5589);
#5589 = CARTESIAN_POINT('',(-5.897808793787,-6.647808793787,2.92));
#5590 = SURFACE_CURVE('',#5591,(#5596,#5603),.PCURVE_S1.);
#5591 = CIRCLE('',#5592,0.65);
#5592 = AXIS2_PLACEMENT_3D('',#5593,#5594,#5595);
#5593 = CARTESIAN_POINT('',(-6.547808793787,-6.647808793787,2.92));
#5594 = DIRECTION('',(0.,1.,0.));
#5595 = DIRECTION('',(0.707106781187,-0.,0.707106781187));
#5596 = PCURVE('',#5466,#5597);
#5597 = DEFINITIONAL_REPRESENTATION('',(#5598),#5602);
#5598 = LINE('',#5599,#5600);
#5599 = CARTESIAN_POINT('',(-8.881784197001E-16,-5.E-02));
#5600 = VECTOR('',#5601,1.);
#5601 = DIRECTION('',(1.,0.));
#5602 = ( GEOMETRIC_REPRESENTATION_CONTEXT(2) 
PARAMETRIC_REPRESENTATION_CONTEXT() REPRESENTATION_CONTEXT('2D SPACE',''
  ) );
#5603 = PCURVE('',#5604,#5609);
#5604 = PLANE('',#5605);
#5605 = AXIS2_PLACEMENT_3D('',#5606,#5607,#5608);
#5606 = CARTESIAN_POINT('',(-7.197808793787,-6.647808793787,0.));
#5607 = DIRECTION('',(0.,-1.,0.));
#5608 = DIRECTION('',(1.,0.,0.));
#5609 = DEFINITIONAL_REPRESENTATION('',(#5610),#5618);
#5610 = ( BOUNDED_CURVE() B_SPLINE_CURVE(2,(#5611,#5612,#5613,#5614,
#5615,#5616,#5617),.UNSPECIFIED.,.T.,.F.) B_SPLINE_CURVE_WITH_KNOTS((1,2
    ,2,2,2,1),(-2.094395102393,0.,2.094395102393,4.188790204786,
6.28318530718,8.377580409573),.UNSPECIFIED.) CURVE() 
GEOMETRIC_REPRESENTATION_ITEM() RATIONAL_B_SPLINE_CURVE((1.,0.5,1.,0.5,
1.,0.5,1.)) REPRESENTATION_ITEM('') );
#5611 = CARTESIAN_POINT('',(1.109619407771,3.379619407771));
#5612 = CARTESIAN_POINT('',(1.905703574176,2.583535241367));
#5613 = CARTESIAN_POINT('',(0.818232379317,2.292148212912));
#5614 = CARTESIAN_POINT('',(-0.269238815543,2.000761184457));
#5615 = CARTESIAN_POINT('',(2.214821291209E-02,3.088232379317));
#5616 = CARTESIAN_POINT('',(0.313535241367,4.175703574176));
#5617 = CARTESIAN_POINT('',(1.109619407771,3.379619407771));
#5618 = ( GEOMETRIC_REPRESENTATION_CONTEXT(2) 
PARAMETRIC_REPRESENTATION_CONTEXT() REPRESENTATION_CONTEXT('2D SPACE',''
  ) );
#5619 = ORIENTED_EDGE('',*,*,#5620,.T.);
#5620 = EDGE_CURVE('',#5588,#5439,#5621,.T.);
#5621 = SURFACE_CURVE('',#5622,(#5626,#5633),.PCURVE_S1.);
#5622 = LINE('',#5623,#5624);
#5623 = CARTESIAN_POINT('',(-5.897808793787,-6.597808793787,2.92));
#5624 = VECTOR('',#5625,1.);
#5625 = DIRECTION('',(0.,1.,0.));
#5626 = PCURVE('',#5466,#5627);
#5627 = DEFINITIONAL_REPRESENTATION('',(#5628),#5632);
#5628 = LINE('',#5629,#5630);
#5629 = CARTESIAN_POINT('',(7.068583470577,0.));
#5630 = VECTOR('',#5631,1.);
#5631 = DIRECTION('',(0.,1.));
#5632 = ( GEOMETRIC_REPRESENTATION_CONTEXT(2) 
PARAMETRIC_REPRESENTATION_CONTEXT() REPRESENTATION_CONTEXT('2D SPACE',''
  ) );
#5633 = PCURVE('',#5494,#5634);
#5634 = DEFINITIONAL_REPRESENTATION('',(#5635),#5639);
#5635 = LINE('',#5636,#5637);
#5636 = CARTESIAN_POINT('',(5.E-02,2.92));
#5637 = VECTOR('',#5638,1.);
#5638 = DIRECTION('',(1.,0.));
#5639 = ( GEOMETRIC_REPRESENTATION_CONTEXT(2) 
PARAMETRIC_REPRESENTATION_CONTEXT() REPRESENTATION_CONTEXT('2D SPACE',''
  ) );
#5640 = ADVANCED_FACE('',(#5641),#5522,.T.);
#5641 = FACE_BOUND('',#5642,.T.);
#5642 = EDGE_LOOP('',(#5643,#5668,#5689,#5690));
#5643 = ORIENTED_EDGE('',*,*,#5644,.T.);
#5644 = EDGE_CURVE('',#5645,#5647,#5649,.T.);
#5645 = VERTEX_POINT('',#5646);
#5646 = CARTESIAN_POINT('',(-5.897808793787,-6.647808793787,-1.));
#5647 = VERTEX_POINT('',#5648);
#5648 = CARTESIAN_POINT('',(-7.197808793787,-6.647808793787,-1.));
#5649 = SURFACE_CURVE('',#5650,(#5654,#5661),.PCURVE_S1.);
#5650 = LINE('',#5651,#5652);
#5651 = CARTESIAN_POINT('',(-5.85498847076,-6.647808793787,-1.));
#5652 = VECTOR('',#5653,1.);
#5653 = DIRECTION('',(-1.,0.,0.));
#5654 = PCURVE('',#5522,#5655);
#5655 = DEFINITIONAL_REPRESENTATION('',(#5656),#5660);
#5656 = LINE('',#5657,#5658);
#5657 = CARTESIAN_POINT('',(-0.692820323028,-1.E-01));
#5658 = VECTOR('',#5659,1.);
#5659 = DIRECTION('',(1.,0.));
#5660 = ( GEOMETRIC_REPRESENTATION_CONTEXT(2) 
PARAMETRIC_REPRESENTATION_CONTEXT() REPRESENTATION_CONTEXT('2D SPACE',''
  ) );
#5661 = PCURVE('',#5604,#5662);
#5662 = DEFINITIONAL_REPRESENTATION('',(#5663),#5667);
#5663 = LINE('',#5664,#5665);
#5664 = CARTESIAN_POINT('',(1.342820323028,-1.));
#5665 = VECTOR('',#5666,1.);
#5666 = DIRECTION('',(-1.,0.));
#5667 = ( GEOMETRIC_REPRESENTATION_CONTEXT(2) 
PARAMETRIC_REPRESENTATION_CONTEXT() REPRESENTATION_CONTEXT('2D SPACE',''
  ) );
#5668 = ORIENTED_EDGE('',*,*,#5669,.T.);
#5669 = EDGE_CURVE('',#5647,#5507,#5670,.T.);
#5670 = SURFACE_CURVE('',#5671,(#5675,#5682),.PCURVE_S1.);
#5671 = LINE('',#5672,#5673);
#5672 = CARTESIAN_POINT('',(-7.197808793787,-6.647808793787,-1.));
#5673 = VECTOR('',#5674,1.);
#5674 = DIRECTION('',(0.,1.,0.));
#5675 = PCURVE('',#5522,#5676);
#5676 = DEFINITIONAL_REPRESENTATION('',(#5677),#5681);
#5677 = LINE('',#5678,#5679);
#5678 = CARTESIAN_POINT('',(0.65,-1.E-01));
#5679 = VECTOR('',#5680,1.);
#5680 = DIRECTION('',(0.,1.));
#5681 = ( GEOMETRIC_REPRESENTATION_CONTEXT(2) 
PARAMETRIC_REPRESENTATION_CONTEXT() REPRESENTATION_CONTEXT('2D SPACE',''
  ) );
#5682 = PCURVE('',#5548,#5683);
#5683 = DEFINITIONAL_REPRESENTATION('',(#5684),#5688);
#5684 = LINE('',#5685,#5686);
#5685 = CARTESIAN_POINT('',(0.2,-1.));
#5686 = VECTOR('',#5687,1.);
#5687 = DIRECTION('',(-1.,0.));
#5688 = ( GEOMETRIC_REPRESENTATION_CONTEXT(2) 
PARAMETRIC_REPRESENTATION_CONTEXT() REPRESENTATION_CONTEXT('2D SPACE',''
  ) );
#5689 = ORIENTED_EDGE('',*,*,#5506,.T.);
#5690 = ORIENTED_EDGE('',*,*,#5691,.T.);
#5691 = EDGE_CURVE('',#5479,#5645,#5692,.T.);
#5692 = SURFACE_CURVE('',#5693,(#5697,#5704),.PCURVE_S1.);
#5693 = LINE('',#5694,#5695);
#5694 = CARTESIAN_POINT('',(-5.897808793787,-6.647808793787,-1.));
#5695 = VECTOR('',#5696,1.);
#5696 = DIRECTION('',(0.,-1.,0.));
#5697 = PCURVE('',#5522,#5698);
#5698 = DEFINITIONAL_REPRESENTATION('',(#5699),#5703);
#5699 = LINE('',#5700,#5701);
#5700 = CARTESIAN_POINT('',(-0.65,-1.E-01));
#5701 = VECTOR('',#5702,1.);
#5702 = DIRECTION('',(0.,-1.));
#5703 = ( GEOMETRIC_REPRESENTATION_CONTEXT(2) 
PARAMETRIC_REPRESENTATION_CONTEXT() REPRESENTATION_CONTEXT('2D SPACE',''
  ) );
#5704 = PCURVE('',#5494,#5705);
#5705 = DEFINITIONAL_REPRESENTATION('',(#5706),#5710);
#5706 = LINE('',#5707,#5708);
#5707 = CARTESIAN_POINT('',(0.,-1.));
#5708 = VECTOR('',#5709,1.);
#5709 = DIRECTION('',(-1.,0.));
#5710 = ( GEOMETRIC_REPRESENTATION_CONTEXT(2) 
PARAMETRIC_REPRESENTATION_CONTEXT() REPRESENTATION_CONTEXT('2D SPACE',''
  ) );
#5711 = ADVANCED_FACE('',(#5712),#5548,.T.);
#5712 = FACE_BOUND('',#5713,.T.);
#5713 = EDGE_LOOP('',(#5714,#5715,#5716,#5717));
#5714 = ORIENTED_EDGE('',*,*,#5564,.F.);
#5715 = ORIENTED_EDGE('',*,*,#5534,.F.);
#5716 = ORIENTED_EDGE('',*,*,#5669,.F.);
#5717 = ORIENTED_EDGE('',*,*,#5718,.F.);
#5718 = EDGE_CURVE('',#5565,#5647,#5719,.T.);
#5719 = SURFACE_CURVE('',#5720,(#5724,#5731),.PCURVE_S1.);
#5720 = LINE('',#5721,#5722);
#5721 = CARTESIAN_POINT('',(-7.197808793787,-6.647808793787,0.));
#5722 = VECTOR('',#5723,1.);
#5723 = DIRECTION('',(0.,0.,-1.));
#5724 = PCURVE('',#5548,#5725);
#5725 = DEFINITIONAL_REPRESENTATION('',(#5726),#5730);
#5726 = LINE('',#5727,#5728);
#5727 = CARTESIAN_POINT('',(0.2,0.));
#5728 = VECTOR('',#5729,1.);
#5729 = DIRECTION('',(0.,-1.));
#5730 = ( GEOMETRIC_REPRESENTATION_CONTEXT(2) 
PARAMETRIC_REPRESENTATION_CONTEXT() REPRESENTATION_CONTEXT('2D SPACE',''
  ) );
#5731 = PCURVE('',#5604,#5732);
#5732 = DEFINITIONAL_REPRESENTATION('',(#5733),#5737);
#5733 = LINE('',#5734,#5735);
#5734 = CARTESIAN_POINT('',(0.,0.));
#5735 = VECTOR('',#5736,1.);
#5736 = DIRECTION('',(0.,-1.));
#5737 = ( GEOMETRIC_REPRESENTATION_CONTEXT(2) 
PARAMETRIC_REPRESENTATION_CONTEXT() REPRESENTATION_CONTEXT('2D SPACE',''
  ) );
#5738 = ADVANCED_FACE('',(#5739),#5494,.T.);
#5739 = FACE_BOUND('',#5740,.T.);
#5740 = EDGE_LOOP('',(#5741,#5742,#5763,#5764));
#5741 = ORIENTED_EDGE('',*,*,#5620,.F.);
#5742 = ORIENTED_EDGE('',*,*,#5743,.F.);
#5743 = EDGE_CURVE('',#5645,#5588,#5744,.T.);
#5744 = SURFACE_CURVE('',#5745,(#5749,#5756),.PCURVE_S1.);
#5745 = LINE('',#5746,#5747);
#5746 = CARTESIAN_POINT('',(-5.897808793787,-6.647808793787,0.));
#5747 = VECTOR('',#5748,1.);
#5748 = DIRECTION('',(0.,0.,1.));
#5749 = PCURVE('',#5494,#5750);
#5750 = DEFINITIONAL_REPRESENTATION('',(#5751),#5755);
#5751 = LINE('',#5752,#5753);
#5752 = CARTESIAN_POINT('',(0.,0.));
#5753 = VECTOR('',#5754,1.);
#5754 = DIRECTION('',(0.,1.));
#5755 = ( GEOMETRIC_REPRESENTATION_CONTEXT(2) 
PARAMETRIC_REPRESENTATION_CONTEXT() REPRESENTATION_CONTEXT('2D SPACE',''
  ) );
#5756 = PCURVE('',#5604,#5757);
#5757 = DEFINITIONAL_REPRESENTATION('',(#5758),#5762);
#5758 = LINE('',#5759,#5760);
#5759 = CARTESIAN_POINT('',(1.3,0.));
#5760 = VECTOR('',#5761,1.);
#5761 = DIRECTION('',(0.,1.));
#5762 = ( GEOMETRIC_REPRESENTATION_CONTEXT(2) 
PARAMETRIC_REPRESENTATION_CONTEXT() REPRESENTATION_CONTEXT('2D SPACE',''
  ) );
#5763 = ORIENTED_EDGE('',*,*,#5691,.F.);
#5764 = ORIENTED_EDGE('',*,*,#5478,.T.);
#5765 = ADVANCED_FACE('',(#5766),#5604,.T.);
#5766 = FACE_BOUND('',#5767,.T.);
#5767 = EDGE_LOOP('',(#5768,#5769,#5770,#5771));
#5768 = ORIENTED_EDGE('',*,*,#5587,.F.);
#5769 = ORIENTED_EDGE('',*,*,#5718,.T.);
#5770 = ORIENTED_EDGE('',*,*,#5644,.F.);
#5771 = ORIENTED_EDGE('',*,*,#5743,.T.);
#5772 = MANIFOLD_SOLID_BREP('',#5773);
#5773 = CLOSED_SHELL('',(#5774,#5899,#5980,#6051,#6098,#6105));
#5774 = ADVANCED_FACE('',(#5775),#5790,.T.);
#5775 = FACE_BOUND('',#5776,.T.);
#5776 = EDGE_LOOP('',(#5777,#5817,#5845,#5873));
#5777 = ORIENTED_EDGE('',*,*,#5778,.F.);
#5778 = EDGE_CURVE('',#5779,#5781,#5783,.T.);
#5779 = VERTEX_POINT('',#5780);
#5780 = CARTESIAN_POINT('',(7.197808793787,6.647808793787,2.92));
#5781 = VERTEX_POINT('',#5782);
#5782 = CARTESIAN_POINT('',(5.897808793787,6.647808793787,2.92));
#5783 = SURFACE_CURVE('',#5784,(#5789,#5805),.PCURVE_S1.);
#5784 = CIRCLE('',#5785,0.65);
#5785 = AXIS2_PLACEMENT_3D('',#5786,#5787,#5788);
#5786 = CARTESIAN_POINT('',(6.547808793787,6.647808793787,2.92));
#5787 = DIRECTION('',(0.,-1.,0.));
#5788 = DIRECTION('',(-0.707106781187,0.,0.707106781187));
#5789 = PCURVE('',#5790,#5795);
#5790 = PLANE('',#5791);
#5791 = AXIS2_PLACEMENT_3D('',#5792,#5793,#5794);
#5792 = CARTESIAN_POINT('',(7.197808793787,6.647808793787,0.));
#5793 = DIRECTION('',(0.,1.,0.));
#5794 = DIRECTION('',(-1.,0.,0.));
#5795 = DEFINITIONAL_REPRESENTATION('',(#5796),#5804);
#5796 = ( BOUNDED_CURVE() B_SPLINE_CURVE(2,(#5797,#5798,#5799,#5800,
#5801,#5802,#5803),.UNSPECIFIED.,.T.,.F.) B_SPLINE_CURVE_WITH_KNOTS((1,2
    ,2,2,2,1),(-2.094395102393,0.,2.094395102393,4.188790204786,
6.28318530718,8.377580409573),.UNSPECIFIED.) CURVE() 
GEOMETRIC_REPRESENTATION_ITEM() RATIONAL_B_SPLINE_CURVE((1.,0.5,1.,0.5,
1.,0.5,1.)) REPRESENTATION_ITEM('') );
#5797 = CARTESIAN_POINT('',(1.109619407771,3.379619407771));
#5798 = CARTESIAN_POINT('',(1.905703574176,2.583535241367));
#5799 = CARTESIAN_POINT('',(0.818232379317,2.292148212912));
#5800 = CARTESIAN_POINT('',(-0.269238815543,2.000761184457));
#5801 = CARTESIAN_POINT('',(2.214821291211E-02,3.088232379317));
#5802 = CARTESIAN_POINT('',(0.313535241367,4.175703574176));
#5803 = CARTESIAN_POINT('',(1.109619407771,3.379619407771));
#5804 = ( GEOMETRIC_REPRESENTATION_CONTEXT(2) 
PARAMETRIC_REPRESENTATION_CONTEXT() REPRESENTATION_CONTEXT('2D SPACE',''
  ) );
#5805 = PCURVE('',#5806,#5811);
#5806 = CYLINDRICAL_SURFACE('',#5807,0.65);
#5807 = AXIS2_PLACEMENT_3D('',#5808,#5809,#5810);
#5808 = CARTESIAN_POINT('',(6.547808793787,6.497808793787,2.92));
#5809 = DIRECTION('',(0.,1.,0.));
#5810 = DIRECTION('',(0.707106781187,-0.,0.707106781187));
#5811 = DEFINITIONAL_REPRESENTATION('',(#5812),#5816);
#5812 = LINE('',#5813,#5814);
#5813 = CARTESIAN_POINT('',(10.995574287564,0.15));
#5814 = VECTOR('',#5815,1.);
#5815 = DIRECTION('',(-1.,0.));
#5816 = ( GEOMETRIC_REPRESENTATION_CONTEXT(2) 
PARAMETRIC_REPRESENTATION_CONTEXT() REPRESENTATION_CONTEXT('2D SPACE',''
  ) );
#5817 = ORIENTED_EDGE('',*,*,#5818,.F.);
#5818 = EDGE_CURVE('',#5819,#5779,#5821,.T.);
#5819 = VERTEX_POINT('',#5820);
#5820 = CARTESIAN_POINT('',(7.197808793787,6.647808793787,-1.));
#5821 = SURFACE_CURVE('',#5822,(#5826,#5833),.PCURVE_S1.);
#5822 = LINE('',#5823,#5824);
#5823 = CARTESIAN_POINT('',(7.197808793787,6.647808793787,0.));
#5824 = VECTOR('',#5825,1.);
#5825 = DIRECTION('',(0.,0.,1.));
#5826 = PCURVE('',#5790,#5827);
#5827 = DEFINITIONAL_REPRESENTATION('',(#5828),#5832);
#5828 = LINE('',#5829,#5830);
#5829 = CARTESIAN_POINT('',(0.,0.));
#5830 = VECTOR('',#5831,1.);
#5831 = DIRECTION('',(0.,1.));
#5832 = ( GEOMETRIC_REPRESENTATION_CONTEXT(2) 
PARAMETRIC_REPRESENTATION_CONTEXT() REPRESENTATION_CONTEXT('2D SPACE',''
  ) );
#5833 = PCURVE('',#5834,#5839);
#5834 = PLANE('',#5835);
#5835 = AXIS2_PLACEMENT_3D('',#5836,#5837,#5838);
#5836 = CARTESIAN_POINT('',(7.197808793787,6.447808793787,0.));
#5837 = DIRECTION('',(1.,0.,0.));
#5838 = DIRECTION('',(-0.,1.,0.));
#5839 = DEFINITIONAL_REPRESENTATION('',(#5840),#5844);
#5840 = LINE('',#5841,#5842);
#5841 = CARTESIAN_POINT('',(0.2,0.));
#5842 = VECTOR('',#5843,1.);
#5843 = DIRECTION('',(0.,1.));
#5844 = ( GEOMETRIC_REPRESENTATION_CONTEXT(2) 
PARAMETRIC_REPRESENTATION_CONTEXT() REPRESENTATION_CONTEXT('2D SPACE',''
  ) );
#5845 = ORIENTED_EDGE('',*,*,#5846,.F.);
#5846 = EDGE_CURVE('',#5847,#5819,#5849,.T.);
#5847 = VERTEX_POINT('',#5848);
#5848 = CARTESIAN_POINT('',(5.897808793787,6.647808793787,-1.));
#5849 = SURFACE_CURVE('',#5850,(#5854,#5861),.PCURVE_S1.);
#5850 = LINE('',#5851,#5852);
#5851 = CARTESIAN_POINT('',(5.85498847076,6.647808793787,-1.));
#5852 = VECTOR('',#5853,1.);
#5853 = DIRECTION('',(1.,0.,0.));
#5854 = PCURVE('',#5790,#5855);
#5855 = DEFINITIONAL_REPRESENTATION('',(#5856),#5860);
#5856 = LINE('',#5857,#5858);
#5857 = CARTESIAN_POINT('',(1.342820323028,-1.));
#5858 = VECTOR('',#5859,1.);
#5859 = DIRECTION('',(-1.,0.));
#5860 = ( GEOMETRIC_REPRESENTATION_CONTEXT(2) 
PARAMETRIC_REPRESENTATION_CONTEXT() REPRESENTATION_CONTEXT('2D SPACE',''
  ) );
#5861 = PCURVE('',#5862,#5867);
#5862 = PLANE('',#5863);
#5863 = AXIS2_PLACEMENT_3D('',#5864,#5865,#5866);
#5864 = CARTESIAN_POINT('',(6.547808793787,6.547808793787,-1.));
#5865 = DIRECTION('',(0.,0.,-1.));
#5866 = DIRECTION('',(-1.,0.,0.));
#5867 = DEFINITIONAL_REPRESENTATION('',(#5868),#5872);
#5868 = LINE('',#5869,#5870);
#5869 = CARTESIAN_POINT('',(0.692820323028,1.E-01));
#5870 = VECTOR('',#5871,1.);
#5871 = DIRECTION('',(-1.,0.));
#5872 = ( GEOMETRIC_REPRESENTATION_CONTEXT(2) 
PARAMETRIC_REPRESENTATION_CONTEXT() REPRESENTATION_CONTEXT('2D SPACE',''
  ) );
#5873 = ORIENTED_EDGE('',*,*,#5874,.T.);
#5874 = EDGE_CURVE('',#5847,#5781,#5875,.T.);
#5875 = SURFACE_CURVE('',#5876,(#5880,#5887),.PCURVE_S1.);
#5876 = LINE('',#5877,#5878);
#5877 = CARTESIAN_POINT('',(5.897808793787,6.647808793787,0.));
#5878 = VECTOR('',#5879,1.);
#5879 = DIRECTION('',(0.,0.,1.));
#5880 = PCURVE('',#5790,#5881);
#5881 = DEFINITIONAL_REPRESENTATION('',(#5882),#5886);
#5882 = LINE('',#5883,#5884);
#5883 = CARTESIAN_POINT('',(1.3,0.));
#5884 = VECTOR('',#5885,1.);
#5885 = DIRECTION('',(0.,1.));
#5886 = ( GEOMETRIC_REPRESENTATION_CONTEXT(2) 
PARAMETRIC_REPRESENTATION_CONTEXT() REPRESENTATION_CONTEXT('2D SPACE',''
  ) );
#5887 = PCURVE('',#5888,#5893);
#5888 = PLANE('',#5889);
#5889 = AXIS2_PLACEMENT_3D('',#5890,#5891,#5892);
#5890 = CARTESIAN_POINT('',(5.897808793787,6.647808793787,0.));
#5891 = DIRECTION('',(-1.,0.,0.));
#5892 = DIRECTION('',(0.,-1.,0.));
#5893 = DEFINITIONAL_REPRESENTATION('',(#5894),#5898);
#5894 = LINE('',#5895,#5896);
#5895 = CARTESIAN_POINT('',(0.,0.));
#5896 = VECTOR('',#5897,1.);
#5897 = DIRECTION('',(0.,1.));
#5898 = ( GEOMETRIC_REPRESENTATION_CONTEXT(2) 
PARAMETRIC_REPRESENTATION_CONTEXT() REPRESENTATION_CONTEXT('2D SPACE',''
  ) );
#5899 = ADVANCED_FACE('',(#5900),#5806,.T.);
#5900 = FACE_BOUND('',#5901,.T.);
#5901 = EDGE_LOOP('',(#5902,#5903,#5926,#5959));
#5902 = ORIENTED_EDGE('',*,*,#5778,.T.);
#5903 = ORIENTED_EDGE('',*,*,#5904,.T.);
#5904 = EDGE_CURVE('',#5781,#5905,#5907,.T.);
#5905 = VERTEX_POINT('',#5906);
#5906 = CARTESIAN_POINT('',(5.897808793787,6.447808793787,2.92));
#5907 = SURFACE_CURVE('',#5908,(#5912,#5919),.PCURVE_S1.);
#5908 = LINE('',#5909,#5910);
#5909 = CARTESIAN_POINT('',(5.897808793787,6.597808793787,2.92));
#5910 = VECTOR('',#5911,1.);
#5911 = DIRECTION('',(0.,-1.,0.));
#5912 = PCURVE('',#5806,#5913);
#5913 = DEFINITIONAL_REPRESENTATION('',(#5914),#5918);
#5914 = LINE('',#5915,#5916);
#5915 = CARTESIAN_POINT('',(3.926990816987,0.1));
#5916 = VECTOR('',#5917,1.);
#5917 = DIRECTION('',(0.,-1.));
#5918 = ( GEOMETRIC_REPRESENTATION_CONTEXT(2) 
PARAMETRIC_REPRESENTATION_CONTEXT() REPRESENTATION_CONTEXT('2D SPACE',''
  ) );
#5919 = PCURVE('',#5888,#5920);
#5920 = DEFINITIONAL_REPRESENTATION('',(#5921),#5925);
#5921 = LINE('',#5922,#5923);
#5922 = CARTESIAN_POINT('',(5.E-02,2.92));
#5923 = VECTOR('',#5924,1.);
#5924 = DIRECTION('',(1.,0.));
#5925 = ( GEOMETRIC_REPRESENTATION_CONTEXT(2) 
PARAMETRIC_REPRESENTATION_CONTEXT() REPRESENTATION_CONTEXT('2D SPACE',''
  ) );
#5926 = ORIENTED_EDGE('',*,*,#5927,.T.);
#5927 = EDGE_CURVE('',#5905,#5928,#5930,.T.);
#5928 = VERTEX_POINT('',#5929);
#5929 = CARTESIAN_POINT('',(7.197808793787,6.447808793787,2.92));
#5930 = SURFACE_CURVE('',#5931,(#5936,#5943),.PCURVE_S1.);
#5931 = CIRCLE('',#5932,0.65);
#5932 = AXIS2_PLACEMENT_3D('',#5933,#5934,#5935);
#5933 = CARTESIAN_POINT('',(6.547808793787,6.447808793787,2.92));
#5934 = DIRECTION('',(0.,1.,0.));
#5935 = DIRECTION('',(0.707106781187,-0.,0.707106781187));
#5936 = PCURVE('',#5806,#5937);
#5937 = DEFINITIONAL_REPRESENTATION('',(#5938),#5942);
#5938 = LINE('',#5939,#5940);
#5939 = CARTESIAN_POINT('',(-8.881784197001E-16,-5.E-02));
#5940 = VECTOR('',#5941,1.);
#5941 = DIRECTION('',(1.,0.));
#5942 = ( GEOMETRIC_REPRESENTATION_CONTEXT(2) 
PARAMETRIC_REPRESENTATION_CONTEXT() REPRESENTATION_CONTEXT('2D SPACE',''
  ) );
#5943 = PCURVE('',#5944,#5949);
#5944 = PLANE('',#5945);
#5945 = AXIS2_PLACEMENT_3D('',#5946,#5947,#5948);
#5946 = CARTESIAN_POINT('',(5.897808793787,6.447808793787,0.));
#5947 = DIRECTION('',(0.,-1.,0.));
#5948 = DIRECTION('',(1.,0.,0.));
#5949 = DEFINITIONAL_REPRESENTATION('',(#5950),#5958);
#5950 = ( BOUNDED_CURVE() B_SPLINE_CURVE(2,(#5951,#5952,#5953,#5954,
#5955,#5956,#5957),.UNSPECIFIED.,.T.,.F.) B_SPLINE_CURVE_WITH_KNOTS((1,2
    ,2,2,2,1),(-2.094395102393,0.,2.094395102393,4.188790204786,
6.28318530718,8.377580409573),.UNSPECIFIED.) CURVE() 
GEOMETRIC_REPRESENTATION_ITEM() RATIONAL_B_SPLINE_CURVE((1.,0.5,1.,0.5,
1.,0.5,1.)) REPRESENTATION_ITEM('') );
#5951 = CARTESIAN_POINT('',(1.109619407771,3.379619407771));
#5952 = CARTESIAN_POINT('',(1.905703574176,2.583535241367));
#5953 = CARTESIAN_POINT('',(0.818232379317,2.292148212912));
#5954 = CARTESIAN_POINT('',(-0.269238815543,2.000761184457));
#5955 = CARTESIAN_POINT('',(2.214821291212E-02,3.088232379317));
#5956 = CARTESIAN_POINT('',(0.313535241367,4.175703574176));
#5957 = CARTESIAN_POINT('',(1.109619407771,3.379619407771));
#5958 = ( GEOMETRIC_REPRESENTATION_CONTEXT(2) 
PARAMETRIC_REPRESENTATION_CONTEXT() REPRESENTATION_CONTEXT('2D SPACE',''
  ) );
#5959 = ORIENTED_EDGE('',*,*,#5960,.T.);
#5960 = EDGE_CURVE('',#5928,#5779,#5961,.T.);
#5961 = SURFACE_CURVE('',#5962,(#5966,#5973),.PCURVE_S1.);
#5962 = LINE('',#5963,#5964);
#5963 = CARTESIAN_POINT('',(7.197808793787,6.497808793787,2.92));
#5964 = VECTOR('',#5965,1.);
#5965 = DIRECTION('',(0.,1.,0.));
#5966 = PCURVE('',#5806,#5967);
#5967 = DEFINITIONAL_REPRESENTATION('',(#5968),#5972);
#5968 = LINE('',#5969,#5970);
#5969 = CARTESIAN_POINT('',(7.068583470577,0.));
#5970 = VECTOR('',#5971,1.);
#5971 = DIRECTION('',(0.,1.));
#5972 = ( GEOMETRIC_REPRESENTATION_CONTEXT(2) 
PARAMETRIC_REPRESENTATION_CONTEXT() REPRESENTATION_CONTEXT('2D SPACE',''
  ) );
#5973 = PCURVE('',#5834,#5974);
#5974 = DEFINITIONAL_REPRESENTATION('',(#5975),#5979);
#5975 = LINE('',#5976,#5977);
#5976 = CARTESIAN_POINT('',(5.E-02,2.92));
#5977 = VECTOR('',#5978,1.);
#5978 = DIRECTION('',(1.,0.));
#5979 = ( GEOMETRIC_REPRESENTATION_CONTEXT(2) 
PARAMETRIC_REPRESENTATION_CONTEXT() REPRESENTATION_CONTEXT('2D SPACE',''
  ) );
#5980 = ADVANCED_FACE('',(#5981),#5862,.T.);
#5981 = FACE_BOUND('',#5982,.T.);
#5982 = EDGE_LOOP('',(#5983,#6006,#6029,#6050));
#5983 = ORIENTED_EDGE('',*,*,#5984,.T.);
#5984 = EDGE_CURVE('',#5819,#5985,#5987,.T.);
#5985 = VERTEX_POINT('',#5986);
#5986 = CARTESIAN_POINT('',(7.197808793787,6.447808793787,-1.));
#5987 = SURFACE_CURVE('',#5988,(#5992,#5999),.PCURVE_S1.);
#5988 = LINE('',#5989,#5990);
#5989 = CARTESIAN_POINT('',(7.197808793787,6.447808793787,-1.));
#5990 = VECTOR('',#5991,1.);
#5991 = DIRECTION('',(0.,-1.,0.));
#5992 = PCURVE('',#5862,#5993);
#5993 = DEFINITIONAL_REPRESENTATION('',(#5994),#5998);
#5994 = LINE('',#5995,#5996);
#5995 = CARTESIAN_POINT('',(-0.65,-0.1));
#5996 = VECTOR('',#5997,1.);
#5997 = DIRECTION('',(0.,-1.));
#5998 = ( GEOMETRIC_REPRESENTATION_CONTEXT(2) 
PARAMETRIC_REPRESENTATION_CONTEXT() REPRESENTATION_CONTEXT('2D SPACE',''
  ) );
#5999 = PCURVE('',#5834,#6000);
#6000 = DEFINITIONAL_REPRESENTATION('',(#6001),#6005);
#6001 = LINE('',#6002,#6003);
#6002 = CARTESIAN_POINT('',(0.,-1.));
#6003 = VECTOR('',#6004,1.);
#6004 = DIRECTION('',(-1.,0.));
#6005 = ( GEOMETRIC_REPRESENTATION_CONTEXT(2) 
PARAMETRIC_REPRESENTATION_CONTEXT() REPRESENTATION_CONTEXT('2D SPACE',''
  ) );
#6006 = ORIENTED_EDGE('',*,*,#6007,.T.);
#6007 = EDGE_CURVE('',#5985,#6008,#6010,.T.);
#6008 = VERTEX_POINT('',#6009);
#6009 = CARTESIAN_POINT('',(5.897808793787,6.447808793787,-1.));
#6010 = SURFACE_CURVE('',#6011,(#6015,#6022),.PCURVE_S1.);
#6011 = LINE('',#6012,#6013);
#6012 = CARTESIAN_POINT('',(5.85498847076,6.447808793787,-1.));
#6013 = VECTOR('',#6014,1.);
#6014 = DIRECTION('',(-1.,0.,0.));
#6015 = PCURVE('',#5862,#6016);
#6016 = DEFINITIONAL_REPRESENTATION('',(#6017),#6021);
#6017 = LINE('',#6018,#6019);
#6018 = CARTESIAN_POINT('',(0.692820323028,-0.1));
#6019 = VECTOR('',#6020,1.);
#6020 = DIRECTION('',(1.,0.));
#6021 = ( GEOMETRIC_REPRESENTATION_CONTEXT(2) 
PARAMETRIC_REPRESENTATION_CONTEXT() REPRESENTATION_CONTEXT('2D SPACE',''
  ) );
#6022 = PCURVE('',#5944,#6023);
#6023 = DEFINITIONAL_REPRESENTATION('',(#6024),#6028);
#6024 = LINE('',#6025,#6026);
#6025 = CARTESIAN_POINT('',(-4.282032302755E-02,-1.));
#6026 = VECTOR('',#6027,1.);
#6027 = DIRECTION('',(-1.,0.));
#6028 = ( GEOMETRIC_REPRESENTATION_CONTEXT(2) 
PARAMETRIC_REPRESENTATION_CONTEXT() REPRESENTATION_CONTEXT('2D SPACE',''
  ) );
#6029 = ORIENTED_EDGE('',*,*,#6030,.T.);
#6030 = EDGE_CURVE('',#6008,#5847,#6031,.T.);
#6031 = SURFACE_CURVE('',#6032,(#6036,#6043),.PCURVE_S1.);
#6032 = LINE('',#6033,#6034);
#6033 = CARTESIAN_POINT('',(5.897808793787,6.447808793787,-1.));
#6034 = VECTOR('',#6035,1.);
#6035 = DIRECTION('',(0.,1.,0.));
#6036 = PCURVE('',#5862,#6037);
#6037 = DEFINITIONAL_REPRESENTATION('',(#6038),#6042);
#6038 = LINE('',#6039,#6040);
#6039 = CARTESIAN_POINT('',(0.65,-0.1));
#6040 = VECTOR('',#6041,1.);
#6041 = DIRECTION('',(0.,1.));
#6042 = ( GEOMETRIC_REPRESENTATION_CONTEXT(2) 
PARAMETRIC_REPRESENTATION_CONTEXT() REPRESENTATION_CONTEXT('2D SPACE',''
  ) );
#6043 = PCURVE('',#5888,#6044);
#6044 = DEFINITIONAL_REPRESENTATION('',(#6045),#6049);
#6045 = LINE('',#6046,#6047);
#6046 = CARTESIAN_POINT('',(0.2,-1.));
#6047 = VECTOR('',#6048,1.);
#6048 = DIRECTION('',(-1.,0.));
#6049 = ( GEOMETRIC_REPRESENTATION_CONTEXT(2) 
PARAMETRIC_REPRESENTATION_CONTEXT() REPRESENTATION_CONTEXT('2D SPACE',''
  ) );
#6050 = ORIENTED_EDGE('',*,*,#5846,.T.);
#6051 = ADVANCED_FACE('',(#6052),#5944,.T.);
#6052 = FACE_BOUND('',#6053,.T.);
#6053 = EDGE_LOOP('',(#6054,#6055,#6076,#6077));
#6054 = ORIENTED_EDGE('',*,*,#5927,.F.);
#6055 = ORIENTED_EDGE('',*,*,#6056,.F.);
#6056 = EDGE_CURVE('',#6008,#5905,#6057,.T.);
#6057 = SURFACE_CURVE('',#6058,(#6062,#6069),.PCURVE_S1.);
#6058 = LINE('',#6059,#6060);
#6059 = CARTESIAN_POINT('',(5.897808793787,6.447808793787,0.));
#6060 = VECTOR('',#6061,1.);
#6061 = DIRECTION('',(0.,0.,1.));
#6062 = PCURVE('',#5944,#6063);
#6063 = DEFINITIONAL_REPRESENTATION('',(#6064),#6068);
#6064 = LINE('',#6065,#6066);
#6065 = CARTESIAN_POINT('',(0.,0.));
#6066 = VECTOR('',#6067,1.);
#6067 = DIRECTION('',(0.,1.));
#6068 = ( GEOMETRIC_REPRESENTATION_CONTEXT(2) 
PARAMETRIC_REPRESENTATION_CONTEXT() REPRESENTATION_CONTEXT('2D SPACE',''
  ) );
#6069 = PCURVE('',#5888,#6070);
#6070 = DEFINITIONAL_REPRESENTATION('',(#6071),#6075);
#6071 = LINE('',#6072,#6073);
#6072 = CARTESIAN_POINT('',(0.2,0.));
#6073 = VECTOR('',#6074,1.);
#6074 = DIRECTION('',(0.,1.));
#6075 = ( GEOMETRIC_REPRESENTATION_CONTEXT(2) 
PARAMETRIC_REPRESENTATION_CONTEXT() REPRESENTATION_CONTEXT('2D SPACE',''
  ) );
#6076 = ORIENTED_EDGE('',*,*,#6007,.F.);
#6077 = ORIENTED_EDGE('',*,*,#6078,.F.);
#6078 = EDGE_CURVE('',#5928,#5985,#6079,.T.);
#6079 = SURFACE_CURVE('',#6080,(#6084,#6091),.PCURVE_S1.);
#6080 = LINE('',#6081,#6082);
#6081 = CARTESIAN_POINT('',(7.197808793787,6.447808793787,0.));
#6082 = VECTOR('',#6083,1.);
#6083 = DIRECTION('',(0.,0.,-1.));
#6084 = PCURVE('',#5944,#6085);
#6085 = DEFINITIONAL_REPRESENTATION('',(#6086),#6090);
#6086 = LINE('',#6087,#6088);
#6087 = CARTESIAN_POINT('',(1.3,0.));
#6088 = VECTOR('',#6089,1.);
#6089 = DIRECTION('',(0.,-1.));
#6090 = ( GEOMETRIC_REPRESENTATION_CONTEXT(2) 
PARAMETRIC_REPRESENTATION_CONTEXT() REPRESENTATION_CONTEXT('2D SPACE',''
  ) );
#6091 = PCURVE('',#5834,#6092);
#6092 = DEFINITIONAL_REPRESENTATION('',(#6093),#6097);
#6093 = LINE('',#6094,#6095);
#6094 = CARTESIAN_POINT('',(0.,0.));
#6095 = VECTOR('',#6096,1.);
#6096 = DIRECTION('',(0.,-1.));
#6097 = ( GEOMETRIC_REPRESENTATION_CONTEXT(2) 
PARAMETRIC_REPRESENTATION_CONTEXT() REPRESENTATION_CONTEXT('2D SPACE',''
  ) );
#6098 = ADVANCED_FACE('',(#6099),#5888,.T.);
#6099 = FACE_BOUND('',#6100,.T.);
#6100 = EDGE_LOOP('',(#6101,#6102,#6103,#6104));
#6101 = ORIENTED_EDGE('',*,*,#5904,.F.);
#6102 = ORIENTED_EDGE('',*,*,#5874,.F.);
#6103 = ORIENTED_EDGE('',*,*,#6030,.F.);
#6104 = ORIENTED_EDGE('',*,*,#6056,.T.);
#6105 = ADVANCED_FACE('',(#6106),#5834,.T.);
#6106 = FACE_BOUND('',#6107,.T.);
#6107 = EDGE_LOOP('',(#6108,#6109,#6110,#6111));
#6108 = ORIENTED_EDGE('',*,*,#5960,.F.);
#6109 = ORIENTED_EDGE('',*,*,#6078,.T.);
#6110 = ORIENTED_EDGE('',*,*,#5984,.F.);
#6111 = ORIENTED_EDGE('',*,*,#5818,.T.);
#6112 = MANIFOLD_SOLID_BREP('',#6113);
#6113 = CLOSED_SHELL('',(#6114,#6239,#6320,#6391,#6418,#6445));
#6114 = ADVANCED_FACE('',(#6115),#6130,.T.);
#6115 = FACE_BOUND('',#6116,.T.);
#6116 = EDGE_LOOP('',(#6117,#6157,#6185,#6213));
#6117 = ORIENTED_EDGE('',*,*,#6118,.F.);
#6118 = EDGE_CURVE('',#6119,#6121,#6123,.T.);
#6119 = VERTEX_POINT('',#6120);
#6120 = CARTESIAN_POINT('',(7.206256639681,15.473885187424,2.92));
#6121 = VERTEX_POINT('',#6122);
#6122 = CARTESIAN_POINT('',(8.157145650151,14.58742588787,2.92));
#6123 = SURFACE_CURVE('',#6124,(#6129,#6145),.PCURVE_S1.);
#6124 = CIRCLE('',#6125,0.65);
#6125 = AXIS2_PLACEMENT_3D('',#6126,#6127,#6128);
#6126 = CARTESIAN_POINT('',(7.681701144916,15.030655537647,2.92));
#6127 = DIRECTION('',(0.681891768888,0.731453084977,2.916703435281E-17)
  );
#6128 = DIRECTION('',(0.517215436507,-0.482170293816,0.707106781187));
#6129 = PCURVE('',#6130,#6135);
#6130 = PLANE('',#6131);
#6131 = AXIS2_PLACEMENT_3D('',#6132,#6133,#6134);
#6132 = CARTESIAN_POINT('',(7.206256639681,15.473885187424,0.));
#6133 = DIRECTION('',(-0.681891768888,-0.731453084977,0.));
#6134 = DIRECTION('',(0.731453084977,-0.681891768888,0.));
#6135 = DEFINITIONAL_REPRESENTATION('',(#6136),#6144);
#6136 = ( BOUNDED_CURVE() B_SPLINE_CURVE(2,(#6137,#6138,#6139,#6140,
#6141,#6142,#6143),.UNSPECIFIED.,.T.,.F.) B_SPLINE_CURVE_WITH_KNOTS((1,2
    ,2,2,2,1),(-2.094395102393,0.,2.094395102393,4.188790204786,
6.28318530718,8.377580409573),.UNSPECIFIED.) CURVE() 
GEOMETRIC_REPRESENTATION_ITEM() RATIONAL_B_SPLINE_CURVE((1.,0.5,1.,0.5,
1.,0.5,1.)) REPRESENTATION_ITEM('') );
#6137 = CARTESIAN_POINT('',(1.109619407771,3.379619407771));
#6138 = CARTESIAN_POINT('',(1.905703574176,2.583535241367));
#6139 = CARTESIAN_POINT('',(0.818232379317,2.292148212912));
#6140 = CARTESIAN_POINT('',(-0.269238815542,2.000761184457));
#6141 = CARTESIAN_POINT('',(2.214821291211E-02,3.088232379317));
#6142 = CARTESIAN_POINT('',(0.313535241367,4.175703574176));
#6143 = CARTESIAN_POINT('',(1.109619407771,3.379619407771));
#6144 = ( GEOMETRIC_REPRESENTATION_CONTEXT(2) 
PARAMETRIC_REPRESENTATION_CONTEXT() REPRESENTATION_CONTEXT('2D SPACE',''
  ) );
#6145 = PCURVE('',#6146,#6151);
#6146 = CYLINDRICAL_SURFACE('',#6147,0.65);
#6147 = AXIS2_PLACEMENT_3D('',#6148,#6149,#6150);
#6148 = CARTESIAN_POINT('',(7.783984910249,15.140373500393,2.92));
#6149 = DIRECTION('',(-0.681891768888,-0.731453084977,0.));
#6150 = DIRECTION('',(-0.517215436507,0.482170293816,0.707106781187));
#6151 = DEFINITIONAL_REPRESENTATION('',(#6152),#6156);
#6152 = LINE('',#6153,#6154);
#6153 = CARTESIAN_POINT('',(10.995574287564,0.15));
#6154 = VECTOR('',#6155,1.);
#6155 = DIRECTION('',(-1.,2.261727773485E-15));
#6156 = ( GEOMETRIC_REPRESENTATION_CONTEXT(2) 
PARAMETRIC_REPRESENTATION_CONTEXT() REPRESENTATION_CONTEXT('2D SPACE',''
  ) );
#6157 = ORIENTED_EDGE('',*,*,#6158,.F.);
#6158 = EDGE_CURVE('',#6159,#6119,#6161,.T.);
#6159 = VERTEX_POINT('',#6160);
#6160 = CARTESIAN_POINT('',(7.206256639681,15.473885187424,-1.));
#6161 = SURFACE_CURVE('',#6162,(#6166,#6173),.PCURVE_S1.);
#6162 = LINE('',#6163,#6164);
#6163 = CARTESIAN_POINT('',(7.206256639681,15.473885187424,0.));
#6164 = VECTOR('',#6165,1.);
#6165 = DIRECTION('',(0.,0.,1.));
#6166 = PCURVE('',#6130,#6167);
#6167 = DEFINITIONAL_REPRESENTATION('',(#6168),#6172);
#6168 = LINE('',#6169,#6170);
#6169 = CARTESIAN_POINT('',(0.,0.));
#6170 = VECTOR('',#6171,1.);
#6171 = DIRECTION('',(0.,1.));
#6172 = ( GEOMETRIC_REPRESENTATION_CONTEXT(2) 
PARAMETRIC_REPRESENTATION_CONTEXT() REPRESENTATION_CONTEXT('2D SPACE',''
  ) );
#6173 = PCURVE('',#6174,#6179);
#6174 = PLANE('',#6175);
#6175 = AXIS2_PLACEMENT_3D('',#6176,#6177,#6178);
#6176 = CARTESIAN_POINT('',(7.342634993458,15.62017580442,0.));
#6177 = DIRECTION('',(-0.731453084977,0.681891768888,0.));
#6178 = DIRECTION('',(-0.681891768888,-0.731453084977,0.));
#6179 = DEFINITIONAL_REPRESENTATION('',(#6180),#6184);
#6180 = LINE('',#6181,#6182);
#6181 = CARTESIAN_POINT('',(0.2,0.));
#6182 = VECTOR('',#6183,1.);
#6183 = DIRECTION('',(0.,1.));
#6184 = ( GEOMETRIC_REPRESENTATION_CONTEXT(2) 
PARAMETRIC_REPRESENTATION_CONTEXT() REPRESENTATION_CONTEXT('2D SPACE',''
  ) );
#6185 = ORIENTED_EDGE('',*,*,#6186,.F.);
#6186 = EDGE_CURVE('',#6187,#6159,#6189,.T.);
#6187 = VERTEX_POINT('',#6188);
#6188 = CARTESIAN_POINT('',(8.157145650151,14.58742588787,-1.));
#6189 = SURFACE_CURVE('',#6190,(#6194,#6201),.PCURVE_S1.);
#6190 = LINE('',#6191,#6192);
#6191 = CARTESIAN_POINT('',(7.174935582302,15.503084013238,-1.));
#6192 = VECTOR('',#6193,1.);
#6193 = DIRECTION('',(-0.731453084977,0.681891768888,0.));
#6194 = PCURVE('',#6130,#6195);
#6195 = DEFINITIONAL_REPRESENTATION('',(#6196),#6200);
#6196 = LINE('',#6197,#6198);
#6197 = CARTESIAN_POINT('',(-4.282032302755E-02,-1.));
#6198 = VECTOR('',#6199,1.);
#6199 = DIRECTION('',(-1.,0.));
#6200 = ( GEOMETRIC_REPRESENTATION_CONTEXT(2) 
PARAMETRIC_REPRESENTATION_CONTEXT() REPRESENTATION_CONTEXT('2D SPACE',''
  ) );
#6201 = PCURVE('',#6202,#6207);
#6202 = PLANE('',#6203);
#6203 = AXIS2_PLACEMENT_3D('',#6204,#6205,#6206);
#6204 = CARTESIAN_POINT('',(7.749890321805,15.103800846145,-1.));
#6205 = DIRECTION('',(0.,0.,-1.));
#6206 = DIRECTION('',(-1.,0.,0.));
#6207 = DEFINITIONAL_REPRESENTATION('',(#6208),#6212);
#6208 = LINE('',#6209,#6210);
#6209 = CARTESIAN_POINT('',(0.574954739502,0.399283167093));
#6210 = VECTOR('',#6211,1.);
#6211 = DIRECTION('',(0.731453084977,0.681891768888));
#6212 = ( GEOMETRIC_REPRESENTATION_CONTEXT(2) 
PARAMETRIC_REPRESENTATION_CONTEXT() REPRESENTATION_CONTEXT('2D SPACE',''
  ) );
#6213 = ORIENTED_EDGE('',*,*,#6214,.F.);
#6214 = EDGE_CURVE('',#6121,#6187,#6215,.T.);
#6215 = SURFACE_CURVE('',#6216,(#6220,#6227),.PCURVE_S1.);
#6216 = LINE('',#6217,#6218);
#6217 = CARTESIAN_POINT('',(8.157145650151,14.58742588787,0.));
#6218 = VECTOR('',#6219,1.);
#6219 = DIRECTION('',(0.,0.,-1.));
#6220 = PCURVE('',#6130,#6221);
#6221 = DEFINITIONAL_REPRESENTATION('',(#6222),#6226);
#6222 = LINE('',#6223,#6224);
#6223 = CARTESIAN_POINT('',(1.3,0.));
#6224 = VECTOR('',#6225,1.);
#6225 = DIRECTION('',(0.,-1.));
#6226 = ( GEOMETRIC_REPRESENTATION_CONTEXT(2) 
PARAMETRIC_REPRESENTATION_CONTEXT() REPRESENTATION_CONTEXT('2D SPACE',''
  ) );
#6227 = PCURVE('',#6228,#6233);
#6228 = PLANE('',#6229);
#6229 = AXIS2_PLACEMENT_3D('',#6230,#6231,#6232);
#6230 = CARTESIAN_POINT('',(8.157145650151,14.58742588787,0.));
#6231 = DIRECTION('',(0.731453084977,-0.681891768888,0.));
#6232 = DIRECTION('',(0.681891768888,0.731453084977,0.));
#6233 = DEFINITIONAL_REPRESENTATION('',(#6234),#6238);
#6234 = LINE('',#6235,#6236);
#6235 = CARTESIAN_POINT('',(0.,0.));
#6236 = VECTOR('',#6237,1.);
#6237 = DIRECTION('',(0.,-1.));
#6238 = ( GEOMETRIC_REPRESENTATION_CONTEXT(2) 
PARAMETRIC_REPRESENTATION_CONTEXT() REPRESENTATION_CONTEXT('2D SPACE',''
  ) );
#6239 = ADVANCED_FACE('',(#6240),#6146,.T.);
#6240 = FACE_BOUND('',#6241,.T.);
#6241 = EDGE_LOOP('',(#6242,#6243,#6266,#6299));
#6242 = ORIENTED_EDGE('',*,*,#6118,.T.);
#6243 = ORIENTED_EDGE('',*,*,#6244,.T.);
#6244 = EDGE_CURVE('',#6121,#6245,#6247,.T.);
#6245 = VERTEX_POINT('',#6246);
#6246 = CARTESIAN_POINT('',(8.293524003929,14.733716504865,2.92));
#6247 = SURFACE_CURVE('',#6248,(#6252,#6259),.PCURVE_S1.);
#6248 = LINE('',#6249,#6250);
#6249 = CARTESIAN_POINT('',(8.191240238595,14.623998542119,2.92));
#6250 = VECTOR('',#6251,1.);
#6251 = DIRECTION('',(0.681891768888,0.731453084977,0.));
#6252 = PCURVE('',#6146,#6253);
#6253 = DEFINITIONAL_REPRESENTATION('',(#6254),#6258);
#6254 = LINE('',#6255,#6256);
#6255 = CARTESIAN_POINT('',(3.926990816987,0.1));
#6256 = VECTOR('',#6257,1.);
#6257 = DIRECTION('',(0.,-1.));
#6258 = ( GEOMETRIC_REPRESENTATION_CONTEXT(2) 
PARAMETRIC_REPRESENTATION_CONTEXT() REPRESENTATION_CONTEXT('2D SPACE',''
  ) );
#6259 = PCURVE('',#6228,#6260);
#6260 = DEFINITIONAL_REPRESENTATION('',(#6261),#6265);
#6261 = LINE('',#6262,#6263);
#6262 = CARTESIAN_POINT('',(5.000000000002E-02,2.92));
#6263 = VECTOR('',#6264,1.);
#6264 = DIRECTION('',(1.,0.));
#6265 = ( GEOMETRIC_REPRESENTATION_CONTEXT(2) 
PARAMETRIC_REPRESENTATION_CONTEXT() REPRESENTATION_CONTEXT('2D SPACE',''
  ) );
#6266 = ORIENTED_EDGE('',*,*,#6267,.T.);
#6267 = EDGE_CURVE('',#6245,#6268,#6270,.T.);
#6268 = VERTEX_POINT('',#6269);
#6269 = CARTESIAN_POINT('',(7.342634993458,15.62017580442,2.92));
#6270 = SURFACE_CURVE('',#6271,(#6276,#6283),.PCURVE_S1.);
#6271 = CIRCLE('',#6272,0.65);
#6272 = AXIS2_PLACEMENT_3D('',#6273,#6274,#6275);
#6273 = CARTESIAN_POINT('',(7.818079498693,15.176946154642,2.92));
#6274 = DIRECTION('',(-0.681891768888,-0.731453084977,
    -2.159829508888E-17));
#6275 = DIRECTION('',(-0.517215436507,0.482170293816,0.707106781187));
#6276 = PCURVE('',#6146,#6277);
#6277 = DEFINITIONAL_REPRESENTATION('',(#6278),#6282);
#6278 = LINE('',#6279,#6280);
#6279 = CARTESIAN_POINT('',(0.,-5.000000000001E-02));
#6280 = VECTOR('',#6281,1.);
#6281 = DIRECTION('',(1.,-1.130863886743E-15));
#6282 = ( GEOMETRIC_REPRESENTATION_CONTEXT(2) 
PARAMETRIC_REPRESENTATION_CONTEXT() REPRESENTATION_CONTEXT('2D SPACE',''
  ) );
#6283 = PCURVE('',#6284,#6289);
#6284 = PLANE('',#6285);
#6285 = AXIS2_PLACEMENT_3D('',#6286,#6287,#6288);
#6286 = CARTESIAN_POINT('',(8.293524003929,14.733716504865,0.));
#6287 = DIRECTION('',(0.681891768888,0.731453084977,0.));
#6288 = DIRECTION('',(-0.731453084977,0.681891768888,0.));
#6289 = DEFINITIONAL_REPRESENTATION('',(#6290),#6298);
#6290 = ( BOUNDED_CURVE() B_SPLINE_CURVE(2,(#6291,#6292,#6293,#6294,
#6295,#6296,#6297),.UNSPECIFIED.,.T.,.F.) B_SPLINE_CURVE_WITH_KNOTS((1,2
    ,2,2,2,1),(-2.094395102393,0.,2.094395102393,4.188790204786,
6.28318530718,8.377580409573),.UNSPECIFIED.) CURVE() 
GEOMETRIC_REPRESENTATION_ITEM() RATIONAL_B_SPLINE_CURVE((1.,0.5,1.,0.5,
1.,0.5,1.)) REPRESENTATION_ITEM('') );
#6291 = CARTESIAN_POINT('',(1.109619407771,3.379619407771));
#6292 = CARTESIAN_POINT('',(1.905703574176,2.583535241367));
#6293 = CARTESIAN_POINT('',(0.818232379317,2.292148212912));
#6294 = CARTESIAN_POINT('',(-0.269238815542,2.000761184457));
#6295 = CARTESIAN_POINT('',(2.214821291213E-02,3.088232379317));
#6296 = CARTESIAN_POINT('',(0.313535241367,4.175703574176));
#6297 = CARTESIAN_POINT('',(1.109619407771,3.379619407771));
#6298 = ( GEOMETRIC_REPRESENTATION_CONTEXT(2) 
PARAMETRIC_REPRESENTATION_CONTEXT() REPRESENTATION_CONTEXT('2D SPACE',''
  ) );
#6299 = ORIENTED_EDGE('',*,*,#6300,.T.);
#6300 = EDGE_CURVE('',#6268,#6119,#6301,.T.);
#6301 = SURFACE_CURVE('',#6302,(#6306,#6313),.PCURVE_S1.);
#6302 = LINE('',#6303,#6304);
#6303 = CARTESIAN_POINT('',(7.308540405014,15.583603150171,2.92));
#6304 = VECTOR('',#6305,1.);
#6305 = DIRECTION('',(-0.681891768888,-0.731453084977,0.));
#6306 = PCURVE('',#6146,#6307);
#6307 = DEFINITIONAL_REPRESENTATION('',(#6308),#6312);
#6308 = LINE('',#6309,#6310);
#6309 = CARTESIAN_POINT('',(7.068583470577,-2.065708715193E-14));
#6310 = VECTOR('',#6311,1.);
#6311 = DIRECTION('',(0.,1.));
#6312 = ( GEOMETRIC_REPRESENTATION_CONTEXT(2) 
PARAMETRIC_REPRESENTATION_CONTEXT() REPRESENTATION_CONTEXT('2D SPACE',''
  ) );
#6313 = PCURVE('',#6174,#6314);
#6314 = DEFINITIONAL_REPRESENTATION('',(#6315),#6319);
#6315 = LINE('',#6316,#6317);
#6316 = CARTESIAN_POINT('',(5.000000000003E-02,2.92));
#6317 = VECTOR('',#6318,1.);
#6318 = DIRECTION('',(1.,0.));
#6319 = ( GEOMETRIC_REPRESENTATION_CONTEXT(2) 
PARAMETRIC_REPRESENTATION_CONTEXT() REPRESENTATION_CONTEXT('2D SPACE',''
  ) );
#6320 = ADVANCED_FACE('',(#6321),#6202,.T.);
#6321 = FACE_BOUND('',#6322,.T.);
#6322 = EDGE_LOOP('',(#6323,#6346,#6347,#6370));
#6323 = ORIENTED_EDGE('',*,*,#6324,.T.);
#6324 = EDGE_CURVE('',#6325,#6187,#6327,.T.);
#6325 = VERTEX_POINT('',#6326);
#6326 = CARTESIAN_POINT('',(8.293524003929,14.733716504865,-1.));
#6327 = SURFACE_CURVE('',#6328,(#6332,#6339),.PCURVE_S1.);
#6328 = LINE('',#6329,#6330);
#6329 = CARTESIAN_POINT('',(8.157145650151,14.58742588787,-1.));
#6330 = VECTOR('',#6331,1.);
#6331 = DIRECTION('',(-0.681891768888,-0.731453084977,0.));
#6332 = PCURVE('',#6202,#6333);
#6333 = DEFINITIONAL_REPRESENTATION('',(#6334),#6338);
#6334 = LINE('',#6335,#6336);
#6335 = CARTESIAN_POINT('',(-0.407255328346,-0.516374958275));
#6336 = VECTOR('',#6337,1.);
#6337 = DIRECTION('',(0.681891768888,-0.731453084977));
#6338 = ( GEOMETRIC_REPRESENTATION_CONTEXT(2) 
PARAMETRIC_REPRESENTATION_CONTEXT() REPRESENTATION_CONTEXT('2D SPACE',''
  ) );
#6339 = PCURVE('',#6228,#6340);
#6340 = DEFINITIONAL_REPRESENTATION('',(#6341),#6345);
#6341 = LINE('',#6342,#6343);
#6342 = CARTESIAN_POINT('',(0.,-1.));
#6343 = VECTOR('',#6344,1.);
#6344 = DIRECTION('',(-1.,0.));
#6345 = ( GEOMETRIC_REPRESENTATION_CONTEXT(2) 
PARAMETRIC_REPRESENTATION_CONTEXT() REPRESENTATION_CONTEXT('2D SPACE',''
  ) );
#6346 = ORIENTED_EDGE('',*,*,#6186,.T.);
#6347 = ORIENTED_EDGE('',*,*,#6348,.T.);
#6348 = EDGE_CURVE('',#6159,#6349,#6351,.T.);
#6349 = VERTEX_POINT('',#6350);
#6350 = CARTESIAN_POINT('',(7.342634993458,15.62017580442,-1.));
#6351 = SURFACE_CURVE('',#6352,(#6356,#6363),.PCURVE_S1.);
#6352 = LINE('',#6353,#6354);
#6353 = CARTESIAN_POINT('',(7.206256639681,15.473885187424,-1.));
#6354 = VECTOR('',#6355,1.);
#6355 = DIRECTION('',(0.681891768888,0.731453084977,0.));
#6356 = PCURVE('',#6202,#6357);
#6357 = DEFINITIONAL_REPRESENTATION('',(#6358),#6362);
#6358 = LINE('',#6359,#6360);
#6359 = CARTESIAN_POINT('',(0.543633682124,0.37008434128));
#6360 = VECTOR('',#6361,1.);
#6361 = DIRECTION('',(-0.681891768888,0.731453084977));
#6362 = ( GEOMETRIC_REPRESENTATION_CONTEXT(2) 
PARAMETRIC_REPRESENTATION_CONTEXT() REPRESENTATION_CONTEXT('2D SPACE',''
  ) );
#6363 = PCURVE('',#6174,#6364);
#6364 = DEFINITIONAL_REPRESENTATION('',(#6365),#6369);
#6365 = LINE('',#6366,#6367);
#6366 = CARTESIAN_POINT('',(0.2,-1.));
#6367 = VECTOR('',#6368,1.);
#6368 = DIRECTION('',(-1.,0.));
#6369 = ( GEOMETRIC_REPRESENTATION_CONTEXT(2) 
PARAMETRIC_REPRESENTATION_CONTEXT() REPRESENTATION_CONTEXT('2D SPACE',''
  ) );
#6370 = ORIENTED_EDGE('',*,*,#6371,.T.);
#6371 = EDGE_CURVE('',#6349,#6325,#6372,.T.);
#6372 = SURFACE_CURVE('',#6373,(#6377,#6384),.PCURVE_S1.);
#6373 = LINE('',#6374,#6375);
#6374 = CARTESIAN_POINT('',(7.31131393608,15.649374630233,-1.));
#6375 = VECTOR('',#6376,1.);
#6376 = DIRECTION('',(0.731453084977,-0.681891768888,0.));
#6377 = PCURVE('',#6202,#6378);
#6378 = DEFINITIONAL_REPRESENTATION('',(#6379),#6383);
#6379 = LINE('',#6380,#6381);
#6380 = CARTESIAN_POINT('',(0.438576385725,0.545573784089));
#6381 = VECTOR('',#6382,1.);
#6382 = DIRECTION('',(-0.731453084977,-0.681891768888));
#6383 = ( GEOMETRIC_REPRESENTATION_CONTEXT(2) 
PARAMETRIC_REPRESENTATION_CONTEXT() REPRESENTATION_CONTEXT('2D SPACE',''
  ) );
#6384 = PCURVE('',#6284,#6385);
#6385 = DEFINITIONAL_REPRESENTATION('',(#6386),#6390);
#6386 = LINE('',#6387,#6388);
#6387 = CARTESIAN_POINT('',(1.342820323028,-1.));
#6388 = VECTOR('',#6389,1.);
#6389 = DIRECTION('',(-1.,0.));
#6390 = ( GEOMETRIC_REPRESENTATION_CONTEXT(2) 
PARAMETRIC_REPRESENTATION_CONTEXT() REPRESENTATION_CONTEXT('2D SPACE',''
  ) );
#6391 = ADVANCED_FACE('',(#6392),#6174,.T.);
#6392 = FACE_BOUND('',#6393,.T.);
#6393 = EDGE_LOOP('',(#6394,#6395,#6416,#6417));
#6394 = ORIENTED_EDGE('',*,*,#6300,.F.);
#6395 = ORIENTED_EDGE('',*,*,#6396,.F.);
#6396 = EDGE_CURVE('',#6349,#6268,#6397,.T.);
#6397 = SURFACE_CURVE('',#6398,(#6402,#6409),.PCURVE_S1.);
#6398 = LINE('',#6399,#6400);
#6399 = CARTESIAN_POINT('',(7.342634993458,15.62017580442,0.));
#6400 = VECTOR('',#6401,1.);
#6401 = DIRECTION('',(0.,0.,1.));
#6402 = PCURVE('',#6174,#6403);
#6403 = DEFINITIONAL_REPRESENTATION('',(#6404),#6408);
#6404 = LINE('',#6405,#6406);
#6405 = CARTESIAN_POINT('',(0.,0.));
#6406 = VECTOR('',#6407,1.);
#6407 = DIRECTION('',(0.,1.));
#6408 = ( GEOMETRIC_REPRESENTATION_CONTEXT(2) 
PARAMETRIC_REPRESENTATION_CONTEXT() REPRESENTATION_CONTEXT('2D SPACE',''
  ) );
#6409 = PCURVE('',#6284,#6410);
#6410 = DEFINITIONAL_REPRESENTATION('',(#6411),#6415);
#6411 = LINE('',#6412,#6413);
#6412 = CARTESIAN_POINT('',(1.3,0.));
#6413 = VECTOR('',#6414,1.);
#6414 = DIRECTION('',(0.,1.));
#6415 = ( GEOMETRIC_REPRESENTATION_CONTEXT(2) 
PARAMETRIC_REPRESENTATION_CONTEXT() REPRESENTATION_CONTEXT('2D SPACE',''
  ) );
#6416 = ORIENTED_EDGE('',*,*,#6348,.F.);
#6417 = ORIENTED_EDGE('',*,*,#6158,.T.);
#6418 = ADVANCED_FACE('',(#6419),#6284,.T.);
#6419 = FACE_BOUND('',#6420,.T.);
#6420 = EDGE_LOOP('',(#6421,#6422,#6443,#6444));
#6421 = ORIENTED_EDGE('',*,*,#6267,.F.);
#6422 = ORIENTED_EDGE('',*,*,#6423,.F.);
#6423 = EDGE_CURVE('',#6325,#6245,#6424,.T.);
#6424 = SURFACE_CURVE('',#6425,(#6429,#6436),.PCURVE_S1.);
#6425 = LINE('',#6426,#6427);
#6426 = CARTESIAN_POINT('',(8.293524003929,14.733716504865,0.));
#6427 = VECTOR('',#6428,1.);
#6428 = DIRECTION('',(0.,0.,1.));
#6429 = PCURVE('',#6284,#6430);
#6430 = DEFINITIONAL_REPRESENTATION('',(#6431),#6435);
#6431 = LINE('',#6432,#6433);
#6432 = CARTESIAN_POINT('',(0.,0.));
#6433 = VECTOR('',#6434,1.);
#6434 = DIRECTION('',(0.,1.));
#6435 = ( GEOMETRIC_REPRESENTATION_CONTEXT(2) 
PARAMETRIC_REPRESENTATION_CONTEXT() REPRESENTATION_CONTEXT('2D SPACE',''
  ) );
#6436 = PCURVE('',#6228,#6437);
#6437 = DEFINITIONAL_REPRESENTATION('',(#6438),#6442);
#6438 = LINE('',#6439,#6440);
#6439 = CARTESIAN_POINT('',(0.2,0.));
#6440 = VECTOR('',#6441,1.);
#6441 = DIRECTION('',(0.,1.));
#6442 = ( GEOMETRIC_REPRESENTATION_CONTEXT(2) 
PARAMETRIC_REPRESENTATION_CONTEXT() REPRESENTATION_CONTEXT('2D SPACE',''
  ) );
#6443 = ORIENTED_EDGE('',*,*,#6371,.F.);
#6444 = ORIENTED_EDGE('',*,*,#6396,.T.);
#6445 = ADVANCED_FACE('',(#6446),#6228,.T.);
#6446 = FACE_BOUND('',#6447,.T.);
#6447 = EDGE_LOOP('',(#6448,#6449,#6450,#6451));
#6448 = ORIENTED_EDGE('',*,*,#6244,.F.);
#6449 = ORIENTED_EDGE('',*,*,#6214,.T.);
#6450 = ORIENTED_EDGE('',*,*,#6324,.F.);
#6451 = ORIENTED_EDGE('',*,*,#6423,.T.);
#6452 = MANIFOLD_SOLID_BREP('',#6453);
#6453 = CLOSED_SHELL('',(#6454,#6579,#6660,#6731,#6758,#6785));
#6454 = ADVANCED_FACE('',(#6455),#6470,.T.);
#6455 = FACE_BOUND('',#6456,.T.);
#6456 = EDGE_LOOP('',(#6457,#6497,#6525,#6553));
#6457 = ORIENTED_EDGE('',*,*,#6458,.F.);
#6458 = EDGE_CURVE('',#6459,#6461,#6463,.T.);
#6459 = VERTEX_POINT('',#6460);
#6460 = CARTESIAN_POINT('',(-1.760157646463,1.010157646463,2.92));
#6461 = VERTEX_POINT('',#6462);
#6462 = CARTESIAN_POINT('',(-0.460157646463,1.010157646463,2.92));
#6463 = SURFACE_CURVE('',#6464,(#6469,#6485),.PCURVE_S1.);
#6464 = CIRCLE('',#6465,0.65);
#6465 = AXIS2_PLACEMENT_3D('',#6466,#6467,#6468);
#6466 = CARTESIAN_POINT('',(-1.110157646463,1.010157646463,2.92));
#6467 = DIRECTION('',(0.,1.,0.));
#6468 = DIRECTION('',(0.707106781187,-0.,0.707106781187));
#6469 = PCURVE('',#6470,#6475);
#6470 = PLANE('',#6471);
#6471 = AXIS2_PLACEMENT_3D('',#6472,#6473,#6474);
#6472 = CARTESIAN_POINT('',(-1.760157646463,1.010157646463,0.));
#6473 = DIRECTION('',(0.,-1.,0.));
#6474 = DIRECTION('',(1.,0.,0.));
#6475 = DEFINITIONAL_REPRESENTATION('',(#6476),#6484);
#6476 = ( BOUNDED_CURVE() B_SPLINE_CURVE(2,(#6477,#6478,#6479,#6480,
#6481,#6482,#6483),.UNSPECIFIED.,.T.,.F.) B_SPLINE_CURVE_WITH_KNOTS((1,2
    ,2,2,2,1),(-2.094395102393,0.,2.094395102393,4.188790204786,
6.28318530718,8.377580409573),.UNSPECIFIED.) CURVE() 
GEOMETRIC_REPRESENTATION_ITEM() RATIONAL_B_SPLINE_CURVE((1.,0.5,1.,0.5,
1.,0.5,1.)) REPRESENTATION_ITEM('') );
#6477 = CARTESIAN_POINT('',(1.109619407771,3.379619407771));
#6478 = CARTESIAN_POINT('',(1.905703574176,2.583535241367));
#6479 = CARTESIAN_POINT('',(0.818232379317,2.292148212912));
#6480 = CARTESIAN_POINT('',(-0.269238815543,2.000761184457));
#6481 = CARTESIAN_POINT('',(2.214821291211E-02,3.088232379317));
#6482 = CARTESIAN_POINT('',(0.313535241367,4.175703574176));
#6483 = CARTESIAN_POINT('',(1.109619407771,3.379619407771));
#6484 = ( GEOMETRIC_REPRESENTATION_CONTEXT(2) 
PARAMETRIC_REPRESENTATION_CONTEXT() REPRESENTATION_CONTEXT('2D SPACE',''
  ) );
#6485 = PCURVE('',#6486,#6491);
#6486 = CYLINDRICAL_SURFACE('',#6487,0.65);
#6487 = AXIS2_PLACEMENT_3D('',#6488,#6489,#6490);
#6488 = CARTESIAN_POINT('',(-1.110157646463,1.160157646463,2.92));
#6489 = DIRECTION('',(0.,-1.,0.));
#6490 = DIRECTION('',(-0.707106781187,0.,0.707106781187));
#6491 = DEFINITIONAL_REPRESENTATION('',(#6492),#6496);
#6492 = LINE('',#6493,#6494);
#6493 = CARTESIAN_POINT('',(10.995574287564,0.15));
#6494 = VECTOR('',#6495,1.);
#6495 = DIRECTION('',(-1.,0.));
#6496 = ( GEOMETRIC_REPRESENTATION_CONTEXT(2) 
PARAMETRIC_REPRESENTATION_CONTEXT() REPRESENTATION_CONTEXT('2D SPACE',''
  ) );
#6497 = ORIENTED_EDGE('',*,*,#6498,.F.);
#6498 = EDGE_CURVE('',#6499,#6459,#6501,.T.);
#6499 = VERTEX_POINT('',#6500);
#6500 = CARTESIAN_POINT('',(-1.760157646463,1.010157646463,-1.));
#6501 = SURFACE_CURVE('',#6502,(#6506,#6513),.PCURVE_S1.);
#6502 = LINE('',#6503,#6504);
#6503 = CARTESIAN_POINT('',(-1.760157646463,1.010157646463,0.));
#6504 = VECTOR('',#6505,1.);
#6505 = DIRECTION('',(0.,0.,1.));
#6506 = PCURVE('',#6470,#6507);
#6507 = DEFINITIONAL_REPRESENTATION('',(#6508),#6512);
#6508 = LINE('',#6509,#6510);
#6509 = CARTESIAN_POINT('',(0.,0.));
#6510 = VECTOR('',#6511,1.);
#6511 = DIRECTION('',(0.,1.));
#6512 = ( GEOMETRIC_REPRESENTATION_CONTEXT(2) 
PARAMETRIC_REPRESENTATION_CONTEXT() REPRESENTATION_CONTEXT('2D SPACE',''
  ) );
#6513 = PCURVE('',#6514,#6519);
#6514 = PLANE('',#6515);
#6515 = AXIS2_PLACEMENT_3D('',#6516,#6517,#6518);
#6516 = CARTESIAN_POINT('',(-1.760157646463,1.210157646463,0.));
#6517 = DIRECTION('',(-1.,0.,0.));
#6518 = DIRECTION('',(0.,-1.,0.));
#6519 = DEFINITIONAL_REPRESENTATION('',(#6520),#6524);
#6520 = LINE('',#6521,#6522);
#6521 = CARTESIAN_POINT('',(0.2,0.));
#6522 = VECTOR('',#6523,1.);
#6523 = DIRECTION('',(0.,1.));
#6524 = ( GEOMETRIC_REPRESENTATION_CONTEXT(2) 
PARAMETRIC_REPRESENTATION_CONTEXT() REPRESENTATION_CONTEXT('2D SPACE',''
  ) );
#6525 = ORIENTED_EDGE('',*,*,#6526,.F.);
#6526 = EDGE_CURVE('',#6527,#6499,#6529,.T.);
#6527 = VERTEX_POINT('',#6528);
#6528 = CARTESIAN_POINT('',(-0.460157646463,1.010157646463,-1.));
#6529 = SURFACE_CURVE('',#6530,(#6534,#6541),.PCURVE_S1.);
#6530 = LINE('',#6531,#6532);
#6531 = CARTESIAN_POINT('',(-0.417337323435,1.010157646463,-1.));
#6532 = VECTOR('',#6533,1.);
#6533 = DIRECTION('',(-1.,0.,0.));
#6534 = PCURVE('',#6470,#6535);
#6535 = DEFINITIONAL_REPRESENTATION('',(#6536),#6540);
#6536 = LINE('',#6537,#6538);
#6537 = CARTESIAN_POINT('',(1.342820323028,-1.));
#6538 = VECTOR('',#6539,1.);
#6539 = DIRECTION('',(-1.,0.));
#6540 = ( GEOMETRIC_REPRESENTATION_CONTEXT(2) 
PARAMETRIC_REPRESENTATION_CONTEXT() REPRESENTATION_CONTEXT('2D SPACE',''
  ) );
#6541 = PCURVE('',#6542,#6547);
#6542 = PLANE('',#6543);
#6543 = AXIS2_PLACEMENT_3D('',#6544,#6545,#6546);
#6544 = CARTESIAN_POINT('',(-1.110157646463,1.110157646463,-1.));
#6545 = DIRECTION('',(0.,0.,-1.));
#6546 = DIRECTION('',(-1.,0.,0.));
#6547 = DEFINITIONAL_REPRESENTATION('',(#6548),#6552);
#6548 = LINE('',#6549,#6550);
#6549 = CARTESIAN_POINT('',(-0.692820323028,-1.E-01));
#6550 = VECTOR('',#6551,1.);
#6551 = DIRECTION('',(1.,0.));
#6552 = ( GEOMETRIC_REPRESENTATION_CONTEXT(2) 
PARAMETRIC_REPRESENTATION_CONTEXT() REPRESENTATION_CONTEXT('2D SPACE',''
  ) );
#6553 = ORIENTED_EDGE('',*,*,#6554,.F.);
#6554 = EDGE_CURVE('',#6461,#6527,#6555,.T.);
#6555 = SURFACE_CURVE('',#6556,(#6560,#6567),.PCURVE_S1.);
#6556 = LINE('',#6557,#6558);
#6557 = CARTESIAN_POINT('',(-0.460157646463,1.010157646463,0.));
#6558 = VECTOR('',#6559,1.);
#6559 = DIRECTION('',(0.,0.,-1.));
#6560 = PCURVE('',#6470,#6561);
#6561 = DEFINITIONAL_REPRESENTATION('',(#6562),#6566);
#6562 = LINE('',#6563,#6564);
#6563 = CARTESIAN_POINT('',(1.3,0.));
#6564 = VECTOR('',#6565,1.);
#6565 = DIRECTION('',(0.,-1.));
#6566 = ( GEOMETRIC_REPRESENTATION_CONTEXT(2) 
PARAMETRIC_REPRESENTATION_CONTEXT() REPRESENTATION_CONTEXT('2D SPACE',''
  ) );
#6567 = PCURVE('',#6568,#6573);
#6568 = PLANE('',#6569);
#6569 = AXIS2_PLACEMENT_3D('',#6570,#6571,#6572);
#6570 = CARTESIAN_POINT('',(-0.460157646463,1.010157646463,0.));
#6571 = DIRECTION('',(1.,0.,0.));
#6572 = DIRECTION('',(-0.,1.,0.));
#6573 = DEFINITIONAL_REPRESENTATION('',(#6574),#6578);
#6574 = LINE('',#6575,#6576);
#6575 = CARTESIAN_POINT('',(0.,0.));
#6576 = VECTOR('',#6577,1.);
#6577 = DIRECTION('',(0.,-1.));
#6578 = ( GEOMETRIC_REPRESENTATION_CONTEXT(2) 
PARAMETRIC_REPRESENTATION_CONTEXT() REPRESENTATION_CONTEXT('2D SPACE',''
  ) );
#6579 = ADVANCED_FACE('',(#6580),#6486,.T.);
#6580 = FACE_BOUND('',#6581,.T.);
#6581 = EDGE_LOOP('',(#6582,#6583,#6606,#6639));
#6582 = ORIENTED_EDGE('',*,*,#6458,.T.);
#6583 = ORIENTED_EDGE('',*,*,#6584,.T.);
#6584 = EDGE_CURVE('',#6461,#6585,#6587,.T.);
#6585 = VERTEX_POINT('',#6586);
#6586 = CARTESIAN_POINT('',(-0.460157646463,1.210157646463,2.92));
#6587 = SURFACE_CURVE('',#6588,(#6592,#6599),.PCURVE_S1.);
#6588 = LINE('',#6589,#6590);
#6589 = CARTESIAN_POINT('',(-0.460157646463,1.060157646463,2.92));
#6590 = VECTOR('',#6591,1.);
#6591 = DIRECTION('',(0.,1.,0.));
#6592 = PCURVE('',#6486,#6593);
#6593 = DEFINITIONAL_REPRESENTATION('',(#6594),#6598);
#6594 = LINE('',#6595,#6596);
#6595 = CARTESIAN_POINT('',(3.926990816987,0.1));
#6596 = VECTOR('',#6597,1.);
#6597 = DIRECTION('',(0.,-1.));
#6598 = ( GEOMETRIC_REPRESENTATION_CONTEXT(2) 
PARAMETRIC_REPRESENTATION_CONTEXT() REPRESENTATION_CONTEXT('2D SPACE',''
  ) );
#6599 = PCURVE('',#6568,#6600);
#6600 = DEFINITIONAL_REPRESENTATION('',(#6601),#6605);
#6601 = LINE('',#6602,#6603);
#6602 = CARTESIAN_POINT('',(5.E-02,2.92));
#6603 = VECTOR('',#6604,1.);
#6604 = DIRECTION('',(1.,0.));
#6605 = ( GEOMETRIC_REPRESENTATION_CONTEXT(2) 
PARAMETRIC_REPRESENTATION_CONTEXT() REPRESENTATION_CONTEXT('2D SPACE',''
  ) );
#6606 = ORIENTED_EDGE('',*,*,#6607,.T.);
#6607 = EDGE_CURVE('',#6585,#6608,#6610,.T.);
#6608 = VERTEX_POINT('',#6609);
#6609 = CARTESIAN_POINT('',(-1.760157646463,1.210157646463,2.92));
#6610 = SURFACE_CURVE('',#6611,(#6616,#6623),.PCURVE_S1.);
#6611 = CIRCLE('',#6612,0.65);
#6612 = AXIS2_PLACEMENT_3D('',#6613,#6614,#6615);
#6613 = CARTESIAN_POINT('',(-1.110157646463,1.210157646463,2.92));
#6614 = DIRECTION('',(0.,-1.,0.));
#6615 = DIRECTION('',(-0.707106781187,0.,0.707106781187));
#6616 = PCURVE('',#6486,#6617);
#6617 = DEFINITIONAL_REPRESENTATION('',(#6618),#6622);
#6618 = LINE('',#6619,#6620);
#6619 = CARTESIAN_POINT('',(0.,-5.E-02));
#6620 = VECTOR('',#6621,1.);
#6621 = DIRECTION('',(1.,0.));
#6622 = ( GEOMETRIC_REPRESENTATION_CONTEXT(2) 
PARAMETRIC_REPRESENTATION_CONTEXT() REPRESENTATION_CONTEXT('2D SPACE',''
  ) );
#6623 = PCURVE('',#6624,#6629);
#6624 = PLANE('',#6625);
#6625 = AXIS2_PLACEMENT_3D('',#6626,#6627,#6628);
#6626 = CARTESIAN_POINT('',(-0.460157646463,1.210157646463,0.));
#6627 = DIRECTION('',(0.,1.,0.));
#6628 = DIRECTION('',(-1.,0.,0.));
#6629 = DEFINITIONAL_REPRESENTATION('',(#6630),#6638);
#6630 = ( BOUNDED_CURVE() B_SPLINE_CURVE(2,(#6631,#6632,#6633,#6634,
#6635,#6636,#6637),.UNSPECIFIED.,.T.,.F.) B_SPLINE_CURVE_WITH_KNOTS((1,2
    ,2,2,2,1),(-2.094395102393,0.,2.094395102393,4.188790204786,
6.28318530718,8.377580409573),.UNSPECIFIED.) CURVE() 
GEOMETRIC_REPRESENTATION_ITEM() RATIONAL_B_SPLINE_CURVE((1.,0.5,1.,0.5,
1.,0.5,1.)) REPRESENTATION_ITEM('') );
#6631 = CARTESIAN_POINT('',(1.109619407771,3.379619407771));
#6632 = CARTESIAN_POINT('',(1.905703574176,2.583535241367));
#6633 = CARTESIAN_POINT('',(0.818232379317,2.292148212912));
#6634 = CARTESIAN_POINT('',(-0.269238815543,2.000761184457));
#6635 = CARTESIAN_POINT('',(2.214821291211E-02,3.088232379317));
#6636 = CARTESIAN_POINT('',(0.313535241367,4.175703574176));
#6637 = CARTESIAN_POINT('',(1.109619407771,3.379619407771));
#6638 = ( GEOMETRIC_REPRESENTATION_CONTEXT(2) 
PARAMETRIC_REPRESENTATION_CONTEXT() REPRESENTATION_CONTEXT('2D SPACE',''
  ) );
#6639 = ORIENTED_EDGE('',*,*,#6640,.T.);
#6640 = EDGE_CURVE('',#6608,#6459,#6641,.T.);
#6641 = SURFACE_CURVE('',#6642,(#6646,#6653),.PCURVE_S1.);
#6642 = LINE('',#6643,#6644);
#6643 = CARTESIAN_POINT('',(-1.760157646463,1.160157646463,2.92));
#6644 = VECTOR('',#6645,1.);
#6645 = DIRECTION('',(0.,-1.,0.));
#6646 = PCURVE('',#6486,#6647);
#6647 = DEFINITIONAL_REPRESENTATION('',(#6648),#6652);
#6648 = LINE('',#6649,#6650);
#6649 = CARTESIAN_POINT('',(7.068583470577,0.));
#6650 = VECTOR('',#6651,1.);
#6651 = DIRECTION('',(0.,1.));
#6652 = ( GEOMETRIC_REPRESENTATION_CONTEXT(2) 
PARAMETRIC_REPRESENTATION_CONTEXT() REPRESENTATION_CONTEXT('2D SPACE',''
  ) );
#6653 = PCURVE('',#6514,#6654);
#6654 = DEFINITIONAL_REPRESENTATION('',(#6655),#6659);
#6655 = LINE('',#6656,#6657);
#6656 = CARTESIAN_POINT('',(5.E-02,2.92));
#6657 = VECTOR('',#6658,1.);
#6658 = DIRECTION('',(1.,0.));
#6659 = ( GEOMETRIC_REPRESENTATION_CONTEXT(2) 
PARAMETRIC_REPRESENTATION_CONTEXT() REPRESENTATION_CONTEXT('2D SPACE',''
  ) );
#6660 = ADVANCED_FACE('',(#6661),#6542,.T.);
#6661 = FACE_BOUND('',#6662,.T.);
#6662 = EDGE_LOOP('',(#6663,#6686,#6687,#6710));
#6663 = ORIENTED_EDGE('',*,*,#6664,.T.);
#6664 = EDGE_CURVE('',#6665,#6527,#6667,.T.);
#6665 = VERTEX_POINT('',#6666);
#6666 = CARTESIAN_POINT('',(-0.460157646463,1.210157646463,-1.));
#6667 = SURFACE_CURVE('',#6668,(#6672,#6679),.PCURVE_S1.);
#6668 = LINE('',#6669,#6670);
#6669 = CARTESIAN_POINT('',(-0.460157646463,1.010157646463,-1.));
#6670 = VECTOR('',#6671,1.);
#6671 = DIRECTION('',(0.,-1.,0.));
#6672 = PCURVE('',#6542,#6673);
#6673 = DEFINITIONAL_REPRESENTATION('',(#6674),#6678);
#6674 = LINE('',#6675,#6676);
#6675 = CARTESIAN_POINT('',(-0.65,-1.E-01));
#6676 = VECTOR('',#6677,1.);
#6677 = DIRECTION('',(0.,-1.));
#6678 = ( GEOMETRIC_REPRESENTATION_CONTEXT(2) 
PARAMETRIC_REPRESENTATION_CONTEXT() REPRESENTATION_CONTEXT('2D SPACE',''
  ) );
#6679 = PCURVE('',#6568,#6680);
#6680 = DEFINITIONAL_REPRESENTATION('',(#6681),#6685);
#6681 = LINE('',#6682,#6683);
#6682 = CARTESIAN_POINT('',(0.,-1.));
#6683 = VECTOR('',#6684,1.);
#6684 = DIRECTION('',(-1.,0.));
#6685 = ( GEOMETRIC_REPRESENTATION_CONTEXT(2) 
PARAMETRIC_REPRESENTATION_CONTEXT() REPRESENTATION_CONTEXT('2D SPACE',''
  ) );
#6686 = ORIENTED_EDGE('',*,*,#6526,.T.);
#6687 = ORIENTED_EDGE('',*,*,#6688,.T.);
#6688 = EDGE_CURVE('',#6499,#6689,#6691,.T.);
#6689 = VERTEX_POINT('',#6690);
#6690 = CARTESIAN_POINT('',(-1.760157646463,1.210157646463,-1.));
#6691 = SURFACE_CURVE('',#6692,(#6696,#6703),.PCURVE_S1.);
#6692 = LINE('',#6693,#6694);
#6693 = CARTESIAN_POINT('',(-1.760157646463,1.010157646463,-1.));
#6694 = VECTOR('',#6695,1.);
#6695 = DIRECTION('',(0.,1.,0.));
#6696 = PCURVE('',#6542,#6697);
#6697 = DEFINITIONAL_REPRESENTATION('',(#6698),#6702);
#6698 = LINE('',#6699,#6700);
#6699 = CARTESIAN_POINT('',(0.65,-1.E-01));
#6700 = VECTOR('',#6701,1.);
#6701 = DIRECTION('',(0.,1.));
#6702 = ( GEOMETRIC_REPRESENTATION_CONTEXT(2) 
PARAMETRIC_REPRESENTATION_CONTEXT() REPRESENTATION_CONTEXT('2D SPACE',''
  ) );
#6703 = PCURVE('',#6514,#6704);
#6704 = DEFINITIONAL_REPRESENTATION('',(#6705),#6709);
#6705 = LINE('',#6706,#6707);
#6706 = CARTESIAN_POINT('',(0.2,-1.));
#6707 = VECTOR('',#6708,1.);
#6708 = DIRECTION('',(-1.,0.));
#6709 = ( GEOMETRIC_REPRESENTATION_CONTEXT(2) 
PARAMETRIC_REPRESENTATION_CONTEXT() REPRESENTATION_CONTEXT('2D SPACE',''
  ) );
#6710 = ORIENTED_EDGE('',*,*,#6711,.T.);
#6711 = EDGE_CURVE('',#6689,#6665,#6712,.T.);
#6712 = SURFACE_CURVE('',#6713,(#6717,#6724),.PCURVE_S1.);
#6713 = LINE('',#6714,#6715);
#6714 = CARTESIAN_POINT('',(-1.80297796949,1.210157646463,-1.));
#6715 = VECTOR('',#6716,1.);
#6716 = DIRECTION('',(1.,0.,0.));
#6717 = PCURVE('',#6542,#6718);
#6718 = DEFINITIONAL_REPRESENTATION('',(#6719),#6723);
#6719 = LINE('',#6720,#6721);
#6720 = CARTESIAN_POINT('',(0.692820323028,0.1));
#6721 = VECTOR('',#6722,1.);
#6722 = DIRECTION('',(-1.,0.));
#6723 = ( GEOMETRIC_REPRESENTATION_CONTEXT(2) 
PARAMETRIC_REPRESENTATION_CONTEXT() REPRESENTATION_CONTEXT('2D SPACE',''
  ) );
#6724 = PCURVE('',#6624,#6725);
#6725 = DEFINITIONAL_REPRESENTATION('',(#6726),#6730);
#6726 = LINE('',#6727,#6728);
#6727 = CARTESIAN_POINT('',(1.342820323028,-1.));
#6728 = VECTOR('',#6729,1.);
#6729 = DIRECTION('',(-1.,0.));
#6730 = ( GEOMETRIC_REPRESENTATION_CONTEXT(2) 
PARAMETRIC_REPRESENTATION_CONTEXT() REPRESENTATION_CONTEXT('2D SPACE',''
  ) );
#6731 = ADVANCED_FACE('',(#6732),#6514,.T.);
#6732 = FACE_BOUND('',#6733,.T.);
#6733 = EDGE_LOOP('',(#6734,#6735,#6756,#6757));
#6734 = ORIENTED_EDGE('',*,*,#6640,.F.);
#6735 = ORIENTED_EDGE('',*,*,#6736,.F.);
#6736 = EDGE_CURVE('',#6689,#6608,#6737,.T.);
#6737 = SURFACE_CURVE('',#6738,(#6742,#6749),.PCURVE_S1.);
#6738 = LINE('',#6739,#6740);
#6739 = CARTESIAN_POINT('',(-1.760157646463,1.210157646463,0.));
#6740 = VECTOR('',#6741,1.);
#6741 = DIRECTION('',(0.,0.,1.));
#6742 = PCURVE('',#6514,#6743);
#6743 = DEFINITIONAL_REPRESENTATION('',(#6744),#6748);
#6744 = LINE('',#6745,#6746);
#6745 = CARTESIAN_POINT('',(0.,0.));
#6746 = VECTOR('',#6747,1.);
#6747 = DIRECTION('',(0.,1.));
#6748 = ( GEOMETRIC_REPRESENTATION_CONTEXT(2) 
PARAMETRIC_REPRESENTATION_CONTEXT() REPRESENTATION_CONTEXT('2D SPACE',''
  ) );
#6749 = PCURVE('',#6624,#6750);
#6750 = DEFINITIONAL_REPRESENTATION('',(#6751),#6755);
#6751 = LINE('',#6752,#6753);
#6752 = CARTESIAN_POINT('',(1.3,0.));
#6753 = VECTOR('',#6754,1.);
#6754 = DIRECTION('',(0.,1.));
#6755 = ( GEOMETRIC_REPRESENTATION_CONTEXT(2) 
PARAMETRIC_REPRESENTATION_CONTEXT() REPRESENTATION_CONTEXT('2D SPACE',''
  ) );
#6756 = ORIENTED_EDGE('',*,*,#6688,.F.);
#6757 = ORIENTED_EDGE('',*,*,#6498,.T.);
#6758 = ADVANCED_FACE('',(#6759),#6624,.T.);
#6759 = FACE_BOUND('',#6760,.T.);
#6760 = EDGE_LOOP('',(#6761,#6762,#6783,#6784));
#6761 = ORIENTED_EDGE('',*,*,#6607,.F.);
#6762 = ORIENTED_EDGE('',*,*,#6763,.F.);
#6763 = EDGE_CURVE('',#6665,#6585,#6764,.T.);
#6764 = SURFACE_CURVE('',#6765,(#6769,#6776),.PCURVE_S1.);
#6765 = LINE('',#6766,#6767);
#6766 = CARTESIAN_POINT('',(-0.460157646463,1.210157646463,0.));
#6767 = VECTOR('',#6768,1.);
#6768 = DIRECTION('',(0.,0.,1.));
#6769 = PCURVE('',#6624,#6770);
#6770 = DEFINITIONAL_REPRESENTATION('',(#6771),#6775);
#6771 = LINE('',#6772,#6773);
#6772 = CARTESIAN_POINT('',(0.,0.));
#6773 = VECTOR('',#6774,1.);
#6774 = DIRECTION('',(0.,1.));
#6775 = ( GEOMETRIC_REPRESENTATION_CONTEXT(2) 
PARAMETRIC_REPRESENTATION_CONTEXT() REPRESENTATION_CONTEXT('2D SPACE',''
  ) );
#6776 = PCURVE('',#6568,#6777);
#6777 = DEFINITIONAL_REPRESENTATION('',(#6778),#6782);
#6778 = LINE('',#6779,#6780);
#6779 = CARTESIAN_POINT('',(0.2,0.));
#6780 = VECTOR('',#6781,1.);
#6781 = DIRECTION('',(0.,1.));
#6782 = ( GEOMETRIC_REPRESENTATION_CONTEXT(2) 
PARAMETRIC_REPRESENTATION_CONTEXT() REPRESENTATION_CONTEXT('2D SPACE',''
  ) );
#6783 = ORIENTED_EDGE('',*,*,#6711,.F.);
#6784 = ORIENTED_EDGE('',*,*,#6736,.T.);
#6785 = ADVANCED_FACE('',(#6786),#6568,.T.);
#6786 = FACE_BOUND('',#6787,.T.);
#6787 = EDGE_LOOP('',(#6788,#6789,#6790,#6791));
#6788 = ORIENTED_EDGE('',*,*,#6584,.F.);
#6789 = ORIENTED_EDGE('',*,*,#6554,.T.);
#6790 = ORIENTED_EDGE('',*,*,#6664,.F.);
#6791 = ORIENTED_EDGE('',*,*,#6763,.T.);
#6792 = MANIFOLD_SOLID_BREP('',#6793);
#6793 = CLOSED_SHELL('',(#6794,#6919,#7000,#7071,#7118,#7125));
#6794 = ADVANCED_FACE('',(#6795),#6810,.T.);
#6795 = FACE_BOUND('',#6796,.T.);
#6796 = EDGE_LOOP('',(#6797,#6837,#6865,#6893));
#6797 = ORIENTED_EDGE('',*,*,#6798,.F.);
#6798 = EDGE_CURVE('',#6799,#6801,#6803,.T.);
#6799 = VERTEX_POINT('',#6800);
#6800 = CARTESIAN_POINT('',(-7.240935129298,-15.5202916768,2.92));
#6801 = VERTEX_POINT('',#6802);
#6802 = CARTESIAN_POINT('',(-8.110122018738,-14.55358895557,2.92));
#6803 = SURFACE_CURVE('',#6804,(#6809,#6825),.PCURVE_S1.);
#6804 = CIRCLE('',#6805,0.65);
#6805 = AXIS2_PLACEMENT_3D('',#6806,#6807,#6808);
#6806 = CARTESIAN_POINT('',(-7.675528574018,-15.03694031618,2.92));
#6807 = DIRECTION('',(-0.743617477866,-0.668605299569,2.936111680368E-17
    ));
#6808 = DIRECTION('',(-0.472775341263,0.525816961208,0.707106781187));
#6809 = PCURVE('',#6810,#6815);
#6810 = PLANE('',#6811);
#6811 = AXIS2_PLACEMENT_3D('',#6812,#6813,#6814);
#6812 = CARTESIAN_POINT('',(-7.240935129298,-15.5202916768,0.));
#6813 = DIRECTION('',(0.743617477866,0.668605299569,0.));
#6814 = DIRECTION('',(-0.668605299569,0.743617477866,0.));
#6815 = DEFINITIONAL_REPRESENTATION('',(#6816),#6824);
#6816 = ( BOUNDED_CURVE() B_SPLINE_CURVE(2,(#6817,#6818,#6819,#6820,
#6821,#6822,#6823),.UNSPECIFIED.,.T.,.F.) B_SPLINE_CURVE_WITH_KNOTS((1,2
    ,2,2,2,1),(-2.094395102393,0.,2.094395102393,4.188790204786,
6.28318530718,8.377580409573),.UNSPECIFIED.) CURVE() 
GEOMETRIC_REPRESENTATION_ITEM() RATIONAL_B_SPLINE_CURVE((1.,0.5,1.,0.5,
1.,0.5,1.)) REPRESENTATION_ITEM('') );
#6817 = CARTESIAN_POINT('',(1.109619407771,3.379619407771));
#6818 = CARTESIAN_POINT('',(1.905703574176,2.583535241367));
#6819 = CARTESIAN_POINT('',(0.818232379317,2.292148212912));
#6820 = CARTESIAN_POINT('',(-0.269238815542,2.000761184457));
#6821 = CARTESIAN_POINT('',(2.214821291212E-02,3.088232379317));
#6822 = CARTESIAN_POINT('',(0.313535241367,4.175703574176));
#6823 = CARTESIAN_POINT('',(1.109619407771,3.379619407771));
#6824 = ( GEOMETRIC_REPRESENTATION_CONTEXT(2) 
PARAMETRIC_REPRESENTATION_CONTEXT() REPRESENTATION_CONTEXT('2D SPACE',''
  ) );
#6825 = PCURVE('',#6826,#6831);
#6826 = CYLINDRICAL_SURFACE('',#6827,0.65);
#6827 = AXIS2_PLACEMENT_3D('',#6828,#6829,#6830);
#6828 = CARTESIAN_POINT('',(-7.787071195698,-15.13723111112,2.92));
#6829 = DIRECTION('',(0.743617477866,0.668605299569,0.));
#6830 = DIRECTION('',(0.472775341263,-0.525816961208,0.707106781187));
#6831 = DEFINITIONAL_REPRESENTATION('',(#6832),#6836);
#6832 = LINE('',#6833,#6834);
#6833 = CARTESIAN_POINT('',(10.995574287564,0.15));
#6834 = VECTOR('',#6835,1.);
#6835 = DIRECTION('',(-1.,2.261727773485E-15));
#6836 = ( GEOMETRIC_REPRESENTATION_CONTEXT(2) 
PARAMETRIC_REPRESENTATION_CONTEXT() REPRESENTATION_CONTEXT('2D SPACE',''
  ) );
#6837 = ORIENTED_EDGE('',*,*,#6838,.F.);
#6838 = EDGE_CURVE('',#6839,#6799,#6841,.T.);
#6839 = VERTEX_POINT('',#6840);
#6840 = CARTESIAN_POINT('',(-7.240935129298,-15.5202916768,-1.));
#6841 = SURFACE_CURVE('',#6842,(#6846,#6853),.PCURVE_S1.);
#6842 = LINE('',#6843,#6844);
#6843 = CARTESIAN_POINT('',(-7.240935129298,-15.5202916768,0.));
#6844 = VECTOR('',#6845,1.);
#6845 = DIRECTION('',(0.,0.,1.));
#6846 = PCURVE('',#6810,#6847);
#6847 = DEFINITIONAL_REPRESENTATION('',(#6848),#6852);
#6848 = LINE('',#6849,#6850);
#6849 = CARTESIAN_POINT('',(-6.931993969988E-15,0.));
#6850 = VECTOR('',#6851,1.);
#6851 = DIRECTION('',(0.,1.));
#6852 = ( GEOMETRIC_REPRESENTATION_CONTEXT(2) 
PARAMETRIC_REPRESENTATION_CONTEXT() REPRESENTATION_CONTEXT('2D SPACE',''
  ) );
#6853 = PCURVE('',#6854,#6859);
#6854 = PLANE('',#6855);
#6855 = AXIS2_PLACEMENT_3D('',#6856,#6857,#6858);
#6856 = CARTESIAN_POINT('',(-7.389658624871,-15.65401273671,0.));
#6857 = DIRECTION('',(0.668605299569,-0.743617477866,0.));
#6858 = DIRECTION('',(0.743617477866,0.668605299569,0.));
#6859 = DEFINITIONAL_REPRESENTATION('',(#6860),#6864);
#6860 = LINE('',#6861,#6862);
#6861 = CARTESIAN_POINT('',(0.2,0.));
#6862 = VECTOR('',#6863,1.);
#6863 = DIRECTION('',(0.,1.));
#6864 = ( GEOMETRIC_REPRESENTATION_CONTEXT(2) 
PARAMETRIC_REPRESENTATION_CONTEXT() REPRESENTATION_CONTEXT('2D SPACE',''
  ) );
#6865 = ORIENTED_EDGE('',*,*,#6866,.F.);
#6866 = EDGE_CURVE('',#6867,#6839,#6869,.T.);
#6867 = VERTEX_POINT('',#6868);
#6868 = CARTESIAN_POINT('',(-8.110122018738,-14.55358895557,-1.));
#6869 = SURFACE_CURVE('',#6870,(#6874,#6881),.PCURVE_S1.);
#6870 = LINE('',#6871,#6872);
#6871 = CARTESIAN_POINT('',(-8.138751913643,-14.52174701496,-1.));
#6872 = VECTOR('',#6873,1.);
#6873 = DIRECTION('',(0.668605299569,-0.743617477866,0.));
#6874 = PCURVE('',#6810,#6875);
#6875 = DEFINITIONAL_REPRESENTATION('',(#6876),#6880);
#6876 = LINE('',#6877,#6878);
#6877 = CARTESIAN_POINT('',(1.342820323028,-1.));
#6878 = VECTOR('',#6879,1.);
#6879 = DIRECTION('',(-1.,0.));
#6880 = ( GEOMETRIC_REPRESENTATION_CONTEXT(2) 
PARAMETRIC_REPRESENTATION_CONTEXT() REPRESENTATION_CONTEXT('2D SPACE',''
  ) );
#6881 = PCURVE('',#6882,#6887);
#6882 = PLANE('',#6883);
#6883 = AXIS2_PLACEMENT_3D('',#6884,#6885,#6886);
#6884 = CARTESIAN_POINT('',(-7.749890321805,-15.10380084614,-1.));
#6885 = DIRECTION('',(0.,0.,-1.));
#6886 = DIRECTION('',(-1.,0.,0.));
#6887 = DEFINITIONAL_REPRESENTATION('',(#6888),#6892);
#6888 = LINE('',#6889,#6890);
#6889 = CARTESIAN_POINT('',(0.388861591839,0.582053831181));
#6890 = VECTOR('',#6891,1.);
#6891 = DIRECTION('',(-0.668605299569,-0.743617477866));
#6892 = ( GEOMETRIC_REPRESENTATION_CONTEXT(2) 
PARAMETRIC_REPRESENTATION_CONTEXT() REPRESENTATION_CONTEXT('2D SPACE',''
  ) );
#6893 = ORIENTED_EDGE('',*,*,#6894,.T.);
#6894 = EDGE_CURVE('',#6867,#6801,#6895,.T.);
#6895 = SURFACE_CURVE('',#6896,(#6900,#6907),.PCURVE_S1.);
#6896 = LINE('',#6897,#6898);
#6897 = CARTESIAN_POINT('',(-8.110122018738,-14.55358895557,0.));
#6898 = VECTOR('',#6899,1.);
#6899 = DIRECTION('',(0.,0.,1.));
#6900 = PCURVE('',#6810,#6901);
#6901 = DEFINITIONAL_REPRESENTATION('',(#6902),#6906);
#6902 = LINE('',#6903,#6904);
#6903 = CARTESIAN_POINT('',(1.3,0.));
#6904 = VECTOR('',#6905,1.);
#6905 = DIRECTION('',(0.,1.));
#6906 = ( GEOMETRIC_REPRESENTATION_CONTEXT(2) 
PARAMETRIC_REPRESENTATION_CONTEXT() REPRESENTATION_CONTEXT('2D SPACE',''
  ) );
#6907 = PCURVE('',#6908,#6913);
#6908 = PLANE('',#6909);
#6909 = AXIS2_PLACEMENT_3D('',#6910,#6911,#6912);
#6910 = CARTESIAN_POINT('',(-8.110122018738,-14.55358895557,0.));
#6911 = DIRECTION('',(-0.668605299569,0.743617477866,0.));
#6912 = DIRECTION('',(-0.743617477866,-0.668605299569,0.));
#6913 = DEFINITIONAL_REPRESENTATION('',(#6914),#6918);
#6914 = LINE('',#6915,#6916);
#6915 = CARTESIAN_POINT('',(0.,0.));
#6916 = VECTOR('',#6917,1.);
#6917 = DIRECTION('',(0.,1.));
#6918 = ( GEOMETRIC_REPRESENTATION_CONTEXT(2) 
PARAMETRIC_REPRESENTATION_CONTEXT() REPRESENTATION_CONTEXT('2D SPACE',''
  ) );
#6919 = ADVANCED_FACE('',(#6920),#6826,.T.);
#6920 = FACE_BOUND('',#6921,.T.);
#6921 = EDGE_LOOP('',(#6922,#6923,#6946,#6979));
#6922 = ORIENTED_EDGE('',*,*,#6798,.T.);
#6923 = ORIENTED_EDGE('',*,*,#6924,.T.);
#6924 = EDGE_CURVE('',#6801,#6925,#6927,.T.);
#6925 = VERTEX_POINT('',#6926);
#6926 = CARTESIAN_POINT('',(-8.258845514311,-14.68731001548,2.92));
#6927 = SURFACE_CURVE('',#6928,(#6932,#6939),.PCURVE_S1.);
#6928 = LINE('',#6929,#6930);
#6929 = CARTESIAN_POINT('',(-8.147302892631,-14.58701922055,2.92));
#6930 = VECTOR('',#6931,1.);
#6931 = DIRECTION('',(-0.743617477866,-0.668605299569,0.));
#6932 = PCURVE('',#6826,#6933);
#6933 = DEFINITIONAL_REPRESENTATION('',(#6934),#6938);
#6934 = LINE('',#6935,#6936);
#6935 = CARTESIAN_POINT('',(3.926990816987,0.1));
#6936 = VECTOR('',#6937,1.);
#6937 = DIRECTION('',(0.,-1.));
#6938 = ( GEOMETRIC_REPRESENTATION_CONTEXT(2) 
PARAMETRIC_REPRESENTATION_CONTEXT() REPRESENTATION_CONTEXT('2D SPACE',''
  ) );
#6939 = PCURVE('',#6908,#6940);
#6940 = DEFINITIONAL_REPRESENTATION('',(#6941),#6945);
#6941 = LINE('',#6942,#6943);
#6942 = CARTESIAN_POINT('',(4.999999999996E-02,2.92));
#6943 = VECTOR('',#6944,1.);
#6944 = DIRECTION('',(1.,0.));
#6945 = ( GEOMETRIC_REPRESENTATION_CONTEXT(2) 
PARAMETRIC_REPRESENTATION_CONTEXT() REPRESENTATION_CONTEXT('2D SPACE',''
  ) );
#6946 = ORIENTED_EDGE('',*,*,#6947,.T.);
#6947 = EDGE_CURVE('',#6925,#6948,#6950,.T.);
#6948 = VERTEX_POINT('',#6949);
#6949 = CARTESIAN_POINT('',(-7.389658624871,-15.65401273671,2.92));
#6950 = SURFACE_CURVE('',#6951,(#6956,#6963),.PCURVE_S1.);
#6951 = CIRCLE('',#6952,0.65);
#6952 = AXIS2_PLACEMENT_3D('',#6953,#6954,#6955);
#6953 = CARTESIAN_POINT('',(-7.824252069591,-15.1706613761,2.92));
#6954 = DIRECTION('',(0.743617477866,0.668605299569,-4.632836902283E-17)
  );
#6955 = DIRECTION('',(0.472775341263,-0.525816961208,0.707106781187));
#6956 = PCURVE('',#6826,#6957);
#6957 = DEFINITIONAL_REPRESENTATION('',(#6958),#6962);
#6958 = LINE('',#6959,#6960);
#6959 = CARTESIAN_POINT('',(-1.7763568394E-15,-5.000000000001E-02));
#6960 = VECTOR('',#6961,1.);
#6961 = DIRECTION('',(1.,-2.827159716856E-15));
#6962 = ( GEOMETRIC_REPRESENTATION_CONTEXT(2) 
PARAMETRIC_REPRESENTATION_CONTEXT() REPRESENTATION_CONTEXT('2D SPACE',''
  ) );
#6963 = PCURVE('',#6964,#6969);
#6964 = PLANE('',#6965);
#6965 = AXIS2_PLACEMENT_3D('',#6966,#6967,#6968);
#6966 = CARTESIAN_POINT('',(-8.258845514311,-14.68731001548,0.));
#6967 = DIRECTION('',(-0.743617477866,-0.668605299569,0.));
#6968 = DIRECTION('',(0.668605299569,-0.743617477866,0.));
#6969 = DEFINITIONAL_REPRESENTATION('',(#6970),#6978);
#6970 = ( BOUNDED_CURVE() B_SPLINE_CURVE(2,(#6971,#6972,#6973,#6974,
#6975,#6976,#6977),.UNSPECIFIED.,.T.,.F.) B_SPLINE_CURVE_WITH_KNOTS((1,2
    ,2,2,2,1),(-2.094395102393,0.,2.094395102393,4.188790204786,
6.28318530718,8.377580409573),.UNSPECIFIED.) CURVE() 
GEOMETRIC_REPRESENTATION_ITEM() RATIONAL_B_SPLINE_CURVE((1.,0.5,1.,0.5,
1.,0.5,1.)) REPRESENTATION_ITEM('') );
#6971 = CARTESIAN_POINT('',(1.109619407771,3.379619407771));
#6972 = CARTESIAN_POINT('',(1.905703574176,2.583535241367));
#6973 = CARTESIAN_POINT('',(0.818232379317,2.292148212912));
#6974 = CARTESIAN_POINT('',(-0.269238815542,2.000761184457));
#6975 = CARTESIAN_POINT('',(2.214821291213E-02,3.088232379317));
#6976 = CARTESIAN_POINT('',(0.313535241367,4.175703574176));
#6977 = CARTESIAN_POINT('',(1.109619407771,3.379619407771));
#6978 = ( GEOMETRIC_REPRESENTATION_CONTEXT(2) 
PARAMETRIC_REPRESENTATION_CONTEXT() REPRESENTATION_CONTEXT('2D SPACE',''
  ) );
#6979 = ORIENTED_EDGE('',*,*,#6980,.T.);
#6980 = EDGE_CURVE('',#6948,#6799,#6981,.T.);
#6981 = SURFACE_CURVE('',#6982,(#6986,#6993),.PCURVE_S1.);
#6982 = LINE('',#6983,#6984);
#6983 = CARTESIAN_POINT('',(-7.352477750978,-15.62058247173,2.92));
#6984 = VECTOR('',#6985,1.);
#6985 = DIRECTION('',(0.743617477866,0.668605299569,0.));
#6986 = PCURVE('',#6826,#6987);
#6987 = DEFINITIONAL_REPRESENTATION('',(#6988),#6992);
#6988 = LINE('',#6989,#6990);
#6989 = CARTESIAN_POINT('',(7.068583470577,-2.146893773869E-14));
#6990 = VECTOR('',#6991,1.);
#6991 = DIRECTION('',(0.,1.));
#6992 = ( GEOMETRIC_REPRESENTATION_CONTEXT(2) 
PARAMETRIC_REPRESENTATION_CONTEXT() REPRESENTATION_CONTEXT('2D SPACE',''
  ) );
#6993 = PCURVE('',#6854,#6994);
#6994 = DEFINITIONAL_REPRESENTATION('',(#6995),#6999);
#6995 = LINE('',#6996,#6997);
#6996 = CARTESIAN_POINT('',(4.999999999996E-02,2.92));
#6997 = VECTOR('',#6998,1.);
#6998 = DIRECTION('',(1.,0.));
#6999 = ( GEOMETRIC_REPRESENTATION_CONTEXT(2) 
PARAMETRIC_REPRESENTATION_CONTEXT() REPRESENTATION_CONTEXT('2D SPACE',''
  ) );
#7000 = ADVANCED_FACE('',(#7001),#6882,.T.);
#7001 = FACE_BOUND('',#7002,.T.);
#7002 = EDGE_LOOP('',(#7003,#7026,#7049,#7070));
#7003 = ORIENTED_EDGE('',*,*,#7004,.T.);
#7004 = EDGE_CURVE('',#6839,#7005,#7007,.T.);
#7005 = VERTEX_POINT('',#7006);
#7006 = CARTESIAN_POINT('',(-7.389658624871,-15.65401273671,-1.));
#7007 = SURFACE_CURVE('',#7008,(#7012,#7019),.PCURVE_S1.);
#7008 = LINE('',#7009,#7010);
#7009 = CARTESIAN_POINT('',(-7.389658624871,-15.65401273671,-1.));
#7010 = VECTOR('',#7011,1.);
#7011 = DIRECTION('',(-0.743617477866,-0.668605299569,0.));
#7012 = PCURVE('',#6882,#7013);
#7013 = DEFINITIONAL_REPRESENTATION('',(#7014),#7018);
#7014 = LINE('',#7015,#7016);
#7015 = CARTESIAN_POINT('',(-0.360231696933,-0.55021189057));
#7016 = VECTOR('',#7017,1.);
#7017 = DIRECTION('',(0.743617477866,-0.668605299569));
#7018 = ( GEOMETRIC_REPRESENTATION_CONTEXT(2) 
PARAMETRIC_REPRESENTATION_CONTEXT() REPRESENTATION_CONTEXT('2D SPACE',''
  ) );
#7019 = PCURVE('',#6854,#7020);
#7020 = DEFINITIONAL_REPRESENTATION('',(#7021),#7025);
#7021 = LINE('',#7022,#7023);
#7022 = CARTESIAN_POINT('',(0.,-1.));
#7023 = VECTOR('',#7024,1.);
#7024 = DIRECTION('',(-1.,0.));
#7025 = ( GEOMETRIC_REPRESENTATION_CONTEXT(2) 
PARAMETRIC_REPRESENTATION_CONTEXT() REPRESENTATION_CONTEXT('2D SPACE',''
  ) );
#7026 = ORIENTED_EDGE('',*,*,#7027,.T.);
#7027 = EDGE_CURVE('',#7005,#7028,#7030,.T.);
#7028 = VERTEX_POINT('',#7029);
#7029 = CARTESIAN_POINT('',(-8.258845514311,-14.68731001548,-1.));
#7030 = SURFACE_CURVE('',#7031,(#7035,#7042),.PCURVE_S1.);
#7031 = LINE('',#7032,#7033);
#7032 = CARTESIAN_POINT('',(-8.287475409217,-14.65546807487,-1.));
#7033 = VECTOR('',#7034,1.);
#7034 = DIRECTION('',(-0.668605299569,0.743617477866,0.));
#7035 = PCURVE('',#6882,#7036);
#7036 = DEFINITIONAL_REPRESENTATION('',(#7037),#7041);
#7037 = LINE('',#7038,#7039);
#7038 = CARTESIAN_POINT('',(0.537585087412,0.448332771267));
#7039 = VECTOR('',#7040,1.);
#7040 = DIRECTION('',(0.668605299569,0.743617477866));
#7041 = ( GEOMETRIC_REPRESENTATION_CONTEXT(2) 
PARAMETRIC_REPRESENTATION_CONTEXT() REPRESENTATION_CONTEXT('2D SPACE',''
  ) );
#7042 = PCURVE('',#6964,#7043);
#7043 = DEFINITIONAL_REPRESENTATION('',(#7044),#7048);
#7044 = LINE('',#7045,#7046);
#7045 = CARTESIAN_POINT('',(-4.282032302759E-02,-1.));
#7046 = VECTOR('',#7047,1.);
#7047 = DIRECTION('',(-1.,0.));
#7048 = ( GEOMETRIC_REPRESENTATION_CONTEXT(2) 
PARAMETRIC_REPRESENTATION_CONTEXT() REPRESENTATION_CONTEXT('2D SPACE',''
  ) );
#7049 = ORIENTED_EDGE('',*,*,#7050,.T.);
#7050 = EDGE_CURVE('',#7028,#6867,#7051,.T.);
#7051 = SURFACE_CURVE('',#7052,(#7056,#7063),.PCURVE_S1.);
#7052 = LINE('',#7053,#7054);
#7053 = CARTESIAN_POINT('',(-8.258845514311,-14.68731001548,-1.));
#7054 = VECTOR('',#7055,1.);
#7055 = DIRECTION('',(0.743617477866,0.668605299569,0.));
#7056 = PCURVE('',#6882,#7057);
#7057 = DEFINITIONAL_REPRESENTATION('',(#7058),#7062);
#7058 = LINE('',#7059,#7060);
#7059 = CARTESIAN_POINT('',(0.508955192507,0.416490830656));
#7060 = VECTOR('',#7061,1.);
#7061 = DIRECTION('',(-0.743617477866,0.668605299569));
#7062 = ( GEOMETRIC_REPRESENTATION_CONTEXT(2) 
PARAMETRIC_REPRESENTATION_CONTEXT() REPRESENTATION_CONTEXT('2D SPACE',''
  ) );
#7063 = PCURVE('',#6908,#7064);
#7064 = DEFINITIONAL_REPRESENTATION('',(#7065),#7069);
#7065 = LINE('',#7066,#7067);
#7066 = CARTESIAN_POINT('',(0.2,-1.));
#7067 = VECTOR('',#7068,1.);
#7068 = DIRECTION('',(-1.,0.));
#7069 = ( GEOMETRIC_REPRESENTATION_CONTEXT(2) 
PARAMETRIC_REPRESENTATION_CONTEXT() REPRESENTATION_CONTEXT('2D SPACE',''
  ) );
#7070 = ORIENTED_EDGE('',*,*,#6866,.T.);
#7071 = ADVANCED_FACE('',(#7072),#6964,.T.);
#7072 = FACE_BOUND('',#7073,.T.);
#7073 = EDGE_LOOP('',(#7074,#7075,#7096,#7097));
#7074 = ORIENTED_EDGE('',*,*,#6947,.F.);
#7075 = ORIENTED_EDGE('',*,*,#7076,.F.);
#7076 = EDGE_CURVE('',#7028,#6925,#7077,.T.);
#7077 = SURFACE_CURVE('',#7078,(#7082,#7089),.PCURVE_S1.);
#7078 = LINE('',#7079,#7080);
#7079 = CARTESIAN_POINT('',(-8.258845514311,-14.68731001548,0.));
#7080 = VECTOR('',#7081,1.);
#7081 = DIRECTION('',(0.,0.,1.));
#7082 = PCURVE('',#6964,#7083);
#7083 = DEFINITIONAL_REPRESENTATION('',(#7084),#7088);
#7084 = LINE('',#7085,#7086);
#7085 = CARTESIAN_POINT('',(0.,0.));
#7086 = VECTOR('',#7087,1.);
#7087 = DIRECTION('',(0.,1.));
#7088 = ( GEOMETRIC_REPRESENTATION_CONTEXT(2) 
PARAMETRIC_REPRESENTATION_CONTEXT() REPRESENTATION_CONTEXT('2D SPACE',''
  ) );
#7089 = PCURVE('',#6908,#7090);
#7090 = DEFINITIONAL_REPRESENTATION('',(#7091),#7095);
#7091 = LINE('',#7092,#7093);
#7092 = CARTESIAN_POINT('',(0.2,0.));
#7093 = VECTOR('',#7094,1.);
#7094 = DIRECTION('',(0.,1.));
#7095 = ( GEOMETRIC_REPRESENTATION_CONTEXT(2) 
PARAMETRIC_REPRESENTATION_CONTEXT() REPRESENTATION_CONTEXT('2D SPACE',''
  ) );
#7096 = ORIENTED_EDGE('',*,*,#7027,.F.);
#7097 = ORIENTED_EDGE('',*,*,#7098,.F.);
#7098 = EDGE_CURVE('',#6948,#7005,#7099,.T.);
#7099 = SURFACE_CURVE('',#7100,(#7104,#7111),.PCURVE_S1.);
#7100 = LINE('',#7101,#7102);
#7101 = CARTESIAN_POINT('',(-7.389658624871,-15.65401273671,0.));
#7102 = VECTOR('',#7103,1.);
#7103 = DIRECTION('',(0.,0.,-1.));
#7104 = PCURVE('',#6964,#7105);
#7105 = DEFINITIONAL_REPRESENTATION('',(#7106),#7110);
#7106 = LINE('',#7107,#7108);
#7107 = CARTESIAN_POINT('',(1.3,0.));
#7108 = VECTOR('',#7109,1.);
#7109 = DIRECTION('',(0.,-1.));
#7110 = ( GEOMETRIC_REPRESENTATION_CONTEXT(2) 
PARAMETRIC_REPRESENTATION_CONTEXT() REPRESENTATION_CONTEXT('2D SPACE',''
  ) );
#7111 = PCURVE('',#6854,#7112);
#7112 = DEFINITIONAL_REPRESENTATION('',(#7113),#7117);
#7113 = LINE('',#7114,#7115);
#7114 = CARTESIAN_POINT('',(0.,0.));
#7115 = VECTOR('',#7116,1.);
#7116 = DIRECTION('',(0.,-1.));
#7117 = ( GEOMETRIC_REPRESENTATION_CONTEXT(2) 
PARAMETRIC_REPRESENTATION_CONTEXT() REPRESENTATION_CONTEXT('2D SPACE',''
  ) );
#7118 = ADVANCED_FACE('',(#7119),#6908,.T.);
#7119 = FACE_BOUND('',#7120,.T.);
#7120 = EDGE_LOOP('',(#7121,#7122,#7123,#7124));
#7121 = ORIENTED_EDGE('',*,*,#6924,.F.);
#7122 = ORIENTED_EDGE('',*,*,#6894,.F.);
#7123 = ORIENTED_EDGE('',*,*,#7050,.F.);
#7124 = ORIENTED_EDGE('',*,*,#7076,.T.);
#7125 = ADVANCED_FACE('',(#7126),#6854,.T.);
#7126 = FACE_BOUND('',#7127,.T.);
#7127 = EDGE_LOOP('',(#7128,#7129,#7130,#7131));
#7128 = ORIENTED_EDGE('',*,*,#6980,.F.);
#7129 = ORIENTED_EDGE('',*,*,#7098,.T.);
#7130 = ORIENTED_EDGE('',*,*,#7004,.F.);
#7131 = ORIENTED_EDGE('',*,*,#6838,.T.);
#7132 = MANIFOLD_SOLID_BREP('',#7133);
#7133 = CLOSED_SHELL('',(#7134,#7254,#7330,#7401,#7428,#7543,#7612,#7663
    ,#7710,#7717,#7832,#7908,#7979,#8006,#8121,#8190,#8241,#8288,#8295,
    #8410,#8486,#8557,#8584,#8699,#8768,#8819,#8866,#8873,#8988,#9064,
    #9135,#9162,#9277,#9346,#9397,#9444,#9451,#9543,#9547,#9657,#9733,
    #9809,#9885,#9961,#10037,#10108,#10155,#10169));
#7134 = ADVANCED_FACE('',(#7135),#7149,.T.);
#7135 = FACE_BOUND('',#7136,.T.);
#7136 = EDGE_LOOP('',(#7137,#7172,#7200,#7228));
#7137 = ORIENTED_EDGE('',*,*,#7138,.F.);
#7138 = EDGE_CURVE('',#7139,#7141,#7143,.T.);
#7139 = VERTEX_POINT('',#7140);
#7140 = CARTESIAN_POINT('',(-11.31370849898,9.899494936612,0.));
#7141 = VERTEX_POINT('',#7142);
#7142 = CARTESIAN_POINT('',(-11.84403858487,10.429825022502,0.));
#7143 = SURFACE_CURVE('',#7144,(#7148,#7160),.PCURVE_S1.);
#7144 = LINE('',#7145,#7146);
#7145 = CARTESIAN_POINT('',(-6.275572683031,4.861359120658,0.));
#7146 = VECTOR('',#7147,1.);
#7147 = DIRECTION('',(-0.707106781187,0.707106781187,0.));
#7148 = PCURVE('',#7149,#7154);
#7149 = PLANE('',#7150);
#7150 = AXIS2_PLACEMENT_3D('',#7151,#7152,#7153);
#7151 = CARTESIAN_POINT('',(-11.84403858487,10.429825022502,0.));
#7152 = DIRECTION('',(-0.707106781187,-0.707106781187,0.));
#7153 = DIRECTION('',(0.707106781187,-0.707106781187,0.));
#7154 = DEFINITIONAL_REPRESENTATION('',(#7155),#7159);
#7155 = LINE('',#7156,#7157);
#7156 = CARTESIAN_POINT('',(7.875,0.));
#7157 = VECTOR('',#7158,1.);
#7158 = DIRECTION('',(-1.,0.));
#7159 = ( GEOMETRIC_REPRESENTATION_CONTEXT(2) 
PARAMETRIC_REPRESENTATION_CONTEXT() REPRESENTATION_CONTEXT('2D SPACE',''
  ) );
#7160 = PCURVE('',#7161,#7166);
#7161 = PLANE('',#7162);
#7162 = AXIS2_PLACEMENT_3D('',#7163,#7164,#7165);
#7163 = CARTESIAN_POINT('',(0.,0.,0.));
#7164 = DIRECTION('',(0.,0.,-1.));
#7165 = DIRECTION('',(1.,0.,0.));
#7166 = DEFINITIONAL_REPRESENTATION('',(#7167),#7171);
#7167 = LINE('',#7168,#7169);
#7168 = CARTESIAN_POINT('',(-6.275572683031,-4.861359120658));
#7169 = VECTOR('',#7170,1.);
#7170 = DIRECTION('',(-0.707106781187,-0.707106781187));
#7171 = ( GEOMETRIC_REPRESENTATION_CONTEXT(2) 
PARAMETRIC_REPRESENTATION_CONTEXT() REPRESENTATION_CONTEXT('2D SPACE',''
  ) );
#7172 = ORIENTED_EDGE('',*,*,#7173,.T.);
#7173 = EDGE_CURVE('',#7139,#7174,#7176,.T.);
#7174 = VERTEX_POINT('',#7175);
#7175 = CARTESIAN_POINT('',(-11.31370849898,9.899494936612,1.));
#7176 = SURFACE_CURVE('',#7177,(#7181,#7188),.PCURVE_S1.);
#7177 = LINE('',#7178,#7179);
#7178 = CARTESIAN_POINT('',(-11.31370849898,9.899494936612,0.));
#7179 = VECTOR('',#7180,1.);
#7180 = DIRECTION('',(0.,0.,1.));
#7181 = PCURVE('',#7149,#7182);
#7182 = DEFINITIONAL_REPRESENTATION('',(#7183),#7187);
#7183 = LINE('',#7184,#7185);
#7184 = CARTESIAN_POINT('',(0.75,0.));
#7185 = VECTOR('',#7186,1.);
#7186 = DIRECTION('',(0.,1.));
#7187 = ( GEOMETRIC_REPRESENTATION_CONTEXT(2) 
PARAMETRIC_REPRESENTATION_CONTEXT() REPRESENTATION_CONTEXT('2D SPACE',''
  ) );
#7188 = PCURVE('',#7189,#7194);
#7189 = PLANE('',#7190);
#7190 = AXIS2_PLACEMENT_3D('',#7191,#7192,#7193);
#7191 = CARTESIAN_POINT('',(-11.31370849898,9.899494936612,0.));
#7192 = DIRECTION('',(-0.707106781187,0.707106781187,0.));
#7193 = DIRECTION('',(0.707106781187,0.707106781187,0.));
#7194 = DEFINITIONAL_REPRESENTATION('',(#7195),#7199);
#7195 = LINE('',#7196,#7197);
#7196 = CARTESIAN_POINT('',(0.,0.));
#7197 = VECTOR('',#7198,1.);
#7198 = DIRECTION('',(0.,-1.));
#7199 = ( GEOMETRIC_REPRESENTATION_CONTEXT(2) 
PARAMETRIC_REPRESENTATION_CONTEXT() REPRESENTATION_CONTEXT('2D SPACE',''
  ) );
#7200 = ORIENTED_EDGE('',*,*,#7201,.F.);
#7201 = EDGE_CURVE('',#7202,#7174,#7204,.T.);
#7202 = VERTEX_POINT('',#7203);
#7203 = CARTESIAN_POINT('',(-11.84403858487,10.429825022502,1.));
#7204 = SURFACE_CURVE('',#7205,(#7209,#7216),.PCURVE_S1.);
#7205 = LINE('',#7206,#7207);
#7206 = CARTESIAN_POINT('',(-11.84403858487,10.429825022502,1.));
#7207 = VECTOR('',#7208,1.);
#7208 = DIRECTION('',(0.707106781187,-0.707106781187,0.));
#7209 = PCURVE('',#7149,#7210);
#7210 = DEFINITIONAL_REPRESENTATION('',(#7211),#7215);
#7211 = LINE('',#7212,#7213);
#7212 = CARTESIAN_POINT('',(0.,1.));
#7213 = VECTOR('',#7214,1.);
#7214 = DIRECTION('',(1.,0.));
#7215 = ( GEOMETRIC_REPRESENTATION_CONTEXT(2) 
PARAMETRIC_REPRESENTATION_CONTEXT() REPRESENTATION_CONTEXT('2D SPACE',''
  ) );
#7216 = PCURVE('',#7217,#7222);
#7217 = PLANE('',#7218);
#7218 = AXIS2_PLACEMENT_3D('',#7219,#7220,#7221);
#7219 = CARTESIAN_POINT('',(-10.87176676074,10.871766760743,1.));
#7220 = DIRECTION('',(0.,0.,1.));
#7221 = DIRECTION('',(-1.836970198721E-16,-1.,0.));
#7222 = DEFINITIONAL_REPRESENTATION('',(#7223),#7227);
#7223 = LINE('',#7224,#7225);
#7224 = CARTESIAN_POINT('',(0.441941738242,-0.972271824131));
#7225 = VECTOR('',#7226,1.);
#7226 = DIRECTION('',(0.707106781187,0.707106781187));
#7227 = ( GEOMETRIC_REPRESENTATION_CONTEXT(2) 
PARAMETRIC_REPRESENTATION_CONTEXT() REPRESENTATION_CONTEXT('2D SPACE',''
  ) );
#7228 = ORIENTED_EDGE('',*,*,#7229,.F.);
#7229 = EDGE_CURVE('',#7141,#7202,#7230,.T.);
#7230 = SURFACE_CURVE('',#7231,(#7235,#7242),.PCURVE_S1.);
#7231 = LINE('',#7232,#7233);
#7232 = CARTESIAN_POINT('',(-11.84403858487,10.429825022502,0.));
#7233 = VECTOR('',#7234,1.);
#7234 = DIRECTION('',(0.,0.,1.));
#7235 = PCURVE('',#7149,#7236);
#7236 = DEFINITIONAL_REPRESENTATION('',(#7237),#7241);
#7237 = LINE('',#7238,#7239);
#7238 = CARTESIAN_POINT('',(0.,0.));
#7239 = VECTOR('',#7240,1.);
#7240 = DIRECTION('',(0.,1.));
#7241 = ( GEOMETRIC_REPRESENTATION_CONTEXT(2) 
PARAMETRIC_REPRESENTATION_CONTEXT() REPRESENTATION_CONTEXT('2D SPACE',''
  ) );
#7242 = PCURVE('',#7243,#7248);
#7243 = PLANE('',#7244);
#7244 = AXIS2_PLACEMENT_3D('',#7245,#7246,#7247);
#7245 = CARTESIAN_POINT('',(-10.4298250225,11.844038584875,0.));
#7246 = DIRECTION('',(-0.707106781187,0.707106781187,0.));
#7247 = DIRECTION('',(-0.707106781187,-0.707106781187,0.));
#7248 = DEFINITIONAL_REPRESENTATION('',(#7249),#7253);
#7249 = LINE('',#7250,#7251);
#7250 = CARTESIAN_POINT('',(2.,0.));
#7251 = VECTOR('',#7252,1.);
#7252 = DIRECTION('',(0.,1.));
#7253 = ( GEOMETRIC_REPRESENTATION_CONTEXT(2) 
PARAMETRIC_REPRESENTATION_CONTEXT() REPRESENTATION_CONTEXT('2D SPACE',''
  ) );
#7254 = ADVANCED_FACE('',(#7255),#7243,.T.);
#7255 = FACE_BOUND('',#7256,.T.);
#7256 = EDGE_LOOP('',(#7257,#7280,#7281,#7304));
#7257 = ORIENTED_EDGE('',*,*,#7258,.F.);
#7258 = EDGE_CURVE('',#7141,#7259,#7261,.T.);
#7259 = VERTEX_POINT('',#7260);
#7260 = CARTESIAN_POINT('',(-10.4298250225,11.844038584875,0.));
#7261 = SURFACE_CURVE('',#7262,(#7266,#7273),.PCURVE_S1.);
#7262 = LINE('',#7263,#7264);
#7263 = CARTESIAN_POINT('',(-10.78337841309,11.490485194281,0.));
#7264 = VECTOR('',#7265,1.);
#7265 = DIRECTION('',(0.707106781187,0.707106781187,0.));
#7266 = PCURVE('',#7243,#7267);
#7267 = DEFINITIONAL_REPRESENTATION('',(#7268),#7272);
#7268 = LINE('',#7269,#7270);
#7269 = CARTESIAN_POINT('',(0.5,0.));
#7270 = VECTOR('',#7271,1.);
#7271 = DIRECTION('',(-1.,0.));
#7272 = ( GEOMETRIC_REPRESENTATION_CONTEXT(2) 
PARAMETRIC_REPRESENTATION_CONTEXT() REPRESENTATION_CONTEXT('2D SPACE',''
  ) );
#7273 = PCURVE('',#7161,#7274);
#7274 = DEFINITIONAL_REPRESENTATION('',(#7275),#7279);
#7275 = LINE('',#7276,#7277);
#7276 = CARTESIAN_POINT('',(-10.78337841309,-11.49048519428));
#7277 = VECTOR('',#7278,1.);
#7278 = DIRECTION('',(0.707106781187,-0.707106781187));
#7279 = ( GEOMETRIC_REPRESENTATION_CONTEXT(2) 
PARAMETRIC_REPRESENTATION_CONTEXT() REPRESENTATION_CONTEXT('2D SPACE',''
  ) );
#7280 = ORIENTED_EDGE('',*,*,#7229,.T.);
#7281 = ORIENTED_EDGE('',*,*,#7282,.F.);
#7282 = EDGE_CURVE('',#7283,#7202,#7285,.T.);
#7283 = VERTEX_POINT('',#7284);
#7284 = CARTESIAN_POINT('',(-10.4298250225,11.844038584875,1.));
#7285 = SURFACE_CURVE('',#7286,(#7290,#7297),.PCURVE_S1.);
#7286 = LINE('',#7287,#7288);
#7287 = CARTESIAN_POINT('',(-10.4298250225,11.844038584875,1.));
#7288 = VECTOR('',#7289,1.);
#7289 = DIRECTION('',(-0.707106781187,-0.707106781187,0.));
#7290 = PCURVE('',#7243,#7291);
#7291 = DEFINITIONAL_REPRESENTATION('',(#7292),#7296);
#7292 = LINE('',#7293,#7294);
#7293 = CARTESIAN_POINT('',(0.,1.));
#7294 = VECTOR('',#7295,1.);
#7295 = DIRECTION('',(1.,0.));
#7296 = ( GEOMETRIC_REPRESENTATION_CONTEXT(2) 
PARAMETRIC_REPRESENTATION_CONTEXT() REPRESENTATION_CONTEXT('2D SPACE',''
  ) );
#7297 = PCURVE('',#7217,#7298);
#7298 = DEFINITIONAL_REPRESENTATION('',(#7299),#7303);
#7299 = LINE('',#7300,#7301);
#7300 = CARTESIAN_POINT('',(-0.972271824132,0.441941738242));
#7301 = VECTOR('',#7302,1.);
#7302 = DIRECTION('',(0.707106781187,-0.707106781187));
#7303 = ( GEOMETRIC_REPRESENTATION_CONTEXT(2) 
PARAMETRIC_REPRESENTATION_CONTEXT() REPRESENTATION_CONTEXT('2D SPACE',''
  ) );
#7304 = ORIENTED_EDGE('',*,*,#7305,.F.);
#7305 = EDGE_CURVE('',#7259,#7283,#7306,.T.);
#7306 = SURFACE_CURVE('',#7307,(#7311,#7318),.PCURVE_S1.);
#7307 = LINE('',#7308,#7309);
#7308 = CARTESIAN_POINT('',(-10.4298250225,11.844038584875,0.));
#7309 = VECTOR('',#7310,1.);
#7310 = DIRECTION('',(0.,0.,1.));
#7311 = PCURVE('',#7243,#7312);
#7312 = DEFINITIONAL_REPRESENTATION('',(#7313),#7317);
#7313 = LINE('',#7314,#7315);
#7314 = CARTESIAN_POINT('',(0.,0.));
#7315 = VECTOR('',#7316,1.);
#7316 = DIRECTION('',(0.,1.));
#7317 = ( GEOMETRIC_REPRESENTATION_CONTEXT(2) 
PARAMETRIC_REPRESENTATION_CONTEXT() REPRESENTATION_CONTEXT('2D SPACE',''
  ) );
#7318 = PCURVE('',#7319,#7324);
#7319 = PLANE('',#7320);
#7320 = AXIS2_PLACEMENT_3D('',#7321,#7322,#7323);
#7321 = CARTESIAN_POINT('',(-9.899494936612,11.313708498985,0.));
#7322 = DIRECTION('',(0.707106781187,0.707106781187,0.));
#7323 = DIRECTION('',(-0.707106781187,0.707106781187,0.));
#7324 = DEFINITIONAL_REPRESENTATION('',(#7325),#7329);
#7325 = LINE('',#7326,#7327);
#7326 = CARTESIAN_POINT('',(0.75,0.));
#7327 = VECTOR('',#7328,1.);
#7328 = DIRECTION('',(0.,1.));
#7329 = ( GEOMETRIC_REPRESENTATION_CONTEXT(2) 
PARAMETRIC_REPRESENTATION_CONTEXT() REPRESENTATION_CONTEXT('2D SPACE',''
  ) );
#7330 = ADVANCED_FACE('',(#7331),#7319,.T.);
#7331 = FACE_BOUND('',#7332,.T.);
#7332 = EDGE_LOOP('',(#7333,#7356,#7357,#7380));
#7333 = ORIENTED_EDGE('',*,*,#7334,.F.);
#7334 = EDGE_CURVE('',#7259,#7335,#7337,.T.);
#7335 = VERTEX_POINT('',#7336);
#7336 = CARTESIAN_POINT('',(-9.899494936612,11.313708498985,0.));
#7337 = SURFACE_CURVE('',#7338,(#7342,#7349),.PCURVE_S1.);
#7338 = LINE('',#7339,#7340);
#7339 = CARTESIAN_POINT('',(-4.596194077713,6.010407640086,0.));
#7340 = VECTOR('',#7341,1.);
#7341 = DIRECTION('',(0.707106781187,-0.707106781187,0.));
#7342 = PCURVE('',#7319,#7343);
#7343 = DEFINITIONAL_REPRESENTATION('',(#7344),#7348);
#7344 = LINE('',#7345,#7346);
#7345 = CARTESIAN_POINT('',(-7.5,0.));
#7346 = VECTOR('',#7347,1.);
#7347 = DIRECTION('',(-1.,0.));
#7348 = ( GEOMETRIC_REPRESENTATION_CONTEXT(2) 
PARAMETRIC_REPRESENTATION_CONTEXT() REPRESENTATION_CONTEXT('2D SPACE',''
  ) );
#7349 = PCURVE('',#7161,#7350);
#7350 = DEFINITIONAL_REPRESENTATION('',(#7351),#7355);
#7351 = LINE('',#7352,#7353);
#7352 = CARTESIAN_POINT('',(-4.596194077713,-6.010407640086));
#7353 = VECTOR('',#7354,1.);
#7354 = DIRECTION('',(0.707106781187,0.707106781187));
#7355 = ( GEOMETRIC_REPRESENTATION_CONTEXT(2) 
PARAMETRIC_REPRESENTATION_CONTEXT() REPRESENTATION_CONTEXT('2D SPACE',''
  ) );
#7356 = ORIENTED_EDGE('',*,*,#7305,.T.);
#7357 = ORIENTED_EDGE('',*,*,#7358,.F.);
#7358 = EDGE_CURVE('',#7359,#7283,#7361,.T.);
#7359 = VERTEX_POINT('',#7360);
#7360 = CARTESIAN_POINT('',(-9.899494936612,11.313708498985,1.));
#7361 = SURFACE_CURVE('',#7362,(#7366,#7373),.PCURVE_S1.);
#7362 = LINE('',#7363,#7364);
#7363 = CARTESIAN_POINT('',(-9.369164850722,10.783378413095,1.));
#7364 = VECTOR('',#7365,1.);
#7365 = DIRECTION('',(-0.707106781187,0.707106781187,0.));
#7366 = PCURVE('',#7319,#7367);
#7367 = DEFINITIONAL_REPRESENTATION('',(#7368),#7372);
#7368 = LINE('',#7369,#7370);
#7369 = CARTESIAN_POINT('',(-0.75,1.));
#7370 = VECTOR('',#7371,1.);
#7371 = DIRECTION('',(1.,0.));
#7372 = ( GEOMETRIC_REPRESENTATION_CONTEXT(2) 
PARAMETRIC_REPRESENTATION_CONTEXT() REPRESENTATION_CONTEXT('2D SPACE',''
  ) );
#7373 = PCURVE('',#7217,#7374);
#7374 = DEFINITIONAL_REPRESENTATION('',(#7375),#7379);
#7375 = LINE('',#7376,#7377);
#7376 = CARTESIAN_POINT('',(8.83883476483E-02,1.502601910021));
#7377 = VECTOR('',#7378,1.);
#7378 = DIRECTION('',(-0.707106781187,-0.707106781187));
#7379 = ( GEOMETRIC_REPRESENTATION_CONTEXT(2) 
PARAMETRIC_REPRESENTATION_CONTEXT() REPRESENTATION_CONTEXT('2D SPACE',''
  ) );
#7380 = ORIENTED_EDGE('',*,*,#7381,.F.);
#7381 = EDGE_CURVE('',#7335,#7359,#7382,.T.);
#7382 = SURFACE_CURVE('',#7383,(#7387,#7394),.PCURVE_S1.);
#7383 = LINE('',#7384,#7385);
#7384 = CARTESIAN_POINT('',(-9.899494936612,11.313708498985,0.));
#7385 = VECTOR('',#7386,1.);
#7386 = DIRECTION('',(0.,0.,1.));
#7387 = PCURVE('',#7319,#7388);
#7388 = DEFINITIONAL_REPRESENTATION('',(#7389),#7393);
#7389 = LINE('',#7390,#7391);
#7390 = CARTESIAN_POINT('',(-6.280369834735E-15,0.));
#7391 = VECTOR('',#7392,1.);
#7392 = DIRECTION('',(0.,1.));
#7393 = ( GEOMETRIC_REPRESENTATION_CONTEXT(2) 
PARAMETRIC_REPRESENTATION_CONTEXT() REPRESENTATION_CONTEXT('2D SPACE',''
  ) );
#7394 = PCURVE('',#7189,#7395);
#7395 = DEFINITIONAL_REPRESENTATION('',(#7396),#7400);
#7396 = LINE('',#7397,#7398);
#7397 = CARTESIAN_POINT('',(2.,0.));
#7398 = VECTOR('',#7399,1.);
#7399 = DIRECTION('',(0.,-1.));
#7400 = ( GEOMETRIC_REPRESENTATION_CONTEXT(2) 
PARAMETRIC_REPRESENTATION_CONTEXT() REPRESENTATION_CONTEXT('2D SPACE',''
  ) );
#7401 = ADVANCED_FACE('',(#7402),#7217,.T.);
#7402 = FACE_BOUND('',#7403,.T.);
#7403 = EDGE_LOOP('',(#7404,#7425,#7426,#7427));
#7404 = ORIENTED_EDGE('',*,*,#7405,.T.);
#7405 = EDGE_CURVE('',#7174,#7359,#7406,.T.);
#7406 = SURFACE_CURVE('',#7407,(#7411,#7418),.PCURVE_S1.);
#7407 = LINE('',#7408,#7409);
#7408 = CARTESIAN_POINT('',(-9.899494936612,11.313708498985,1.));
#7409 = VECTOR('',#7410,1.);
#7410 = DIRECTION('',(0.707106781187,0.707106781187,0.));
#7411 = PCURVE('',#7217,#7412);
#7412 = DEFINITIONAL_REPRESENTATION('',(#7413),#7417);
#7413 = LINE('',#7414,#7415);
#7414 = CARTESIAN_POINT('',(-0.441941738242,0.972271824132));
#7415 = VECTOR('',#7416,1.);
#7416 = DIRECTION('',(-0.707106781187,0.707106781187));
#7417 = ( GEOMETRIC_REPRESENTATION_CONTEXT(2) 
PARAMETRIC_REPRESENTATION_CONTEXT() REPRESENTATION_CONTEXT('2D SPACE',''
  ) );
#7418 = PCURVE('',#7189,#7419);
#7419 = DEFINITIONAL_REPRESENTATION('',(#7420),#7424);
#7420 = LINE('',#7421,#7422);
#7421 = CARTESIAN_POINT('',(2.,-1.));
#7422 = VECTOR('',#7423,1.);
#7423 = DIRECTION('',(1.,0.));
#7424 = ( GEOMETRIC_REPRESENTATION_CONTEXT(2) 
PARAMETRIC_REPRESENTATION_CONTEXT() REPRESENTATION_CONTEXT('2D SPACE',''
  ) );
#7425 = ORIENTED_EDGE('',*,*,#7358,.T.);
#7426 = ORIENTED_EDGE('',*,*,#7282,.T.);
#7427 = ORIENTED_EDGE('',*,*,#7201,.T.);
#7428 = ADVANCED_FACE('',(#7429),#7443,.F.);
#7429 = FACE_BOUND('',#7430,.T.);
#7430 = EDGE_LOOP('',(#7431,#7461,#7489,#7517));
#7431 = ORIENTED_EDGE('',*,*,#7432,.F.);
#7432 = EDGE_CURVE('',#7433,#7435,#7437,.T.);
#7433 = VERTEX_POINT('',#7434);
#7434 = CARTESIAN_POINT('',(-9.369164850722,10.783378413095,0.));
#7435 = VERTEX_POINT('',#7436);
#7436 = CARTESIAN_POINT('',(-10.78337841309,9.369164850722,0.));
#7437 = SURFACE_CURVE('',#7438,(#7442,#7454),.PCURVE_S1.);
#7438 = LINE('',#7439,#7440);
#7439 = CARTESIAN_POINT('',(-9.722718241315,10.429825022502,0.));
#7440 = VECTOR('',#7441,1.);
#7441 = DIRECTION('',(-0.707106781187,-0.707106781187,0.));
#7442 = PCURVE('',#7443,#7448);
#7443 = PLANE('',#7444);
#7444 = AXIS2_PLACEMENT_3D('',#7445,#7446,#7447);
#7445 = CARTESIAN_POINT('',(-9.369164850722,10.783378413095,0.));
#7446 = DIRECTION('',(0.707106781187,-0.707106781187,0.));
#7447 = DIRECTION('',(-0.707106781187,-0.707106781187,0.));
#7448 = DEFINITIONAL_REPRESENTATION('',(#7449),#7453);
#7449 = LINE('',#7450,#7451);
#7450 = CARTESIAN_POINT('',(0.5,0.));
#7451 = VECTOR('',#7452,1.);
#7452 = DIRECTION('',(1.,0.));
#7453 = ( GEOMETRIC_REPRESENTATION_CONTEXT(2) 
PARAMETRIC_REPRESENTATION_CONTEXT() REPRESENTATION_CONTEXT('2D SPACE',''
  ) );
#7454 = PCURVE('',#7161,#7455);
#7455 = DEFINITIONAL_REPRESENTATION('',(#7456),#7460);
#7456 = LINE('',#7457,#7458);
#7457 = CARTESIAN_POINT('',(-9.722718241315,-10.4298250225));
#7458 = VECTOR('',#7459,1.);
#7459 = DIRECTION('',(-0.707106781187,0.707106781187));
#7460 = ( GEOMETRIC_REPRESENTATION_CONTEXT(2) 
PARAMETRIC_REPRESENTATION_CONTEXT() REPRESENTATION_CONTEXT('2D SPACE',''
  ) );
#7461 = ORIENTED_EDGE('',*,*,#7462,.T.);
#7462 = EDGE_CURVE('',#7433,#7463,#7465,.T.);
#7463 = VERTEX_POINT('',#7464);
#7464 = CARTESIAN_POINT('',(-9.369164850722,10.783378413095,-0.5));
#7465 = SURFACE_CURVE('',#7466,(#7470,#7477),.PCURVE_S1.);
#7466 = LINE('',#7467,#7468);
#7467 = CARTESIAN_POINT('',(-9.369164850722,10.783378413095,0.));
#7468 = VECTOR('',#7469,1.);
#7469 = DIRECTION('',(0.,0.,-1.));
#7470 = PCURVE('',#7443,#7471);
#7471 = DEFINITIONAL_REPRESENTATION('',(#7472),#7476);
#7472 = LINE('',#7473,#7474);
#7473 = CARTESIAN_POINT('',(0.,0.));
#7474 = VECTOR('',#7475,1.);
#7475 = DIRECTION('',(-0.,1.));
#7476 = ( GEOMETRIC_REPRESENTATION_CONTEXT(2) 
PARAMETRIC_REPRESENTATION_CONTEXT() REPRESENTATION_CONTEXT('2D SPACE',''
  ) );
#7477 = PCURVE('',#7478,#7483);
#7478 = PLANE('',#7479);
#7479 = AXIS2_PLACEMENT_3D('',#7480,#7481,#7482);
#7480 = CARTESIAN_POINT('',(-9.899494936612,11.313708498985,0.));
#7481 = DIRECTION('',(0.707106781187,0.707106781187,0.));
#7482 = DIRECTION('',(0.707106781187,-0.707106781187,0.));
#7483 = DEFINITIONAL_REPRESENTATION('',(#7484),#7488);
#7484 = LINE('',#7485,#7486);
#7485 = CARTESIAN_POINT('',(0.75,0.));
#7486 = VECTOR('',#7487,1.);
#7487 = DIRECTION('',(0.,1.));
#7488 = ( GEOMETRIC_REPRESENTATION_CONTEXT(2) 
PARAMETRIC_REPRESENTATION_CONTEXT() REPRESENTATION_CONTEXT('2D SPACE',''
  ) );
#7489 = ORIENTED_EDGE('',*,*,#7490,.T.);
#7490 = EDGE_CURVE('',#7463,#7491,#7493,.T.);
#7491 = VERTEX_POINT('',#7492);
#7492 = CARTESIAN_POINT('',(-10.78337841309,9.369164850722,-0.5));
#7493 = SURFACE_CURVE('',#7494,(#7498,#7505),.PCURVE_S1.);
#7494 = LINE('',#7495,#7496);
#7495 = CARTESIAN_POINT('',(-10.78337841309,9.369164850722,-0.5));
#7496 = VECTOR('',#7497,1.);
#7497 = DIRECTION('',(-0.707106781187,-0.707106781187,0.));
#7498 = PCURVE('',#7443,#7499);
#7499 = DEFINITIONAL_REPRESENTATION('',(#7500),#7504);
#7500 = LINE('',#7501,#7502);
#7501 = CARTESIAN_POINT('',(2.,0.5));
#7502 = VECTOR('',#7503,1.);
#7503 = DIRECTION('',(1.,0.));
#7504 = ( GEOMETRIC_REPRESENTATION_CONTEXT(2) 
PARAMETRIC_REPRESENTATION_CONTEXT() REPRESENTATION_CONTEXT('2D SPACE',''
  ) );
#7505 = PCURVE('',#7506,#7511);
#7506 = PLANE('',#7507);
#7507 = AXIS2_PLACEMENT_3D('',#7508,#7509,#7510);
#7508 = CARTESIAN_POINT('',(-10.34143667485,10.341436674853,-0.5));
#7509 = DIRECTION('',(0.,0.,-1.));
#7510 = DIRECTION('',(1.836970198721E-16,1.,0.));
#7511 = DEFINITIONAL_REPRESENTATION('',(#7512),#7516);
#7512 = LINE('',#7513,#7514);
#7513 = CARTESIAN_POINT('',(-0.972271824131,-0.441941738242));
#7514 = VECTOR('',#7515,1.);
#7515 = DIRECTION('',(-0.707106781187,-0.707106781187));
#7516 = ( GEOMETRIC_REPRESENTATION_CONTEXT(2) 
PARAMETRIC_REPRESENTATION_CONTEXT() REPRESENTATION_CONTEXT('2D SPACE',''
  ) );
#7517 = ORIENTED_EDGE('',*,*,#7518,.F.);
#7518 = EDGE_CURVE('',#7435,#7491,#7519,.T.);
#7519 = SURFACE_CURVE('',#7520,(#7524,#7531),.PCURVE_S1.);
#7520 = LINE('',#7521,#7522);
#7521 = CARTESIAN_POINT('',(-10.78337841309,9.369164850722,0.));
#7522 = VECTOR('',#7523,1.);
#7523 = DIRECTION('',(0.,0.,-1.));
#7524 = PCURVE('',#7443,#7525);
#7525 = DEFINITIONAL_REPRESENTATION('',(#7526),#7530);
#7526 = LINE('',#7527,#7528);
#7527 = CARTESIAN_POINT('',(2.,0.));
#7528 = VECTOR('',#7529,1.);
#7529 = DIRECTION('',(-0.,1.));
#7530 = ( GEOMETRIC_REPRESENTATION_CONTEXT(2) 
PARAMETRIC_REPRESENTATION_CONTEXT() REPRESENTATION_CONTEXT('2D SPACE',''
  ) );
#7531 = PCURVE('',#7532,#7537);
#7532 = PLANE('',#7533);
#7533 = AXIS2_PLACEMENT_3D('',#7534,#7535,#7536);
#7534 = CARTESIAN_POINT('',(-10.78337841309,9.369164850722,0.));
#7535 = DIRECTION('',(-0.707106781187,-0.707106781187,0.));
#7536 = DIRECTION('',(-0.707106781187,0.707106781187,0.));
#7537 = DEFINITIONAL_REPRESENTATION('',(#7538),#7542);
#7538 = LINE('',#7539,#7540);
#7539 = CARTESIAN_POINT('',(0.,0.));
#7540 = VECTOR('',#7541,1.);
#7541 = DIRECTION('',(0.,1.));
#7542 = ( GEOMETRIC_REPRESENTATION_CONTEXT(2) 
PARAMETRIC_REPRESENTATION_CONTEXT() REPRESENTATION_CONTEXT('2D SPACE',''
  ) );
#7543 = ADVANCED_FACE('',(#7544),#7478,.F.);
#7544 = FACE_BOUND('',#7545,.T.);
#7545 = EDGE_LOOP('',(#7546,#7567,#7590,#7611));
#7546 = ORIENTED_EDGE('',*,*,#7547,.F.);
#7547 = EDGE_CURVE('',#7335,#7433,#7548,.T.);
#7548 = SURFACE_CURVE('',#7549,(#7553,#7560),.PCURVE_S1.);
#7549 = LINE('',#7550,#7551);
#7550 = CARTESIAN_POINT('',(-4.596194077713,6.010407640086,0.));
#7551 = VECTOR('',#7552,1.);
#7552 = DIRECTION('',(0.707106781187,-0.707106781187,0.));
#7553 = PCURVE('',#7478,#7554);
#7554 = DEFINITIONAL_REPRESENTATION('',(#7555),#7559);
#7555 = LINE('',#7556,#7557);
#7556 = CARTESIAN_POINT('',(7.5,0.));
#7557 = VECTOR('',#7558,1.);
#7558 = DIRECTION('',(1.,0.));
#7559 = ( GEOMETRIC_REPRESENTATION_CONTEXT(2) 
PARAMETRIC_REPRESENTATION_CONTEXT() REPRESENTATION_CONTEXT('2D SPACE',''
  ) );
#7560 = PCURVE('',#7161,#7561);
#7561 = DEFINITIONAL_REPRESENTATION('',(#7562),#7566);
#7562 = LINE('',#7563,#7564);
#7563 = CARTESIAN_POINT('',(-4.596194077713,-6.010407640086));
#7564 = VECTOR('',#7565,1.);
#7565 = DIRECTION('',(0.707106781187,0.707106781187));
#7566 = ( GEOMETRIC_REPRESENTATION_CONTEXT(2) 
PARAMETRIC_REPRESENTATION_CONTEXT() REPRESENTATION_CONTEXT('2D SPACE',''
  ) );
#7567 = ORIENTED_EDGE('',*,*,#7568,.T.);
#7568 = EDGE_CURVE('',#7335,#7569,#7571,.T.);
#7569 = VERTEX_POINT('',#7570);
#7570 = CARTESIAN_POINT('',(-9.899494936612,11.313708498985,-0.5));
#7571 = SURFACE_CURVE('',#7572,(#7576,#7583),.PCURVE_S1.);
#7572 = LINE('',#7573,#7574);
#7573 = CARTESIAN_POINT('',(-9.899494936612,11.313708498985,0.));
#7574 = VECTOR('',#7575,1.);
#7575 = DIRECTION('',(0.,0.,-1.));
#7576 = PCURVE('',#7478,#7577);
#7577 = DEFINITIONAL_REPRESENTATION('',(#7578),#7582);
#7578 = LINE('',#7579,#7580);
#7579 = CARTESIAN_POINT('',(6.280369834735E-15,0.));
#7580 = VECTOR('',#7581,1.);
#7581 = DIRECTION('',(0.,1.));
#7582 = ( GEOMETRIC_REPRESENTATION_CONTEXT(2) 
PARAMETRIC_REPRESENTATION_CONTEXT() REPRESENTATION_CONTEXT('2D SPACE',''
  ) );
#7583 = PCURVE('',#7189,#7584);
#7584 = DEFINITIONAL_REPRESENTATION('',(#7585),#7589);
#7585 = LINE('',#7586,#7587);
#7586 = CARTESIAN_POINT('',(2.,0.));
#7587 = VECTOR('',#7588,1.);
#7588 = DIRECTION('',(0.,1.));
#7589 = ( GEOMETRIC_REPRESENTATION_CONTEXT(2) 
PARAMETRIC_REPRESENTATION_CONTEXT() REPRESENTATION_CONTEXT('2D SPACE',''
  ) );
#7590 = ORIENTED_EDGE('',*,*,#7591,.T.);
#7591 = EDGE_CURVE('',#7569,#7463,#7592,.T.);
#7592 = SURFACE_CURVE('',#7593,(#7597,#7604),.PCURVE_S1.);
#7593 = LINE('',#7594,#7595);
#7594 = CARTESIAN_POINT('',(-9.369164850722,10.783378413095,-0.5));
#7595 = VECTOR('',#7596,1.);
#7596 = DIRECTION('',(0.707106781187,-0.707106781187,0.));
#7597 = PCURVE('',#7478,#7598);
#7598 = DEFINITIONAL_REPRESENTATION('',(#7599),#7603);
#7599 = LINE('',#7600,#7601);
#7600 = CARTESIAN_POINT('',(0.75,0.5));
#7601 = VECTOR('',#7602,1.);
#7602 = DIRECTION('',(1.,0.));
#7603 = ( GEOMETRIC_REPRESENTATION_CONTEXT(2) 
PARAMETRIC_REPRESENTATION_CONTEXT() REPRESENTATION_CONTEXT('2D SPACE',''
  ) );
#7604 = PCURVE('',#7506,#7605);
#7605 = DEFINITIONAL_REPRESENTATION('',(#7606),#7610);
#7606 = LINE('',#7607,#7608);
#7607 = CARTESIAN_POINT('',(0.441941738242,0.972271824132));
#7608 = VECTOR('',#7609,1.);
#7609 = DIRECTION('',(-0.707106781187,0.707106781187));
#7610 = ( GEOMETRIC_REPRESENTATION_CONTEXT(2) 
PARAMETRIC_REPRESENTATION_CONTEXT() REPRESENTATION_CONTEXT('2D SPACE',''
  ) );
#7611 = ORIENTED_EDGE('',*,*,#7462,.F.);
#7612 = ADVANCED_FACE('',(#7613),#7189,.F.);
#7613 = FACE_BOUND('',#7614,.T.);
#7614 = EDGE_LOOP('',(#7615,#7638,#7659,#7660,#7661,#7662));
#7615 = ORIENTED_EDGE('',*,*,#7616,.T.);
#7616 = EDGE_CURVE('',#7139,#7617,#7619,.T.);
#7617 = VERTEX_POINT('',#7618);
#7618 = CARTESIAN_POINT('',(-11.31370849898,9.899494936612,-0.5));
#7619 = SURFACE_CURVE('',#7620,(#7624,#7631),.PCURVE_S1.);
#7620 = LINE('',#7621,#7622);
#7621 = CARTESIAN_POINT('',(-11.31370849898,9.899494936612,0.));
#7622 = VECTOR('',#7623,1.);
#7623 = DIRECTION('',(0.,0.,-1.));
#7624 = PCURVE('',#7189,#7625);
#7625 = DEFINITIONAL_REPRESENTATION('',(#7626),#7630);
#7626 = LINE('',#7627,#7628);
#7627 = CARTESIAN_POINT('',(0.,0.));
#7628 = VECTOR('',#7629,1.);
#7629 = DIRECTION('',(0.,1.));
#7630 = ( GEOMETRIC_REPRESENTATION_CONTEXT(2) 
PARAMETRIC_REPRESENTATION_CONTEXT() REPRESENTATION_CONTEXT('2D SPACE',''
  ) );
#7631 = PCURVE('',#7532,#7632);
#7632 = DEFINITIONAL_REPRESENTATION('',(#7633),#7637);
#7633 = LINE('',#7634,#7635);
#7634 = CARTESIAN_POINT('',(0.75,0.));
#7635 = VECTOR('',#7636,1.);
#7636 = DIRECTION('',(0.,1.));
#7637 = ( GEOMETRIC_REPRESENTATION_CONTEXT(2) 
PARAMETRIC_REPRESENTATION_CONTEXT() REPRESENTATION_CONTEXT('2D SPACE',''
  ) );
#7638 = ORIENTED_EDGE('',*,*,#7639,.T.);
#7639 = EDGE_CURVE('',#7617,#7569,#7640,.T.);
#7640 = SURFACE_CURVE('',#7641,(#7645,#7652),.PCURVE_S1.);
#7641 = LINE('',#7642,#7643);
#7642 = CARTESIAN_POINT('',(-11.31370849898,9.899494936612,-0.5));
#7643 = VECTOR('',#7644,1.);
#7644 = DIRECTION('',(0.707106781187,0.707106781187,0.));
#7645 = PCURVE('',#7189,#7646);
#7646 = DEFINITIONAL_REPRESENTATION('',(#7647),#7651);
#7647 = LINE('',#7648,#7649);
#7648 = CARTESIAN_POINT('',(0.,0.5));
#7649 = VECTOR('',#7650,1.);
#7650 = DIRECTION('',(1.,0.));
#7651 = ( GEOMETRIC_REPRESENTATION_CONTEXT(2) 
PARAMETRIC_REPRESENTATION_CONTEXT() REPRESENTATION_CONTEXT('2D SPACE',''
  ) );
#7652 = PCURVE('',#7506,#7653);
#7653 = DEFINITIONAL_REPRESENTATION('',(#7654),#7658);
#7654 = LINE('',#7655,#7656);
#7655 = CARTESIAN_POINT('',(-0.441941738242,-0.972271824131));
#7656 = VECTOR('',#7657,1.);
#7657 = DIRECTION('',(0.707106781187,0.707106781187));
#7658 = ( GEOMETRIC_REPRESENTATION_CONTEXT(2) 
PARAMETRIC_REPRESENTATION_CONTEXT() REPRESENTATION_CONTEXT('2D SPACE',''
  ) );
#7659 = ORIENTED_EDGE('',*,*,#7568,.F.);
#7660 = ORIENTED_EDGE('',*,*,#7381,.T.);
#7661 = ORIENTED_EDGE('',*,*,#7405,.F.);
#7662 = ORIENTED_EDGE('',*,*,#7173,.F.);
#7663 = ADVANCED_FACE('',(#7664),#7532,.F.);
#7664 = FACE_BOUND('',#7665,.T.);
#7665 = EDGE_LOOP('',(#7666,#7687,#7688,#7709));
#7666 = ORIENTED_EDGE('',*,*,#7667,.F.);
#7667 = EDGE_CURVE('',#7435,#7139,#7668,.T.);
#7668 = SURFACE_CURVE('',#7669,(#7673,#7680),.PCURVE_S1.);
#7669 = LINE('',#7670,#7671);
#7670 = CARTESIAN_POINT('',(-5.745242597141,4.331029034768,0.));
#7671 = VECTOR('',#7672,1.);
#7672 = DIRECTION('',(-0.707106781187,0.707106781187,0.));
#7673 = PCURVE('',#7532,#7674);
#7674 = DEFINITIONAL_REPRESENTATION('',(#7675),#7679);
#7675 = LINE('',#7676,#7677);
#7676 = CARTESIAN_POINT('',(-7.125,-0.));
#7677 = VECTOR('',#7678,1.);
#7678 = DIRECTION('',(1.,0.));
#7679 = ( GEOMETRIC_REPRESENTATION_CONTEXT(2) 
PARAMETRIC_REPRESENTATION_CONTEXT() REPRESENTATION_CONTEXT('2D SPACE',''
  ) );
#7680 = PCURVE('',#7161,#7681);
#7681 = DEFINITIONAL_REPRESENTATION('',(#7682),#7686);
#7682 = LINE('',#7683,#7684);
#7683 = CARTESIAN_POINT('',(-5.745242597141,-4.331029034768));
#7684 = VECTOR('',#7685,1.);
#7685 = DIRECTION('',(-0.707106781187,-0.707106781187));
#7686 = ( GEOMETRIC_REPRESENTATION_CONTEXT(2) 
PARAMETRIC_REPRESENTATION_CONTEXT() REPRESENTATION_CONTEXT('2D SPACE',''
  ) );
#7687 = ORIENTED_EDGE('',*,*,#7518,.T.);
#7688 = ORIENTED_EDGE('',*,*,#7689,.T.);
#7689 = EDGE_CURVE('',#7491,#7617,#7690,.T.);
#7690 = SURFACE_CURVE('',#7691,(#7695,#7702),.PCURVE_S1.);
#7691 = LINE('',#7692,#7693);
#7692 = CARTESIAN_POINT('',(-11.84403858487,10.429825022502,-0.5));
#7693 = VECTOR('',#7694,1.);
#7694 = DIRECTION('',(-0.707106781187,0.707106781187,0.));
#7695 = PCURVE('',#7532,#7696);
#7696 = DEFINITIONAL_REPRESENTATION('',(#7697),#7701);
#7697 = LINE('',#7698,#7699);
#7698 = CARTESIAN_POINT('',(1.5,0.5));
#7699 = VECTOR('',#7700,1.);
#7700 = DIRECTION('',(1.,0.));
#7701 = ( GEOMETRIC_REPRESENTATION_CONTEXT(2) 
PARAMETRIC_REPRESENTATION_CONTEXT() REPRESENTATION_CONTEXT('2D SPACE',''
  ) );
#7702 = PCURVE('',#7506,#7703);
#7703 = DEFINITIONAL_REPRESENTATION('',(#7704),#7708);
#7704 = LINE('',#7705,#7706);
#7705 = CARTESIAN_POINT('',(8.83883476483E-02,-1.502601910021));
#7706 = VECTOR('',#7707,1.);
#7707 = DIRECTION('',(0.707106781187,-0.707106781187));
#7708 = ( GEOMETRIC_REPRESENTATION_CONTEXT(2) 
PARAMETRIC_REPRESENTATION_CONTEXT() REPRESENTATION_CONTEXT('2D SPACE',''
  ) );
#7709 = ORIENTED_EDGE('',*,*,#7616,.F.);
#7710 = ADVANCED_FACE('',(#7711),#7506,.F.);
#7711 = FACE_BOUND('',#7712,.T.);
#7712 = EDGE_LOOP('',(#7713,#7714,#7715,#7716));
#7713 = ORIENTED_EDGE('',*,*,#7689,.F.);
#7714 = ORIENTED_EDGE('',*,*,#7490,.F.);
#7715 = ORIENTED_EDGE('',*,*,#7591,.F.);
#7716 = ORIENTED_EDGE('',*,*,#7639,.F.);
#7717 = ADVANCED_FACE('',(#7718),#7732,.T.);
#7718 = FACE_BOUND('',#7719,.T.);
#7719 = EDGE_LOOP('',(#7720,#7750,#7778,#7806));
#7720 = ORIENTED_EDGE('',*,*,#7721,.F.);
#7721 = EDGE_CURVE('',#7722,#7724,#7726,.T.);
#7722 = VERTEX_POINT('',#7723);
#7723 = CARTESIAN_POINT('',(9.899494936612,11.313708498985,0.));
#7724 = VERTEX_POINT('',#7725);
#7725 = CARTESIAN_POINT('',(10.429825022502,11.844038584875,0.));
#7726 = SURFACE_CURVE('',#7727,(#7731,#7743),.PCURVE_S1.);
#7727 = LINE('',#7728,#7729);
#7728 = CARTESIAN_POINT('',(4.861359120658,6.275572683031,0.));
#7729 = VECTOR('',#7730,1.);
#7730 = DIRECTION('',(0.707106781187,0.707106781187,0.));
#7731 = PCURVE('',#7732,#7737);
#7732 = PLANE('',#7733);
#7733 = AXIS2_PLACEMENT_3D('',#7734,#7735,#7736);
#7734 = CARTESIAN_POINT('',(10.429825022502,11.844038584875,0.));
#7735 = DIRECTION('',(-0.707106781187,0.707106781187,0.));
#7736 = DIRECTION('',(-0.707106781187,-0.707106781187,0.));
#7737 = DEFINITIONAL_REPRESENTATION('',(#7738),#7742);
#7738 = LINE('',#7739,#7740);
#7739 = CARTESIAN_POINT('',(7.875,0.));
#7740 = VECTOR('',#7741,1.);
#7741 = DIRECTION('',(-1.,0.));
#7742 = ( GEOMETRIC_REPRESENTATION_CONTEXT(2) 
PARAMETRIC_REPRESENTATION_CONTEXT() REPRESENTATION_CONTEXT('2D SPACE',''
  ) );
#7743 = PCURVE('',#7161,#7744);
#7744 = DEFINITIONAL_REPRESENTATION('',(#7745),#7749);
#7745 = LINE('',#7746,#7747);
#7746 = CARTESIAN_POINT('',(4.861359120658,-6.275572683031));
#7747 = VECTOR('',#7748,1.);
#7748 = DIRECTION('',(0.707106781187,-0.707106781187));
#7749 = ( GEOMETRIC_REPRESENTATION_CONTEXT(2) 
PARAMETRIC_REPRESENTATION_CONTEXT() REPRESENTATION_CONTEXT('2D SPACE',''
  ) );
#7750 = ORIENTED_EDGE('',*,*,#7751,.T.);
#7751 = EDGE_CURVE('',#7722,#7752,#7754,.T.);
#7752 = VERTEX_POINT('',#7753);
#7753 = CARTESIAN_POINT('',(9.899494936612,11.313708498985,1.));
#7754 = SURFACE_CURVE('',#7755,(#7759,#7766),.PCURVE_S1.);
#7755 = LINE('',#7756,#7757);
#7756 = CARTESIAN_POINT('',(9.899494936612,11.313708498985,0.));
#7757 = VECTOR('',#7758,1.);
#7758 = DIRECTION('',(0.,0.,1.));
#7759 = PCURVE('',#7732,#7760);
#7760 = DEFINITIONAL_REPRESENTATION('',(#7761),#7765);
#7761 = LINE('',#7762,#7763);
#7762 = CARTESIAN_POINT('',(0.75,0.));
#7763 = VECTOR('',#7764,1.);
#7764 = DIRECTION('',(0.,1.));
#7765 = ( GEOMETRIC_REPRESENTATION_CONTEXT(2) 
PARAMETRIC_REPRESENTATION_CONTEXT() REPRESENTATION_CONTEXT('2D SPACE',''
  ) );
#7766 = PCURVE('',#7767,#7772);
#7767 = PLANE('',#7768);
#7768 = AXIS2_PLACEMENT_3D('',#7769,#7770,#7771);
#7769 = CARTESIAN_POINT('',(9.899494936612,11.313708498985,0.));
#7770 = DIRECTION('',(0.707106781187,0.707106781187,0.));
#7771 = DIRECTION('',(0.707106781187,-0.707106781187,0.));
#7772 = DEFINITIONAL_REPRESENTATION('',(#7773),#7777);
#7773 = LINE('',#7774,#7775);
#7774 = CARTESIAN_POINT('',(0.,0.));
#7775 = VECTOR('',#7776,1.);
#7776 = DIRECTION('',(0.,-1.));
#7777 = ( GEOMETRIC_REPRESENTATION_CONTEXT(2) 
PARAMETRIC_REPRESENTATION_CONTEXT() REPRESENTATION_CONTEXT('2D SPACE',''
  ) );
#7778 = ORIENTED_EDGE('',*,*,#7779,.F.);
#7779 = EDGE_CURVE('',#7780,#7752,#7782,.T.);
#7780 = VERTEX_POINT('',#7781);
#7781 = CARTESIAN_POINT('',(10.429825022502,11.844038584875,1.));
#7782 = SURFACE_CURVE('',#7783,(#7787,#7794),.PCURVE_S1.);
#7783 = LINE('',#7784,#7785);
#7784 = CARTESIAN_POINT('',(10.429825022502,11.844038584875,1.));
#7785 = VECTOR('',#7786,1.);
#7786 = DIRECTION('',(-0.707106781187,-0.707106781187,0.));
#7787 = PCURVE('',#7732,#7788);
#7788 = DEFINITIONAL_REPRESENTATION('',(#7789),#7793);
#7789 = LINE('',#7790,#7791);
#7790 = CARTESIAN_POINT('',(0.,1.));
#7791 = VECTOR('',#7792,1.);
#7792 = DIRECTION('',(1.,0.));
#7793 = ( GEOMETRIC_REPRESENTATION_CONTEXT(2) 
PARAMETRIC_REPRESENTATION_CONTEXT() REPRESENTATION_CONTEXT('2D SPACE',''
  ) );
#7794 = PCURVE('',#7795,#7800);
#7795 = PLANE('',#7796);
#7796 = AXIS2_PLACEMENT_3D('',#7797,#7798,#7799);
#7797 = CARTESIAN_POINT('',(10.871766760743,10.871766760743,1.));
#7798 = DIRECTION('',(0.,0.,1.));
#7799 = DIRECTION('',(-1.,1.224646799147E-16,0.));
#7800 = DEFINITIONAL_REPRESENTATION('',(#7801),#7805);
#7801 = LINE('',#7802,#7803);
#7802 = CARTESIAN_POINT('',(0.441941738242,-0.972271824132));
#7803 = VECTOR('',#7804,1.);
#7804 = DIRECTION('',(0.707106781187,0.707106781187));
#7805 = ( GEOMETRIC_REPRESENTATION_CONTEXT(2) 
PARAMETRIC_REPRESENTATION_CONTEXT() REPRESENTATION_CONTEXT('2D SPACE',''
  ) );
#7806 = ORIENTED_EDGE('',*,*,#7807,.F.);
#7807 = EDGE_CURVE('',#7724,#7780,#7808,.T.);
#7808 = SURFACE_CURVE('',#7809,(#7813,#7820),.PCURVE_S1.);
#7809 = LINE('',#7810,#7811);
#7810 = CARTESIAN_POINT('',(10.429825022502,11.844038584875,0.));
#7811 = VECTOR('',#7812,1.);
#7812 = DIRECTION('',(0.,0.,1.));
#7813 = PCURVE('',#7732,#7814);
#7814 = DEFINITIONAL_REPRESENTATION('',(#7815),#7819);
#7815 = LINE('',#7816,#7817);
#7816 = CARTESIAN_POINT('',(0.,0.));
#7817 = VECTOR('',#7818,1.);
#7818 = DIRECTION('',(0.,1.));
#7819 = ( GEOMETRIC_REPRESENTATION_CONTEXT(2) 
PARAMETRIC_REPRESENTATION_CONTEXT() REPRESENTATION_CONTEXT('2D SPACE',''
  ) );
#7820 = PCURVE('',#7821,#7826);
#7821 = PLANE('',#7822);
#7822 = AXIS2_PLACEMENT_3D('',#7823,#7824,#7825);
#7823 = CARTESIAN_POINT('',(11.844038584875,10.429825022502,0.));
#7824 = DIRECTION('',(0.707106781187,0.707106781187,0.));
#7825 = DIRECTION('',(-0.707106781187,0.707106781187,0.));
#7826 = DEFINITIONAL_REPRESENTATION('',(#7827),#7831);
#7827 = LINE('',#7828,#7829);
#7828 = CARTESIAN_POINT('',(2.,0.));
#7829 = VECTOR('',#7830,1.);
#7830 = DIRECTION('',(0.,1.));
#7831 = ( GEOMETRIC_REPRESENTATION_CONTEXT(2) 
PARAMETRIC_REPRESENTATION_CONTEXT() REPRESENTATION_CONTEXT('2D SPACE',''
  ) );
#7832 = ADVANCED_FACE('',(#7833),#7821,.T.);
#7833 = FACE_BOUND('',#7834,.T.);
#7834 = EDGE_LOOP('',(#7835,#7858,#7859,#7882));
#7835 = ORIENTED_EDGE('',*,*,#7836,.F.);
#7836 = EDGE_CURVE('',#7724,#7837,#7839,.T.);
#7837 = VERTEX_POINT('',#7838);
#7838 = CARTESIAN_POINT('',(11.844038584875,10.429825022502,0.));
#7839 = SURFACE_CURVE('',#7840,(#7844,#7851),.PCURVE_S1.);
#7840 = LINE('',#7841,#7842);
#7841 = CARTESIAN_POINT('',(11.490485194281,10.783378413095,0.));
#7842 = VECTOR('',#7843,1.);
#7843 = DIRECTION('',(0.707106781187,-0.707106781187,0.));
#7844 = PCURVE('',#7821,#7845);
#7845 = DEFINITIONAL_REPRESENTATION('',(#7846),#7850);
#7846 = LINE('',#7847,#7848);
#7847 = CARTESIAN_POINT('',(0.5,0.));
#7848 = VECTOR('',#7849,1.);
#7849 = DIRECTION('',(-1.,0.));
#7850 = ( GEOMETRIC_REPRESENTATION_CONTEXT(2) 
PARAMETRIC_REPRESENTATION_CONTEXT() REPRESENTATION_CONTEXT('2D SPACE',''
  ) );
#7851 = PCURVE('',#7161,#7852);
#7852 = DEFINITIONAL_REPRESENTATION('',(#7853),#7857);
#7853 = LINE('',#7854,#7855);
#7854 = CARTESIAN_POINT('',(11.490485194281,-10.78337841309));
#7855 = VECTOR('',#7856,1.);
#7856 = DIRECTION('',(0.707106781187,0.707106781187));
#7857 = ( GEOMETRIC_REPRESENTATION_CONTEXT(2) 
PARAMETRIC_REPRESENTATION_CONTEXT() REPRESENTATION_CONTEXT('2D SPACE',''
  ) );
#7858 = ORIENTED_EDGE('',*,*,#7807,.T.);
#7859 = ORIENTED_EDGE('',*,*,#7860,.F.);
#7860 = EDGE_CURVE('',#7861,#7780,#7863,.T.);
#7861 = VERTEX_POINT('',#7862);
#7862 = CARTESIAN_POINT('',(11.844038584875,10.429825022502,1.));
#7863 = SURFACE_CURVE('',#7864,(#7868,#7875),.PCURVE_S1.);
#7864 = LINE('',#7865,#7866);
#7865 = CARTESIAN_POINT('',(11.844038584875,10.429825022502,1.));
#7866 = VECTOR('',#7867,1.);
#7867 = DIRECTION('',(-0.707106781187,0.707106781187,0.));
#7868 = PCURVE('',#7821,#7869);
#7869 = DEFINITIONAL_REPRESENTATION('',(#7870),#7874);
#7870 = LINE('',#7871,#7872);
#7871 = CARTESIAN_POINT('',(0.,1.));
#7872 = VECTOR('',#7873,1.);
#7873 = DIRECTION('',(1.,0.));
#7874 = ( GEOMETRIC_REPRESENTATION_CONTEXT(2) 
PARAMETRIC_REPRESENTATION_CONTEXT() REPRESENTATION_CONTEXT('2D SPACE',''
  ) );
#7875 = PCURVE('',#7795,#7876);
#7876 = DEFINITIONAL_REPRESENTATION('',(#7877),#7881);
#7877 = LINE('',#7878,#7879);
#7878 = CARTESIAN_POINT('',(-0.972271824132,0.441941738242));
#7879 = VECTOR('',#7880,1.);
#7880 = DIRECTION('',(0.707106781187,-0.707106781187));
#7881 = ( GEOMETRIC_REPRESENTATION_CONTEXT(2) 
PARAMETRIC_REPRESENTATION_CONTEXT() REPRESENTATION_CONTEXT('2D SPACE',''
  ) );
#7882 = ORIENTED_EDGE('',*,*,#7883,.F.);
#7883 = EDGE_CURVE('',#7837,#7861,#7884,.T.);
#7884 = SURFACE_CURVE('',#7885,(#7889,#7896),.PCURVE_S1.);
#7885 = LINE('',#7886,#7887);
#7886 = CARTESIAN_POINT('',(11.844038584875,10.429825022502,0.));
#7887 = VECTOR('',#7888,1.);
#7888 = DIRECTION('',(0.,0.,1.));
#7889 = PCURVE('',#7821,#7890);
#7890 = DEFINITIONAL_REPRESENTATION('',(#7891),#7895);
#7891 = LINE('',#7892,#7893);
#7892 = CARTESIAN_POINT('',(0.,0.));
#7893 = VECTOR('',#7894,1.);
#7894 = DIRECTION('',(0.,1.));
#7895 = ( GEOMETRIC_REPRESENTATION_CONTEXT(2) 
PARAMETRIC_REPRESENTATION_CONTEXT() REPRESENTATION_CONTEXT('2D SPACE',''
  ) );
#7896 = PCURVE('',#7897,#7902);
#7897 = PLANE('',#7898);
#7898 = AXIS2_PLACEMENT_3D('',#7899,#7900,#7901);
#7899 = CARTESIAN_POINT('',(11.313708498985,9.899494936612,0.));
#7900 = DIRECTION('',(0.707106781187,-0.707106781187,0.));
#7901 = DIRECTION('',(0.707106781187,0.707106781187,0.));
#7902 = DEFINITIONAL_REPRESENTATION('',(#7903),#7907);
#7903 = LINE('',#7904,#7905);
#7904 = CARTESIAN_POINT('',(0.75,0.));
#7905 = VECTOR('',#7906,1.);
#7906 = DIRECTION('',(0.,1.));
#7907 = ( GEOMETRIC_REPRESENTATION_CONTEXT(2) 
PARAMETRIC_REPRESENTATION_CONTEXT() REPRESENTATION_CONTEXT('2D SPACE',''
  ) );
#7908 = ADVANCED_FACE('',(#7909),#7897,.T.);
#7909 = FACE_BOUND('',#7910,.T.);
#7910 = EDGE_LOOP('',(#7911,#7934,#7935,#7958));
#7911 = ORIENTED_EDGE('',*,*,#7912,.F.);
#7912 = EDGE_CURVE('',#7837,#7913,#7915,.T.);
#7913 = VERTEX_POINT('',#7914);
#7914 = CARTESIAN_POINT('',(11.313708498985,9.899494936612,0.));
#7915 = SURFACE_CURVE('',#7916,(#7920,#7927),.PCURVE_S1.);
#7916 = LINE('',#7917,#7918);
#7917 = CARTESIAN_POINT('',(6.010407640086,4.596194077713,0.));
#7918 = VECTOR('',#7919,1.);
#7919 = DIRECTION('',(-0.707106781187,-0.707106781187,0.));
#7920 = PCURVE('',#7897,#7921);
#7921 = DEFINITIONAL_REPRESENTATION('',(#7922),#7926);
#7922 = LINE('',#7923,#7924);
#7923 = CARTESIAN_POINT('',(-7.5,0.));
#7924 = VECTOR('',#7925,1.);
#7925 = DIRECTION('',(-1.,0.));
#7926 = ( GEOMETRIC_REPRESENTATION_CONTEXT(2) 
PARAMETRIC_REPRESENTATION_CONTEXT() REPRESENTATION_CONTEXT('2D SPACE',''
  ) );
#7927 = PCURVE('',#7161,#7928);
#7928 = DEFINITIONAL_REPRESENTATION('',(#7929),#7933);
#7929 = LINE('',#7930,#7931);
#7930 = CARTESIAN_POINT('',(6.010407640086,-4.596194077713));
#7931 = VECTOR('',#7932,1.);
#7932 = DIRECTION('',(-0.707106781187,0.707106781187));
#7933 = ( GEOMETRIC_REPRESENTATION_CONTEXT(2) 
PARAMETRIC_REPRESENTATION_CONTEXT() REPRESENTATION_CONTEXT('2D SPACE',''
  ) );
#7934 = ORIENTED_EDGE('',*,*,#7883,.T.);
#7935 = ORIENTED_EDGE('',*,*,#7936,.F.);
#7936 = EDGE_CURVE('',#7937,#7861,#7939,.T.);
#7937 = VERTEX_POINT('',#7938);
#7938 = CARTESIAN_POINT('',(11.313708498985,9.899494936612,1.));
#7939 = SURFACE_CURVE('',#7940,(#7944,#7951),.PCURVE_S1.);
#7940 = LINE('',#7941,#7942);
#7941 = CARTESIAN_POINT('',(10.783378413095,9.369164850722,1.));
#7942 = VECTOR('',#7943,1.);
#7943 = DIRECTION('',(0.707106781187,0.707106781187,0.));
#7944 = PCURVE('',#7897,#7945);
#7945 = DEFINITIONAL_REPRESENTATION('',(#7946),#7950);
#7946 = LINE('',#7947,#7948);
#7947 = CARTESIAN_POINT('',(-0.75,1.));
#7948 = VECTOR('',#7949,1.);
#7949 = DIRECTION('',(1.,0.));
#7950 = ( GEOMETRIC_REPRESENTATION_CONTEXT(2) 
PARAMETRIC_REPRESENTATION_CONTEXT() REPRESENTATION_CONTEXT('2D SPACE',''
  ) );
#7951 = PCURVE('',#7795,#7952);
#7952 = DEFINITIONAL_REPRESENTATION('',(#7953),#7957);
#7953 = LINE('',#7954,#7955);
#7954 = CARTESIAN_POINT('',(8.83883476483E-02,1.502601910021));
#7955 = VECTOR('',#7956,1.);
#7956 = DIRECTION('',(-0.707106781187,-0.707106781187));
#7957 = ( GEOMETRIC_REPRESENTATION_CONTEXT(2) 
PARAMETRIC_REPRESENTATION_CONTEXT() REPRESENTATION_CONTEXT('2D SPACE',''
  ) );
#7958 = ORIENTED_EDGE('',*,*,#7959,.F.);
#7959 = EDGE_CURVE('',#7913,#7937,#7960,.T.);
#7960 = SURFACE_CURVE('',#7961,(#7965,#7972),.PCURVE_S1.);
#7961 = LINE('',#7962,#7963);
#7962 = CARTESIAN_POINT('',(11.313708498985,9.899494936612,0.));
#7963 = VECTOR('',#7964,1.);
#7964 = DIRECTION('',(0.,0.,1.));
#7965 = PCURVE('',#7897,#7966);
#7966 = DEFINITIONAL_REPRESENTATION('',(#7967),#7971);
#7967 = LINE('',#7968,#7969);
#7968 = CARTESIAN_POINT('',(0.,0.));
#7969 = VECTOR('',#7970,1.);
#7970 = DIRECTION('',(0.,1.));
#7971 = ( GEOMETRIC_REPRESENTATION_CONTEXT(2) 
PARAMETRIC_REPRESENTATION_CONTEXT() REPRESENTATION_CONTEXT('2D SPACE',''
  ) );
#7972 = PCURVE('',#7767,#7973);
#7973 = DEFINITIONAL_REPRESENTATION('',(#7974),#7978);
#7974 = LINE('',#7975,#7976);
#7975 = CARTESIAN_POINT('',(2.,0.));
#7976 = VECTOR('',#7977,1.);
#7977 = DIRECTION('',(0.,-1.));
#7978 = ( GEOMETRIC_REPRESENTATION_CONTEXT(2) 
PARAMETRIC_REPRESENTATION_CONTEXT() REPRESENTATION_CONTEXT('2D SPACE',''
  ) );
#7979 = ADVANCED_FACE('',(#7980),#7795,.T.);
#7980 = FACE_BOUND('',#7981,.T.);
#7981 = EDGE_LOOP('',(#7982,#8003,#8004,#8005));
#7982 = ORIENTED_EDGE('',*,*,#7983,.T.);
#7983 = EDGE_CURVE('',#7752,#7937,#7984,.T.);
#7984 = SURFACE_CURVE('',#7985,(#7989,#7996),.PCURVE_S1.);
#7985 = LINE('',#7986,#7987);
#7986 = CARTESIAN_POINT('',(11.313708498985,9.899494936612,1.));
#7987 = VECTOR('',#7988,1.);
#7988 = DIRECTION('',(0.707106781187,-0.707106781187,0.));
#7989 = PCURVE('',#7795,#7990);
#7990 = DEFINITIONAL_REPRESENTATION('',(#7991),#7995);
#7991 = LINE('',#7992,#7993);
#7992 = CARTESIAN_POINT('',(-0.441941738242,0.972271824132));
#7993 = VECTOR('',#7994,1.);
#7994 = DIRECTION('',(-0.707106781187,0.707106781187));
#7995 = ( GEOMETRIC_REPRESENTATION_CONTEXT(2) 
PARAMETRIC_REPRESENTATION_CONTEXT() REPRESENTATION_CONTEXT('2D SPACE',''
  ) );
#7996 = PCURVE('',#7767,#7997);
#7997 = DEFINITIONAL_REPRESENTATION('',(#7998),#8002);
#7998 = LINE('',#7999,#8000);
#7999 = CARTESIAN_POINT('',(2.,-1.));
#8000 = VECTOR('',#8001,1.);
#8001 = DIRECTION('',(1.,0.));
#8002 = ( GEOMETRIC_REPRESENTATION_CONTEXT(2) 
PARAMETRIC_REPRESENTATION_CONTEXT() REPRESENTATION_CONTEXT('2D SPACE',''
  ) );
#8003 = ORIENTED_EDGE('',*,*,#7936,.T.);
#8004 = ORIENTED_EDGE('',*,*,#7860,.T.);
#8005 = ORIENTED_EDGE('',*,*,#7779,.T.);
#8006 = ADVANCED_FACE('',(#8007),#8021,.F.);
#8007 = FACE_BOUND('',#8008,.T.);
#8008 = EDGE_LOOP('',(#8009,#8039,#8067,#8095));
#8009 = ORIENTED_EDGE('',*,*,#8010,.F.);
#8010 = EDGE_CURVE('',#8011,#8013,#8015,.T.);
#8011 = VERTEX_POINT('',#8012);
#8012 = CARTESIAN_POINT('',(10.783378413095,9.369164850722,0.));
#8013 = VERTEX_POINT('',#8014);
#8014 = CARTESIAN_POINT('',(9.369164850722,10.783378413095,0.));
#8015 = SURFACE_CURVE('',#8016,(#8020,#8032),.PCURVE_S1.);
#8016 = LINE('',#8017,#8018);
#8017 = CARTESIAN_POINT('',(10.429825022502,9.722718241315,0.));
#8018 = VECTOR('',#8019,1.);
#8019 = DIRECTION('',(-0.707106781187,0.707106781187,0.));
#8020 = PCURVE('',#8021,#8026);
#8021 = PLANE('',#8022);
#8022 = AXIS2_PLACEMENT_3D('',#8023,#8024,#8025);
#8023 = CARTESIAN_POINT('',(10.783378413095,9.369164850722,0.));
#8024 = DIRECTION('',(-0.707106781187,-0.707106781187,0.));
#8025 = DIRECTION('',(-0.707106781187,0.707106781187,0.));
#8026 = DEFINITIONAL_REPRESENTATION('',(#8027),#8031);
#8027 = LINE('',#8028,#8029);
#8028 = CARTESIAN_POINT('',(0.5,0.));
#8029 = VECTOR('',#8030,1.);
#8030 = DIRECTION('',(1.,0.));
#8031 = ( GEOMETRIC_REPRESENTATION_CONTEXT(2) 
PARAMETRIC_REPRESENTATION_CONTEXT() REPRESENTATION_CONTEXT('2D SPACE',''
  ) );
#8032 = PCURVE('',#7161,#8033);
#8033 = DEFINITIONAL_REPRESENTATION('',(#8034),#8038);
#8034 = LINE('',#8035,#8036);
#8035 = CARTESIAN_POINT('',(10.429825022502,-9.722718241315));
#8036 = VECTOR('',#8037,1.);
#8037 = DIRECTION('',(-0.707106781187,-0.707106781187));
#8038 = ( GEOMETRIC_REPRESENTATION_CONTEXT(2) 
PARAMETRIC_REPRESENTATION_CONTEXT() REPRESENTATION_CONTEXT('2D SPACE',''
  ) );
#8039 = ORIENTED_EDGE('',*,*,#8040,.T.);
#8040 = EDGE_CURVE('',#8011,#8041,#8043,.T.);
#8041 = VERTEX_POINT('',#8042);
#8042 = CARTESIAN_POINT('',(10.783378413095,9.369164850722,-0.5));
#8043 = SURFACE_CURVE('',#8044,(#8048,#8055),.PCURVE_S1.);
#8044 = LINE('',#8045,#8046);
#8045 = CARTESIAN_POINT('',(10.783378413095,9.369164850722,0.));
#8046 = VECTOR('',#8047,1.);
#8047 = DIRECTION('',(0.,0.,-1.));
#8048 = PCURVE('',#8021,#8049);
#8049 = DEFINITIONAL_REPRESENTATION('',(#8050),#8054);
#8050 = LINE('',#8051,#8052);
#8051 = CARTESIAN_POINT('',(0.,0.));
#8052 = VECTOR('',#8053,1.);
#8053 = DIRECTION('',(0.,1.));
#8054 = ( GEOMETRIC_REPRESENTATION_CONTEXT(2) 
PARAMETRIC_REPRESENTATION_CONTEXT() REPRESENTATION_CONTEXT('2D SPACE',''
  ) );
#8055 = PCURVE('',#8056,#8061);
#8056 = PLANE('',#8057);
#8057 = AXIS2_PLACEMENT_3D('',#8058,#8059,#8060);
#8058 = CARTESIAN_POINT('',(11.313708498985,9.899494936612,0.));
#8059 = DIRECTION('',(0.707106781187,-0.707106781187,0.));
#8060 = DIRECTION('',(-0.707106781187,-0.707106781187,0.));
#8061 = DEFINITIONAL_REPRESENTATION('',(#8062),#8066);
#8062 = LINE('',#8063,#8064);
#8063 = CARTESIAN_POINT('',(0.75,0.));
#8064 = VECTOR('',#8065,1.);
#8065 = DIRECTION('',(-0.,1.));
#8066 = ( GEOMETRIC_REPRESENTATION_CONTEXT(2) 
PARAMETRIC_REPRESENTATION_CONTEXT() REPRESENTATION_CONTEXT('2D SPACE',''
  ) );
#8067 = ORIENTED_EDGE('',*,*,#8068,.T.);
#8068 = EDGE_CURVE('',#8041,#8069,#8071,.T.);
#8069 = VERTEX_POINT('',#8070);
#8070 = CARTESIAN_POINT('',(9.369164850722,10.783378413095,-0.5));
#8071 = SURFACE_CURVE('',#8072,(#8076,#8083),.PCURVE_S1.);
#8072 = LINE('',#8073,#8074);
#8073 = CARTESIAN_POINT('',(9.369164850722,10.783378413095,-0.5));
#8074 = VECTOR('',#8075,1.);
#8075 = DIRECTION('',(-0.707106781187,0.707106781187,0.));
#8076 = PCURVE('',#8021,#8077);
#8077 = DEFINITIONAL_REPRESENTATION('',(#8078),#8082);
#8078 = LINE('',#8079,#8080);
#8079 = CARTESIAN_POINT('',(2.,0.5));
#8080 = VECTOR('',#8081,1.);
#8081 = DIRECTION('',(1.,0.));
#8082 = ( GEOMETRIC_REPRESENTATION_CONTEXT(2) 
PARAMETRIC_REPRESENTATION_CONTEXT() REPRESENTATION_CONTEXT('2D SPACE',''
  ) );
#8083 = PCURVE('',#8084,#8089);
#8084 = PLANE('',#8085);
#8085 = AXIS2_PLACEMENT_3D('',#8086,#8087,#8088);
#8086 = CARTESIAN_POINT('',(10.341436674853,10.341436674853,-0.5));
#8087 = DIRECTION('',(0.,0.,-1.));
#8088 = DIRECTION('',(1.,-1.224646799147E-16,0.));
#8089 = DEFINITIONAL_REPRESENTATION('',(#8090),#8094);
#8090 = LINE('',#8091,#8092);
#8091 = CARTESIAN_POINT('',(-0.972271824131,-0.441941738242));
#8092 = VECTOR('',#8093,1.);
#8093 = DIRECTION('',(-0.707106781187,-0.707106781187));
#8094 = ( GEOMETRIC_REPRESENTATION_CONTEXT(2) 
PARAMETRIC_REPRESENTATION_CONTEXT() REPRESENTATION_CONTEXT('2D SPACE',''
  ) );
#8095 = ORIENTED_EDGE('',*,*,#8096,.F.);
#8096 = EDGE_CURVE('',#8013,#8069,#8097,.T.);
#8097 = SURFACE_CURVE('',#8098,(#8102,#8109),.PCURVE_S1.);
#8098 = LINE('',#8099,#8100);
#8099 = CARTESIAN_POINT('',(9.369164850722,10.783378413095,0.));
#8100 = VECTOR('',#8101,1.);
#8101 = DIRECTION('',(0.,0.,-1.));
#8102 = PCURVE('',#8021,#8103);
#8103 = DEFINITIONAL_REPRESENTATION('',(#8104),#8108);
#8104 = LINE('',#8105,#8106);
#8105 = CARTESIAN_POINT('',(2.,0.));
#8106 = VECTOR('',#8107,1.);
#8107 = DIRECTION('',(0.,1.));
#8108 = ( GEOMETRIC_REPRESENTATION_CONTEXT(2) 
PARAMETRIC_REPRESENTATION_CONTEXT() REPRESENTATION_CONTEXT('2D SPACE',''
  ) );
#8109 = PCURVE('',#8110,#8115);
#8110 = PLANE('',#8111);
#8111 = AXIS2_PLACEMENT_3D('',#8112,#8113,#8114);
#8112 = CARTESIAN_POINT('',(9.369164850722,10.783378413095,0.));
#8113 = DIRECTION('',(-0.707106781187,0.707106781187,0.));
#8114 = DIRECTION('',(0.707106781187,0.707106781187,0.));
#8115 = DEFINITIONAL_REPRESENTATION('',(#8116),#8120);
#8116 = LINE('',#8117,#8118);
#8117 = CARTESIAN_POINT('',(0.,0.));
#8118 = VECTOR('',#8119,1.);
#8119 = DIRECTION('',(0.,1.));
#8120 = ( GEOMETRIC_REPRESENTATION_CONTEXT(2) 
PARAMETRIC_REPRESENTATION_CONTEXT() REPRESENTATION_CONTEXT('2D SPACE',''
  ) );
#8121 = ADVANCED_FACE('',(#8122),#8056,.F.);
#8122 = FACE_BOUND('',#8123,.T.);
#8123 = EDGE_LOOP('',(#8124,#8145,#8168,#8189));
#8124 = ORIENTED_EDGE('',*,*,#8125,.F.);
#8125 = EDGE_CURVE('',#7913,#8011,#8126,.T.);
#8126 = SURFACE_CURVE('',#8127,(#8131,#8138),.PCURVE_S1.);
#8127 = LINE('',#8128,#8129);
#8128 = CARTESIAN_POINT('',(6.010407640086,4.596194077713,0.));
#8129 = VECTOR('',#8130,1.);
#8130 = DIRECTION('',(-0.707106781187,-0.707106781187,0.));
#8131 = PCURVE('',#8056,#8132);
#8132 = DEFINITIONAL_REPRESENTATION('',(#8133),#8137);
#8133 = LINE('',#8134,#8135);
#8134 = CARTESIAN_POINT('',(7.5,0.));
#8135 = VECTOR('',#8136,1.);
#8136 = DIRECTION('',(1.,0.));
#8137 = ( GEOMETRIC_REPRESENTATION_CONTEXT(2) 
PARAMETRIC_REPRESENTATION_CONTEXT() REPRESENTATION_CONTEXT('2D SPACE',''
  ) );
#8138 = PCURVE('',#7161,#8139);
#8139 = DEFINITIONAL_REPRESENTATION('',(#8140),#8144);
#8140 = LINE('',#8141,#8142);
#8141 = CARTESIAN_POINT('',(6.010407640086,-4.596194077713));
#8142 = VECTOR('',#8143,1.);
#8143 = DIRECTION('',(-0.707106781187,0.707106781187));
#8144 = ( GEOMETRIC_REPRESENTATION_CONTEXT(2) 
PARAMETRIC_REPRESENTATION_CONTEXT() REPRESENTATION_CONTEXT('2D SPACE',''
  ) );
#8145 = ORIENTED_EDGE('',*,*,#8146,.T.);
#8146 = EDGE_CURVE('',#7913,#8147,#8149,.T.);
#8147 = VERTEX_POINT('',#8148);
#8148 = CARTESIAN_POINT('',(11.313708498985,9.899494936612,-0.5));
#8149 = SURFACE_CURVE('',#8150,(#8154,#8161),.PCURVE_S1.);
#8150 = LINE('',#8151,#8152);
#8151 = CARTESIAN_POINT('',(11.313708498985,9.899494936612,0.));
#8152 = VECTOR('',#8153,1.);
#8153 = DIRECTION('',(0.,0.,-1.));
#8154 = PCURVE('',#8056,#8155);
#8155 = DEFINITIONAL_REPRESENTATION('',(#8156),#8160);
#8156 = LINE('',#8157,#8158);
#8157 = CARTESIAN_POINT('',(0.,0.));
#8158 = VECTOR('',#8159,1.);
#8159 = DIRECTION('',(-0.,1.));
#8160 = ( GEOMETRIC_REPRESENTATION_CONTEXT(2) 
PARAMETRIC_REPRESENTATION_CONTEXT() REPRESENTATION_CONTEXT('2D SPACE',''
  ) );
#8161 = PCURVE('',#7767,#8162);
#8162 = DEFINITIONAL_REPRESENTATION('',(#8163),#8167);
#8163 = LINE('',#8164,#8165);
#8164 = CARTESIAN_POINT('',(2.,0.));
#8165 = VECTOR('',#8166,1.);
#8166 = DIRECTION('',(0.,1.));
#8167 = ( GEOMETRIC_REPRESENTATION_CONTEXT(2) 
PARAMETRIC_REPRESENTATION_CONTEXT() REPRESENTATION_CONTEXT('2D SPACE',''
  ) );
#8168 = ORIENTED_EDGE('',*,*,#8169,.T.);
#8169 = EDGE_CURVE('',#8147,#8041,#8170,.T.);
#8170 = SURFACE_CURVE('',#8171,(#8175,#8182),.PCURVE_S1.);
#8171 = LINE('',#8172,#8173);
#8172 = CARTESIAN_POINT('',(10.783378413095,9.369164850722,-0.5));
#8173 = VECTOR('',#8174,1.);
#8174 = DIRECTION('',(-0.707106781187,-0.707106781187,0.));
#8175 = PCURVE('',#8056,#8176);
#8176 = DEFINITIONAL_REPRESENTATION('',(#8177),#8181);
#8177 = LINE('',#8178,#8179);
#8178 = CARTESIAN_POINT('',(0.75,0.5));
#8179 = VECTOR('',#8180,1.);
#8180 = DIRECTION('',(1.,0.));
#8181 = ( GEOMETRIC_REPRESENTATION_CONTEXT(2) 
PARAMETRIC_REPRESENTATION_CONTEXT() REPRESENTATION_CONTEXT('2D SPACE',''
  ) );
#8182 = PCURVE('',#8084,#8183);
#8183 = DEFINITIONAL_REPRESENTATION('',(#8184),#8188);
#8184 = LINE('',#8185,#8186);
#8185 = CARTESIAN_POINT('',(0.441941738242,0.972271824132));
#8186 = VECTOR('',#8187,1.);
#8187 = DIRECTION('',(-0.707106781187,0.707106781187));
#8188 = ( GEOMETRIC_REPRESENTATION_CONTEXT(2) 
PARAMETRIC_REPRESENTATION_CONTEXT() REPRESENTATION_CONTEXT('2D SPACE',''
  ) );
#8189 = ORIENTED_EDGE('',*,*,#8040,.F.);
#8190 = ADVANCED_FACE('',(#8191),#7767,.F.);
#8191 = FACE_BOUND('',#8192,.T.);
#8192 = EDGE_LOOP('',(#8193,#8216,#8237,#8238,#8239,#8240));
#8193 = ORIENTED_EDGE('',*,*,#8194,.T.);
#8194 = EDGE_CURVE('',#7722,#8195,#8197,.T.);
#8195 = VERTEX_POINT('',#8196);
#8196 = CARTESIAN_POINT('',(9.899494936612,11.313708498985,-0.5));
#8197 = SURFACE_CURVE('',#8198,(#8202,#8209),.PCURVE_S1.);
#8198 = LINE('',#8199,#8200);
#8199 = CARTESIAN_POINT('',(9.899494936612,11.313708498985,0.));
#8200 = VECTOR('',#8201,1.);
#8201 = DIRECTION('',(0.,0.,-1.));
#8202 = PCURVE('',#7767,#8203);
#8203 = DEFINITIONAL_REPRESENTATION('',(#8204),#8208);
#8204 = LINE('',#8205,#8206);
#8205 = CARTESIAN_POINT('',(0.,0.));
#8206 = VECTOR('',#8207,1.);
#8207 = DIRECTION('',(0.,1.));
#8208 = ( GEOMETRIC_REPRESENTATION_CONTEXT(2) 
PARAMETRIC_REPRESENTATION_CONTEXT() REPRESENTATION_CONTEXT('2D SPACE',''
  ) );
#8209 = PCURVE('',#8110,#8210);
#8210 = DEFINITIONAL_REPRESENTATION('',(#8211),#8215);
#8211 = LINE('',#8212,#8213);
#8212 = CARTESIAN_POINT('',(0.75,0.));
#8213 = VECTOR('',#8214,1.);
#8214 = DIRECTION('',(0.,1.));
#8215 = ( GEOMETRIC_REPRESENTATION_CONTEXT(2) 
PARAMETRIC_REPRESENTATION_CONTEXT() REPRESENTATION_CONTEXT('2D SPACE',''
  ) );
#8216 = ORIENTED_EDGE('',*,*,#8217,.T.);
#8217 = EDGE_CURVE('',#8195,#8147,#8218,.T.);
#8218 = SURFACE_CURVE('',#8219,(#8223,#8230),.PCURVE_S1.);
#8219 = LINE('',#8220,#8221);
#8220 = CARTESIAN_POINT('',(9.899494936612,11.313708498985,-0.5));
#8221 = VECTOR('',#8222,1.);
#8222 = DIRECTION('',(0.707106781187,-0.707106781187,0.));
#8223 = PCURVE('',#7767,#8224);
#8224 = DEFINITIONAL_REPRESENTATION('',(#8225),#8229);
#8225 = LINE('',#8226,#8227);
#8226 = CARTESIAN_POINT('',(0.,0.5));
#8227 = VECTOR('',#8228,1.);
#8228 = DIRECTION('',(1.,0.));
#8229 = ( GEOMETRIC_REPRESENTATION_CONTEXT(2) 
PARAMETRIC_REPRESENTATION_CONTEXT() REPRESENTATION_CONTEXT('2D SPACE',''
  ) );
#8230 = PCURVE('',#8084,#8231);
#8231 = DEFINITIONAL_REPRESENTATION('',(#8232),#8236);
#8232 = LINE('',#8233,#8234);
#8233 = CARTESIAN_POINT('',(-0.441941738242,-0.972271824132));
#8234 = VECTOR('',#8235,1.);
#8235 = DIRECTION('',(0.707106781187,0.707106781187));
#8236 = ( GEOMETRIC_REPRESENTATION_CONTEXT(2) 
PARAMETRIC_REPRESENTATION_CONTEXT() REPRESENTATION_CONTEXT('2D SPACE',''
  ) );
#8237 = ORIENTED_EDGE('',*,*,#8146,.F.);
#8238 = ORIENTED_EDGE('',*,*,#7959,.T.);
#8239 = ORIENTED_EDGE('',*,*,#7983,.F.);
#8240 = ORIENTED_EDGE('',*,*,#7751,.F.);
#8241 = ADVANCED_FACE('',(#8242),#8110,.F.);
#8242 = FACE_BOUND('',#8243,.T.);
#8243 = EDGE_LOOP('',(#8244,#8265,#8266,#8287));
#8244 = ORIENTED_EDGE('',*,*,#8245,.F.);
#8245 = EDGE_CURVE('',#8013,#7722,#8246,.T.);
#8246 = SURFACE_CURVE('',#8247,(#8251,#8258),.PCURVE_S1.);
#8247 = LINE('',#8248,#8249);
#8248 = CARTESIAN_POINT('',(4.331029034768,5.745242597141,0.));
#8249 = VECTOR('',#8250,1.);
#8250 = DIRECTION('',(0.707106781187,0.707106781187,0.));
#8251 = PCURVE('',#8110,#8252);
#8252 = DEFINITIONAL_REPRESENTATION('',(#8253),#8257);
#8253 = LINE('',#8254,#8255);
#8254 = CARTESIAN_POINT('',(-7.125,-0.));
#8255 = VECTOR('',#8256,1.);
#8256 = DIRECTION('',(1.,0.));
#8257 = ( GEOMETRIC_REPRESENTATION_CONTEXT(2) 
PARAMETRIC_REPRESENTATION_CONTEXT() REPRESENTATION_CONTEXT('2D SPACE',''
  ) );
#8258 = PCURVE('',#7161,#8259);
#8259 = DEFINITIONAL_REPRESENTATION('',(#8260),#8264);
#8260 = LINE('',#8261,#8262);
#8261 = CARTESIAN_POINT('',(4.331029034768,-5.745242597141));
#8262 = VECTOR('',#8263,1.);
#8263 = DIRECTION('',(0.707106781187,-0.707106781187));
#8264 = ( GEOMETRIC_REPRESENTATION_CONTEXT(2) 
PARAMETRIC_REPRESENTATION_CONTEXT() REPRESENTATION_CONTEXT('2D SPACE',''
  ) );
#8265 = ORIENTED_EDGE('',*,*,#8096,.T.);
#8266 = ORIENTED_EDGE('',*,*,#8267,.T.);
#8267 = EDGE_CURVE('',#8069,#8195,#8268,.T.);
#8268 = SURFACE_CURVE('',#8269,(#8273,#8280),.PCURVE_S1.);
#8269 = LINE('',#8270,#8271);
#8270 = CARTESIAN_POINT('',(10.429825022502,11.844038584875,-0.5));
#8271 = VECTOR('',#8272,1.);
#8272 = DIRECTION('',(0.707106781187,0.707106781187,0.));
#8273 = PCURVE('',#8110,#8274);
#8274 = DEFINITIONAL_REPRESENTATION('',(#8275),#8279);
#8275 = LINE('',#8276,#8277);
#8276 = CARTESIAN_POINT('',(1.5,0.5));
#8277 = VECTOR('',#8278,1.);
#8278 = DIRECTION('',(1.,0.));
#8279 = ( GEOMETRIC_REPRESENTATION_CONTEXT(2) 
PARAMETRIC_REPRESENTATION_CONTEXT() REPRESENTATION_CONTEXT('2D SPACE',''
  ) );
#8280 = PCURVE('',#8084,#8281);
#8281 = DEFINITIONAL_REPRESENTATION('',(#8282),#8286);
#8282 = LINE('',#8283,#8284);
#8283 = CARTESIAN_POINT('',(8.83883476483E-02,-1.502601910021));
#8284 = VECTOR('',#8285,1.);
#8285 = DIRECTION('',(0.707106781187,-0.707106781187));
#8286 = ( GEOMETRIC_REPRESENTATION_CONTEXT(2) 
PARAMETRIC_REPRESENTATION_CONTEXT() REPRESENTATION_CONTEXT('2D SPACE',''
  ) );
#8287 = ORIENTED_EDGE('',*,*,#8194,.F.);
#8288 = ADVANCED_FACE('',(#8289),#8084,.F.);
#8289 = FACE_BOUND('',#8290,.T.);
#8290 = EDGE_LOOP('',(#8291,#8292,#8293,#8294));
#8291 = ORIENTED_EDGE('',*,*,#8267,.F.);
#8292 = ORIENTED_EDGE('',*,*,#8068,.F.);
#8293 = ORIENTED_EDGE('',*,*,#8169,.F.);
#8294 = ORIENTED_EDGE('',*,*,#8217,.F.);
#8295 = ADVANCED_FACE('',(#8296),#8310,.T.);
#8296 = FACE_BOUND('',#8297,.T.);
#8297 = EDGE_LOOP('',(#8298,#8328,#8356,#8384));
#8298 = ORIENTED_EDGE('',*,*,#8299,.F.);
#8299 = EDGE_CURVE('',#8300,#8302,#8304,.T.);
#8300 = VERTEX_POINT('',#8301);
#8301 = CARTESIAN_POINT('',(11.313708498985,-9.899494936612,0.));
#8302 = VERTEX_POINT('',#8303);
#8303 = CARTESIAN_POINT('',(11.844038584875,-10.4298250225,0.));
#8304 = SURFACE_CURVE('',#8305,(#8309,#8321),.PCURVE_S1.);
#8305 = LINE('',#8306,#8307);
#8306 = CARTESIAN_POINT('',(6.275572683031,-4.861359120658,0.));
#8307 = VECTOR('',#8308,1.);
#8308 = DIRECTION('',(0.707106781187,-0.707106781187,0.));
#8309 = PCURVE('',#8310,#8315);
#8310 = PLANE('',#8311);
#8311 = AXIS2_PLACEMENT_3D('',#8312,#8313,#8314);
#8312 = CARTESIAN_POINT('',(11.844038584875,-10.4298250225,0.));
#8313 = DIRECTION('',(0.707106781187,0.707106781187,0.));
#8314 = DIRECTION('',(-0.707106781187,0.707106781187,0.));
#8315 = DEFINITIONAL_REPRESENTATION('',(#8316),#8320);
#8316 = LINE('',#8317,#8318);
#8317 = CARTESIAN_POINT('',(7.875,0.));
#8318 = VECTOR('',#8319,1.);
#8319 = DIRECTION('',(-1.,0.));
#8320 = ( GEOMETRIC_REPRESENTATION_CONTEXT(2) 
PARAMETRIC_REPRESENTATION_CONTEXT() REPRESENTATION_CONTEXT('2D SPACE',''
  ) );
#8321 = PCURVE('',#7161,#8322);
#8322 = DEFINITIONAL_REPRESENTATION('',(#8323),#8327);
#8323 = LINE('',#8324,#8325);
#8324 = CARTESIAN_POINT('',(6.275572683031,4.861359120658));
#8325 = VECTOR('',#8326,1.);
#8326 = DIRECTION('',(0.707106781187,0.707106781187));
#8327 = ( GEOMETRIC_REPRESENTATION_CONTEXT(2) 
PARAMETRIC_REPRESENTATION_CONTEXT() REPRESENTATION_CONTEXT('2D SPACE',''
  ) );
#8328 = ORIENTED_EDGE('',*,*,#8329,.T.);
#8329 = EDGE_CURVE('',#8300,#8330,#8332,.T.);
#8330 = VERTEX_POINT('',#8331);
#8331 = CARTESIAN_POINT('',(11.313708498985,-9.899494936612,1.));
#8332 = SURFACE_CURVE('',#8333,(#8337,#8344),.PCURVE_S1.);
#8333 = LINE('',#8334,#8335);
#8334 = CARTESIAN_POINT('',(11.313708498985,-9.899494936612,0.));
#8335 = VECTOR('',#8336,1.);
#8336 = DIRECTION('',(0.,0.,1.));
#8337 = PCURVE('',#8310,#8338);
#8338 = DEFINITIONAL_REPRESENTATION('',(#8339),#8343);
#8339 = LINE('',#8340,#8341);
#8340 = CARTESIAN_POINT('',(0.75,0.));
#8341 = VECTOR('',#8342,1.);
#8342 = DIRECTION('',(0.,1.));
#8343 = ( GEOMETRIC_REPRESENTATION_CONTEXT(2) 
PARAMETRIC_REPRESENTATION_CONTEXT() REPRESENTATION_CONTEXT('2D SPACE',''
  ) );
#8344 = PCURVE('',#8345,#8350);
#8345 = PLANE('',#8346);
#8346 = AXIS2_PLACEMENT_3D('',#8347,#8348,#8349);
#8347 = CARTESIAN_POINT('',(11.313708498985,-9.899494936612,0.));
#8348 = DIRECTION('',(0.707106781187,-0.707106781187,0.));
#8349 = DIRECTION('',(-0.707106781187,-0.707106781187,0.));
#8350 = DEFINITIONAL_REPRESENTATION('',(#8351),#8355);
#8351 = LINE('',#8352,#8353);
#8352 = CARTESIAN_POINT('',(0.,0.));
#8353 = VECTOR('',#8354,1.);
#8354 = DIRECTION('',(0.,-1.));
#8355 = ( GEOMETRIC_REPRESENTATION_CONTEXT(2) 
PARAMETRIC_REPRESENTATION_CONTEXT() REPRESENTATION_CONTEXT('2D SPACE',''
  ) );
#8356 = ORIENTED_EDGE('',*,*,#8357,.F.);
#8357 = EDGE_CURVE('',#8358,#8330,#8360,.T.);
#8358 = VERTEX_POINT('',#8359);
#8359 = CARTESIAN_POINT('',(11.844038584875,-10.4298250225,1.));
#8360 = SURFACE_CURVE('',#8361,(#8365,#8372),.PCURVE_S1.);
#8361 = LINE('',#8362,#8363);
#8362 = CARTESIAN_POINT('',(11.844038584875,-10.4298250225,1.));
#8363 = VECTOR('',#8364,1.);
#8364 = DIRECTION('',(-0.707106781187,0.707106781187,0.));
#8365 = PCURVE('',#8310,#8366);
#8366 = DEFINITIONAL_REPRESENTATION('',(#8367),#8371);
#8367 = LINE('',#8368,#8369);
#8368 = CARTESIAN_POINT('',(0.,1.));
#8369 = VECTOR('',#8370,1.);
#8370 = DIRECTION('',(1.,0.));
#8371 = ( GEOMETRIC_REPRESENTATION_CONTEXT(2) 
PARAMETRIC_REPRESENTATION_CONTEXT() REPRESENTATION_CONTEXT('2D SPACE',''
  ) );
#8372 = PCURVE('',#8373,#8378);
#8373 = PLANE('',#8374);
#8374 = AXIS2_PLACEMENT_3D('',#8375,#8376,#8377);
#8375 = CARTESIAN_POINT('',(10.871766760743,-10.87176676074,1.));
#8376 = DIRECTION('',(0.,0.,1.));
#8377 = DIRECTION('',(6.123233995737E-17,1.,-0.));
#8378 = DEFINITIONAL_REPRESENTATION('',(#8379),#8383);
#8379 = LINE('',#8380,#8381);
#8380 = CARTESIAN_POINT('',(0.441941738242,-0.972271824132));
#8381 = VECTOR('',#8382,1.);
#8382 = DIRECTION('',(0.707106781187,0.707106781187));
#8383 = ( GEOMETRIC_REPRESENTATION_CONTEXT(2) 
PARAMETRIC_REPRESENTATION_CONTEXT() REPRESENTATION_CONTEXT('2D SPACE',''
  ) );
#8384 = ORIENTED_EDGE('',*,*,#8385,.F.);
#8385 = EDGE_CURVE('',#8302,#8358,#8386,.T.);
#8386 = SURFACE_CURVE('',#8387,(#8391,#8398),.PCURVE_S1.);
#8387 = LINE('',#8388,#8389);
#8388 = CARTESIAN_POINT('',(11.844038584875,-10.4298250225,0.));
#8389 = VECTOR('',#8390,1.);
#8390 = DIRECTION('',(0.,0.,1.));
#8391 = PCURVE('',#8310,#8392);
#8392 = DEFINITIONAL_REPRESENTATION('',(#8393),#8397);
#8393 = LINE('',#8394,#8395);
#8394 = CARTESIAN_POINT('',(0.,0.));
#8395 = VECTOR('',#8396,1.);
#8396 = DIRECTION('',(0.,1.));
#8397 = ( GEOMETRIC_REPRESENTATION_CONTEXT(2) 
PARAMETRIC_REPRESENTATION_CONTEXT() REPRESENTATION_CONTEXT('2D SPACE',''
  ) );
#8398 = PCURVE('',#8399,#8404);
#8399 = PLANE('',#8400);
#8400 = AXIS2_PLACEMENT_3D('',#8401,#8402,#8403);
#8401 = CARTESIAN_POINT('',(10.429825022502,-11.84403858487,0.));
#8402 = DIRECTION('',(0.707106781187,-0.707106781187,0.));
#8403 = DIRECTION('',(0.707106781187,0.707106781187,0.));
#8404 = DEFINITIONAL_REPRESENTATION('',(#8405),#8409);
#8405 = LINE('',#8406,#8407);
#8406 = CARTESIAN_POINT('',(2.,0.));
#8407 = VECTOR('',#8408,1.);
#8408 = DIRECTION('',(0.,1.));
#8409 = ( GEOMETRIC_REPRESENTATION_CONTEXT(2) 
PARAMETRIC_REPRESENTATION_CONTEXT() REPRESENTATION_CONTEXT('2D SPACE',''
  ) );
#8410 = ADVANCED_FACE('',(#8411),#8399,.T.);
#8411 = FACE_BOUND('',#8412,.T.);
#8412 = EDGE_LOOP('',(#8413,#8436,#8437,#8460));
#8413 = ORIENTED_EDGE('',*,*,#8414,.F.);
#8414 = EDGE_CURVE('',#8302,#8415,#8417,.T.);
#8415 = VERTEX_POINT('',#8416);
#8416 = CARTESIAN_POINT('',(10.429825022502,-11.84403858487,0.));
#8417 = SURFACE_CURVE('',#8418,(#8422,#8429),.PCURVE_S1.);
#8418 = LINE('',#8419,#8420);
#8419 = CARTESIAN_POINT('',(10.783378413095,-11.49048519428,0.));
#8420 = VECTOR('',#8421,1.);
#8421 = DIRECTION('',(-0.707106781187,-0.707106781187,0.));
#8422 = PCURVE('',#8399,#8423);
#8423 = DEFINITIONAL_REPRESENTATION('',(#8424),#8428);
#8424 = LINE('',#8425,#8426);
#8425 = CARTESIAN_POINT('',(0.5,0.));
#8426 = VECTOR('',#8427,1.);
#8427 = DIRECTION('',(-1.,0.));
#8428 = ( GEOMETRIC_REPRESENTATION_CONTEXT(2) 
PARAMETRIC_REPRESENTATION_CONTEXT() REPRESENTATION_CONTEXT('2D SPACE',''
  ) );
#8429 = PCURVE('',#7161,#8430);
#8430 = DEFINITIONAL_REPRESENTATION('',(#8431),#8435);
#8431 = LINE('',#8432,#8433);
#8432 = CARTESIAN_POINT('',(10.783378413095,11.490485194281));
#8433 = VECTOR('',#8434,1.);
#8434 = DIRECTION('',(-0.707106781187,0.707106781187));
#8435 = ( GEOMETRIC_REPRESENTATION_CONTEXT(2) 
PARAMETRIC_REPRESENTATION_CONTEXT() REPRESENTATION_CONTEXT('2D SPACE',''
  ) );
#8436 = ORIENTED_EDGE('',*,*,#8385,.T.);
#8437 = ORIENTED_EDGE('',*,*,#8438,.F.);
#8438 = EDGE_CURVE('',#8439,#8358,#8441,.T.);
#8439 = VERTEX_POINT('',#8440);
#8440 = CARTESIAN_POINT('',(10.429825022502,-11.84403858487,1.));
#8441 = SURFACE_CURVE('',#8442,(#8446,#8453),.PCURVE_S1.);
#8442 = LINE('',#8443,#8444);
#8443 = CARTESIAN_POINT('',(10.429825022502,-11.84403858487,1.));
#8444 = VECTOR('',#8445,1.);
#8445 = DIRECTION('',(0.707106781187,0.707106781187,0.));
#8446 = PCURVE('',#8399,#8447);
#8447 = DEFINITIONAL_REPRESENTATION('',(#8448),#8452);
#8448 = LINE('',#8449,#8450);
#8449 = CARTESIAN_POINT('',(0.,1.));
#8450 = VECTOR('',#8451,1.);
#8451 = DIRECTION('',(1.,0.));
#8452 = ( GEOMETRIC_REPRESENTATION_CONTEXT(2) 
PARAMETRIC_REPRESENTATION_CONTEXT() REPRESENTATION_CONTEXT('2D SPACE',''
  ) );
#8453 = PCURVE('',#8373,#8454);
#8454 = DEFINITIONAL_REPRESENTATION('',(#8455),#8459);
#8455 = LINE('',#8456,#8457);
#8456 = CARTESIAN_POINT('',(-0.972271824132,0.441941738242));
#8457 = VECTOR('',#8458,1.);
#8458 = DIRECTION('',(0.707106781187,-0.707106781187));
#8459 = ( GEOMETRIC_REPRESENTATION_CONTEXT(2) 
PARAMETRIC_REPRESENTATION_CONTEXT() REPRESENTATION_CONTEXT('2D SPACE',''
  ) );
#8460 = ORIENTED_EDGE('',*,*,#8461,.F.);
#8461 = EDGE_CURVE('',#8415,#8439,#8462,.T.);
#8462 = SURFACE_CURVE('',#8463,(#8467,#8474),.PCURVE_S1.);
#8463 = LINE('',#8464,#8465);
#8464 = CARTESIAN_POINT('',(10.429825022502,-11.84403858487,0.));
#8465 = VECTOR('',#8466,1.);
#8466 = DIRECTION('',(0.,0.,1.));
#8467 = PCURVE('',#8399,#8468);
#8468 = DEFINITIONAL_REPRESENTATION('',(#8469),#8473);
#8469 = LINE('',#8470,#8471);
#8470 = CARTESIAN_POINT('',(0.,0.));
#8471 = VECTOR('',#8472,1.);
#8472 = DIRECTION('',(0.,1.));
#8473 = ( GEOMETRIC_REPRESENTATION_CONTEXT(2) 
PARAMETRIC_REPRESENTATION_CONTEXT() REPRESENTATION_CONTEXT('2D SPACE',''
  ) );
#8474 = PCURVE('',#8475,#8480);
#8475 = PLANE('',#8476);
#8476 = AXIS2_PLACEMENT_3D('',#8477,#8478,#8479);
#8477 = CARTESIAN_POINT('',(9.899494936612,-11.31370849898,0.));
#8478 = DIRECTION('',(-0.707106781187,-0.707106781187,0.));
#8479 = DIRECTION('',(0.707106781187,-0.707106781187,0.));
#8480 = DEFINITIONAL_REPRESENTATION('',(#8481),#8485);
#8481 = LINE('',#8482,#8483);
#8482 = CARTESIAN_POINT('',(0.75,0.));
#8483 = VECTOR('',#8484,1.);
#8484 = DIRECTION('',(0.,1.));
#8485 = ( GEOMETRIC_REPRESENTATION_CONTEXT(2) 
PARAMETRIC_REPRESENTATION_CONTEXT() REPRESENTATION_CONTEXT('2D SPACE',''
  ) );
#8486 = ADVANCED_FACE('',(#8487),#8475,.T.);
#8487 = FACE_BOUND('',#8488,.T.);
#8488 = EDGE_LOOP('',(#8489,#8512,#8513,#8536));
#8489 = ORIENTED_EDGE('',*,*,#8490,.F.);
#8490 = EDGE_CURVE('',#8415,#8491,#8493,.T.);
#8491 = VERTEX_POINT('',#8492);
#8492 = CARTESIAN_POINT('',(9.899494936612,-11.31370849898,0.));
#8493 = SURFACE_CURVE('',#8494,(#8498,#8505),.PCURVE_S1.);
#8494 = LINE('',#8495,#8496);
#8495 = CARTESIAN_POINT('',(4.596194077713,-6.010407640086,0.));
#8496 = VECTOR('',#8497,1.);
#8497 = DIRECTION('',(-0.707106781187,0.707106781187,0.));
#8498 = PCURVE('',#8475,#8499);
#8499 = DEFINITIONAL_REPRESENTATION('',(#8500),#8504);
#8500 = LINE('',#8501,#8502);
#8501 = CARTESIAN_POINT('',(-7.5,0.));
#8502 = VECTOR('',#8503,1.);
#8503 = DIRECTION('',(-1.,0.));
#8504 = ( GEOMETRIC_REPRESENTATION_CONTEXT(2) 
PARAMETRIC_REPRESENTATION_CONTEXT() REPRESENTATION_CONTEXT('2D SPACE',''
  ) );
#8505 = PCURVE('',#7161,#8506);
#8506 = DEFINITIONAL_REPRESENTATION('',(#8507),#8511);
#8507 = LINE('',#8508,#8509);
#8508 = CARTESIAN_POINT('',(4.596194077713,6.010407640086));
#8509 = VECTOR('',#8510,1.);
#8510 = DIRECTION('',(-0.707106781187,-0.707106781187));
#8511 = ( GEOMETRIC_REPRESENTATION_CONTEXT(2) 
PARAMETRIC_REPRESENTATION_CONTEXT() REPRESENTATION_CONTEXT('2D SPACE',''
  ) );
#8512 = ORIENTED_EDGE('',*,*,#8461,.T.);
#8513 = ORIENTED_EDGE('',*,*,#8514,.F.);
#8514 = EDGE_CURVE('',#8515,#8439,#8517,.T.);
#8515 = VERTEX_POINT('',#8516);
#8516 = CARTESIAN_POINT('',(9.899494936612,-11.31370849898,1.));
#8517 = SURFACE_CURVE('',#8518,(#8522,#8529),.PCURVE_S1.);
#8518 = LINE('',#8519,#8520);
#8519 = CARTESIAN_POINT('',(9.369164850722,-10.78337841309,1.));
#8520 = VECTOR('',#8521,1.);
#8521 = DIRECTION('',(0.707106781187,-0.707106781187,0.));
#8522 = PCURVE('',#8475,#8523);
#8523 = DEFINITIONAL_REPRESENTATION('',(#8524),#8528);
#8524 = LINE('',#8525,#8526);
#8525 = CARTESIAN_POINT('',(-0.75,1.));
#8526 = VECTOR('',#8527,1.);
#8527 = DIRECTION('',(1.,0.));
#8528 = ( GEOMETRIC_REPRESENTATION_CONTEXT(2) 
PARAMETRIC_REPRESENTATION_CONTEXT() REPRESENTATION_CONTEXT('2D SPACE',''
  ) );
#8529 = PCURVE('',#8373,#8530);
#8530 = DEFINITIONAL_REPRESENTATION('',(#8531),#8535);
#8531 = LINE('',#8532,#8533);
#8532 = CARTESIAN_POINT('',(8.83883476483E-02,1.502601910021));
#8533 = VECTOR('',#8534,1.);
#8534 = DIRECTION('',(-0.707106781187,-0.707106781187));
#8535 = ( GEOMETRIC_REPRESENTATION_CONTEXT(2) 
PARAMETRIC_REPRESENTATION_CONTEXT() REPRESENTATION_CONTEXT('2D SPACE',''
  ) );
#8536 = ORIENTED_EDGE('',*,*,#8537,.F.);
#8537 = EDGE_CURVE('',#8491,#8515,#8538,.T.);
#8538 = SURFACE_CURVE('',#8539,(#8543,#8550),.PCURVE_S1.);
#8539 = LINE('',#8540,#8541);
#8540 = CARTESIAN_POINT('',(9.899494936612,-11.31370849898,0.));
#8541 = VECTOR('',#8542,1.);
#8542 = DIRECTION('',(0.,0.,1.));
#8543 = PCURVE('',#8475,#8544);
#8544 = DEFINITIONAL_REPRESENTATION('',(#8545),#8549);
#8545 = LINE('',#8546,#8547);
#8546 = CARTESIAN_POINT('',(0.,0.));
#8547 = VECTOR('',#8548,1.);
#8548 = DIRECTION('',(0.,1.));
#8549 = ( GEOMETRIC_REPRESENTATION_CONTEXT(2) 
PARAMETRIC_REPRESENTATION_CONTEXT() REPRESENTATION_CONTEXT('2D SPACE',''
  ) );
#8550 = PCURVE('',#8345,#8551);
#8551 = DEFINITIONAL_REPRESENTATION('',(#8552),#8556);
#8552 = LINE('',#8553,#8554);
#8553 = CARTESIAN_POINT('',(2.,0.));
#8554 = VECTOR('',#8555,1.);
#8555 = DIRECTION('',(0.,-1.));
#8556 = ( GEOMETRIC_REPRESENTATION_CONTEXT(2) 
PARAMETRIC_REPRESENTATION_CONTEXT() REPRESENTATION_CONTEXT('2D SPACE',''
  ) );
#8557 = ADVANCED_FACE('',(#8558),#8373,.T.);
#8558 = FACE_BOUND('',#8559,.T.);
#8559 = EDGE_LOOP('',(#8560,#8581,#8582,#8583));
#8560 = ORIENTED_EDGE('',*,*,#8561,.T.);
#8561 = EDGE_CURVE('',#8330,#8515,#8562,.T.);
#8562 = SURFACE_CURVE('',#8563,(#8567,#8574),.PCURVE_S1.);
#8563 = LINE('',#8564,#8565);
#8564 = CARTESIAN_POINT('',(9.899494936612,-11.31370849898,1.));
#8565 = VECTOR('',#8566,1.);
#8566 = DIRECTION('',(-0.707106781187,-0.707106781187,0.));
#8567 = PCURVE('',#8373,#8568);
#8568 = DEFINITIONAL_REPRESENTATION('',(#8569),#8573);
#8569 = LINE('',#8570,#8571);
#8570 = CARTESIAN_POINT('',(-0.441941738242,0.972271824132));
#8571 = VECTOR('',#8572,1.);
#8572 = DIRECTION('',(-0.707106781187,0.707106781187));
#8573 = ( GEOMETRIC_REPRESENTATION_CONTEXT(2) 
PARAMETRIC_REPRESENTATION_CONTEXT() REPRESENTATION_CONTEXT('2D SPACE',''
  ) );
#8574 = PCURVE('',#8345,#8575);
#8575 = DEFINITIONAL_REPRESENTATION('',(#8576),#8580);
#8576 = LINE('',#8577,#8578);
#8577 = CARTESIAN_POINT('',(2.,-1.));
#8578 = VECTOR('',#8579,1.);
#8579 = DIRECTION('',(1.,0.));
#8580 = ( GEOMETRIC_REPRESENTATION_CONTEXT(2) 
PARAMETRIC_REPRESENTATION_CONTEXT() REPRESENTATION_CONTEXT('2D SPACE',''
  ) );
#8581 = ORIENTED_EDGE('',*,*,#8514,.T.);
#8582 = ORIENTED_EDGE('',*,*,#8438,.T.);
#8583 = ORIENTED_EDGE('',*,*,#8357,.T.);
#8584 = ADVANCED_FACE('',(#8585),#8599,.F.);
#8585 = FACE_BOUND('',#8586,.T.);
#8586 = EDGE_LOOP('',(#8587,#8617,#8645,#8673));
#8587 = ORIENTED_EDGE('',*,*,#8588,.F.);
#8588 = EDGE_CURVE('',#8589,#8591,#8593,.T.);
#8589 = VERTEX_POINT('',#8590);
#8590 = CARTESIAN_POINT('',(9.369164850722,-10.78337841309,0.));
#8591 = VERTEX_POINT('',#8592);
#8592 = CARTESIAN_POINT('',(10.783378413095,-9.369164850722,0.));
#8593 = SURFACE_CURVE('',#8594,(#8598,#8610),.PCURVE_S1.);
#8594 = LINE('',#8595,#8596);
#8595 = CARTESIAN_POINT('',(9.722718241315,-10.4298250225,0.));
#8596 = VECTOR('',#8597,1.);
#8597 = DIRECTION('',(0.707106781187,0.707106781187,0.));
#8598 = PCURVE('',#8599,#8604);
#8599 = PLANE('',#8600);
#8600 = AXIS2_PLACEMENT_3D('',#8601,#8602,#8603);
#8601 = CARTESIAN_POINT('',(9.369164850722,-10.78337841309,0.));
#8602 = DIRECTION('',(-0.707106781187,0.707106781187,0.));
#8603 = DIRECTION('',(0.707106781187,0.707106781187,0.));
#8604 = DEFINITIONAL_REPRESENTATION('',(#8605),#8609);
#8605 = LINE('',#8606,#8607);
#8606 = CARTESIAN_POINT('',(0.5,0.));
#8607 = VECTOR('',#8608,1.);
#8608 = DIRECTION('',(1.,0.));
#8609 = ( GEOMETRIC_REPRESENTATION_CONTEXT(2) 
PARAMETRIC_REPRESENTATION_CONTEXT() REPRESENTATION_CONTEXT('2D SPACE',''
  ) );
#8610 = PCURVE('',#7161,#8611);
#8611 = DEFINITIONAL_REPRESENTATION('',(#8612),#8616);
#8612 = LINE('',#8613,#8614);
#8613 = CARTESIAN_POINT('',(9.722718241315,10.429825022502));
#8614 = VECTOR('',#8615,1.);
#8615 = DIRECTION('',(0.707106781187,-0.707106781187));
#8616 = ( GEOMETRIC_REPRESENTATION_CONTEXT(2) 
PARAMETRIC_REPRESENTATION_CONTEXT() REPRESENTATION_CONTEXT('2D SPACE',''
  ) );
#8617 = ORIENTED_EDGE('',*,*,#8618,.T.);
#8618 = EDGE_CURVE('',#8589,#8619,#8621,.T.);
#8619 = VERTEX_POINT('',#8620);
#8620 = CARTESIAN_POINT('',(9.369164850722,-10.78337841309,-0.5));
#8621 = SURFACE_CURVE('',#8622,(#8626,#8633),.PCURVE_S1.);
#8622 = LINE('',#8623,#8624);
#8623 = CARTESIAN_POINT('',(9.369164850722,-10.78337841309,0.));
#8624 = VECTOR('',#8625,1.);
#8625 = DIRECTION('',(0.,0.,-1.));
#8626 = PCURVE('',#8599,#8627);
#8627 = DEFINITIONAL_REPRESENTATION('',(#8628),#8632);
#8628 = LINE('',#8629,#8630);
#8629 = CARTESIAN_POINT('',(0.,0.));
#8630 = VECTOR('',#8631,1.);
#8631 = DIRECTION('',(0.,1.));
#8632 = ( GEOMETRIC_REPRESENTATION_CONTEXT(2) 
PARAMETRIC_REPRESENTATION_CONTEXT() REPRESENTATION_CONTEXT('2D SPACE',''
  ) );
#8633 = PCURVE('',#8634,#8639);
#8634 = PLANE('',#8635);
#8635 = AXIS2_PLACEMENT_3D('',#8636,#8637,#8638);
#8636 = CARTESIAN_POINT('',(9.899494936612,-11.31370849898,0.));
#8637 = DIRECTION('',(-0.707106781187,-0.707106781187,0.));
#8638 = DIRECTION('',(-0.707106781187,0.707106781187,0.));
#8639 = DEFINITIONAL_REPRESENTATION('',(#8640),#8644);
#8640 = LINE('',#8641,#8642);
#8641 = CARTESIAN_POINT('',(0.75,0.));
#8642 = VECTOR('',#8643,1.);
#8643 = DIRECTION('',(0.,1.));
#8644 = ( GEOMETRIC_REPRESENTATION_CONTEXT(2) 
PARAMETRIC_REPRESENTATION_CONTEXT() REPRESENTATION_CONTEXT('2D SPACE',''
  ) );
#8645 = ORIENTED_EDGE('',*,*,#8646,.T.);
#8646 = EDGE_CURVE('',#8619,#8647,#8649,.T.);
#8647 = VERTEX_POINT('',#8648);
#8648 = CARTESIAN_POINT('',(10.783378413095,-9.369164850722,-0.5));
#8649 = SURFACE_CURVE('',#8650,(#8654,#8661),.PCURVE_S1.);
#8650 = LINE('',#8651,#8652);
#8651 = CARTESIAN_POINT('',(10.783378413095,-9.369164850722,-0.5));
#8652 = VECTOR('',#8653,1.);
#8653 = DIRECTION('',(0.707106781187,0.707106781187,0.));
#8654 = PCURVE('',#8599,#8655);
#8655 = DEFINITIONAL_REPRESENTATION('',(#8656),#8660);
#8656 = LINE('',#8657,#8658);
#8657 = CARTESIAN_POINT('',(2.,0.5));
#8658 = VECTOR('',#8659,1.);
#8659 = DIRECTION('',(1.,0.));
#8660 = ( GEOMETRIC_REPRESENTATION_CONTEXT(2) 
PARAMETRIC_REPRESENTATION_CONTEXT() REPRESENTATION_CONTEXT('2D SPACE',''
  ) );
#8661 = PCURVE('',#8662,#8667);
#8662 = PLANE('',#8663);
#8663 = AXIS2_PLACEMENT_3D('',#8664,#8665,#8666);
#8664 = CARTESIAN_POINT('',(10.341436674853,-10.34143667485,-0.5));
#8665 = DIRECTION('',(0.,0.,-1.));
#8666 = DIRECTION('',(-6.123233995737E-17,-1.,-0.));
#8667 = DEFINITIONAL_REPRESENTATION('',(#8668),#8672);
#8668 = LINE('',#8669,#8670);
#8669 = CARTESIAN_POINT('',(-0.972271824131,-0.441941738242));
#8670 = VECTOR('',#8671,1.);
#8671 = DIRECTION('',(-0.707106781187,-0.707106781187));
#8672 = ( GEOMETRIC_REPRESENTATION_CONTEXT(2) 
PARAMETRIC_REPRESENTATION_CONTEXT() REPRESENTATION_CONTEXT('2D SPACE',''
  ) );
#8673 = ORIENTED_EDGE('',*,*,#8674,.F.);
#8674 = EDGE_CURVE('',#8591,#8647,#8675,.T.);
#8675 = SURFACE_CURVE('',#8676,(#8680,#8687),.PCURVE_S1.);
#8676 = LINE('',#8677,#8678);
#8677 = CARTESIAN_POINT('',(10.783378413095,-9.369164850722,0.));
#8678 = VECTOR('',#8679,1.);
#8679 = DIRECTION('',(0.,0.,-1.));
#8680 = PCURVE('',#8599,#8681);
#8681 = DEFINITIONAL_REPRESENTATION('',(#8682),#8686);
#8682 = LINE('',#8683,#8684);
#8683 = CARTESIAN_POINT('',(2.,0.));
#8684 = VECTOR('',#8685,1.);
#8685 = DIRECTION('',(0.,1.));
#8686 = ( GEOMETRIC_REPRESENTATION_CONTEXT(2) 
PARAMETRIC_REPRESENTATION_CONTEXT() REPRESENTATION_CONTEXT('2D SPACE',''
  ) );
#8687 = PCURVE('',#8688,#8693);
#8688 = PLANE('',#8689);
#8689 = AXIS2_PLACEMENT_3D('',#8690,#8691,#8692);
#8690 = CARTESIAN_POINT('',(10.783378413095,-9.369164850722,0.));
#8691 = DIRECTION('',(0.707106781187,0.707106781187,0.));
#8692 = DIRECTION('',(0.707106781187,-0.707106781187,0.));
#8693 = DEFINITIONAL_REPRESENTATION('',(#8694),#8698);
#8694 = LINE('',#8695,#8696);
#8695 = CARTESIAN_POINT('',(0.,0.));
#8696 = VECTOR('',#8697,1.);
#8697 = DIRECTION('',(0.,1.));
#8698 = ( GEOMETRIC_REPRESENTATION_CONTEXT(2) 
PARAMETRIC_REPRESENTATION_CONTEXT() REPRESENTATION_CONTEXT('2D SPACE',''
  ) );
#8699 = ADVANCED_FACE('',(#8700),#8634,.F.);
#8700 = FACE_BOUND('',#8701,.T.);
#8701 = EDGE_LOOP('',(#8702,#8723,#8746,#8767));
#8702 = ORIENTED_EDGE('',*,*,#8703,.F.);
#8703 = EDGE_CURVE('',#8491,#8589,#8704,.T.);
#8704 = SURFACE_CURVE('',#8705,(#8709,#8716),.PCURVE_S1.);
#8705 = LINE('',#8706,#8707);
#8706 = CARTESIAN_POINT('',(4.596194077713,-6.010407640086,0.));
#8707 = VECTOR('',#8708,1.);
#8708 = DIRECTION('',(-0.707106781187,0.707106781187,0.));
#8709 = PCURVE('',#8634,#8710);
#8710 = DEFINITIONAL_REPRESENTATION('',(#8711),#8715);
#8711 = LINE('',#8712,#8713);
#8712 = CARTESIAN_POINT('',(7.5,0.));
#8713 = VECTOR('',#8714,1.);
#8714 = DIRECTION('',(1.,0.));
#8715 = ( GEOMETRIC_REPRESENTATION_CONTEXT(2) 
PARAMETRIC_REPRESENTATION_CONTEXT() REPRESENTATION_CONTEXT('2D SPACE',''
  ) );
#8716 = PCURVE('',#7161,#8717);
#8717 = DEFINITIONAL_REPRESENTATION('',(#8718),#8722);
#8718 = LINE('',#8719,#8720);
#8719 = CARTESIAN_POINT('',(4.596194077713,6.010407640086));
#8720 = VECTOR('',#8721,1.);
#8721 = DIRECTION('',(-0.707106781187,-0.707106781187));
#8722 = ( GEOMETRIC_REPRESENTATION_CONTEXT(2) 
PARAMETRIC_REPRESENTATION_CONTEXT() REPRESENTATION_CONTEXT('2D SPACE',''
  ) );
#8723 = ORIENTED_EDGE('',*,*,#8724,.T.);
#8724 = EDGE_CURVE('',#8491,#8725,#8727,.T.);
#8725 = VERTEX_POINT('',#8726);
#8726 = CARTESIAN_POINT('',(9.899494936612,-11.31370849898,-0.5));
#8727 = SURFACE_CURVE('',#8728,(#8732,#8739),.PCURVE_S1.);
#8728 = LINE('',#8729,#8730);
#8729 = CARTESIAN_POINT('',(9.899494936612,-11.31370849898,0.));
#8730 = VECTOR('',#8731,1.);
#8731 = DIRECTION('',(0.,0.,-1.));
#8732 = PCURVE('',#8634,#8733);
#8733 = DEFINITIONAL_REPRESENTATION('',(#8734),#8738);
#8734 = LINE('',#8735,#8736);
#8735 = CARTESIAN_POINT('',(0.,0.));
#8736 = VECTOR('',#8737,1.);
#8737 = DIRECTION('',(0.,1.));
#8738 = ( GEOMETRIC_REPRESENTATION_CONTEXT(2) 
PARAMETRIC_REPRESENTATION_CONTEXT() REPRESENTATION_CONTEXT('2D SPACE',''
  ) );
#8739 = PCURVE('',#8345,#8740);
#8740 = DEFINITIONAL_REPRESENTATION('',(#8741),#8745);
#8741 = LINE('',#8742,#8743);
#8742 = CARTESIAN_POINT('',(2.,0.));
#8743 = VECTOR('',#8744,1.);
#8744 = DIRECTION('',(-0.,1.));
#8745 = ( GEOMETRIC_REPRESENTATION_CONTEXT(2) 
PARAMETRIC_REPRESENTATION_CONTEXT() REPRESENTATION_CONTEXT('2D SPACE',''
  ) );
#8746 = ORIENTED_EDGE('',*,*,#8747,.T.);
#8747 = EDGE_CURVE('',#8725,#8619,#8748,.T.);
#8748 = SURFACE_CURVE('',#8749,(#8753,#8760),.PCURVE_S1.);
#8749 = LINE('',#8750,#8751);
#8750 = CARTESIAN_POINT('',(9.369164850722,-10.78337841309,-0.5));
#8751 = VECTOR('',#8752,1.);
#8752 = DIRECTION('',(-0.707106781187,0.707106781187,0.));
#8753 = PCURVE('',#8634,#8754);
#8754 = DEFINITIONAL_REPRESENTATION('',(#8755),#8759);
#8755 = LINE('',#8756,#8757);
#8756 = CARTESIAN_POINT('',(0.75,0.5));
#8757 = VECTOR('',#8758,1.);
#8758 = DIRECTION('',(1.,0.));
#8759 = ( GEOMETRIC_REPRESENTATION_CONTEXT(2) 
PARAMETRIC_REPRESENTATION_CONTEXT() REPRESENTATION_CONTEXT('2D SPACE',''
  ) );
#8760 = PCURVE('',#8662,#8761);
#8761 = DEFINITIONAL_REPRESENTATION('',(#8762),#8766);
#8762 = LINE('',#8763,#8764);
#8763 = CARTESIAN_POINT('',(0.441941738242,0.972271824132));
#8764 = VECTOR('',#8765,1.);
#8765 = DIRECTION('',(-0.707106781187,0.707106781187));
#8766 = ( GEOMETRIC_REPRESENTATION_CONTEXT(2) 
PARAMETRIC_REPRESENTATION_CONTEXT() REPRESENTATION_CONTEXT('2D SPACE',''
  ) );
#8767 = ORIENTED_EDGE('',*,*,#8618,.F.);
#8768 = ADVANCED_FACE('',(#8769),#8345,.F.);
#8769 = FACE_BOUND('',#8770,.T.);
#8770 = EDGE_LOOP('',(#8771,#8794,#8815,#8816,#8817,#8818));
#8771 = ORIENTED_EDGE('',*,*,#8772,.T.);
#8772 = EDGE_CURVE('',#8300,#8773,#8775,.T.);
#8773 = VERTEX_POINT('',#8774);
#8774 = CARTESIAN_POINT('',(11.313708498985,-9.899494936612,-0.5));
#8775 = SURFACE_CURVE('',#8776,(#8780,#8787),.PCURVE_S1.);
#8776 = LINE('',#8777,#8778);
#8777 = CARTESIAN_POINT('',(11.313708498985,-9.899494936612,0.));
#8778 = VECTOR('',#8779,1.);
#8779 = DIRECTION('',(0.,0.,-1.));
#8780 = PCURVE('',#8345,#8781);
#8781 = DEFINITIONAL_REPRESENTATION('',(#8782),#8786);
#8782 = LINE('',#8783,#8784);
#8783 = CARTESIAN_POINT('',(0.,0.));
#8784 = VECTOR('',#8785,1.);
#8785 = DIRECTION('',(-0.,1.));
#8786 = ( GEOMETRIC_REPRESENTATION_CONTEXT(2) 
PARAMETRIC_REPRESENTATION_CONTEXT() REPRESENTATION_CONTEXT('2D SPACE',''
  ) );
#8787 = PCURVE('',#8688,#8788);
#8788 = DEFINITIONAL_REPRESENTATION('',(#8789),#8793);
#8789 = LINE('',#8790,#8791);
#8790 = CARTESIAN_POINT('',(0.75,0.));
#8791 = VECTOR('',#8792,1.);
#8792 = DIRECTION('',(0.,1.));
#8793 = ( GEOMETRIC_REPRESENTATION_CONTEXT(2) 
PARAMETRIC_REPRESENTATION_CONTEXT() REPRESENTATION_CONTEXT('2D SPACE',''
  ) );
#8794 = ORIENTED_EDGE('',*,*,#8795,.T.);
#8795 = EDGE_CURVE('',#8773,#8725,#8796,.T.);
#8796 = SURFACE_CURVE('',#8797,(#8801,#8808),.PCURVE_S1.);
#8797 = LINE('',#8798,#8799);
#8798 = CARTESIAN_POINT('',(11.313708498985,-9.899494936612,-0.5));
#8799 = VECTOR('',#8800,1.);
#8800 = DIRECTION('',(-0.707106781187,-0.707106781187,0.));
#8801 = PCURVE('',#8345,#8802);
#8802 = DEFINITIONAL_REPRESENTATION('',(#8803),#8807);
#8803 = LINE('',#8804,#8805);
#8804 = CARTESIAN_POINT('',(-0.,0.5));
#8805 = VECTOR('',#8806,1.);
#8806 = DIRECTION('',(1.,0.));
#8807 = ( GEOMETRIC_REPRESENTATION_CONTEXT(2) 
PARAMETRIC_REPRESENTATION_CONTEXT() REPRESENTATION_CONTEXT('2D SPACE',''
  ) );
#8808 = PCURVE('',#8662,#8809);
#8809 = DEFINITIONAL_REPRESENTATION('',(#8810),#8814);
#8810 = LINE('',#8811,#8812);
#8811 = CARTESIAN_POINT('',(-0.441941738242,-0.972271824132));
#8812 = VECTOR('',#8813,1.);
#8813 = DIRECTION('',(0.707106781187,0.707106781187));
#8814 = ( GEOMETRIC_REPRESENTATION_CONTEXT(2) 
PARAMETRIC_REPRESENTATION_CONTEXT() REPRESENTATION_CONTEXT('2D SPACE',''
  ) );
#8815 = ORIENTED_EDGE('',*,*,#8724,.F.);
#8816 = ORIENTED_EDGE('',*,*,#8537,.T.);
#8817 = ORIENTED_EDGE('',*,*,#8561,.F.);
#8818 = ORIENTED_EDGE('',*,*,#8329,.F.);
#8819 = ADVANCED_FACE('',(#8820),#8688,.F.);
#8820 = FACE_BOUND('',#8821,.T.);
#8821 = EDGE_LOOP('',(#8822,#8843,#8844,#8865));
#8822 = ORIENTED_EDGE('',*,*,#8823,.F.);
#8823 = EDGE_CURVE('',#8591,#8300,#8824,.T.);
#8824 = SURFACE_CURVE('',#8825,(#8829,#8836),.PCURVE_S1.);
#8825 = LINE('',#8826,#8827);
#8826 = CARTESIAN_POINT('',(5.745242597141,-4.331029034768,0.));
#8827 = VECTOR('',#8828,1.);
#8828 = DIRECTION('',(0.707106781187,-0.707106781187,0.));
#8829 = PCURVE('',#8688,#8830);
#8830 = DEFINITIONAL_REPRESENTATION('',(#8831),#8835);
#8831 = LINE('',#8832,#8833);
#8832 = CARTESIAN_POINT('',(-7.125,0.));
#8833 = VECTOR('',#8834,1.);
#8834 = DIRECTION('',(1.,0.));
#8835 = ( GEOMETRIC_REPRESENTATION_CONTEXT(2) 
PARAMETRIC_REPRESENTATION_CONTEXT() REPRESENTATION_CONTEXT('2D SPACE',''
  ) );
#8836 = PCURVE('',#7161,#8837);
#8837 = DEFINITIONAL_REPRESENTATION('',(#8838),#8842);
#8838 = LINE('',#8839,#8840);
#8839 = CARTESIAN_POINT('',(5.745242597141,4.331029034768));
#8840 = VECTOR('',#8841,1.);
#8841 = DIRECTION('',(0.707106781187,0.707106781187));
#8842 = ( GEOMETRIC_REPRESENTATION_CONTEXT(2) 
PARAMETRIC_REPRESENTATION_CONTEXT() REPRESENTATION_CONTEXT('2D SPACE',''
  ) );
#8843 = ORIENTED_EDGE('',*,*,#8674,.T.);
#8844 = ORIENTED_EDGE('',*,*,#8845,.T.);
#8845 = EDGE_CURVE('',#8647,#8773,#8846,.T.);
#8846 = SURFACE_CURVE('',#8847,(#8851,#8858),.PCURVE_S1.);
#8847 = LINE('',#8848,#8849);
#8848 = CARTESIAN_POINT('',(11.844038584875,-10.4298250225,-0.5));
#8849 = VECTOR('',#8850,1.);
#8850 = DIRECTION('',(0.707106781187,-0.707106781187,0.));
#8851 = PCURVE('',#8688,#8852);
#8852 = DEFINITIONAL_REPRESENTATION('',(#8853),#8857);
#8853 = LINE('',#8854,#8855);
#8854 = CARTESIAN_POINT('',(1.5,0.5));
#8855 = VECTOR('',#8856,1.);
#8856 = DIRECTION('',(1.,0.));
#8857 = ( GEOMETRIC_REPRESENTATION_CONTEXT(2) 
PARAMETRIC_REPRESENTATION_CONTEXT() REPRESENTATION_CONTEXT('2D SPACE',''
  ) );
#8858 = PCURVE('',#8662,#8859);
#8859 = DEFINITIONAL_REPRESENTATION('',(#8860),#8864);
#8860 = LINE('',#8861,#8862);
#8861 = CARTESIAN_POINT('',(8.83883476483E-02,-1.502601910021));
#8862 = VECTOR('',#8863,1.);
#8863 = DIRECTION('',(0.707106781187,-0.707106781187));
#8864 = ( GEOMETRIC_REPRESENTATION_CONTEXT(2) 
PARAMETRIC_REPRESENTATION_CONTEXT() REPRESENTATION_CONTEXT('2D SPACE',''
  ) );
#8865 = ORIENTED_EDGE('',*,*,#8772,.F.);
#8866 = ADVANCED_FACE('',(#8867),#8662,.F.);
#8867 = FACE_BOUND('',#8868,.T.);
#8868 = EDGE_LOOP('',(#8869,#8870,#8871,#8872));
#8869 = ORIENTED_EDGE('',*,*,#8845,.F.);
#8870 = ORIENTED_EDGE('',*,*,#8646,.F.);
#8871 = ORIENTED_EDGE('',*,*,#8747,.F.);
#8872 = ORIENTED_EDGE('',*,*,#8795,.F.);
#8873 = ADVANCED_FACE('',(#8874),#8888,.T.);
#8874 = FACE_BOUND('',#8875,.T.);
#8875 = EDGE_LOOP('',(#8876,#8906,#8934,#8962));
#8876 = ORIENTED_EDGE('',*,*,#8877,.F.);
#8877 = EDGE_CURVE('',#8878,#8880,#8882,.T.);
#8878 = VERTEX_POINT('',#8879);
#8879 = CARTESIAN_POINT('',(-9.899494936612,-11.31370849898,0.));
#8880 = VERTEX_POINT('',#8881);
#8881 = CARTESIAN_POINT('',(-10.4298250225,-11.84403858487,0.));
#8882 = SURFACE_CURVE('',#8883,(#8887,#8899),.PCURVE_S1.);
#8883 = LINE('',#8884,#8885);
#8884 = CARTESIAN_POINT('',(-4.861359120658,-6.275572683031,0.));
#8885 = VECTOR('',#8886,1.);
#8886 = DIRECTION('',(-0.707106781187,-0.707106781187,0.));
#8887 = PCURVE('',#8888,#8893);
#8888 = PLANE('',#8889);
#8889 = AXIS2_PLACEMENT_3D('',#8890,#8891,#8892);
#8890 = CARTESIAN_POINT('',(-10.4298250225,-11.84403858487,0.));
#8891 = DIRECTION('',(0.707106781187,-0.707106781187,0.));
#8892 = DIRECTION('',(0.707106781187,0.707106781187,0.));
#8893 = DEFINITIONAL_REPRESENTATION('',(#8894),#8898);
#8894 = LINE('',#8895,#8896);
#8895 = CARTESIAN_POINT('',(7.875,0.));
#8896 = VECTOR('',#8897,1.);
#8897 = DIRECTION('',(-1.,0.));
#8898 = ( GEOMETRIC_REPRESENTATION_CONTEXT(2) 
PARAMETRIC_REPRESENTATION_CONTEXT() REPRESENTATION_CONTEXT('2D SPACE',''
  ) );
#8899 = PCURVE('',#7161,#8900);
#8900 = DEFINITIONAL_REPRESENTATION('',(#8901),#8905);
#8901 = LINE('',#8902,#8903);
#8902 = CARTESIAN_POINT('',(-4.861359120658,6.275572683031));
#8903 = VECTOR('',#8904,1.);
#8904 = DIRECTION('',(-0.707106781187,0.707106781187));
#8905 = ( GEOMETRIC_REPRESENTATION_CONTEXT(2) 
PARAMETRIC_REPRESENTATION_CONTEXT() REPRESENTATION_CONTEXT('2D SPACE',''
  ) );
#8906 = ORIENTED_EDGE('',*,*,#8907,.T.);
#8907 = EDGE_CURVE('',#8878,#8908,#8910,.T.);
#8908 = VERTEX_POINT('',#8909);
#8909 = CARTESIAN_POINT('',(-9.899494936612,-11.31370849898,1.));
#8910 = SURFACE_CURVE('',#8911,(#8915,#8922),.PCURVE_S1.);
#8911 = LINE('',#8912,#8913);
#8912 = CARTESIAN_POINT('',(-9.899494936612,-11.31370849898,0.));
#8913 = VECTOR('',#8914,1.);
#8914 = DIRECTION('',(0.,0.,1.));
#8915 = PCURVE('',#8888,#8916);
#8916 = DEFINITIONAL_REPRESENTATION('',(#8917),#8921);
#8917 = LINE('',#8918,#8919);
#8918 = CARTESIAN_POINT('',(0.75,0.));
#8919 = VECTOR('',#8920,1.);
#8920 = DIRECTION('',(0.,1.));
#8921 = ( GEOMETRIC_REPRESENTATION_CONTEXT(2) 
PARAMETRIC_REPRESENTATION_CONTEXT() REPRESENTATION_CONTEXT('2D SPACE',''
  ) );
#8922 = PCURVE('',#8923,#8928);
#8923 = PLANE('',#8924);
#8924 = AXIS2_PLACEMENT_3D('',#8925,#8926,#8927);
#8925 = CARTESIAN_POINT('',(-9.899494936612,-11.31370849898,0.));
#8926 = DIRECTION('',(-0.707106781187,-0.707106781187,0.));
#8927 = DIRECTION('',(-0.707106781187,0.707106781187,0.));
#8928 = DEFINITIONAL_REPRESENTATION('',(#8929),#8933);
#8929 = LINE('',#8930,#8931);
#8930 = CARTESIAN_POINT('',(0.,0.));
#8931 = VECTOR('',#8932,1.);
#8932 = DIRECTION('',(0.,-1.));
#8933 = ( GEOMETRIC_REPRESENTATION_CONTEXT(2) 
PARAMETRIC_REPRESENTATION_CONTEXT() REPRESENTATION_CONTEXT('2D SPACE',''
  ) );
#8934 = ORIENTED_EDGE('',*,*,#8935,.F.);
#8935 = EDGE_CURVE('',#8936,#8908,#8938,.T.);
#8936 = VERTEX_POINT('',#8937);
#8937 = CARTESIAN_POINT('',(-10.4298250225,-11.84403858487,1.));
#8938 = SURFACE_CURVE('',#8939,(#8943,#8950),.PCURVE_S1.);
#8939 = LINE('',#8940,#8941);
#8940 = CARTESIAN_POINT('',(-10.4298250225,-11.84403858487,1.));
#8941 = VECTOR('',#8942,1.);
#8942 = DIRECTION('',(0.707106781187,0.707106781187,0.));
#8943 = PCURVE('',#8888,#8944);
#8944 = DEFINITIONAL_REPRESENTATION('',(#8945),#8949);
#8945 = LINE('',#8946,#8947);
#8946 = CARTESIAN_POINT('',(0.,1.));
#8947 = VECTOR('',#8948,1.);
#8948 = DIRECTION('',(1.,0.));
#8949 = ( GEOMETRIC_REPRESENTATION_CONTEXT(2) 
PARAMETRIC_REPRESENTATION_CONTEXT() REPRESENTATION_CONTEXT('2D SPACE',''
  ) );
#8950 = PCURVE('',#8951,#8956);
#8951 = PLANE('',#8952);
#8952 = AXIS2_PLACEMENT_3D('',#8953,#8954,#8955);
#8953 = CARTESIAN_POINT('',(-10.87176676074,-10.87176676074,1.));
#8954 = DIRECTION('',(0.,0.,1.));
#8955 = DIRECTION('',(1.,0.,-0.));
#8956 = DEFINITIONAL_REPRESENTATION('',(#8957),#8961);
#8957 = LINE('',#8958,#8959);
#8958 = CARTESIAN_POINT('',(0.441941738242,-0.972271824132));
#8959 = VECTOR('',#8960,1.);
#8960 = DIRECTION('',(0.707106781187,0.707106781187));
#8961 = ( GEOMETRIC_REPRESENTATION_CONTEXT(2) 
PARAMETRIC_REPRESENTATION_CONTEXT() REPRESENTATION_CONTEXT('2D SPACE',''
  ) );
#8962 = ORIENTED_EDGE('',*,*,#8963,.F.);
#8963 = EDGE_CURVE('',#8880,#8936,#8964,.T.);
#8964 = SURFACE_CURVE('',#8965,(#8969,#8976),.PCURVE_S1.);
#8965 = LINE('',#8966,#8967);
#8966 = CARTESIAN_POINT('',(-10.4298250225,-11.84403858487,0.));
#8967 = VECTOR('',#8968,1.);
#8968 = DIRECTION('',(0.,0.,1.));
#8969 = PCURVE('',#8888,#8970);
#8970 = DEFINITIONAL_REPRESENTATION('',(#8971),#8975);
#8971 = LINE('',#8972,#8973);
#8972 = CARTESIAN_POINT('',(0.,0.));
#8973 = VECTOR('',#8974,1.);
#8974 = DIRECTION('',(0.,1.));
#8975 = ( GEOMETRIC_REPRESENTATION_CONTEXT(2) 
PARAMETRIC_REPRESENTATION_CONTEXT() REPRESENTATION_CONTEXT('2D SPACE',''
  ) );
#8976 = PCURVE('',#8977,#8982);
#8977 = PLANE('',#8978);
#8978 = AXIS2_PLACEMENT_3D('',#8979,#8980,#8981);
#8979 = CARTESIAN_POINT('',(-11.84403858487,-10.4298250225,0.));
#8980 = DIRECTION('',(-0.707106781187,-0.707106781187,0.));
#8981 = DIRECTION('',(0.707106781187,-0.707106781187,0.));
#8982 = DEFINITIONAL_REPRESENTATION('',(#8983),#8987);
#8983 = LINE('',#8984,#8985);
#8984 = CARTESIAN_POINT('',(2.,0.));
#8985 = VECTOR('',#8986,1.);
#8986 = DIRECTION('',(0.,1.));
#8987 = ( GEOMETRIC_REPRESENTATION_CONTEXT(2) 
PARAMETRIC_REPRESENTATION_CONTEXT() REPRESENTATION_CONTEXT('2D SPACE',''
  ) );
#8988 = ADVANCED_FACE('',(#8989),#8977,.T.);
#8989 = FACE_BOUND('',#8990,.T.);
#8990 = EDGE_LOOP('',(#8991,#9014,#9015,#9038));
#8991 = ORIENTED_EDGE('',*,*,#8992,.F.);
#8992 = EDGE_CURVE('',#8880,#8993,#8995,.T.);
#8993 = VERTEX_POINT('',#8994);
#8994 = CARTESIAN_POINT('',(-11.84403858487,-10.4298250225,0.));
#8995 = SURFACE_CURVE('',#8996,(#9000,#9007),.PCURVE_S1.);
#8996 = LINE('',#8997,#8998);
#8997 = CARTESIAN_POINT('',(-11.49048519428,-10.78337841309,0.));
#8998 = VECTOR('',#8999,1.);
#8999 = DIRECTION('',(-0.707106781187,0.707106781187,0.));
#9000 = PCURVE('',#8977,#9001);
#9001 = DEFINITIONAL_REPRESENTATION('',(#9002),#9006);
#9002 = LINE('',#9003,#9004);
#9003 = CARTESIAN_POINT('',(0.5,0.));
#9004 = VECTOR('',#9005,1.);
#9005 = DIRECTION('',(-1.,0.));
#9006 = ( GEOMETRIC_REPRESENTATION_CONTEXT(2) 
PARAMETRIC_REPRESENTATION_CONTEXT() REPRESENTATION_CONTEXT('2D SPACE',''
  ) );
#9007 = PCURVE('',#7161,#9008);
#9008 = DEFINITIONAL_REPRESENTATION('',(#9009),#9013);
#9009 = LINE('',#9010,#9011);
#9010 = CARTESIAN_POINT('',(-11.49048519428,10.783378413095));
#9011 = VECTOR('',#9012,1.);
#9012 = DIRECTION('',(-0.707106781187,-0.707106781187));
#9013 = ( GEOMETRIC_REPRESENTATION_CONTEXT(2) 
PARAMETRIC_REPRESENTATION_CONTEXT() REPRESENTATION_CONTEXT('2D SPACE',''
  ) );
#9014 = ORIENTED_EDGE('',*,*,#8963,.T.);
#9015 = ORIENTED_EDGE('',*,*,#9016,.F.);
#9016 = EDGE_CURVE('',#9017,#8936,#9019,.T.);
#9017 = VERTEX_POINT('',#9018);
#9018 = CARTESIAN_POINT('',(-11.84403858487,-10.4298250225,1.));
#9019 = SURFACE_CURVE('',#9020,(#9024,#9031),.PCURVE_S1.);
#9020 = LINE('',#9021,#9022);
#9021 = CARTESIAN_POINT('',(-11.84403858487,-10.4298250225,1.));
#9022 = VECTOR('',#9023,1.);
#9023 = DIRECTION('',(0.707106781187,-0.707106781187,0.));
#9024 = PCURVE('',#8977,#9025);
#9025 = DEFINITIONAL_REPRESENTATION('',(#9026),#9030);
#9026 = LINE('',#9027,#9028);
#9027 = CARTESIAN_POINT('',(0.,1.));
#9028 = VECTOR('',#9029,1.);
#9029 = DIRECTION('',(1.,0.));
#9030 = ( GEOMETRIC_REPRESENTATION_CONTEXT(2) 
PARAMETRIC_REPRESENTATION_CONTEXT() REPRESENTATION_CONTEXT('2D SPACE',''
  ) );
#9031 = PCURVE('',#8951,#9032);
#9032 = DEFINITIONAL_REPRESENTATION('',(#9033),#9037);
#9033 = LINE('',#9034,#9035);
#9034 = CARTESIAN_POINT('',(-0.972271824132,0.441941738242));
#9035 = VECTOR('',#9036,1.);
#9036 = DIRECTION('',(0.707106781187,-0.707106781187));
#9037 = ( GEOMETRIC_REPRESENTATION_CONTEXT(2) 
PARAMETRIC_REPRESENTATION_CONTEXT() REPRESENTATION_CONTEXT('2D SPACE',''
  ) );
#9038 = ORIENTED_EDGE('',*,*,#9039,.F.);
#9039 = EDGE_CURVE('',#8993,#9017,#9040,.T.);
#9040 = SURFACE_CURVE('',#9041,(#9045,#9052),.PCURVE_S1.);
#9041 = LINE('',#9042,#9043);
#9042 = CARTESIAN_POINT('',(-11.84403858487,-10.4298250225,0.));
#9043 = VECTOR('',#9044,1.);
#9044 = DIRECTION('',(0.,0.,1.));
#9045 = PCURVE('',#8977,#9046);
#9046 = DEFINITIONAL_REPRESENTATION('',(#9047),#9051);
#9047 = LINE('',#9048,#9049);
#9048 = CARTESIAN_POINT('',(0.,0.));
#9049 = VECTOR('',#9050,1.);
#9050 = DIRECTION('',(0.,1.));
#9051 = ( GEOMETRIC_REPRESENTATION_CONTEXT(2) 
PARAMETRIC_REPRESENTATION_CONTEXT() REPRESENTATION_CONTEXT('2D SPACE',''
  ) );
#9052 = PCURVE('',#9053,#9058);
#9053 = PLANE('',#9054);
#9054 = AXIS2_PLACEMENT_3D('',#9055,#9056,#9057);
#9055 = CARTESIAN_POINT('',(-11.31370849898,-9.899494936612,0.));
#9056 = DIRECTION('',(-0.707106781187,0.707106781187,0.));
#9057 = DIRECTION('',(-0.707106781187,-0.707106781187,0.));
#9058 = DEFINITIONAL_REPRESENTATION('',(#9059),#9063);
#9059 = LINE('',#9060,#9061);
#9060 = CARTESIAN_POINT('',(0.75,0.));
#9061 = VECTOR('',#9062,1.);
#9062 = DIRECTION('',(0.,1.));
#9063 = ( GEOMETRIC_REPRESENTATION_CONTEXT(2) 
PARAMETRIC_REPRESENTATION_CONTEXT() REPRESENTATION_CONTEXT('2D SPACE',''
  ) );
#9064 = ADVANCED_FACE('',(#9065),#9053,.T.);
#9065 = FACE_BOUND('',#9066,.T.);
#9066 = EDGE_LOOP('',(#9067,#9090,#9091,#9114));
#9067 = ORIENTED_EDGE('',*,*,#9068,.F.);
#9068 = EDGE_CURVE('',#8993,#9069,#9071,.T.);
#9069 = VERTEX_POINT('',#9070);
#9070 = CARTESIAN_POINT('',(-11.31370849898,-9.899494936612,0.));
#9071 = SURFACE_CURVE('',#9072,(#9076,#9083),.PCURVE_S1.);
#9072 = LINE('',#9073,#9074);
#9073 = CARTESIAN_POINT('',(-6.010407640086,-4.596194077713,0.));
#9074 = VECTOR('',#9075,1.);
#9075 = DIRECTION('',(0.707106781187,0.707106781187,0.));
#9076 = PCURVE('',#9053,#9077);
#9077 = DEFINITIONAL_REPRESENTATION('',(#9078),#9082);
#9078 = LINE('',#9079,#9080);
#9079 = CARTESIAN_POINT('',(-7.5,0.));
#9080 = VECTOR('',#9081,1.);
#9081 = DIRECTION('',(-1.,0.));
#9082 = ( GEOMETRIC_REPRESENTATION_CONTEXT(2) 
PARAMETRIC_REPRESENTATION_CONTEXT() REPRESENTATION_CONTEXT('2D SPACE',''
  ) );
#9083 = PCURVE('',#7161,#9084);
#9084 = DEFINITIONAL_REPRESENTATION('',(#9085),#9089);
#9085 = LINE('',#9086,#9087);
#9086 = CARTESIAN_POINT('',(-6.010407640086,4.596194077713));
#9087 = VECTOR('',#9088,1.);
#9088 = DIRECTION('',(0.707106781187,-0.707106781187));
#9089 = ( GEOMETRIC_REPRESENTATION_CONTEXT(2) 
PARAMETRIC_REPRESENTATION_CONTEXT() REPRESENTATION_CONTEXT('2D SPACE',''
  ) );
#9090 = ORIENTED_EDGE('',*,*,#9039,.T.);
#9091 = ORIENTED_EDGE('',*,*,#9092,.F.);
#9092 = EDGE_CURVE('',#9093,#9017,#9095,.T.);
#9093 = VERTEX_POINT('',#9094);
#9094 = CARTESIAN_POINT('',(-11.31370849898,-9.899494936612,1.));
#9095 = SURFACE_CURVE('',#9096,(#9100,#9107),.PCURVE_S1.);
#9096 = LINE('',#9097,#9098);
#9097 = CARTESIAN_POINT('',(-10.78337841309,-9.369164850722,1.));
#9098 = VECTOR('',#9099,1.);
#9099 = DIRECTION('',(-0.707106781187,-0.707106781187,0.));
#9100 = PCURVE('',#9053,#9101);
#9101 = DEFINITIONAL_REPRESENTATION('',(#9102),#9106);
#9102 = LINE('',#9103,#9104);
#9103 = CARTESIAN_POINT('',(-0.75,1.));
#9104 = VECTOR('',#9105,1.);
#9105 = DIRECTION('',(1.,0.));
#9106 = ( GEOMETRIC_REPRESENTATION_CONTEXT(2) 
PARAMETRIC_REPRESENTATION_CONTEXT() REPRESENTATION_CONTEXT('2D SPACE',''
  ) );
#9107 = PCURVE('',#8951,#9108);
#9108 = DEFINITIONAL_REPRESENTATION('',(#9109),#9113);
#9109 = LINE('',#9110,#9111);
#9110 = CARTESIAN_POINT('',(8.83883476483E-02,1.502601910021));
#9111 = VECTOR('',#9112,1.);
#9112 = DIRECTION('',(-0.707106781187,-0.707106781187));
#9113 = ( GEOMETRIC_REPRESENTATION_CONTEXT(2) 
PARAMETRIC_REPRESENTATION_CONTEXT() REPRESENTATION_CONTEXT('2D SPACE',''
  ) );
#9114 = ORIENTED_EDGE('',*,*,#9115,.F.);
#9115 = EDGE_CURVE('',#9069,#9093,#9116,.T.);
#9116 = SURFACE_CURVE('',#9117,(#9121,#9128),.PCURVE_S1.);
#9117 = LINE('',#9118,#9119);
#9118 = CARTESIAN_POINT('',(-11.31370849898,-9.899494936612,0.));
#9119 = VECTOR('',#9120,1.);
#9120 = DIRECTION('',(0.,0.,1.));
#9121 = PCURVE('',#9053,#9122);
#9122 = DEFINITIONAL_REPRESENTATION('',(#9123),#9127);
#9123 = LINE('',#9124,#9125);
#9124 = CARTESIAN_POINT('',(0.,0.));
#9125 = VECTOR('',#9126,1.);
#9126 = DIRECTION('',(0.,1.));
#9127 = ( GEOMETRIC_REPRESENTATION_CONTEXT(2) 
PARAMETRIC_REPRESENTATION_CONTEXT() REPRESENTATION_CONTEXT('2D SPACE',''
  ) );
#9128 = PCURVE('',#8923,#9129);
#9129 = DEFINITIONAL_REPRESENTATION('',(#9130),#9134);
#9130 = LINE('',#9131,#9132);
#9131 = CARTESIAN_POINT('',(2.,0.));
#9132 = VECTOR('',#9133,1.);
#9133 = DIRECTION('',(0.,-1.));
#9134 = ( GEOMETRIC_REPRESENTATION_CONTEXT(2) 
PARAMETRIC_REPRESENTATION_CONTEXT() REPRESENTATION_CONTEXT('2D SPACE',''
  ) );
#9135 = ADVANCED_FACE('',(#9136),#8951,.T.);
#9136 = FACE_BOUND('',#9137,.T.);
#9137 = EDGE_LOOP('',(#9138,#9159,#9160,#9161));
#9138 = ORIENTED_EDGE('',*,*,#9139,.T.);
#9139 = EDGE_CURVE('',#8908,#9093,#9140,.T.);
#9140 = SURFACE_CURVE('',#9141,(#9145,#9152),.PCURVE_S1.);
#9141 = LINE('',#9142,#9143);
#9142 = CARTESIAN_POINT('',(-11.31370849898,-9.899494936612,1.));
#9143 = VECTOR('',#9144,1.);
#9144 = DIRECTION('',(-0.707106781187,0.707106781187,0.));
#9145 = PCURVE('',#8951,#9146);
#9146 = DEFINITIONAL_REPRESENTATION('',(#9147),#9151);
#9147 = LINE('',#9148,#9149);
#9148 = CARTESIAN_POINT('',(-0.441941738242,0.972271824132));
#9149 = VECTOR('',#9150,1.);
#9150 = DIRECTION('',(-0.707106781187,0.707106781187));
#9151 = ( GEOMETRIC_REPRESENTATION_CONTEXT(2) 
PARAMETRIC_REPRESENTATION_CONTEXT() REPRESENTATION_CONTEXT('2D SPACE',''
  ) );
#9152 = PCURVE('',#8923,#9153);
#9153 = DEFINITIONAL_REPRESENTATION('',(#9154),#9158);
#9154 = LINE('',#9155,#9156);
#9155 = CARTESIAN_POINT('',(2.,-1.));
#9156 = VECTOR('',#9157,1.);
#9157 = DIRECTION('',(1.,0.));
#9158 = ( GEOMETRIC_REPRESENTATION_CONTEXT(2) 
PARAMETRIC_REPRESENTATION_CONTEXT() REPRESENTATION_CONTEXT('2D SPACE',''
  ) );
#9159 = ORIENTED_EDGE('',*,*,#9092,.T.);
#9160 = ORIENTED_EDGE('',*,*,#9016,.T.);
#9161 = ORIENTED_EDGE('',*,*,#8935,.T.);
#9162 = ADVANCED_FACE('',(#9163),#9177,.F.);
#9163 = FACE_BOUND('',#9164,.T.);
#9164 = EDGE_LOOP('',(#9165,#9195,#9223,#9251));
#9165 = ORIENTED_EDGE('',*,*,#9166,.F.);
#9166 = EDGE_CURVE('',#9167,#9169,#9171,.T.);
#9167 = VERTEX_POINT('',#9168);
#9168 = CARTESIAN_POINT('',(-10.78337841309,-9.369164850722,0.));
#9169 = VERTEX_POINT('',#9170);
#9170 = CARTESIAN_POINT('',(-9.369164850722,-10.78337841309,0.));
#9171 = SURFACE_CURVE('',#9172,(#9176,#9188),.PCURVE_S1.);
#9172 = LINE('',#9173,#9174);
#9173 = CARTESIAN_POINT('',(-10.4298250225,-9.722718241315,0.));
#9174 = VECTOR('',#9175,1.);
#9175 = DIRECTION('',(0.707106781187,-0.707106781187,0.));
#9176 = PCURVE('',#9177,#9182);
#9177 = PLANE('',#9178);
#9178 = AXIS2_PLACEMENT_3D('',#9179,#9180,#9181);
#9179 = CARTESIAN_POINT('',(-10.78337841309,-9.369164850722,0.));
#9180 = DIRECTION('',(0.707106781187,0.707106781187,0.));
#9181 = DIRECTION('',(0.707106781187,-0.707106781187,0.));
#9182 = DEFINITIONAL_REPRESENTATION('',(#9183),#9187);
#9183 = LINE('',#9184,#9185);
#9184 = CARTESIAN_POINT('',(0.5,0.));
#9185 = VECTOR('',#9186,1.);
#9186 = DIRECTION('',(1.,0.));
#9187 = ( GEOMETRIC_REPRESENTATION_CONTEXT(2) 
PARAMETRIC_REPRESENTATION_CONTEXT() REPRESENTATION_CONTEXT('2D SPACE',''
  ) );
#9188 = PCURVE('',#7161,#9189);
#9189 = DEFINITIONAL_REPRESENTATION('',(#9190),#9194);
#9190 = LINE('',#9191,#9192);
#9191 = CARTESIAN_POINT('',(-10.4298250225,9.722718241315));
#9192 = VECTOR('',#9193,1.);
#9193 = DIRECTION('',(0.707106781187,0.707106781187));
#9194 = ( GEOMETRIC_REPRESENTATION_CONTEXT(2) 
PARAMETRIC_REPRESENTATION_CONTEXT() REPRESENTATION_CONTEXT('2D SPACE',''
  ) );
#9195 = ORIENTED_EDGE('',*,*,#9196,.T.);
#9196 = EDGE_CURVE('',#9167,#9197,#9199,.T.);
#9197 = VERTEX_POINT('',#9198);
#9198 = CARTESIAN_POINT('',(-10.78337841309,-9.369164850722,-0.5));
#9199 = SURFACE_CURVE('',#9200,(#9204,#9211),.PCURVE_S1.);
#9200 = LINE('',#9201,#9202);
#9201 = CARTESIAN_POINT('',(-10.78337841309,-9.369164850722,0.));
#9202 = VECTOR('',#9203,1.);
#9203 = DIRECTION('',(0.,0.,-1.));
#9204 = PCURVE('',#9177,#9205);
#9205 = DEFINITIONAL_REPRESENTATION('',(#9206),#9210);
#9206 = LINE('',#9207,#9208);
#9207 = CARTESIAN_POINT('',(0.,0.));
#9208 = VECTOR('',#9209,1.);
#9209 = DIRECTION('',(0.,1.));
#9210 = ( GEOMETRIC_REPRESENTATION_CONTEXT(2) 
PARAMETRIC_REPRESENTATION_CONTEXT() REPRESENTATION_CONTEXT('2D SPACE',''
  ) );
#9211 = PCURVE('',#9212,#9217);
#9212 = PLANE('',#9213);
#9213 = AXIS2_PLACEMENT_3D('',#9214,#9215,#9216);
#9214 = CARTESIAN_POINT('',(-11.31370849898,-9.899494936612,0.));
#9215 = DIRECTION('',(-0.707106781187,0.707106781187,0.));
#9216 = DIRECTION('',(0.707106781187,0.707106781187,0.));
#9217 = DEFINITIONAL_REPRESENTATION('',(#9218),#9222);
#9218 = LINE('',#9219,#9220);
#9219 = CARTESIAN_POINT('',(0.75,0.));
#9220 = VECTOR('',#9221,1.);
#9221 = DIRECTION('',(0.,1.));
#9222 = ( GEOMETRIC_REPRESENTATION_CONTEXT(2) 
PARAMETRIC_REPRESENTATION_CONTEXT() REPRESENTATION_CONTEXT('2D SPACE',''
  ) );
#9223 = ORIENTED_EDGE('',*,*,#9224,.T.);
#9224 = EDGE_CURVE('',#9197,#9225,#9227,.T.);
#9225 = VERTEX_POINT('',#9226);
#9226 = CARTESIAN_POINT('',(-9.369164850722,-10.78337841309,-0.5));
#9227 = SURFACE_CURVE('',#9228,(#9232,#9239),.PCURVE_S1.);
#9228 = LINE('',#9229,#9230);
#9229 = CARTESIAN_POINT('',(-9.369164850722,-10.78337841309,-0.5));
#9230 = VECTOR('',#9231,1.);
#9231 = DIRECTION('',(0.707106781187,-0.707106781187,0.));
#9232 = PCURVE('',#9177,#9233);
#9233 = DEFINITIONAL_REPRESENTATION('',(#9234),#9238);
#9234 = LINE('',#9235,#9236);
#9235 = CARTESIAN_POINT('',(2.,0.5));
#9236 = VECTOR('',#9237,1.);
#9237 = DIRECTION('',(1.,0.));
#9238 = ( GEOMETRIC_REPRESENTATION_CONTEXT(2) 
PARAMETRIC_REPRESENTATION_CONTEXT() REPRESENTATION_CONTEXT('2D SPACE',''
  ) );
#9239 = PCURVE('',#9240,#9245);
#9240 = PLANE('',#9241);
#9241 = AXIS2_PLACEMENT_3D('',#9242,#9243,#9244);
#9242 = CARTESIAN_POINT('',(-10.34143667485,-10.34143667485,-0.5));
#9243 = DIRECTION('',(0.,0.,-1.));
#9244 = DIRECTION('',(-1.,0.,0.));
#9245 = DEFINITIONAL_REPRESENTATION('',(#9246),#9250);
#9246 = LINE('',#9247,#9248);
#9247 = CARTESIAN_POINT('',(-0.972271824131,-0.441941738242));
#9248 = VECTOR('',#9249,1.);
#9249 = DIRECTION('',(-0.707106781187,-0.707106781187));
#9250 = ( GEOMETRIC_REPRESENTATION_CONTEXT(2) 
PARAMETRIC_REPRESENTATION_CONTEXT() REPRESENTATION_CONTEXT('2D SPACE',''
  ) );
#9251 = ORIENTED_EDGE('',*,*,#9252,.F.);
#9252 = EDGE_CURVE('',#9169,#9225,#9253,.T.);
#9253 = SURFACE_CURVE('',#9254,(#9258,#9265),.PCURVE_S1.);
#9254 = LINE('',#9255,#9256);
#9255 = CARTESIAN_POINT('',(-9.369164850722,-10.78337841309,0.));
#9256 = VECTOR('',#9257,1.);
#9257 = DIRECTION('',(0.,0.,-1.));
#9258 = PCURVE('',#9177,#9259);
#9259 = DEFINITIONAL_REPRESENTATION('',(#9260),#9264);
#9260 = LINE('',#9261,#9262);
#9261 = CARTESIAN_POINT('',(2.,0.));
#9262 = VECTOR('',#9263,1.);
#9263 = DIRECTION('',(0.,1.));
#9264 = ( GEOMETRIC_REPRESENTATION_CONTEXT(2) 
PARAMETRIC_REPRESENTATION_CONTEXT() REPRESENTATION_CONTEXT('2D SPACE',''
  ) );
#9265 = PCURVE('',#9266,#9271);
#9266 = PLANE('',#9267);
#9267 = AXIS2_PLACEMENT_3D('',#9268,#9269,#9270);
#9268 = CARTESIAN_POINT('',(-9.369164850722,-10.78337841309,0.));
#9269 = DIRECTION('',(0.707106781187,-0.707106781187,0.));
#9270 = DIRECTION('',(-0.707106781187,-0.707106781187,0.));
#9271 = DEFINITIONAL_REPRESENTATION('',(#9272),#9276);
#9272 = LINE('',#9273,#9274);
#9273 = CARTESIAN_POINT('',(0.,0.));
#9274 = VECTOR('',#9275,1.);
#9275 = DIRECTION('',(-0.,1.));
#9276 = ( GEOMETRIC_REPRESENTATION_CONTEXT(2) 
PARAMETRIC_REPRESENTATION_CONTEXT() REPRESENTATION_CONTEXT('2D SPACE',''
  ) );
#9277 = ADVANCED_FACE('',(#9278),#9212,.F.);
#9278 = FACE_BOUND('',#9279,.T.);
#9279 = EDGE_LOOP('',(#9280,#9301,#9324,#9345));
#9280 = ORIENTED_EDGE('',*,*,#9281,.F.);
#9281 = EDGE_CURVE('',#9069,#9167,#9282,.T.);
#9282 = SURFACE_CURVE('',#9283,(#9287,#9294),.PCURVE_S1.);
#9283 = LINE('',#9284,#9285);
#9284 = CARTESIAN_POINT('',(-6.010407640086,-4.596194077713,0.));
#9285 = VECTOR('',#9286,1.);
#9286 = DIRECTION('',(0.707106781187,0.707106781187,0.));
#9287 = PCURVE('',#9212,#9288);
#9288 = DEFINITIONAL_REPRESENTATION('',(#9289),#9293);
#9289 = LINE('',#9290,#9291);
#9290 = CARTESIAN_POINT('',(7.5,0.));
#9291 = VECTOR('',#9292,1.);
#9292 = DIRECTION('',(1.,0.));
#9293 = ( GEOMETRIC_REPRESENTATION_CONTEXT(2) 
PARAMETRIC_REPRESENTATION_CONTEXT() REPRESENTATION_CONTEXT('2D SPACE',''
  ) );
#9294 = PCURVE('',#7161,#9295);
#9295 = DEFINITIONAL_REPRESENTATION('',(#9296),#9300);
#9296 = LINE('',#9297,#9298);
#9297 = CARTESIAN_POINT('',(-6.010407640086,4.596194077713));
#9298 = VECTOR('',#9299,1.);
#9299 = DIRECTION('',(0.707106781187,-0.707106781187));
#9300 = ( GEOMETRIC_REPRESENTATION_CONTEXT(2) 
PARAMETRIC_REPRESENTATION_CONTEXT() REPRESENTATION_CONTEXT('2D SPACE',''
  ) );
#9301 = ORIENTED_EDGE('',*,*,#9302,.T.);
#9302 = EDGE_CURVE('',#9069,#9303,#9305,.T.);
#9303 = VERTEX_POINT('',#9304);
#9304 = CARTESIAN_POINT('',(-11.31370849898,-9.899494936612,-0.5));
#9305 = SURFACE_CURVE('',#9306,(#9310,#9317),.PCURVE_S1.);
#9306 = LINE('',#9307,#9308);
#9307 = CARTESIAN_POINT('',(-11.31370849898,-9.899494936612,0.));
#9308 = VECTOR('',#9309,1.);
#9309 = DIRECTION('',(0.,0.,-1.));
#9310 = PCURVE('',#9212,#9311);
#9311 = DEFINITIONAL_REPRESENTATION('',(#9312),#9316);
#9312 = LINE('',#9313,#9314);
#9313 = CARTESIAN_POINT('',(0.,0.));
#9314 = VECTOR('',#9315,1.);
#9315 = DIRECTION('',(0.,1.));
#9316 = ( GEOMETRIC_REPRESENTATION_CONTEXT(2) 
PARAMETRIC_REPRESENTATION_CONTEXT() REPRESENTATION_CONTEXT('2D SPACE',''
  ) );
#9317 = PCURVE('',#8923,#9318);
#9318 = DEFINITIONAL_REPRESENTATION('',(#9319),#9323);
#9319 = LINE('',#9320,#9321);
#9320 = CARTESIAN_POINT('',(2.,0.));
#9321 = VECTOR('',#9322,1.);
#9322 = DIRECTION('',(0.,1.));
#9323 = ( GEOMETRIC_REPRESENTATION_CONTEXT(2) 
PARAMETRIC_REPRESENTATION_CONTEXT() REPRESENTATION_CONTEXT('2D SPACE',''
  ) );
#9324 = ORIENTED_EDGE('',*,*,#9325,.T.);
#9325 = EDGE_CURVE('',#9303,#9197,#9326,.T.);
#9326 = SURFACE_CURVE('',#9327,(#9331,#9338),.PCURVE_S1.);
#9327 = LINE('',#9328,#9329);
#9328 = CARTESIAN_POINT('',(-10.78337841309,-9.369164850722,-0.5));
#9329 = VECTOR('',#9330,1.);
#9330 = DIRECTION('',(0.707106781187,0.707106781187,0.));
#9331 = PCURVE('',#9212,#9332);
#9332 = DEFINITIONAL_REPRESENTATION('',(#9333),#9337);
#9333 = LINE('',#9334,#9335);
#9334 = CARTESIAN_POINT('',(0.75,0.5));
#9335 = VECTOR('',#9336,1.);
#9336 = DIRECTION('',(1.,0.));
#9337 = ( GEOMETRIC_REPRESENTATION_CONTEXT(2) 
PARAMETRIC_REPRESENTATION_CONTEXT() REPRESENTATION_CONTEXT('2D SPACE',''
  ) );
#9338 = PCURVE('',#9240,#9339);
#9339 = DEFINITIONAL_REPRESENTATION('',(#9340),#9344);
#9340 = LINE('',#9341,#9342);
#9341 = CARTESIAN_POINT('',(0.441941738242,0.972271824132));
#9342 = VECTOR('',#9343,1.);
#9343 = DIRECTION('',(-0.707106781187,0.707106781187));
#9344 = ( GEOMETRIC_REPRESENTATION_CONTEXT(2) 
PARAMETRIC_REPRESENTATION_CONTEXT() REPRESENTATION_CONTEXT('2D SPACE',''
  ) );
#9345 = ORIENTED_EDGE('',*,*,#9196,.F.);
#9346 = ADVANCED_FACE('',(#9347),#8923,.F.);
#9347 = FACE_BOUND('',#9348,.T.);
#9348 = EDGE_LOOP('',(#9349,#9372,#9393,#9394,#9395,#9396));
#9349 = ORIENTED_EDGE('',*,*,#9350,.T.);
#9350 = EDGE_CURVE('',#8878,#9351,#9353,.T.);
#9351 = VERTEX_POINT('',#9352);
#9352 = CARTESIAN_POINT('',(-9.899494936612,-11.31370849898,-0.5));
#9353 = SURFACE_CURVE('',#9354,(#9358,#9365),.PCURVE_S1.);
#9354 = LINE('',#9355,#9356);
#9355 = CARTESIAN_POINT('',(-9.899494936612,-11.31370849898,0.));
#9356 = VECTOR('',#9357,1.);
#9357 = DIRECTION('',(0.,0.,-1.));
#9358 = PCURVE('',#8923,#9359);
#9359 = DEFINITIONAL_REPRESENTATION('',(#9360),#9364);
#9360 = LINE('',#9361,#9362);
#9361 = CARTESIAN_POINT('',(0.,0.));
#9362 = VECTOR('',#9363,1.);
#9363 = DIRECTION('',(0.,1.));
#9364 = ( GEOMETRIC_REPRESENTATION_CONTEXT(2) 
PARAMETRIC_REPRESENTATION_CONTEXT() REPRESENTATION_CONTEXT('2D SPACE',''
  ) );
#9365 = PCURVE('',#9266,#9366);
#9366 = DEFINITIONAL_REPRESENTATION('',(#9367),#9371);
#9367 = LINE('',#9368,#9369);
#9368 = CARTESIAN_POINT('',(0.75,0.));
#9369 = VECTOR('',#9370,1.);
#9370 = DIRECTION('',(-0.,1.));
#9371 = ( GEOMETRIC_REPRESENTATION_CONTEXT(2) 
PARAMETRIC_REPRESENTATION_CONTEXT() REPRESENTATION_CONTEXT('2D SPACE',''
  ) );
#9372 = ORIENTED_EDGE('',*,*,#9373,.T.);
#9373 = EDGE_CURVE('',#9351,#9303,#9374,.T.);
#9374 = SURFACE_CURVE('',#9375,(#9379,#9386),.PCURVE_S1.);
#9375 = LINE('',#9376,#9377);
#9376 = CARTESIAN_POINT('',(-9.899494936612,-11.31370849898,-0.5));
#9377 = VECTOR('',#9378,1.);
#9378 = DIRECTION('',(-0.707106781187,0.707106781187,0.));
#9379 = PCURVE('',#8923,#9380);
#9380 = DEFINITIONAL_REPRESENTATION('',(#9381),#9385);
#9381 = LINE('',#9382,#9383);
#9382 = CARTESIAN_POINT('',(0.,0.5));
#9383 = VECTOR('',#9384,1.);
#9384 = DIRECTION('',(1.,0.));
#9385 = ( GEOMETRIC_REPRESENTATION_CONTEXT(2) 
PARAMETRIC_REPRESENTATION_CONTEXT() REPRESENTATION_CONTEXT('2D SPACE',''
  ) );
#9386 = PCURVE('',#9240,#9387);
#9387 = DEFINITIONAL_REPRESENTATION('',(#9388),#9392);
#9388 = LINE('',#9389,#9390);
#9389 = CARTESIAN_POINT('',(-0.441941738242,-0.972271824132));
#9390 = VECTOR('',#9391,1.);
#9391 = DIRECTION('',(0.707106781187,0.707106781187));
#9392 = ( GEOMETRIC_REPRESENTATION_CONTEXT(2) 
PARAMETRIC_REPRESENTATION_CONTEXT() REPRESENTATION_CONTEXT('2D SPACE',''
  ) );
#9393 = ORIENTED_EDGE('',*,*,#9302,.F.);
#9394 = ORIENTED_EDGE('',*,*,#9115,.T.);
#9395 = ORIENTED_EDGE('',*,*,#9139,.F.);
#9396 = ORIENTED_EDGE('',*,*,#8907,.F.);
#9397 = ADVANCED_FACE('',(#9398),#9266,.F.);
#9398 = FACE_BOUND('',#9399,.T.);
#9399 = EDGE_LOOP('',(#9400,#9421,#9422,#9443));
#9400 = ORIENTED_EDGE('',*,*,#9401,.F.);
#9401 = EDGE_CURVE('',#9169,#8878,#9402,.T.);
#9402 = SURFACE_CURVE('',#9403,(#9407,#9414),.PCURVE_S1.);
#9403 = LINE('',#9404,#9405);
#9404 = CARTESIAN_POINT('',(-4.331029034768,-5.745242597141,0.));
#9405 = VECTOR('',#9406,1.);
#9406 = DIRECTION('',(-0.707106781187,-0.707106781187,0.));
#9407 = PCURVE('',#9266,#9408);
#9408 = DEFINITIONAL_REPRESENTATION('',(#9409),#9413);
#9409 = LINE('',#9410,#9411);
#9410 = CARTESIAN_POINT('',(-7.125,0.));
#9411 = VECTOR('',#9412,1.);
#9412 = DIRECTION('',(1.,0.));
#9413 = ( GEOMETRIC_REPRESENTATION_CONTEXT(2) 
PARAMETRIC_REPRESENTATION_CONTEXT() REPRESENTATION_CONTEXT('2D SPACE',''
  ) );
#9414 = PCURVE('',#7161,#9415);
#9415 = DEFINITIONAL_REPRESENTATION('',(#9416),#9420);
#9416 = LINE('',#9417,#9418);
#9417 = CARTESIAN_POINT('',(-4.331029034768,5.745242597141));
#9418 = VECTOR('',#9419,1.);
#9419 = DIRECTION('',(-0.707106781187,0.707106781187));
#9420 = ( GEOMETRIC_REPRESENTATION_CONTEXT(2) 
PARAMETRIC_REPRESENTATION_CONTEXT() REPRESENTATION_CONTEXT('2D SPACE',''
  ) );
#9421 = ORIENTED_EDGE('',*,*,#9252,.T.);
#9422 = ORIENTED_EDGE('',*,*,#9423,.T.);
#9423 = EDGE_CURVE('',#9225,#9351,#9424,.T.);
#9424 = SURFACE_CURVE('',#9425,(#9429,#9436),.PCURVE_S1.);
#9425 = LINE('',#9426,#9427);
#9426 = CARTESIAN_POINT('',(-10.4298250225,-11.84403858487,-0.5));
#9427 = VECTOR('',#9428,1.);
#9428 = DIRECTION('',(-0.707106781187,-0.707106781187,0.));
#9429 = PCURVE('',#9266,#9430);
#9430 = DEFINITIONAL_REPRESENTATION('',(#9431),#9435);
#9431 = LINE('',#9432,#9433);
#9432 = CARTESIAN_POINT('',(1.5,0.5));
#9433 = VECTOR('',#9434,1.);
#9434 = DIRECTION('',(1.,0.));
#9435 = ( GEOMETRIC_REPRESENTATION_CONTEXT(2) 
PARAMETRIC_REPRESENTATION_CONTEXT() REPRESENTATION_CONTEXT('2D SPACE',''
  ) );
#9436 = PCURVE('',#9240,#9437);
#9437 = DEFINITIONAL_REPRESENTATION('',(#9438),#9442);
#9438 = LINE('',#9439,#9440);
#9439 = CARTESIAN_POINT('',(8.83883476483E-02,-1.502601910021));
#9440 = VECTOR('',#9441,1.);
#9441 = DIRECTION('',(0.707106781187,-0.707106781187));
#9442 = ( GEOMETRIC_REPRESENTATION_CONTEXT(2) 
PARAMETRIC_REPRESENTATION_CONTEXT() REPRESENTATION_CONTEXT('2D SPACE',''
  ) );
#9443 = ORIENTED_EDGE('',*,*,#9350,.F.);
#9444 = ADVANCED_FACE('',(#9445),#9240,.F.);
#9445 = FACE_BOUND('',#9446,.T.);
#9446 = EDGE_LOOP('',(#9447,#9448,#9449,#9450));
#9447 = ORIENTED_EDGE('',*,*,#9423,.F.);
#9448 = ORIENTED_EDGE('',*,*,#9224,.F.);
#9449 = ORIENTED_EDGE('',*,*,#9325,.F.);
#9450 = ORIENTED_EDGE('',*,*,#9373,.F.);
#9451 = ADVANCED_FACE('',(#9452),#9465,.T.);
#9452 = FACE_BOUND('',#9453,.T.);
#9453 = EDGE_LOOP('',(#9454,#9488,#9511,#9542));
#9454 = ORIENTED_EDGE('',*,*,#9455,.F.);
#9455 = EDGE_CURVE('',#9456,#9456,#9458,.T.);
#9456 = VERTEX_POINT('',#9457);
#9457 = CARTESIAN_POINT('',(-15.85,-1.941065176649E-15,-2.));
#9458 = SURFACE_CURVE('',#9459,(#9464,#9476),.PCURVE_S1.);
#9459 = CIRCLE('',#9460,15.85);
#9460 = AXIS2_PLACEMENT_3D('',#9461,#9462,#9463);
#9461 = CARTESIAN_POINT('',(0.,0.,-2.));
#9462 = DIRECTION('',(0.,0.,-1.));
#9463 = DIRECTION('',(1.,0.,0.));
#9464 = PCURVE('',#9465,#9470);
#9465 = CYLINDRICAL_SURFACE('',#9466,15.85);
#9466 = AXIS2_PLACEMENT_3D('',#9467,#9468,#9469);
#9467 = CARTESIAN_POINT('',(0.,0.,-1.4));
#9468 = DIRECTION('',(0.,0.,-1.));
#9469 = DIRECTION('',(1.,0.,0.));
#9470 = DEFINITIONAL_REPRESENTATION('',(#9471),#9475);
#9471 = LINE('',#9472,#9473);
#9472 = CARTESIAN_POINT('',(-6.28318530718,0.6));
#9473 = VECTOR('',#9474,1.);
#9474 = DIRECTION('',(1.,0.));
#9475 = ( GEOMETRIC_REPRESENTATION_CONTEXT(2) 
PARAMETRIC_REPRESENTATION_CONTEXT() REPRESENTATION_CONTEXT('2D SPACE',''
  ) );
#9476 = PCURVE('',#9477,#9482);
#9477 = PLANE('',#9478);
#9478 = AXIS2_PLACEMENT_3D('',#9479,#9480,#9481);
#9479 = CARTESIAN_POINT('',(0.,0.,-2.));
#9480 = DIRECTION('',(0.,0.,-1.));
#9481 = DIRECTION('',(-1.,0.,0.));
#9482 = DEFINITIONAL_REPRESENTATION('',(#9483),#9487);
#9483 = CIRCLE('',#9484,15.85);
#9484 = AXIS2_PLACEMENT_2D('',#9485,#9486);
#9485 = CARTESIAN_POINT('',(0.,0.));
#9486 = DIRECTION('',(-1.,0.));
#9487 = ( GEOMETRIC_REPRESENTATION_CONTEXT(2) 
PARAMETRIC_REPRESENTATION_CONTEXT() REPRESENTATION_CONTEXT('2D SPACE',''
  ) );
#9488 = ORIENTED_EDGE('',*,*,#9489,.T.);
#9489 = EDGE_CURVE('',#9456,#9490,#9492,.T.);
#9490 = VERTEX_POINT('',#9491);
#9491 = CARTESIAN_POINT('',(-15.85,-1.941065176649E-15,-1.4));
#9492 = SEAM_CURVE('',#9493,(#9497,#9504),.PCURVE_S1.);
#9493 = LINE('',#9494,#9495);
#9494 = CARTESIAN_POINT('',(-15.85,1.941065176649E-15,-1.4));
#9495 = VECTOR('',#9496,1.);
#9496 = DIRECTION('',(0.,0.,1.));
#9497 = PCURVE('',#9465,#9498);
#9498 = DEFINITIONAL_REPRESENTATION('',(#9499),#9503);
#9499 = LINE('',#9500,#9501);
#9500 = CARTESIAN_POINT('',(-3.14159265359,0.));
#9501 = VECTOR('',#9502,1.);
#9502 = DIRECTION('',(0.,-1.));
#9503 = ( GEOMETRIC_REPRESENTATION_CONTEXT(2) 
PARAMETRIC_REPRESENTATION_CONTEXT() REPRESENTATION_CONTEXT('2D SPACE',''
  ) );
#9504 = PCURVE('',#9465,#9505);
#9505 = DEFINITIONAL_REPRESENTATION('',(#9506),#9510);
#9506 = LINE('',#9507,#9508);
#9507 = CARTESIAN_POINT('',(3.14159265359,0.));
#9508 = VECTOR('',#9509,1.);
#9509 = DIRECTION('',(0.,-1.));
#9510 = ( GEOMETRIC_REPRESENTATION_CONTEXT(2) 
PARAMETRIC_REPRESENTATION_CONTEXT() REPRESENTATION_CONTEXT('2D SPACE',''
  ) );
#9511 = ORIENTED_EDGE('',*,*,#9512,.F.);
#9512 = EDGE_CURVE('',#9490,#9490,#9513,.T.);
#9513 = SURFACE_CURVE('',#9514,(#9519,#9526),.PCURVE_S1.);
#9514 = CIRCLE('',#9515,15.85);
#9515 = AXIS2_PLACEMENT_3D('',#9516,#9517,#9518);
#9516 = CARTESIAN_POINT('',(0.,0.,-1.4));
#9517 = DIRECTION('',(0.,0.,1.));
#9518 = DIRECTION('',(1.,0.,-0.));
#9519 = PCURVE('',#9465,#9520);
#9520 = DEFINITIONAL_REPRESENTATION('',(#9521),#9525);
#9521 = LINE('',#9522,#9523);
#9522 = CARTESIAN_POINT('',(6.28318530718,0.));
#9523 = VECTOR('',#9524,1.);
#9524 = DIRECTION('',(-1.,0.));
#9525 = ( GEOMETRIC_REPRESENTATION_CONTEXT(2) 
PARAMETRIC_REPRESENTATION_CONTEXT() REPRESENTATION_CONTEXT('2D SPACE',''
  ) );
#9526 = PCURVE('',#9527,#9532);
#9527 = PLANE('',#9528);
#9528 = AXIS2_PLACEMENT_3D('',#9529,#9530,#9531);
#9529 = CARTESIAN_POINT('',(0.,0.,-1.4));
#9530 = DIRECTION('',(0.,0.,-1.));
#9531 = DIRECTION('',(-1.,0.,0.));
#9532 = DEFINITIONAL_REPRESENTATION('',(#9533),#9541);
#9533 = ( BOUNDED_CURVE() B_SPLINE_CURVE(2,(#9534,#9535,#9536,#9537,
#9538,#9539,#9540),.UNSPECIFIED.,.T.,.F.) B_SPLINE_CURVE_WITH_KNOTS((1,2
    ,2,2,2,1),(-2.094395102393,0.,2.094395102393,4.188790204786,
6.28318530718,8.377580409573),.UNSPECIFIED.) CURVE() 
GEOMETRIC_REPRESENTATION_ITEM() RATIONAL_B_SPLINE_CURVE((1.,0.5,1.,0.5,
1.,0.5,1.)) REPRESENTATION_ITEM('') );
#9534 = CARTESIAN_POINT('',(-15.85,0.));
#9535 = CARTESIAN_POINT('',(-15.85,27.453005299967));
#9536 = CARTESIAN_POINT('',(7.925,13.726502649983));
#9537 = CARTESIAN_POINT('',(31.7,3.882130353297E-15));
#9538 = CARTESIAN_POINT('',(7.925,-13.72650264998));
#9539 = CARTESIAN_POINT('',(-15.85,-27.45300529996));
#9540 = CARTESIAN_POINT('',(-15.85,0.));
#9541 = ( GEOMETRIC_REPRESENTATION_CONTEXT(2) 
PARAMETRIC_REPRESENTATION_CONTEXT() REPRESENTATION_CONTEXT('2D SPACE',''
  ) );
#9542 = ORIENTED_EDGE('',*,*,#9489,.F.);
#9543 = ADVANCED_FACE('',(#9544),#9477,.T.);
#9544 = FACE_BOUND('',#9545,.T.);
#9545 = EDGE_LOOP('',(#9546));
#9546 = ORIENTED_EDGE('',*,*,#9455,.T.);
#9547 = ADVANCED_FACE('',(#9548),#9562,.T.);
#9548 = FACE_BOUND('',#9549,.T.);
#9549 = EDGE_LOOP('',(#9550,#9580,#9608,#9631));
#9550 = ORIENTED_EDGE('',*,*,#9551,.T.);
#9551 = EDGE_CURVE('',#9552,#9554,#9556,.T.);
#9552 = VERTEX_POINT('',#9553);
#9553 = CARTESIAN_POINT('',(-6.627417096726,-16.00000023841,0.));
#9554 = VERTEX_POINT('',#9555);
#9555 = CARTESIAN_POINT('',(-16.00000023841,-6.627417096726,0.));
#9556 = SURFACE_CURVE('',#9557,(#9561,#9573),.PCURVE_S1.);
#9557 = LINE('',#9558,#9559);
#9558 = CARTESIAN_POINT('',(-6.627417096726,-16.00000023841,0.));
#9559 = VECTOR('',#9560,1.);
#9560 = DIRECTION('',(-0.707106781187,0.707106781187,0.));
#9561 = PCURVE('',#9562,#9567);
#9562 = PLANE('',#9563);
#9563 = AXIS2_PLACEMENT_3D('',#9564,#9565,#9566);
#9564 = CARTESIAN_POINT('',(-6.627417096726,-16.00000023841,0.));
#9565 = DIRECTION('',(-0.707106781187,-0.707106781187,0.));
#9566 = DIRECTION('',(-0.707106781187,0.707106781187,0.));
#9567 = DEFINITIONAL_REPRESENTATION('',(#9568),#9572);
#9568 = LINE('',#9569,#9570);
#9569 = CARTESIAN_POINT('',(0.,0.));
#9570 = VECTOR('',#9571,1.);
#9571 = DIRECTION('',(1.,0.));
#9572 = ( GEOMETRIC_REPRESENTATION_CONTEXT(2) 
PARAMETRIC_REPRESENTATION_CONTEXT() REPRESENTATION_CONTEXT('2D SPACE',''
  ) );
#9573 = PCURVE('',#7161,#9574);
#9574 = DEFINITIONAL_REPRESENTATION('',(#9575),#9579);
#9575 = LINE('',#9576,#9577);
#9576 = CARTESIAN_POINT('',(-6.627417096726,16.000000238419));
#9577 = VECTOR('',#9578,1.);
#9578 = DIRECTION('',(-0.707106781187,-0.707106781187));
#9579 = ( GEOMETRIC_REPRESENTATION_CONTEXT(2) 
PARAMETRIC_REPRESENTATION_CONTEXT() REPRESENTATION_CONTEXT('2D SPACE',''
  ) );
#9580 = ORIENTED_EDGE('',*,*,#9581,.T.);
#9581 = EDGE_CURVE('',#9554,#9582,#9584,.T.);
#9582 = VERTEX_POINT('',#9583);
#9583 = CARTESIAN_POINT('',(-16.00000023841,-6.627417096726,-1.4));
#9584 = SURFACE_CURVE('',#9585,(#9589,#9596),.PCURVE_S1.);
#9585 = LINE('',#9586,#9587);
#9586 = CARTESIAN_POINT('',(-16.00000023841,-6.627417096726,0.));
#9587 = VECTOR('',#9588,1.);
#9588 = DIRECTION('',(0.,0.,-1.));
#9589 = PCURVE('',#9562,#9590);
#9590 = DEFINITIONAL_REPRESENTATION('',(#9591),#9595);
#9591 = LINE('',#9592,#9593);
#9592 = CARTESIAN_POINT('',(13.254834193451,0.));
#9593 = VECTOR('',#9594,1.);
#9594 = DIRECTION('',(0.,1.));
#9595 = ( GEOMETRIC_REPRESENTATION_CONTEXT(2) 
PARAMETRIC_REPRESENTATION_CONTEXT() REPRESENTATION_CONTEXT('2D SPACE',''
  ) );
#9596 = PCURVE('',#9597,#9602);
#9597 = PLANE('',#9598);
#9598 = AXIS2_PLACEMENT_3D('',#9599,#9600,#9601);
#9599 = CARTESIAN_POINT('',(-16.00000023841,-6.627417096726,0.));
#9600 = DIRECTION('',(-1.,-5.025591456317E-16,0.));
#9601 = DIRECTION('',(-5.025591456317E-16,1.,0.));
#9602 = DEFINITIONAL_REPRESENTATION('',(#9603),#9607);
#9603 = LINE('',#9604,#9605);
#9604 = CARTESIAN_POINT('',(0.,0.));
#9605 = VECTOR('',#9606,1.);
#9606 = DIRECTION('',(0.,1.));
#9607 = ( GEOMETRIC_REPRESENTATION_CONTEXT(2) 
PARAMETRIC_REPRESENTATION_CONTEXT() REPRESENTATION_CONTEXT('2D SPACE',''
  ) );
#9608 = ORIENTED_EDGE('',*,*,#9609,.F.);
#9609 = EDGE_CURVE('',#9610,#9582,#9612,.T.);
#9610 = VERTEX_POINT('',#9611);
#9611 = CARTESIAN_POINT('',(-6.627417096726,-16.00000023841,-1.4));
#9612 = SURFACE_CURVE('',#9613,(#9617,#9624),.PCURVE_S1.);
#9613 = LINE('',#9614,#9615);
#9614 = CARTESIAN_POINT('',(-6.627417096726,-16.00000023841,-1.4));
#9615 = VECTOR('',#9616,1.);
#9616 = DIRECTION('',(-0.707106781187,0.707106781187,0.));
#9617 = PCURVE('',#9562,#9618);
#9618 = DEFINITIONAL_REPRESENTATION('',(#9619),#9623);
#9619 = LINE('',#9620,#9621);
#9620 = CARTESIAN_POINT('',(0.,1.4));
#9621 = VECTOR('',#9622,1.);
#9622 = DIRECTION('',(1.,0.));
#9623 = ( GEOMETRIC_REPRESENTATION_CONTEXT(2) 
PARAMETRIC_REPRESENTATION_CONTEXT() REPRESENTATION_CONTEXT('2D SPACE',''
  ) );
#9624 = PCURVE('',#9527,#9625);
#9625 = DEFINITIONAL_REPRESENTATION('',(#9626),#9630);
#9626 = LINE('',#9627,#9628);
#9627 = CARTESIAN_POINT('',(6.627417096726,-16.00000023841));
#9628 = VECTOR('',#9629,1.);
#9629 = DIRECTION('',(0.707106781187,0.707106781187));
#9630 = ( GEOMETRIC_REPRESENTATION_CONTEXT(2) 
PARAMETRIC_REPRESENTATION_CONTEXT() REPRESENTATION_CONTEXT('2D SPACE',''
  ) );
#9631 = ORIENTED_EDGE('',*,*,#9632,.F.);
#9632 = EDGE_CURVE('',#9552,#9610,#9633,.T.);
#9633 = SURFACE_CURVE('',#9634,(#9638,#9645),.PCURVE_S1.);
#9634 = LINE('',#9635,#9636);
#9635 = CARTESIAN_POINT('',(-6.627417096726,-16.00000023841,0.));
#9636 = VECTOR('',#9637,1.);
#9637 = DIRECTION('',(0.,0.,-1.));
#9638 = PCURVE('',#9562,#9639);
#9639 = DEFINITIONAL_REPRESENTATION('',(#9640),#9644);
#9640 = LINE('',#9641,#9642);
#9641 = CARTESIAN_POINT('',(0.,0.));
#9642 = VECTOR('',#9643,1.);
#9643 = DIRECTION('',(0.,1.));
#9644 = ( GEOMETRIC_REPRESENTATION_CONTEXT(2) 
PARAMETRIC_REPRESENTATION_CONTEXT() REPRESENTATION_CONTEXT('2D SPACE',''
  ) );
#9645 = PCURVE('',#9646,#9651);
#9646 = PLANE('',#9647);
#9647 = AXIS2_PLACEMENT_3D('',#9648,#9649,#9650);
#9648 = CARTESIAN_POINT('',(6.627417096726,-16.00000023841,0.));
#9649 = DIRECTION('',(3.350394304211E-16,-1.,0.));
#9650 = DIRECTION('',(-1.,-3.350394304211E-16,0.));
#9651 = DEFINITIONAL_REPRESENTATION('',(#9652),#9656);
#9652 = LINE('',#9653,#9654);
#9653 = CARTESIAN_POINT('',(13.254834193451,0.));
#9654 = VECTOR('',#9655,1.);
#9655 = DIRECTION('',(-0.,1.));
#9656 = ( GEOMETRIC_REPRESENTATION_CONTEXT(2) 
PARAMETRIC_REPRESENTATION_CONTEXT() REPRESENTATION_CONTEXT('2D SPACE',''
  ) );
#9657 = ADVANCED_FACE('',(#9658),#9646,.T.);
#9658 = FACE_BOUND('',#9659,.T.);
#9659 = EDGE_LOOP('',(#9660,#9683,#9684,#9707));
#9660 = ORIENTED_EDGE('',*,*,#9661,.T.);
#9661 = EDGE_CURVE('',#9662,#9552,#9664,.T.);
#9662 = VERTEX_POINT('',#9663);
#9663 = CARTESIAN_POINT('',(6.627417096726,-16.00000023841,0.));
#9664 = SURFACE_CURVE('',#9665,(#9669,#9676),.PCURVE_S1.);
#9665 = LINE('',#9666,#9667);
#9666 = CARTESIAN_POINT('',(6.627417096726,-16.00000023841,0.));
#9667 = VECTOR('',#9668,1.);
#9668 = DIRECTION('',(-1.,-3.350394304211E-16,0.));
#9669 = PCURVE('',#9646,#9670);
#9670 = DEFINITIONAL_REPRESENTATION('',(#9671),#9675);
#9671 = LINE('',#9672,#9673);
#9672 = CARTESIAN_POINT('',(0.,0.));
#9673 = VECTOR('',#9674,1.);
#9674 = DIRECTION('',(1.,0.));
#9675 = ( GEOMETRIC_REPRESENTATION_CONTEXT(2) 
PARAMETRIC_REPRESENTATION_CONTEXT() REPRESENTATION_CONTEXT('2D SPACE',''
  ) );
#9676 = PCURVE('',#7161,#9677);
#9677 = DEFINITIONAL_REPRESENTATION('',(#9678),#9682);
#9678 = LINE('',#9679,#9680);
#9679 = CARTESIAN_POINT('',(6.627417096726,16.000000238419));
#9680 = VECTOR('',#9681,1.);
#9681 = DIRECTION('',(-1.,3.350394304211E-16));
#9682 = ( GEOMETRIC_REPRESENTATION_CONTEXT(2) 
PARAMETRIC_REPRESENTATION_CONTEXT() REPRESENTATION_CONTEXT('2D SPACE',''
  ) );
#9683 = ORIENTED_EDGE('',*,*,#9632,.T.);
#9684 = ORIENTED_EDGE('',*,*,#9685,.F.);
#9685 = EDGE_CURVE('',#9686,#9610,#9688,.T.);
#9686 = VERTEX_POINT('',#9687);
#9687 = CARTESIAN_POINT('',(6.627417096726,-16.00000023841,-1.4));
#9688 = SURFACE_CURVE('',#9689,(#9693,#9700),.PCURVE_S1.);
#9689 = LINE('',#9690,#9691);
#9690 = CARTESIAN_POINT('',(6.627417096726,-16.00000023841,-1.4));
#9691 = VECTOR('',#9692,1.);
#9692 = DIRECTION('',(-1.,-3.350394304211E-16,0.));
#9693 = PCURVE('',#9646,#9694);
#9694 = DEFINITIONAL_REPRESENTATION('',(#9695),#9699);
#9695 = LINE('',#9696,#9697);
#9696 = CARTESIAN_POINT('',(-0.,1.4));
#9697 = VECTOR('',#9698,1.);
#9698 = DIRECTION('',(1.,0.));
#9699 = ( GEOMETRIC_REPRESENTATION_CONTEXT(2) 
PARAMETRIC_REPRESENTATION_CONTEXT() REPRESENTATION_CONTEXT('2D SPACE',''
  ) );
#9700 = PCURVE('',#9527,#9701);
#9701 = DEFINITIONAL_REPRESENTATION('',(#9702),#9706);
#9702 = LINE('',#9703,#9704);
#9703 = CARTESIAN_POINT('',(-6.627417096726,-16.00000023841));
#9704 = VECTOR('',#9705,1.);
#9705 = DIRECTION('',(1.,-3.350394304211E-16));
#9706 = ( GEOMETRIC_REPRESENTATION_CONTEXT(2) 
PARAMETRIC_REPRESENTATION_CONTEXT() REPRESENTATION_CONTEXT('2D SPACE',''
  ) );
#9707 = ORIENTED_EDGE('',*,*,#9708,.F.);
#9708 = EDGE_CURVE('',#9662,#9686,#9709,.T.);
#9709 = SURFACE_CURVE('',#9710,(#9714,#9721),.PCURVE_S1.);
#9710 = LINE('',#9711,#9712);
#9711 = CARTESIAN_POINT('',(6.627417096726,-16.00000023841,0.));
#9712 = VECTOR('',#9713,1.);
#9713 = DIRECTION('',(0.,0.,-1.));
#9714 = PCURVE('',#9646,#9715);
#9715 = DEFINITIONAL_REPRESENTATION('',(#9716),#9720);
#9716 = LINE('',#9717,#9718);
#9717 = CARTESIAN_POINT('',(0.,0.));
#9718 = VECTOR('',#9719,1.);
#9719 = DIRECTION('',(-0.,1.));
#9720 = ( GEOMETRIC_REPRESENTATION_CONTEXT(2) 
PARAMETRIC_REPRESENTATION_CONTEXT() REPRESENTATION_CONTEXT('2D SPACE',''
  ) );
#9721 = PCURVE('',#9722,#9727);
#9722 = PLANE('',#9723);
#9723 = AXIS2_PLACEMENT_3D('',#9724,#9725,#9726);
#9724 = CARTESIAN_POINT('',(16.000000238419,-6.627417096726,0.));
#9725 = DIRECTION('',(0.707106781187,-0.707106781187,0.));
#9726 = DIRECTION('',(-0.707106781187,-0.707106781187,0.));
#9727 = DEFINITIONAL_REPRESENTATION('',(#9728),#9732);
#9728 = LINE('',#9729,#9730);
#9729 = CARTESIAN_POINT('',(13.254834193451,0.));
#9730 = VECTOR('',#9731,1.);
#9731 = DIRECTION('',(-0.,1.));
#9732 = ( GEOMETRIC_REPRESENTATION_CONTEXT(2) 
PARAMETRIC_REPRESENTATION_CONTEXT() REPRESENTATION_CONTEXT('2D SPACE',''
  ) );
#9733 = ADVANCED_FACE('',(#9734),#9722,.T.);
#9734 = FACE_BOUND('',#9735,.T.);
#9735 = EDGE_LOOP('',(#9736,#9759,#9760,#9783));
#9736 = ORIENTED_EDGE('',*,*,#9737,.T.);
#9737 = EDGE_CURVE('',#9738,#9662,#9740,.T.);
#9738 = VERTEX_POINT('',#9739);
#9739 = CARTESIAN_POINT('',(16.000000238419,-6.627417096726,0.));
#9740 = SURFACE_CURVE('',#9741,(#9745,#9752),.PCURVE_S1.);
#9741 = LINE('',#9742,#9743);
#9742 = CARTESIAN_POINT('',(16.000000238419,-6.627417096726,0.));
#9743 = VECTOR('',#9744,1.);
#9744 = DIRECTION('',(-0.707106781187,-0.707106781187,0.));
#9745 = PCURVE('',#9722,#9746);
#9746 = DEFINITIONAL_REPRESENTATION('',(#9747),#9751);
#9747 = LINE('',#9748,#9749);
#9748 = CARTESIAN_POINT('',(0.,0.));
#9749 = VECTOR('',#9750,1.);
#9750 = DIRECTION('',(1.,0.));
#9751 = ( GEOMETRIC_REPRESENTATION_CONTEXT(2) 
PARAMETRIC_REPRESENTATION_CONTEXT() REPRESENTATION_CONTEXT('2D SPACE',''
  ) );
#9752 = PCURVE('',#7161,#9753);
#9753 = DEFINITIONAL_REPRESENTATION('',(#9754),#9758);
#9754 = LINE('',#9755,#9756);
#9755 = CARTESIAN_POINT('',(16.000000238419,6.627417096726));
#9756 = VECTOR('',#9757,1.);
#9757 = DIRECTION('',(-0.707106781187,0.707106781187));
#9758 = ( GEOMETRIC_REPRESENTATION_CONTEXT(2) 
PARAMETRIC_REPRESENTATION_CONTEXT() REPRESENTATION_CONTEXT('2D SPACE',''
  ) );
#9759 = ORIENTED_EDGE('',*,*,#9708,.T.);
#9760 = ORIENTED_EDGE('',*,*,#9761,.F.);
#9761 = EDGE_CURVE('',#9762,#9686,#9764,.T.);
#9762 = VERTEX_POINT('',#9763);
#9763 = CARTESIAN_POINT('',(16.000000238419,-6.627417096726,-1.4));
#9764 = SURFACE_CURVE('',#9765,(#9769,#9776),.PCURVE_S1.);
#9765 = LINE('',#9766,#9767);
#9766 = CARTESIAN_POINT('',(16.000000238419,-6.627417096726,-1.4));
#9767 = VECTOR('',#9768,1.);
#9768 = DIRECTION('',(-0.707106781187,-0.707106781187,0.));
#9769 = PCURVE('',#9722,#9770);
#9770 = DEFINITIONAL_REPRESENTATION('',(#9771),#9775);
#9771 = LINE('',#9772,#9773);
#9772 = CARTESIAN_POINT('',(-0.,1.4));
#9773 = VECTOR('',#9774,1.);
#9774 = DIRECTION('',(1.,0.));
#9775 = ( GEOMETRIC_REPRESENTATION_CONTEXT(2) 
PARAMETRIC_REPRESENTATION_CONTEXT() REPRESENTATION_CONTEXT('2D SPACE',''
  ) );
#9776 = PCURVE('',#9527,#9777);
#9777 = DEFINITIONAL_REPRESENTATION('',(#9778),#9782);
#9778 = LINE('',#9779,#9780);
#9779 = CARTESIAN_POINT('',(-16.00000023841,-6.627417096726));
#9780 = VECTOR('',#9781,1.);
#9781 = DIRECTION('',(0.707106781187,-0.707106781187));
#9782 = ( GEOMETRIC_REPRESENTATION_CONTEXT(2) 
PARAMETRIC_REPRESENTATION_CONTEXT() REPRESENTATION_CONTEXT('2D SPACE',''
  ) );
#9783 = ORIENTED_EDGE('',*,*,#9784,.F.);
#9784 = EDGE_CURVE('',#9738,#9762,#9785,.T.);
#9785 = SURFACE_CURVE('',#9786,(#9790,#9797),.PCURVE_S1.);
#9786 = LINE('',#9787,#9788);
#9787 = CARTESIAN_POINT('',(16.000000238419,-6.627417096726,0.));
#9788 = VECTOR('',#9789,1.);
#9789 = DIRECTION('',(0.,0.,-1.));
#9790 = PCURVE('',#9722,#9791);
#9791 = DEFINITIONAL_REPRESENTATION('',(#9792),#9796);
#9792 = LINE('',#9793,#9794);
#9793 = CARTESIAN_POINT('',(0.,0.));
#9794 = VECTOR('',#9795,1.);
#9795 = DIRECTION('',(-0.,1.));
#9796 = ( GEOMETRIC_REPRESENTATION_CONTEXT(2) 
PARAMETRIC_REPRESENTATION_CONTEXT() REPRESENTATION_CONTEXT('2D SPACE',''
  ) );
#9797 = PCURVE('',#9798,#9803);
#9798 = PLANE('',#9799);
#9799 = AXIS2_PLACEMENT_3D('',#9800,#9801,#9802);
#9800 = CARTESIAN_POINT('',(16.000000238419,6.627417096726,0.));
#9801 = DIRECTION('',(1.,3.350394304211E-16,0.));
#9802 = DIRECTION('',(3.350394304211E-16,-1.,0.));
#9803 = DEFINITIONAL_REPRESENTATION('',(#9804),#9808);
#9804 = LINE('',#9805,#9806);
#9805 = CARTESIAN_POINT('',(13.254834193451,0.));
#9806 = VECTOR('',#9807,1.);
#9807 = DIRECTION('',(0.,1.));
#9808 = ( GEOMETRIC_REPRESENTATION_CONTEXT(2) 
PARAMETRIC_REPRESENTATION_CONTEXT() REPRESENTATION_CONTEXT('2D SPACE',''
  ) );
#9809 = ADVANCED_FACE('',(#9810),#9798,.T.);
#9810 = FACE_BOUND('',#9811,.T.);
#9811 = EDGE_LOOP('',(#9812,#9835,#9836,#9859));
#9812 = ORIENTED_EDGE('',*,*,#9813,.T.);
#9813 = EDGE_CURVE('',#9814,#9738,#9816,.T.);
#9814 = VERTEX_POINT('',#9815);
#9815 = CARTESIAN_POINT('',(16.000000238419,6.627417096726,0.));
#9816 = SURFACE_CURVE('',#9817,(#9821,#9828),.PCURVE_S1.);
#9817 = LINE('',#9818,#9819);
#9818 = CARTESIAN_POINT('',(16.000000238419,6.627417096726,0.));
#9819 = VECTOR('',#9820,1.);
#9820 = DIRECTION('',(3.350394304211E-16,-1.,0.));
#9821 = PCURVE('',#9798,#9822);
#9822 = DEFINITIONAL_REPRESENTATION('',(#9823),#9827);
#9823 = LINE('',#9824,#9825);
#9824 = CARTESIAN_POINT('',(0.,0.));
#9825 = VECTOR('',#9826,1.);
#9826 = DIRECTION('',(1.,0.));
#9827 = ( GEOMETRIC_REPRESENTATION_CONTEXT(2) 
PARAMETRIC_REPRESENTATION_CONTEXT() REPRESENTATION_CONTEXT('2D SPACE',''
  ) );
#9828 = PCURVE('',#7161,#9829);
#9829 = DEFINITIONAL_REPRESENTATION('',(#9830),#9834);
#9830 = LINE('',#9831,#9832);
#9831 = CARTESIAN_POINT('',(16.000000238419,-6.627417096726));
#9832 = VECTOR('',#9833,1.);
#9833 = DIRECTION('',(3.350394304211E-16,1.));
#9834 = ( GEOMETRIC_REPRESENTATION_CONTEXT(2) 
PARAMETRIC_REPRESENTATION_CONTEXT() REPRESENTATION_CONTEXT('2D SPACE',''
  ) );
#9835 = ORIENTED_EDGE('',*,*,#9784,.T.);
#9836 = ORIENTED_EDGE('',*,*,#9837,.F.);
#9837 = EDGE_CURVE('',#9838,#9762,#9840,.T.);
#9838 = VERTEX_POINT('',#9839);
#9839 = CARTESIAN_POINT('',(16.000000238419,6.627417096726,-1.4));
#9840 = SURFACE_CURVE('',#9841,(#9845,#9852),.PCURVE_S1.);
#9841 = LINE('',#9842,#9843);
#9842 = CARTESIAN_POINT('',(16.000000238419,6.627417096726,-1.4));
#9843 = VECTOR('',#9844,1.);
#9844 = DIRECTION('',(3.350394304211E-16,-1.,0.));
#9845 = PCURVE('',#9798,#9846);
#9846 = DEFINITIONAL_REPRESENTATION('',(#9847),#9851);
#9847 = LINE('',#9848,#9849);
#9848 = CARTESIAN_POINT('',(0.,1.4));
#9849 = VECTOR('',#9850,1.);
#9850 = DIRECTION('',(1.,0.));
#9851 = ( GEOMETRIC_REPRESENTATION_CONTEXT(2) 
PARAMETRIC_REPRESENTATION_CONTEXT() REPRESENTATION_CONTEXT('2D SPACE',''
  ) );
#9852 = PCURVE('',#9527,#9853);
#9853 = DEFINITIONAL_REPRESENTATION('',(#9854),#9858);
#9854 = LINE('',#9855,#9856);
#9855 = CARTESIAN_POINT('',(-16.00000023841,6.627417096726));
#9856 = VECTOR('',#9857,1.);
#9857 = DIRECTION('',(-3.350394304211E-16,-1.));
#9858 = ( GEOMETRIC_REPRESENTATION_CONTEXT(2) 
PARAMETRIC_REPRESENTATION_CONTEXT() REPRESENTATION_CONTEXT('2D SPACE',''
  ) );
#9859 = ORIENTED_EDGE('',*,*,#9860,.F.);
#9860 = EDGE_CURVE('',#9814,#9838,#9861,.T.);
#9861 = SURFACE_CURVE('',#9862,(#9866,#9873),.PCURVE_S1.);
#9862 = LINE('',#9863,#9864);
#9863 = CARTESIAN_POINT('',(16.000000238419,6.627417096726,0.));
#9864 = VECTOR('',#9865,1.);
#9865 = DIRECTION('',(0.,0.,-1.));
#9866 = PCURVE('',#9798,#9867);
#9867 = DEFINITIONAL_REPRESENTATION('',(#9868),#9872);
#9868 = LINE('',#9869,#9870);
#9869 = CARTESIAN_POINT('',(0.,0.));
#9870 = VECTOR('',#9871,1.);
#9871 = DIRECTION('',(0.,1.));
#9872 = ( GEOMETRIC_REPRESENTATION_CONTEXT(2) 
PARAMETRIC_REPRESENTATION_CONTEXT() REPRESENTATION_CONTEXT('2D SPACE',''
  ) );
#9873 = PCURVE('',#9874,#9879);
#9874 = PLANE('',#9875);
#9875 = AXIS2_PLACEMENT_3D('',#9876,#9877,#9878);
#9876 = CARTESIAN_POINT('',(6.627417096726,16.000000238419,0.));
#9877 = DIRECTION('',(0.707106781187,0.707106781187,0.));
#9878 = DIRECTION('',(0.707106781187,-0.707106781187,0.));
#9879 = DEFINITIONAL_REPRESENTATION('',(#9880),#9884);
#9880 = LINE('',#9881,#9882);
#9881 = CARTESIAN_POINT('',(13.254834193451,0.));
#9882 = VECTOR('',#9883,1.);
#9883 = DIRECTION('',(0.,1.));
#9884 = ( GEOMETRIC_REPRESENTATION_CONTEXT(2) 
PARAMETRIC_REPRESENTATION_CONTEXT() REPRESENTATION_CONTEXT('2D SPACE',''
  ) );
#9885 = ADVANCED_FACE('',(#9886),#9874,.T.);
#9886 = FACE_BOUND('',#9887,.T.);
#9887 = EDGE_LOOP('',(#9888,#9911,#9912,#9935));
#9888 = ORIENTED_EDGE('',*,*,#9889,.T.);
#9889 = EDGE_CURVE('',#9890,#9814,#9892,.T.);
#9890 = VERTEX_POINT('',#9891);
#9891 = CARTESIAN_POINT('',(6.627417096726,16.000000238419,0.));
#9892 = SURFACE_CURVE('',#9893,(#9897,#9904),.PCURVE_S1.);
#9893 = LINE('',#9894,#9895);
#9894 = CARTESIAN_POINT('',(6.627417096726,16.000000238419,0.));
#9895 = VECTOR('',#9896,1.);
#9896 = DIRECTION('',(0.707106781187,-0.707106781187,0.));
#9897 = PCURVE('',#9874,#9898);
#9898 = DEFINITIONAL_REPRESENTATION('',(#9899),#9903);
#9899 = LINE('',#9900,#9901);
#9900 = CARTESIAN_POINT('',(0.,0.));
#9901 = VECTOR('',#9902,1.);
#9902 = DIRECTION('',(1.,0.));
#9903 = ( GEOMETRIC_REPRESENTATION_CONTEXT(2) 
PARAMETRIC_REPRESENTATION_CONTEXT() REPRESENTATION_CONTEXT('2D SPACE',''
  ) );
#9904 = PCURVE('',#7161,#9905);
#9905 = DEFINITIONAL_REPRESENTATION('',(#9906),#9910);
#9906 = LINE('',#9907,#9908);
#9907 = CARTESIAN_POINT('',(6.627417096726,-16.00000023841));
#9908 = VECTOR('',#9909,1.);
#9909 = DIRECTION('',(0.707106781187,0.707106781187));
#9910 = ( GEOMETRIC_REPRESENTATION_CONTEXT(2) 
PARAMETRIC_REPRESENTATION_CONTEXT() REPRESENTATION_CONTEXT('2D SPACE',''
  ) );
#9911 = ORIENTED_EDGE('',*,*,#9860,.T.);
#9912 = ORIENTED_EDGE('',*,*,#9913,.F.);
#9913 = EDGE_CURVE('',#9914,#9838,#9916,.T.);
#9914 = VERTEX_POINT('',#9915);
#9915 = CARTESIAN_POINT('',(6.627417096726,16.000000238419,-1.4));
#9916 = SURFACE_CURVE('',#9917,(#9921,#9928),.PCURVE_S1.);
#9917 = LINE('',#9918,#9919);
#9918 = CARTESIAN_POINT('',(6.627417096726,16.000000238419,-1.4));
#9919 = VECTOR('',#9920,1.);
#9920 = DIRECTION('',(0.707106781187,-0.707106781187,0.));
#9921 = PCURVE('',#9874,#9922);
#9922 = DEFINITIONAL_REPRESENTATION('',(#9923),#9927);
#9923 = LINE('',#9924,#9925);
#9924 = CARTESIAN_POINT('',(0.,1.4));
#9925 = VECTOR('',#9926,1.);
#9926 = DIRECTION('',(1.,0.));
#9927 = ( GEOMETRIC_REPRESENTATION_CONTEXT(2) 
PARAMETRIC_REPRESENTATION_CONTEXT() REPRESENTATION_CONTEXT('2D SPACE',''
  ) );
#9928 = PCURVE('',#9527,#9929);
#9929 = DEFINITIONAL_REPRESENTATION('',(#9930),#9934);
#9930 = LINE('',#9931,#9932);
#9931 = CARTESIAN_POINT('',(-6.627417096726,16.000000238419));
#9932 = VECTOR('',#9933,1.);
#9933 = DIRECTION('',(-0.707106781187,-0.707106781187));
#9934 = ( GEOMETRIC_REPRESENTATION_CONTEXT(2) 
PARAMETRIC_REPRESENTATION_CONTEXT() REPRESENTATION_CONTEXT('2D SPACE',''
  ) );
#9935 = ORIENTED_EDGE('',*,*,#9936,.F.);
#9936 = EDGE_CURVE('',#9890,#9914,#9937,.T.);
#9937 = SURFACE_CURVE('',#9938,(#9942,#9949),.PCURVE_S1.);
#9938 = LINE('',#9939,#9940);
#9939 = CARTESIAN_POINT('',(6.627417096726,16.000000238419,0.));
#9940 = VECTOR('',#9941,1.);
#9941 = DIRECTION('',(0.,0.,-1.));
#9942 = PCURVE('',#9874,#9943);
#9943 = DEFINITIONAL_REPRESENTATION('',(#9944),#9948);
#9944 = LINE('',#9945,#9946);
#9945 = CARTESIAN_POINT('',(0.,0.));
#9946 = VECTOR('',#9947,1.);
#9947 = DIRECTION('',(0.,1.));
#9948 = ( GEOMETRIC_REPRESENTATION_CONTEXT(2) 
PARAMETRIC_REPRESENTATION_CONTEXT() REPRESENTATION_CONTEXT('2D SPACE',''
  ) );
#9949 = PCURVE('',#9950,#9955);
#9950 = PLANE('',#9951);
#9951 = AXIS2_PLACEMENT_3D('',#9952,#9953,#9954);
#9952 = CARTESIAN_POINT('',(-6.627417096726,16.000000238419,0.));
#9953 = DIRECTION('',(-1.675197152106E-16,1.,0.));
#9954 = DIRECTION('',(1.,1.675197152106E-16,0.));
#9955 = DEFINITIONAL_REPRESENTATION('',(#9956),#9960);
#9956 = LINE('',#9957,#9958);
#9957 = CARTESIAN_POINT('',(13.254834193451,0.));
#9958 = VECTOR('',#9959,1.);
#9959 = DIRECTION('',(0.,1.));
#9960 = ( GEOMETRIC_REPRESENTATION_CONTEXT(2) 
PARAMETRIC_REPRESENTATION_CONTEXT() REPRESENTATION_CONTEXT('2D SPACE',''
  ) );
#9961 = ADVANCED_FACE('',(#9962),#9950,.T.);
#9962 = FACE_BOUND('',#9963,.T.);
#9963 = EDGE_LOOP('',(#9964,#9987,#9988,#10011));
#9964 = ORIENTED_EDGE('',*,*,#9965,.T.);
#9965 = EDGE_CURVE('',#9966,#9890,#9968,.T.);
#9966 = VERTEX_POINT('',#9967);
#9967 = CARTESIAN_POINT('',(-6.627417096726,16.000000238419,0.));
#9968 = SURFACE_CURVE('',#9969,(#9973,#9980),.PCURVE_S1.);
#9969 = LINE('',#9970,#9971);
#9970 = CARTESIAN_POINT('',(-6.627417096726,16.000000238419,0.));
#9971 = VECTOR('',#9972,1.);
#9972 = DIRECTION('',(1.,1.675197152106E-16,0.));
#9973 = PCURVE('',#9950,#9974);
#9974 = DEFINITIONAL_REPRESENTATION('',(#9975),#9979);
#9975 = LINE('',#9976,#9977);
#9976 = CARTESIAN_POINT('',(0.,0.));
#9977 = VECTOR('',#9978,1.);
#9978 = DIRECTION('',(1.,0.));
#9979 = ( GEOMETRIC_REPRESENTATION_CONTEXT(2) 
PARAMETRIC_REPRESENTATION_CONTEXT() REPRESENTATION_CONTEXT('2D SPACE',''
  ) );
#9980 = PCURVE('',#7161,#9981);
#9981 = DEFINITIONAL_REPRESENTATION('',(#9982),#9986);
#9982 = LINE('',#9983,#9984);
#9983 = CARTESIAN_POINT('',(-6.627417096726,-16.00000023841));
#9984 = VECTOR('',#9985,1.);
#9985 = DIRECTION('',(1.,-1.675197152106E-16));
#9986 = ( GEOMETRIC_REPRESENTATION_CONTEXT(2) 
PARAMETRIC_REPRESENTATION_CONTEXT() REPRESENTATION_CONTEXT('2D SPACE',''
  ) );
#9987 = ORIENTED_EDGE('',*,*,#9936,.T.);
#9988 = ORIENTED_EDGE('',*,*,#9989,.F.);
#9989 = EDGE_CURVE('',#9990,#9914,#9992,.T.);
#9990 = VERTEX_POINT('',#9991);
#9991 = CARTESIAN_POINT('',(-6.627417096726,16.000000238419,-1.4));
#9992 = SURFACE_CURVE('',#9993,(#9997,#10004),.PCURVE_S1.);
#9993 = LINE('',#9994,#9995);
#9994 = CARTESIAN_POINT('',(-6.627417096726,16.000000238419,-1.4));
#9995 = VECTOR('',#9996,1.);
#9996 = DIRECTION('',(1.,1.675197152106E-16,0.));
#9997 = PCURVE('',#9950,#9998);
#9998 = DEFINITIONAL_REPRESENTATION('',(#9999),#10003);
#9999 = LINE('',#10000,#10001);
#10000 = CARTESIAN_POINT('',(0.,1.4));
#10001 = VECTOR('',#10002,1.);
#10002 = DIRECTION('',(1.,0.));
#10003 = ( GEOMETRIC_REPRESENTATION_CONTEXT(2) 
PARAMETRIC_REPRESENTATION_CONTEXT() REPRESENTATION_CONTEXT('2D SPACE',''
  ) );
#10004 = PCURVE('',#9527,#10005);
#10005 = DEFINITIONAL_REPRESENTATION('',(#10006),#10010);
#10006 = LINE('',#10007,#10008);
#10007 = CARTESIAN_POINT('',(6.627417096726,16.000000238419));
#10008 = VECTOR('',#10009,1.);
#10009 = DIRECTION('',(-1.,1.675197152106E-16));
#10010 = ( GEOMETRIC_REPRESENTATION_CONTEXT(2) 
PARAMETRIC_REPRESENTATION_CONTEXT() REPRESENTATION_CONTEXT('2D SPACE',''
  ) );
#10011 = ORIENTED_EDGE('',*,*,#10012,.F.);
#10012 = EDGE_CURVE('',#9966,#9990,#10013,.T.);
#10013 = SURFACE_CURVE('',#10014,(#10018,#10025),.PCURVE_S1.);
#10014 = LINE('',#10015,#10016);
#10015 = CARTESIAN_POINT('',(-6.627417096726,16.000000238419,0.));
#10016 = VECTOR('',#10017,1.);
#10017 = DIRECTION('',(0.,0.,-1.));
#10018 = PCURVE('',#9950,#10019);
#10019 = DEFINITIONAL_REPRESENTATION('',(#10020),#10024);
#10020 = LINE('',#10021,#10022);
#10021 = CARTESIAN_POINT('',(0.,0.));
#10022 = VECTOR('',#10023,1.);
#10023 = DIRECTION('',(0.,1.));
#10024 = ( GEOMETRIC_REPRESENTATION_CONTEXT(2) 
PARAMETRIC_REPRESENTATION_CONTEXT() REPRESENTATION_CONTEXT('2D SPACE',''
  ) );
#10025 = PCURVE('',#10026,#10031);
#10026 = PLANE('',#10027);
#10027 = AXIS2_PLACEMENT_3D('',#10028,#10029,#10030);
#10028 = CARTESIAN_POINT('',(-16.00000023841,6.627417096726,0.));
#10029 = DIRECTION('',(-0.707106781187,0.707106781187,0.));
#10030 = DIRECTION('',(0.707106781187,0.707106781187,0.));
#10031 = DEFINITIONAL_REPRESENTATION('',(#10032),#10036);
#10032 = LINE('',#10033,#10034);
#10033 = CARTESIAN_POINT('',(13.254834193451,0.));
#10034 = VECTOR('',#10035,1.);
#10035 = DIRECTION('',(0.,1.));
#10036 = ( GEOMETRIC_REPRESENTATION_CONTEXT(2) 
PARAMETRIC_REPRESENTATION_CONTEXT() REPRESENTATION_CONTEXT('2D SPACE',''
  ) );
#10037 = ADVANCED_FACE('',(#10038),#10026,.T.);
#10038 = FACE_BOUND('',#10039,.T.);
#10039 = EDGE_LOOP('',(#10040,#10063,#10064,#10087));
#10040 = ORIENTED_EDGE('',*,*,#10041,.T.);
#10041 = EDGE_CURVE('',#10042,#9966,#10044,.T.);
#10042 = VERTEX_POINT('',#10043);
#10043 = CARTESIAN_POINT('',(-16.00000023841,6.627417096726,0.));
#10044 = SURFACE_CURVE('',#10045,(#10049,#10056),.PCURVE_S1.);
#10045 = LINE('',#10046,#10047);
#10046 = CARTESIAN_POINT('',(-16.00000023841,6.627417096726,0.));
#10047 = VECTOR('',#10048,1.);
#10048 = DIRECTION('',(0.707106781187,0.707106781187,0.));
#10049 = PCURVE('',#10026,#10050);
#10050 = DEFINITIONAL_REPRESENTATION('',(#10051),#10055);
#10051 = LINE('',#10052,#10053);
#10052 = CARTESIAN_POINT('',(0.,0.));
#10053 = VECTOR('',#10054,1.);
#10054 = DIRECTION('',(1.,0.));
#10055 = ( GEOMETRIC_REPRESENTATION_CONTEXT(2) 
PARAMETRIC_REPRESENTATION_CONTEXT() REPRESENTATION_CONTEXT('2D SPACE',''
  ) );
#10056 = PCURVE('',#7161,#10057);
#10057 = DEFINITIONAL_REPRESENTATION('',(#10058),#10062);
#10058 = LINE('',#10059,#10060);
#10059 = CARTESIAN_POINT('',(-16.00000023841,-6.627417096726));
#10060 = VECTOR('',#10061,1.);
#10061 = DIRECTION('',(0.707106781187,-0.707106781187));
#10062 = ( GEOMETRIC_REPRESENTATION_CONTEXT(2) 
PARAMETRIC_REPRESENTATION_CONTEXT() REPRESENTATION_CONTEXT('2D SPACE',''
  ) );
#10063 = ORIENTED_EDGE('',*,*,#10012,.T.);
#10064 = ORIENTED_EDGE('',*,*,#10065,.F.);
#10065 = EDGE_CURVE('',#10066,#9990,#10068,.T.);
#10066 = VERTEX_POINT('',#10067);
#10067 = CARTESIAN_POINT('',(-16.00000023841,6.627417096726,-1.4));
#10068 = SURFACE_CURVE('',#10069,(#10073,#10080),.PCURVE_S1.);
#10069 = LINE('',#10070,#10071);
#10070 = CARTESIAN_POINT('',(-16.00000023841,6.627417096726,-1.4));
#10071 = VECTOR('',#10072,1.);
#10072 = DIRECTION('',(0.707106781187,0.707106781187,0.));
#10073 = PCURVE('',#10026,#10074);
#10074 = DEFINITIONAL_REPRESENTATION('',(#10075),#10079);
#10075 = LINE('',#10076,#10077);
#10076 = CARTESIAN_POINT('',(0.,1.4));
#10077 = VECTOR('',#10078,1.);
#10078 = DIRECTION('',(1.,0.));
#10079 = ( GEOMETRIC_REPRESENTATION_CONTEXT(2) 
PARAMETRIC_REPRESENTATION_CONTEXT() REPRESENTATION_CONTEXT('2D SPACE',''
  ) );
#10080 = PCURVE('',#9527,#10081);
#10081 = DEFINITIONAL_REPRESENTATION('',(#10082),#10086);
#10082 = LINE('',#10083,#10084);
#10083 = CARTESIAN_POINT('',(16.000000238419,6.627417096726));
#10084 = VECTOR('',#10085,1.);
#10085 = DIRECTION('',(-0.707106781187,0.707106781187));
#10086 = ( GEOMETRIC_REPRESENTATION_CONTEXT(2) 
PARAMETRIC_REPRESENTATION_CONTEXT() REPRESENTATION_CONTEXT('2D SPACE',''
  ) );
#10087 = ORIENTED_EDGE('',*,*,#10088,.F.);
#10088 = EDGE_CURVE('',#10042,#10066,#10089,.T.);
#10089 = SURFACE_CURVE('',#10090,(#10094,#10101),.PCURVE_S1.);
#10090 = LINE('',#10091,#10092);
#10091 = CARTESIAN_POINT('',(-16.00000023841,6.627417096726,0.));
#10092 = VECTOR('',#10093,1.);
#10093 = DIRECTION('',(0.,0.,-1.));
#10094 = PCURVE('',#10026,#10095);
#10095 = DEFINITIONAL_REPRESENTATION('',(#10096),#10100);
#10096 = LINE('',#10097,#10098);
#10097 = CARTESIAN_POINT('',(0.,0.));
#10098 = VECTOR('',#10099,1.);
#10099 = DIRECTION('',(0.,1.));
#10100 = ( GEOMETRIC_REPRESENTATION_CONTEXT(2) 
PARAMETRIC_REPRESENTATION_CONTEXT() REPRESENTATION_CONTEXT('2D SPACE',''
  ) );
#10101 = PCURVE('',#9597,#10102);
#10102 = DEFINITIONAL_REPRESENTATION('',(#10103),#10107);
#10103 = LINE('',#10104,#10105);
#10104 = CARTESIAN_POINT('',(13.254834193451,0.));
#10105 = VECTOR('',#10106,1.);
#10106 = DIRECTION('',(0.,1.));
#10107 = ( GEOMETRIC_REPRESENTATION_CONTEXT(2) 
PARAMETRIC_REPRESENTATION_CONTEXT() REPRESENTATION_CONTEXT('2D SPACE',''
  ) );
#10108 = ADVANCED_FACE('',(#10109),#9597,.T.);
#10109 = FACE_BOUND('',#10110,.T.);
#10110 = EDGE_LOOP('',(#10111,#10132,#10133,#10154));
#10111 = ORIENTED_EDGE('',*,*,#10112,.T.);
#10112 = EDGE_CURVE('',#9554,#10042,#10113,.T.);
#10113 = SURFACE_CURVE('',#10114,(#10118,#10125),.PCURVE_S1.);
#10114 = LINE('',#10115,#10116);
#10115 = CARTESIAN_POINT('',(-16.00000023841,-6.627417096726,0.));
#10116 = VECTOR('',#10117,1.);
#10117 = DIRECTION('',(-5.025591456317E-16,1.,0.));
#10118 = PCURVE('',#9597,#10119);
#10119 = DEFINITIONAL_REPRESENTATION('',(#10120),#10124);
#10120 = LINE('',#10121,#10122);
#10121 = CARTESIAN_POINT('',(0.,0.));
#10122 = VECTOR('',#10123,1.);
#10123 = DIRECTION('',(1.,0.));
#10124 = ( GEOMETRIC_REPRESENTATION_CONTEXT(2) 
PARAMETRIC_REPRESENTATION_CONTEXT() REPRESENTATION_CONTEXT('2D SPACE',''
  ) );
#10125 = PCURVE('',#7161,#10126);
#10126 = DEFINITIONAL_REPRESENTATION('',(#10127),#10131);
#10127 = LINE('',#10128,#10129);
#10128 = CARTESIAN_POINT('',(-16.00000023841,6.627417096726));
#10129 = VECTOR('',#10130,1.);
#10130 = DIRECTION('',(-5.025591456317E-16,-1.));
#10131 = ( GEOMETRIC_REPRESENTATION_CONTEXT(2) 
PARAMETRIC_REPRESENTATION_CONTEXT() REPRESENTATION_CONTEXT('2D SPACE',''
  ) );
#10132 = ORIENTED_EDGE('',*,*,#10088,.T.);
#10133 = ORIENTED_EDGE('',*,*,#10134,.F.);
#10134 = EDGE_CURVE('',#9582,#10066,#10135,.T.);
#10135 = SURFACE_CURVE('',#10136,(#10140,#10147),.PCURVE_S1.);
#10136 = LINE('',#10137,#10138);
#10137 = CARTESIAN_POINT('',(-16.00000023841,-6.627417096726,-1.4));
#10138 = VECTOR('',#10139,1.);
#10139 = DIRECTION('',(-5.025591456317E-16,1.,0.));
#10140 = PCURVE('',#9597,#10141);
#10141 = DEFINITIONAL_REPRESENTATION('',(#10142),#10146);
#10142 = LINE('',#10143,#10144);
#10143 = CARTESIAN_POINT('',(0.,1.4));
#10144 = VECTOR('',#10145,1.);
#10145 = DIRECTION('',(1.,0.));
#10146 = ( GEOMETRIC_REPRESENTATION_CONTEXT(2) 
PARAMETRIC_REPRESENTATION_CONTEXT() REPRESENTATION_CONTEXT('2D SPACE',''
  ) );
#10147 = PCURVE('',#9527,#10148);
#10148 = DEFINITIONAL_REPRESENTATION('',(#10149),#10153);
#10149 = LINE('',#10150,#10151);
#10150 = CARTESIAN_POINT('',(16.000000238419,-6.627417096726));
#10151 = VECTOR('',#10152,1.);
#10152 = DIRECTION('',(5.025591456317E-16,1.));
#10153 = ( GEOMETRIC_REPRESENTATION_CONTEXT(2) 
PARAMETRIC_REPRESENTATION_CONTEXT() REPRESENTATION_CONTEXT('2D SPACE',''
  ) );
#10154 = ORIENTED_EDGE('',*,*,#9581,.F.);
#10155 = ADVANCED_FACE('',(#10156,#10166),#9527,.T.);
#10156 = FACE_BOUND('',#10157,.T.);
#10157 = EDGE_LOOP('',(#10158,#10159,#10160,#10161,#10162,#10163,#10164,
    #10165));
#10158 = ORIENTED_EDGE('',*,*,#10134,.T.);
#10159 = ORIENTED_EDGE('',*,*,#10065,.T.);
#10160 = ORIENTED_EDGE('',*,*,#9989,.T.);
#10161 = ORIENTED_EDGE('',*,*,#9913,.T.);
#10162 = ORIENTED_EDGE('',*,*,#9837,.T.);
#10163 = ORIENTED_EDGE('',*,*,#9761,.T.);
#10164 = ORIENTED_EDGE('',*,*,#9685,.T.);
#10165 = ORIENTED_EDGE('',*,*,#9609,.T.);
#10166 = FACE_BOUND('',#10167,.T.);
#10167 = EDGE_LOOP('',(#10168));
#10168 = ORIENTED_EDGE('',*,*,#9512,.T.);
#10169 = ADVANCED_FACE('',(#10170,#10180,#10188,#10196,#10204),#7161,.F.
  );
#10170 = FACE_BOUND('',#10171,.T.);
#10171 = EDGE_LOOP('',(#10172,#10173,#10174,#10175,#10176,#10177,#10178,
    #10179));
#10172 = ORIENTED_EDGE('',*,*,#10112,.F.);
#10173 = ORIENTED_EDGE('',*,*,#9551,.F.);
#10174 = ORIENTED_EDGE('',*,*,#9661,.F.);
#10175 = ORIENTED_EDGE('',*,*,#9737,.F.);
#10176 = ORIENTED_EDGE('',*,*,#9813,.F.);
#10177 = ORIENTED_EDGE('',*,*,#9889,.F.);
#10178 = ORIENTED_EDGE('',*,*,#9965,.F.);
#10179 = ORIENTED_EDGE('',*,*,#10041,.F.);
#10180 = FACE_BOUND('',#10181,.T.);
#10181 = EDGE_LOOP('',(#10182,#10183,#10184,#10185,#10186,#10187));
#10182 = ORIENTED_EDGE('',*,*,#7334,.T.);
#10183 = ORIENTED_EDGE('',*,*,#7547,.T.);
#10184 = ORIENTED_EDGE('',*,*,#7432,.T.);
#10185 = ORIENTED_EDGE('',*,*,#7667,.T.);
#10186 = ORIENTED_EDGE('',*,*,#7138,.T.);
#10187 = ORIENTED_EDGE('',*,*,#7258,.T.);
#10188 = FACE_BOUND('',#10189,.T.);
#10189 = EDGE_LOOP('',(#10190,#10191,#10192,#10193,#10194,#10195));
#10190 = ORIENTED_EDGE('',*,*,#7912,.T.);
#10191 = ORIENTED_EDGE('',*,*,#8125,.T.);
#10192 = ORIENTED_EDGE('',*,*,#8010,.T.);
#10193 = ORIENTED_EDGE('',*,*,#8245,.T.);
#10194 = ORIENTED_EDGE('',*,*,#7721,.T.);
#10195 = ORIENTED_EDGE('',*,*,#7836,.T.);
#10196 = FACE_BOUND('',#10197,.T.);
#10197 = EDGE_LOOP('',(#10198,#10199,#10200,#10201,#10202,#10203));
#10198 = ORIENTED_EDGE('',*,*,#8490,.T.);
#10199 = ORIENTED_EDGE('',*,*,#8703,.T.);
#10200 = ORIENTED_EDGE('',*,*,#8588,.T.);
#10201 = ORIENTED_EDGE('',*,*,#8823,.T.);
#10202 = ORIENTED_EDGE('',*,*,#8299,.T.);
#10203 = ORIENTED_EDGE('',*,*,#8414,.T.);
#10204 = FACE_BOUND('',#10205,.T.);
#10205 = EDGE_LOOP('',(#10206,#10207,#10208,#10209,#10210,#10211));
#10206 = ORIENTED_EDGE('',*,*,#9068,.T.);
#10207 = ORIENTED_EDGE('',*,*,#9281,.T.);
#10208 = ORIENTED_EDGE('',*,*,#9166,.T.);
#10209 = ORIENTED_EDGE('',*,*,#9401,.T.);
#10210 = ORIENTED_EDGE('',*,*,#8877,.T.);
#10211 = ORIENTED_EDGE('',*,*,#8992,.T.);
#10212 = ( GEOMETRIC_REPRESENTATION_CONTEXT(3) 
GLOBAL_UNCERTAINTY_ASSIGNED_CONTEXT((#10216)) 
GLOBAL_UNIT_ASSIGNED_CONTEXT((#10213,#10214,#10215)) 
REPRESENTATION_CONTEXT('Context #1',
  '3D Context with UNIT and UNCERTAINTY') );
#10213 = ( LENGTH_UNIT() NAMED_UNIT(*) SI_UNIT(.MILLI.,.METRE.) );
#10214 = ( NAMED_UNIT(*) PLANE_ANGLE_UNIT() SI_UNIT($,.RADIAN.) );
#10215 = ( NAMED_UNIT(*) SI_UNIT($,.STERADIAN.) SOLID_ANGLE_UNIT() );
#10216 = UNCERTAINTY_MEASURE_WITH_UNIT(LENGTH_MEASURE(5.E-05),#10213,
  'distance_accuracy_value','confusion accuracy');
#10217 = PRODUCT_RELATED_PRODUCT_CATEGORY('part',$,(#7));
#10218 = MECHANICAL_DESIGN_GEOMETRIC_PRESENTATION_REPRESENTATION('',(
    #10219,#10227,#10234,#10241,#10248,#10256,#10263,#10270,#10277,
    #10284,#10291,#10298,#10305,#10312),#10212);
#10219 = STYLED_ITEM('color',(#10220),#15);
#10220 = PRESENTATION_STYLE_ASSIGNMENT((#10221));
#10221 = SURFACE_STYLE_USAGE(.BOTH.,#10222);
#10222 = SURFACE_SIDE_STYLE('',(#10223));
#10223 = SURFACE_STYLE_FILL_AREA(#10224);
#10224 = FILL_AREA_STYLE('',(#10225));
#10225 = FILL_AREA_STYLE_COLOUR('',#10226);
#10226 = COLOUR_RGB('',0.368627449173,0.368627449173,0.368627449173);
#10227 = STYLED_ITEM('color',(#10228),#113);
#10228 = PRESENTATION_STYLE_ASSIGNMENT((#10229));
#10229 = SURFACE_STYLE_USAGE(.BOTH.,#10230);
#10230 = SURFACE_SIDE_STYLE('',(#10231));
#10231 = SURFACE_STYLE_FILL_AREA(#10232);
#10232 = FILL_AREA_STYLE('',(#10233));
#10233 = FILL_AREA_STYLE_COLOUR('',#10226);
#10234 = STYLED_ITEM('color',(#10235),#1974);
#10235 = PRESENTATION_STYLE_ASSIGNMENT((#10236));
#10236 = SURFACE_STYLE_USAGE(.BOTH.,#10237);
#10237 = SURFACE_SIDE_STYLE('',(#10238));
#10238 = SURFACE_STYLE_FILL_AREA(#10239);
#10239 = FILL_AREA_STYLE('',(#10240));
#10240 = FILL_AREA_STYLE_COLOUR('',#10226);
#10241 = STYLED_ITEM('color',(#10242),#3885);
#10242 = PRESENTATION_STYLE_ASSIGNMENT((#10243));
#10243 = SURFACE_STYLE_USAGE(.BOTH.,#10244);
#10244 = SURFACE_SIDE_STYLE('',(#10245));
#10245 = SURFACE_STYLE_FILL_AREA(#10246);
#10246 = FILL_AREA_STYLE('',(#10247));
#10247 = FILL_AREA_STYLE_COLOUR('',#10226);
#10248 = STYLED_ITEM('color',(#10249),#4072);
#10249 = PRESENTATION_STYLE_ASSIGNMENT((#10250));
#10250 = SURFACE_STYLE_USAGE(.BOTH.,#10251);
#10251 = SURFACE_SIDE_STYLE('',(#10252));
#10252 = SURFACE_STYLE_FILL_AREA(#10253);
#10253 = FILL_AREA_STYLE('',(#10254));
#10254 = FILL_AREA_STYLE_COLOUR('',#10255);
#10255 = COLOUR_RGB('',0.627450987486,0.627450987486,0.627450987486);
#10256 = STYLED_ITEM('color',(#10257),#4412);
#10257 = PRESENTATION_STYLE_ASSIGNMENT((#10258));
#10258 = SURFACE_STYLE_USAGE(.BOTH.,#10259);
#10259 = SURFACE_SIDE_STYLE('',(#10260));
#10260 = SURFACE_STYLE_FILL_AREA(#10261);
#10261 = FILL_AREA_STYLE('',(#10262));
#10262 = FILL_AREA_STYLE_COLOUR('',#10255);
#10263 = STYLED_ITEM('color',(#10264),#4752);
#10264 = PRESENTATION_STYLE_ASSIGNMENT((#10265));
#10265 = SURFACE_STYLE_USAGE(.BOTH.,#10266);
#10266 = SURFACE_SIDE_STYLE('',(#10267));
#10267 = SURFACE_STYLE_FILL_AREA(#10268);
#10268 = FILL_AREA_STYLE('',(#10269));
#10269 = FILL_AREA_STYLE_COLOUR('',#10255);
#10270 = STYLED_ITEM('color',(#10271),#5092);
#10271 = PRESENTATION_STYLE_ASSIGNMENT((#10272));
#10272 = SURFACE_STYLE_USAGE(.BOTH.,#10273);
#10273 = SURFACE_SIDE_STYLE('',(#10274));
#10274 = SURFACE_STYLE_FILL_AREA(#10275);
#10275 = FILL_AREA_STYLE('',(#10276));
#10276 = FILL_AREA_STYLE_COLOUR('',#10255);
#10277 = STYLED_ITEM('color',(#10278),#5432);
#10278 = PRESENTATION_STYLE_ASSIGNMENT((#10279));
#10279 = SURFACE_STYLE_USAGE(.BOTH.,#10280);
#10280 = SURFACE_SIDE_STYLE('',(#10281));
#10281 = SURFACE_STYLE_FILL_AREA(#10282);
#10282 = FILL_AREA_STYLE('',(#10283));
#10283 = FILL_AREA_STYLE_COLOUR('',#10255);
#10284 = STYLED_ITEM('color',(#10285),#5772);
#10285 = PRESENTATION_STYLE_ASSIGNMENT((#10286));
#10286 = SURFACE_STYLE_USAGE(.BOTH.,#10287);
#10287 = SURFACE_SIDE_STYLE('',(#10288));
#10288 = SURFACE_STYLE_FILL_AREA(#10289);
#10289 = FILL_AREA_STYLE('',(#10290));
#10290 = FILL_AREA_STYLE_COLOUR('',#10255);
#10291 = STYLED_ITEM('color',(#10292),#6112);
#10292 = PRESENTATION_STYLE_ASSIGNMENT((#10293));
#10293 = SURFACE_STYLE_USAGE(.BOTH.,#10294);
#10294 = SURFACE_SIDE_STYLE('',(#10295));
#10295 = SURFACE_STYLE_FILL_AREA(#10296);
#10296 = FILL_AREA_STYLE('',(#10297));
#10297 = FILL_AREA_STYLE_COLOUR('',#10255);
#10298 = STYLED_ITEM('color',(#10299),#6452);
#10299 = PRESENTATION_STYLE_ASSIGNMENT((#10300));
#10300 = SURFACE_STYLE_USAGE(.BOTH.,#10301);
#10301 = SURFACE_SIDE_STYLE('',(#10302));
#10302 = SURFACE_STYLE_FILL_AREA(#10303);
#10303 = FILL_AREA_STYLE('',(#10304));
#10304 = FILL_AREA_STYLE_COLOUR('',#10255);
#10305 = STYLED_ITEM('color',(#10306),#6792);
#10306 = PRESENTATION_STYLE_ASSIGNMENT((#10307));
#10307 = SURFACE_STYLE_USAGE(.BOTH.,#10308);
#10308 = SURFACE_SIDE_STYLE('',(#10309));
#10309 = SURFACE_STYLE_FILL_AREA(#10310);
#10310 = FILL_AREA_STYLE('',(#10311));
#10311 = FILL_AREA_STYLE_COLOUR('',#10255);
#10312 = STYLED_ITEM('color',(#10313),#7132);
#10313 = PRESENTATION_STYLE_ASSIGNMENT((#10314));
#10314 = SURFACE_STYLE_USAGE(.BOTH.,#10315);
#10315 = SURFACE_SIDE_STYLE('',(#10316));
#10316 = SURFACE_STYLE_FILL_AREA(#10317);
#10317 = FILL_AREA_STYLE('',(#10318));
#10318 = FILL_AREA_STYLE_COLOUR('',#10226);
ENDSEC;
END-ISO-10303-21;
