ISO-10303-21;
HEADER;
FILE_DESCRIPTION(('Open CASCADE Model'),'2;1');
FILE_NAME('Open CASCADE Shape Model','2026-08-21T08:33:34',('Author'),(
    'Open CASCADE'),'Open CASCADE STEP processor 7.9','build123d',
  'Unknown');
FILE_SCHEMA(('AUTOMOTIVE_DESIGN { 1 0 10303 214 1 1 1 1 }'));
ENDSEC;
DATA;
#1 = APPLICATION_PROTOCOL_DEFINITION('international standard',
  'automotive_design',2000,#2);
#2 = APPLICATION_CONTEXT(
  'core data for automotive mechanical design processes');
#3 = SHAPE_DEFINITION_REPRESENTATION(#4,#10);
#4 = PRODUCT_DEFINITION_SHAPE('','',#5);
#5 = PRODUCT_DEFINITION('design','',#6,#9);
#6 = PRODUCT_DEFINITION_FORMATION('','',#7);
#7 = PRODUCT('COMPOUND','COMPOUND','',(#8));
#8 = PRODUCT_CONTEXT('',#2,'mechanical');
#9 = PRODUCT_DEFINITION_CONTEXT('part definition',#2,'design');
#10 = SHAPE_REPRESENTATION('',(#11,#15,#19,#23,#27,#31,#35),#39);
#11 = AXIS2_PLACEMENT_3D('',#12,#13,#14);
#12 = CARTESIAN_POINT('',(0.,0.,0.));
#13 = DIRECTION('',(0.,0.,1.));
#14 = DIRECTION('',(1.,0.,-0.));
#15 = AXIS2_PLACEMENT_3D('',#16,#17,#18);
#16 = CARTESIAN_POINT('',(0.,0.,0.8));
#17 = DIRECTION('',(-0.,1.,1.110223024625E-16));
#18 = DIRECTION('',(1.,0.,0.));
#19 = AXIS2_PLACEMENT_3D('',#20,#21,#22);
#20 = CARTESIAN_POINT('',(0.,0.,0.8));
#21 = DIRECTION('',(-0.,1.,1.110223024625E-16));
#22 = DIRECTION('',(1.,0.,0.));
#23 = AXIS2_PLACEMENT_3D('',#24,#25,#26);
#24 = CARTESIAN_POINT('',(0.,0.,0.8));
#25 = DIRECTION('',(-0.,1.,1.110223024625E-16));
#26 = DIRECTION('',(1.,0.,0.));
#27 = AXIS2_PLACEMENT_3D('',#28,#29,#30);
#28 = CARTESIAN_POINT('',(0.,0.,0.8));
#29 = DIRECTION('',(-0.,1.,1.110223024625E-16));
#30 = DIRECTION('',(1.,0.,0.));
#31 = AXIS2_PLACEMENT_3D('',#32,#33,#34);
#32 = CARTESIAN_POINT('',(0.,0.,0.8));
#33 = DIRECTION('',(-0.,1.,1.110223024625E-16));
#34 = DIRECTION('',(1.,0.,0.));
#35 = AXIS2_PLACEMENT_3D('',#36,#37,#38);
#36 = CARTESIAN_POINT('',(0.,0.,0.8));
#37 = DIRECTION('',(-0.,1.,1.110223024625E-16));
#38 = DIRECTION('',(1.,0.,0.));
#39 = ( GEOMETRIC_REPRESENTATION_CONTEXT(3) 
GLOBAL_UNCERTAINTY_ASSIGNED_CONTEXT((#43)) GLOBAL_UNIT_ASSIGNED_CONTEXT(
(#40,#41,#42)) REPRESENTATION_CONTEXT('Context #1',
  '3D Context with UNIT and UNCERTAINTY') );
#40 = ( LENGTH_UNIT() NAMED_UNIT(*) SI_UNIT(.MILLI.,.METRE.) );
#41 = ( NAMED_UNIT(*) PLANE_ANGLE_UNIT() SI_UNIT($,.RADIAN.) );
#42 = ( NAMED_UNIT(*) SI_UNIT($,.STERADIAN.) SOLID_ANGLE_UNIT() );
#43 = UNCERTAINTY_MEASURE_WITH_UNIT(LENGTH_MEASURE(2.E-06),#40,
  'distance_accuracy_value','confusion accuracy');
#44 = PRODUCT_RELATED_PRODUCT_CATEGORY('part',$,(#7));
#45 = SHAPE_DEFINITION_REPRESENTATION(#46,#52);
#46 = PRODUCT_DEFINITION_SHAPE('','',#47);
#47 = PRODUCT_DEFINITION('design','',#48,#51);
#48 = PRODUCT_DEFINITION_FORMATION('','',#49);
#49 = PRODUCT('SOLID','SOLID','',(#50));
#50 = PRODUCT_CONTEXT('',#2,'mechanical');
#51 = PRODUCT_DEFINITION_CONTEXT('part definition',#2,'design');
#52 = ADVANCED_BREP_SHAPE_REPRESENTATION('',(#11,#53),#2745);
#53 = MANIFOLD_SOLID_BREP('',#54);
#54 = CLOSED_SHELL('',(#55,#172,#299,#414,#546,#661,#737,#786,#835,#969,
    #1324,#1376,#1383,#1432,#1437,#1490,#1539,#1617,#1693,#1765,#1814,
    #1885,#1912,#1984,#2011,#2083,#2132,#2208,#2279,#2413,#2462,#2533,
    #2560,#2609,#2636,#2664,#2692,#2737));
#55 = ADVANCED_FACE('',(#56),#71,.F.);
#56 = FACE_BOUND('',#57,.F.);
#57 = EDGE_LOOP('',(#58,#94,#122,#151));
#58 = ORIENTED_EDGE('',*,*,#59,.T.);
#59 = EDGE_CURVE('',#60,#62,#64,.T.);
#60 = VERTEX_POINT('',#61);
#61 = CARTESIAN_POINT('',(-1.5,0.5,2.341926223421));
#62 = VERTEX_POINT('',#63);
#63 = CARTESIAN_POINT('',(1.5,0.5,2.341926223421));
#64 = SURFACE_CURVE('',#65,(#70,#82),.PCURVE_S1.);
#65 = CIRCLE('',#66,1.5);
#66 = AXIS2_PLACEMENT_3D('',#67,#68,#69);
#67 = CARTESIAN_POINT('',(9.103828772162E-14,0.5,2.341926223421));
#68 = DIRECTION('',(0.,-1.,2.22044604925E-16));
#69 = DIRECTION('',(-1.,0.,0.));
#70 = PCURVE('',#71,#76);
#71 = CYLINDRICAL_SURFACE('',#72,1.5);
#72 = AXIS2_PLACEMENT_3D('',#73,#74,#75);
#73 = CARTESIAN_POINT('',(9.103828772162E-14,0.5,2.341926223421));
#74 = DIRECTION('',(0.,-1.,2.22044604925E-16));
#75 = DIRECTION('',(-1.,0.,0.));
#76 = DEFINITIONAL_REPRESENTATION('',(#77),#81);
#77 = LINE('',#78,#79);
#78 = CARTESIAN_POINT('',(0.,0.));
#79 = VECTOR('',#80,1.);
#80 = DIRECTION('',(1.,0.));
#81 = ( GEOMETRIC_REPRESENTATION_CONTEXT(2) 
PARAMETRIC_REPRESENTATION_CONTEXT() REPRESENTATION_CONTEXT('2D SPACE',''
  ) );
#82 = PCURVE('',#83,#88);
#83 = PLANE('',#84);
#84 = AXIS2_PLACEMENT_3D('',#85,#86,#87);
#85 = CARTESIAN_POINT('',(3.6,0.5,4.192622342117E-02));
#86 = DIRECTION('',(0.,-1.,2.22044604925E-16));
#87 = DIRECTION('',(1.,0.,0.));
#88 = DEFINITIONAL_REPRESENTATION('',(#89),#93);
#89 = CIRCLE('',#90,1.5);
#90 = AXIS2_PLACEMENT_2D('',#91,#92);
#91 = CARTESIAN_POINT('',(-3.6,2.3));
#92 = DIRECTION('',(-1.,0.));
#93 = ( GEOMETRIC_REPRESENTATION_CONTEXT(2) 
PARAMETRIC_REPRESENTATION_CONTEXT() REPRESENTATION_CONTEXT('2D SPACE',''
  ) );
#94 = ORIENTED_EDGE('',*,*,#95,.T.);
#95 = EDGE_CURVE('',#62,#96,#98,.T.);
#96 = VERTEX_POINT('',#97);
#97 = CARTESIAN_POINT('',(1.5,0.4,2.341926223421));
#98 = SURFACE_CURVE('',#99,(#103,#110),.PCURVE_S1.);
#99 = LINE('',#100,#101);
#100 = CARTESIAN_POINT('',(1.5,0.5,2.341926223421));
#101 = VECTOR('',#102,1.);
#102 = DIRECTION('',(0.,-1.,2.22044604925E-16));
#103 = PCURVE('',#71,#104);
#104 = DEFINITIONAL_REPRESENTATION('',(#105),#109);
#105 = LINE('',#106,#107);
#106 = CARTESIAN_POINT('',(3.14159265359,0.));
#107 = VECTOR('',#108,1.);
#108 = DIRECTION('',(0.,1.));
#109 = ( GEOMETRIC_REPRESENTATION_CONTEXT(2) 
PARAMETRIC_REPRESENTATION_CONTEXT() REPRESENTATION_CONTEXT('2D SPACE',''
  ) );
#110 = PCURVE('',#111,#116);
#111 = CYLINDRICAL_SURFACE('',#112,1.5);
#112 = AXIS2_PLACEMENT_3D('',#113,#114,#115);
#113 = CARTESIAN_POINT('',(9.103828772162E-14,0.5,2.341926223421));
#114 = DIRECTION('',(0.,-1.,2.22044604925E-16));
#115 = DIRECTION('',(-1.,0.,0.));
#116 = DEFINITIONAL_REPRESENTATION('',(#117),#121);
#117 = LINE('',#118,#119);
#118 = CARTESIAN_POINT('',(3.14159265359,0.));
#119 = VECTOR('',#120,1.);
#120 = DIRECTION('',(0.,1.));
#121 = ( GEOMETRIC_REPRESENTATION_CONTEXT(2) 
PARAMETRIC_REPRESENTATION_CONTEXT() REPRESENTATION_CONTEXT('2D SPACE',''
  ) );
#122 = ORIENTED_EDGE('',*,*,#123,.T.);
#123 = EDGE_CURVE('',#96,#124,#126,.T.);
#124 = VERTEX_POINT('',#125);
#125 = CARTESIAN_POINT('',(-1.5,0.4,2.341926223421));
#126 = SURFACE_CURVE('',#127,(#132,#139),.PCURVE_S1.);
#127 = CIRCLE('',#128,1.5);
#128 = AXIS2_PLACEMENT_3D('',#129,#130,#131);
#129 = CARTESIAN_POINT('',(9.103828772162E-14,0.4,2.341926223421));
#130 = DIRECTION('',(0.,1.,-2.22044604925E-16));
#131 = DIRECTION('',(-1.,0.,0.));
#132 = PCURVE('',#71,#133);
#133 = DEFINITIONAL_REPRESENTATION('',(#134),#138);
#134 = LINE('',#135,#136);
#135 = CARTESIAN_POINT('',(6.28318530718,0.1));
#136 = VECTOR('',#137,1.);
#137 = DIRECTION('',(-1.,0.));
#138 = ( GEOMETRIC_REPRESENTATION_CONTEXT(2) 
PARAMETRIC_REPRESENTATION_CONTEXT() REPRESENTATION_CONTEXT('2D SPACE',''
  ) );
#139 = PCURVE('',#140,#145);
#140 = PLANE('',#141);
#141 = AXIS2_PLACEMENT_3D('',#142,#143,#144);
#142 = CARTESIAN_POINT('',(9.103828772162E-14,0.4,2.341926223421));
#143 = DIRECTION('',(0.,1.,-2.22044604925E-16));
#144 = DIRECTION('',(-1.,0.,0.));
#145 = DEFINITIONAL_REPRESENTATION('',(#146),#150);
#146 = CIRCLE('',#147,1.5);
#147 = AXIS2_PLACEMENT_2D('',#148,#149);
#148 = CARTESIAN_POINT('',(0.,0.));
#149 = DIRECTION('',(1.,0.));
#150 = ( GEOMETRIC_REPRESENTATION_CONTEXT(2) 
PARAMETRIC_REPRESENTATION_CONTEXT() REPRESENTATION_CONTEXT('2D SPACE',''
  ) );
#151 = ORIENTED_EDGE('',*,*,#152,.T.);
#152 = EDGE_CURVE('',#124,#60,#153,.T.);
#153 = SURFACE_CURVE('',#154,(#158,#165),.PCURVE_S1.);
#154 = LINE('',#155,#156);
#155 = CARTESIAN_POINT('',(-1.5,0.4,2.341926223421));
#156 = VECTOR('',#157,1.);
#157 = DIRECTION('',(0.,1.,-2.22044604925E-16));
#158 = PCURVE('',#71,#159);
#159 = DEFINITIONAL_REPRESENTATION('',(#160),#164);
#160 = LINE('',#161,#162);
#161 = CARTESIAN_POINT('',(0.,0.1));
#162 = VECTOR('',#163,1.);
#163 = DIRECTION('',(0.,-1.));
#164 = ( GEOMETRIC_REPRESENTATION_CONTEXT(2) 
PARAMETRIC_REPRESENTATION_CONTEXT() REPRESENTATION_CONTEXT('2D SPACE',''
  ) );
#165 = PCURVE('',#111,#166);
#166 = DEFINITIONAL_REPRESENTATION('',(#167),#171);
#167 = LINE('',#168,#169);
#168 = CARTESIAN_POINT('',(6.28318530718,0.1));
#169 = VECTOR('',#170,1.);
#170 = DIRECTION('',(0.,-1.));
#171 = ( GEOMETRIC_REPRESENTATION_CONTEXT(2) 
PARAMETRIC_REPRESENTATION_CONTEXT() REPRESENTATION_CONTEXT('2D SPACE',''
  ) );
#172 = ADVANCED_FACE('',(#173),#188,.T.);
#173 = FACE_BOUND('',#174,.T.);
#174 = EDGE_LOOP('',(#175,#211,#244,#268));
#175 = ORIENTED_EDGE('',*,*,#176,.F.);
#176 = EDGE_CURVE('',#177,#179,#181,.T.);
#177 = VERTEX_POINT('',#178);
#178 = CARTESIAN_POINT('',(1.7,-1.9,2.841926223421));
#179 = VERTEX_POINT('',#180);
#180 = CARTESIAN_POINT('',(1.09544511501,-3.2,2.841926223421));
#181 = SURFACE_CURVE('',#182,(#187,#199),.PCURVE_S1.);
#182 = CIRCLE('',#183,1.7);
#183 = AXIS2_PLACEMENT_3D('',#184,#185,#186);
#184 = CARTESIAN_POINT('',(9.059419772162E-14,-1.9,2.841926223421));
#185 = DIRECTION('',(-0.,-2.22044604925E-16,-1.));
#186 = DIRECTION('',(0.,-1.,2.22044604925E-16));
#187 = PCURVE('',#188,#193);
#188 = SPHERICAL_SURFACE('',#189,1.7);
#189 = AXIS2_PLACEMENT_3D('',#190,#191,#192);
#190 = CARTESIAN_POINT('',(9.059419772162E-14,-1.9,2.841926223421));
#191 = DIRECTION('',(0.,-1.,2.22044604925E-16));
#192 = DIRECTION('',(1.,0.,0.));
#193 = DEFINITIONAL_REPRESENTATION('',(#194),#198);
#194 = LINE('',#195,#196);
#195 = CARTESIAN_POINT('',(0.,-4.712388980385));
#196 = VECTOR('',#197,1.);
#197 = DIRECTION('',(0.,1.));
#198 = ( GEOMETRIC_REPRESENTATION_CONTEXT(2) 
PARAMETRIC_REPRESENTATION_CONTEXT() REPRESENTATION_CONTEXT('2D SPACE',''
  ) );
#199 = PCURVE('',#200,#205);
#200 = SPHERICAL_SURFACE('',#201,1.7);
#201 = AXIS2_PLACEMENT_3D('',#202,#203,#204);
#202 = CARTESIAN_POINT('',(9.059419772162E-14,-1.9,2.841926223421));
#203 = DIRECTION('',(0.,-1.,2.22044604925E-16));
#204 = DIRECTION('',(1.,0.,0.));
#205 = DEFINITIONAL_REPRESENTATION('',(#206),#210);
#206 = LINE('',#207,#208);
#207 = CARTESIAN_POINT('',(6.28318530718,-4.712388980385));
#208 = VECTOR('',#209,1.);
#209 = DIRECTION('',(0.,1.));
#210 = ( GEOMETRIC_REPRESENTATION_CONTEXT(2) 
PARAMETRIC_REPRESENTATION_CONTEXT() REPRESENTATION_CONTEXT('2D SPACE',''
  ) );
#211 = ORIENTED_EDGE('',*,*,#212,.F.);
#212 = EDGE_CURVE('',#213,#177,#215,.T.);
#213 = VERTEX_POINT('',#214);
#214 = CARTESIAN_POINT('',(-1.7,-1.9,2.841926223421));
#215 = SURFACE_CURVE('',#216,(#221,#228),.PCURVE_S1.);
#216 = CIRCLE('',#217,1.7);
#217 = AXIS2_PLACEMENT_3D('',#218,#219,#220);
#218 = CARTESIAN_POINT('',(9.059419772162E-14,-1.9,2.841926223421));
#219 = DIRECTION('',(0.,1.,-2.22044604925E-16));
#220 = DIRECTION('',(0.,2.22044604925E-16,1.));
#221 = PCURVE('',#188,#222);
#222 = DEFINITIONAL_REPRESENTATION('',(#223),#227);
#223 = LINE('',#224,#225);
#224 = CARTESIAN_POINT('',(7.853981633974,0.));
#225 = VECTOR('',#226,1.);
#226 = DIRECTION('',(-1.,0.));
#227 = ( GEOMETRIC_REPRESENTATION_CONTEXT(2) 
PARAMETRIC_REPRESENTATION_CONTEXT() REPRESENTATION_CONTEXT('2D SPACE',''
  ) );
#228 = PCURVE('',#229,#234);
#229 = PLANE('',#230);
#230 = AXIS2_PLACEMENT_3D('',#231,#232,#233);
#231 = CARTESIAN_POINT('',(3.6,-1.9,4.192622342117E-02));
#232 = DIRECTION('',(0.,-1.,2.22044604925E-16));
#233 = DIRECTION('',(1.,0.,0.));
#234 = DEFINITIONAL_REPRESENTATION('',(#235),#243);
#235 = ( BOUNDED_CURVE() B_SPLINE_CURVE(2,(#236,#237,#238,#239,#240,#241
,#242),.UNSPECIFIED.,.T.,.F.) B_SPLINE_CURVE_WITH_KNOTS((1,2,2,2,2,1),(
    -2.094395102393,0.,2.094395102393,4.188790204786,6.28318530718,
8.377580409573),.UNSPECIFIED.) CURVE() GEOMETRIC_REPRESENTATION_ITEM() 
RATIONAL_B_SPLINE_CURVE((1.,0.5,1.,0.5,1.,0.5,1.)) REPRESENTATION_ITEM(
  '') );
#236 = CARTESIAN_POINT('',(-3.6,4.5));
#237 = CARTESIAN_POINT('',(-0.655513627133,4.5));
#238 = CARTESIAN_POINT('',(-2.127756813566,1.95));
#239 = CARTESIAN_POINT('',(-3.6,-0.6));
#240 = CARTESIAN_POINT('',(-5.072243186433,1.95));
#241 = CARTESIAN_POINT('',(-6.544486372867,4.5));
#242 = CARTESIAN_POINT('',(-3.6,4.5));
#243 = ( GEOMETRIC_REPRESENTATION_CONTEXT(2) 
PARAMETRIC_REPRESENTATION_CONTEXT() REPRESENTATION_CONTEXT('2D SPACE',''
  ) );
#244 = ORIENTED_EDGE('',*,*,#245,.F.);
#245 = EDGE_CURVE('',#246,#213,#248,.T.);
#246 = VERTEX_POINT('',#247);
#247 = CARTESIAN_POINT('',(-1.09544511501,-3.2,2.841926223421));
#248 = SURFACE_CURVE('',#249,(#254,#261),.PCURVE_S1.);
#249 = CIRCLE('',#250,1.7);
#250 = AXIS2_PLACEMENT_3D('',#251,#252,#253);
#251 = CARTESIAN_POINT('',(9.059419772162E-14,-1.9,2.841926223421));
#252 = DIRECTION('',(-0.,-2.22044604925E-16,-1.));
#253 = DIRECTION('',(0.,-1.,2.22044604925E-16));
#254 = PCURVE('',#188,#255);
#255 = DEFINITIONAL_REPRESENTATION('',(#256),#260);
#256 = LINE('',#257,#258);
#257 = CARTESIAN_POINT('',(3.14159265359,1.570796326795));
#258 = VECTOR('',#259,1.);
#259 = DIRECTION('',(0.,-1.));
#260 = ( GEOMETRIC_REPRESENTATION_CONTEXT(2) 
PARAMETRIC_REPRESENTATION_CONTEXT() REPRESENTATION_CONTEXT('2D SPACE',''
  ) );
#261 = PCURVE('',#200,#262);
#262 = DEFINITIONAL_REPRESENTATION('',(#263),#267);
#263 = LINE('',#264,#265);
#264 = CARTESIAN_POINT('',(3.14159265359,1.570796326795));
#265 = VECTOR('',#266,1.);
#266 = DIRECTION('',(0.,-1.));
#267 = ( GEOMETRIC_REPRESENTATION_CONTEXT(2) 
PARAMETRIC_REPRESENTATION_CONTEXT() REPRESENTATION_CONTEXT('2D SPACE',''
  ) );
#268 = ORIENTED_EDGE('',*,*,#269,.T.);
#269 = EDGE_CURVE('',#246,#179,#270,.T.);
#270 = SURFACE_CURVE('',#271,(#276,#283),.PCURVE_S1.);
#271 = CIRCLE('',#272,1.09544511501);
#272 = AXIS2_PLACEMENT_3D('',#273,#274,#275);
#273 = CARTESIAN_POINT('',(9.094643772162E-14,-3.2,2.841926223421));
#274 = DIRECTION('',(0.,1.,-2.22044604925E-16));
#275 = DIRECTION('',(1.,0.,0.));
#276 = PCURVE('',#188,#277);
#277 = DEFINITIONAL_REPRESENTATION('',(#278),#282);
#278 = LINE('',#279,#280);
#279 = CARTESIAN_POINT('',(6.28318530718,0.870584771261));
#280 = VECTOR('',#281,1.);
#281 = DIRECTION('',(-1.,-1.060184893821E-16));
#282 = ( GEOMETRIC_REPRESENTATION_CONTEXT(2) 
PARAMETRIC_REPRESENTATION_CONTEXT() REPRESENTATION_CONTEXT('2D SPACE',''
  ) );
#283 = PCURVE('',#284,#289);
#284 = PLANE('',#285);
#285 = AXIS2_PLACEMENT_3D('',#286,#287,#288);
#286 = CARTESIAN_POINT('',(0.547722557505,-3.2,2.841926223421));
#287 = DIRECTION('',(0.,-1.,2.22044604925E-16));
#288 = DIRECTION('',(1.,0.,0.));
#289 = DEFINITIONAL_REPRESENTATION('',(#290),#298);
#290 = ( BOUNDED_CURVE() B_SPLINE_CURVE(2,(#291,#292,#293,#294,#295,#296
,#297),.UNSPECIFIED.,.T.,.F.) B_SPLINE_CURVE_WITH_KNOTS((1,2,2,2,2,1),(
    -2.094395102393,0.,2.094395102393,4.188790204786,6.28318530718,
8.377580409573),.UNSPECIFIED.) CURVE() GEOMETRIC_REPRESENTATION_ITEM() 
RATIONAL_B_SPLINE_CURVE((1.,0.5,1.,0.5,1.,0.5,1.)) REPRESENTATION_ITEM(
  '') );
#291 = CARTESIAN_POINT('',(0.547722557505,0.));
#292 = CARTESIAN_POINT('',(0.547722557505,-1.8973665961));
#293 = CARTESIAN_POINT('',(-1.09544511501,-0.94868329805));
#294 = CARTESIAN_POINT('',(-2.738612787525,-2.683066707477E-16));
#295 = CARTESIAN_POINT('',(-1.09544511501,0.94868329805));
#296 = CARTESIAN_POINT('',(0.547722557505,1.8973665961));
#297 = CARTESIAN_POINT('',(0.547722557505,0.));
#298 = ( GEOMETRIC_REPRESENTATION_CONTEXT(2) 
PARAMETRIC_REPRESENTATION_CONTEXT() REPRESENTATION_CONTEXT('2D SPACE',''
  ) );
#299 = ADVANCED_FACE('',(#300),#314,.T.);
#300 = FACE_BOUND('',#301,.T.);
#301 = EDGE_LOOP('',(#302,#337,#365,#393));
#302 = ORIENTED_EDGE('',*,*,#303,.T.);
#303 = EDGE_CURVE('',#304,#306,#308,.T.);
#304 = VERTEX_POINT('',#305);
#305 = CARTESIAN_POINT('',(-3.439936983007,0.5,4.041926223421));
#306 = VERTEX_POINT('',#307);
#307 = CARTESIAN_POINT('',(-3.403101614736,0.8,4.078761591692));
#308 = SURFACE_CURVE('',#309,(#313,#325),.PCURVE_S1.);
#309 = LINE('',#310,#311);
#310 = CARTESIAN_POINT('',(-3.439936983007,0.5,4.041926223421));
#311 = VECTOR('',#312,1.);
#312 = DIRECTION('',(0.120974291151,0.985256536015,0.120974291151));
#313 = PCURVE('',#314,#319);
#314 = PLANE('',#315);
#315 = AXIS2_PLACEMENT_3D('',#316,#317,#318);
#316 = CARTESIAN_POINT('',(-1.8,0.65,4.060343907557));
#317 = DIRECTION('',(1.215478E-16,0.121869343405,-0.992546151641));
#318 = DIRECTION('',(-2.58033342768E-33,0.992546151641,0.121869343405));
#319 = DEFINITIONAL_REPRESENTATION('',(#320),#324);
#320 = LINE('',#321,#322);
#321 = CARTESIAN_POINT('',(-0.151126473819,-1.639936983007));
#322 = VECTOR('',#323,1.);
#323 = DIRECTION('',(0.992655640633,0.120974291151));
#324 = ( GEOMETRIC_REPRESENTATION_CONTEXT(2) 
PARAMETRIC_REPRESENTATION_CONTEXT() REPRESENTATION_CONTEXT('2D SPACE',''
  ) );
#325 = PCURVE('',#326,#331);
#326 = PLANE('',#327);
#327 = AXIS2_PLACEMENT_3D('',#328,#329,#330);
#328 = CARTESIAN_POINT('',(-3.489050807368,9.999999999981E-02,
    4.004426223421));
#329 = DIRECTION('',(-0.992546151641,0.121869343405,-2.706043020888E-17)
  );
#330 = DIRECTION('',(-0.121869343405,-0.992546151641,2.203895181112E-16)
  );
#331 = DEFINITIONAL_REPRESENTATION('',(#332),#336);
#332 = LINE('',#333,#334);
#333 = CARTESIAN_POINT('',(-0.403003930184,3.75E-02));
#334 = VECTOR('',#335,1.);
#335 = DIRECTION('',(-0.992655640633,0.120974291151));
#336 = ( GEOMETRIC_REPRESENTATION_CONTEXT(2) 
PARAMETRIC_REPRESENTATION_CONTEXT() REPRESENTATION_CONTEXT('2D SPACE',''
  ) );
#337 = ORIENTED_EDGE('',*,*,#338,.T.);
#338 = EDGE_CURVE('',#306,#339,#341,.T.);
#339 = VERTEX_POINT('',#340);
#340 = CARTESIAN_POINT('',(3.403101614736,0.8,4.078761591692));
#341 = SURFACE_CURVE('',#342,(#346,#353),.PCURVE_S1.);
#342 = LINE('',#343,#344);
#343 = CARTESIAN_POINT('',(-3.403101614736,0.8,4.078761591692));
#344 = VECTOR('',#345,1.);
#345 = DIRECTION('',(1.,0.,0.));
#346 = PCURVE('',#314,#347);
#347 = DEFINITIONAL_REPRESENTATION('',(#348),#352);
#348 = LINE('',#349,#350);
#349 = CARTESIAN_POINT('',(0.151126473819,-1.603101614736));
#350 = VECTOR('',#351,1.);
#351 = DIRECTION('',(-5.011544833393E-34,1.));
#352 = ( GEOMETRIC_REPRESENTATION_CONTEXT(2) 
PARAMETRIC_REPRESENTATION_CONTEXT() REPRESENTATION_CONTEXT('2D SPACE',''
  ) );
#353 = PCURVE('',#354,#359);
#354 = PLANE('',#355);
#355 = AXIS2_PLACEMENT_3D('',#356,#357,#358);
#356 = CARTESIAN_POINT('',(1.136868377216E-13,0.8,2.691926223421));
#357 = DIRECTION('',(0.,-1.,2.22044604925E-16));
#358 = DIRECTION('',(1.,0.,0.));
#359 = DEFINITIONAL_REPRESENTATION('',(#360),#364);
#360 = LINE('',#361,#362);
#361 = CARTESIAN_POINT('',(-3.403101614736,1.386835368271));
#362 = VECTOR('',#363,1.);
#363 = DIRECTION('',(1.,0.));
#364 = ( GEOMETRIC_REPRESENTATION_CONTEXT(2) 
PARAMETRIC_REPRESENTATION_CONTEXT() REPRESENTATION_CONTEXT('2D SPACE',''
  ) );
#365 = ORIENTED_EDGE('',*,*,#366,.T.);
#366 = EDGE_CURVE('',#339,#367,#369,.T.);
#367 = VERTEX_POINT('',#368);
#368 = CARTESIAN_POINT('',(3.439936983007,0.5,4.041926223421));
#369 = SURFACE_CURVE('',#370,(#374,#381),.PCURVE_S1.);
#370 = LINE('',#371,#372);
#371 = CARTESIAN_POINT('',(3.403101614736,0.8,4.078761591692));
#372 = VECTOR('',#373,1.);
#373 = DIRECTION('',(0.120974291151,-0.985256536015,-0.120974291151));
#374 = PCURVE('',#314,#375);
#375 = DEFINITIONAL_REPRESENTATION('',(#376),#380);
#376 = LINE('',#377,#378);
#377 = CARTESIAN_POINT('',(0.151126473819,5.203101614736));
#378 = VECTOR('',#379,1.);
#379 = DIRECTION('',(-0.992655640633,0.120974291151));
#380 = ( GEOMETRIC_REPRESENTATION_CONTEXT(2) 
PARAMETRIC_REPRESENTATION_CONTEXT() REPRESENTATION_CONTEXT('2D SPACE',''
  ) );
#381 = PCURVE('',#382,#387);
#382 = PLANE('',#383);
#383 = AXIS2_PLACEMENT_3D('',#384,#385,#386);
#384 = CARTESIAN_POINT('',(3.489050807368,9.999999999981E-02,
    1.579426223424));
#385 = DIRECTION('',(0.992546151641,0.121869343405,9.448736979116E-17));
#386 = DIRECTION('',(-0.121869343405,0.992546151641,-2.203895181112E-16)
  );
#387 = DEFINITIONAL_REPRESENTATION('',(#388),#392);
#388 = LINE('',#389,#390);
#389 = CARTESIAN_POINT('',(0.705256877821,2.499335368268));
#390 = VECTOR('',#391,1.);
#391 = DIRECTION('',(-0.992655640633,-0.120974291151));
#392 = ( GEOMETRIC_REPRESENTATION_CONTEXT(2) 
PARAMETRIC_REPRESENTATION_CONTEXT() REPRESENTATION_CONTEXT('2D SPACE',''
  ) );
#393 = ORIENTED_EDGE('',*,*,#394,.F.);
#394 = EDGE_CURVE('',#304,#367,#395,.T.);
#395 = SURFACE_CURVE('',#396,(#400,#407),.PCURVE_S1.);
#396 = LINE('',#397,#398);
#397 = CARTESIAN_POINT('',(-3.439936983007,0.5,4.041926223421));
#398 = VECTOR('',#399,1.);
#399 = DIRECTION('',(1.,0.,0.));
#400 = PCURVE('',#314,#401);
#401 = DEFINITIONAL_REPRESENTATION('',(#402),#406);
#402 = LINE('',#403,#404);
#403 = CARTESIAN_POINT('',(-0.151126473819,-1.639936983007));
#404 = VECTOR('',#405,1.);
#405 = DIRECTION('',(-5.011544833393E-34,1.));
#406 = ( GEOMETRIC_REPRESENTATION_CONTEXT(2) 
PARAMETRIC_REPRESENTATION_CONTEXT() REPRESENTATION_CONTEXT('2D SPACE',''
  ) );
#407 = PCURVE('',#83,#408);
#408 = DEFINITIONAL_REPRESENTATION('',(#409),#413);
#409 = LINE('',#410,#411);
#410 = CARTESIAN_POINT('',(-7.039936983007,4.));
#411 = VECTOR('',#412,1.);
#412 = DIRECTION('',(1.,0.));
#413 = ( GEOMETRIC_REPRESENTATION_CONTEXT(2) 
PARAMETRIC_REPRESENTATION_CONTEXT() REPRESENTATION_CONTEXT('2D SPACE',''
  ) );
#414 = ADVANCED_FACE('',(#415),#326,.T.);
#415 = FACE_BOUND('',#416,.T.);
#416 = EDGE_LOOP('',(#417,#418,#441,#469,#497,#525));
#417 = ORIENTED_EDGE('',*,*,#303,.F.);
#418 = ORIENTED_EDGE('',*,*,#419,.T.);
#419 = EDGE_CURVE('',#304,#420,#422,.T.);
#420 = VERTEX_POINT('',#421);
#421 = CARTESIAN_POINT('',(-3.439936983007,0.5,0.601989240419));
#422 = SURFACE_CURVE('',#423,(#427,#434),.PCURVE_S1.);
#423 = LINE('',#424,#425);
#424 = CARTESIAN_POINT('',(-3.439936983007,0.5,4.041926223421));
#425 = VECTOR('',#426,1.);
#426 = DIRECTION('',(0.,-2.22044604925E-16,-1.));
#427 = PCURVE('',#326,#428);
#428 = DEFINITIONAL_REPRESENTATION('',(#429),#433);
#429 = LINE('',#430,#431);
#430 = CARTESIAN_POINT('',(-0.403003930184,3.75E-02));
#431 = VECTOR('',#432,1.);
#432 = DIRECTION('',(-1.450024951409E-28,-1.));
#433 = ( GEOMETRIC_REPRESENTATION_CONTEXT(2) 
PARAMETRIC_REPRESENTATION_CONTEXT() REPRESENTATION_CONTEXT('2D SPACE',''
  ) );
#434 = PCURVE('',#83,#435);
#435 = DEFINITIONAL_REPRESENTATION('',(#436),#440);
#436 = LINE('',#437,#438);
#437 = CARTESIAN_POINT('',(-7.039936983007,4.));
#438 = VECTOR('',#439,1.);
#439 = DIRECTION('',(0.,-1.));
#440 = ( GEOMETRIC_REPRESENTATION_CONTEXT(2) 
PARAMETRIC_REPRESENTATION_CONTEXT() REPRESENTATION_CONTEXT('2D SPACE',''
  ) );
#441 = ORIENTED_EDGE('',*,*,#442,.F.);
#442 = EDGE_CURVE('',#443,#420,#445,.T.);
#443 = VERTEX_POINT('',#444);
#444 = CARTESIAN_POINT('',(-3.575,-0.6,0.466926223426));
#445 = SURFACE_CURVE('',#446,(#450,#457),.PCURVE_S1.);
#446 = LINE('',#447,#448);
#447 = CARTESIAN_POINT('',(-3.575,-0.6,0.466926223426));
#448 = VECTOR('',#449,1.);
#449 = DIRECTION('',(0.120974291151,0.985256536015,0.120974291151));
#450 = PCURVE('',#326,#451);
#451 = DEFINITIONAL_REPRESENTATION('',(#452),#456);
#452 = LINE('',#453,#454);
#453 = CARTESIAN_POINT('',(0.705256877821,-3.537499999995));
#454 = VECTOR('',#455,1.);
#455 = DIRECTION('',(-0.992655640633,0.120974291151));
#456 = ( GEOMETRIC_REPRESENTATION_CONTEXT(2) 
PARAMETRIC_REPRESENTATION_CONTEXT() REPRESENTATION_CONTEXT('2D SPACE',''
  ) );
#457 = PCURVE('',#458,#463);
#458 = PLANE('',#459);
#459 = AXIS2_PLACEMENT_3D('',#460,#461,#462);
#460 = CARTESIAN_POINT('',(-1.7875,9.999999999981E-02,0.552875416058));
#461 = DIRECTION('',(1.215478E-16,0.121869343405,-0.992546151641));
#462 = DIRECTION('',(5.011544833393E-34,0.992546151641,0.121869343405));
#463 = DEFINITIONAL_REPRESENTATION('',(#464),#468);
#464 = LINE('',#465,#466);
#465 = CARTESIAN_POINT('',(-0.705256877821,-1.7875));
#466 = VECTOR('',#467,1.);
#467 = DIRECTION('',(0.992655640633,0.120974291151));
#468 = ( GEOMETRIC_REPRESENTATION_CONTEXT(2) 
PARAMETRIC_REPRESENTATION_CONTEXT() REPRESENTATION_CONTEXT('2D SPACE',''
  ) );
#469 = ORIENTED_EDGE('',*,*,#470,.F.);
#470 = EDGE_CURVE('',#471,#443,#473,.T.);
#471 = VERTEX_POINT('',#472);
#472 = CARTESIAN_POINT('',(-3.575,-0.6,5.316926223421));
#473 = SURFACE_CURVE('',#474,(#478,#485),.PCURVE_S1.);
#474 = LINE('',#475,#476);
#475 = CARTESIAN_POINT('',(-3.575,-0.6,5.316926223421));
#476 = VECTOR('',#477,1.);
#477 = DIRECTION('',(0.,-2.22044604925E-16,-1.));
#478 = PCURVE('',#326,#479);
#479 = DEFINITIONAL_REPRESENTATION('',(#480),#484);
#480 = LINE('',#481,#482);
#481 = CARTESIAN_POINT('',(0.705256877821,1.3125));
#482 = VECTOR('',#483,1.);
#483 = DIRECTION('',(-1.450024951409E-28,-1.));
#484 = ( GEOMETRIC_REPRESENTATION_CONTEXT(2) 
PARAMETRIC_REPRESENTATION_CONTEXT() REPRESENTATION_CONTEXT('2D SPACE',''
  ) );
#485 = PCURVE('',#486,#491);
#486 = PLANE('',#487);
#487 = AXIS2_PLACEMENT_3D('',#488,#489,#490);
#488 = CARTESIAN_POINT('',(1.136811001066E-13,-0.6,4.841926223421));
#489 = DIRECTION('',(0.,-1.,2.22044604925E-16));
#490 = DIRECTION('',(1.,0.,0.));
#491 = DEFINITIONAL_REPRESENTATION('',(#492),#496);
#492 = LINE('',#493,#494);
#493 = CARTESIAN_POINT('',(-3.575,0.475));
#494 = VECTOR('',#495,1.);
#495 = DIRECTION('',(0.,-1.));
#496 = ( GEOMETRIC_REPRESENTATION_CONTEXT(2) 
PARAMETRIC_REPRESENTATION_CONTEXT() REPRESENTATION_CONTEXT('2D SPACE',''
  ) );
#497 = ORIENTED_EDGE('',*,*,#498,.T.);
#498 = EDGE_CURVE('',#471,#499,#501,.T.);
#499 = VERTEX_POINT('',#500);
#500 = CARTESIAN_POINT('',(-3.403101614736,0.8,5.243555332425));
#501 = SURFACE_CURVE('',#502,(#506,#513),.PCURVE_S1.);
#502 = LINE('',#503,#504);
#503 = CARTESIAN_POINT('',(-3.575,-0.6,5.316926223421));
#504 = VECTOR('',#505,1.);
#505 = DIRECTION('',(0.121704801254,0.991206063359,-5.194690859252E-02)
  );
#506 = PCURVE('',#326,#507);
#507 = DEFINITIONAL_REPRESENTATION('',(#508),#512);
#508 = LINE('',#509,#510);
#509 = CARTESIAN_POINT('',(0.705256877821,1.3125));
#510 = VECTOR('',#511,1.);
#511 = DIRECTION('',(-0.998649847888,-5.194690859252E-02));
#512 = ( GEOMETRIC_REPRESENTATION_CONTEXT(2) 
PARAMETRIC_REPRESENTATION_CONTEXT() REPRESENTATION_CONTEXT('2D SPACE',''
  ) );
#513 = PCURVE('',#514,#519);
#514 = PLANE('',#515);
#515 = AXIS2_PLACEMENT_3D('',#516,#517,#518);
#516 = CARTESIAN_POINT('',(-1.3375,9.999999999981E-02,5.280240777923));
#517 = DIRECTION('',(0.,5.233595624292E-02,0.998629534755));
#518 = DIRECTION('',(0.,-0.998629534755,5.233595624292E-02));
#519 = DEFINITIONAL_REPRESENTATION('',(#520),#524);
#520 = LINE('',#521,#522);
#521 = CARTESIAN_POINT('',(0.700960642198,-2.2375));
#522 = VECTOR('',#523,1.);
#523 = DIRECTION('',(-0.992566341033,0.121704801254));
#524 = ( GEOMETRIC_REPRESENTATION_CONTEXT(2) 
PARAMETRIC_REPRESENTATION_CONTEXT() REPRESENTATION_CONTEXT('2D SPACE',''
  ) );
#525 = ORIENTED_EDGE('',*,*,#526,.T.);
#526 = EDGE_CURVE('',#499,#306,#527,.T.);
#527 = SURFACE_CURVE('',#528,(#532,#539),.PCURVE_S1.);
#528 = LINE('',#529,#530);
#529 = CARTESIAN_POINT('',(-3.403101614736,0.8,5.243555332425));
#530 = VECTOR('',#531,1.);
#531 = DIRECTION('',(0.,-2.22044604925E-16,-1.));
#532 = PCURVE('',#326,#533);
#533 = DEFINITIONAL_REPRESENTATION('',(#534),#538);
#534 = LINE('',#535,#536);
#535 = CARTESIAN_POINT('',(-0.705256877821,1.239129109004));
#536 = VECTOR('',#537,1.);
#537 = DIRECTION('',(-1.450024951409E-28,-1.));
#538 = ( GEOMETRIC_REPRESENTATION_CONTEXT(2) 
PARAMETRIC_REPRESENTATION_CONTEXT() REPRESENTATION_CONTEXT('2D SPACE',''
  ) );
#539 = PCURVE('',#354,#540);
#540 = DEFINITIONAL_REPRESENTATION('',(#541),#545);
#541 = LINE('',#542,#543);
#542 = CARTESIAN_POINT('',(-3.403101614736,2.551629109004));
#543 = VECTOR('',#544,1.);
#544 = DIRECTION('',(0.,-1.));
#545 = ( GEOMETRIC_REPRESENTATION_CONTEXT(2) 
PARAMETRIC_REPRESENTATION_CONTEXT() REPRESENTATION_CONTEXT('2D SPACE',''
  ) );
#546 = ADVANCED_FACE('',(#547),#561,.T.);
#547 = FACE_BOUND('',#548,.T.);
#548 = EDGE_LOOP('',(#549,#584,#607,#635));
#549 = ORIENTED_EDGE('',*,*,#550,.T.);
#550 = EDGE_CURVE('',#551,#553,#555,.T.);
#551 = VERTEX_POINT('',#552);
#552 = CARTESIAN_POINT('',(3.428101614736,-2.2,4.00509085515));
#553 = VERTEX_POINT('',#554);
#554 = CARTESIAN_POINT('',(3.464936983007,-1.9,4.041926223421));
#555 = SURFACE_CURVE('',#556,(#560,#572),.PCURVE_S1.);
#556 = LINE('',#557,#558);
#557 = CARTESIAN_POINT('',(3.428101614736,-2.2,4.00509085515));
#558 = VECTOR('',#559,1.);
#559 = DIRECTION('',(0.120974291151,0.985256536015,0.120974291151));
#560 = PCURVE('',#561,#566);
#561 = PLANE('',#562);
#562 = AXIS2_PLACEMENT_3D('',#563,#564,#565);
#563 = CARTESIAN_POINT('',(3.164936983007,-2.05,4.023508539286));
#564 = DIRECTION('',(7.174475000002E-30,-0.121869343405,0.992546151641)
  );
#565 = DIRECTION('',(-1.45785793072E-46,-0.992546151641,-0.121869343405)
  );
#566 = DEFINITIONAL_REPRESENTATION('',(#567),#571);
#567 = LINE('',#568,#569);
#568 = CARTESIAN_POINT('',(0.151126473819,0.263164631729));
#569 = VECTOR('',#570,1.);
#570 = DIRECTION('',(-0.992655640633,0.120974291151));
#571 = ( GEOMETRIC_REPRESENTATION_CONTEXT(2) 
PARAMETRIC_REPRESENTATION_CONTEXT() REPRESENTATION_CONTEXT('2D SPACE',''
  ) );
#572 = PCURVE('',#573,#578);
#573 = PLANE('',#574);
#574 = AXIS2_PLACEMENT_3D('',#575,#576,#577);
#575 = CARTESIAN_POINT('',(3.532468491504,-1.35,2.691926223421));
#576 = DIRECTION('',(0.992546151641,-0.121869343405,2.706043020888E-17)
  );
#577 = DIRECTION('',(0.121869343405,0.992546151641,-2.203895181112E-16)
  );
#578 = DEFINITIONAL_REPRESENTATION('',(#579),#583);
#579 = LINE('',#580,#581);
#580 = CARTESIAN_POINT('',(-0.85638335164,1.313164631729));
#581 = VECTOR('',#582,1.);
#582 = DIRECTION('',(0.992655640633,0.120974291151));
#583 = ( GEOMETRIC_REPRESENTATION_CONTEXT(2) 
PARAMETRIC_REPRESENTATION_CONTEXT() REPRESENTATION_CONTEXT('2D SPACE',''
  ) );
#584 = ORIENTED_EDGE('',*,*,#585,.F.);
#585 = EDGE_CURVE('',#586,#553,#588,.T.);
#586 = VERTEX_POINT('',#587);
#587 = CARTESIAN_POINT('',(3.064936983007,-1.9,4.041926223421));
#588 = SURFACE_CURVE('',#589,(#593,#600),.PCURVE_S1.);
#589 = LINE('',#590,#591);
#590 = CARTESIAN_POINT('',(3.064936983007,-1.9,4.041926223421));
#591 = VECTOR('',#592,1.);
#592 = DIRECTION('',(1.,0.,0.));
#593 = PCURVE('',#561,#594);
#594 = DEFINITIONAL_REPRESENTATION('',(#595),#599);
#595 = LINE('',#596,#597);
#596 = CARTESIAN_POINT('',(-0.151126473819,-0.1));
#597 = VECTOR('',#598,1.);
#598 = DIRECTION('',(-2.937651496862E-47,1.));
#599 = ( GEOMETRIC_REPRESENTATION_CONTEXT(2) 
PARAMETRIC_REPRESENTATION_CONTEXT() REPRESENTATION_CONTEXT('2D SPACE',''
  ) );
#600 = PCURVE('',#229,#601);
#601 = DEFINITIONAL_REPRESENTATION('',(#602),#606);
#602 = LINE('',#603,#604);
#603 = CARTESIAN_POINT('',(-0.535063016993,4.));
#604 = VECTOR('',#605,1.);
#605 = DIRECTION('',(1.,0.));
#606 = ( GEOMETRIC_REPRESENTATION_CONTEXT(2) 
PARAMETRIC_REPRESENTATION_CONTEXT() REPRESENTATION_CONTEXT('2D SPACE',''
  ) );
#607 = ORIENTED_EDGE('',*,*,#608,.T.);
#608 = EDGE_CURVE('',#586,#609,#611,.T.);
#609 = VERTEX_POINT('',#610);
#610 = CARTESIAN_POINT('',(3.101772351278,-2.2,4.00509085515));
#611 = SURFACE_CURVE('',#612,(#616,#623),.PCURVE_S1.);
#612 = LINE('',#613,#614);
#613 = CARTESIAN_POINT('',(3.064936983007,-1.9,4.041926223421));
#614 = VECTOR('',#615,1.);
#615 = DIRECTION('',(0.120974291151,-0.985256536015,-0.120974291151));
#616 = PCURVE('',#561,#617);
#617 = DEFINITIONAL_REPRESENTATION('',(#618),#622);
#618 = LINE('',#619,#620);
#619 = CARTESIAN_POINT('',(-0.151126473819,-0.1));
#620 = VECTOR('',#621,1.);
#621 = DIRECTION('',(0.992655640633,0.120974291151));
#622 = ( GEOMETRIC_REPRESENTATION_CONTEXT(2) 
PARAMETRIC_REPRESENTATION_CONTEXT() REPRESENTATION_CONTEXT('2D SPACE',''
  ) );
#623 = PCURVE('',#624,#629);
#624 = PLANE('',#625);
#625 = AXIS2_PLACEMENT_3D('',#626,#627,#628);
#626 = CARTESIAN_POINT('',(3.083354667142,-2.05,2.241926223421));
#627 = DIRECTION('',(-0.992546151641,-0.121869343405,2.706043020888E-17)
  );
#628 = DIRECTION('',(0.121869343405,-0.992546151641,2.203895181112E-16)
  );
#629 = DEFINITIONAL_REPRESENTATION('',(#630),#634);
#630 = LINE('',#631,#632);
#631 = CARTESIAN_POINT('',(-0.151126473819,1.8));
#632 = VECTOR('',#633,1.);
#633 = DIRECTION('',(0.992655640633,-0.120974291151));
#634 = ( GEOMETRIC_REPRESENTATION_CONTEXT(2) 
PARAMETRIC_REPRESENTATION_CONTEXT() REPRESENTATION_CONTEXT('2D SPACE',''
  ) );
#635 = ORIENTED_EDGE('',*,*,#636,.T.);
#636 = EDGE_CURVE('',#609,#551,#637,.T.);
#637 = SURFACE_CURVE('',#638,(#642,#649),.PCURVE_S1.);
#638 = LINE('',#639,#640);
#639 = CARTESIAN_POINT('',(3.101772351278,-2.2,4.00509085515));
#640 = VECTOR('',#641,1.);
#641 = DIRECTION('',(1.,0.,0.));
#642 = PCURVE('',#561,#643);
#643 = DEFINITIONAL_REPRESENTATION('',(#644),#648);
#644 = LINE('',#645,#646);
#645 = CARTESIAN_POINT('',(0.151126473819,-6.3164631729E-02));
#646 = VECTOR('',#647,1.);
#647 = DIRECTION('',(-2.937651496862E-47,1.));
#648 = ( GEOMETRIC_REPRESENTATION_CONTEXT(2) 
PARAMETRIC_REPRESENTATION_CONTEXT() REPRESENTATION_CONTEXT('2D SPACE',''
  ) );
#649 = PCURVE('',#650,#655);
#650 = PLANE('',#651);
#651 = AXIS2_PLACEMENT_3D('',#652,#653,#654);
#652 = CARTESIAN_POINT('',(3.264936983007,-2.2,2.841926223421));
#653 = DIRECTION('',(0.,-1.,2.22044604925E-16));
#654 = DIRECTION('',(1.,0.,0.));
#655 = DEFINITIONAL_REPRESENTATION('',(#656),#660);
#656 = LINE('',#657,#658);
#657 = CARTESIAN_POINT('',(-0.163164631729,1.163164631729));
#658 = VECTOR('',#659,1.);
#659 = DIRECTION('',(1.,0.));
#660 = ( GEOMETRIC_REPRESENTATION_CONTEXT(2) 
PARAMETRIC_REPRESENTATION_CONTEXT() REPRESENTATION_CONTEXT('2D SPACE',''
  ) );
#661 = ADVANCED_FACE('',(#662),#650,.T.);
#662 = FACE_BOUND('',#663,.T.);
#663 = EDGE_LOOP('',(#664,#665,#688,#716));
#664 = ORIENTED_EDGE('',*,*,#636,.F.);
#665 = ORIENTED_EDGE('',*,*,#666,.F.);
#666 = EDGE_CURVE('',#667,#609,#669,.T.);
#667 = VERTEX_POINT('',#668);
#668 = CARTESIAN_POINT('',(3.101772351278,-2.2,1.678761591692));
#669 = SURFACE_CURVE('',#670,(#674,#681),.PCURVE_S1.);
#670 = LINE('',#671,#672);
#671 = CARTESIAN_POINT('',(3.101772351278,-2.2,1.678761591692));
#672 = VECTOR('',#673,1.);
#673 = DIRECTION('',(0.,2.22044604925E-16,1.));
#674 = PCURVE('',#650,#675);
#675 = DEFINITIONAL_REPRESENTATION('',(#676),#680);
#676 = LINE('',#677,#678);
#677 = CARTESIAN_POINT('',(-0.163164631729,-1.163164631729));
#678 = VECTOR('',#679,1.);
#679 = DIRECTION('',(0.,1.));
#680 = ( GEOMETRIC_REPRESENTATION_CONTEXT(2) 
PARAMETRIC_REPRESENTATION_CONTEXT() REPRESENTATION_CONTEXT('2D SPACE',''
  ) );
#681 = PCURVE('',#624,#682);
#682 = DEFINITIONAL_REPRESENTATION('',(#683),#687);
#683 = LINE('',#684,#685);
#684 = CARTESIAN_POINT('',(0.151126473819,-0.563164631729));
#685 = VECTOR('',#686,1.);
#686 = DIRECTION('',(1.450024951409E-28,1.));
#687 = ( GEOMETRIC_REPRESENTATION_CONTEXT(2) 
PARAMETRIC_REPRESENTATION_CONTEXT() REPRESENTATION_CONTEXT('2D SPACE',''
  ) );
#688 = ORIENTED_EDGE('',*,*,#689,.F.);
#689 = EDGE_CURVE('',#690,#667,#692,.T.);
#690 = VERTEX_POINT('',#691);
#691 = CARTESIAN_POINT('',(3.428101614736,-2.2,1.678761591692));
#692 = SURFACE_CURVE('',#693,(#697,#704),.PCURVE_S1.);
#693 = LINE('',#694,#695);
#694 = CARTESIAN_POINT('',(3.428101614736,-2.2,1.678761591692));
#695 = VECTOR('',#696,1.);
#696 = DIRECTION('',(-1.,0.,0.));
#697 = PCURVE('',#650,#698);
#698 = DEFINITIONAL_REPRESENTATION('',(#699),#703);
#699 = LINE('',#700,#701);
#700 = CARTESIAN_POINT('',(0.163164631729,-1.163164631729));
#701 = VECTOR('',#702,1.);
#702 = DIRECTION('',(-1.,0.));
#703 = ( GEOMETRIC_REPRESENTATION_CONTEXT(2) 
PARAMETRIC_REPRESENTATION_CONTEXT() REPRESENTATION_CONTEXT('2D SPACE',''
  ) );
#704 = PCURVE('',#705,#710);
#705 = PLANE('',#706);
#706 = AXIS2_PLACEMENT_3D('',#707,#708,#709);
#707 = CARTESIAN_POINT('',(3.364936983007,-2.05,1.660343907557));
#708 = DIRECTION('',(7.174475000002E-30,-0.121869343405,-0.992546151641)
  );
#709 = DIRECTION('',(1.45785793072E-46,0.992546151641,-0.121869343405));
#710 = DEFINITIONAL_REPRESENTATION('',(#711),#715);
#711 = LINE('',#712,#713);
#712 = CARTESIAN_POINT('',(-0.151126473819,6.3164631729E-02));
#713 = VECTOR('',#714,1.);
#714 = DIRECTION('',(-2.937651496862E-47,-1.));
#715 = ( GEOMETRIC_REPRESENTATION_CONTEXT(2) 
PARAMETRIC_REPRESENTATION_CONTEXT() REPRESENTATION_CONTEXT('2D SPACE',''
  ) );
#716 = ORIENTED_EDGE('',*,*,#717,.F.);
#717 = EDGE_CURVE('',#551,#690,#718,.T.);
#718 = SURFACE_CURVE('',#719,(#723,#730),.PCURVE_S1.);
#719 = LINE('',#720,#721);
#720 = CARTESIAN_POINT('',(3.428101614736,-2.2,4.00509085515));
#721 = VECTOR('',#722,1.);
#722 = DIRECTION('',(0.,-2.22044604925E-16,-1.));
#723 = PCURVE('',#650,#724);
#724 = DEFINITIONAL_REPRESENTATION('',(#725),#729);
#725 = LINE('',#726,#727);
#726 = CARTESIAN_POINT('',(0.163164631729,1.163164631729));
#727 = VECTOR('',#728,1.);
#728 = DIRECTION('',(0.,-1.));
#729 = ( GEOMETRIC_REPRESENTATION_CONTEXT(2) 
PARAMETRIC_REPRESENTATION_CONTEXT() REPRESENTATION_CONTEXT('2D SPACE',''
  ) );
#730 = PCURVE('',#573,#731);
#731 = DEFINITIONAL_REPRESENTATION('',(#732),#736);
#732 = LINE('',#733,#734);
#733 = CARTESIAN_POINT('',(-0.85638335164,1.313164631729));
#734 = VECTOR('',#735,1.);
#735 = DIRECTION('',(1.450024951409E-28,-1.));
#736 = ( GEOMETRIC_REPRESENTATION_CONTEXT(2) 
PARAMETRIC_REPRESENTATION_CONTEXT() REPRESENTATION_CONTEXT('2D SPACE',''
  ) );
#737 = ADVANCED_FACE('',(#738),#624,.T.);
#738 = FACE_BOUND('',#739,.T.);
#739 = EDGE_LOOP('',(#740,#741,#764,#785));
#740 = ORIENTED_EDGE('',*,*,#608,.F.);
#741 = ORIENTED_EDGE('',*,*,#742,.F.);
#742 = EDGE_CURVE('',#743,#586,#745,.T.);
#743 = VERTEX_POINT('',#744);
#744 = CARTESIAN_POINT('',(3.064936983007,-1.9,1.641926223421));
#745 = SURFACE_CURVE('',#746,(#750,#757),.PCURVE_S1.);
#746 = LINE('',#747,#748);
#747 = CARTESIAN_POINT('',(3.064936983007,-1.9,1.641926223421));
#748 = VECTOR('',#749,1.);
#749 = DIRECTION('',(0.,2.22044604925E-16,1.));
#750 = PCURVE('',#624,#751);
#751 = DEFINITIONAL_REPRESENTATION('',(#752),#756);
#752 = LINE('',#753,#754);
#753 = CARTESIAN_POINT('',(-0.151126473819,-0.6));
#754 = VECTOR('',#755,1.);
#755 = DIRECTION('',(1.450024951409E-28,1.));
#756 = ( GEOMETRIC_REPRESENTATION_CONTEXT(2) 
PARAMETRIC_REPRESENTATION_CONTEXT() REPRESENTATION_CONTEXT('2D SPACE',''
  ) );
#757 = PCURVE('',#229,#758);
#758 = DEFINITIONAL_REPRESENTATION('',(#759),#763);
#759 = LINE('',#760,#761);
#760 = CARTESIAN_POINT('',(-0.535063016993,1.6));
#761 = VECTOR('',#762,1.);
#762 = DIRECTION('',(0.,1.));
#763 = ( GEOMETRIC_REPRESENTATION_CONTEXT(2) 
PARAMETRIC_REPRESENTATION_CONTEXT() REPRESENTATION_CONTEXT('2D SPACE',''
  ) );
#764 = ORIENTED_EDGE('',*,*,#765,.T.);
#765 = EDGE_CURVE('',#743,#667,#766,.T.);
#766 = SURFACE_CURVE('',#767,(#771,#778),.PCURVE_S1.);
#767 = LINE('',#768,#769);
#768 = CARTESIAN_POINT('',(3.064936983007,-1.9,1.641926223421));
#769 = VECTOR('',#770,1.);
#770 = DIRECTION('',(0.120974291151,-0.985256536015,0.120974291151));
#771 = PCURVE('',#624,#772);
#772 = DEFINITIONAL_REPRESENTATION('',(#773),#777);
#773 = LINE('',#774,#775);
#774 = CARTESIAN_POINT('',(-0.151126473819,-0.6));
#775 = VECTOR('',#776,1.);
#776 = DIRECTION('',(0.992655640633,0.120974291151));
#777 = ( GEOMETRIC_REPRESENTATION_CONTEXT(2) 
PARAMETRIC_REPRESENTATION_CONTEXT() REPRESENTATION_CONTEXT('2D SPACE',''
  ) );
#778 = PCURVE('',#705,#779);
#779 = DEFINITIONAL_REPRESENTATION('',(#780),#784);
#780 = LINE('',#781,#782);
#781 = CARTESIAN_POINT('',(0.151126473819,-0.3));
#782 = VECTOR('',#783,1.);
#783 = DIRECTION('',(-0.992655640633,0.120974291151));
#784 = ( GEOMETRIC_REPRESENTATION_CONTEXT(2) 
PARAMETRIC_REPRESENTATION_CONTEXT() REPRESENTATION_CONTEXT('2D SPACE',''
  ) );
#785 = ORIENTED_EDGE('',*,*,#666,.T.);
#786 = ADVANCED_FACE('',(#787),#705,.T.);
#787 = FACE_BOUND('',#788,.T.);
#788 = EDGE_LOOP('',(#789,#790,#813,#834));
#789 = ORIENTED_EDGE('',*,*,#765,.F.);
#790 = ORIENTED_EDGE('',*,*,#791,.F.);
#791 = EDGE_CURVE('',#792,#743,#794,.T.);
#792 = VERTEX_POINT('',#793);
#793 = CARTESIAN_POINT('',(3.464936983007,-1.9,1.641926223421));
#794 = SURFACE_CURVE('',#795,(#799,#806),.PCURVE_S1.);
#795 = LINE('',#796,#797);
#796 = CARTESIAN_POINT('',(3.464936983007,-1.9,1.641926223421));
#797 = VECTOR('',#798,1.);
#798 = DIRECTION('',(-1.,0.,0.));
#799 = PCURVE('',#705,#800);
#800 = DEFINITIONAL_REPRESENTATION('',(#801),#805);
#801 = LINE('',#802,#803);
#802 = CARTESIAN_POINT('',(0.151126473819,0.1));
#803 = VECTOR('',#804,1.);
#804 = DIRECTION('',(-2.937651496862E-47,-1.));
#805 = ( GEOMETRIC_REPRESENTATION_CONTEXT(2) 
PARAMETRIC_REPRESENTATION_CONTEXT() REPRESENTATION_CONTEXT('2D SPACE',''
  ) );
#806 = PCURVE('',#229,#807);
#807 = DEFINITIONAL_REPRESENTATION('',(#808),#812);
#808 = LINE('',#809,#810);
#809 = CARTESIAN_POINT('',(-0.135063016993,1.6));
#810 = VECTOR('',#811,1.);
#811 = DIRECTION('',(-1.,0.));
#812 = ( GEOMETRIC_REPRESENTATION_CONTEXT(2) 
PARAMETRIC_REPRESENTATION_CONTEXT() REPRESENTATION_CONTEXT('2D SPACE',''
  ) );
#813 = ORIENTED_EDGE('',*,*,#814,.T.);
#814 = EDGE_CURVE('',#792,#690,#815,.T.);
#815 = SURFACE_CURVE('',#816,(#820,#827),.PCURVE_S1.);
#816 = LINE('',#817,#818);
#817 = CARTESIAN_POINT('',(3.464936983007,-1.9,1.641926223421));
#818 = VECTOR('',#819,1.);
#819 = DIRECTION('',(-0.120974291151,-0.985256536015,0.120974291151));
#820 = PCURVE('',#705,#821);
#821 = DEFINITIONAL_REPRESENTATION('',(#822),#826);
#822 = LINE('',#823,#824);
#823 = CARTESIAN_POINT('',(0.151126473819,0.1));
#824 = VECTOR('',#825,1.);
#825 = DIRECTION('',(-0.992655640633,-0.120974291151));
#826 = ( GEOMETRIC_REPRESENTATION_CONTEXT(2) 
PARAMETRIC_REPRESENTATION_CONTEXT() REPRESENTATION_CONTEXT('2D SPACE',''
  ) );
#827 = PCURVE('',#573,#828);
#828 = DEFINITIONAL_REPRESENTATION('',(#829),#833);
#829 = LINE('',#830,#831);
#830 = CARTESIAN_POINT('',(-0.554130404002,-1.05));
#831 = VECTOR('',#832,1.);
#832 = DIRECTION('',(-0.992655640633,0.120974291151));
#833 = ( GEOMETRIC_REPRESENTATION_CONTEXT(2) 
PARAMETRIC_REPRESENTATION_CONTEXT() REPRESENTATION_CONTEXT('2D SPACE',''
  ) );
#834 = ORIENTED_EDGE('',*,*,#689,.T.);
#835 = ADVANCED_FACE('',(#836),#573,.T.);
#836 = FACE_BOUND('',#837,.T.);
#837 = EDGE_LOOP('',(#838,#839,#840,#841,#864,#892,#920,#948));
#838 = ORIENTED_EDGE('',*,*,#550,.F.);
#839 = ORIENTED_EDGE('',*,*,#717,.T.);
#840 = ORIENTED_EDGE('',*,*,#814,.F.);
#841 = ORIENTED_EDGE('',*,*,#842,.T.);
#842 = EDGE_CURVE('',#792,#843,#845,.T.);
#843 = VERTEX_POINT('',#844);
#844 = CARTESIAN_POINT('',(3.464936983007,-1.9,4.192622342117E-02));
#845 = SURFACE_CURVE('',#846,(#850,#857),.PCURVE_S1.);
#846 = LINE('',#847,#848);
#847 = CARTESIAN_POINT('',(3.464936983007,-1.9,1.641926223421));
#848 = VECTOR('',#849,1.);
#849 = DIRECTION('',(0.,-2.22044604925E-16,-1.));
#850 = PCURVE('',#573,#851);
#851 = DEFINITIONAL_REPRESENTATION('',(#852),#856);
#852 = LINE('',#853,#854);
#853 = CARTESIAN_POINT('',(-0.554130404002,-1.05));
#854 = VECTOR('',#855,1.);
#855 = DIRECTION('',(1.450024951409E-28,-1.));
#856 = ( GEOMETRIC_REPRESENTATION_CONTEXT(2) 
PARAMETRIC_REPRESENTATION_CONTEXT() REPRESENTATION_CONTEXT('2D SPACE',''
  ) );
#857 = PCURVE('',#229,#858);
#858 = DEFINITIONAL_REPRESENTATION('',(#859),#863);
#859 = LINE('',#860,#861);
#860 = CARTESIAN_POINT('',(-0.135063016993,1.6));
#861 = VECTOR('',#862,1.);
#862 = DIRECTION('',(0.,-1.));
#863 = ( GEOMETRIC_REPRESENTATION_CONTEXT(2) 
PARAMETRIC_REPRESENTATION_CONTEXT() REPRESENTATION_CONTEXT('2D SPACE',''
  ) );
#864 = ORIENTED_EDGE('',*,*,#865,.T.);
#865 = EDGE_CURVE('',#843,#866,#868,.T.);
#866 = VERTEX_POINT('',#867);
#867 = CARTESIAN_POINT('',(3.6,-0.8,4.192622342117E-02));
#868 = SURFACE_CURVE('',#869,(#873,#880),.PCURVE_S1.);
#869 = LINE('',#870,#871);
#870 = CARTESIAN_POINT('',(3.464936983007,-1.9,4.192622342117E-02));
#871 = VECTOR('',#872,1.);
#872 = DIRECTION('',(0.121869343405,0.992546151641,-2.203895181112E-16)
  );
#873 = PCURVE('',#573,#874);
#874 = DEFINITIONAL_REPRESENTATION('',(#875),#879);
#875 = LINE('',#876,#877);
#876 = CARTESIAN_POINT('',(-0.554130404002,-2.65));
#877 = VECTOR('',#878,1.);
#878 = DIRECTION('',(1.,0.));
#879 = ( GEOMETRIC_REPRESENTATION_CONTEXT(2) 
PARAMETRIC_REPRESENTATION_CONTEXT() REPRESENTATION_CONTEXT('2D SPACE',''
  ) );
#880 = PCURVE('',#881,#886);
#881 = PLANE('',#882);
#882 = AXIS2_PLACEMENT_3D('',#883,#884,#885);
#883 = CARTESIAN_POINT('',(3.6,0.8,4.192622342117E-02));
#884 = DIRECTION('',(0.,-2.22044604925E-16,-1.));
#885 = DIRECTION('',(0.,1.,-2.22044604925E-16));
#886 = DEFINITIONAL_REPRESENTATION('',(#887),#891);
#887 = LINE('',#888,#889);
#888 = CARTESIAN_POINT('',(-2.7,-0.135063016993));
#889 = VECTOR('',#890,1.);
#890 = DIRECTION('',(0.992546151641,0.121869343405));
#891 = ( GEOMETRIC_REPRESENTATION_CONTEXT(2) 
PARAMETRIC_REPRESENTATION_CONTEXT() REPRESENTATION_CONTEXT('2D SPACE',''
  ) );
#892 = ORIENTED_EDGE('',*,*,#893,.T.);
#893 = EDGE_CURVE('',#866,#894,#896,.T.);
#894 = VERTEX_POINT('',#895);
#895 = CARTESIAN_POINT('',(3.6,-0.8,5.331444667565));
#896 = SURFACE_CURVE('',#897,(#901,#908),.PCURVE_S1.);
#897 = LINE('',#898,#899);
#898 = CARTESIAN_POINT('',(3.6,-0.8,4.192622342117E-02));
#899 = VECTOR('',#900,1.);
#900 = DIRECTION('',(0.,2.22044604925E-16,1.));
#901 = PCURVE('',#573,#902);
#902 = DEFINITIONAL_REPRESENTATION('',(#903),#907);
#903 = LINE('',#904,#905);
#904 = CARTESIAN_POINT('',(0.554130404002,-2.65));
#905 = VECTOR('',#906,1.);
#906 = DIRECTION('',(-1.450024951409E-28,1.));
#907 = ( GEOMETRIC_REPRESENTATION_CONTEXT(2) 
PARAMETRIC_REPRESENTATION_CONTEXT() REPRESENTATION_CONTEXT('2D SPACE',''
  ) );
#908 = PCURVE('',#909,#914);
#909 = PLANE('',#910);
#910 = AXIS2_PLACEMENT_3D('',#911,#912,#913);
#911 = CARTESIAN_POINT('',(3.6,0.8,5.341926223421));
#912 = DIRECTION('',(1.,0.,0.));
#913 = DIRECTION('',(0.,1.,-2.22044604925E-16));
#914 = DEFINITIONAL_REPRESENTATION('',(#915),#919);
#915 = LINE('',#916,#917);
#916 = CARTESIAN_POINT('',(-1.6,-5.3));
#917 = VECTOR('',#918,1.);
#918 = DIRECTION('',(0.,1.));
#919 = ( GEOMETRIC_REPRESENTATION_CONTEXT(2) 
PARAMETRIC_REPRESENTATION_CONTEXT() REPRESENTATION_CONTEXT('2D SPACE',''
  ) );
#920 = ORIENTED_EDGE('',*,*,#921,.T.);
#921 = EDGE_CURVE('',#894,#922,#924,.T.);
#922 = VERTEX_POINT('',#923);
#923 = CARTESIAN_POINT('',(3.464936983007,-1.9,5.273796110353));
#924 = SURFACE_CURVE('',#925,(#929,#936),.PCURVE_S1.);
#925 = LINE('',#926,#927);
#926 = CARTESIAN_POINT('',(3.6,-0.8,5.331444667565));
#927 = VECTOR('',#928,1.);
#928 = DIRECTION('',(-0.121704801254,-0.991206063359,-5.194690859251E-02
    ));
#929 = PCURVE('',#573,#930);
#930 = DEFINITIONAL_REPRESENTATION('',(#931),#935);
#931 = LINE('',#932,#933);
#932 = CARTESIAN_POINT('',(0.554130404002,2.639518444144));
#933 = VECTOR('',#934,1.);
#934 = DIRECTION('',(-0.998649847888,-5.194690859251E-02));
#935 = ( GEOMETRIC_REPRESENTATION_CONTEXT(2) 
PARAMETRIC_REPRESENTATION_CONTEXT() REPRESENTATION_CONTEXT('2D SPACE',''
  ) );
#936 = PCURVE('',#937,#942);
#937 = PLANE('',#938);
#938 = AXIS2_PLACEMENT_3D('',#939,#940,#941);
#939 = CARTESIAN_POINT('',(1.136868377216E-13,-1.25,5.307861166887));
#940 = DIRECTION('',(0.,-5.233595624292E-02,0.998629534755));
#941 = DIRECTION('',(0.,-0.998629534755,-5.233595624292E-02));
#942 = DEFINITIONAL_REPRESENTATION('',(#943),#947);
#943 = LINE('',#944,#945);
#944 = CARTESIAN_POINT('',(-0.450617555699,3.6));
#945 = VECTOR('',#946,1.);
#946 = DIRECTION('',(0.992566341033,-0.121704801254));
#947 = ( GEOMETRIC_REPRESENTATION_CONTEXT(2) 
PARAMETRIC_REPRESENTATION_CONTEXT() REPRESENTATION_CONTEXT('2D SPACE',''
  ) );
#948 = ORIENTED_EDGE('',*,*,#949,.T.);
#949 = EDGE_CURVE('',#922,#553,#950,.T.);
#950 = SURFACE_CURVE('',#951,(#955,#962),.PCURVE_S1.);
#951 = LINE('',#952,#953);
#952 = CARTESIAN_POINT('',(3.464936983007,-1.9,5.273796110353));
#953 = VECTOR('',#954,1.);
#954 = DIRECTION('',(0.,-2.22044604925E-16,-1.));
#955 = PCURVE('',#573,#956);
#956 = DEFINITIONAL_REPRESENTATION('',(#957),#961);
#957 = LINE('',#958,#959);
#958 = CARTESIAN_POINT('',(-0.554130404002,2.581869886932));
#959 = VECTOR('',#960,1.);
#960 = DIRECTION('',(1.450024951409E-28,-1.));
#961 = ( GEOMETRIC_REPRESENTATION_CONTEXT(2) 
PARAMETRIC_REPRESENTATION_CONTEXT() REPRESENTATION_CONTEXT('2D SPACE',''
  ) );
#962 = PCURVE('',#229,#963);
#963 = DEFINITIONAL_REPRESENTATION('',(#964),#968);
#964 = LINE('',#965,#966);
#965 = CARTESIAN_POINT('',(-0.135063016993,5.231869886932));
#966 = VECTOR('',#967,1.);
#967 = DIRECTION('',(0.,-1.));
#968 = ( GEOMETRIC_REPRESENTATION_CONTEXT(2) 
PARAMETRIC_REPRESENTATION_CONTEXT() REPRESENTATION_CONTEXT('2D SPACE',''
  ) );
#969 = ADVANCED_FACE('',(#970,#1273),#229,.T.);
#970 = FACE_BOUND('',#971,.T.);
#971 = EDGE_LOOP('',(#972,#973,#974,#975,#976,#999,#1027,#1055,#1083,
    #1111,#1139,#1167,#1195,#1223,#1251,#1272));
#972 = ORIENTED_EDGE('',*,*,#791,.T.);
#973 = ORIENTED_EDGE('',*,*,#742,.T.);
#974 = ORIENTED_EDGE('',*,*,#585,.T.);
#975 = ORIENTED_EDGE('',*,*,#949,.F.);
#976 = ORIENTED_EDGE('',*,*,#977,.F.);
#977 = EDGE_CURVE('',#978,#922,#980,.T.);
#978 = VERTEX_POINT('',#979);
#979 = CARTESIAN_POINT('',(2.65,-1.9,5.273796110353));
#980 = SURFACE_CURVE('',#981,(#985,#992),.PCURVE_S1.);
#981 = LINE('',#982,#983);
#982 = CARTESIAN_POINT('',(2.65,-1.9,5.273796110353));
#983 = VECTOR('',#984,1.);
#984 = DIRECTION('',(1.,0.,0.));
#985 = PCURVE('',#229,#986);
#986 = DEFINITIONAL_REPRESENTATION('',(#987),#991);
#987 = LINE('',#988,#989);
#988 = CARTESIAN_POINT('',(-0.95,5.231869886932));
#989 = VECTOR('',#990,1.);
#990 = DIRECTION('',(1.,0.));
#991 = ( GEOMETRIC_REPRESENTATION_CONTEXT(2) 
PARAMETRIC_REPRESENTATION_CONTEXT() REPRESENTATION_CONTEXT('2D SPACE',''
  ) );
#992 = PCURVE('',#937,#993);
#993 = DEFINITIONAL_REPRESENTATION('',(#994),#998);
#994 = LINE('',#995,#996);
#995 = CARTESIAN_POINT('',(0.650892024899,2.65));
#996 = VECTOR('',#997,1.);
#997 = DIRECTION('',(0.,1.));
#998 = ( GEOMETRIC_REPRESENTATION_CONTEXT(2) 
PARAMETRIC_REPRESENTATION_CONTEXT() REPRESENTATION_CONTEXT('2D SPACE',''
  ) );
#999 = ORIENTED_EDGE('',*,*,#1000,.T.);
#1000 = EDGE_CURVE('',#978,#1001,#1003,.T.);
#1001 = VERTEX_POINT('',#1002);
#1002 = CARTESIAN_POINT('',(2.65,-1.9,4.641558965728));
#1003 = SURFACE_CURVE('',#1004,(#1008,#1015),.PCURVE_S1.);
#1004 = LINE('',#1005,#1006);
#1005 = CARTESIAN_POINT('',(2.65,-1.9,5.273796110353));
#1006 = VECTOR('',#1007,1.);
#1007 = DIRECTION('',(0.,-2.22044604925E-16,-1.));
#1008 = PCURVE('',#229,#1009);
#1009 = DEFINITIONAL_REPRESENTATION('',(#1010),#1014);
#1010 = LINE('',#1011,#1012);
#1011 = CARTESIAN_POINT('',(-0.95,5.231869886932));
#1012 = VECTOR('',#1013,1.);
#1013 = DIRECTION('',(0.,-1.));
#1014 = ( GEOMETRIC_REPRESENTATION_CONTEXT(2) 
PARAMETRIC_REPRESENTATION_CONTEXT() REPRESENTATION_CONTEXT('2D SPACE',''
  ) );
#1015 = PCURVE('',#1016,#1021);
#1016 = PLANE('',#1017);
#1017 = AXIS2_PLACEMENT_3D('',#1018,#1019,#1020);
#1018 = CARTESIAN_POINT('',(2.65,0.8,5.341926223421));
#1019 = DIRECTION('',(1.,0.,0.));
#1020 = DIRECTION('',(0.,1.,-2.22044604925E-16));
#1021 = DEFINITIONAL_REPRESENTATION('',(#1022),#1026);
#1022 = LINE('',#1023,#1024);
#1023 = CARTESIAN_POINT('',(-2.7,-6.8130113068E-02));
#1024 = VECTOR('',#1025,1.);
#1025 = DIRECTION('',(0.,-1.));
#1026 = ( GEOMETRIC_REPRESENTATION_CONTEXT(2) 
PARAMETRIC_REPRESENTATION_CONTEXT() REPRESENTATION_CONTEXT('2D SPACE',''
  ) );
#1027 = ORIENTED_EDGE('',*,*,#1028,.F.);
#1028 = EDGE_CURVE('',#1029,#1001,#1031,.T.);
#1029 = VERTEX_POINT('',#1030);
#1030 = CARTESIAN_POINT('',(-2.65,-1.9,4.641558965728));
#1031 = SURFACE_CURVE('',#1032,(#1036,#1043),.PCURVE_S1.);
#1032 = LINE('',#1033,#1034);
#1033 = CARTESIAN_POINT('',(-2.65,-1.9,4.641558965728));
#1034 = VECTOR('',#1035,1.);
#1035 = DIRECTION('',(1.,0.,0.));
#1036 = PCURVE('',#229,#1037);
#1037 = DEFINITIONAL_REPRESENTATION('',(#1038),#1042);
#1038 = LINE('',#1039,#1040);
#1039 = CARTESIAN_POINT('',(-6.25,4.599632742307));
#1040 = VECTOR('',#1041,1.);
#1041 = DIRECTION('',(1.,0.));
#1042 = ( GEOMETRIC_REPRESENTATION_CONTEXT(2) 
PARAMETRIC_REPRESENTATION_CONTEXT() REPRESENTATION_CONTEXT('2D SPACE',''
  ) );
#1043 = PCURVE('',#1044,#1049);
#1044 = PLANE('',#1045);
#1045 = AXIS2_PLACEMENT_3D('',#1046,#1047,#1048);
#1046 = CARTESIAN_POINT('',(3.125,-1.35,4.841742594575));
#1047 = DIRECTION('',(-1.150754E-16,-0.342020143326,0.939692620786));
#1048 = DIRECTION('',(-5.045765994599E-33,-0.939692620786,
    -0.342020143326));
#1049 = DEFINITIONAL_REPRESENTATION('',(#1050),#1054);
#1050 = LINE('',#1051,#1052);
#1051 = CARTESIAN_POINT('',(0.585297774862,-5.775));
#1052 = VECTOR('',#1053,1.);
#1053 = DIRECTION('',(-2.904212407393E-33,1.));
#1054 = ( GEOMETRIC_REPRESENTATION_CONTEXT(2) 
PARAMETRIC_REPRESENTATION_CONTEXT() REPRESENTATION_CONTEXT('2D SPACE',''
  ) );
#1055 = ORIENTED_EDGE('',*,*,#1056,.F.);
#1056 = EDGE_CURVE('',#1057,#1029,#1059,.T.);
#1057 = VERTEX_POINT('',#1058);
#1058 = CARTESIAN_POINT('',(-2.65,-1.9,5.273796110353));
#1059 = SURFACE_CURVE('',#1060,(#1064,#1071),.PCURVE_S1.);
#1060 = LINE('',#1061,#1062);
#1061 = CARTESIAN_POINT('',(-2.65,-1.9,5.273796110353));
#1062 = VECTOR('',#1063,1.);
#1063 = DIRECTION('',(0.,-2.22044604925E-16,-1.));
#1064 = PCURVE('',#229,#1065);
#1065 = DEFINITIONAL_REPRESENTATION('',(#1066),#1070);
#1066 = LINE('',#1067,#1068);
#1067 = CARTESIAN_POINT('',(-6.25,5.231869886932));
#1068 = VECTOR('',#1069,1.);
#1069 = DIRECTION('',(0.,-1.));
#1070 = ( GEOMETRIC_REPRESENTATION_CONTEXT(2) 
PARAMETRIC_REPRESENTATION_CONTEXT() REPRESENTATION_CONTEXT('2D SPACE',''
  ) );
#1071 = PCURVE('',#1072,#1077);
#1072 = PLANE('',#1073);
#1073 = AXIS2_PLACEMENT_3D('',#1074,#1075,#1076);
#1074 = CARTESIAN_POINT('',(-2.65,0.8,5.041926223421));
#1075 = DIRECTION('',(-1.,0.,0.));
#1076 = DIRECTION('',(0.,-1.,2.22044604925E-16));
#1077 = DEFINITIONAL_REPRESENTATION('',(#1078),#1082);
#1078 = LINE('',#1079,#1080);
#1079 = CARTESIAN_POINT('',(2.7,0.231869886932));
#1080 = VECTOR('',#1081,1.);
#1081 = DIRECTION('',(0.,-1.));
#1082 = ( GEOMETRIC_REPRESENTATION_CONTEXT(2) 
PARAMETRIC_REPRESENTATION_CONTEXT() REPRESENTATION_CONTEXT('2D SPACE',''
  ) );
#1083 = ORIENTED_EDGE('',*,*,#1084,.F.);
#1084 = EDGE_CURVE('',#1085,#1057,#1087,.T.);
#1085 = VERTEX_POINT('',#1086);
#1086 = CARTESIAN_POINT('',(-3.464936983007,-1.9,5.273796110353));
#1087 = SURFACE_CURVE('',#1088,(#1092,#1099),.PCURVE_S1.);
#1088 = LINE('',#1089,#1090);
#1089 = CARTESIAN_POINT('',(-3.464936983007,-1.9,5.273796110353));
#1090 = VECTOR('',#1091,1.);
#1091 = DIRECTION('',(1.,0.,0.));
#1092 = PCURVE('',#229,#1093);
#1093 = DEFINITIONAL_REPRESENTATION('',(#1094),#1098);
#1094 = LINE('',#1095,#1096);
#1095 = CARTESIAN_POINT('',(-7.064936983007,5.231869886932));
#1096 = VECTOR('',#1097,1.);
#1097 = DIRECTION('',(1.,0.));
#1098 = ( GEOMETRIC_REPRESENTATION_CONTEXT(2) 
PARAMETRIC_REPRESENTATION_CONTEXT() REPRESENTATION_CONTEXT('2D SPACE',''
  ) );
#1099 = PCURVE('',#1100,#1105);
#1100 = PLANE('',#1101);
#1101 = AXIS2_PLACEMENT_3D('',#1102,#1103,#1104);
#1102 = CARTESIAN_POINT('',(1.136868377216E-13,-1.25,5.307861166887));
#1103 = DIRECTION('',(0.,-5.233595624292E-02,0.998629534755));
#1104 = DIRECTION('',(0.,-0.998629534755,-5.233595624292E-02));
#1105 = DEFINITIONAL_REPRESENTATION('',(#1106),#1110);
#1106 = LINE('',#1107,#1108);
#1107 = CARTESIAN_POINT('',(0.650892024899,-3.464936983007));
#1108 = VECTOR('',#1109,1.);
#1109 = DIRECTION('',(0.,1.));
#1110 = ( GEOMETRIC_REPRESENTATION_CONTEXT(2) 
PARAMETRIC_REPRESENTATION_CONTEXT() REPRESENTATION_CONTEXT('2D SPACE',''
  ) );
#1111 = ORIENTED_EDGE('',*,*,#1112,.F.);
#1112 = EDGE_CURVE('',#1113,#1085,#1115,.T.);
#1113 = VERTEX_POINT('',#1114);
#1114 = CARTESIAN_POINT('',(-3.464936983007,-1.9,4.192622342117E-02));
#1115 = SURFACE_CURVE('',#1116,(#1120,#1127),.PCURVE_S1.);
#1116 = LINE('',#1117,#1118);
#1117 = CARTESIAN_POINT('',(-3.464936983007,-1.9,4.192622342117E-02));
#1118 = VECTOR('',#1119,1.);
#1119 = DIRECTION('',(0.,2.22044604925E-16,1.));
#1120 = PCURVE('',#229,#1121);
#1121 = DEFINITIONAL_REPRESENTATION('',(#1122),#1126);
#1122 = LINE('',#1123,#1124);
#1123 = CARTESIAN_POINT('',(-7.064936983007,0.));
#1124 = VECTOR('',#1125,1.);
#1125 = DIRECTION('',(0.,1.));
#1126 = ( GEOMETRIC_REPRESENTATION_CONTEXT(2) 
PARAMETRIC_REPRESENTATION_CONTEXT() REPRESENTATION_CONTEXT('2D SPACE',''
  ) );
#1127 = PCURVE('',#1128,#1133);
#1128 = PLANE('',#1129);
#1129 = AXIS2_PLACEMENT_3D('',#1130,#1131,#1132);
#1130 = CARTESIAN_POINT('',(-3.532468491503,-1.35,4.192622342117E-02));
#1131 = DIRECTION('',(-0.992546151641,-0.121869343405,2.706043020888E-17
    ));
#1132 = DIRECTION('',(0.121869343405,-0.992546151641,2.203895181112E-16)
  );
#1133 = DEFINITIONAL_REPRESENTATION('',(#1134),#1138);
#1134 = LINE('',#1135,#1136);
#1135 = CARTESIAN_POINT('',(0.554130404002,-1.221245327088E-16));
#1136 = VECTOR('',#1137,1.);
#1137 = DIRECTION('',(1.450024951409E-28,1.));
#1138 = ( GEOMETRIC_REPRESENTATION_CONTEXT(2) 
PARAMETRIC_REPRESENTATION_CONTEXT() REPRESENTATION_CONTEXT('2D SPACE',''
  ) );
#1139 = ORIENTED_EDGE('',*,*,#1140,.F.);
#1140 = EDGE_CURVE('',#1141,#1113,#1143,.T.);
#1141 = VERTEX_POINT('',#1142);
#1142 = CARTESIAN_POINT('',(-2.914619929174,-1.9,4.192622342117E-02));
#1143 = SURFACE_CURVE('',#1144,(#1148,#1155),.PCURVE_S1.);
#1144 = LINE('',#1145,#1146);
#1145 = CARTESIAN_POINT('',(-2.914619929174,-1.9,4.192622342117E-02));
#1146 = VECTOR('',#1147,1.);
#1147 = DIRECTION('',(-1.,0.,0.));
#1148 = PCURVE('',#229,#1149);
#1149 = DEFINITIONAL_REPRESENTATION('',(#1150),#1154);
#1150 = LINE('',#1151,#1152);
#1151 = CARTESIAN_POINT('',(-6.514619929174,0.));
#1152 = VECTOR('',#1153,1.);
#1153 = DIRECTION('',(-1.,0.));
#1154 = ( GEOMETRIC_REPRESENTATION_CONTEXT(2) 
PARAMETRIC_REPRESENTATION_CONTEXT() REPRESENTATION_CONTEXT('2D SPACE',''
  ) );
#1155 = PCURVE('',#1156,#1161);
#1156 = PLANE('',#1157);
#1157 = AXIS2_PLACEMENT_3D('',#1158,#1159,#1160);
#1158 = CARTESIAN_POINT('',(3.6,0.8,4.192622342117E-02));
#1159 = DIRECTION('',(0.,-2.22044604925E-16,-1.));
#1160 = DIRECTION('',(0.,1.,-2.22044604925E-16));
#1161 = DEFINITIONAL_REPRESENTATION('',(#1162),#1166);
#1162 = LINE('',#1163,#1164);
#1163 = CARTESIAN_POINT('',(-2.7,-6.514619929174));
#1164 = VECTOR('',#1165,1.);
#1165 = DIRECTION('',(0.,-1.));
#1166 = ( GEOMETRIC_REPRESENTATION_CONTEXT(2) 
PARAMETRIC_REPRESENTATION_CONTEXT() REPRESENTATION_CONTEXT('2D SPACE',''
  ) );
#1167 = ORIENTED_EDGE('',*,*,#1168,.F.);
#1168 = EDGE_CURVE('',#1169,#1141,#1171,.T.);
#1169 = VERTEX_POINT('',#1170);
#1170 = CARTESIAN_POINT('',(-2.914619929174,-1.9,0.6015461526));
#1171 = SURFACE_CURVE('',#1172,(#1176,#1183),.PCURVE_S1.);
#1172 = LINE('',#1173,#1174);
#1173 = CARTESIAN_POINT('',(-2.914619929174,-1.9,0.6015461526));
#1174 = VECTOR('',#1175,1.);
#1175 = DIRECTION('',(0.,-2.22044604925E-16,-1.));
#1176 = PCURVE('',#229,#1177);
#1177 = DEFINITIONAL_REPRESENTATION('',(#1178),#1182);
#1178 = LINE('',#1179,#1180);
#1179 = CARTESIAN_POINT('',(-6.514619929174,0.559619929179));
#1180 = VECTOR('',#1181,1.);
#1181 = DIRECTION('',(0.,-1.));
#1182 = ( GEOMETRIC_REPRESENTATION_CONTEXT(2) 
PARAMETRIC_REPRESENTATION_CONTEXT() REPRESENTATION_CONTEXT('2D SPACE',''
  ) );
#1183 = PCURVE('',#1184,#1189);
#1184 = PLANE('',#1185);
#1185 = AXIS2_PLACEMENT_3D('',#1186,#1187,#1188);
#1186 = CARTESIAN_POINT('',(-2.834809964587,-1.25,4.192622342333E-02));
#1187 = DIRECTION('',(0.992546151641,-0.121869343405,2.706043020888E-17)
  );
#1188 = DIRECTION('',(0.121869343405,0.992546151641,-2.203895181112E-16)
  );
#1189 = DEFINITIONAL_REPRESENTATION('',(#1190),#1194);
#1190 = LINE('',#1191,#1192);
#1191 = CARTESIAN_POINT('',(-0.654881386548,0.559619929177));
#1192 = VECTOR('',#1193,1.);
#1193 = DIRECTION('',(1.450024951409E-28,-1.));
#1194 = ( GEOMETRIC_REPRESENTATION_CONTEXT(2) 
PARAMETRIC_REPRESENTATION_CONTEXT() REPRESENTATION_CONTEXT('2D SPACE',''
  ) );
#1195 = ORIENTED_EDGE('',*,*,#1196,.F.);
#1196 = EDGE_CURVE('',#1197,#1169,#1199,.T.);
#1197 = VERTEX_POINT('',#1198);
#1198 = CARTESIAN_POINT('',(2.914619929174,-1.9,0.6015461526));
#1199 = SURFACE_CURVE('',#1200,(#1204,#1211),.PCURVE_S1.);
#1200 = LINE('',#1201,#1202);
#1201 = CARTESIAN_POINT('',(2.914619929174,-1.9,0.6015461526));
#1202 = VECTOR('',#1203,1.);
#1203 = DIRECTION('',(-1.,0.,0.));
#1204 = PCURVE('',#229,#1205);
#1205 = DEFINITIONAL_REPRESENTATION('',(#1206),#1210);
#1206 = LINE('',#1207,#1208);
#1207 = CARTESIAN_POINT('',(-0.685380070826,0.559619929179));
#1208 = VECTOR('',#1209,1.);
#1209 = DIRECTION('',(-1.,0.));
#1210 = ( GEOMETRIC_REPRESENTATION_CONTEXT(2) 
PARAMETRIC_REPRESENTATION_CONTEXT() REPRESENTATION_CONTEXT('2D SPACE',''
  ) );
#1211 = PCURVE('',#1212,#1217);
#1212 = PLANE('',#1213);
#1213 = AXIS2_PLACEMENT_3D('',#1214,#1215,#1216);
#1214 = CARTESIAN_POINT('',(0.4225,-1.25,0.521736188013));
#1215 = DIRECTION('',(0.,-0.121869343405,-0.992546151641));
#1216 = DIRECTION('',(0.,0.992546151641,-0.121869343405));
#1217 = DEFINITIONAL_REPRESENTATION('',(#1218),#1222);
#1218 = LINE('',#1219,#1220);
#1219 = CARTESIAN_POINT('',(-0.654881386548,2.492119929174));
#1220 = VECTOR('',#1221,1.);
#1221 = DIRECTION('',(0.,-1.));
#1222 = ( GEOMETRIC_REPRESENTATION_CONTEXT(2) 
PARAMETRIC_REPRESENTATION_CONTEXT() REPRESENTATION_CONTEXT('2D SPACE',''
  ) );
#1223 = ORIENTED_EDGE('',*,*,#1224,.F.);
#1224 = EDGE_CURVE('',#1225,#1197,#1227,.T.);
#1225 = VERTEX_POINT('',#1226);
#1226 = CARTESIAN_POINT('',(2.914619929174,-1.9,4.192622342117E-02));
#1227 = SURFACE_CURVE('',#1228,(#1232,#1239),.PCURVE_S1.);
#1228 = LINE('',#1229,#1230);
#1229 = CARTESIAN_POINT('',(2.914619929174,-1.9,4.192622342117E-02));
#1230 = VECTOR('',#1231,1.);
#1231 = DIRECTION('',(0.,2.22044604925E-16,1.));
#1232 = PCURVE('',#229,#1233);
#1233 = DEFINITIONAL_REPRESENTATION('',(#1234),#1238);
#1234 = LINE('',#1235,#1236);
#1235 = CARTESIAN_POINT('',(-0.685380070826,0.));
#1236 = VECTOR('',#1237,1.);
#1237 = DIRECTION('',(0.,1.));
#1238 = ( GEOMETRIC_REPRESENTATION_CONTEXT(2) 
PARAMETRIC_REPRESENTATION_CONTEXT() REPRESENTATION_CONTEXT('2D SPACE',''
  ) );
#1239 = PCURVE('',#1240,#1245);
#1240 = PLANE('',#1241);
#1241 = AXIS2_PLACEMENT_3D('',#1242,#1243,#1244);
#1242 = CARTESIAN_POINT('',(2.834809964587,-1.25,0.241926223424));
#1243 = DIRECTION('',(-0.992546151641,-0.121869343405,2.706043020888E-17
    ));
#1244 = DIRECTION('',(0.121869343405,-0.992546151641,2.203895181112E-16)
  );
#1245 = DEFINITIONAL_REPRESENTATION('',(#1246),#1250);
#1246 = LINE('',#1247,#1248);
#1247 = CARTESIAN_POINT('',(0.654881386548,-0.200000000003));
#1248 = VECTOR('',#1249,1.);
#1249 = DIRECTION('',(1.450024951409E-28,1.));
#1250 = ( GEOMETRIC_REPRESENTATION_CONTEXT(2) 
PARAMETRIC_REPRESENTATION_CONTEXT() REPRESENTATION_CONTEXT('2D SPACE',''
  ) );
#1251 = ORIENTED_EDGE('',*,*,#1252,.F.);
#1252 = EDGE_CURVE('',#843,#1225,#1253,.T.);
#1253 = SURFACE_CURVE('',#1254,(#1258,#1265),.PCURVE_S1.);
#1254 = LINE('',#1255,#1256);
#1255 = CARTESIAN_POINT('',(3.464936983007,-1.9,4.192622342117E-02));
#1256 = VECTOR('',#1257,1.);
#1257 = DIRECTION('',(-1.,0.,0.));
#1258 = PCURVE('',#229,#1259);
#1259 = DEFINITIONAL_REPRESENTATION('',(#1260),#1264);
#1260 = LINE('',#1261,#1262);
#1261 = CARTESIAN_POINT('',(-0.135063016993,0.));
#1262 = VECTOR('',#1263,1.);
#1263 = DIRECTION('',(-1.,0.));
#1264 = ( GEOMETRIC_REPRESENTATION_CONTEXT(2) 
PARAMETRIC_REPRESENTATION_CONTEXT() REPRESENTATION_CONTEXT('2D SPACE',''
  ) );
#1265 = PCURVE('',#881,#1266);
#1266 = DEFINITIONAL_REPRESENTATION('',(#1267),#1271);
#1267 = LINE('',#1268,#1269);
#1268 = CARTESIAN_POINT('',(-2.7,-0.135063016993));
#1269 = VECTOR('',#1270,1.);
#1270 = DIRECTION('',(0.,-1.));
#1271 = ( GEOMETRIC_REPRESENTATION_CONTEXT(2) 
PARAMETRIC_REPRESENTATION_CONTEXT() REPRESENTATION_CONTEXT('2D SPACE',''
  ) );
#1272 = ORIENTED_EDGE('',*,*,#842,.F.);
#1273 = FACE_BOUND('',#1274,.T.);
#1274 = EDGE_LOOP('',(#1275,#1323));
#1275 = ORIENTED_EDGE('',*,*,#1276,.T.);
#1276 = EDGE_CURVE('',#177,#213,#1277,.T.);
#1277 = SURFACE_CURVE('',#1278,(#1283,#1294),.PCURVE_S1.);
#1278 = CIRCLE('',#1279,1.7);
#1279 = AXIS2_PLACEMENT_3D('',#1280,#1281,#1282);
#1280 = CARTESIAN_POINT('',(9.059419772162E-14,-1.9,2.841926223421));
#1281 = DIRECTION('',(0.,1.,-2.22044604925E-16));
#1282 = DIRECTION('',(0.,2.22044604925E-16,1.));
#1283 = PCURVE('',#229,#1284);
#1284 = DEFINITIONAL_REPRESENTATION('',(#1285),#1293);
#1285 = ( BOUNDED_CURVE() B_SPLINE_CURVE(2,(#1286,#1287,#1288,#1289,
#1290,#1291,#1292),.UNSPECIFIED.,.T.,.F.) B_SPLINE_CURVE_WITH_KNOTS((1,2
    ,2,2,2,1),(-2.094395102393,0.,2.094395102393,4.188790204786,
6.28318530718,8.377580409573),.UNSPECIFIED.) CURVE() 
GEOMETRIC_REPRESENTATION_ITEM() RATIONAL_B_SPLINE_CURVE((1.,0.5,1.,0.5,
1.,0.5,1.)) REPRESENTATION_ITEM('') );
#1286 = CARTESIAN_POINT('',(-3.6,4.5));
#1287 = CARTESIAN_POINT('',(-0.655513627133,4.5));
#1288 = CARTESIAN_POINT('',(-2.127756813566,1.95));
#1289 = CARTESIAN_POINT('',(-3.6,-0.6));
#1290 = CARTESIAN_POINT('',(-5.072243186433,1.95));
#1291 = CARTESIAN_POINT('',(-6.544486372867,4.5));
#1292 = CARTESIAN_POINT('',(-3.6,4.5));
#1293 = ( GEOMETRIC_REPRESENTATION_CONTEXT(2) 
PARAMETRIC_REPRESENTATION_CONTEXT() REPRESENTATION_CONTEXT('2D SPACE',''
  ) );
#1294 = PCURVE('',#200,#1295);
#1295 = DEFINITIONAL_REPRESENTATION('',(#1296),#1322);
#1296 = B_SPLINE_CURVE_WITH_KNOTS('',3,(#1297,#1298,#1299,#1300,#1301,
    #1302,#1303,#1304,#1305,#1306,#1307,#1308,#1309,#1310,#1311,#1312,
    #1313,#1314,#1315,#1316,#1317,#1318,#1319,#1320,#1321),
  .UNSPECIFIED.,.F.,.F.,(4,1,1,1,1,1,1,1,1,1,1,1,1,1,1,1,1,1,1,1,1,1,4),
  (1.570796326795,1.713595992867,1.856395658939,1.999195325012,
    2.141994991084,2.284794657156,2.427594323228,2.570393989301,
    2.713193655373,2.855993321445,2.998792987518,3.14159265359,
    3.284392319662,3.427191985734,3.569991651807,3.712791317879,
    3.855590983951,3.998390650023,4.141190316096,4.283989982168,
    4.42678964824,4.569589314312,4.712388980385),.UNSPECIFIED.);
#1297 = CARTESIAN_POINT('',(6.28318530718,0.));
#1298 = CARTESIAN_POINT('',(6.235585418489,0.));
#1299 = CARTESIAN_POINT('',(6.140385641107,0.));
#1300 = CARTESIAN_POINT('',(5.997585975035,0.));
#1301 = CARTESIAN_POINT('',(5.854786308963,0.));
#1302 = CARTESIAN_POINT('',(5.711986642891,0.));
#1303 = CARTESIAN_POINT('',(5.569186976818,0.));
#1304 = CARTESIAN_POINT('',(5.426387310746,0.));
#1305 = CARTESIAN_POINT('',(5.283587644674,0.));
#1306 = CARTESIAN_POINT('',(5.140787978601,0.));
#1307 = CARTESIAN_POINT('',(4.997988312529,0.));
#1308 = CARTESIAN_POINT('',(4.855188646457,0.));
#1309 = CARTESIAN_POINT('',(4.712388980385,0.));
#1310 = CARTESIAN_POINT('',(4.569589314312,0.));
#1311 = CARTESIAN_POINT('',(4.42678964824,0.));
#1312 = CARTESIAN_POINT('',(4.283989982168,0.));
#1313 = CARTESIAN_POINT('',(4.141190316096,0.));
#1314 = CARTESIAN_POINT('',(3.998390650023,0.));
#1315 = CARTESIAN_POINT('',(3.855590983951,0.));
#1316 = CARTESIAN_POINT('',(3.712791317879,0.));
#1317 = CARTESIAN_POINT('',(3.569991651807,0.));
#1318 = CARTESIAN_POINT('',(3.427191985734,0.));
#1319 = CARTESIAN_POINT('',(3.284392319662,0.));
#1320 = CARTESIAN_POINT('',(3.189192542281,0.));
#1321 = CARTESIAN_POINT('',(3.14159265359,0.));
#1322 = ( GEOMETRIC_REPRESENTATION_CONTEXT(2) 
PARAMETRIC_REPRESENTATION_CONTEXT() REPRESENTATION_CONTEXT('2D SPACE',''
  ) );
#1323 = ORIENTED_EDGE('',*,*,#212,.T.);
#1324 = ADVANCED_FACE('',(#1325),#284,.T.);
#1325 = FACE_BOUND('',#1326,.T.);
#1326 = EDGE_LOOP('',(#1327,#1375));
#1327 = ORIENTED_EDGE('',*,*,#1328,.F.);
#1328 = EDGE_CURVE('',#179,#246,#1329,.T.);
#1329 = SURFACE_CURVE('',#1330,(#1335,#1346),.PCURVE_S1.);
#1330 = CIRCLE('',#1331,1.09544511501);
#1331 = AXIS2_PLACEMENT_3D('',#1332,#1333,#1334);
#1332 = CARTESIAN_POINT('',(9.094643772162E-14,-3.2,2.841926223421));
#1333 = DIRECTION('',(0.,1.,-2.22044604925E-16));
#1334 = DIRECTION('',(1.,0.,0.));
#1335 = PCURVE('',#284,#1336);
#1336 = DEFINITIONAL_REPRESENTATION('',(#1337),#1345);
#1337 = ( BOUNDED_CURVE() B_SPLINE_CURVE(2,(#1338,#1339,#1340,#1341,
#1342,#1343,#1344),.UNSPECIFIED.,.T.,.F.) B_SPLINE_CURVE_WITH_KNOTS((1,2
    ,2,2,2,1),(-2.094395102393,0.,2.094395102393,4.188790204786,
6.28318530718,8.377580409573),.UNSPECIFIED.) CURVE() 
GEOMETRIC_REPRESENTATION_ITEM() RATIONAL_B_SPLINE_CURVE((1.,0.5,1.,0.5,
1.,0.5,1.)) REPRESENTATION_ITEM('') );
#1338 = CARTESIAN_POINT('',(0.547722557505,0.));
#1339 = CARTESIAN_POINT('',(0.547722557505,-1.8973665961));
#1340 = CARTESIAN_POINT('',(-1.09544511501,-0.94868329805));
#1341 = CARTESIAN_POINT('',(-2.738612787525,-2.683066707477E-16));
#1342 = CARTESIAN_POINT('',(-1.09544511501,0.94868329805));
#1343 = CARTESIAN_POINT('',(0.547722557505,1.8973665961));
#1344 = CARTESIAN_POINT('',(0.547722557505,0.));
#1345 = ( GEOMETRIC_REPRESENTATION_CONTEXT(2) 
PARAMETRIC_REPRESENTATION_CONTEXT() REPRESENTATION_CONTEXT('2D SPACE',''
  ) );
#1346 = PCURVE('',#200,#1347);
#1347 = DEFINITIONAL_REPRESENTATION('',(#1348),#1374);
#1348 = B_SPLINE_CURVE_WITH_KNOTS('',3,(#1349,#1350,#1351,#1352,#1353,
    #1354,#1355,#1356,#1357,#1358,#1359,#1360,#1361,#1362,#1363,#1364,
    #1365,#1366,#1367,#1368,#1369,#1370,#1371,#1372,#1373),
  .UNSPECIFIED.,.F.,.F.,(4,1,1,1,1,1,1,1,1,1,1,1,1,1,1,1,1,1,1,1,1,1,4),
  (0.,0.142799666072,0.285599332145,0.428398998217,0.571198664289,
    0.713998330361,0.856797996434,0.999597662506,1.142397328578,
    1.28519699465,1.427996660723,1.570796326795,1.713595992867,
    1.856395658939,1.999195325012,2.141994991084,2.284794657156,
    2.427594323228,2.570393989301,2.713193655373,2.855993321445,
    2.998792987518,3.14159265359),.UNSPECIFIED.);
#1349 = CARTESIAN_POINT('',(6.28318530718,0.870584771261));
#1350 = CARTESIAN_POINT('',(6.235585418489,0.870584771261));
#1351 = CARTESIAN_POINT('',(6.140385641107,0.870584771261));
#1352 = CARTESIAN_POINT('',(5.997585975035,0.870584771261));
#1353 = CARTESIAN_POINT('',(5.854786308963,0.870584771261));
#1354 = CARTESIAN_POINT('',(5.711986642891,0.870584771261));
#1355 = CARTESIAN_POINT('',(5.569186976818,0.870584771261));
#1356 = CARTESIAN_POINT('',(5.426387310746,0.870584771261));
#1357 = CARTESIAN_POINT('',(5.283587644674,0.870584771261));
#1358 = CARTESIAN_POINT('',(5.140787978601,0.870584771261));
#1359 = CARTESIAN_POINT('',(4.997988312529,0.870584771261));
#1360 = CARTESIAN_POINT('',(4.855188646457,0.870584771261));
#1361 = CARTESIAN_POINT('',(4.712388980385,0.870584771261));
#1362 = CARTESIAN_POINT('',(4.569589314312,0.870584771261));
#1363 = CARTESIAN_POINT('',(4.42678964824,0.870584771261));
#1364 = CARTESIAN_POINT('',(4.283989982168,0.870584771261));
#1365 = CARTESIAN_POINT('',(4.141190316096,0.870584771261));
#1366 = CARTESIAN_POINT('',(3.998390650023,0.870584771261));
#1367 = CARTESIAN_POINT('',(3.855590983951,0.870584771261));
#1368 = CARTESIAN_POINT('',(3.712791317879,0.870584771261));
#1369 = CARTESIAN_POINT('',(3.569991651807,0.870584771261));
#1370 = CARTESIAN_POINT('',(3.427191985734,0.870584771261));
#1371 = CARTESIAN_POINT('',(3.284392319662,0.870584771261));
#1372 = CARTESIAN_POINT('',(3.189192542281,0.870584771261));
#1373 = CARTESIAN_POINT('',(3.14159265359,0.870584771261));
#1374 = ( GEOMETRIC_REPRESENTATION_CONTEXT(2) 
PARAMETRIC_REPRESENTATION_CONTEXT() REPRESENTATION_CONTEXT('2D SPACE',''
  ) );
#1375 = ORIENTED_EDGE('',*,*,#269,.F.);
#1376 = ADVANCED_FACE('',(#1377),#200,.T.);
#1377 = FACE_BOUND('',#1378,.T.);
#1378 = EDGE_LOOP('',(#1379,#1380,#1381,#1382));
#1379 = ORIENTED_EDGE('',*,*,#176,.T.);
#1380 = ORIENTED_EDGE('',*,*,#1328,.T.);
#1381 = ORIENTED_EDGE('',*,*,#245,.T.);
#1382 = ORIENTED_EDGE('',*,*,#1276,.F.);
#1383 = ADVANCED_FACE('',(#1384),#111,.F.);
#1384 = FACE_BOUND('',#1385,.F.);
#1385 = EDGE_LOOP('',(#1386,#1408,#1409,#1431));
#1386 = ORIENTED_EDGE('',*,*,#1387,.T.);
#1387 = EDGE_CURVE('',#124,#96,#1388,.T.);
#1388 = SURFACE_CURVE('',#1389,(#1394,#1401),.PCURVE_S1.);
#1389 = CIRCLE('',#1390,1.5);
#1390 = AXIS2_PLACEMENT_3D('',#1391,#1392,#1393);
#1391 = CARTESIAN_POINT('',(9.103828772162E-14,0.4,2.341926223421));
#1392 = DIRECTION('',(0.,1.,-2.22044604925E-16));
#1393 = DIRECTION('',(-1.,0.,0.));
#1394 = PCURVE('',#111,#1395);
#1395 = DEFINITIONAL_REPRESENTATION('',(#1396),#1400);
#1396 = LINE('',#1397,#1398);
#1397 = CARTESIAN_POINT('',(6.28318530718,0.1));
#1398 = VECTOR('',#1399,1.);
#1399 = DIRECTION('',(-1.,0.));
#1400 = ( GEOMETRIC_REPRESENTATION_CONTEXT(2) 
PARAMETRIC_REPRESENTATION_CONTEXT() REPRESENTATION_CONTEXT('2D SPACE',''
  ) );
#1401 = PCURVE('',#140,#1402);
#1402 = DEFINITIONAL_REPRESENTATION('',(#1403),#1407);
#1403 = CIRCLE('',#1404,1.5);
#1404 = AXIS2_PLACEMENT_2D('',#1405,#1406);
#1405 = CARTESIAN_POINT('',(0.,0.));
#1406 = DIRECTION('',(1.,0.));
#1407 = ( GEOMETRIC_REPRESENTATION_CONTEXT(2) 
PARAMETRIC_REPRESENTATION_CONTEXT() REPRESENTATION_CONTEXT('2D SPACE',''
  ) );
#1408 = ORIENTED_EDGE('',*,*,#95,.F.);
#1409 = ORIENTED_EDGE('',*,*,#1410,.T.);
#1410 = EDGE_CURVE('',#62,#60,#1411,.T.);
#1411 = SURFACE_CURVE('',#1412,(#1417,#1424),.PCURVE_S1.);
#1412 = CIRCLE('',#1413,1.5);
#1413 = AXIS2_PLACEMENT_3D('',#1414,#1415,#1416);
#1414 = CARTESIAN_POINT('',(9.103828772162E-14,0.5,2.341926223421));
#1415 = DIRECTION('',(0.,-1.,2.22044604925E-16));
#1416 = DIRECTION('',(-1.,0.,0.));
#1417 = PCURVE('',#111,#1418);
#1418 = DEFINITIONAL_REPRESENTATION('',(#1419),#1423);
#1419 = LINE('',#1420,#1421);
#1420 = CARTESIAN_POINT('',(0.,0.));
#1421 = VECTOR('',#1422,1.);
#1422 = DIRECTION('',(1.,0.));
#1423 = ( GEOMETRIC_REPRESENTATION_CONTEXT(2) 
PARAMETRIC_REPRESENTATION_CONTEXT() REPRESENTATION_CONTEXT('2D SPACE',''
  ) );
#1424 = PCURVE('',#83,#1425);
#1425 = DEFINITIONAL_REPRESENTATION('',(#1426),#1430);
#1426 = CIRCLE('',#1427,1.5);
#1427 = AXIS2_PLACEMENT_2D('',#1428,#1429);
#1428 = CARTESIAN_POINT('',(-3.6,2.3));
#1429 = DIRECTION('',(-1.,0.));
#1430 = ( GEOMETRIC_REPRESENTATION_CONTEXT(2) 
PARAMETRIC_REPRESENTATION_CONTEXT() REPRESENTATION_CONTEXT('2D SPACE',''
  ) );
#1431 = ORIENTED_EDGE('',*,*,#152,.F.);
#1432 = ADVANCED_FACE('',(#1433),#140,.T.);
#1433 = FACE_BOUND('',#1434,.T.);
#1434 = EDGE_LOOP('',(#1435,#1436));
#1435 = ORIENTED_EDGE('',*,*,#1387,.T.);
#1436 = ORIENTED_EDGE('',*,*,#123,.T.);
#1437 = ADVANCED_FACE('',(#1438,#1486),#83,.F.);
#1438 = FACE_BOUND('',#1439,.T.);
#1439 = EDGE_LOOP('',(#1440,#1441,#1442,#1465));
#1440 = ORIENTED_EDGE('',*,*,#419,.F.);
#1441 = ORIENTED_EDGE('',*,*,#394,.T.);
#1442 = ORIENTED_EDGE('',*,*,#1443,.F.);
#1443 = EDGE_CURVE('',#1444,#367,#1446,.T.);
#1444 = VERTEX_POINT('',#1445);
#1445 = CARTESIAN_POINT('',(3.439936983007,0.5,0.601989240419));
#1446 = SURFACE_CURVE('',#1447,(#1451,#1458),.PCURVE_S1.);
#1447 = LINE('',#1448,#1449);
#1448 = CARTESIAN_POINT('',(3.439936983007,0.5,0.601989240419));
#1449 = VECTOR('',#1450,1.);
#1450 = DIRECTION('',(0.,2.22044604925E-16,1.));
#1451 = PCURVE('',#83,#1452);
#1452 = DEFINITIONAL_REPRESENTATION('',(#1453),#1457);
#1453 = LINE('',#1454,#1455);
#1454 = CARTESIAN_POINT('',(-0.160063016993,0.560063016998));
#1455 = VECTOR('',#1456,1.);
#1456 = DIRECTION('',(0.,1.));
#1457 = ( GEOMETRIC_REPRESENTATION_CONTEXT(2) 
PARAMETRIC_REPRESENTATION_CONTEXT() REPRESENTATION_CONTEXT('2D SPACE',''
  ) );
#1458 = PCURVE('',#382,#1459);
#1459 = DEFINITIONAL_REPRESENTATION('',(#1460),#1464);
#1460 = LINE('',#1461,#1462);
#1461 = CARTESIAN_POINT('',(0.403003930184,-0.977436983005));
#1462 = VECTOR('',#1463,1.);
#1463 = DIRECTION('',(-1.450271470442E-28,1.));
#1464 = ( GEOMETRIC_REPRESENTATION_CONTEXT(2) 
PARAMETRIC_REPRESENTATION_CONTEXT() REPRESENTATION_CONTEXT('2D SPACE',''
  ) );
#1465 = ORIENTED_EDGE('',*,*,#1466,.F.);
#1466 = EDGE_CURVE('',#420,#1444,#1467,.T.);
#1467 = SURFACE_CURVE('',#1468,(#1472,#1479),.PCURVE_S1.);
#1468 = LINE('',#1469,#1470);
#1469 = CARTESIAN_POINT('',(-3.439936983007,0.5,0.601989240419));
#1470 = VECTOR('',#1471,1.);
#1471 = DIRECTION('',(1.,0.,0.));
#1472 = PCURVE('',#83,#1473);
#1473 = DEFINITIONAL_REPRESENTATION('',(#1474),#1478);
#1474 = LINE('',#1475,#1476);
#1475 = CARTESIAN_POINT('',(-7.039936983007,0.560063016998));
#1476 = VECTOR('',#1477,1.);
#1477 = DIRECTION('',(1.,0.));
#1478 = ( GEOMETRIC_REPRESENTATION_CONTEXT(2) 
PARAMETRIC_REPRESENTATION_CONTEXT() REPRESENTATION_CONTEXT('2D SPACE',''
  ) );
#1479 = PCURVE('',#458,#1480);
#1480 = DEFINITIONAL_REPRESENTATION('',(#1481),#1485);
#1481 = LINE('',#1482,#1483);
#1482 = CARTESIAN_POINT('',(0.403003930184,-1.652436983007));
#1483 = VECTOR('',#1484,1.);
#1484 = DIRECTION('',(2.58033342768E-33,1.));
#1485 = ( GEOMETRIC_REPRESENTATION_CONTEXT(2) 
PARAMETRIC_REPRESENTATION_CONTEXT() REPRESENTATION_CONTEXT('2D SPACE',''
  ) );
#1486 = FACE_BOUND('',#1487,.T.);
#1487 = EDGE_LOOP('',(#1488,#1489));
#1488 = ORIENTED_EDGE('',*,*,#59,.T.);
#1489 = ORIENTED_EDGE('',*,*,#1410,.T.);
#1490 = ADVANCED_FACE('',(#1491),#458,.T.);
#1491 = FACE_BOUND('',#1492,.T.);
#1492 = EDGE_LOOP('',(#1493,#1494,#1517,#1538));
#1493 = ORIENTED_EDGE('',*,*,#1466,.T.);
#1494 = ORIENTED_EDGE('',*,*,#1495,.T.);
#1495 = EDGE_CURVE('',#1444,#1496,#1498,.T.);
#1496 = VERTEX_POINT('',#1497);
#1497 = CARTESIAN_POINT('',(3.575,-0.6,0.466926223426));
#1498 = SURFACE_CURVE('',#1499,(#1503,#1510),.PCURVE_S1.);
#1499 = LINE('',#1500,#1501);
#1500 = CARTESIAN_POINT('',(3.439936983007,0.5,0.601989240419));
#1501 = VECTOR('',#1502,1.);
#1502 = DIRECTION('',(0.120974291151,-0.985256536015,-0.120974291151));
#1503 = PCURVE('',#458,#1504);
#1504 = DEFINITIONAL_REPRESENTATION('',(#1505),#1509);
#1505 = LINE('',#1506,#1507);
#1506 = CARTESIAN_POINT('',(0.403003930184,5.227436983007));
#1507 = VECTOR('',#1508,1.);
#1508 = DIRECTION('',(-0.992655640633,0.120974291151));
#1509 = ( GEOMETRIC_REPRESENTATION_CONTEXT(2) 
PARAMETRIC_REPRESENTATION_CONTEXT() REPRESENTATION_CONTEXT('2D SPACE',''
  ) );
#1510 = PCURVE('',#382,#1511);
#1511 = DEFINITIONAL_REPRESENTATION('',(#1512),#1516);
#1512 = LINE('',#1513,#1514);
#1513 = CARTESIAN_POINT('',(0.403003930184,-0.977436983005));
#1514 = VECTOR('',#1515,1.);
#1515 = DIRECTION('',(-0.992655640633,-0.120974291151));
#1516 = ( GEOMETRIC_REPRESENTATION_CONTEXT(2) 
PARAMETRIC_REPRESENTATION_CONTEXT() REPRESENTATION_CONTEXT('2D SPACE',''
  ) );
#1517 = ORIENTED_EDGE('',*,*,#1518,.F.);
#1518 = EDGE_CURVE('',#443,#1496,#1519,.T.);
#1519 = SURFACE_CURVE('',#1520,(#1524,#1531),.PCURVE_S1.);
#1520 = LINE('',#1521,#1522);
#1521 = CARTESIAN_POINT('',(-3.575,-0.6,0.466926223426));
#1522 = VECTOR('',#1523,1.);
#1523 = DIRECTION('',(1.,0.,0.));
#1524 = PCURVE('',#458,#1525);
#1525 = DEFINITIONAL_REPRESENTATION('',(#1526),#1530);
#1526 = LINE('',#1527,#1528);
#1527 = CARTESIAN_POINT('',(-0.705256877821,-1.7875));
#1528 = VECTOR('',#1529,1.);
#1529 = DIRECTION('',(2.58033342768E-33,1.));
#1530 = ( GEOMETRIC_REPRESENTATION_CONTEXT(2) 
PARAMETRIC_REPRESENTATION_CONTEXT() REPRESENTATION_CONTEXT('2D SPACE',''
  ) );
#1531 = PCURVE('',#486,#1532);
#1532 = DEFINITIONAL_REPRESENTATION('',(#1533),#1537);
#1533 = LINE('',#1534,#1535);
#1534 = CARTESIAN_POINT('',(-3.575,-4.374999999995));
#1535 = VECTOR('',#1536,1.);
#1536 = DIRECTION('',(1.,0.));
#1537 = ( GEOMETRIC_REPRESENTATION_CONTEXT(2) 
PARAMETRIC_REPRESENTATION_CONTEXT() REPRESENTATION_CONTEXT('2D SPACE',''
  ) );
#1538 = ORIENTED_EDGE('',*,*,#442,.T.);
#1539 = ADVANCED_FACE('',(#1540),#382,.T.);
#1540 = FACE_BOUND('',#1541,.T.);
#1541 = EDGE_LOOP('',(#1542,#1543,#1566,#1594,#1615,#1616));
#1542 = ORIENTED_EDGE('',*,*,#366,.F.);
#1543 = ORIENTED_EDGE('',*,*,#1544,.T.);
#1544 = EDGE_CURVE('',#339,#1545,#1547,.T.);
#1545 = VERTEX_POINT('',#1546);
#1546 = CARTESIAN_POINT('',(3.403101614736,0.8,5.243555332425));
#1547 = SURFACE_CURVE('',#1548,(#1552,#1559),.PCURVE_S1.);
#1548 = LINE('',#1549,#1550);
#1549 = CARTESIAN_POINT('',(3.403101614736,0.8,4.078761591692));
#1550 = VECTOR('',#1551,1.);
#1551 = DIRECTION('',(0.,2.22044604925E-16,1.));
#1552 = PCURVE('',#382,#1553);
#1553 = DEFINITIONAL_REPRESENTATION('',(#1554),#1558);
#1554 = LINE('',#1555,#1556);
#1555 = CARTESIAN_POINT('',(0.705256877821,2.499335368268));
#1556 = VECTOR('',#1557,1.);
#1557 = DIRECTION('',(-1.450271470442E-28,1.));
#1558 = ( GEOMETRIC_REPRESENTATION_CONTEXT(2) 
PARAMETRIC_REPRESENTATION_CONTEXT() REPRESENTATION_CONTEXT('2D SPACE',''
  ) );
#1559 = PCURVE('',#354,#1560);
#1560 = DEFINITIONAL_REPRESENTATION('',(#1561),#1565);
#1561 = LINE('',#1562,#1563);
#1562 = CARTESIAN_POINT('',(3.403101614736,1.386835368271));
#1563 = VECTOR('',#1564,1.);
#1564 = DIRECTION('',(0.,1.));
#1565 = ( GEOMETRIC_REPRESENTATION_CONTEXT(2) 
PARAMETRIC_REPRESENTATION_CONTEXT() REPRESENTATION_CONTEXT('2D SPACE',''
  ) );
#1566 = ORIENTED_EDGE('',*,*,#1567,.T.);
#1567 = EDGE_CURVE('',#1545,#1568,#1570,.T.);
#1568 = VERTEX_POINT('',#1569);
#1569 = CARTESIAN_POINT('',(3.575,-0.6,5.316926223421));
#1570 = SURFACE_CURVE('',#1571,(#1575,#1582),.PCURVE_S1.);
#1571 = LINE('',#1572,#1573);
#1572 = CARTESIAN_POINT('',(3.403101614736,0.8,5.243555332425));
#1573 = VECTOR('',#1574,1.);
#1574 = DIRECTION('',(0.121704801254,-0.991206063359,5.194690859252E-02)
  );
#1575 = PCURVE('',#382,#1576);
#1576 = DEFINITIONAL_REPRESENTATION('',(#1577),#1581);
#1577 = LINE('',#1578,#1579);
#1578 = CARTESIAN_POINT('',(0.705256877821,3.664129109001));
#1579 = VECTOR('',#1580,1.);
#1580 = DIRECTION('',(-0.998649847888,5.194690859252E-02));
#1581 = ( GEOMETRIC_REPRESENTATION_CONTEXT(2) 
PARAMETRIC_REPRESENTATION_CONTEXT() REPRESENTATION_CONTEXT('2D SPACE',''
  ) );
#1582 = PCURVE('',#1583,#1588);
#1583 = PLANE('',#1584);
#1584 = AXIS2_PLACEMENT_3D('',#1585,#1586,#1587);
#1585 = CARTESIAN_POINT('',(1.7875,9.999999999981E-02,5.280240777923));
#1586 = DIRECTION('',(0.,5.233595624292E-02,0.998629534755));
#1587 = DIRECTION('',(0.,-0.998629534755,5.233595624292E-02));
#1588 = DEFINITIONAL_REPRESENTATION('',(#1589),#1593);
#1589 = LINE('',#1590,#1591);
#1590 = CARTESIAN_POINT('',(-0.700960642199,1.615601614736));
#1591 = VECTOR('',#1592,1.);
#1592 = DIRECTION('',(0.992566341033,0.121704801254));
#1593 = ( GEOMETRIC_REPRESENTATION_CONTEXT(2) 
PARAMETRIC_REPRESENTATION_CONTEXT() REPRESENTATION_CONTEXT('2D SPACE',''
  ) );
#1594 = ORIENTED_EDGE('',*,*,#1595,.F.);
#1595 = EDGE_CURVE('',#1496,#1568,#1596,.T.);
#1596 = SURFACE_CURVE('',#1597,(#1601,#1608),.PCURVE_S1.);
#1597 = LINE('',#1598,#1599);
#1598 = CARTESIAN_POINT('',(3.575,-0.6,0.466926223426));
#1599 = VECTOR('',#1600,1.);
#1600 = DIRECTION('',(0.,2.22044604925E-16,1.));
#1601 = PCURVE('',#382,#1602);
#1602 = DEFINITIONAL_REPRESENTATION('',(#1603),#1607);
#1603 = LINE('',#1604,#1605);
#1604 = CARTESIAN_POINT('',(-0.705256877821,-1.112499999998));
#1605 = VECTOR('',#1606,1.);
#1606 = DIRECTION('',(-1.450271470442E-28,1.));
#1607 = ( GEOMETRIC_REPRESENTATION_CONTEXT(2) 
PARAMETRIC_REPRESENTATION_CONTEXT() REPRESENTATION_CONTEXT('2D SPACE',''
  ) );
#1608 = PCURVE('',#486,#1609);
#1609 = DEFINITIONAL_REPRESENTATION('',(#1610),#1614);
#1610 = LINE('',#1611,#1612);
#1611 = CARTESIAN_POINT('',(3.575,-4.374999999995));
#1612 = VECTOR('',#1613,1.);
#1613 = DIRECTION('',(0.,1.));
#1614 = ( GEOMETRIC_REPRESENTATION_CONTEXT(2) 
PARAMETRIC_REPRESENTATION_CONTEXT() REPRESENTATION_CONTEXT('2D SPACE',''
  ) );
#1615 = ORIENTED_EDGE('',*,*,#1495,.F.);
#1616 = ORIENTED_EDGE('',*,*,#1443,.T.);
#1617 = ADVANCED_FACE('',(#1618),#1128,.T.);
#1618 = FACE_BOUND('',#1619,.T.);
#1619 = EDGE_LOOP('',(#1620,#1643,#1671,#1692));
#1620 = ORIENTED_EDGE('',*,*,#1621,.T.);
#1621 = EDGE_CURVE('',#1085,#1622,#1624,.T.);
#1622 = VERTEX_POINT('',#1623);
#1623 = CARTESIAN_POINT('',(-3.6,-0.8,5.331444667565));
#1624 = SURFACE_CURVE('',#1625,(#1629,#1636),.PCURVE_S1.);
#1625 = LINE('',#1626,#1627);
#1626 = CARTESIAN_POINT('',(-3.464936983007,-1.9,5.273796110353));
#1627 = VECTOR('',#1628,1.);
#1628 = DIRECTION('',(-0.121704801254,0.991206063359,5.194690859251E-02)
  );
#1629 = PCURVE('',#1128,#1630);
#1630 = DEFINITIONAL_REPRESENTATION('',(#1631),#1635);
#1631 = LINE('',#1632,#1633);
#1632 = CARTESIAN_POINT('',(0.554130404002,5.231869886932));
#1633 = VECTOR('',#1634,1.);
#1634 = DIRECTION('',(-0.998649847888,5.194690859251E-02));
#1635 = ( GEOMETRIC_REPRESENTATION_CONTEXT(2) 
PARAMETRIC_REPRESENTATION_CONTEXT() REPRESENTATION_CONTEXT('2D SPACE',''
  ) );
#1636 = PCURVE('',#1100,#1637);
#1637 = DEFINITIONAL_REPRESENTATION('',(#1638),#1642);
#1638 = LINE('',#1639,#1640);
#1639 = CARTESIAN_POINT('',(0.650892024899,-3.464936983007));
#1640 = VECTOR('',#1641,1.);
#1641 = DIRECTION('',(-0.992566341033,-0.121704801254));
#1642 = ( GEOMETRIC_REPRESENTATION_CONTEXT(2) 
PARAMETRIC_REPRESENTATION_CONTEXT() REPRESENTATION_CONTEXT('2D SPACE',''
  ) );
#1643 = ORIENTED_EDGE('',*,*,#1644,.T.);
#1644 = EDGE_CURVE('',#1622,#1645,#1647,.T.);
#1645 = VERTEX_POINT('',#1646);
#1646 = CARTESIAN_POINT('',(-3.6,-0.8,4.192622342117E-02));
#1647 = SURFACE_CURVE('',#1648,(#1652,#1659),.PCURVE_S1.);
#1648 = LINE('',#1649,#1650);
#1649 = CARTESIAN_POINT('',(-3.6,-0.8,5.331444667565));
#1650 = VECTOR('',#1651,1.);
#1651 = DIRECTION('',(0.,-2.22044604925E-16,-1.));
#1652 = PCURVE('',#1128,#1653);
#1653 = DEFINITIONAL_REPRESENTATION('',(#1654),#1658);
#1654 = LINE('',#1655,#1656);
#1655 = CARTESIAN_POINT('',(-0.554130404002,5.289518444144));
#1656 = VECTOR('',#1657,1.);
#1657 = DIRECTION('',(-1.450024951409E-28,-1.));
#1658 = ( GEOMETRIC_REPRESENTATION_CONTEXT(2) 
PARAMETRIC_REPRESENTATION_CONTEXT() REPRESENTATION_CONTEXT('2D SPACE',''
  ) );
#1659 = PCURVE('',#1660,#1665);
#1660 = PLANE('',#1661);
#1661 = AXIS2_PLACEMENT_3D('',#1662,#1663,#1664);
#1662 = CARTESIAN_POINT('',(-3.6,0.8,4.192622342117E-02));
#1663 = DIRECTION('',(-1.,0.,0.));
#1664 = DIRECTION('',(0.,-1.,2.22044604925E-16));
#1665 = DEFINITIONAL_REPRESENTATION('',(#1666),#1670);
#1666 = LINE('',#1667,#1668);
#1667 = CARTESIAN_POINT('',(1.6,5.289518444144));
#1668 = VECTOR('',#1669,1.);
#1669 = DIRECTION('',(0.,-1.));
#1670 = ( GEOMETRIC_REPRESENTATION_CONTEXT(2) 
PARAMETRIC_REPRESENTATION_CONTEXT() REPRESENTATION_CONTEXT('2D SPACE',''
  ) );
#1671 = ORIENTED_EDGE('',*,*,#1672,.T.);
#1672 = EDGE_CURVE('',#1645,#1113,#1673,.T.);
#1673 = SURFACE_CURVE('',#1674,(#1678,#1685),.PCURVE_S1.);
#1674 = LINE('',#1675,#1676);
#1675 = CARTESIAN_POINT('',(-3.6,-0.8,4.192622342117E-02));
#1676 = VECTOR('',#1677,1.);
#1677 = DIRECTION('',(0.121869343405,-0.992546151641,2.203895181112E-16)
  );
#1678 = PCURVE('',#1128,#1679);
#1679 = DEFINITIONAL_REPRESENTATION('',(#1680),#1684);
#1680 = LINE('',#1681,#1682);
#1681 = CARTESIAN_POINT('',(-0.554130404002,1.221245327088E-16));
#1682 = VECTOR('',#1683,1.);
#1683 = DIRECTION('',(1.,0.));
#1684 = ( GEOMETRIC_REPRESENTATION_CONTEXT(2) 
PARAMETRIC_REPRESENTATION_CONTEXT() REPRESENTATION_CONTEXT('2D SPACE',''
  ) );
#1685 = PCURVE('',#1156,#1686);
#1686 = DEFINITIONAL_REPRESENTATION('',(#1687),#1691);
#1687 = LINE('',#1688,#1689);
#1688 = CARTESIAN_POINT('',(-1.6,-7.2));
#1689 = VECTOR('',#1690,1.);
#1690 = DIRECTION('',(-0.992546151641,0.121869343405));
#1691 = ( GEOMETRIC_REPRESENTATION_CONTEXT(2) 
PARAMETRIC_REPRESENTATION_CONTEXT() REPRESENTATION_CONTEXT('2D SPACE',''
  ) );
#1692 = ORIENTED_EDGE('',*,*,#1112,.T.);
#1693 = ADVANCED_FACE('',(#1694),#1156,.T.);
#1694 = FACE_BOUND('',#1695,.T.);
#1695 = EDGE_LOOP('',(#1696,#1697,#1720,#1743,#1764));
#1696 = ORIENTED_EDGE('',*,*,#1672,.F.);
#1697 = ORIENTED_EDGE('',*,*,#1698,.F.);
#1698 = EDGE_CURVE('',#1699,#1645,#1701,.T.);
#1699 = VERTEX_POINT('',#1700);
#1700 = CARTESIAN_POINT('',(-3.6,-0.6,4.192622342117E-02));
#1701 = SURFACE_CURVE('',#1702,(#1706,#1713),.PCURVE_S1.);
#1702 = LINE('',#1703,#1704);
#1703 = CARTESIAN_POINT('',(-3.6,-0.6,4.192622342117E-02));
#1704 = VECTOR('',#1705,1.);
#1705 = DIRECTION('',(0.,-1.,2.22044604925E-16));
#1706 = PCURVE('',#1156,#1707);
#1707 = DEFINITIONAL_REPRESENTATION('',(#1708),#1712);
#1708 = LINE('',#1709,#1710);
#1709 = CARTESIAN_POINT('',(-1.4,-7.2));
#1710 = VECTOR('',#1711,1.);
#1711 = DIRECTION('',(-1.,0.));
#1712 = ( GEOMETRIC_REPRESENTATION_CONTEXT(2) 
PARAMETRIC_REPRESENTATION_CONTEXT() REPRESENTATION_CONTEXT('2D SPACE',''
  ) );
#1713 = PCURVE('',#1660,#1714);
#1714 = DEFINITIONAL_REPRESENTATION('',(#1715),#1719);
#1715 = LINE('',#1716,#1717);
#1716 = CARTESIAN_POINT('',(1.4,-3.10862446895E-16));
#1717 = VECTOR('',#1718,1.);
#1718 = DIRECTION('',(1.,0.));
#1719 = ( GEOMETRIC_REPRESENTATION_CONTEXT(2) 
PARAMETRIC_REPRESENTATION_CONTEXT() REPRESENTATION_CONTEXT('2D SPACE',''
  ) );
#1720 = ORIENTED_EDGE('',*,*,#1721,.T.);
#1721 = EDGE_CURVE('',#1699,#1722,#1724,.T.);
#1722 = VERTEX_POINT('',#1723);
#1723 = CARTESIAN_POINT('',(-2.755,-0.6,4.192622342117E-02));
#1724 = SURFACE_CURVE('',#1725,(#1729,#1736),.PCURVE_S1.);
#1725 = LINE('',#1726,#1727);
#1726 = CARTESIAN_POINT('',(-3.6,-0.6,4.192622342117E-02));
#1727 = VECTOR('',#1728,1.);
#1728 = DIRECTION('',(1.,0.,0.));
#1729 = PCURVE('',#1156,#1730);
#1730 = DEFINITIONAL_REPRESENTATION('',(#1731),#1735);
#1731 = LINE('',#1732,#1733);
#1732 = CARTESIAN_POINT('',(-1.4,-7.2));
#1733 = VECTOR('',#1734,1.);
#1734 = DIRECTION('',(0.,1.));
#1735 = ( GEOMETRIC_REPRESENTATION_CONTEXT(2) 
PARAMETRIC_REPRESENTATION_CONTEXT() REPRESENTATION_CONTEXT('2D SPACE',''
  ) );
#1736 = PCURVE('',#486,#1737);
#1737 = DEFINITIONAL_REPRESENTATION('',(#1738),#1742);
#1738 = LINE('',#1739,#1740);
#1739 = CARTESIAN_POINT('',(-3.6,-4.8));
#1740 = VECTOR('',#1741,1.);
#1741 = DIRECTION('',(1.,0.));
#1742 = ( GEOMETRIC_REPRESENTATION_CONTEXT(2) 
PARAMETRIC_REPRESENTATION_CONTEXT() REPRESENTATION_CONTEXT('2D SPACE',''
  ) );
#1743 = ORIENTED_EDGE('',*,*,#1744,.F.);
#1744 = EDGE_CURVE('',#1141,#1722,#1745,.T.);
#1745 = SURFACE_CURVE('',#1746,(#1750,#1757),.PCURVE_S1.);
#1746 = LINE('',#1747,#1748);
#1747 = CARTESIAN_POINT('',(-2.914619929174,-1.9,4.192622342117E-02));
#1748 = VECTOR('',#1749,1.);
#1749 = DIRECTION('',(0.121869343405,0.992546151641,-2.203895181112E-16)
  );
#1750 = PCURVE('',#1156,#1751);
#1751 = DEFINITIONAL_REPRESENTATION('',(#1752),#1756);
#1752 = LINE('',#1753,#1754);
#1753 = CARTESIAN_POINT('',(-2.7,-6.514619929174));
#1754 = VECTOR('',#1755,1.);
#1755 = DIRECTION('',(0.992546151641,0.121869343405));
#1756 = ( GEOMETRIC_REPRESENTATION_CONTEXT(2) 
PARAMETRIC_REPRESENTATION_CONTEXT() REPRESENTATION_CONTEXT('2D SPACE',''
  ) );
#1757 = PCURVE('',#1184,#1758);
#1758 = DEFINITIONAL_REPRESENTATION('',(#1759),#1763);
#1759 = LINE('',#1760,#1761);
#1760 = CARTESIAN_POINT('',(-0.654881386548,-2.160145673447E-12));
#1761 = VECTOR('',#1762,1.);
#1762 = DIRECTION('',(1.,0.));
#1763 = ( GEOMETRIC_REPRESENTATION_CONTEXT(2) 
PARAMETRIC_REPRESENTATION_CONTEXT() REPRESENTATION_CONTEXT('2D SPACE',''
  ) );
#1764 = ORIENTED_EDGE('',*,*,#1140,.T.);
#1765 = ADVANCED_FACE('',(#1766),#1184,.T.);
#1766 = FACE_BOUND('',#1767,.T.);
#1767 = EDGE_LOOP('',(#1768,#1769,#1792,#1813));
#1768 = ORIENTED_EDGE('',*,*,#1744,.T.);
#1769 = ORIENTED_EDGE('',*,*,#1770,.T.);
#1770 = EDGE_CURVE('',#1722,#1771,#1773,.T.);
#1771 = VERTEX_POINT('',#1772);
#1772 = CARTESIAN_POINT('',(-2.755,-0.6,0.441926223426));
#1773 = SURFACE_CURVE('',#1774,(#1778,#1785),.PCURVE_S1.);
#1774 = LINE('',#1775,#1776);
#1775 = CARTESIAN_POINT('',(-2.755,-0.6,4.192622342117E-02));
#1776 = VECTOR('',#1777,1.);
#1777 = DIRECTION('',(0.,2.22044604925E-16,1.));
#1778 = PCURVE('',#1184,#1779);
#1779 = DEFINITIONAL_REPRESENTATION('',(#1780),#1784);
#1780 = LINE('',#1781,#1782);
#1781 = CARTESIAN_POINT('',(0.654881386548,-2.15985701546E-12));
#1782 = VECTOR('',#1783,1.);
#1783 = DIRECTION('',(-1.450024951409E-28,1.));
#1784 = ( GEOMETRIC_REPRESENTATION_CONTEXT(2) 
PARAMETRIC_REPRESENTATION_CONTEXT() REPRESENTATION_CONTEXT('2D SPACE',''
  ) );
#1785 = PCURVE('',#486,#1786);
#1786 = DEFINITIONAL_REPRESENTATION('',(#1787),#1791);
#1787 = LINE('',#1788,#1789);
#1788 = CARTESIAN_POINT('',(-2.755,-4.8));
#1789 = VECTOR('',#1790,1.);
#1790 = DIRECTION('',(0.,1.));
#1791 = ( GEOMETRIC_REPRESENTATION_CONTEXT(2) 
PARAMETRIC_REPRESENTATION_CONTEXT() REPRESENTATION_CONTEXT('2D SPACE',''
  ) );
#1792 = ORIENTED_EDGE('',*,*,#1793,.F.);
#1793 = EDGE_CURVE('',#1169,#1771,#1794,.T.);
#1794 = SURFACE_CURVE('',#1795,(#1799,#1806),.PCURVE_S1.);
#1795 = LINE('',#1796,#1797);
#1796 = CARTESIAN_POINT('',(-2.914619929174,-1.9,0.6015461526));
#1797 = VECTOR('',#1798,1.);
#1798 = DIRECTION('',(0.120974291151,0.985256536015,-0.120974291151));
#1799 = PCURVE('',#1184,#1800);
#1800 = DEFINITIONAL_REPRESENTATION('',(#1801),#1805);
#1801 = LINE('',#1802,#1803);
#1802 = CARTESIAN_POINT('',(-0.654881386548,0.559619929177));
#1803 = VECTOR('',#1804,1.);
#1804 = DIRECTION('',(0.992655640633,-0.120974291151));
#1805 = ( GEOMETRIC_REPRESENTATION_CONTEXT(2) 
PARAMETRIC_REPRESENTATION_CONTEXT() REPRESENTATION_CONTEXT('2D SPACE',''
  ) );
#1806 = PCURVE('',#1212,#1807);
#1807 = DEFINITIONAL_REPRESENTATION('',(#1808),#1812);
#1808 = LINE('',#1809,#1810);
#1809 = CARTESIAN_POINT('',(-0.654881386548,-3.337119929174));
#1810 = VECTOR('',#1811,1.);
#1811 = DIRECTION('',(0.992655640633,0.120974291151));
#1812 = ( GEOMETRIC_REPRESENTATION_CONTEXT(2) 
PARAMETRIC_REPRESENTATION_CONTEXT() REPRESENTATION_CONTEXT('2D SPACE',''
  ) );
#1813 = ORIENTED_EDGE('',*,*,#1168,.T.);
#1814 = ADVANCED_FACE('',(#1815),#1240,.T.);
#1815 = FACE_BOUND('',#1816,.T.);
#1816 = EDGE_LOOP('',(#1817,#1840,#1841,#1864));
#1817 = ORIENTED_EDGE('',*,*,#1818,.T.);
#1818 = EDGE_CURVE('',#1819,#1225,#1821,.T.);
#1819 = VERTEX_POINT('',#1820);
#1820 = CARTESIAN_POINT('',(2.755,-0.6,4.192622342117E-02));
#1821 = SURFACE_CURVE('',#1822,(#1826,#1833),.PCURVE_S1.);
#1822 = LINE('',#1823,#1824);
#1823 = CARTESIAN_POINT('',(2.755,-0.6,4.192622342117E-02));
#1824 = VECTOR('',#1825,1.);
#1825 = DIRECTION('',(0.121869343405,-0.992546151641,2.203895181112E-16)
  );
#1826 = PCURVE('',#1240,#1827);
#1827 = DEFINITIONAL_REPRESENTATION('',(#1828),#1832);
#1828 = LINE('',#1829,#1830);
#1829 = CARTESIAN_POINT('',(-0.654881386548,-0.200000000003));
#1830 = VECTOR('',#1831,1.);
#1831 = DIRECTION('',(1.,0.));
#1832 = ( GEOMETRIC_REPRESENTATION_CONTEXT(2) 
PARAMETRIC_REPRESENTATION_CONTEXT() REPRESENTATION_CONTEXT('2D SPACE',''
  ) );
#1833 = PCURVE('',#881,#1834);
#1834 = DEFINITIONAL_REPRESENTATION('',(#1835),#1839);
#1835 = LINE('',#1836,#1837);
#1836 = CARTESIAN_POINT('',(-1.4,-0.845));
#1837 = VECTOR('',#1838,1.);
#1838 = DIRECTION('',(-0.992546151641,0.121869343405));
#1839 = ( GEOMETRIC_REPRESENTATION_CONTEXT(2) 
PARAMETRIC_REPRESENTATION_CONTEXT() REPRESENTATION_CONTEXT('2D SPACE',''
  ) );
#1840 = ORIENTED_EDGE('',*,*,#1224,.T.);
#1841 = ORIENTED_EDGE('',*,*,#1842,.F.);
#1842 = EDGE_CURVE('',#1843,#1197,#1845,.T.);
#1843 = VERTEX_POINT('',#1844);
#1844 = CARTESIAN_POINT('',(2.755,-0.6,0.441926223426));
#1845 = SURFACE_CURVE('',#1846,(#1850,#1857),.PCURVE_S1.);
#1846 = LINE('',#1847,#1848);
#1847 = CARTESIAN_POINT('',(2.755,-0.6,0.441926223426));
#1848 = VECTOR('',#1849,1.);
#1849 = DIRECTION('',(0.120974291151,-0.985256536015,0.120974291151));
#1850 = PCURVE('',#1240,#1851);
#1851 = DEFINITIONAL_REPRESENTATION('',(#1852),#1856);
#1852 = LINE('',#1853,#1854);
#1853 = CARTESIAN_POINT('',(-0.654881386548,0.200000000002));
#1854 = VECTOR('',#1855,1.);
#1855 = DIRECTION('',(0.992655640633,0.120974291151));
#1856 = ( GEOMETRIC_REPRESENTATION_CONTEXT(2) 
PARAMETRIC_REPRESENTATION_CONTEXT() REPRESENTATION_CONTEXT('2D SPACE',''
  ) );
#1857 = PCURVE('',#1212,#1858);
#1858 = DEFINITIONAL_REPRESENTATION('',(#1859),#1863);
#1859 = LINE('',#1860,#1861);
#1860 = CARTESIAN_POINT('',(0.654881386548,2.3325));
#1861 = VECTOR('',#1862,1.);
#1862 = DIRECTION('',(-0.992655640633,0.120974291151));
#1863 = ( GEOMETRIC_REPRESENTATION_CONTEXT(2) 
PARAMETRIC_REPRESENTATION_CONTEXT() REPRESENTATION_CONTEXT('2D SPACE',''
  ) );
#1864 = ORIENTED_EDGE('',*,*,#1865,.T.);
#1865 = EDGE_CURVE('',#1843,#1819,#1866,.T.);
#1866 = SURFACE_CURVE('',#1867,(#1871,#1878),.PCURVE_S1.);
#1867 = LINE('',#1868,#1869);
#1868 = CARTESIAN_POINT('',(2.755,-0.6,0.441926223426));
#1869 = VECTOR('',#1870,1.);
#1870 = DIRECTION('',(2.842171E-13,-2.22044604925E-16,-1.));
#1871 = PCURVE('',#1240,#1872);
#1872 = DEFINITIONAL_REPRESENTATION('',(#1873),#1877);
#1873 = LINE('',#1874,#1875);
#1874 = CARTESIAN_POINT('',(-0.654881386548,0.200000000002));
#1875 = VECTOR('',#1876,1.);
#1876 = DIRECTION('',(3.463735136148E-14,-1.));
#1877 = ( GEOMETRIC_REPRESENTATION_CONTEXT(2) 
PARAMETRIC_REPRESENTATION_CONTEXT() REPRESENTATION_CONTEXT('2D SPACE',''
  ) );
#1878 = PCURVE('',#486,#1879);
#1879 = DEFINITIONAL_REPRESENTATION('',(#1880),#1884);
#1880 = LINE('',#1881,#1882);
#1881 = CARTESIAN_POINT('',(2.755,-4.399999999995));
#1882 = VECTOR('',#1883,1.);
#1883 = DIRECTION('',(2.842171E-13,-1.));
#1884 = ( GEOMETRIC_REPRESENTATION_CONTEXT(2) 
PARAMETRIC_REPRESENTATION_CONTEXT() REPRESENTATION_CONTEXT('2D SPACE',''
  ) );
#1885 = ADVANCED_FACE('',(#1886),#1212,.T.);
#1886 = FACE_BOUND('',#1887,.T.);
#1887 = EDGE_LOOP('',(#1888,#1909,#1910,#1911));
#1888 = ORIENTED_EDGE('',*,*,#1889,.T.);
#1889 = EDGE_CURVE('',#1771,#1843,#1890,.T.);
#1890 = SURFACE_CURVE('',#1891,(#1895,#1902),.PCURVE_S1.);
#1891 = LINE('',#1892,#1893);
#1892 = CARTESIAN_POINT('',(-2.755,-0.6,0.441926223426));
#1893 = VECTOR('',#1894,1.);
#1894 = DIRECTION('',(1.,0.,0.));
#1895 = PCURVE('',#1212,#1896);
#1896 = DEFINITIONAL_REPRESENTATION('',(#1897),#1901);
#1897 = LINE('',#1898,#1899);
#1898 = CARTESIAN_POINT('',(0.654881386548,-3.1775));
#1899 = VECTOR('',#1900,1.);
#1900 = DIRECTION('',(0.,1.));
#1901 = ( GEOMETRIC_REPRESENTATION_CONTEXT(2) 
PARAMETRIC_REPRESENTATION_CONTEXT() REPRESENTATION_CONTEXT('2D SPACE',''
  ) );
#1902 = PCURVE('',#486,#1903);
#1903 = DEFINITIONAL_REPRESENTATION('',(#1904),#1908);
#1904 = LINE('',#1905,#1906);
#1905 = CARTESIAN_POINT('',(-2.755,-4.399999999995));
#1906 = VECTOR('',#1907,1.);
#1907 = DIRECTION('',(1.,0.));
#1908 = ( GEOMETRIC_REPRESENTATION_CONTEXT(2) 
PARAMETRIC_REPRESENTATION_CONTEXT() REPRESENTATION_CONTEXT('2D SPACE',''
  ) );
#1909 = ORIENTED_EDGE('',*,*,#1842,.T.);
#1910 = ORIENTED_EDGE('',*,*,#1196,.T.);
#1911 = ORIENTED_EDGE('',*,*,#1793,.T.);
#1912 = ADVANCED_FACE('',(#1913),#1100,.T.);
#1913 = FACE_BOUND('',#1914,.T.);
#1914 = EDGE_LOOP('',(#1915,#1916,#1917,#1940,#1963));
#1915 = ORIENTED_EDGE('',*,*,#1621,.F.);
#1916 = ORIENTED_EDGE('',*,*,#1084,.T.);
#1917 = ORIENTED_EDGE('',*,*,#1918,.T.);
#1918 = EDGE_CURVE('',#1057,#1919,#1921,.T.);
#1919 = VERTEX_POINT('',#1920);
#1920 = CARTESIAN_POINT('',(-2.65,-0.6,5.341926223421));
#1921 = SURFACE_CURVE('',#1922,(#1926,#1933),.PCURVE_S1.);
#1922 = LINE('',#1923,#1924);
#1923 = CARTESIAN_POINT('',(-2.65,-1.9,5.273796110353));
#1924 = VECTOR('',#1925,1.);
#1925 = DIRECTION('',(0.,0.998629534755,5.233595624292E-02));
#1926 = PCURVE('',#1100,#1927);
#1927 = DEFINITIONAL_REPRESENTATION('',(#1928),#1932);
#1928 = LINE('',#1929,#1930);
#1929 = CARTESIAN_POINT('',(0.650892024899,-2.65));
#1930 = VECTOR('',#1931,1.);
#1931 = DIRECTION('',(-1.,0.));
#1932 = ( GEOMETRIC_REPRESENTATION_CONTEXT(2) 
PARAMETRIC_REPRESENTATION_CONTEXT() REPRESENTATION_CONTEXT('2D SPACE',''
  ) );
#1933 = PCURVE('',#1072,#1934);
#1934 = DEFINITIONAL_REPRESENTATION('',(#1935),#1939);
#1935 = LINE('',#1936,#1937);
#1936 = CARTESIAN_POINT('',(2.7,0.231869886932));
#1937 = VECTOR('',#1938,1.);
#1938 = DIRECTION('',(-0.998629534755,5.233595624292E-02));
#1939 = ( GEOMETRIC_REPRESENTATION_CONTEXT(2) 
PARAMETRIC_REPRESENTATION_CONTEXT() REPRESENTATION_CONTEXT('2D SPACE',''
  ) );
#1940 = ORIENTED_EDGE('',*,*,#1941,.T.);
#1941 = EDGE_CURVE('',#1919,#1942,#1944,.T.);
#1942 = VERTEX_POINT('',#1943);
#1943 = CARTESIAN_POINT('',(-3.6,-0.6,5.341926223421));
#1944 = SURFACE_CURVE('',#1945,(#1949,#1956),.PCURVE_S1.);
#1945 = LINE('',#1946,#1947);
#1946 = CARTESIAN_POINT('',(-2.65,-0.6,5.341926223421));
#1947 = VECTOR('',#1948,1.);
#1948 = DIRECTION('',(-1.,0.,0.));
#1949 = PCURVE('',#1100,#1950);
#1950 = DEFINITIONAL_REPRESENTATION('',(#1951),#1955);
#1951 = LINE('',#1952,#1953);
#1952 = CARTESIAN_POINT('',(-0.650892024899,-2.65));
#1953 = VECTOR('',#1954,1.);
#1954 = DIRECTION('',(-0.,-1.));
#1955 = ( GEOMETRIC_REPRESENTATION_CONTEXT(2) 
PARAMETRIC_REPRESENTATION_CONTEXT() REPRESENTATION_CONTEXT('2D SPACE',''
  ) );
#1956 = PCURVE('',#486,#1957);
#1957 = DEFINITIONAL_REPRESENTATION('',(#1958),#1962);
#1958 = LINE('',#1959,#1960);
#1959 = CARTESIAN_POINT('',(-2.65,0.5));
#1960 = VECTOR('',#1961,1.);
#1961 = DIRECTION('',(-1.,0.));
#1962 = ( GEOMETRIC_REPRESENTATION_CONTEXT(2) 
PARAMETRIC_REPRESENTATION_CONTEXT() REPRESENTATION_CONTEXT('2D SPACE',''
  ) );
#1963 = ORIENTED_EDGE('',*,*,#1964,.T.);
#1964 = EDGE_CURVE('',#1942,#1622,#1965,.T.);
#1965 = SURFACE_CURVE('',#1966,(#1970,#1977),.PCURVE_S1.);
#1966 = LINE('',#1967,#1968);
#1967 = CARTESIAN_POINT('',(-3.6,-0.6,5.341926223421));
#1968 = VECTOR('',#1969,1.);
#1969 = DIRECTION('',(0.,-0.998629534755,-5.233595624292E-02));
#1970 = PCURVE('',#1100,#1971);
#1971 = DEFINITIONAL_REPRESENTATION('',(#1972),#1976);
#1972 = LINE('',#1973,#1974);
#1973 = CARTESIAN_POINT('',(-0.650892024899,-3.6));
#1974 = VECTOR('',#1975,1.);
#1975 = DIRECTION('',(1.,0.));
#1976 = ( GEOMETRIC_REPRESENTATION_CONTEXT(2) 
PARAMETRIC_REPRESENTATION_CONTEXT() REPRESENTATION_CONTEXT('2D SPACE',''
  ) );
#1977 = PCURVE('',#1660,#1978);
#1978 = DEFINITIONAL_REPRESENTATION('',(#1979),#1983);
#1979 = LINE('',#1980,#1981);
#1980 = CARTESIAN_POINT('',(1.4,5.3));
#1981 = VECTOR('',#1982,1.);
#1982 = DIRECTION('',(0.998629534755,-5.233595624292E-02));
#1983 = ( GEOMETRIC_REPRESENTATION_CONTEXT(2) 
PARAMETRIC_REPRESENTATION_CONTEXT() REPRESENTATION_CONTEXT('2D SPACE',''
  ) );
#1984 = ADVANCED_FACE('',(#1985),#1660,.T.);
#1985 = FACE_BOUND('',#1986,.T.);
#1986 = EDGE_LOOP('',(#1987,#1988,#1989,#2010));
#1987 = ORIENTED_EDGE('',*,*,#1644,.F.);
#1988 = ORIENTED_EDGE('',*,*,#1964,.F.);
#1989 = ORIENTED_EDGE('',*,*,#1990,.T.);
#1990 = EDGE_CURVE('',#1942,#1699,#1991,.T.);
#1991 = SURFACE_CURVE('',#1992,(#1996,#2003),.PCURVE_S1.);
#1992 = LINE('',#1993,#1994);
#1993 = CARTESIAN_POINT('',(-3.6,-0.6,5.341926223421));
#1994 = VECTOR('',#1995,1.);
#1995 = DIRECTION('',(0.,-2.22044604925E-16,-1.));
#1996 = PCURVE('',#1660,#1997);
#1997 = DEFINITIONAL_REPRESENTATION('',(#1998),#2002);
#1998 = LINE('',#1999,#2000);
#1999 = CARTESIAN_POINT('',(1.4,5.3));
#2000 = VECTOR('',#2001,1.);
#2001 = DIRECTION('',(0.,-1.));
#2002 = ( GEOMETRIC_REPRESENTATION_CONTEXT(2) 
PARAMETRIC_REPRESENTATION_CONTEXT() REPRESENTATION_CONTEXT('2D SPACE',''
  ) );
#2003 = PCURVE('',#486,#2004);
#2004 = DEFINITIONAL_REPRESENTATION('',(#2005),#2009);
#2005 = LINE('',#2006,#2007);
#2006 = CARTESIAN_POINT('',(-3.6,0.5));
#2007 = VECTOR('',#2008,1.);
#2008 = DIRECTION('',(0.,-1.));
#2009 = ( GEOMETRIC_REPRESENTATION_CONTEXT(2) 
PARAMETRIC_REPRESENTATION_CONTEXT() REPRESENTATION_CONTEXT('2D SPACE',''
  ) );
#2010 = ORIENTED_EDGE('',*,*,#1698,.T.);
#2011 = ADVANCED_FACE('',(#2012),#937,.T.);
#2012 = FACE_BOUND('',#2013,.T.);
#2013 = EDGE_LOOP('',(#2014,#2015,#2038,#2061,#2082));
#2014 = ORIENTED_EDGE('',*,*,#921,.F.);
#2015 = ORIENTED_EDGE('',*,*,#2016,.T.);
#2016 = EDGE_CURVE('',#894,#2017,#2019,.T.);
#2017 = VERTEX_POINT('',#2018);
#2018 = CARTESIAN_POINT('',(3.6,-0.6,5.341926223421));
#2019 = SURFACE_CURVE('',#2020,(#2024,#2031),.PCURVE_S1.);
#2020 = LINE('',#2021,#2022);
#2021 = CARTESIAN_POINT('',(3.6,-0.8,5.331444667565));
#2022 = VECTOR('',#2023,1.);
#2023 = DIRECTION('',(0.,0.998629534755,5.233595624292E-02));
#2024 = PCURVE('',#937,#2025);
#2025 = DEFINITIONAL_REPRESENTATION('',(#2026),#2030);
#2026 = LINE('',#2027,#2028);
#2027 = CARTESIAN_POINT('',(-0.450617555699,3.6));
#2028 = VECTOR('',#2029,1.);
#2029 = DIRECTION('',(-1.,0.));
#2030 = ( GEOMETRIC_REPRESENTATION_CONTEXT(2) 
PARAMETRIC_REPRESENTATION_CONTEXT() REPRESENTATION_CONTEXT('2D SPACE',''
  ) );
#2031 = PCURVE('',#909,#2032);
#2032 = DEFINITIONAL_REPRESENTATION('',(#2033),#2037);
#2033 = LINE('',#2034,#2035);
#2034 = CARTESIAN_POINT('',(-1.6,-1.0481555856E-02));
#2035 = VECTOR('',#2036,1.);
#2036 = DIRECTION('',(0.998629534755,5.233595624292E-02));
#2037 = ( GEOMETRIC_REPRESENTATION_CONTEXT(2) 
PARAMETRIC_REPRESENTATION_CONTEXT() REPRESENTATION_CONTEXT('2D SPACE',''
  ) );
#2038 = ORIENTED_EDGE('',*,*,#2039,.T.);
#2039 = EDGE_CURVE('',#2017,#2040,#2042,.T.);
#2040 = VERTEX_POINT('',#2041);
#2041 = CARTESIAN_POINT('',(2.65,-0.6,5.341926223421));
#2042 = SURFACE_CURVE('',#2043,(#2047,#2054),.PCURVE_S1.);
#2043 = LINE('',#2044,#2045);
#2044 = CARTESIAN_POINT('',(3.6,-0.6,5.341926223421));
#2045 = VECTOR('',#2046,1.);
#2046 = DIRECTION('',(-1.,0.,0.));
#2047 = PCURVE('',#937,#2048);
#2048 = DEFINITIONAL_REPRESENTATION('',(#2049),#2053);
#2049 = LINE('',#2050,#2051);
#2050 = CARTESIAN_POINT('',(-0.650892024899,3.6));
#2051 = VECTOR('',#2052,1.);
#2052 = DIRECTION('',(-0.,-1.));
#2053 = ( GEOMETRIC_REPRESENTATION_CONTEXT(2) 
PARAMETRIC_REPRESENTATION_CONTEXT() REPRESENTATION_CONTEXT('2D SPACE',''
  ) );
#2054 = PCURVE('',#486,#2055);
#2055 = DEFINITIONAL_REPRESENTATION('',(#2056),#2060);
#2056 = LINE('',#2057,#2058);
#2057 = CARTESIAN_POINT('',(3.6,0.5));
#2058 = VECTOR('',#2059,1.);
#2059 = DIRECTION('',(-1.,0.));
#2060 = ( GEOMETRIC_REPRESENTATION_CONTEXT(2) 
PARAMETRIC_REPRESENTATION_CONTEXT() REPRESENTATION_CONTEXT('2D SPACE',''
  ) );
#2061 = ORIENTED_EDGE('',*,*,#2062,.T.);
#2062 = EDGE_CURVE('',#2040,#978,#2063,.T.);
#2063 = SURFACE_CURVE('',#2064,(#2068,#2075),.PCURVE_S1.);
#2064 = LINE('',#2065,#2066);
#2065 = CARTESIAN_POINT('',(2.65,-0.6,5.341926223421));
#2066 = VECTOR('',#2067,1.);
#2067 = DIRECTION('',(0.,-0.998629534755,-5.233595624292E-02));
#2068 = PCURVE('',#937,#2069);
#2069 = DEFINITIONAL_REPRESENTATION('',(#2070),#2074);
#2070 = LINE('',#2071,#2072);
#2071 = CARTESIAN_POINT('',(-0.650892024899,2.65));
#2072 = VECTOR('',#2073,1.);
#2073 = DIRECTION('',(1.,0.));
#2074 = ( GEOMETRIC_REPRESENTATION_CONTEXT(2) 
PARAMETRIC_REPRESENTATION_CONTEXT() REPRESENTATION_CONTEXT('2D SPACE',''
  ) );
#2075 = PCURVE('',#1016,#2076);
#2076 = DEFINITIONAL_REPRESENTATION('',(#2077),#2081);
#2077 = LINE('',#2078,#2079);
#2078 = CARTESIAN_POINT('',(-1.4,-3.10862446895E-16));
#2079 = VECTOR('',#2080,1.);
#2080 = DIRECTION('',(-0.998629534755,-5.233595624292E-02));
#2081 = ( GEOMETRIC_REPRESENTATION_CONTEXT(2) 
PARAMETRIC_REPRESENTATION_CONTEXT() REPRESENTATION_CONTEXT('2D SPACE',''
  ) );
#2082 = ORIENTED_EDGE('',*,*,#977,.T.);
#2083 = ADVANCED_FACE('',(#2084),#909,.T.);
#2084 = FACE_BOUND('',#2085,.T.);
#2085 = EDGE_LOOP('',(#2086,#2087,#2110,#2131));
#2086 = ORIENTED_EDGE('',*,*,#893,.F.);
#2087 = ORIENTED_EDGE('',*,*,#2088,.F.);
#2088 = EDGE_CURVE('',#2089,#866,#2091,.T.);
#2089 = VERTEX_POINT('',#2090);
#2090 = CARTESIAN_POINT('',(3.6,-0.6,4.192622342117E-02));
#2091 = SURFACE_CURVE('',#2092,(#2096,#2103),.PCURVE_S1.);
#2092 = LINE('',#2093,#2094);
#2093 = CARTESIAN_POINT('',(3.6,-0.6,4.192622342117E-02));
#2094 = VECTOR('',#2095,1.);
#2095 = DIRECTION('',(0.,-1.,2.22044604925E-16));
#2096 = PCURVE('',#909,#2097);
#2097 = DEFINITIONAL_REPRESENTATION('',(#2098),#2102);
#2098 = LINE('',#2099,#2100);
#2099 = CARTESIAN_POINT('',(-1.4,-5.3));
#2100 = VECTOR('',#2101,1.);
#2101 = DIRECTION('',(-1.,0.));
#2102 = ( GEOMETRIC_REPRESENTATION_CONTEXT(2) 
PARAMETRIC_REPRESENTATION_CONTEXT() REPRESENTATION_CONTEXT('2D SPACE',''
  ) );
#2103 = PCURVE('',#881,#2104);
#2104 = DEFINITIONAL_REPRESENTATION('',(#2105),#2109);
#2105 = LINE('',#2106,#2107);
#2106 = CARTESIAN_POINT('',(-1.4,0.));
#2107 = VECTOR('',#2108,1.);
#2108 = DIRECTION('',(-1.,0.));
#2109 = ( GEOMETRIC_REPRESENTATION_CONTEXT(2) 
PARAMETRIC_REPRESENTATION_CONTEXT() REPRESENTATION_CONTEXT('2D SPACE',''
  ) );
#2110 = ORIENTED_EDGE('',*,*,#2111,.T.);
#2111 = EDGE_CURVE('',#2089,#2017,#2112,.T.);
#2112 = SURFACE_CURVE('',#2113,(#2117,#2124),.PCURVE_S1.);
#2113 = LINE('',#2114,#2115);
#2114 = CARTESIAN_POINT('',(3.6,-0.6,4.192622342117E-02));
#2115 = VECTOR('',#2116,1.);
#2116 = DIRECTION('',(0.,2.22044604925E-16,1.));
#2117 = PCURVE('',#909,#2118);
#2118 = DEFINITIONAL_REPRESENTATION('',(#2119),#2123);
#2119 = LINE('',#2120,#2121);
#2120 = CARTESIAN_POINT('',(-1.4,-5.3));
#2121 = VECTOR('',#2122,1.);
#2122 = DIRECTION('',(0.,1.));
#2123 = ( GEOMETRIC_REPRESENTATION_CONTEXT(2) 
PARAMETRIC_REPRESENTATION_CONTEXT() REPRESENTATION_CONTEXT('2D SPACE',''
  ) );
#2124 = PCURVE('',#486,#2125);
#2125 = DEFINITIONAL_REPRESENTATION('',(#2126),#2130);
#2126 = LINE('',#2127,#2128);
#2127 = CARTESIAN_POINT('',(3.6,-4.8));
#2128 = VECTOR('',#2129,1.);
#2129 = DIRECTION('',(0.,1.));
#2130 = ( GEOMETRIC_REPRESENTATION_CONTEXT(2) 
PARAMETRIC_REPRESENTATION_CONTEXT() REPRESENTATION_CONTEXT('2D SPACE',''
  ) );
#2131 = ORIENTED_EDGE('',*,*,#2016,.F.);
#2132 = ADVANCED_FACE('',(#2133),#1044,.T.);
#2133 = FACE_BOUND('',#2134,.T.);
#2134 = EDGE_LOOP('',(#2135,#2158,#2186,#2207));
#2135 = ORIENTED_EDGE('',*,*,#2136,.F.);
#2136 = EDGE_CURVE('',#2137,#1001,#2139,.T.);
#2137 = VERTEX_POINT('',#2138);
#2138 = CARTESIAN_POINT('',(2.65,-0.8,5.041926223421));
#2139 = SURFACE_CURVE('',#2140,(#2144,#2151),.PCURVE_S1.);
#2140 = LINE('',#2141,#2142);
#2141 = CARTESIAN_POINT('',(2.65,-0.8,5.041926223421));
#2142 = VECTOR('',#2143,1.);
#2143 = DIRECTION('',(0.,-0.939692620786,-0.342020143326));
#2144 = PCURVE('',#1044,#2145);
#2145 = DEFINITIONAL_REPRESENTATION('',(#2146),#2150);
#2146 = LINE('',#2147,#2148);
#2147 = CARTESIAN_POINT('',(-0.585297774862,-0.475));
#2148 = VECTOR('',#2149,1.);
#2149 = DIRECTION('',(1.,1.136899131079E-32));
#2150 = ( GEOMETRIC_REPRESENTATION_CONTEXT(2) 
PARAMETRIC_REPRESENTATION_CONTEXT() REPRESENTATION_CONTEXT('2D SPACE',''
  ) );
#2151 = PCURVE('',#1016,#2152);
#2152 = DEFINITIONAL_REPRESENTATION('',(#2153),#2157);
#2153 = LINE('',#2154,#2155);
#2154 = CARTESIAN_POINT('',(-1.6,-0.3));
#2155 = VECTOR('',#2156,1.);
#2156 = DIRECTION('',(-0.939692620786,-0.342020143326));
#2157 = ( GEOMETRIC_REPRESENTATION_CONTEXT(2) 
PARAMETRIC_REPRESENTATION_CONTEXT() REPRESENTATION_CONTEXT('2D SPACE',''
  ) );
#2158 = ORIENTED_EDGE('',*,*,#2159,.T.);
#2159 = EDGE_CURVE('',#2137,#2160,#2162,.T.);
#2160 = VERTEX_POINT('',#2161);
#2161 = CARTESIAN_POINT('',(-2.65,-0.8,5.041926223421));
#2162 = SURFACE_CURVE('',#2163,(#2167,#2174),.PCURVE_S1.);
#2163 = LINE('',#2164,#2165);
#2164 = CARTESIAN_POINT('',(2.65,-0.8,5.041926223421));
#2165 = VECTOR('',#2166,1.);
#2166 = DIRECTION('',(-1.,0.,0.));
#2167 = PCURVE('',#1044,#2168);
#2168 = DEFINITIONAL_REPRESENTATION('',(#2169),#2173);
#2169 = LINE('',#2170,#2171);
#2170 = CARTESIAN_POINT('',(-0.585297774862,-0.475));
#2171 = VECTOR('',#2172,1.);
#2172 = DIRECTION('',(2.904212407393E-33,-1.));
#2173 = ( GEOMETRIC_REPRESENTATION_CONTEXT(2) 
PARAMETRIC_REPRESENTATION_CONTEXT() REPRESENTATION_CONTEXT('2D SPACE',''
  ) );
#2174 = PCURVE('',#2175,#2180);
#2175 = PLANE('',#2176);
#2176 = AXIS2_PLACEMENT_3D('',#2177,#2178,#2179);
#2177 = CARTESIAN_POINT('',(2.65,0.8,5.041926223421));
#2178 = DIRECTION('',(0.,-2.22044604925E-16,-1.));
#2179 = DIRECTION('',(0.,1.,-2.22044604925E-16));
#2180 = DEFINITIONAL_REPRESENTATION('',(#2181),#2185);
#2181 = LINE('',#2182,#2183);
#2182 = CARTESIAN_POINT('',(-1.6,0.));
#2183 = VECTOR('',#2184,1.);
#2184 = DIRECTION('',(0.,-1.));
#2185 = ( GEOMETRIC_REPRESENTATION_CONTEXT(2) 
PARAMETRIC_REPRESENTATION_CONTEXT() REPRESENTATION_CONTEXT('2D SPACE',''
  ) );
#2186 = ORIENTED_EDGE('',*,*,#2187,.F.);
#2187 = EDGE_CURVE('',#1029,#2160,#2188,.T.);
#2188 = SURFACE_CURVE('',#2189,(#2193,#2200),.PCURVE_S1.);
#2189 = LINE('',#2190,#2191);
#2190 = CARTESIAN_POINT('',(-2.65,-1.9,4.641558965728));
#2191 = VECTOR('',#2192,1.);
#2192 = DIRECTION('',(3.793702999999E-16,0.939692620786,0.342020143326)
  );
#2193 = PCURVE('',#1044,#2194);
#2194 = DEFINITIONAL_REPRESENTATION('',(#2195),#2199);
#2195 = LINE('',#2196,#2197);
#2196 = CARTESIAN_POINT('',(0.585297774862,-5.775));
#2197 = VECTOR('',#2198,1.);
#2198 = DIRECTION('',(-1.,3.793702999999E-16));
#2199 = ( GEOMETRIC_REPRESENTATION_CONTEXT(2) 
PARAMETRIC_REPRESENTATION_CONTEXT() REPRESENTATION_CONTEXT('2D SPACE',''
  ) );
#2200 = PCURVE('',#1072,#2201);
#2201 = DEFINITIONAL_REPRESENTATION('',(#2202),#2206);
#2202 = LINE('',#2203,#2204);
#2203 = CARTESIAN_POINT('',(2.7,-0.400367257693));
#2204 = VECTOR('',#2205,1.);
#2205 = DIRECTION('',(-0.939692620786,0.342020143326));
#2206 = ( GEOMETRIC_REPRESENTATION_CONTEXT(2) 
PARAMETRIC_REPRESENTATION_CONTEXT() REPRESENTATION_CONTEXT('2D SPACE',''
  ) );
#2207 = ORIENTED_EDGE('',*,*,#1028,.T.);
#2208 = ADVANCED_FACE('',(#2209),#2175,.F.);
#2209 = FACE_BOUND('',#2210,.T.);
#2210 = EDGE_LOOP('',(#2211,#2212,#2235,#2258));
#2211 = ORIENTED_EDGE('',*,*,#2159,.F.);
#2212 = ORIENTED_EDGE('',*,*,#2213,.F.);
#2213 = EDGE_CURVE('',#2214,#2137,#2216,.T.);
#2214 = VERTEX_POINT('',#2215);
#2215 = CARTESIAN_POINT('',(2.65,-0.6,5.041926223421));
#2216 = SURFACE_CURVE('',#2217,(#2221,#2228),.PCURVE_S1.);
#2217 = LINE('',#2218,#2219);
#2218 = CARTESIAN_POINT('',(2.65,-0.6,5.041926223421));
#2219 = VECTOR('',#2220,1.);
#2220 = DIRECTION('',(0.,-1.,2.22044604925E-16));
#2221 = PCURVE('',#2175,#2222);
#2222 = DEFINITIONAL_REPRESENTATION('',(#2223),#2227);
#2223 = LINE('',#2224,#2225);
#2224 = CARTESIAN_POINT('',(-1.4,0.));
#2225 = VECTOR('',#2226,1.);
#2226 = DIRECTION('',(-1.,0.));
#2227 = ( GEOMETRIC_REPRESENTATION_CONTEXT(2) 
PARAMETRIC_REPRESENTATION_CONTEXT() REPRESENTATION_CONTEXT('2D SPACE',''
  ) );
#2228 = PCURVE('',#1016,#2229);
#2229 = DEFINITIONAL_REPRESENTATION('',(#2230),#2234);
#2230 = LINE('',#2231,#2232);
#2231 = CARTESIAN_POINT('',(-1.4,-0.3));
#2232 = VECTOR('',#2233,1.);
#2233 = DIRECTION('',(-1.,0.));
#2234 = ( GEOMETRIC_REPRESENTATION_CONTEXT(2) 
PARAMETRIC_REPRESENTATION_CONTEXT() REPRESENTATION_CONTEXT('2D SPACE',''
  ) );
#2235 = ORIENTED_EDGE('',*,*,#2236,.T.);
#2236 = EDGE_CURVE('',#2214,#2237,#2239,.T.);
#2237 = VERTEX_POINT('',#2238);
#2238 = CARTESIAN_POINT('',(-2.65,-0.6,5.041926223421));
#2239 = SURFACE_CURVE('',#2240,(#2244,#2251),.PCURVE_S1.);
#2240 = LINE('',#2241,#2242);
#2241 = CARTESIAN_POINT('',(2.65,-0.6,5.041926223421));
#2242 = VECTOR('',#2243,1.);
#2243 = DIRECTION('',(-1.,0.,0.));
#2244 = PCURVE('',#2175,#2245);
#2245 = DEFINITIONAL_REPRESENTATION('',(#2246),#2250);
#2246 = LINE('',#2247,#2248);
#2247 = CARTESIAN_POINT('',(-1.4,0.));
#2248 = VECTOR('',#2249,1.);
#2249 = DIRECTION('',(0.,-1.));
#2250 = ( GEOMETRIC_REPRESENTATION_CONTEXT(2) 
PARAMETRIC_REPRESENTATION_CONTEXT() REPRESENTATION_CONTEXT('2D SPACE',''
  ) );
#2251 = PCURVE('',#486,#2252);
#2252 = DEFINITIONAL_REPRESENTATION('',(#2253),#2257);
#2253 = LINE('',#2254,#2255);
#2254 = CARTESIAN_POINT('',(2.65,0.2));
#2255 = VECTOR('',#2256,1.);
#2256 = DIRECTION('',(-1.,0.));
#2257 = ( GEOMETRIC_REPRESENTATION_CONTEXT(2) 
PARAMETRIC_REPRESENTATION_CONTEXT() REPRESENTATION_CONTEXT('2D SPACE',''
  ) );
#2258 = ORIENTED_EDGE('',*,*,#2259,.T.);
#2259 = EDGE_CURVE('',#2237,#2160,#2260,.T.);
#2260 = SURFACE_CURVE('',#2261,(#2265,#2272),.PCURVE_S1.);
#2261 = LINE('',#2262,#2263);
#2262 = CARTESIAN_POINT('',(-2.65,-0.6,5.041926223421));
#2263 = VECTOR('',#2264,1.);
#2264 = DIRECTION('',(0.,-1.,2.22044604925E-16));
#2265 = PCURVE('',#2175,#2266);
#2266 = DEFINITIONAL_REPRESENTATION('',(#2267),#2271);
#2267 = LINE('',#2268,#2269);
#2268 = CARTESIAN_POINT('',(-1.4,-5.3));
#2269 = VECTOR('',#2270,1.);
#2270 = DIRECTION('',(-1.,0.));
#2271 = ( GEOMETRIC_REPRESENTATION_CONTEXT(2) 
PARAMETRIC_REPRESENTATION_CONTEXT() REPRESENTATION_CONTEXT('2D SPACE',''
  ) );
#2272 = PCURVE('',#1072,#2273);
#2273 = DEFINITIONAL_REPRESENTATION('',(#2274),#2278);
#2274 = LINE('',#2275,#2276);
#2275 = CARTESIAN_POINT('',(1.4,-3.10862446895E-16));
#2276 = VECTOR('',#2277,1.);
#2277 = DIRECTION('',(1.,0.));
#2278 = ( GEOMETRIC_REPRESENTATION_CONTEXT(2) 
PARAMETRIC_REPRESENTATION_CONTEXT() REPRESENTATION_CONTEXT('2D SPACE',''
  ) );
#2279 = ADVANCED_FACE('',(#2280),#354,.F.);
#2280 = FACE_BOUND('',#2281,.T.);
#2281 = EDGE_LOOP('',(#2282,#2283,#2284,#2307,#2335,#2363,#2391,#2412));
#2282 = ORIENTED_EDGE('',*,*,#338,.F.);
#2283 = ORIENTED_EDGE('',*,*,#526,.F.);
#2284 = ORIENTED_EDGE('',*,*,#2285,.F.);
#2285 = EDGE_CURVE('',#2286,#499,#2288,.T.);
#2286 = VERTEX_POINT('',#2287);
#2287 = CARTESIAN_POINT('',(-2.846898385264,0.8,5.243555332425));
#2288 = SURFACE_CURVE('',#2289,(#2293,#2300),.PCURVE_S1.);
#2289 = LINE('',#2290,#2291);
#2290 = CARTESIAN_POINT('',(-2.846898385264,0.8,5.243555332425));
#2291 = VECTOR('',#2292,1.);
#2292 = DIRECTION('',(-1.,0.,0.));
#2293 = PCURVE('',#354,#2294);
#2294 = DEFINITIONAL_REPRESENTATION('',(#2295),#2299);
#2295 = LINE('',#2296,#2297);
#2296 = CARTESIAN_POINT('',(-2.846898385264,2.551629109004));
#2297 = VECTOR('',#2298,1.);
#2298 = DIRECTION('',(-1.,0.));
#2299 = ( GEOMETRIC_REPRESENTATION_CONTEXT(2) 
PARAMETRIC_REPRESENTATION_CONTEXT() REPRESENTATION_CONTEXT('2D SPACE',''
  ) );
#2300 = PCURVE('',#514,#2301);
#2301 = DEFINITIONAL_REPRESENTATION('',(#2302),#2306);
#2302 = LINE('',#2303,#2304);
#2303 = CARTESIAN_POINT('',(-0.700960642199,-1.509398385264));
#2304 = VECTOR('',#2305,1.);
#2305 = DIRECTION('',(0.,-1.));
#2306 = ( GEOMETRIC_REPRESENTATION_CONTEXT(2) 
PARAMETRIC_REPRESENTATION_CONTEXT() REPRESENTATION_CONTEXT('2D SPACE',''
  ) );
#2307 = ORIENTED_EDGE('',*,*,#2308,.F.);
#2308 = EDGE_CURVE('',#2309,#2286,#2311,.T.);
#2309 = VERTEX_POINT('',#2310);
#2310 = CARTESIAN_POINT('',(-2.846898385264,0.8,4.568555332425));
#2311 = SURFACE_CURVE('',#2312,(#2316,#2323),.PCURVE_S1.);
#2312 = LINE('',#2313,#2314);
#2313 = CARTESIAN_POINT('',(-2.846898385264,0.8,4.568555332425));
#2314 = VECTOR('',#2315,1.);
#2315 = DIRECTION('',(0.,2.22044604925E-16,1.));
#2316 = PCURVE('',#354,#2317);
#2317 = DEFINITIONAL_REPRESENTATION('',(#2318),#2322);
#2318 = LINE('',#2319,#2320);
#2319 = CARTESIAN_POINT('',(-2.846898385264,1.876629109004));
#2320 = VECTOR('',#2321,1.);
#2321 = DIRECTION('',(0.,1.));
#2322 = ( GEOMETRIC_REPRESENTATION_CONTEXT(2) 
PARAMETRIC_REPRESENTATION_CONTEXT() REPRESENTATION_CONTEXT('2D SPACE',''
  ) );
#2323 = PCURVE('',#2324,#2329);
#2324 = PLANE('',#2325);
#2325 = AXIS2_PLACEMENT_3D('',#2326,#2327,#2328);
#2326 = CARTESIAN_POINT('',(-2.760949192632,9.999999999981E-02,
    3.666926223421));
#2327 = DIRECTION('',(0.992546151641,0.121869343405,-2.706043020888E-17)
  );
#2328 = DIRECTION('',(-0.121869343405,0.992546151641,-2.203895181112E-16
    ));
#2329 = DEFINITIONAL_REPRESENTATION('',(#2330),#2334);
#2330 = LINE('',#2331,#2332);
#2331 = CARTESIAN_POINT('',(0.705256877821,0.901629109004));
#2332 = VECTOR('',#2333,1.);
#2333 = DIRECTION('',(-1.450024951409E-28,1.));
#2334 = ( GEOMETRIC_REPRESENTATION_CONTEXT(2) 
PARAMETRIC_REPRESENTATION_CONTEXT() REPRESENTATION_CONTEXT('2D SPACE',''
  ) );
#2335 = ORIENTED_EDGE('',*,*,#2336,.F.);
#2336 = EDGE_CURVE('',#2337,#2309,#2339,.T.);
#2337 = VERTEX_POINT('',#2338);
#2338 = CARTESIAN_POINT('',(2.846898385264,0.8,4.568555332425));
#2339 = SURFACE_CURVE('',#2340,(#2344,#2351),.PCURVE_S1.);
#2340 = LINE('',#2341,#2342);
#2341 = CARTESIAN_POINT('',(2.846898385264,0.8,4.568555332425));
#2342 = VECTOR('',#2343,1.);
#2343 = DIRECTION('',(-1.,0.,0.));
#2344 = PCURVE('',#354,#2345);
#2345 = DEFINITIONAL_REPRESENTATION('',(#2346),#2350);
#2346 = LINE('',#2347,#2348);
#2347 = CARTESIAN_POINT('',(2.846898385264,1.876629109004));
#2348 = VECTOR('',#2349,1.);
#2349 = DIRECTION('',(-1.,0.));
#2350 = ( GEOMETRIC_REPRESENTATION_CONTEXT(2) 
PARAMETRIC_REPRESENTATION_CONTEXT() REPRESENTATION_CONTEXT('2D SPACE',''
  ) );
#2351 = PCURVE('',#2352,#2357);
#2352 = PLANE('',#2353);
#2353 = AXIS2_PLACEMENT_3D('',#2354,#2355,#2356);
#2354 = CARTESIAN_POINT('',(1.3375,9.999999999981E-02,4.605240777923));
#2355 = DIRECTION('',(-1.222927999999E-16,5.233595624292E-02,
    0.998629534755));
#2356 = DIRECTION('',(3.311235223221E-33,-0.998629534755,
    5.233595624292E-02));
#2357 = DEFINITIONAL_REPRESENTATION('',(#2358),#2362);
#2358 = LINE('',#2359,#2360);
#2359 = CARTESIAN_POINT('',(-0.700960642199,1.509398385264));
#2360 = VECTOR('',#2361,1.);
#2361 = DIRECTION('',(-2.081368621064E-33,-1.));
#2362 = ( GEOMETRIC_REPRESENTATION_CONTEXT(2) 
PARAMETRIC_REPRESENTATION_CONTEXT() REPRESENTATION_CONTEXT('2D SPACE',''
  ) );
#2363 = ORIENTED_EDGE('',*,*,#2364,.F.);
#2364 = EDGE_CURVE('',#2365,#2337,#2367,.T.);
#2365 = VERTEX_POINT('',#2366);
#2366 = CARTESIAN_POINT('',(2.846898385264,0.8,5.243555332425));
#2367 = SURFACE_CURVE('',#2368,(#2372,#2379),.PCURVE_S1.);
#2368 = LINE('',#2369,#2370);
#2369 = CARTESIAN_POINT('',(2.846898385264,0.8,5.243555332425));
#2370 = VECTOR('',#2371,1.);
#2371 = DIRECTION('',(0.,-2.22044604925E-16,-1.));
#2372 = PCURVE('',#354,#2373);
#2373 = DEFINITIONAL_REPRESENTATION('',(#2374),#2378);
#2374 = LINE('',#2375,#2376);
#2375 = CARTESIAN_POINT('',(2.846898385264,2.551629109004));
#2376 = VECTOR('',#2377,1.);
#2377 = DIRECTION('',(0.,-1.));
#2378 = ( GEOMETRIC_REPRESENTATION_CONTEXT(2) 
PARAMETRIC_REPRESENTATION_CONTEXT() REPRESENTATION_CONTEXT('2D SPACE',''
  ) );
#2379 = PCURVE('',#2380,#2385);
#2380 = PLANE('',#2381);
#2381 = AXIS2_PLACEMENT_3D('',#2382,#2383,#2384);
#2382 = CARTESIAN_POINT('',(2.760949192632,9.999999999981E-02,
    3.866926223421));
#2383 = DIRECTION('',(-0.992546151641,0.121869343405,-1.48608230209E-16)
  );
#2384 = DIRECTION('',(-0.121869343405,-0.992546151641,2.203895181112E-16
    ));
#2385 = DEFINITIONAL_REPRESENTATION('',(#2386),#2390);
#2386 = LINE('',#2387,#2388);
#2387 = CARTESIAN_POINT('',(-0.705256877821,1.376629109004));
#2388 = VECTOR('',#2389,1.);
#2389 = DIRECTION('',(-1.450024951409E-28,-1.));
#2390 = ( GEOMETRIC_REPRESENTATION_CONTEXT(2) 
PARAMETRIC_REPRESENTATION_CONTEXT() REPRESENTATION_CONTEXT('2D SPACE',''
  ) );
#2391 = ORIENTED_EDGE('',*,*,#2392,.F.);
#2392 = EDGE_CURVE('',#1545,#2365,#2393,.T.);
#2393 = SURFACE_CURVE('',#2394,(#2398,#2405),.PCURVE_S1.);
#2394 = LINE('',#2395,#2396);
#2395 = CARTESIAN_POINT('',(3.403101614736,0.8,5.243555332425));
#2396 = VECTOR('',#2397,1.);
#2397 = DIRECTION('',(-1.,0.,0.));
#2398 = PCURVE('',#354,#2399);
#2399 = DEFINITIONAL_REPRESENTATION('',(#2400),#2404);
#2400 = LINE('',#2401,#2402);
#2401 = CARTESIAN_POINT('',(3.403101614736,2.551629109004));
#2402 = VECTOR('',#2403,1.);
#2403 = DIRECTION('',(-1.,0.));
#2404 = ( GEOMETRIC_REPRESENTATION_CONTEXT(2) 
PARAMETRIC_REPRESENTATION_CONTEXT() REPRESENTATION_CONTEXT('2D SPACE',''
  ) );
#2405 = PCURVE('',#1583,#2406);
#2406 = DEFINITIONAL_REPRESENTATION('',(#2407),#2411);
#2407 = LINE('',#2408,#2409);
#2408 = CARTESIAN_POINT('',(-0.700960642199,1.615601614736));
#2409 = VECTOR('',#2410,1.);
#2410 = DIRECTION('',(0.,-1.));
#2411 = ( GEOMETRIC_REPRESENTATION_CONTEXT(2) 
PARAMETRIC_REPRESENTATION_CONTEXT() REPRESENTATION_CONTEXT('2D SPACE',''
  ) );
#2412 = ORIENTED_EDGE('',*,*,#1544,.F.);
#2413 = ADVANCED_FACE('',(#2414),#1583,.T.);
#2414 = FACE_BOUND('',#2415,.T.);
#2415 = EDGE_LOOP('',(#2416,#2417,#2418,#2441));
#2416 = ORIENTED_EDGE('',*,*,#1567,.F.);
#2417 = ORIENTED_EDGE('',*,*,#2392,.T.);
#2418 = ORIENTED_EDGE('',*,*,#2419,.F.);
#2419 = EDGE_CURVE('',#2420,#2365,#2422,.T.);
#2420 = VERTEX_POINT('',#2421);
#2421 = CARTESIAN_POINT('',(2.675,-0.6,5.316926223421));
#2422 = SURFACE_CURVE('',#2423,(#2427,#2434),.PCURVE_S1.);
#2423 = LINE('',#2424,#2425);
#2424 = CARTESIAN_POINT('',(2.675,-0.6,5.316926223421));
#2425 = VECTOR('',#2426,1.);
#2426 = DIRECTION('',(0.121704801254,0.991206063359,-5.194690859252E-02)
  );
#2427 = PCURVE('',#1583,#2428);
#2428 = DEFINITIONAL_REPRESENTATION('',(#2429),#2433);
#2429 = LINE('',#2430,#2431);
#2430 = CARTESIAN_POINT('',(0.700960642198,0.8875));
#2431 = VECTOR('',#2432,1.);
#2432 = DIRECTION('',(-0.992566341033,0.121704801254));
#2433 = ( GEOMETRIC_REPRESENTATION_CONTEXT(2) 
PARAMETRIC_REPRESENTATION_CONTEXT() REPRESENTATION_CONTEXT('2D SPACE',''
  ) );
#2434 = PCURVE('',#2380,#2435);
#2435 = DEFINITIONAL_REPRESENTATION('',(#2436),#2440);
#2436 = LINE('',#2437,#2438);
#2437 = CARTESIAN_POINT('',(0.705256877821,1.45));
#2438 = VECTOR('',#2439,1.);
#2439 = DIRECTION('',(-0.998649847888,-5.194690859252E-02));
#2440 = ( GEOMETRIC_REPRESENTATION_CONTEXT(2) 
PARAMETRIC_REPRESENTATION_CONTEXT() REPRESENTATION_CONTEXT('2D SPACE',''
  ) );
#2441 = ORIENTED_EDGE('',*,*,#2442,.F.);
#2442 = EDGE_CURVE('',#1568,#2420,#2443,.T.);
#2443 = SURFACE_CURVE('',#2444,(#2448,#2455),.PCURVE_S1.);
#2444 = LINE('',#2445,#2446);
#2445 = CARTESIAN_POINT('',(3.575,-0.6,5.316926223421));
#2446 = VECTOR('',#2447,1.);
#2447 = DIRECTION('',(-1.,0.,0.));
#2448 = PCURVE('',#1583,#2449);
#2449 = DEFINITIONAL_REPRESENTATION('',(#2450),#2454);
#2450 = LINE('',#2451,#2452);
#2451 = CARTESIAN_POINT('',(0.700960642198,1.7875));
#2452 = VECTOR('',#2453,1.);
#2453 = DIRECTION('',(0.,-1.));
#2454 = ( GEOMETRIC_REPRESENTATION_CONTEXT(2) 
PARAMETRIC_REPRESENTATION_CONTEXT() REPRESENTATION_CONTEXT('2D SPACE',''
  ) );
#2455 = PCURVE('',#486,#2456);
#2456 = DEFINITIONAL_REPRESENTATION('',(#2457),#2461);
#2457 = LINE('',#2458,#2459);
#2458 = CARTESIAN_POINT('',(3.575,0.475));
#2459 = VECTOR('',#2460,1.);
#2460 = DIRECTION('',(-1.,0.));
#2461 = ( GEOMETRIC_REPRESENTATION_CONTEXT(2) 
PARAMETRIC_REPRESENTATION_CONTEXT() REPRESENTATION_CONTEXT('2D SPACE',''
  ) );
#2462 = ADVANCED_FACE('',(#2463),#2324,.T.);
#2463 = FACE_BOUND('',#2464,.T.);
#2464 = EDGE_LOOP('',(#2465,#2488,#2511,#2532));
#2465 = ORIENTED_EDGE('',*,*,#2466,.T.);
#2466 = EDGE_CURVE('',#2286,#2467,#2469,.T.);
#2467 = VERTEX_POINT('',#2468);
#2468 = CARTESIAN_POINT('',(-2.675,-0.6,5.316926223421));
#2469 = SURFACE_CURVE('',#2470,(#2474,#2481),.PCURVE_S1.);
#2470 = LINE('',#2471,#2472);
#2471 = CARTESIAN_POINT('',(-2.846898385264,0.8,5.243555332425));
#2472 = VECTOR('',#2473,1.);
#2473 = DIRECTION('',(0.121704801254,-0.991206063359,5.194690859252E-02)
  );
#2474 = PCURVE('',#2324,#2475);
#2475 = DEFINITIONAL_REPRESENTATION('',(#2476),#2480);
#2476 = LINE('',#2477,#2478);
#2477 = CARTESIAN_POINT('',(0.705256877821,1.576629109004));
#2478 = VECTOR('',#2479,1.);
#2479 = DIRECTION('',(-0.998649847888,5.194690859252E-02));
#2480 = ( GEOMETRIC_REPRESENTATION_CONTEXT(2) 
PARAMETRIC_REPRESENTATION_CONTEXT() REPRESENTATION_CONTEXT('2D SPACE',''
  ) );
#2481 = PCURVE('',#514,#2482);
#2482 = DEFINITIONAL_REPRESENTATION('',(#2483),#2487);
#2483 = LINE('',#2484,#2485);
#2484 = CARTESIAN_POINT('',(-0.700960642199,-1.509398385264));
#2485 = VECTOR('',#2486,1.);
#2486 = DIRECTION('',(0.992566341033,0.121704801254));
#2487 = ( GEOMETRIC_REPRESENTATION_CONTEXT(2) 
PARAMETRIC_REPRESENTATION_CONTEXT() REPRESENTATION_CONTEXT('2D SPACE',''
  ) );
#2488 = ORIENTED_EDGE('',*,*,#2489,.F.);
#2489 = EDGE_CURVE('',#2490,#2467,#2492,.T.);
#2490 = VERTEX_POINT('',#2491);
#2491 = CARTESIAN_POINT('',(-2.675,-0.6,4.641926223421));
#2492 = SURFACE_CURVE('',#2493,(#2497,#2504),.PCURVE_S1.);
#2493 = LINE('',#2494,#2495);
#2494 = CARTESIAN_POINT('',(-2.675,-0.6,4.641926223421));
#2495 = VECTOR('',#2496,1.);
#2496 = DIRECTION('',(0.,2.22044604925E-16,1.));
#2497 = PCURVE('',#2324,#2498);
#2498 = DEFINITIONAL_REPRESENTATION('',(#2499),#2503);
#2499 = LINE('',#2500,#2501);
#2500 = CARTESIAN_POINT('',(-0.705256877821,0.975));
#2501 = VECTOR('',#2502,1.);
#2502 = DIRECTION('',(-1.450024951409E-28,1.));
#2503 = ( GEOMETRIC_REPRESENTATION_CONTEXT(2) 
PARAMETRIC_REPRESENTATION_CONTEXT() REPRESENTATION_CONTEXT('2D SPACE',''
  ) );
#2504 = PCURVE('',#486,#2505);
#2505 = DEFINITIONAL_REPRESENTATION('',(#2506),#2510);
#2506 = LINE('',#2507,#2508);
#2507 = CARTESIAN_POINT('',(-2.675,-0.2));
#2508 = VECTOR('',#2509,1.);
#2509 = DIRECTION('',(0.,1.));
#2510 = ( GEOMETRIC_REPRESENTATION_CONTEXT(2) 
PARAMETRIC_REPRESENTATION_CONTEXT() REPRESENTATION_CONTEXT('2D SPACE',''
  ) );
#2511 = ORIENTED_EDGE('',*,*,#2512,.F.);
#2512 = EDGE_CURVE('',#2309,#2490,#2513,.T.);
#2513 = SURFACE_CURVE('',#2514,(#2518,#2525),.PCURVE_S1.);
#2514 = LINE('',#2515,#2516);
#2515 = CARTESIAN_POINT('',(-2.846898385264,0.8,4.568555332425));
#2516 = VECTOR('',#2517,1.);
#2517 = DIRECTION('',(0.121704801254,-0.991206063359,5.194690859252E-02)
  );
#2518 = PCURVE('',#2324,#2519);
#2519 = DEFINITIONAL_REPRESENTATION('',(#2520),#2524);
#2520 = LINE('',#2521,#2522);
#2521 = CARTESIAN_POINT('',(0.705256877821,0.901629109004));
#2522 = VECTOR('',#2523,1.);
#2523 = DIRECTION('',(-0.998649847888,5.194690859252E-02));
#2524 = ( GEOMETRIC_REPRESENTATION_CONTEXT(2) 
PARAMETRIC_REPRESENTATION_CONTEXT() REPRESENTATION_CONTEXT('2D SPACE',''
  ) );
#2525 = PCURVE('',#2352,#2526);
#2526 = DEFINITIONAL_REPRESENTATION('',(#2527),#2531);
#2527 = LINE('',#2528,#2529);
#2528 = CARTESIAN_POINT('',(-0.700960642199,-4.184398385264));
#2529 = VECTOR('',#2530,1.);
#2530 = DIRECTION('',(0.992566341033,0.121704801254));
#2531 = ( GEOMETRIC_REPRESENTATION_CONTEXT(2) 
PARAMETRIC_REPRESENTATION_CONTEXT() REPRESENTATION_CONTEXT('2D SPACE',''
  ) );
#2532 = ORIENTED_EDGE('',*,*,#2308,.T.);
#2533 = ADVANCED_FACE('',(#2534),#514,.T.);
#2534 = FACE_BOUND('',#2535,.T.);
#2535 = EDGE_LOOP('',(#2536,#2537,#2558,#2559));
#2536 = ORIENTED_EDGE('',*,*,#498,.F.);
#2537 = ORIENTED_EDGE('',*,*,#2538,.F.);
#2538 = EDGE_CURVE('',#2467,#471,#2539,.T.);
#2539 = SURFACE_CURVE('',#2540,(#2544,#2551),.PCURVE_S1.);
#2540 = LINE('',#2541,#2542);
#2541 = CARTESIAN_POINT('',(-2.675,-0.6,5.316926223421));
#2542 = VECTOR('',#2543,1.);
#2543 = DIRECTION('',(-1.,0.,0.));
#2544 = PCURVE('',#514,#2545);
#2545 = DEFINITIONAL_REPRESENTATION('',(#2546),#2550);
#2546 = LINE('',#2547,#2548);
#2547 = CARTESIAN_POINT('',(0.700960642198,-1.3375));
#2548 = VECTOR('',#2549,1.);
#2549 = DIRECTION('',(0.,-1.));
#2550 = ( GEOMETRIC_REPRESENTATION_CONTEXT(2) 
PARAMETRIC_REPRESENTATION_CONTEXT() REPRESENTATION_CONTEXT('2D SPACE',''
  ) );
#2551 = PCURVE('',#486,#2552);
#2552 = DEFINITIONAL_REPRESENTATION('',(#2553),#2557);
#2553 = LINE('',#2554,#2555);
#2554 = CARTESIAN_POINT('',(-2.675,0.475));
#2555 = VECTOR('',#2556,1.);
#2556 = DIRECTION('',(-1.,0.));
#2557 = ( GEOMETRIC_REPRESENTATION_CONTEXT(2) 
PARAMETRIC_REPRESENTATION_CONTEXT() REPRESENTATION_CONTEXT('2D SPACE',''
  ) );
#2558 = ORIENTED_EDGE('',*,*,#2466,.F.);
#2559 = ORIENTED_EDGE('',*,*,#2285,.T.);
#2560 = ADVANCED_FACE('',(#2561),#2380,.T.);
#2561 = FACE_BOUND('',#2562,.T.);
#2562 = EDGE_LOOP('',(#2563,#2564,#2565,#2588));
#2563 = ORIENTED_EDGE('',*,*,#2419,.T.);
#2564 = ORIENTED_EDGE('',*,*,#2364,.T.);
#2565 = ORIENTED_EDGE('',*,*,#2566,.F.);
#2566 = EDGE_CURVE('',#2567,#2337,#2569,.T.);
#2567 = VERTEX_POINT('',#2568);
#2568 = CARTESIAN_POINT('',(2.675,-0.6,4.641926223421));
#2569 = SURFACE_CURVE('',#2570,(#2574,#2581),.PCURVE_S1.);
#2570 = LINE('',#2571,#2572);
#2571 = CARTESIAN_POINT('',(2.675,-0.6,4.641926223421));
#2572 = VECTOR('',#2573,1.);
#2573 = DIRECTION('',(0.121704801254,0.991206063359,-5.194690859252E-02)
  );
#2574 = PCURVE('',#2380,#2575);
#2575 = DEFINITIONAL_REPRESENTATION('',(#2576),#2580);
#2576 = LINE('',#2577,#2578);
#2577 = CARTESIAN_POINT('',(0.705256877821,0.775));
#2578 = VECTOR('',#2579,1.);
#2579 = DIRECTION('',(-0.998649847888,-5.194690859252E-02));
#2580 = ( GEOMETRIC_REPRESENTATION_CONTEXT(2) 
PARAMETRIC_REPRESENTATION_CONTEXT() REPRESENTATION_CONTEXT('2D SPACE',''
  ) );
#2581 = PCURVE('',#2352,#2582);
#2582 = DEFINITIONAL_REPRESENTATION('',(#2583),#2587);
#2583 = LINE('',#2584,#2585);
#2584 = CARTESIAN_POINT('',(0.700960642198,1.3375));
#2585 = VECTOR('',#2586,1.);
#2586 = DIRECTION('',(-0.992566341033,0.121704801254));
#2587 = ( GEOMETRIC_REPRESENTATION_CONTEXT(2) 
PARAMETRIC_REPRESENTATION_CONTEXT() REPRESENTATION_CONTEXT('2D SPACE',''
  ) );
#2588 = ORIENTED_EDGE('',*,*,#2589,.F.);
#2589 = EDGE_CURVE('',#2420,#2567,#2590,.T.);
#2590 = SURFACE_CURVE('',#2591,(#2595,#2602),.PCURVE_S1.);
#2591 = LINE('',#2592,#2593);
#2592 = CARTESIAN_POINT('',(2.675,-0.6,5.316926223421));
#2593 = VECTOR('',#2594,1.);
#2594 = DIRECTION('',(-1.684249E-13,-2.22044604925E-16,-1.));
#2595 = PCURVE('',#2380,#2596);
#2596 = DEFINITIONAL_REPRESENTATION('',(#2597),#2601);
#2597 = LINE('',#2598,#2599);
#2598 = CARTESIAN_POINT('',(0.705256877821,1.45));
#2599 = VECTOR('',#2600,1.);
#2600 = DIRECTION('',(2.052583197606E-14,-1.));
#2601 = ( GEOMETRIC_REPRESENTATION_CONTEXT(2) 
PARAMETRIC_REPRESENTATION_CONTEXT() REPRESENTATION_CONTEXT('2D SPACE',''
  ) );
#2602 = PCURVE('',#486,#2603);
#2603 = DEFINITIONAL_REPRESENTATION('',(#2604),#2608);
#2604 = LINE('',#2605,#2606);
#2605 = CARTESIAN_POINT('',(2.675,0.475));
#2606 = VECTOR('',#2607,1.);
#2607 = DIRECTION('',(-1.684249E-13,-1.));
#2608 = ( GEOMETRIC_REPRESENTATION_CONTEXT(2) 
PARAMETRIC_REPRESENTATION_CONTEXT() REPRESENTATION_CONTEXT('2D SPACE',''
  ) );
#2609 = ADVANCED_FACE('',(#2610),#2352,.T.);
#2610 = FACE_BOUND('',#2611,.T.);
#2611 = EDGE_LOOP('',(#2612,#2633,#2634,#2635));
#2612 = ORIENTED_EDGE('',*,*,#2613,.F.);
#2613 = EDGE_CURVE('',#2567,#2490,#2614,.T.);
#2614 = SURFACE_CURVE('',#2615,(#2619,#2626),.PCURVE_S1.);
#2615 = LINE('',#2616,#2617);
#2616 = CARTESIAN_POINT('',(2.675,-0.6,4.641926223421));
#2617 = VECTOR('',#2618,1.);
#2618 = DIRECTION('',(-1.,0.,0.));
#2619 = PCURVE('',#2352,#2620);
#2620 = DEFINITIONAL_REPRESENTATION('',(#2621),#2625);
#2621 = LINE('',#2622,#2623);
#2622 = CARTESIAN_POINT('',(0.700960642198,1.3375));
#2623 = VECTOR('',#2624,1.);
#2624 = DIRECTION('',(-2.081368621064E-33,-1.));
#2625 = ( GEOMETRIC_REPRESENTATION_CONTEXT(2) 
PARAMETRIC_REPRESENTATION_CONTEXT() REPRESENTATION_CONTEXT('2D SPACE',''
  ) );
#2626 = PCURVE('',#486,#2627);
#2627 = DEFINITIONAL_REPRESENTATION('',(#2628),#2632);
#2628 = LINE('',#2629,#2630);
#2629 = CARTESIAN_POINT('',(2.675,-0.2));
#2630 = VECTOR('',#2631,1.);
#2631 = DIRECTION('',(-1.,0.));
#2632 = ( GEOMETRIC_REPRESENTATION_CONTEXT(2) 
PARAMETRIC_REPRESENTATION_CONTEXT() REPRESENTATION_CONTEXT('2D SPACE',''
  ) );
#2633 = ORIENTED_EDGE('',*,*,#2566,.T.);
#2634 = ORIENTED_EDGE('',*,*,#2336,.T.);
#2635 = ORIENTED_EDGE('',*,*,#2512,.T.);
#2636 = ADVANCED_FACE('',(#2637),#881,.T.);
#2637 = FACE_BOUND('',#2638,.T.);
#2638 = EDGE_LOOP('',(#2639,#2640,#2661,#2662,#2663));
#2639 = ORIENTED_EDGE('',*,*,#1818,.F.);
#2640 = ORIENTED_EDGE('',*,*,#2641,.T.);
#2641 = EDGE_CURVE('',#1819,#2089,#2642,.T.);
#2642 = SURFACE_CURVE('',#2643,(#2647,#2654),.PCURVE_S1.);
#2643 = LINE('',#2644,#2645);
#2644 = CARTESIAN_POINT('',(2.755,-0.6,4.192622342117E-02));
#2645 = VECTOR('',#2646,1.);
#2646 = DIRECTION('',(1.,0.,0.));
#2647 = PCURVE('',#881,#2648);
#2648 = DEFINITIONAL_REPRESENTATION('',(#2649),#2653);
#2649 = LINE('',#2650,#2651);
#2650 = CARTESIAN_POINT('',(-1.4,-0.845));
#2651 = VECTOR('',#2652,1.);
#2652 = DIRECTION('',(0.,1.));
#2653 = ( GEOMETRIC_REPRESENTATION_CONTEXT(2) 
PARAMETRIC_REPRESENTATION_CONTEXT() REPRESENTATION_CONTEXT('2D SPACE',''
  ) );
#2654 = PCURVE('',#486,#2655);
#2655 = DEFINITIONAL_REPRESENTATION('',(#2656),#2660);
#2656 = LINE('',#2657,#2658);
#2657 = CARTESIAN_POINT('',(2.755,-4.8));
#2658 = VECTOR('',#2659,1.);
#2659 = DIRECTION('',(1.,0.));
#2660 = ( GEOMETRIC_REPRESENTATION_CONTEXT(2) 
PARAMETRIC_REPRESENTATION_CONTEXT() REPRESENTATION_CONTEXT('2D SPACE',''
  ) );
#2661 = ORIENTED_EDGE('',*,*,#2088,.T.);
#2662 = ORIENTED_EDGE('',*,*,#865,.F.);
#2663 = ORIENTED_EDGE('',*,*,#1252,.T.);
#2664 = ADVANCED_FACE('',(#2665),#1016,.F.);
#2665 = FACE_BOUND('',#2666,.T.);
#2666 = EDGE_LOOP('',(#2667,#2668,#2689,#2690,#2691));
#2667 = ORIENTED_EDGE('',*,*,#2062,.F.);
#2668 = ORIENTED_EDGE('',*,*,#2669,.T.);
#2669 = EDGE_CURVE('',#2040,#2214,#2670,.T.);
#2670 = SURFACE_CURVE('',#2671,(#2675,#2682),.PCURVE_S1.);
#2671 = LINE('',#2672,#2673);
#2672 = CARTESIAN_POINT('',(2.65,-0.6,5.341926223421));
#2673 = VECTOR('',#2674,1.);
#2674 = DIRECTION('',(0.,-2.22044604925E-16,-1.));
#2675 = PCURVE('',#1016,#2676);
#2676 = DEFINITIONAL_REPRESENTATION('',(#2677),#2681);
#2677 = LINE('',#2678,#2679);
#2678 = CARTESIAN_POINT('',(-1.4,-3.10862446895E-16));
#2679 = VECTOR('',#2680,1.);
#2680 = DIRECTION('',(0.,-1.));
#2681 = ( GEOMETRIC_REPRESENTATION_CONTEXT(2) 
PARAMETRIC_REPRESENTATION_CONTEXT() REPRESENTATION_CONTEXT('2D SPACE',''
  ) );
#2682 = PCURVE('',#486,#2683);
#2683 = DEFINITIONAL_REPRESENTATION('',(#2684),#2688);
#2684 = LINE('',#2685,#2686);
#2685 = CARTESIAN_POINT('',(2.65,0.5));
#2686 = VECTOR('',#2687,1.);
#2687 = DIRECTION('',(0.,-1.));
#2688 = ( GEOMETRIC_REPRESENTATION_CONTEXT(2) 
PARAMETRIC_REPRESENTATION_CONTEXT() REPRESENTATION_CONTEXT('2D SPACE',''
  ) );
#2689 = ORIENTED_EDGE('',*,*,#2213,.T.);
#2690 = ORIENTED_EDGE('',*,*,#2136,.T.);
#2691 = ORIENTED_EDGE('',*,*,#1000,.F.);
#2692 = ADVANCED_FACE('',(#2693,#2727),#486,.F.);
#2693 = FACE_BOUND('',#2694,.T.);
#2694 = EDGE_LOOP('',(#2695,#2696,#2697,#2698,#2699,#2700,#2701,#2702,
    #2703,#2704,#2705,#2706));
#2695 = ORIENTED_EDGE('',*,*,#2236,.F.);
#2696 = ORIENTED_EDGE('',*,*,#2669,.F.);
#2697 = ORIENTED_EDGE('',*,*,#2039,.F.);
#2698 = ORIENTED_EDGE('',*,*,#2111,.F.);
#2699 = ORIENTED_EDGE('',*,*,#2641,.F.);
#2700 = ORIENTED_EDGE('',*,*,#1865,.F.);
#2701 = ORIENTED_EDGE('',*,*,#1889,.F.);
#2702 = ORIENTED_EDGE('',*,*,#1770,.F.);
#2703 = ORIENTED_EDGE('',*,*,#1721,.F.);
#2704 = ORIENTED_EDGE('',*,*,#1990,.F.);
#2705 = ORIENTED_EDGE('',*,*,#1941,.F.);
#2706 = ORIENTED_EDGE('',*,*,#2707,.F.);
#2707 = EDGE_CURVE('',#2237,#1919,#2708,.T.);
#2708 = SURFACE_CURVE('',#2709,(#2713,#2720),.PCURVE_S1.);
#2709 = LINE('',#2710,#2711);
#2710 = CARTESIAN_POINT('',(-2.65,-0.6,5.041926223421));
#2711 = VECTOR('',#2712,1.);
#2712 = DIRECTION('',(0.,2.22044604925E-16,1.));
#2713 = PCURVE('',#486,#2714);
#2714 = DEFINITIONAL_REPRESENTATION('',(#2715),#2719);
#2715 = LINE('',#2716,#2717);
#2716 = CARTESIAN_POINT('',(-2.65,0.2));
#2717 = VECTOR('',#2718,1.);
#2718 = DIRECTION('',(0.,1.));
#2719 = ( GEOMETRIC_REPRESENTATION_CONTEXT(2) 
PARAMETRIC_REPRESENTATION_CONTEXT() REPRESENTATION_CONTEXT('2D SPACE',''
  ) );
#2720 = PCURVE('',#1072,#2721);
#2721 = DEFINITIONAL_REPRESENTATION('',(#2722),#2726);
#2722 = LINE('',#2723,#2724);
#2723 = CARTESIAN_POINT('',(1.4,-3.10862446895E-16));
#2724 = VECTOR('',#2725,1.);
#2725 = DIRECTION('',(0.,1.));
#2726 = ( GEOMETRIC_REPRESENTATION_CONTEXT(2) 
PARAMETRIC_REPRESENTATION_CONTEXT() REPRESENTATION_CONTEXT('2D SPACE',''
  ) );
#2727 = FACE_BOUND('',#2728,.T.);
#2728 = EDGE_LOOP('',(#2729,#2730,#2731,#2732,#2733,#2734,#2735,#2736));
#2729 = ORIENTED_EDGE('',*,*,#2489,.T.);
#2730 = ORIENTED_EDGE('',*,*,#2538,.T.);
#2731 = ORIENTED_EDGE('',*,*,#470,.T.);
#2732 = ORIENTED_EDGE('',*,*,#1518,.T.);
#2733 = ORIENTED_EDGE('',*,*,#1595,.T.);
#2734 = ORIENTED_EDGE('',*,*,#2442,.T.);
#2735 = ORIENTED_EDGE('',*,*,#2589,.T.);
#2736 = ORIENTED_EDGE('',*,*,#2613,.T.);
#2737 = ADVANCED_FACE('',(#2738),#1072,.F.);
#2738 = FACE_BOUND('',#2739,.T.);
#2739 = EDGE_LOOP('',(#2740,#2741,#2742,#2743,#2744));
#2740 = ORIENTED_EDGE('',*,*,#1918,.F.);
#2741 = ORIENTED_EDGE('',*,*,#1056,.T.);
#2742 = ORIENTED_EDGE('',*,*,#2187,.T.);
#2743 = ORIENTED_EDGE('',*,*,#2259,.F.);
#2744 = ORIENTED_EDGE('',*,*,#2707,.T.);
#2745 = ( GEOMETRIC_REPRESENTATION_CONTEXT(3) 
GLOBAL_UNCERTAINTY_ASSIGNED_CONTEXT((#2749)) 
GLOBAL_UNIT_ASSIGNED_CONTEXT((#2746,#2747,#2748)) REPRESENTATION_CONTEXT
('Context #1','3D Context with UNIT and UNCERTAINTY') );
#2746 = ( LENGTH_UNIT() NAMED_UNIT(*) SI_UNIT(.MILLI.,.METRE.) );
#2747 = ( NAMED_UNIT(*) PLANE_ANGLE_UNIT() SI_UNIT($,.RADIAN.) );
#2748 = ( NAMED_UNIT(*) SI_UNIT($,.STERADIAN.) SOLID_ANGLE_UNIT() );
#2749 = UNCERTAINTY_MEASURE_WITH_UNIT(LENGTH_MEASURE(1.E-07),#2746,
  'distance_accuracy_value','confusion accuracy');
#2750 = CONTEXT_DEPENDENT_SHAPE_REPRESENTATION(#2751,#2753);
#2751 = ( REPRESENTATION_RELATIONSHIP('','',#52,#10) 
REPRESENTATION_RELATIONSHIP_WITH_TRANSFORMATION(#2752) 
SHAPE_REPRESENTATION_RELATIONSHIP() );
#2752 = ITEM_DEFINED_TRANSFORMATION('','',#11,#15);
#2753 = PRODUCT_DEFINITION_SHAPE('Placement','Placement of an item',
  #2754);
#2754 = NEXT_ASSEMBLY_USAGE_OCCURRENCE('1','=>[0:1:1:2]','',#5,#47,$);
#2755 = PRODUCT_RELATED_PRODUCT_CATEGORY('part',$,(#49));
#2756 = SHAPE_DEFINITION_REPRESENTATION(#2757,#2763);
#2757 = PRODUCT_DEFINITION_SHAPE('','',#2758);
#2758 = PRODUCT_DEFINITION('design','',#2759,#2762);
#2759 = PRODUCT_DEFINITION_FORMATION('','',#2760);
#2760 = PRODUCT('SOLID','SOLID','',(#2761));
#2761 = PRODUCT_CONTEXT('',#2,'mechanical');
#2762 = PRODUCT_DEFINITION_CONTEXT('part definition',#2,'design');
#2763 = ADVANCED_BREP_SHAPE_REPRESENTATION('',(#11,#2764),#12231);
#2764 = MANIFOLD_SOLID_BREP('',#2765);
#2765 = CLOSED_SHELL('',(#2766,#2883,#2995,#3107,#3219,#3339,#3451,#3571
    ,#3683,#3803,#3923,#4035,#4152,#4269,#4384,#4499,#4748,#4913,#5146,
    #5409,#5677,#5848,#6077,#6362,#6433,#6695,#6862,#7171,#7292,#7596,
    #7726,#7777,#7827,#7876,#7926,#8056,#8128,#8177,#8227,#8256,#8334,
    #8606,#8633,#8662,#8908,#8917,#8991,#9085,#9113,#9160,#9253,#9350,
    #9378,#9412,#9446,#9496,#9547,#10171,#10178,#10205,#10252,#10259,
    #10833,#10866,#10952,#11117,#11203,#11368,#11396,#11424,#11473,
    #11549,#11598,#11626,#11702,#11751,#11801,#11828,#11855,#11868,
    #11895,#11902,#11929,#11936,#11963,#11990,#11997,#12004,#12031,
    #12058,#12065,#12092,#12119,#12126,#12161,#12168,#12175,#12182,
    #12217,#12224));
#2766 = ADVANCED_FACE('',(#2767),#2782,.F.);
#2767 = FACE_BOUND('',#2768,.F.);
#2768 = EDGE_LOOP('',(#2769,#2805,#2833,#2862));
#2769 = ORIENTED_EDGE('',*,*,#2770,.F.);
#2770 = EDGE_CURVE('',#2771,#2773,#2775,.T.);
#2771 = VERTEX_POINT('',#2772);
#2772 = CARTESIAN_POINT('',(-1.8,-2.1,2.841926223421));
#2773 = VERTEX_POINT('',#2774);
#2774 = CARTESIAN_POINT('',(1.8,-2.1,2.841926223421));
#2775 = SURFACE_CURVE('',#2776,(#2781,#2793),.PCURVE_S1.);
#2776 = CIRCLE('',#2777,1.8);
#2777 = AXIS2_PLACEMENT_3D('',#2778,#2779,#2780);
#2778 = CARTESIAN_POINT('',(2.277067423506E-13,-2.1,2.841926223421));
#2779 = DIRECTION('',(0.,-1.,2.22044604925E-16));
#2780 = DIRECTION('',(1.,0.,0.));
#2781 = PCURVE('',#2782,#2787);
#2782 = CYLINDRICAL_SURFACE('',#2783,1.8);
#2783 = AXIS2_PLACEMENT_3D('',#2784,#2785,#2786);
#2784 = CARTESIAN_POINT('',(2.277067423506E-13,-1.9,2.841926223421));
#2785 = DIRECTION('',(0.,-1.,2.22044604925E-16));
#2786 = DIRECTION('',(1.,0.,0.));
#2787 = DEFINITIONAL_REPRESENTATION('',(#2788),#2792);
#2788 = LINE('',#2789,#2790);
#2789 = CARTESIAN_POINT('',(0.,0.2));
#2790 = VECTOR('',#2791,1.);
#2791 = DIRECTION('',(1.,0.));
#2792 = ( GEOMETRIC_REPRESENTATION_CONTEXT(2) 
PARAMETRIC_REPRESENTATION_CONTEXT() REPRESENTATION_CONTEXT('2D SPACE',''
  ) );
#2793 = PCURVE('',#2794,#2799);
#2794 = PLANE('',#2795);
#2795 = AXIS2_PLACEMENT_3D('',#2796,#2797,#2798);
#2796 = CARTESIAN_POINT('',(1.8,-2.1,2.841926223421));
#2797 = DIRECTION('',(0.,-1.,2.22044604925E-16));
#2798 = DIRECTION('',(1.,0.,0.));
#2799 = DEFINITIONAL_REPRESENTATION('',(#2800),#2804);
#2800 = CIRCLE('',#2801,1.8);
#2801 = AXIS2_PLACEMENT_2D('',#2802,#2803);
#2802 = CARTESIAN_POINT('',(-1.8,0.));
#2803 = DIRECTION('',(1.,0.));
#2804 = ( GEOMETRIC_REPRESENTATION_CONTEXT(2) 
PARAMETRIC_REPRESENTATION_CONTEXT() REPRESENTATION_CONTEXT('2D SPACE',''
  ) );
#2805 = ORIENTED_EDGE('',*,*,#2806,.T.);
#2806 = EDGE_CURVE('',#2771,#2807,#2809,.T.);
#2807 = VERTEX_POINT('',#2808);
#2808 = CARTESIAN_POINT('',(-1.8,-1.9,2.841926223421));
#2809 = SURFACE_CURVE('',#2810,(#2814,#2821),.PCURVE_S1.);
#2810 = LINE('',#2811,#2812);
#2811 = CARTESIAN_POINT('',(-1.8,-2.1,2.841926223421));
#2812 = VECTOR('',#2813,1.);
#2813 = DIRECTION('',(0.,1.,-2.22044604925E-16));
#2814 = PCURVE('',#2782,#2815);
#2815 = DEFINITIONAL_REPRESENTATION('',(#2816),#2820);
#2816 = LINE('',#2817,#2818);
#2817 = CARTESIAN_POINT('',(3.14159265359,0.2));
#2818 = VECTOR('',#2819,1.);
#2819 = DIRECTION('',(0.,-1.));
#2820 = ( GEOMETRIC_REPRESENTATION_CONTEXT(2) 
PARAMETRIC_REPRESENTATION_CONTEXT() REPRESENTATION_CONTEXT('2D SPACE',''
  ) );
#2821 = PCURVE('',#2822,#2827);
#2822 = CYLINDRICAL_SURFACE('',#2823,1.8);
#2823 = AXIS2_PLACEMENT_3D('',#2824,#2825,#2826);
#2824 = CARTESIAN_POINT('',(2.277067423506E-13,-1.9,2.841926223421));
#2825 = DIRECTION('',(0.,-1.,2.22044604925E-16));
#2826 = DIRECTION('',(1.,0.,0.));
#2827 = DEFINITIONAL_REPRESENTATION('',(#2828),#2832);
#2828 = LINE('',#2829,#2830);
#2829 = CARTESIAN_POINT('',(3.14159265359,0.2));
#2830 = VECTOR('',#2831,1.);
#2831 = DIRECTION('',(0.,-1.));
#2832 = ( GEOMETRIC_REPRESENTATION_CONTEXT(2) 
PARAMETRIC_REPRESENTATION_CONTEXT() REPRESENTATION_CONTEXT('2D SPACE',''
  ) );
#2833 = ORIENTED_EDGE('',*,*,#2834,.F.);
#2834 = EDGE_CURVE('',#2835,#2807,#2837,.T.);
#2835 = VERTEX_POINT('',#2836);
#2836 = CARTESIAN_POINT('',(1.8,-1.9,2.841926223421));
#2837 = SURFACE_CURVE('',#2838,(#2843,#2850),.PCURVE_S1.);
#2838 = CIRCLE('',#2839,1.8);
#2839 = AXIS2_PLACEMENT_3D('',#2840,#2841,#2842);
#2840 = CARTESIAN_POINT('',(2.277067423506E-13,-1.9,2.841926223421));
#2841 = DIRECTION('',(0.,1.,-2.22044604925E-16));
#2842 = DIRECTION('',(1.,0.,0.));
#2843 = PCURVE('',#2782,#2844);
#2844 = DEFINITIONAL_REPRESENTATION('',(#2845),#2849);
#2845 = LINE('',#2846,#2847);
#2846 = CARTESIAN_POINT('',(6.28318530718,0.));
#2847 = VECTOR('',#2848,1.);
#2848 = DIRECTION('',(-1.,0.));
#2849 = ( GEOMETRIC_REPRESENTATION_CONTEXT(2) 
PARAMETRIC_REPRESENTATION_CONTEXT() REPRESENTATION_CONTEXT('2D SPACE',''
  ) );
#2850 = PCURVE('',#2851,#2856);
#2851 = PLANE('',#2852);
#2852 = AXIS2_PLACEMENT_3D('',#2853,#2854,#2855);
#2853 = CARTESIAN_POINT('',(-0.863157894737,-1.9,2.862978855));
#2854 = DIRECTION('',(0.,1.,-2.22044604925E-16));
#2855 = DIRECTION('',(-1.,0.,0.));
#2856 = DEFINITIONAL_REPRESENTATION('',(#2857),#2861);
#2857 = CIRCLE('',#2858,1.8);
#2858 = AXIS2_PLACEMENT_2D('',#2859,#2860);
#2859 = CARTESIAN_POINT('',(-0.863157894737,-2.1052631579E-02));
#2860 = DIRECTION('',(-1.,0.));
#2861 = ( GEOMETRIC_REPRESENTATION_CONTEXT(2) 
PARAMETRIC_REPRESENTATION_CONTEXT() REPRESENTATION_CONTEXT('2D SPACE',''
  ) );
#2862 = ORIENTED_EDGE('',*,*,#2863,.T.);
#2863 = EDGE_CURVE('',#2835,#2773,#2864,.T.);
#2864 = SURFACE_CURVE('',#2865,(#2869,#2876),.PCURVE_S1.);
#2865 = LINE('',#2866,#2867);
#2866 = CARTESIAN_POINT('',(1.8,-1.9,2.841926223421));
#2867 = VECTOR('',#2868,1.);
#2868 = DIRECTION('',(0.,-1.,2.22044604925E-16));
#2869 = PCURVE('',#2782,#2870);
#2870 = DEFINITIONAL_REPRESENTATION('',(#2871),#2875);
#2871 = LINE('',#2872,#2873);
#2872 = CARTESIAN_POINT('',(6.28318530718,0.));
#2873 = VECTOR('',#2874,1.);
#2874 = DIRECTION('',(0.,1.));
#2875 = ( GEOMETRIC_REPRESENTATION_CONTEXT(2) 
PARAMETRIC_REPRESENTATION_CONTEXT() REPRESENTATION_CONTEXT('2D SPACE',''
  ) );
#2876 = PCURVE('',#2822,#2877);
#2877 = DEFINITIONAL_REPRESENTATION('',(#2878),#2882);
#2878 = LINE('',#2879,#2880);
#2879 = CARTESIAN_POINT('',(0.,0.));
#2880 = VECTOR('',#2881,1.);
#2881 = DIRECTION('',(0.,1.));
#2882 = ( GEOMETRIC_REPRESENTATION_CONTEXT(2) 
PARAMETRIC_REPRESENTATION_CONTEXT() REPRESENTATION_CONTEXT('2D SPACE',''
  ) );
#2883 = ADVANCED_FACE('',(#2884),#2899,.F.);
#2884 = FACE_BOUND('',#2885,.F.);
#2885 = EDGE_LOOP('',(#2886,#2917,#2945,#2969));
#2886 = ORIENTED_EDGE('',*,*,#2887,.F.);
#2887 = EDGE_CURVE('',#2888,#2890,#2892,.T.);
#2888 = VERTEX_POINT('',#2889);
#2889 = CARTESIAN_POINT('',(-3.2,-2.1,3.241926223421));
#2890 = VERTEX_POINT('',#2891);
#2891 = CARTESIAN_POINT('',(-3.258578643763,-2.1,3.383347579658));
#2892 = SURFACE_CURVE('',#2893,(#2898,#2910),.PCURVE_S1.);
#2893 = CIRCLE('',#2894,0.2);
#2894 = AXIS2_PLACEMENT_3D('',#2895,#2896,#2897);
#2895 = CARTESIAN_POINT('',(-3.4,-2.1,3.241926223421));
#2896 = DIRECTION('',(3.299050841687E-33,-1.,2.22044604925E-16));
#2897 = DIRECTION('',(0.707106781187,1.570092458684E-16,0.707106781187)
  );
#2898 = PCURVE('',#2899,#2904);
#2899 = CYLINDRICAL_SURFACE('',#2900,0.2);
#2900 = AXIS2_PLACEMENT_3D('',#2901,#2902,#2903);
#2901 = CARTESIAN_POINT('',(-3.4,-1.9,3.241926223421));
#2902 = DIRECTION('',(0.,-1.,2.22044604925E-16));
#2903 = DIRECTION('',(0.707106781187,1.570092458684E-16,0.707106781187)
  );
#2904 = DEFINITIONAL_REPRESENTATION('',(#2905),#2909);
#2905 = LINE('',#2906,#2907);
#2906 = CARTESIAN_POINT('',(-8.881784197001E-16,0.2));
#2907 = VECTOR('',#2908,1.);
#2908 = DIRECTION('',(1.,0.));
#2909 = ( GEOMETRIC_REPRESENTATION_CONTEXT(2) 
PARAMETRIC_REPRESENTATION_CONTEXT() REPRESENTATION_CONTEXT('2D SPACE',''
  ) );
#2910 = PCURVE('',#2794,#2911);
#2911 = DEFINITIONAL_REPRESENTATION('',(#2912),#2916);
#2912 = CIRCLE('',#2913,0.2);
#2913 = AXIS2_PLACEMENT_2D('',#2914,#2915);
#2914 = CARTESIAN_POINT('',(-5.2,0.4));
#2915 = DIRECTION('',(0.707106781187,0.707106781187));
#2916 = ( GEOMETRIC_REPRESENTATION_CONTEXT(2) 
PARAMETRIC_REPRESENTATION_CONTEXT() REPRESENTATION_CONTEXT('2D SPACE',''
  ) );
#2917 = ORIENTED_EDGE('',*,*,#2918,.F.);
#2918 = EDGE_CURVE('',#2919,#2888,#2921,.T.);
#2919 = VERTEX_POINT('',#2920);
#2920 = CARTESIAN_POINT('',(-3.2,-1.9,3.241926223421));
#2921 = SURFACE_CURVE('',#2922,(#2926,#2933),.PCURVE_S1.);
#2922 = LINE('',#2923,#2924);
#2923 = CARTESIAN_POINT('',(-3.2,-1.9,3.241926223421));
#2924 = VECTOR('',#2925,1.);
#2925 = DIRECTION('',(0.,-1.,2.22044604925E-16));
#2926 = PCURVE('',#2899,#2927);
#2927 = DEFINITIONAL_REPRESENTATION('',(#2928),#2932);
#2928 = LINE('',#2929,#2930);
#2929 = CARTESIAN_POINT('',(5.497787143782,0.));
#2930 = VECTOR('',#2931,1.);
#2931 = DIRECTION('',(0.,1.));
#2932 = ( GEOMETRIC_REPRESENTATION_CONTEXT(2) 
PARAMETRIC_REPRESENTATION_CONTEXT() REPRESENTATION_CONTEXT('2D SPACE',''
  ) );
#2933 = PCURVE('',#2934,#2939);
#2934 = PLANE('',#2935);
#2935 = AXIS2_PLACEMENT_3D('',#2936,#2937,#2938);
#2936 = CARTESIAN_POINT('',(-3.2,-1.9,2.241926223421));
#2937 = DIRECTION('',(-1.,0.,0.));
#2938 = DIRECTION('',(0.,-1.,2.22044604925E-16));
#2939 = DEFINITIONAL_REPRESENTATION('',(#2940),#2944);
#2940 = LINE('',#2941,#2942);
#2941 = CARTESIAN_POINT('',(2.22044604925E-16,1.));
#2942 = VECTOR('',#2943,1.);
#2943 = DIRECTION('',(1.,0.));
#2944 = ( GEOMETRIC_REPRESENTATION_CONTEXT(2) 
PARAMETRIC_REPRESENTATION_CONTEXT() REPRESENTATION_CONTEXT('2D SPACE',''
  ) );
#2945 = ORIENTED_EDGE('',*,*,#2946,.F.);
#2946 = EDGE_CURVE('',#2947,#2919,#2949,.T.);
#2947 = VERTEX_POINT('',#2948);
#2948 = CARTESIAN_POINT('',(-3.258578643763,-1.9,3.383347579658));
#2949 = SURFACE_CURVE('',#2950,(#2955,#2962),.PCURVE_S1.);
#2950 = CIRCLE('',#2951,0.2);
#2951 = AXIS2_PLACEMENT_3D('',#2952,#2953,#2954);
#2952 = CARTESIAN_POINT('',(-3.4,-1.9,3.241926223421));
#2953 = DIRECTION('',(-3.299050841687E-33,1.,-2.22044604925E-16));
#2954 = DIRECTION('',(0.707106781187,1.570092458684E-16,0.707106781187)
  );
#2955 = PCURVE('',#2899,#2956);
#2956 = DEFINITIONAL_REPRESENTATION('',(#2957),#2961);
#2957 = LINE('',#2958,#2959);
#2958 = CARTESIAN_POINT('',(6.28318530718,0.));
#2959 = VECTOR('',#2960,1.);
#2960 = DIRECTION('',(-1.,0.));
#2961 = ( GEOMETRIC_REPRESENTATION_CONTEXT(2) 
PARAMETRIC_REPRESENTATION_CONTEXT() REPRESENTATION_CONTEXT('2D SPACE',''
  ) );
#2962 = PCURVE('',#2851,#2963);
#2963 = DEFINITIONAL_REPRESENTATION('',(#2964),#2968);
#2964 = CIRCLE('',#2965,0.2);
#2965 = AXIS2_PLACEMENT_2D('',#2966,#2967);
#2966 = CARTESIAN_POINT('',(2.536842105263,0.378947368421));
#2967 = DIRECTION('',(-0.707106781187,0.707106781187));
#2968 = ( GEOMETRIC_REPRESENTATION_CONTEXT(2) 
PARAMETRIC_REPRESENTATION_CONTEXT() REPRESENTATION_CONTEXT('2D SPACE',''
  ) );
#2969 = ORIENTED_EDGE('',*,*,#2970,.T.);
#2970 = EDGE_CURVE('',#2947,#2890,#2971,.T.);
#2971 = SURFACE_CURVE('',#2972,(#2976,#2983),.PCURVE_S1.);
#2972 = LINE('',#2973,#2974);
#2973 = CARTESIAN_POINT('',(-3.258578643763,-1.9,3.383347579658));
#2974 = VECTOR('',#2975,1.);
#2975 = DIRECTION('',(0.,-1.,2.22044604925E-16));
#2976 = PCURVE('',#2899,#2977);
#2977 = DEFINITIONAL_REPRESENTATION('',(#2978),#2982);
#2978 = LINE('',#2979,#2980);
#2979 = CARTESIAN_POINT('',(6.28318530718,0.));
#2980 = VECTOR('',#2981,1.);
#2981 = DIRECTION('',(0.,1.));
#2982 = ( GEOMETRIC_REPRESENTATION_CONTEXT(2) 
PARAMETRIC_REPRESENTATION_CONTEXT() REPRESENTATION_CONTEXT('2D SPACE',''
  ) );
#2983 = PCURVE('',#2984,#2989);
#2984 = CYLINDRICAL_SURFACE('',#2985,0.2);
#2985 = AXIS2_PLACEMENT_3D('',#2986,#2987,#2988);
#2986 = CARTESIAN_POINT('',(-3.4,-1.9,3.241926223421));
#2987 = DIRECTION('',(0.,-1.,2.22044604925E-16));
#2988 = DIRECTION('',(0.707106781187,1.570092458684E-16,0.707106781187)
  );
#2989 = DEFINITIONAL_REPRESENTATION('',(#2990),#2994);
#2990 = LINE('',#2991,#2992);
#2991 = CARTESIAN_POINT('',(0.,0.));
#2992 = VECTOR('',#2993,1.);
#2993 = DIRECTION('',(0.,1.));
#2994 = ( GEOMETRIC_REPRESENTATION_CONTEXT(2) 
PARAMETRIC_REPRESENTATION_CONTEXT() REPRESENTATION_CONTEXT('2D SPACE',''
  ) );
#2995 = ADVANCED_FACE('',(#2996),#3011,.F.);
#2996 = FACE_BOUND('',#2997,.F.);
#2997 = EDGE_LOOP('',(#2998,#3029,#3057,#3081));
#2998 = ORIENTED_EDGE('',*,*,#2999,.F.);
#2999 = EDGE_CURVE('',#3000,#3002,#3004,.T.);
#3000 = VERTEX_POINT('',#3001);
#3001 = CARTESIAN_POINT('',(-3.4,-2.1,2.241926223421));
#3002 = VERTEX_POINT('',#3003);
#3003 = CARTESIAN_POINT('',(-3.258578643763,-2.1,2.300504867184));
#3004 = SURFACE_CURVE('',#3005,(#3010,#3022),.PCURVE_S1.);
#3005 = CIRCLE('',#3006,0.2);
#3006 = AXIS2_PLACEMENT_3D('',#3007,#3008,#3009);
#3007 = CARTESIAN_POINT('',(-3.4,-2.1,2.441926223421));
#3008 = DIRECTION('',(-3.299050841687E-33,-1.,2.22044604925E-16));
#3009 = DIRECTION('',(0.707106781187,-1.570092458684E-16,-0.707106781187
    ));
#3010 = PCURVE('',#3011,#3016);
#3011 = CYLINDRICAL_SURFACE('',#3012,0.2);
#3012 = AXIS2_PLACEMENT_3D('',#3013,#3014,#3015);
#3013 = CARTESIAN_POINT('',(-3.4,-1.9,2.441926223421));
#3014 = DIRECTION('',(0.,-1.,2.22044604925E-16));
#3015 = DIRECTION('',(0.707106781187,-1.570092458684E-16,-0.707106781187
    ));
#3016 = DEFINITIONAL_REPRESENTATION('',(#3017),#3021);
#3017 = LINE('',#3018,#3019);
#3018 = CARTESIAN_POINT('',(0.,0.2));
#3019 = VECTOR('',#3020,1.);
#3020 = DIRECTION('',(1.,0.));
#3021 = ( GEOMETRIC_REPRESENTATION_CONTEXT(2) 
PARAMETRIC_REPRESENTATION_CONTEXT() REPRESENTATION_CONTEXT('2D SPACE',''
  ) );
#3022 = PCURVE('',#2794,#3023);
#3023 = DEFINITIONAL_REPRESENTATION('',(#3024),#3028);
#3024 = CIRCLE('',#3025,0.2);
#3025 = AXIS2_PLACEMENT_2D('',#3026,#3027);
#3026 = CARTESIAN_POINT('',(-5.2,-0.4));
#3027 = DIRECTION('',(0.707106781187,-0.707106781187));
#3028 = ( GEOMETRIC_REPRESENTATION_CONTEXT(2) 
PARAMETRIC_REPRESENTATION_CONTEXT() REPRESENTATION_CONTEXT('2D SPACE',''
  ) );
#3029 = ORIENTED_EDGE('',*,*,#3030,.F.);
#3030 = EDGE_CURVE('',#3031,#3000,#3033,.T.);
#3031 = VERTEX_POINT('',#3032);
#3032 = CARTESIAN_POINT('',(-3.4,-1.9,2.241926223421));
#3033 = SURFACE_CURVE('',#3034,(#3038,#3045),.PCURVE_S1.);
#3034 = LINE('',#3035,#3036);
#3035 = CARTESIAN_POINT('',(-3.4,-1.9,2.241926223421));
#3036 = VECTOR('',#3037,1.);
#3037 = DIRECTION('',(0.,-1.,2.22044604925E-16));
#3038 = PCURVE('',#3011,#3039);
#3039 = DEFINITIONAL_REPRESENTATION('',(#3040),#3044);
#3040 = LINE('',#3041,#3042);
#3041 = CARTESIAN_POINT('',(5.497787143782,0.));
#3042 = VECTOR('',#3043,1.);
#3043 = DIRECTION('',(0.,1.));
#3044 = ( GEOMETRIC_REPRESENTATION_CONTEXT(2) 
PARAMETRIC_REPRESENTATION_CONTEXT() REPRESENTATION_CONTEXT('2D SPACE',''
  ) );
#3045 = PCURVE('',#3046,#3051);
#3046 = PLANE('',#3047);
#3047 = AXIS2_PLACEMENT_3D('',#3048,#3049,#3050);
#3048 = CARTESIAN_POINT('',(-3.9,-1.9,2.241926223421));
#3049 = DIRECTION('',(0.,2.22044604925E-16,1.));
#3050 = DIRECTION('',(0.,-1.,2.22044604925E-16));
#3051 = DEFINITIONAL_REPRESENTATION('',(#3052),#3056);
#3052 = LINE('',#3053,#3054);
#3053 = CARTESIAN_POINT('',(0.,0.5));
#3054 = VECTOR('',#3055,1.);
#3055 = DIRECTION('',(1.,0.));
#3056 = ( GEOMETRIC_REPRESENTATION_CONTEXT(2) 
PARAMETRIC_REPRESENTATION_CONTEXT() REPRESENTATION_CONTEXT('2D SPACE',''
  ) );
#3057 = ORIENTED_EDGE('',*,*,#3058,.F.);
#3058 = EDGE_CURVE('',#3059,#3031,#3061,.T.);
#3059 = VERTEX_POINT('',#3060);
#3060 = CARTESIAN_POINT('',(-3.258578643763,-1.9,2.300504867184));
#3061 = SURFACE_CURVE('',#3062,(#3067,#3074),.PCURVE_S1.);
#3062 = CIRCLE('',#3063,0.2);
#3063 = AXIS2_PLACEMENT_3D('',#3064,#3065,#3066);
#3064 = CARTESIAN_POINT('',(-3.4,-1.9,2.441926223421));
#3065 = DIRECTION('',(3.299050841687E-33,1.,-2.22044604925E-16));
#3066 = DIRECTION('',(0.707106781187,-1.570092458684E-16,-0.707106781187
    ));
#3067 = PCURVE('',#3011,#3068);
#3068 = DEFINITIONAL_REPRESENTATION('',(#3069),#3073);
#3069 = LINE('',#3070,#3071);
#3070 = CARTESIAN_POINT('',(6.28318530718,0.));
#3071 = VECTOR('',#3072,1.);
#3072 = DIRECTION('',(-1.,0.));
#3073 = ( GEOMETRIC_REPRESENTATION_CONTEXT(2) 
PARAMETRIC_REPRESENTATION_CONTEXT() REPRESENTATION_CONTEXT('2D SPACE',''
  ) );
#3074 = PCURVE('',#2851,#3075);
#3075 = DEFINITIONAL_REPRESENTATION('',(#3076),#3080);
#3076 = CIRCLE('',#3077,0.2);
#3077 = AXIS2_PLACEMENT_2D('',#3078,#3079);
#3078 = CARTESIAN_POINT('',(2.536842105263,-0.421052631579));
#3079 = DIRECTION('',(-0.707106781187,-0.707106781187));
#3080 = ( GEOMETRIC_REPRESENTATION_CONTEXT(2) 
PARAMETRIC_REPRESENTATION_CONTEXT() REPRESENTATION_CONTEXT('2D SPACE',''
  ) );
#3081 = ORIENTED_EDGE('',*,*,#3082,.T.);
#3082 = EDGE_CURVE('',#3059,#3002,#3083,.T.);
#3083 = SURFACE_CURVE('',#3084,(#3088,#3095),.PCURVE_S1.);
#3084 = LINE('',#3085,#3086);
#3085 = CARTESIAN_POINT('',(-3.258578643763,-1.9,2.300504867184));
#3086 = VECTOR('',#3087,1.);
#3087 = DIRECTION('',(0.,-1.,2.22044604925E-16));
#3088 = PCURVE('',#3011,#3089);
#3089 = DEFINITIONAL_REPRESENTATION('',(#3090),#3094);
#3090 = LINE('',#3091,#3092);
#3091 = CARTESIAN_POINT('',(6.28318530718,0.));
#3092 = VECTOR('',#3093,1.);
#3093 = DIRECTION('',(0.,1.));
#3094 = ( GEOMETRIC_REPRESENTATION_CONTEXT(2) 
PARAMETRIC_REPRESENTATION_CONTEXT() REPRESENTATION_CONTEXT('2D SPACE',''
  ) );
#3095 = PCURVE('',#3096,#3101);
#3096 = CYLINDRICAL_SURFACE('',#3097,0.2);
#3097 = AXIS2_PLACEMENT_3D('',#3098,#3099,#3100);
#3098 = CARTESIAN_POINT('',(-3.4,-1.9,2.441926223421));
#3099 = DIRECTION('',(0.,-1.,2.22044604925E-16));
#3100 = DIRECTION('',(0.707106781187,-1.570092458684E-16,-0.707106781187
    ));
#3101 = DEFINITIONAL_REPRESENTATION('',(#3102),#3106);
#3102 = LINE('',#3103,#3104);
#3103 = CARTESIAN_POINT('',(0.,0.));
#3104 = VECTOR('',#3105,1.);
#3105 = DIRECTION('',(0.,1.));
#3106 = ( GEOMETRIC_REPRESENTATION_CONTEXT(2) 
PARAMETRIC_REPRESENTATION_CONTEXT() REPRESENTATION_CONTEXT('2D SPACE',''
  ) );
#3107 = ADVANCED_FACE('',(#3108),#3123,.F.);
#3108 = FACE_BOUND('',#3109,.F.);
#3109 = EDGE_LOOP('',(#3110,#3141,#3169,#3193));
#3110 = ORIENTED_EDGE('',*,*,#3111,.F.);
#3111 = EDGE_CURVE('',#3112,#3114,#3116,.T.);
#3112 = VERTEX_POINT('',#3113);
#3113 = CARTESIAN_POINT('',(-2.355,-2.1,1.541926223421));
#3114 = VERTEX_POINT('',#3115);
#3115 = CARTESIAN_POINT('',(-2.413578643762,-2.1,1.683347579659));
#3116 = SURFACE_CURVE('',#3117,(#3122,#3134),.PCURVE_S1.);
#3117 = CIRCLE('',#3118,0.2);
#3118 = AXIS2_PLACEMENT_3D('',#3119,#3120,#3121);
#3119 = CARTESIAN_POINT('',(-2.555,-2.1,1.541926223421));
#3120 = DIRECTION('',(3.299050841687E-33,-1.,2.22044604925E-16));
#3121 = DIRECTION('',(0.707106781187,1.570092458684E-16,0.707106781187)
  );
#3122 = PCURVE('',#3123,#3128);
#3123 = CYLINDRICAL_SURFACE('',#3124,0.2);
#3124 = AXIS2_PLACEMENT_3D('',#3125,#3126,#3127);
#3125 = CARTESIAN_POINT('',(-2.555,-1.9,1.541926223421));
#3126 = DIRECTION('',(0.,-1.,2.22044604925E-16));
#3127 = DIRECTION('',(0.707106781187,1.570092458684E-16,0.707106781187)
  );
#3128 = DEFINITIONAL_REPRESENTATION('',(#3129),#3133);
#3129 = LINE('',#3130,#3131);
#3130 = CARTESIAN_POINT('',(-8.881784197001E-16,0.2));
#3131 = VECTOR('',#3132,1.);
#3132 = DIRECTION('',(1.,0.));
#3133 = ( GEOMETRIC_REPRESENTATION_CONTEXT(2) 
PARAMETRIC_REPRESENTATION_CONTEXT() REPRESENTATION_CONTEXT('2D SPACE',''
  ) );
#3134 = PCURVE('',#2794,#3135);
#3135 = DEFINITIONAL_REPRESENTATION('',(#3136),#3140);
#3136 = CIRCLE('',#3137,0.2);
#3137 = AXIS2_PLACEMENT_2D('',#3138,#3139);
#3138 = CARTESIAN_POINT('',(-4.355,-1.3));
#3139 = DIRECTION('',(0.707106781187,0.707106781187));
#3140 = ( GEOMETRIC_REPRESENTATION_CONTEXT(2) 
PARAMETRIC_REPRESENTATION_CONTEXT() REPRESENTATION_CONTEXT('2D SPACE',''
  ) );
#3141 = ORIENTED_EDGE('',*,*,#3142,.F.);
#3142 = EDGE_CURVE('',#3143,#3112,#3145,.T.);
#3143 = VERTEX_POINT('',#3144);
#3144 = CARTESIAN_POINT('',(-2.355,-1.9,1.541926223421));
#3145 = SURFACE_CURVE('',#3146,(#3150,#3157),.PCURVE_S1.);
#3146 = LINE('',#3147,#3148);
#3147 = CARTESIAN_POINT('',(-2.355,-1.9,1.541926223421));
#3148 = VECTOR('',#3149,1.);
#3149 = DIRECTION('',(0.,-1.,2.22044604925E-16));
#3150 = PCURVE('',#3123,#3151);
#3151 = DEFINITIONAL_REPRESENTATION('',(#3152),#3156);
#3152 = LINE('',#3153,#3154);
#3153 = CARTESIAN_POINT('',(5.497787143782,0.));
#3154 = VECTOR('',#3155,1.);
#3155 = DIRECTION('',(0.,1.));
#3156 = ( GEOMETRIC_REPRESENTATION_CONTEXT(2) 
PARAMETRIC_REPRESENTATION_CONTEXT() REPRESENTATION_CONTEXT('2D SPACE',''
  ) );
#3157 = PCURVE('',#3158,#3163);
#3158 = PLANE('',#3159);
#3159 = AXIS2_PLACEMENT_3D('',#3160,#3161,#3162);
#3160 = CARTESIAN_POINT('',(-2.355,-1.9,0.641926223421));
#3161 = DIRECTION('',(-1.,0.,0.));
#3162 = DIRECTION('',(0.,-1.,2.22044604925E-16));
#3163 = DEFINITIONAL_REPRESENTATION('',(#3164),#3168);
#3164 = LINE('',#3165,#3166);
#3165 = CARTESIAN_POINT('',(1.998401444325E-16,0.9));
#3166 = VECTOR('',#3167,1.);
#3167 = DIRECTION('',(1.,0.));
#3168 = ( GEOMETRIC_REPRESENTATION_CONTEXT(2) 
PARAMETRIC_REPRESENTATION_CONTEXT() REPRESENTATION_CONTEXT('2D SPACE',''
  ) );
#3169 = ORIENTED_EDGE('',*,*,#3170,.F.);
#3170 = EDGE_CURVE('',#3171,#3143,#3173,.T.);
#3171 = VERTEX_POINT('',#3172);
#3172 = CARTESIAN_POINT('',(-2.413578643762,-1.9,1.683347579659));
#3173 = SURFACE_CURVE('',#3174,(#3179,#3186),.PCURVE_S1.);
#3174 = CIRCLE('',#3175,0.2);
#3175 = AXIS2_PLACEMENT_3D('',#3176,#3177,#3178);
#3176 = CARTESIAN_POINT('',(-2.555,-1.9,1.541926223421));
#3177 = DIRECTION('',(-3.299050841687E-33,1.,-2.22044604925E-16));
#3178 = DIRECTION('',(0.707106781187,1.570092458684E-16,0.707106781187)
  );
#3179 = PCURVE('',#3123,#3180);
#3180 = DEFINITIONAL_REPRESENTATION('',(#3181),#3185);
#3181 = LINE('',#3182,#3183);
#3182 = CARTESIAN_POINT('',(6.28318530718,0.));
#3183 = VECTOR('',#3184,1.);
#3184 = DIRECTION('',(-1.,0.));
#3185 = ( GEOMETRIC_REPRESENTATION_CONTEXT(2) 
PARAMETRIC_REPRESENTATION_CONTEXT() REPRESENTATION_CONTEXT('2D SPACE',''
  ) );
#3186 = PCURVE('',#2851,#3187);
#3187 = DEFINITIONAL_REPRESENTATION('',(#3188),#3192);
#3188 = CIRCLE('',#3189,0.2);
#3189 = AXIS2_PLACEMENT_2D('',#3190,#3191);
#3190 = CARTESIAN_POINT('',(1.691842105263,-1.321052631579));
#3191 = DIRECTION('',(-0.707106781187,0.707106781187));
#3192 = ( GEOMETRIC_REPRESENTATION_CONTEXT(2) 
PARAMETRIC_REPRESENTATION_CONTEXT() REPRESENTATION_CONTEXT('2D SPACE',''
  ) );
#3193 = ORIENTED_EDGE('',*,*,#3194,.T.);
#3194 = EDGE_CURVE('',#3171,#3114,#3195,.T.);
#3195 = SURFACE_CURVE('',#3196,(#3200,#3207),.PCURVE_S1.);
#3196 = LINE('',#3197,#3198);
#3197 = CARTESIAN_POINT('',(-2.413578643762,-1.9,1.683347579659));
#3198 = VECTOR('',#3199,1.);
#3199 = DIRECTION('',(0.,-1.,2.22044604925E-16));
#3200 = PCURVE('',#3123,#3201);
#3201 = DEFINITIONAL_REPRESENTATION('',(#3202),#3206);
#3202 = LINE('',#3203,#3204);
#3203 = CARTESIAN_POINT('',(6.28318530718,0.));
#3204 = VECTOR('',#3205,1.);
#3205 = DIRECTION('',(0.,1.));
#3206 = ( GEOMETRIC_REPRESENTATION_CONTEXT(2) 
PARAMETRIC_REPRESENTATION_CONTEXT() REPRESENTATION_CONTEXT('2D SPACE',''
  ) );
#3207 = PCURVE('',#3208,#3213);
#3208 = CYLINDRICAL_SURFACE('',#3209,0.2);
#3209 = AXIS2_PLACEMENT_3D('',#3210,#3211,#3212);
#3210 = CARTESIAN_POINT('',(-2.555,-1.9,1.541926223421));
#3211 = DIRECTION('',(0.,-1.,2.22044604925E-16));
#3212 = DIRECTION('',(0.707106781187,1.570092458684E-16,0.707106781187)
  );
#3213 = DEFINITIONAL_REPRESENTATION('',(#3214),#3218);
#3214 = LINE('',#3215,#3216);
#3215 = CARTESIAN_POINT('',(0.,0.));
#3216 = VECTOR('',#3217,1.);
#3217 = DIRECTION('',(0.,1.));
#3218 = ( GEOMETRIC_REPRESENTATION_CONTEXT(2) 
PARAMETRIC_REPRESENTATION_CONTEXT() REPRESENTATION_CONTEXT('2D SPACE',''
  ) );
#3219 = ADVANCED_FACE('',(#3220),#3234,.T.);
#3220 = FACE_BOUND('',#3221,.T.);
#3221 = EDGE_LOOP('',(#3222,#3257,#3285,#3313));
#3222 = ORIENTED_EDGE('',*,*,#3223,.F.);
#3223 = EDGE_CURVE('',#3224,#3226,#3228,.T.);
#3224 = VERTEX_POINT('',#3225);
#3225 = CARTESIAN_POINT('',(-2.296421356237,-1.9,0.700504867184));
#3226 = VERTEX_POINT('',#3227);
#3227 = CARTESIAN_POINT('',(-2.296421356237,-2.1,0.700504867184));
#3228 = SURFACE_CURVE('',#3229,(#3233,#3245),.PCURVE_S1.);
#3229 = LINE('',#3230,#3231);
#3230 = CARTESIAN_POINT('',(-2.296421356237,-1.9,0.700504867184));
#3231 = VECTOR('',#3232,1.);
#3232 = DIRECTION('',(0.,-1.,2.22044604925E-16));
#3233 = PCURVE('',#3234,#3239);
#3234 = CYLINDRICAL_SURFACE('',#3235,0.2);
#3235 = AXIS2_PLACEMENT_3D('',#3236,#3237,#3238);
#3236 = CARTESIAN_POINT('',(-2.155,-1.9,0.841926223421));
#3237 = DIRECTION('',(0.,-1.,2.22044604925E-16));
#3238 = DIRECTION('',(-0.707106781187,-1.570092458684E-16,
    -0.707106781187));
#3239 = DEFINITIONAL_REPRESENTATION('',(#3240),#3244);
#3240 = LINE('',#3241,#3242);
#3241 = CARTESIAN_POINT('',(0.,0.));
#3242 = VECTOR('',#3243,1.);
#3243 = DIRECTION('',(0.,1.));
#3244 = ( GEOMETRIC_REPRESENTATION_CONTEXT(2) 
PARAMETRIC_REPRESENTATION_CONTEXT() REPRESENTATION_CONTEXT('2D SPACE',''
  ) );
#3245 = PCURVE('',#3246,#3251);
#3246 = CYLINDRICAL_SURFACE('',#3247,0.2);
#3247 = AXIS2_PLACEMENT_3D('',#3248,#3249,#3250);
#3248 = CARTESIAN_POINT('',(-2.155,-1.9,0.841926223421));
#3249 = DIRECTION('',(0.,-1.,2.22044604925E-16));
#3250 = DIRECTION('',(-0.707106781187,-1.570092458684E-16,
    -0.707106781187));
#3251 = DEFINITIONAL_REPRESENTATION('',(#3252),#3256);
#3252 = LINE('',#3253,#3254);
#3253 = CARTESIAN_POINT('',(6.28318530718,0.));
#3254 = VECTOR('',#3255,1.);
#3255 = DIRECTION('',(0.,1.));
#3256 = ( GEOMETRIC_REPRESENTATION_CONTEXT(2) 
PARAMETRIC_REPRESENTATION_CONTEXT() REPRESENTATION_CONTEXT('2D SPACE',''
  ) );
#3257 = ORIENTED_EDGE('',*,*,#3258,.T.);
#3258 = EDGE_CURVE('',#3224,#3259,#3261,.T.);
#3259 = VERTEX_POINT('',#3260);
#3260 = CARTESIAN_POINT('',(-2.155,-1.9,0.641926223421));
#3261 = SURFACE_CURVE('',#3262,(#3267,#3274),.PCURVE_S1.);
#3262 = CIRCLE('',#3263,0.2);
#3263 = AXIS2_PLACEMENT_3D('',#3264,#3265,#3266);
#3264 = CARTESIAN_POINT('',(-2.155,-1.9,0.841926223421));
#3265 = DIRECTION('',(3.299050841687E-33,-1.,2.22044604925E-16));
#3266 = DIRECTION('',(-0.707106781187,-1.570092458684E-16,
    -0.707106781187));
#3267 = PCURVE('',#3234,#3268);
#3268 = DEFINITIONAL_REPRESENTATION('',(#3269),#3273);
#3269 = LINE('',#3270,#3271);
#3270 = CARTESIAN_POINT('',(0.,0.));
#3271 = VECTOR('',#3272,1.);
#3272 = DIRECTION('',(1.,0.));
#3273 = ( GEOMETRIC_REPRESENTATION_CONTEXT(2) 
PARAMETRIC_REPRESENTATION_CONTEXT() REPRESENTATION_CONTEXT('2D SPACE',''
  ) );
#3274 = PCURVE('',#2851,#3275);
#3275 = DEFINITIONAL_REPRESENTATION('',(#3276),#3284);
#3276 = ( BOUNDED_CURVE() B_SPLINE_CURVE(2,(#3277,#3278,#3279,#3280,
#3281,#3282,#3283),.UNSPECIFIED.,.T.,.F.) B_SPLINE_CURVE_WITH_KNOTS((1,2
    ,2,2,2,1),(-2.094395102393,0.,2.094395102393,4.188790204786,
6.28318530718,8.377580409573),.UNSPECIFIED.) CURVE() 
GEOMETRIC_REPRESENTATION_ITEM() RATIONAL_B_SPLINE_CURVE((1.,0.5,1.,0.5,
1.,0.5,1.)) REPRESENTATION_ITEM('') );
#3277 = CARTESIAN_POINT('',(1.4332634615,-2.162473987816));
#3278 = CARTESIAN_POINT('',(1.188314487222,-2.407422962095));
#3279 = CARTESIAN_POINT('',(1.098656940005,-2.0728164406));
#3280 = CARTESIAN_POINT('',(1.008999392788,-1.738209919104));
#3281 = CARTESIAN_POINT('',(1.343605914284,-1.827867466321));
#3282 = CARTESIAN_POINT('',(1.678212435779,-1.917525013538));
#3283 = CARTESIAN_POINT('',(1.4332634615,-2.162473987816));
#3284 = ( GEOMETRIC_REPRESENTATION_CONTEXT(2) 
PARAMETRIC_REPRESENTATION_CONTEXT() REPRESENTATION_CONTEXT('2D SPACE',''
  ) );
#3285 = ORIENTED_EDGE('',*,*,#3286,.T.);
#3286 = EDGE_CURVE('',#3259,#3287,#3289,.T.);
#3287 = VERTEX_POINT('',#3288);
#3288 = CARTESIAN_POINT('',(-2.155,-2.1,0.641926223421));
#3289 = SURFACE_CURVE('',#3290,(#3294,#3301),.PCURVE_S1.);
#3290 = LINE('',#3291,#3292);
#3291 = CARTESIAN_POINT('',(-2.155,-1.9,0.641926223421));
#3292 = VECTOR('',#3293,1.);
#3293 = DIRECTION('',(0.,-1.,2.22044604925E-16));
#3294 = PCURVE('',#3234,#3295);
#3295 = DEFINITIONAL_REPRESENTATION('',(#3296),#3300);
#3296 = LINE('',#3297,#3298);
#3297 = CARTESIAN_POINT('',(0.785398163397,0.));
#3298 = VECTOR('',#3299,1.);
#3299 = DIRECTION('',(0.,1.));
#3300 = ( GEOMETRIC_REPRESENTATION_CONTEXT(2) 
PARAMETRIC_REPRESENTATION_CONTEXT() REPRESENTATION_CONTEXT('2D SPACE',''
  ) );
#3301 = PCURVE('',#3302,#3307);
#3302 = PLANE('',#3303);
#3303 = AXIS2_PLACEMENT_3D('',#3304,#3305,#3306);
#3304 = CARTESIAN_POINT('',(2.355,-1.9,0.641926223421));
#3305 = DIRECTION('',(0.,-2.22044604925E-16,-1.));
#3306 = DIRECTION('',(0.,1.,-2.22044604925E-16));
#3307 = DEFINITIONAL_REPRESENTATION('',(#3308),#3312);
#3308 = LINE('',#3309,#3310);
#3309 = CARTESIAN_POINT('',(0.,-4.51));
#3310 = VECTOR('',#3311,1.);
#3311 = DIRECTION('',(-1.,0.));
#3312 = ( GEOMETRIC_REPRESENTATION_CONTEXT(2) 
PARAMETRIC_REPRESENTATION_CONTEXT() REPRESENTATION_CONTEXT('2D SPACE',''
  ) );
#3313 = ORIENTED_EDGE('',*,*,#3314,.T.);
#3314 = EDGE_CURVE('',#3287,#3226,#3315,.T.);
#3315 = SURFACE_CURVE('',#3316,(#3321,#3328),.PCURVE_S1.);
#3316 = CIRCLE('',#3317,0.2);
#3317 = AXIS2_PLACEMENT_3D('',#3318,#3319,#3320);
#3318 = CARTESIAN_POINT('',(-2.155,-2.1,0.841926223421));
#3319 = DIRECTION('',(-3.299050841687E-33,1.,-2.22044604925E-16));
#3320 = DIRECTION('',(-0.707106781187,-1.570092458684E-16,
    -0.707106781187));
#3321 = PCURVE('',#3234,#3322);
#3322 = DEFINITIONAL_REPRESENTATION('',(#3323),#3327);
#3323 = LINE('',#3324,#3325);
#3324 = CARTESIAN_POINT('',(6.28318530718,0.2));
#3325 = VECTOR('',#3326,1.);
#3326 = DIRECTION('',(-1.,0.));
#3327 = ( GEOMETRIC_REPRESENTATION_CONTEXT(2) 
PARAMETRIC_REPRESENTATION_CONTEXT() REPRESENTATION_CONTEXT('2D SPACE',''
  ) );
#3328 = PCURVE('',#2794,#3329);
#3329 = DEFINITIONAL_REPRESENTATION('',(#3330),#3338);
#3330 = ( BOUNDED_CURVE() B_SPLINE_CURVE(2,(#3331,#3332,#3333,#3334,
#3335,#3336,#3337),.UNSPECIFIED.,.T.,.F.) B_SPLINE_CURVE_WITH_KNOTS((1,2
    ,2,2,2,1),(-2.094395102393,0.,2.094395102393,4.188790204786,
6.28318530718,8.377580409573),.UNSPECIFIED.) CURVE() 
GEOMETRIC_REPRESENTATION_ITEM() RATIONAL_B_SPLINE_CURVE((1.,0.5,1.,0.5,
1.,0.5,1.)) REPRESENTATION_ITEM('') );
#3331 = CARTESIAN_POINT('',(-4.096421356237,-2.141421356237));
#3332 = CARTESIAN_POINT('',(-4.341370330516,-1.896472381959));
#3333 = CARTESIAN_POINT('',(-4.006763809021,-1.806814834742));
#3334 = CARTESIAN_POINT('',(-3.672157287525,-1.717157287525));
#3335 = CARTESIAN_POINT('',(-3.761814834742,-2.051763809021));
#3336 = CARTESIAN_POINT('',(-3.851472381959,-2.386370330516));
#3337 = CARTESIAN_POINT('',(-4.096421356237,-2.141421356237));
#3338 = ( GEOMETRIC_REPRESENTATION_CONTEXT(2) 
PARAMETRIC_REPRESENTATION_CONTEXT() REPRESENTATION_CONTEXT('2D SPACE',''
  ) );
#3339 = ADVANCED_FACE('',(#3340),#3355,.F.);
#3340 = FACE_BOUND('',#3341,.F.);
#3341 = EDGE_LOOP('',(#3342,#3373,#3401,#3425));
#3342 = ORIENTED_EDGE('',*,*,#3343,.F.);
#3343 = EDGE_CURVE('',#3344,#3346,#3348,.T.);
#3344 = VERTEX_POINT('',#3345);
#3345 = CARTESIAN_POINT('',(-2.5,-2.1,3.941926223421));
#3346 = VERTEX_POINT('',#3347);
#3347 = CARTESIAN_POINT('',(-2.358578643763,-2.1,4.000504867184));
#3348 = SURFACE_CURVE('',#3349,(#3354,#3366),.PCURVE_S1.);
#3349 = CIRCLE('',#3350,0.2);
#3350 = AXIS2_PLACEMENT_3D('',#3351,#3352,#3353);
#3351 = CARTESIAN_POINT('',(-2.5,-2.1,4.141926223421));
#3352 = DIRECTION('',(-3.299050841687E-33,-1.,2.22044604925E-16));
#3353 = DIRECTION('',(0.707106781187,-1.570092458684E-16,-0.707106781187
    ));
#3354 = PCURVE('',#3355,#3360);
#3355 = CYLINDRICAL_SURFACE('',#3356,0.2);
#3356 = AXIS2_PLACEMENT_3D('',#3357,#3358,#3359);
#3357 = CARTESIAN_POINT('',(-2.5,-1.9,4.141926223421));
#3358 = DIRECTION('',(0.,-1.,2.22044604925E-16));
#3359 = DIRECTION('',(0.707106781187,-1.570092458684E-16,-0.707106781187
    ));
#3360 = DEFINITIONAL_REPRESENTATION('',(#3361),#3365);
#3361 = LINE('',#3362,#3363);
#3362 = CARTESIAN_POINT('',(0.,0.2));
#3363 = VECTOR('',#3364,1.);
#3364 = DIRECTION('',(1.,0.));
#3365 = ( GEOMETRIC_REPRESENTATION_CONTEXT(2) 
PARAMETRIC_REPRESENTATION_CONTEXT() REPRESENTATION_CONTEXT('2D SPACE',''
  ) );
#3366 = PCURVE('',#2794,#3367);
#3367 = DEFINITIONAL_REPRESENTATION('',(#3368),#3372);
#3368 = CIRCLE('',#3369,0.2);
#3369 = AXIS2_PLACEMENT_2D('',#3370,#3371);
#3370 = CARTESIAN_POINT('',(-4.3,1.3));
#3371 = DIRECTION('',(0.707106781187,-0.707106781187));
#3372 = ( GEOMETRIC_REPRESENTATION_CONTEXT(2) 
PARAMETRIC_REPRESENTATION_CONTEXT() REPRESENTATION_CONTEXT('2D SPACE',''
  ) );
#3373 = ORIENTED_EDGE('',*,*,#3374,.F.);
#3374 = EDGE_CURVE('',#3375,#3344,#3377,.T.);
#3375 = VERTEX_POINT('',#3376);
#3376 = CARTESIAN_POINT('',(-2.5,-1.9,3.941926223421));
#3377 = SURFACE_CURVE('',#3378,(#3382,#3389),.PCURVE_S1.);
#3378 = LINE('',#3379,#3380);
#3379 = CARTESIAN_POINT('',(-2.5,-1.9,3.941926223421));
#3380 = VECTOR('',#3381,1.);
#3381 = DIRECTION('',(0.,-1.,2.22044604925E-16));
#3382 = PCURVE('',#3355,#3383);
#3383 = DEFINITIONAL_REPRESENTATION('',(#3384),#3388);
#3384 = LINE('',#3385,#3386);
#3385 = CARTESIAN_POINT('',(5.497787143782,0.));
#3386 = VECTOR('',#3387,1.);
#3387 = DIRECTION('',(0.,1.));
#3388 = ( GEOMETRIC_REPRESENTATION_CONTEXT(2) 
PARAMETRIC_REPRESENTATION_CONTEXT() REPRESENTATION_CONTEXT('2D SPACE',''
  ) );
#3389 = PCURVE('',#3390,#3395);
#3390 = PLANE('',#3391);
#3391 = AXIS2_PLACEMENT_3D('',#3392,#3393,#3394);
#3392 = CARTESIAN_POINT('',(-3.9,-1.9,3.941926223421));
#3393 = DIRECTION('',(0.,2.22044604925E-16,1.));
#3394 = DIRECTION('',(0.,-1.,2.22044604925E-16));
#3395 = DEFINITIONAL_REPRESENTATION('',(#3396),#3400);
#3396 = LINE('',#3397,#3398);
#3397 = CARTESIAN_POINT('',(0.,1.4));
#3398 = VECTOR('',#3399,1.);
#3399 = DIRECTION('',(1.,0.));
#3400 = ( GEOMETRIC_REPRESENTATION_CONTEXT(2) 
PARAMETRIC_REPRESENTATION_CONTEXT() REPRESENTATION_CONTEXT('2D SPACE',''
  ) );
#3401 = ORIENTED_EDGE('',*,*,#3402,.F.);
#3402 = EDGE_CURVE('',#3403,#3375,#3405,.T.);
#3403 = VERTEX_POINT('',#3404);
#3404 = CARTESIAN_POINT('',(-2.358578643763,-1.9,4.000504867184));
#3405 = SURFACE_CURVE('',#3406,(#3411,#3418),.PCURVE_S1.);
#3406 = CIRCLE('',#3407,0.2);
#3407 = AXIS2_PLACEMENT_3D('',#3408,#3409,#3410);
#3408 = CARTESIAN_POINT('',(-2.5,-1.9,4.141926223421));
#3409 = DIRECTION('',(3.299050841687E-33,1.,-2.22044604925E-16));
#3410 = DIRECTION('',(0.707106781187,-1.570092458684E-16,-0.707106781187
    ));
#3411 = PCURVE('',#3355,#3412);
#3412 = DEFINITIONAL_REPRESENTATION('',(#3413),#3417);
#3413 = LINE('',#3414,#3415);
#3414 = CARTESIAN_POINT('',(6.28318530718,0.));
#3415 = VECTOR('',#3416,1.);
#3416 = DIRECTION('',(-1.,0.));
#3417 = ( GEOMETRIC_REPRESENTATION_CONTEXT(2) 
PARAMETRIC_REPRESENTATION_CONTEXT() REPRESENTATION_CONTEXT('2D SPACE',''
  ) );
#3418 = PCURVE('',#2851,#3419);
#3419 = DEFINITIONAL_REPRESENTATION('',(#3420),#3424);
#3420 = CIRCLE('',#3421,0.2);
#3421 = AXIS2_PLACEMENT_2D('',#3422,#3423);
#3422 = CARTESIAN_POINT('',(1.636842105263,1.278947368421));
#3423 = DIRECTION('',(-0.707106781187,-0.707106781187));
#3424 = ( GEOMETRIC_REPRESENTATION_CONTEXT(2) 
PARAMETRIC_REPRESENTATION_CONTEXT() REPRESENTATION_CONTEXT('2D SPACE',''
  ) );
#3425 = ORIENTED_EDGE('',*,*,#3426,.T.);
#3426 = EDGE_CURVE('',#3403,#3346,#3427,.T.);
#3427 = SURFACE_CURVE('',#3428,(#3432,#3439),.PCURVE_S1.);
#3428 = LINE('',#3429,#3430);
#3429 = CARTESIAN_POINT('',(-2.358578643763,-1.9,4.000504867184));
#3430 = VECTOR('',#3431,1.);
#3431 = DIRECTION('',(0.,-1.,2.22044604925E-16));
#3432 = PCURVE('',#3355,#3433);
#3433 = DEFINITIONAL_REPRESENTATION('',(#3434),#3438);
#3434 = LINE('',#3435,#3436);
#3435 = CARTESIAN_POINT('',(6.28318530718,0.));
#3436 = VECTOR('',#3437,1.);
#3437 = DIRECTION('',(0.,1.));
#3438 = ( GEOMETRIC_REPRESENTATION_CONTEXT(2) 
PARAMETRIC_REPRESENTATION_CONTEXT() REPRESENTATION_CONTEXT('2D SPACE',''
  ) );
#3439 = PCURVE('',#3440,#3445);
#3440 = CYLINDRICAL_SURFACE('',#3441,0.2);
#3441 = AXIS2_PLACEMENT_3D('',#3442,#3443,#3444);
#3442 = CARTESIAN_POINT('',(-2.5,-1.9,4.141926223421));
#3443 = DIRECTION('',(0.,-1.,2.22044604925E-16));
#3444 = DIRECTION('',(0.707106781187,-1.570092458684E-16,-0.707106781187
    ));
#3445 = DEFINITIONAL_REPRESENTATION('',(#3446),#3450);
#3446 = LINE('',#3447,#3448);
#3447 = CARTESIAN_POINT('',(0.,0.));
#3448 = VECTOR('',#3449,1.);
#3449 = DIRECTION('',(0.,1.));
#3450 = ( GEOMETRIC_REPRESENTATION_CONTEXT(2) 
PARAMETRIC_REPRESENTATION_CONTEXT() REPRESENTATION_CONTEXT('2D SPACE',''
  ) );
#3451 = ADVANCED_FACE('',(#3452),#3466,.T.);
#3452 = FACE_BOUND('',#3453,.T.);
#3453 = EDGE_LOOP('',(#3454,#3489,#3517,#3545));
#3454 = ORIENTED_EDGE('',*,*,#3455,.F.);
#3455 = EDGE_CURVE('',#3456,#3458,#3460,.T.);
#3456 = VERTEX_POINT('',#3457);
#3457 = CARTESIAN_POINT('',(2.296421356237,-1.9,0.700504867184));
#3458 = VERTEX_POINT('',#3459);
#3459 = CARTESIAN_POINT('',(2.296421356237,-2.1,0.700504867184));
#3460 = SURFACE_CURVE('',#3461,(#3465,#3477),.PCURVE_S1.);
#3461 = LINE('',#3462,#3463);
#3462 = CARTESIAN_POINT('',(2.296421356237,-1.9,0.700504867184));
#3463 = VECTOR('',#3464,1.);
#3464 = DIRECTION('',(0.,-1.,2.22044604925E-16));
#3465 = PCURVE('',#3466,#3471);
#3466 = CYLINDRICAL_SURFACE('',#3467,0.2);
#3467 = AXIS2_PLACEMENT_3D('',#3468,#3469,#3470);
#3468 = CARTESIAN_POINT('',(2.155,-1.9,0.841926223421));
#3469 = DIRECTION('',(0.,-1.,2.22044604925E-16));
#3470 = DIRECTION('',(0.707106781187,-1.570092458684E-16,-0.707106781187
    ));
#3471 = DEFINITIONAL_REPRESENTATION('',(#3472),#3476);
#3472 = LINE('',#3473,#3474);
#3473 = CARTESIAN_POINT('',(0.,0.));
#3474 = VECTOR('',#3475,1.);
#3475 = DIRECTION('',(0.,1.));
#3476 = ( GEOMETRIC_REPRESENTATION_CONTEXT(2) 
PARAMETRIC_REPRESENTATION_CONTEXT() REPRESENTATION_CONTEXT('2D SPACE',''
  ) );
#3477 = PCURVE('',#3478,#3483);
#3478 = CYLINDRICAL_SURFACE('',#3479,0.2);
#3479 = AXIS2_PLACEMENT_3D('',#3480,#3481,#3482);
#3480 = CARTESIAN_POINT('',(2.155,-1.9,0.841926223421));
#3481 = DIRECTION('',(0.,-1.,2.22044604925E-16));
#3482 = DIRECTION('',(0.707106781187,-1.570092458684E-16,-0.707106781187
    ));
#3483 = DEFINITIONAL_REPRESENTATION('',(#3484),#3488);
#3484 = LINE('',#3485,#3486);
#3485 = CARTESIAN_POINT('',(6.28318530718,0.));
#3486 = VECTOR('',#3487,1.);
#3487 = DIRECTION('',(0.,1.));
#3488 = ( GEOMETRIC_REPRESENTATION_CONTEXT(2) 
PARAMETRIC_REPRESENTATION_CONTEXT() REPRESENTATION_CONTEXT('2D SPACE',''
  ) );
#3489 = ORIENTED_EDGE('',*,*,#3490,.T.);
#3490 = EDGE_CURVE('',#3456,#3491,#3493,.T.);
#3491 = VERTEX_POINT('',#3492);
#3492 = CARTESIAN_POINT('',(2.355,-1.9,0.841926223421));
#3493 = SURFACE_CURVE('',#3494,(#3499,#3506),.PCURVE_S1.);
#3494 = CIRCLE('',#3495,0.2);
#3495 = AXIS2_PLACEMENT_3D('',#3496,#3497,#3498);
#3496 = CARTESIAN_POINT('',(2.155,-1.9,0.841926223421));
#3497 = DIRECTION('',(-3.299050841687E-33,-1.,2.22044604925E-16));
#3498 = DIRECTION('',(0.707106781187,-1.570092458684E-16,-0.707106781187
    ));
#3499 = PCURVE('',#3466,#3500);
#3500 = DEFINITIONAL_REPRESENTATION('',(#3501),#3505);
#3501 = LINE('',#3502,#3503);
#3502 = CARTESIAN_POINT('',(0.,0.));
#3503 = VECTOR('',#3504,1.);
#3504 = DIRECTION('',(1.,0.));
#3505 = ( GEOMETRIC_REPRESENTATION_CONTEXT(2) 
PARAMETRIC_REPRESENTATION_CONTEXT() REPRESENTATION_CONTEXT('2D SPACE',''
  ) );
#3506 = PCURVE('',#2851,#3507);
#3507 = DEFINITIONAL_REPRESENTATION('',(#3508),#3516);
#3508 = ( BOUNDED_CURVE() B_SPLINE_CURVE(2,(#3509,#3510,#3511,#3512,
#3513,#3514,#3515),.UNSPECIFIED.,.T.,.F.) B_SPLINE_CURVE_WITH_KNOTS((1,2
    ,2,2,2,1),(-2.094395102393,0.,2.094395102393,4.188790204786,
6.28318530718,8.377580409573),.UNSPECIFIED.) CURVE() 
GEOMETRIC_REPRESENTATION_ITEM() RATIONAL_B_SPLINE_CURVE((1.,0.5,1.,0.5,
1.,0.5,1.)) REPRESENTATION_ITEM('') );
#3509 = CARTESIAN_POINT('',(-3.159579250974,-2.162473987816));
#3510 = CARTESIAN_POINT('',(-3.404528225253,-1.917525013538));
#3511 = CARTESIAN_POINT('',(-3.069921703758,-1.827867466321));
#3512 = CARTESIAN_POINT('',(-2.735315182262,-1.738209919104));
#3513 = CARTESIAN_POINT('',(-2.824972729479,-2.0728164406));
#3514 = CARTESIAN_POINT('',(-2.914630276696,-2.407422962095));
#3515 = CARTESIAN_POINT('',(-3.159579250974,-2.162473987816));
#3516 = ( GEOMETRIC_REPRESENTATION_CONTEXT(2) 
PARAMETRIC_REPRESENTATION_CONTEXT() REPRESENTATION_CONTEXT('2D SPACE',''
  ) );
#3517 = ORIENTED_EDGE('',*,*,#3518,.T.);
#3518 = EDGE_CURVE('',#3491,#3519,#3521,.T.);
#3519 = VERTEX_POINT('',#3520);
#3520 = CARTESIAN_POINT('',(2.355,-2.1,0.841926223421));
#3521 = SURFACE_CURVE('',#3522,(#3526,#3533),.PCURVE_S1.);
#3522 = LINE('',#3523,#3524);
#3523 = CARTESIAN_POINT('',(2.355,-1.9,0.841926223421));
#3524 = VECTOR('',#3525,1.);
#3525 = DIRECTION('',(0.,-1.,2.22044604925E-16));
#3526 = PCURVE('',#3466,#3527);
#3527 = DEFINITIONAL_REPRESENTATION('',(#3528),#3532);
#3528 = LINE('',#3529,#3530);
#3529 = CARTESIAN_POINT('',(0.785398163397,0.));
#3530 = VECTOR('',#3531,1.);
#3531 = DIRECTION('',(0.,1.));
#3532 = ( GEOMETRIC_REPRESENTATION_CONTEXT(2) 
PARAMETRIC_REPRESENTATION_CONTEXT() REPRESENTATION_CONTEXT('2D SPACE',''
  ) );
#3533 = PCURVE('',#3534,#3539);
#3534 = PLANE('',#3535);
#3535 = AXIS2_PLACEMENT_3D('',#3536,#3537,#3538);
#3536 = CARTESIAN_POINT('',(2.355,-1.9,1.741926223421));
#3537 = DIRECTION('',(1.,0.,0.));
#3538 = DIRECTION('',(0.,1.,-2.22044604925E-16));
#3539 = DEFINITIONAL_REPRESENTATION('',(#3540),#3544);
#3540 = LINE('',#3541,#3542);
#3541 = CARTESIAN_POINT('',(1.998401444325E-16,-0.9));
#3542 = VECTOR('',#3543,1.);
#3543 = DIRECTION('',(-1.,0.));
#3544 = ( GEOMETRIC_REPRESENTATION_CONTEXT(2) 
PARAMETRIC_REPRESENTATION_CONTEXT() REPRESENTATION_CONTEXT('2D SPACE',''
  ) );
#3545 = ORIENTED_EDGE('',*,*,#3546,.T.);
#3546 = EDGE_CURVE('',#3519,#3458,#3547,.T.);
#3547 = SURFACE_CURVE('',#3548,(#3553,#3560),.PCURVE_S1.);
#3548 = CIRCLE('',#3549,0.2);
#3549 = AXIS2_PLACEMENT_3D('',#3550,#3551,#3552);
#3550 = CARTESIAN_POINT('',(2.155,-2.1,0.841926223421));
#3551 = DIRECTION('',(3.299050841687E-33,1.,-2.22044604925E-16));
#3552 = DIRECTION('',(0.707106781187,-1.570092458684E-16,-0.707106781187
    ));
#3553 = PCURVE('',#3466,#3554);
#3554 = DEFINITIONAL_REPRESENTATION('',(#3555),#3559);
#3555 = LINE('',#3556,#3557);
#3556 = CARTESIAN_POINT('',(6.28318530718,0.2));
#3557 = VECTOR('',#3558,1.);
#3558 = DIRECTION('',(-1.,0.));
#3559 = ( GEOMETRIC_REPRESENTATION_CONTEXT(2) 
PARAMETRIC_REPRESENTATION_CONTEXT() REPRESENTATION_CONTEXT('2D SPACE',''
  ) );
#3560 = PCURVE('',#2794,#3561);
#3561 = DEFINITIONAL_REPRESENTATION('',(#3562),#3570);
#3562 = ( BOUNDED_CURVE() B_SPLINE_CURVE(2,(#3563,#3564,#3565,#3566,
#3567,#3568,#3569),.UNSPECIFIED.,.T.,.F.) B_SPLINE_CURVE_WITH_KNOTS((1,2
    ,2,2,2,1),(-2.094395102393,0.,2.094395102393,4.188790204786,
6.28318530718,8.377580409573),.UNSPECIFIED.) CURVE() 
GEOMETRIC_REPRESENTATION_ITEM() RATIONAL_B_SPLINE_CURVE((1.,0.5,1.,0.5,
1.,0.5,1.)) REPRESENTATION_ITEM('') );
#3563 = CARTESIAN_POINT('',(0.496421356237,-2.141421356237));
#3564 = CARTESIAN_POINT('',(0.251472381959,-2.386370330516));
#3565 = CARTESIAN_POINT('',(0.161814834742,-2.051763809021));
#3566 = CARTESIAN_POINT('',(7.215728752538E-02,-1.717157287525));
#3567 = CARTESIAN_POINT('',(0.406763809021,-1.806814834742));
#3568 = CARTESIAN_POINT('',(0.741370330516,-1.896472381959));
#3569 = CARTESIAN_POINT('',(0.496421356237,-2.141421356237));
#3570 = ( GEOMETRIC_REPRESENTATION_CONTEXT(2) 
PARAMETRIC_REPRESENTATION_CONTEXT() REPRESENTATION_CONTEXT('2D SPACE',''
  ) );
#3571 = ADVANCED_FACE('',(#3572),#3587,.F.);
#3572 = FACE_BOUND('',#3573,.F.);
#3573 = EDGE_LOOP('',(#3574,#3605,#3633,#3657));
#3574 = ORIENTED_EDGE('',*,*,#3575,.F.);
#3575 = EDGE_CURVE('',#3576,#3578,#3580,.T.);
#3576 = VERTEX_POINT('',#3577);
#3577 = CARTESIAN_POINT('',(2.555,-2.1,1.741926223421));
#3578 = VERTEX_POINT('',#3579);
#3579 = CARTESIAN_POINT('',(2.413578643763,-2.1,1.683347579659));
#3580 = SURFACE_CURVE('',#3581,(#3586,#3598),.PCURVE_S1.);
#3581 = CIRCLE('',#3582,0.2);
#3582 = AXIS2_PLACEMENT_3D('',#3583,#3584,#3585);
#3583 = CARTESIAN_POINT('',(2.555,-2.1,1.541926223421));
#3584 = DIRECTION('',(-3.299050841687E-33,-1.,2.22044604925E-16));
#3585 = DIRECTION('',(-0.707106781187,1.570092458684E-16,0.707106781187)
  );
#3586 = PCURVE('',#3587,#3592);
#3587 = CYLINDRICAL_SURFACE('',#3588,0.2);
#3588 = AXIS2_PLACEMENT_3D('',#3589,#3590,#3591);
#3589 = CARTESIAN_POINT('',(2.555,-1.9,1.541926223421));
#3590 = DIRECTION('',(0.,-1.,2.22044604925E-16));
#3591 = DIRECTION('',(-0.707106781187,1.570092458684E-16,0.707106781187)
  );
#3592 = DEFINITIONAL_REPRESENTATION('',(#3593),#3597);
#3593 = LINE('',#3594,#3595);
#3594 = CARTESIAN_POINT('',(-8.881784197001E-16,0.2));
#3595 = VECTOR('',#3596,1.);
#3596 = DIRECTION('',(1.,0.));
#3597 = ( GEOMETRIC_REPRESENTATION_CONTEXT(2) 
PARAMETRIC_REPRESENTATION_CONTEXT() REPRESENTATION_CONTEXT('2D SPACE',''
  ) );
#3598 = PCURVE('',#2794,#3599);
#3599 = DEFINITIONAL_REPRESENTATION('',(#3600),#3604);
#3600 = CIRCLE('',#3601,0.2);
#3601 = AXIS2_PLACEMENT_2D('',#3602,#3603);
#3602 = CARTESIAN_POINT('',(0.755,-1.3));
#3603 = DIRECTION('',(-0.707106781187,0.707106781187));
#3604 = ( GEOMETRIC_REPRESENTATION_CONTEXT(2) 
PARAMETRIC_REPRESENTATION_CONTEXT() REPRESENTATION_CONTEXT('2D SPACE',''
  ) );
#3605 = ORIENTED_EDGE('',*,*,#3606,.F.);
#3606 = EDGE_CURVE('',#3607,#3576,#3609,.T.);
#3607 = VERTEX_POINT('',#3608);
#3608 = CARTESIAN_POINT('',(2.555,-1.9,1.741926223421));
#3609 = SURFACE_CURVE('',#3610,(#3614,#3621),.PCURVE_S1.);
#3610 = LINE('',#3611,#3612);
#3611 = CARTESIAN_POINT('',(2.555,-1.9,1.741926223421));
#3612 = VECTOR('',#3613,1.);
#3613 = DIRECTION('',(0.,-1.,2.22044604925E-16));
#3614 = PCURVE('',#3587,#3615);
#3615 = DEFINITIONAL_REPRESENTATION('',(#3616),#3620);
#3616 = LINE('',#3617,#3618);
#3617 = CARTESIAN_POINT('',(5.497787143782,0.));
#3618 = VECTOR('',#3619,1.);
#3619 = DIRECTION('',(0.,1.));
#3620 = ( GEOMETRIC_REPRESENTATION_CONTEXT(2) 
PARAMETRIC_REPRESENTATION_CONTEXT() REPRESENTATION_CONTEXT('2D SPACE',''
  ) );
#3621 = PCURVE('',#3622,#3627);
#3622 = PLANE('',#3623);
#3623 = AXIS2_PLACEMENT_3D('',#3624,#3625,#3626);
#3624 = CARTESIAN_POINT('',(2.8,-1.9,1.741926223421));
#3625 = DIRECTION('',(0.,-2.22044604925E-16,-1.));
#3626 = DIRECTION('',(0.,1.,-2.22044604925E-16));
#3627 = DEFINITIONAL_REPRESENTATION('',(#3628),#3632);
#3628 = LINE('',#3629,#3630);
#3629 = CARTESIAN_POINT('',(0.,-0.245));
#3630 = VECTOR('',#3631,1.);
#3631 = DIRECTION('',(-1.,0.));
#3632 = ( GEOMETRIC_REPRESENTATION_CONTEXT(2) 
PARAMETRIC_REPRESENTATION_CONTEXT() REPRESENTATION_CONTEXT('2D SPACE',''
  ) );
#3633 = ORIENTED_EDGE('',*,*,#3634,.F.);
#3634 = EDGE_CURVE('',#3635,#3607,#3637,.T.);
#3635 = VERTEX_POINT('',#3636);
#3636 = CARTESIAN_POINT('',(2.413578643763,-1.9,1.683347579659));
#3637 = SURFACE_CURVE('',#3638,(#3643,#3650),.PCURVE_S1.);
#3638 = CIRCLE('',#3639,0.2);
#3639 = AXIS2_PLACEMENT_3D('',#3640,#3641,#3642);
#3640 = CARTESIAN_POINT('',(2.555,-1.9,1.541926223421));
#3641 = DIRECTION('',(3.299050841687E-33,1.,-2.22044604925E-16));
#3642 = DIRECTION('',(-0.707106781187,1.570092458684E-16,0.707106781187)
  );
#3643 = PCURVE('',#3587,#3644);
#3644 = DEFINITIONAL_REPRESENTATION('',(#3645),#3649);
#3645 = LINE('',#3646,#3647);
#3646 = CARTESIAN_POINT('',(6.28318530718,0.));
#3647 = VECTOR('',#3648,1.);
#3648 = DIRECTION('',(-1.,0.));
#3649 = ( GEOMETRIC_REPRESENTATION_CONTEXT(2) 
PARAMETRIC_REPRESENTATION_CONTEXT() REPRESENTATION_CONTEXT('2D SPACE',''
  ) );
#3650 = PCURVE('',#2851,#3651);
#3651 = DEFINITIONAL_REPRESENTATION('',(#3652),#3656);
#3652 = CIRCLE('',#3653,0.2);
#3653 = AXIS2_PLACEMENT_2D('',#3654,#3655);
#3654 = CARTESIAN_POINT('',(-3.418157894737,-1.321052631579));
#3655 = DIRECTION('',(0.707106781187,0.707106781187));
#3656 = ( GEOMETRIC_REPRESENTATION_CONTEXT(2) 
PARAMETRIC_REPRESENTATION_CONTEXT() REPRESENTATION_CONTEXT('2D SPACE',''
  ) );
#3657 = ORIENTED_EDGE('',*,*,#3658,.T.);
#3658 = EDGE_CURVE('',#3635,#3578,#3659,.T.);
#3659 = SURFACE_CURVE('',#3660,(#3664,#3671),.PCURVE_S1.);
#3660 = LINE('',#3661,#3662);
#3661 = CARTESIAN_POINT('',(2.413578643763,-1.9,1.683347579659));
#3662 = VECTOR('',#3663,1.);
#3663 = DIRECTION('',(0.,-1.,2.22044604925E-16));
#3664 = PCURVE('',#3587,#3665);
#3665 = DEFINITIONAL_REPRESENTATION('',(#3666),#3670);
#3666 = LINE('',#3667,#3668);
#3667 = CARTESIAN_POINT('',(6.28318530718,0.));
#3668 = VECTOR('',#3669,1.);
#3669 = DIRECTION('',(0.,1.));
#3670 = ( GEOMETRIC_REPRESENTATION_CONTEXT(2) 
PARAMETRIC_REPRESENTATION_CONTEXT() REPRESENTATION_CONTEXT('2D SPACE',''
  ) );
#3671 = PCURVE('',#3672,#3677);
#3672 = CYLINDRICAL_SURFACE('',#3673,0.2);
#3673 = AXIS2_PLACEMENT_3D('',#3674,#3675,#3676);
#3674 = CARTESIAN_POINT('',(2.555,-1.9,1.541926223421));
#3675 = DIRECTION('',(0.,-1.,2.22044604925E-16));
#3676 = DIRECTION('',(-0.707106781187,1.570092458684E-16,0.707106781187)
  );
#3677 = DEFINITIONAL_REPRESENTATION('',(#3678),#3682);
#3678 = LINE('',#3679,#3680);
#3679 = CARTESIAN_POINT('',(0.,0.));
#3680 = VECTOR('',#3681,1.);
#3681 = DIRECTION('',(0.,1.));
#3682 = ( GEOMETRIC_REPRESENTATION_CONTEXT(2) 
PARAMETRIC_REPRESENTATION_CONTEXT() REPRESENTATION_CONTEXT('2D SPACE',''
  ) );
#3683 = ADVANCED_FACE('',(#3684),#3698,.T.);
#3684 = FACE_BOUND('',#3685,.T.);
#3685 = EDGE_LOOP('',(#3686,#3721,#3749,#3777));
#3686 = ORIENTED_EDGE('',*,*,#3687,.F.);
#3687 = EDGE_CURVE('',#3688,#3690,#3692,.T.);
#3688 = VERTEX_POINT('',#3689);
#3689 = CARTESIAN_POINT('',(2.741421356237,-1.9,1.800504867184));
#3690 = VERTEX_POINT('',#3691);
#3691 = CARTESIAN_POINT('',(2.741421356237,-2.1,1.800504867184));
#3692 = SURFACE_CURVE('',#3693,(#3697,#3709),.PCURVE_S1.);
#3693 = LINE('',#3694,#3695);
#3694 = CARTESIAN_POINT('',(2.741421356237,-1.9,1.800504867184));
#3695 = VECTOR('',#3696,1.);
#3696 = DIRECTION('',(0.,-1.,2.22044604925E-16));
#3697 = PCURVE('',#3698,#3703);
#3698 = CYLINDRICAL_SURFACE('',#3699,0.2);
#3699 = AXIS2_PLACEMENT_3D('',#3700,#3701,#3702);
#3700 = CARTESIAN_POINT('',(2.6,-1.9,1.941926223421));
#3701 = DIRECTION('',(0.,-1.,2.22044604925E-16));
#3702 = DIRECTION('',(0.707106781187,-1.570092458684E-16,-0.707106781187
    ));
#3703 = DEFINITIONAL_REPRESENTATION('',(#3704),#3708);
#3704 = LINE('',#3705,#3706);
#3705 = CARTESIAN_POINT('',(0.,0.));
#3706 = VECTOR('',#3707,1.);
#3707 = DIRECTION('',(0.,1.));
#3708 = ( GEOMETRIC_REPRESENTATION_CONTEXT(2) 
PARAMETRIC_REPRESENTATION_CONTEXT() REPRESENTATION_CONTEXT('2D SPACE',''
  ) );
#3709 = PCURVE('',#3710,#3715);
#3710 = CYLINDRICAL_SURFACE('',#3711,0.2);
#3711 = AXIS2_PLACEMENT_3D('',#3712,#3713,#3714);
#3712 = CARTESIAN_POINT('',(2.6,-1.9,1.941926223421));
#3713 = DIRECTION('',(0.,-1.,2.22044604925E-16));
#3714 = DIRECTION('',(0.707106781187,-1.570092458684E-16,-0.707106781187
    ));
#3715 = DEFINITIONAL_REPRESENTATION('',(#3716),#3720);
#3716 = LINE('',#3717,#3718);
#3717 = CARTESIAN_POINT('',(6.28318530718,0.));
#3718 = VECTOR('',#3719,1.);
#3719 = DIRECTION('',(0.,1.));
#3720 = ( GEOMETRIC_REPRESENTATION_CONTEXT(2) 
PARAMETRIC_REPRESENTATION_CONTEXT() REPRESENTATION_CONTEXT('2D SPACE',''
  ) );
#3721 = ORIENTED_EDGE('',*,*,#3722,.T.);
#3722 = EDGE_CURVE('',#3688,#3723,#3725,.T.);
#3723 = VERTEX_POINT('',#3724);
#3724 = CARTESIAN_POINT('',(2.8,-1.9,1.941926223421));
#3725 = SURFACE_CURVE('',#3726,(#3731,#3738),.PCURVE_S1.);
#3726 = CIRCLE('',#3727,0.2);
#3727 = AXIS2_PLACEMENT_3D('',#3728,#3729,#3730);
#3728 = CARTESIAN_POINT('',(2.6,-1.9,1.941926223421));
#3729 = DIRECTION('',(-3.299050841687E-33,-1.,2.22044604925E-16));
#3730 = DIRECTION('',(0.707106781187,-1.570092458684E-16,-0.707106781187
    ));
#3731 = PCURVE('',#3698,#3732);
#3732 = DEFINITIONAL_REPRESENTATION('',(#3733),#3737);
#3733 = LINE('',#3734,#3735);
#3734 = CARTESIAN_POINT('',(0.,0.));
#3735 = VECTOR('',#3736,1.);
#3736 = DIRECTION('',(1.,0.));
#3737 = ( GEOMETRIC_REPRESENTATION_CONTEXT(2) 
PARAMETRIC_REPRESENTATION_CONTEXT() REPRESENTATION_CONTEXT('2D SPACE',''
  ) );
#3738 = PCURVE('',#2851,#3739);
#3739 = DEFINITIONAL_REPRESENTATION('',(#3740),#3748);
#3740 = ( BOUNDED_CURVE() B_SPLINE_CURVE(2,(#3741,#3742,#3743,#3744,
#3745,#3746,#3747),.UNSPECIFIED.,.T.,.F.) B_SPLINE_CURVE_WITH_KNOTS((1,2
    ,2,2,2,1),(-2.094395102393,0.,2.094395102393,4.188790204786,
6.28318530718,8.377580409573),.UNSPECIFIED.) CURVE() 
GEOMETRIC_REPRESENTATION_ITEM() RATIONAL_B_SPLINE_CURVE((1.,0.5,1.,0.5,
1.,0.5,1.)) REPRESENTATION_ITEM('') );
#3741 = CARTESIAN_POINT('',(-3.604579250974,-1.062473987816));
#3742 = CARTESIAN_POINT('',(-3.849528225253,-0.817525013538));
#3743 = CARTESIAN_POINT('',(-3.514921703758,-0.727867466321));
#3744 = CARTESIAN_POINT('',(-3.180315182262,-0.638209919104));
#3745 = CARTESIAN_POINT('',(-3.269972729479,-0.9728164406));
#3746 = CARTESIAN_POINT('',(-3.359630276696,-1.307422962095));
#3747 = CARTESIAN_POINT('',(-3.604579250974,-1.062473987816));
#3748 = ( GEOMETRIC_REPRESENTATION_CONTEXT(2) 
PARAMETRIC_REPRESENTATION_CONTEXT() REPRESENTATION_CONTEXT('2D SPACE',''
  ) );
#3749 = ORIENTED_EDGE('',*,*,#3750,.T.);
#3750 = EDGE_CURVE('',#3723,#3751,#3753,.T.);
#3751 = VERTEX_POINT('',#3752);
#3752 = CARTESIAN_POINT('',(2.8,-2.1,1.941926223421));
#3753 = SURFACE_CURVE('',#3754,(#3758,#3765),.PCURVE_S1.);
#3754 = LINE('',#3755,#3756);
#3755 = CARTESIAN_POINT('',(2.8,-1.9,1.941926223421));
#3756 = VECTOR('',#3757,1.);
#3757 = DIRECTION('',(0.,-1.,2.22044604925E-16));
#3758 = PCURVE('',#3698,#3759);
#3759 = DEFINITIONAL_REPRESENTATION('',(#3760),#3764);
#3760 = LINE('',#3761,#3762);
#3761 = CARTESIAN_POINT('',(0.785398163397,0.));
#3762 = VECTOR('',#3763,1.);
#3763 = DIRECTION('',(0.,1.));
#3764 = ( GEOMETRIC_REPRESENTATION_CONTEXT(2) 
PARAMETRIC_REPRESENTATION_CONTEXT() REPRESENTATION_CONTEXT('2D SPACE',''
  ) );
#3765 = PCURVE('',#3766,#3771);
#3766 = PLANE('',#3767);
#3767 = AXIS2_PLACEMENT_3D('',#3768,#3769,#3770);
#3768 = CARTESIAN_POINT('',(2.8,-1.9,3.941926223421));
#3769 = DIRECTION('',(1.,0.,0.));
#3770 = DIRECTION('',(0.,1.,-2.22044604925E-16));
#3771 = DEFINITIONAL_REPRESENTATION('',(#3772),#3776);
#3772 = LINE('',#3773,#3774);
#3773 = CARTESIAN_POINT('',(4.4408920985E-16,-2.));
#3774 = VECTOR('',#3775,1.);
#3775 = DIRECTION('',(-1.,0.));
#3776 = ( GEOMETRIC_REPRESENTATION_CONTEXT(2) 
PARAMETRIC_REPRESENTATION_CONTEXT() REPRESENTATION_CONTEXT('2D SPACE',''
  ) );
#3777 = ORIENTED_EDGE('',*,*,#3778,.T.);
#3778 = EDGE_CURVE('',#3751,#3690,#3779,.T.);
#3779 = SURFACE_CURVE('',#3780,(#3785,#3792),.PCURVE_S1.);
#3780 = CIRCLE('',#3781,0.2);
#3781 = AXIS2_PLACEMENT_3D('',#3782,#3783,#3784);
#3782 = CARTESIAN_POINT('',(2.6,-2.1,1.941926223421));
#3783 = DIRECTION('',(3.299050841687E-33,1.,-2.22044604925E-16));
#3784 = DIRECTION('',(0.707106781187,-1.570092458684E-16,-0.707106781187
    ));
#3785 = PCURVE('',#3698,#3786);
#3786 = DEFINITIONAL_REPRESENTATION('',(#3787),#3791);
#3787 = LINE('',#3788,#3789);
#3788 = CARTESIAN_POINT('',(6.28318530718,0.2));
#3789 = VECTOR('',#3790,1.);
#3790 = DIRECTION('',(-1.,0.));
#3791 = ( GEOMETRIC_REPRESENTATION_CONTEXT(2) 
PARAMETRIC_REPRESENTATION_CONTEXT() REPRESENTATION_CONTEXT('2D SPACE',''
  ) );
#3792 = PCURVE('',#2794,#3793);
#3793 = DEFINITIONAL_REPRESENTATION('',(#3794),#3802);
#3794 = ( BOUNDED_CURVE() B_SPLINE_CURVE(2,(#3795,#3796,#3797,#3798,
#3799,#3800,#3801),.UNSPECIFIED.,.T.,.F.) B_SPLINE_CURVE_WITH_KNOTS((1,2
    ,2,2,2,1),(-2.094395102393,0.,2.094395102393,4.188790204786,
6.28318530718,8.377580409573),.UNSPECIFIED.) CURVE() 
GEOMETRIC_REPRESENTATION_ITEM() RATIONAL_B_SPLINE_CURVE((1.,0.5,1.,0.5,
1.,0.5,1.)) REPRESENTATION_ITEM('') );
#3795 = CARTESIAN_POINT('',(0.941421356237,-1.041421356237));
#3796 = CARTESIAN_POINT('',(0.696472381959,-1.286370330516));
#3797 = CARTESIAN_POINT('',(0.606814834742,-0.951763809021));
#3798 = CARTESIAN_POINT('',(0.517157287525,-0.617157287525));
#3799 = CARTESIAN_POINT('',(0.851763809021,-0.706814834742));
#3800 = CARTESIAN_POINT('',(1.186370330516,-0.796472381959));
#3801 = CARTESIAN_POINT('',(0.941421356237,-1.041421356237));
#3802 = ( GEOMETRIC_REPRESENTATION_CONTEXT(2) 
PARAMETRIC_REPRESENTATION_CONTEXT() REPRESENTATION_CONTEXT('2D SPACE',''
  ) );
#3803 = ADVANCED_FACE('',(#3804),#3818,.T.);
#3804 = FACE_BOUND('',#3805,.T.);
#3805 = EDGE_LOOP('',(#3806,#3841,#3869,#3897));
#3806 = ORIENTED_EDGE('',*,*,#3807,.F.);
#3807 = EDGE_CURVE('',#3808,#3810,#3812,.T.);
#3808 = VERTEX_POINT('',#3809);
#3809 = CARTESIAN_POINT('',(2.741421356237,-1.9,3.883347579658));
#3810 = VERTEX_POINT('',#3811);
#3811 = CARTESIAN_POINT('',(2.741421356237,-2.1,3.883347579658));
#3812 = SURFACE_CURVE('',#3813,(#3817,#3829),.PCURVE_S1.);
#3813 = LINE('',#3814,#3815);
#3814 = CARTESIAN_POINT('',(2.741421356237,-1.9,3.883347579658));
#3815 = VECTOR('',#3816,1.);
#3816 = DIRECTION('',(0.,-1.,2.22044604925E-16));
#3817 = PCURVE('',#3818,#3823);
#3818 = CYLINDRICAL_SURFACE('',#3819,0.2);
#3819 = AXIS2_PLACEMENT_3D('',#3820,#3821,#3822);
#3820 = CARTESIAN_POINT('',(2.6,-1.9,3.741926223421));
#3821 = DIRECTION('',(0.,-1.,2.22044604925E-16));
#3822 = DIRECTION('',(0.707106781187,1.570092458684E-16,0.707106781187)
  );
#3823 = DEFINITIONAL_REPRESENTATION('',(#3824),#3828);
#3824 = LINE('',#3825,#3826);
#3825 = CARTESIAN_POINT('',(0.,0.));
#3826 = VECTOR('',#3827,1.);
#3827 = DIRECTION('',(0.,1.));
#3828 = ( GEOMETRIC_REPRESENTATION_CONTEXT(2) 
PARAMETRIC_REPRESENTATION_CONTEXT() REPRESENTATION_CONTEXT('2D SPACE',''
  ) );
#3829 = PCURVE('',#3830,#3835);
#3830 = CYLINDRICAL_SURFACE('',#3831,0.2);
#3831 = AXIS2_PLACEMENT_3D('',#3832,#3833,#3834);
#3832 = CARTESIAN_POINT('',(2.6,-1.9,3.741926223421));
#3833 = DIRECTION('',(0.,-1.,2.22044604925E-16));
#3834 = DIRECTION('',(0.707106781187,1.570092458684E-16,0.707106781187)
  );
#3835 = DEFINITIONAL_REPRESENTATION('',(#3836),#3840);
#3836 = LINE('',#3837,#3838);
#3837 = CARTESIAN_POINT('',(6.28318530718,0.));
#3838 = VECTOR('',#3839,1.);
#3839 = DIRECTION('',(0.,1.));
#3840 = ( GEOMETRIC_REPRESENTATION_CONTEXT(2) 
PARAMETRIC_REPRESENTATION_CONTEXT() REPRESENTATION_CONTEXT('2D SPACE',''
  ) );
#3841 = ORIENTED_EDGE('',*,*,#3842,.T.);
#3842 = EDGE_CURVE('',#3808,#3843,#3845,.T.);
#3843 = VERTEX_POINT('',#3844);
#3844 = CARTESIAN_POINT('',(2.6,-1.9,3.941926223421));
#3845 = SURFACE_CURVE('',#3846,(#3851,#3858),.PCURVE_S1.);
#3846 = CIRCLE('',#3847,0.2);
#3847 = AXIS2_PLACEMENT_3D('',#3848,#3849,#3850);
#3848 = CARTESIAN_POINT('',(2.6,-1.9,3.741926223421));
#3849 = DIRECTION('',(3.299050841687E-33,-1.,2.22044604925E-16));
#3850 = DIRECTION('',(0.707106781187,1.570092458684E-16,0.707106781187)
  );
#3851 = PCURVE('',#3818,#3852);
#3852 = DEFINITIONAL_REPRESENTATION('',(#3853),#3857);
#3853 = LINE('',#3854,#3855);
#3854 = CARTESIAN_POINT('',(0.,0.));
#3855 = VECTOR('',#3856,1.);
#3856 = DIRECTION('',(1.,0.));
#3857 = ( GEOMETRIC_REPRESENTATION_CONTEXT(2) 
PARAMETRIC_REPRESENTATION_CONTEXT() REPRESENTATION_CONTEXT('2D SPACE',''
  ) );
#3858 = PCURVE('',#2851,#3859);
#3859 = DEFINITIONAL_REPRESENTATION('',(#3860),#3868);
#3860 = ( BOUNDED_CURVE() B_SPLINE_CURVE(2,(#3861,#3862,#3863,#3864,
#3865,#3866,#3867),.UNSPECIFIED.,.T.,.F.) B_SPLINE_CURVE_WITH_KNOTS((1,2
    ,2,2,2,1),(-2.094395102393,0.,2.094395102393,4.188790204786,
6.28318530718,8.377580409573),.UNSPECIFIED.) CURVE() 
GEOMETRIC_REPRESENTATION_ITEM() RATIONAL_B_SPLINE_CURVE((1.,0.5,1.,0.5,
1.,0.5,1.)) REPRESENTATION_ITEM('') );
#3861 = CARTESIAN_POINT('',(-3.604579250974,1.020368724658));
#3862 = CARTESIAN_POINT('',(-3.359630276696,1.265317698937));
#3863 = CARTESIAN_POINT('',(-3.269972729479,0.930711177442));
#3864 = CARTESIAN_POINT('',(-3.180315182262,0.596104655946));
#3865 = CARTESIAN_POINT('',(-3.514921703758,0.685762203163));
#3866 = CARTESIAN_POINT('',(-3.849528225253,0.77541975038));
#3867 = CARTESIAN_POINT('',(-3.604579250974,1.020368724658));
#3868 = ( GEOMETRIC_REPRESENTATION_CONTEXT(2) 
PARAMETRIC_REPRESENTATION_CONTEXT() REPRESENTATION_CONTEXT('2D SPACE',''
  ) );
#3869 = ORIENTED_EDGE('',*,*,#3870,.T.);
#3870 = EDGE_CURVE('',#3843,#3871,#3873,.T.);
#3871 = VERTEX_POINT('',#3872);
#3872 = CARTESIAN_POINT('',(2.6,-2.1,3.941926223421));
#3873 = SURFACE_CURVE('',#3874,(#3878,#3885),.PCURVE_S1.);
#3874 = LINE('',#3875,#3876);
#3875 = CARTESIAN_POINT('',(2.6,-1.9,3.941926223421));
#3876 = VECTOR('',#3877,1.);
#3877 = DIRECTION('',(0.,-1.,2.22044604925E-16));
#3878 = PCURVE('',#3818,#3879);
#3879 = DEFINITIONAL_REPRESENTATION('',(#3880),#3884);
#3880 = LINE('',#3881,#3882);
#3881 = CARTESIAN_POINT('',(0.785398163397,0.));
#3882 = VECTOR('',#3883,1.);
#3883 = DIRECTION('',(0.,1.));
#3884 = ( GEOMETRIC_REPRESENTATION_CONTEXT(2) 
PARAMETRIC_REPRESENTATION_CONTEXT() REPRESENTATION_CONTEXT('2D SPACE',''
  ) );
#3885 = PCURVE('',#3886,#3891);
#3886 = PLANE('',#3887);
#3887 = AXIS2_PLACEMENT_3D('',#3888,#3889,#3890);
#3888 = CARTESIAN_POINT('',(2.3,-1.9,3.941926223421));
#3889 = DIRECTION('',(0.,2.22044604925E-16,1.));
#3890 = DIRECTION('',(0.,-1.,2.22044604925E-16));
#3891 = DEFINITIONAL_REPRESENTATION('',(#3892),#3896);
#3892 = LINE('',#3893,#3894);
#3893 = CARTESIAN_POINT('',(0.,0.3));
#3894 = VECTOR('',#3895,1.);
#3895 = DIRECTION('',(1.,0.));
#3896 = ( GEOMETRIC_REPRESENTATION_CONTEXT(2) 
PARAMETRIC_REPRESENTATION_CONTEXT() REPRESENTATION_CONTEXT('2D SPACE',''
  ) );
#3897 = ORIENTED_EDGE('',*,*,#3898,.T.);
#3898 = EDGE_CURVE('',#3871,#3810,#3899,.T.);
#3899 = SURFACE_CURVE('',#3900,(#3905,#3912),.PCURVE_S1.);
#3900 = CIRCLE('',#3901,0.2);
#3901 = AXIS2_PLACEMENT_3D('',#3902,#3903,#3904);
#3902 = CARTESIAN_POINT('',(2.6,-2.1,3.741926223421));
#3903 = DIRECTION('',(-3.299050841687E-33,1.,-2.22044604925E-16));
#3904 = DIRECTION('',(0.707106781187,1.570092458684E-16,0.707106781187)
  );
#3905 = PCURVE('',#3818,#3906);
#3906 = DEFINITIONAL_REPRESENTATION('',(#3907),#3911);
#3907 = LINE('',#3908,#3909);
#3908 = CARTESIAN_POINT('',(6.28318530718,0.2));
#3909 = VECTOR('',#3910,1.);
#3910 = DIRECTION('',(-1.,0.));
#3911 = ( GEOMETRIC_REPRESENTATION_CONTEXT(2) 
PARAMETRIC_REPRESENTATION_CONTEXT() REPRESENTATION_CONTEXT('2D SPACE',''
  ) );
#3912 = PCURVE('',#2794,#3913);
#3913 = DEFINITIONAL_REPRESENTATION('',(#3914),#3922);
#3914 = ( BOUNDED_CURVE() B_SPLINE_CURVE(2,(#3915,#3916,#3917,#3918,
#3919,#3920,#3921),.UNSPECIFIED.,.T.,.F.) B_SPLINE_CURVE_WITH_KNOTS((1,2
    ,2,2,2,1),(-2.094395102393,0.,2.094395102393,4.188790204786,
6.28318530718,8.377580409573),.UNSPECIFIED.) CURVE() 
GEOMETRIC_REPRESENTATION_ITEM() RATIONAL_B_SPLINE_CURVE((1.,0.5,1.,0.5,
1.,0.5,1.)) REPRESENTATION_ITEM('') );
#3915 = CARTESIAN_POINT('',(0.941421356237,1.041421356237));
#3916 = CARTESIAN_POINT('',(1.186370330516,0.796472381959));
#3917 = CARTESIAN_POINT('',(0.851763809021,0.706814834742));
#3918 = CARTESIAN_POINT('',(0.517157287525,0.617157287525));
#3919 = CARTESIAN_POINT('',(0.606814834742,0.951763809021));
#3920 = CARTESIAN_POINT('',(0.696472381959,1.286370330516));
#3921 = CARTESIAN_POINT('',(0.941421356237,1.041421356237));
#3922 = ( GEOMETRIC_REPRESENTATION_CONTEXT(2) 
PARAMETRIC_REPRESENTATION_CONTEXT() REPRESENTATION_CONTEXT('2D SPACE',''
  ) );
#3923 = ADVANCED_FACE('',(#3924),#3939,.F.);
#3924 = FACE_BOUND('',#3925,.F.);
#3925 = EDGE_LOOP('',(#3926,#3957,#3985,#4009));
#3926 = ORIENTED_EDGE('',*,*,#3927,.F.);
#3927 = EDGE_CURVE('',#3928,#3930,#3932,.T.);
#3928 = VERTEX_POINT('',#3929);
#3929 = CARTESIAN_POINT('',(2.3,-2.1,4.141926223421));
#3930 = VERTEX_POINT('',#3931);
#3931 = CARTESIAN_POINT('',(2.358578643763,-2.1,4.000504867184));
#3932 = SURFACE_CURVE('',#3933,(#3938,#3950),.PCURVE_S1.);
#3933 = CIRCLE('',#3934,0.2);
#3934 = AXIS2_PLACEMENT_3D('',#3935,#3936,#3937);
#3935 = CARTESIAN_POINT('',(2.5,-2.1,4.141926223421));
#3936 = DIRECTION('',(3.299050841687E-33,-1.,2.22044604925E-16));
#3937 = DIRECTION('',(-0.707106781187,-1.570092458684E-16,
    -0.707106781187));
#3938 = PCURVE('',#3939,#3944);
#3939 = CYLINDRICAL_SURFACE('',#3940,0.2);
#3940 = AXIS2_PLACEMENT_3D('',#3941,#3942,#3943);
#3941 = CARTESIAN_POINT('',(2.5,-1.9,4.141926223421));
#3942 = DIRECTION('',(0.,-1.,2.22044604925E-16));
#3943 = DIRECTION('',(-0.707106781187,-1.570092458684E-16,
    -0.707106781187));
#3944 = DEFINITIONAL_REPRESENTATION('',(#3945),#3949);
#3945 = LINE('',#3946,#3947);
#3946 = CARTESIAN_POINT('',(0.,0.2));
#3947 = VECTOR('',#3948,1.);
#3948 = DIRECTION('',(1.,0.));
#3949 = ( GEOMETRIC_REPRESENTATION_CONTEXT(2) 
PARAMETRIC_REPRESENTATION_CONTEXT() REPRESENTATION_CONTEXT('2D SPACE',''
  ) );
#3950 = PCURVE('',#2794,#3951);
#3951 = DEFINITIONAL_REPRESENTATION('',(#3952),#3956);
#3952 = CIRCLE('',#3953,0.2);
#3953 = AXIS2_PLACEMENT_2D('',#3954,#3955);
#3954 = CARTESIAN_POINT('',(0.7,1.3));
#3955 = DIRECTION('',(-0.707106781187,-0.707106781187));
#3956 = ( GEOMETRIC_REPRESENTATION_CONTEXT(2) 
PARAMETRIC_REPRESENTATION_CONTEXT() REPRESENTATION_CONTEXT('2D SPACE',''
  ) );
#3957 = ORIENTED_EDGE('',*,*,#3958,.F.);
#3958 = EDGE_CURVE('',#3959,#3928,#3961,.T.);
#3959 = VERTEX_POINT('',#3960);
#3960 = CARTESIAN_POINT('',(2.3,-1.9,4.141926223421));
#3961 = SURFACE_CURVE('',#3962,(#3966,#3973),.PCURVE_S1.);
#3962 = LINE('',#3963,#3964);
#3963 = CARTESIAN_POINT('',(2.3,-1.9,4.141926223421));
#3964 = VECTOR('',#3965,1.);
#3965 = DIRECTION('',(0.,-1.,2.22044604925E-16));
#3966 = PCURVE('',#3939,#3967);
#3967 = DEFINITIONAL_REPRESENTATION('',(#3968),#3972);
#3968 = LINE('',#3969,#3970);
#3969 = CARTESIAN_POINT('',(5.497787143782,0.));
#3970 = VECTOR('',#3971,1.);
#3971 = DIRECTION('',(0.,1.));
#3972 = ( GEOMETRIC_REPRESENTATION_CONTEXT(2) 
PARAMETRIC_REPRESENTATION_CONTEXT() REPRESENTATION_CONTEXT('2D SPACE',''
  ) );
#3973 = PCURVE('',#3974,#3979);
#3974 = PLANE('',#3975);
#3975 = AXIS2_PLACEMENT_3D('',#3976,#3977,#3978);
#3976 = CARTESIAN_POINT('',(2.3,-1.9,5.241926223421));
#3977 = DIRECTION('',(1.,0.,0.));
#3978 = DIRECTION('',(0.,1.,-2.22044604925E-16));
#3979 = DEFINITIONAL_REPRESENTATION('',(#3980),#3984);
#3980 = LINE('',#3981,#3982);
#3981 = CARTESIAN_POINT('',(2.442490654175E-16,-1.1));
#3982 = VECTOR('',#3983,1.);
#3983 = DIRECTION('',(-1.,0.));
#3984 = ( GEOMETRIC_REPRESENTATION_CONTEXT(2) 
PARAMETRIC_REPRESENTATION_CONTEXT() REPRESENTATION_CONTEXT('2D SPACE',''
  ) );
#3985 = ORIENTED_EDGE('',*,*,#3986,.F.);
#3986 = EDGE_CURVE('',#3987,#3959,#3989,.T.);
#3987 = VERTEX_POINT('',#3988);
#3988 = CARTESIAN_POINT('',(2.358578643763,-1.9,4.000504867184));
#3989 = SURFACE_CURVE('',#3990,(#3995,#4002),.PCURVE_S1.);
#3990 = CIRCLE('',#3991,0.2);
#3991 = AXIS2_PLACEMENT_3D('',#3992,#3993,#3994);
#3992 = CARTESIAN_POINT('',(2.5,-1.9,4.141926223421));
#3993 = DIRECTION('',(-3.299050841687E-33,1.,-2.22044604925E-16));
#3994 = DIRECTION('',(-0.707106781187,-1.570092458684E-16,
    -0.707106781187));
#3995 = PCURVE('',#3939,#3996);
#3996 = DEFINITIONAL_REPRESENTATION('',(#3997),#4001);
#3997 = LINE('',#3998,#3999);
#3998 = CARTESIAN_POINT('',(6.28318530718,0.));
#3999 = VECTOR('',#4000,1.);
#4000 = DIRECTION('',(-1.,0.));
#4001 = ( GEOMETRIC_REPRESENTATION_CONTEXT(2) 
PARAMETRIC_REPRESENTATION_CONTEXT() REPRESENTATION_CONTEXT('2D SPACE',''
  ) );
#4002 = PCURVE('',#2851,#4003);
#4003 = DEFINITIONAL_REPRESENTATION('',(#4004),#4008);
#4004 = CIRCLE('',#4005,0.2);
#4005 = AXIS2_PLACEMENT_2D('',#4006,#4007);
#4006 = CARTESIAN_POINT('',(-3.363157894737,1.278947368421));
#4007 = DIRECTION('',(0.707106781187,-0.707106781187));
#4008 = ( GEOMETRIC_REPRESENTATION_CONTEXT(2) 
PARAMETRIC_REPRESENTATION_CONTEXT() REPRESENTATION_CONTEXT('2D SPACE',''
  ) );
#4009 = ORIENTED_EDGE('',*,*,#4010,.T.);
#4010 = EDGE_CURVE('',#3987,#3930,#4011,.T.);
#4011 = SURFACE_CURVE('',#4012,(#4016,#4023),.PCURVE_S1.);
#4012 = LINE('',#4013,#4014);
#4013 = CARTESIAN_POINT('',(2.358578643763,-1.9,4.000504867184));
#4014 = VECTOR('',#4015,1.);
#4015 = DIRECTION('',(0.,-1.,2.22044604925E-16));
#4016 = PCURVE('',#3939,#4017);
#4017 = DEFINITIONAL_REPRESENTATION('',(#4018),#4022);
#4018 = LINE('',#4019,#4020);
#4019 = CARTESIAN_POINT('',(6.28318530718,0.));
#4020 = VECTOR('',#4021,1.);
#4021 = DIRECTION('',(0.,1.));
#4022 = ( GEOMETRIC_REPRESENTATION_CONTEXT(2) 
PARAMETRIC_REPRESENTATION_CONTEXT() REPRESENTATION_CONTEXT('2D SPACE',''
  ) );
#4023 = PCURVE('',#4024,#4029);
#4024 = CYLINDRICAL_SURFACE('',#4025,0.2);
#4025 = AXIS2_PLACEMENT_3D('',#4026,#4027,#4028);
#4026 = CARTESIAN_POINT('',(2.5,-1.9,4.141926223421));
#4027 = DIRECTION('',(0.,-1.,2.22044604925E-16));
#4028 = DIRECTION('',(-0.707106781187,-1.570092458684E-16,
    -0.707106781187));
#4029 = DEFINITIONAL_REPRESENTATION('',(#4030),#4034);
#4030 = LINE('',#4031,#4032);
#4031 = CARTESIAN_POINT('',(0.,0.));
#4032 = VECTOR('',#4033,1.);
#4033 = DIRECTION('',(0.,1.));
#4034 = ( GEOMETRIC_REPRESENTATION_CONTEXT(2) 
PARAMETRIC_REPRESENTATION_CONTEXT() REPRESENTATION_CONTEXT('2D SPACE',''
  ) );
#4035 = ADVANCED_FACE('',(#4036),#4051,.F.);
#4036 = FACE_BOUND('',#4037,.F.);
#4037 = EDGE_LOOP('',(#4038,#4069,#4097,#4126));
#4038 = ORIENTED_EDGE('',*,*,#4039,.F.);
#4039 = EDGE_CURVE('',#4040,#4042,#4044,.T.);
#4040 = VERTEX_POINT('',#4041);
#4041 = CARTESIAN_POINT('',(-3.7,-1.8,3.941926223421));
#4042 = VERTEX_POINT('',#4043);
#4043 = CARTESIAN_POINT('',(-3.670710678119,-1.870710678119,
    3.941926223421));
#4044 = SURFACE_CURVE('',#4045,(#4050,#4062),.PCURVE_S1.);
#4045 = CIRCLE('',#4046,0.1);
#4046 = AXIS2_PLACEMENT_3D('',#4047,#4048,#4049);
#4047 = CARTESIAN_POINT('',(-3.6,-1.8,3.941926223421));
#4048 = DIRECTION('',(-3.299050841687E-33,2.22044604925E-16,1.));
#4049 = DIRECTION('',(-0.707106781187,-0.707106781187,1.570092458684E-16
    ));
#4050 = PCURVE('',#4051,#4056);
#4051 = CYLINDRICAL_SURFACE('',#4052,0.1);
#4052 = AXIS2_PLACEMENT_3D('',#4053,#4054,#4055);
#4053 = CARTESIAN_POINT('',(-3.6,-1.8,3.152452539211));
#4054 = DIRECTION('',(0.,2.22044604925E-16,1.));
#4055 = DIRECTION('',(-0.707106781187,-0.707106781187,1.570092458684E-16
    ));
#4056 = DEFINITIONAL_REPRESENTATION('',(#4057),#4061);
#4057 = LINE('',#4058,#4059);
#4058 = CARTESIAN_POINT('',(-1.7763568394E-15,0.78947368421));
#4059 = VECTOR('',#4060,1.);
#4060 = DIRECTION('',(1.,0.));
#4061 = ( GEOMETRIC_REPRESENTATION_CONTEXT(2) 
PARAMETRIC_REPRESENTATION_CONTEXT() REPRESENTATION_CONTEXT('2D SPACE',''
  ) );
#4062 = PCURVE('',#3390,#4063);
#4063 = DEFINITIONAL_REPRESENTATION('',(#4064),#4068);
#4064 = CIRCLE('',#4065,1.E-01);
#4065 = AXIS2_PLACEMENT_2D('',#4066,#4067);
#4066 = CARTESIAN_POINT('',(-1.E-01,0.3));
#4067 = DIRECTION('',(0.707106781187,-0.707106781187));
#4068 = ( GEOMETRIC_REPRESENTATION_CONTEXT(2) 
PARAMETRIC_REPRESENTATION_CONTEXT() REPRESENTATION_CONTEXT('2D SPACE',''
  ) );
#4069 = ORIENTED_EDGE('',*,*,#4070,.F.);
#4070 = EDGE_CURVE('',#4071,#4040,#4073,.T.);
#4071 = VERTEX_POINT('',#4072);
#4072 = CARTESIAN_POINT('',(-3.7,-1.8,3.441926223421));
#4073 = SURFACE_CURVE('',#4074,(#4078,#4085),.PCURVE_S1.);
#4074 = LINE('',#4075,#4076);
#4075 = CARTESIAN_POINT('',(-3.7,-1.8,3.441926223421));
#4076 = VECTOR('',#4077,1.);
#4077 = DIRECTION('',(0.,2.22044604925E-16,1.));
#4078 = PCURVE('',#4051,#4079);
#4079 = DEFINITIONAL_REPRESENTATION('',(#4080),#4084);
#4080 = LINE('',#4081,#4082);
#4081 = CARTESIAN_POINT('',(5.497787143782,0.28947368421));
#4082 = VECTOR('',#4083,1.);
#4083 = DIRECTION('',(0.,1.));
#4084 = ( GEOMETRIC_REPRESENTATION_CONTEXT(2) 
PARAMETRIC_REPRESENTATION_CONTEXT() REPRESENTATION_CONTEXT('2D SPACE',''
  ) );
#4085 = PCURVE('',#4086,#4091);
#4086 = PLANE('',#4087);
#4087 = AXIS2_PLACEMENT_3D('',#4088,#4089,#4090);
#4088 = CARTESIAN_POINT('',(-3.7,-0.9,3.441926223421));
#4089 = DIRECTION('',(1.,0.,0.));
#4090 = DIRECTION('',(0.,1.,-2.22044604925E-16));
#4091 = DEFINITIONAL_REPRESENTATION('',(#4092),#4096);
#4092 = LINE('',#4093,#4094);
#4093 = CARTESIAN_POINT('',(-0.9,-1.998401444325E-16));
#4094 = VECTOR('',#4095,1.);
#4095 = DIRECTION('',(0.,1.));
#4096 = ( GEOMETRIC_REPRESENTATION_CONTEXT(2) 
PARAMETRIC_REPRESENTATION_CONTEXT() REPRESENTATION_CONTEXT('2D SPACE',''
  ) );
#4097 = ORIENTED_EDGE('',*,*,#4098,.F.);
#4098 = EDGE_CURVE('',#4099,#4071,#4101,.T.);
#4099 = VERTEX_POINT('',#4100);
#4100 = CARTESIAN_POINT('',(-3.670710678119,-1.870710678119,
    3.441926223421));
#4101 = SURFACE_CURVE('',#4102,(#4107,#4114),.PCURVE_S1.);
#4102 = CIRCLE('',#4103,0.1);
#4103 = AXIS2_PLACEMENT_3D('',#4104,#4105,#4106);
#4104 = CARTESIAN_POINT('',(-3.6,-1.8,3.441926223421));
#4105 = DIRECTION('',(3.299050841687E-33,-2.22044604925E-16,-1.));
#4106 = DIRECTION('',(-0.707106781187,-0.707106781187,1.570092458684E-16
    ));
#4107 = PCURVE('',#4051,#4108);
#4108 = DEFINITIONAL_REPRESENTATION('',(#4109),#4113);
#4109 = LINE('',#4110,#4111);
#4110 = CARTESIAN_POINT('',(6.28318530718,0.28947368421));
#4111 = VECTOR('',#4112,1.);
#4112 = DIRECTION('',(-1.,0.));
#4113 = ( GEOMETRIC_REPRESENTATION_CONTEXT(2) 
PARAMETRIC_REPRESENTATION_CONTEXT() REPRESENTATION_CONTEXT('2D SPACE',''
  ) );
#4114 = PCURVE('',#4115,#4120);
#4115 = PLANE('',#4116);
#4116 = AXIS2_PLACEMENT_3D('',#4117,#4118,#4119);
#4117 = CARTESIAN_POINT('',(-3.2,-1.9,3.441926223421));
#4118 = DIRECTION('',(0.,-2.22044604925E-16,-1.));
#4119 = DIRECTION('',(0.,1.,-2.22044604925E-16));
#4120 = DEFINITIONAL_REPRESENTATION('',(#4121),#4125);
#4121 = CIRCLE('',#4122,1.E-01);
#4122 = AXIS2_PLACEMENT_2D('',#4123,#4124);
#4123 = CARTESIAN_POINT('',(1.E-01,-0.4));
#4124 = DIRECTION('',(-0.707106781187,-0.707106781187));
#4125 = ( GEOMETRIC_REPRESENTATION_CONTEXT(2) 
PARAMETRIC_REPRESENTATION_CONTEXT() REPRESENTATION_CONTEXT('2D SPACE',''
  ) );
#4126 = ORIENTED_EDGE('',*,*,#4127,.T.);
#4127 = EDGE_CURVE('',#4099,#4042,#4128,.T.);
#4128 = SURFACE_CURVE('',#4129,(#4133,#4140),.PCURVE_S1.);
#4129 = LINE('',#4130,#4131);
#4130 = CARTESIAN_POINT('',(-3.670710678119,-1.870710678119,
    3.441926223421));
#4131 = VECTOR('',#4132,1.);
#4132 = DIRECTION('',(0.,2.22044604925E-16,1.));
#4133 = PCURVE('',#4051,#4134);
#4134 = DEFINITIONAL_REPRESENTATION('',(#4135),#4139);
#4135 = LINE('',#4136,#4137);
#4136 = CARTESIAN_POINT('',(6.28318530718,0.28947368421));
#4137 = VECTOR('',#4138,1.);
#4138 = DIRECTION('',(0.,1.));
#4139 = ( GEOMETRIC_REPRESENTATION_CONTEXT(2) 
PARAMETRIC_REPRESENTATION_CONTEXT() REPRESENTATION_CONTEXT('2D SPACE',''
  ) );
#4140 = PCURVE('',#4141,#4146);
#4141 = CYLINDRICAL_SURFACE('',#4142,0.1);
#4142 = AXIS2_PLACEMENT_3D('',#4143,#4144,#4145);
#4143 = CARTESIAN_POINT('',(-3.6,-1.8,3.152452539211));
#4144 = DIRECTION('',(0.,2.22044604925E-16,1.));
#4145 = DIRECTION('',(-0.707106781187,-0.707106781187,1.570092458684E-16
    ));
#4146 = DEFINITIONAL_REPRESENTATION('',(#4147),#4151);
#4147 = LINE('',#4148,#4149);
#4148 = CARTESIAN_POINT('',(0.,0.28947368421));
#4149 = VECTOR('',#4150,1.);
#4150 = DIRECTION('',(0.,1.));
#4151 = ( GEOMETRIC_REPRESENTATION_CONTEXT(2) 
PARAMETRIC_REPRESENTATION_CONTEXT() REPRESENTATION_CONTEXT('2D SPACE',''
  ) );
#4152 = ADVANCED_FACE('',(#4153),#4168,.F.);
#4153 = FACE_BOUND('',#4154,.F.);
#4154 = EDGE_LOOP('',(#4155,#4186,#4214,#4243));
#4155 = ORIENTED_EDGE('',*,*,#4156,.F.);
#4156 = EDGE_CURVE('',#4157,#4159,#4161,.T.);
#4157 = VERTEX_POINT('',#4158);
#4158 = CARTESIAN_POINT('',(-3.7,-1.8,2.241926223421));
#4159 = VERTEX_POINT('',#4160);
#4160 = CARTESIAN_POINT('',(-3.670710678119,-1.870710678119,
    2.241926223421));
#4161 = SURFACE_CURVE('',#4162,(#4167,#4179),.PCURVE_S1.);
#4162 = CIRCLE('',#4163,0.1);
#4163 = AXIS2_PLACEMENT_3D('',#4164,#4165,#4166);
#4164 = CARTESIAN_POINT('',(-3.6,-1.8,2.241926223421));
#4165 = DIRECTION('',(-3.299050841687E-33,2.22044604925E-16,1.));
#4166 = DIRECTION('',(-0.707106781187,-0.707106781187,1.570092458684E-16
    ));
#4167 = PCURVE('',#4168,#4173);
#4168 = CYLINDRICAL_SURFACE('',#4169,0.1);
#4169 = AXIS2_PLACEMENT_3D('',#4170,#4171,#4172);
#4170 = CARTESIAN_POINT('',(-3.6,-1.8,2.302452539211));
#4171 = DIRECTION('',(0.,2.22044604925E-16,1.));
#4172 = DIRECTION('',(-0.707106781187,-0.707106781187,1.570092458684E-16
    ));
#4173 = DEFINITIONAL_REPRESENTATION('',(#4174),#4178);
#4174 = LINE('',#4175,#4176);
#4175 = CARTESIAN_POINT('',(-1.7763568394E-15,-6.052631578944E-02));
#4176 = VECTOR('',#4177,1.);
#4177 = DIRECTION('',(1.,0.));
#4178 = ( GEOMETRIC_REPRESENTATION_CONTEXT(2) 
PARAMETRIC_REPRESENTATION_CONTEXT() REPRESENTATION_CONTEXT('2D SPACE',''
  ) );
#4179 = PCURVE('',#3046,#4180);
#4180 = DEFINITIONAL_REPRESENTATION('',(#4181),#4185);
#4181 = CIRCLE('',#4182,1.E-01);
#4182 = AXIS2_PLACEMENT_2D('',#4183,#4184);
#4183 = CARTESIAN_POINT('',(-1.E-01,0.3));
#4184 = DIRECTION('',(0.707106781187,-0.707106781187));
#4185 = ( GEOMETRIC_REPRESENTATION_CONTEXT(2) 
PARAMETRIC_REPRESENTATION_CONTEXT() REPRESENTATION_CONTEXT('2D SPACE',''
  ) );
#4186 = ORIENTED_EDGE('',*,*,#4187,.F.);
#4187 = EDGE_CURVE('',#4188,#4157,#4190,.T.);
#4188 = VERTEX_POINT('',#4189);
#4189 = CARTESIAN_POINT('',(-3.7,-1.8,1.741926223421));
#4190 = SURFACE_CURVE('',#4191,(#4195,#4202),.PCURVE_S1.);
#4191 = LINE('',#4192,#4193);
#4192 = CARTESIAN_POINT('',(-3.7,-1.8,1.741926223421));
#4193 = VECTOR('',#4194,1.);
#4194 = DIRECTION('',(0.,2.22044604925E-16,1.));
#4195 = PCURVE('',#4168,#4196);
#4196 = DEFINITIONAL_REPRESENTATION('',(#4197),#4201);
#4197 = LINE('',#4198,#4199);
#4198 = CARTESIAN_POINT('',(5.497787143782,-0.560526315789));
#4199 = VECTOR('',#4200,1.);
#4200 = DIRECTION('',(0.,1.));
#4201 = ( GEOMETRIC_REPRESENTATION_CONTEXT(2) 
PARAMETRIC_REPRESENTATION_CONTEXT() REPRESENTATION_CONTEXT('2D SPACE',''
  ) );
#4202 = PCURVE('',#4203,#4208);
#4203 = PLANE('',#4204);
#4204 = AXIS2_PLACEMENT_3D('',#4205,#4206,#4207);
#4205 = CARTESIAN_POINT('',(-3.7,-0.9,1.741926223421));
#4206 = DIRECTION('',(1.,0.,0.));
#4207 = DIRECTION('',(0.,1.,-2.22044604925E-16));
#4208 = DEFINITIONAL_REPRESENTATION('',(#4209),#4213);
#4209 = LINE('',#4210,#4211);
#4210 = CARTESIAN_POINT('',(-0.9,-1.998401444325E-16));
#4211 = VECTOR('',#4212,1.);
#4212 = DIRECTION('',(0.,1.));
#4213 = ( GEOMETRIC_REPRESENTATION_CONTEXT(2) 
PARAMETRIC_REPRESENTATION_CONTEXT() REPRESENTATION_CONTEXT('2D SPACE',''
  ) );
#4214 = ORIENTED_EDGE('',*,*,#4215,.F.);
#4215 = EDGE_CURVE('',#4216,#4188,#4218,.T.);
#4216 = VERTEX_POINT('',#4217);
#4217 = CARTESIAN_POINT('',(-3.670710678119,-1.870710678119,
    1.741926223421));
#4218 = SURFACE_CURVE('',#4219,(#4224,#4231),.PCURVE_S1.);
#4219 = CIRCLE('',#4220,0.1);
#4220 = AXIS2_PLACEMENT_3D('',#4221,#4222,#4223);
#4221 = CARTESIAN_POINT('',(-3.6,-1.8,1.741926223421));
#4222 = DIRECTION('',(3.299050841687E-33,-2.22044604925E-16,-1.));
#4223 = DIRECTION('',(-0.707106781187,-0.707106781187,1.570092458684E-16
    ));
#4224 = PCURVE('',#4168,#4225);
#4225 = DEFINITIONAL_REPRESENTATION('',(#4226),#4230);
#4226 = LINE('',#4227,#4228);
#4227 = CARTESIAN_POINT('',(6.28318530718,-0.560526315789));
#4228 = VECTOR('',#4229,1.);
#4229 = DIRECTION('',(-1.,0.));
#4230 = ( GEOMETRIC_REPRESENTATION_CONTEXT(2) 
PARAMETRIC_REPRESENTATION_CONTEXT() REPRESENTATION_CONTEXT('2D SPACE',''
  ) );
#4231 = PCURVE('',#4232,#4237);
#4232 = PLANE('',#4233);
#4233 = AXIS2_PLACEMENT_3D('',#4234,#4235,#4236);
#4234 = CARTESIAN_POINT('',(-2.355,-1.9,1.741926223421));
#4235 = DIRECTION('',(0.,-2.22044604925E-16,-1.));
#4236 = DIRECTION('',(0.,1.,-2.22044604925E-16));
#4237 = DEFINITIONAL_REPRESENTATION('',(#4238),#4242);
#4238 = CIRCLE('',#4239,1.E-01);
#4239 = AXIS2_PLACEMENT_2D('',#4240,#4241);
#4240 = CARTESIAN_POINT('',(1.E-01,-1.245));
#4241 = DIRECTION('',(-0.707106781187,-0.707106781187));
#4242 = ( GEOMETRIC_REPRESENTATION_CONTEXT(2) 
PARAMETRIC_REPRESENTATION_CONTEXT() REPRESENTATION_CONTEXT('2D SPACE',''
  ) );
#4243 = ORIENTED_EDGE('',*,*,#4244,.T.);
#4244 = EDGE_CURVE('',#4216,#4159,#4245,.T.);
#4245 = SURFACE_CURVE('',#4246,(#4250,#4257),.PCURVE_S1.);
#4246 = LINE('',#4247,#4248);
#4247 = CARTESIAN_POINT('',(-3.670710678119,-1.870710678119,
    1.741926223421));
#4248 = VECTOR('',#4249,1.);
#4249 = DIRECTION('',(0.,2.22044604925E-16,1.));
#4250 = PCURVE('',#4168,#4251);
#4251 = DEFINITIONAL_REPRESENTATION('',(#4252),#4256);
#4252 = LINE('',#4253,#4254);
#4253 = CARTESIAN_POINT('',(6.28318530718,-0.560526315789));
#4254 = VECTOR('',#4255,1.);
#4255 = DIRECTION('',(0.,1.));
#4256 = ( GEOMETRIC_REPRESENTATION_CONTEXT(2) 
PARAMETRIC_REPRESENTATION_CONTEXT() REPRESENTATION_CONTEXT('2D SPACE',''
  ) );
#4257 = PCURVE('',#4258,#4263);
#4258 = CYLINDRICAL_SURFACE('',#4259,0.1);
#4259 = AXIS2_PLACEMENT_3D('',#4260,#4261,#4262);
#4260 = CARTESIAN_POINT('',(-3.6,-1.8,2.302452539211));
#4261 = DIRECTION('',(0.,2.22044604925E-16,1.));
#4262 = DIRECTION('',(-0.707106781187,-0.707106781187,1.570092458684E-16
    ));
#4263 = DEFINITIONAL_REPRESENTATION('',(#4264),#4268);
#4264 = LINE('',#4265,#4266);
#4265 = CARTESIAN_POINT('',(0.,-0.560526315789));
#4266 = VECTOR('',#4267,1.);
#4267 = DIRECTION('',(0.,1.));
#4268 = ( GEOMETRIC_REPRESENTATION_CONTEXT(2) 
PARAMETRIC_REPRESENTATION_CONTEXT() REPRESENTATION_CONTEXT('2D SPACE',''
  ) );
#4269 = ADVANCED_FACE('',(#4270),#4284,.T.);
#4270 = FACE_BOUND('',#4271,.T.);
#4271 = EDGE_LOOP('',(#4272,#4307,#4335,#4358));
#4272 = ORIENTED_EDGE('',*,*,#4273,.F.);
#4273 = EDGE_CURVE('',#4274,#4276,#4278,.T.);
#4274 = VERTEX_POINT('',#4275);
#4275 = CARTESIAN_POINT('',(-3.812132034356,-2.012132034356,
    3.441926223421));
#4276 = VERTEX_POINT('',#4277);
#4277 = CARTESIAN_POINT('',(-3.812132034356,-2.012132034356,
    3.941926223421));
#4278 = SURFACE_CURVE('',#4279,(#4283,#4295),.PCURVE_S1.);
#4279 = LINE('',#4280,#4281);
#4280 = CARTESIAN_POINT('',(-3.812132034356,-2.012132034356,
    3.441926223421));
#4281 = VECTOR('',#4282,1.);
#4282 = DIRECTION('',(0.,2.22044604925E-16,1.));
#4283 = PCURVE('',#4284,#4289);
#4284 = CYLINDRICAL_SURFACE('',#4285,0.3);
#4285 = AXIS2_PLACEMENT_3D('',#4286,#4287,#4288);
#4286 = CARTESIAN_POINT('',(-3.6,-1.8,3.141926223421));
#4287 = DIRECTION('',(0.,2.22044604925E-16,1.));
#4288 = DIRECTION('',(-0.707106781187,-0.707106781187,1.570092458684E-16
    ));
#4289 = DEFINITIONAL_REPRESENTATION('',(#4290),#4294);
#4290 = LINE('',#4291,#4292);
#4291 = CARTESIAN_POINT('',(0.,0.3));
#4292 = VECTOR('',#4293,1.);
#4293 = DIRECTION('',(0.,1.));
#4294 = ( GEOMETRIC_REPRESENTATION_CONTEXT(2) 
PARAMETRIC_REPRESENTATION_CONTEXT() REPRESENTATION_CONTEXT('2D SPACE',''
  ) );
#4295 = PCURVE('',#4296,#4301);
#4296 = CYLINDRICAL_SURFACE('',#4297,0.3);
#4297 = AXIS2_PLACEMENT_3D('',#4298,#4299,#4300);
#4298 = CARTESIAN_POINT('',(-3.6,-1.8,3.141926223421));
#4299 = DIRECTION('',(0.,2.22044604925E-16,1.));
#4300 = DIRECTION('',(-0.707106781187,-0.707106781187,1.570092458684E-16
    ));
#4301 = DEFINITIONAL_REPRESENTATION('',(#4302),#4306);
#4302 = LINE('',#4303,#4304);
#4303 = CARTESIAN_POINT('',(6.28318530718,0.3));
#4304 = VECTOR('',#4305,1.);
#4305 = DIRECTION('',(0.,1.));
#4306 = ( GEOMETRIC_REPRESENTATION_CONTEXT(2) 
PARAMETRIC_REPRESENTATION_CONTEXT() REPRESENTATION_CONTEXT('2D SPACE',''
  ) );
#4307 = ORIENTED_EDGE('',*,*,#4308,.T.);
#4308 = EDGE_CURVE('',#4274,#4309,#4311,.T.);
#4309 = VERTEX_POINT('',#4310);
#4310 = CARTESIAN_POINT('',(-3.6,-2.1,3.441926223421));
#4311 = SURFACE_CURVE('',#4312,(#4317,#4324),.PCURVE_S1.);
#4312 = CIRCLE('',#4313,0.3);
#4313 = AXIS2_PLACEMENT_3D('',#4314,#4315,#4316);
#4314 = CARTESIAN_POINT('',(-3.6,-1.8,3.441926223421));
#4315 = DIRECTION('',(-3.299050841687E-33,2.22044604925E-16,1.));
#4316 = DIRECTION('',(-0.707106781187,-0.707106781187,1.570092458684E-16
    ));
#4317 = PCURVE('',#4284,#4318);
#4318 = DEFINITIONAL_REPRESENTATION('',(#4319),#4323);
#4319 = LINE('',#4320,#4321);
#4320 = CARTESIAN_POINT('',(0.,0.3));
#4321 = VECTOR('',#4322,1.);
#4322 = DIRECTION('',(1.,0.));
#4323 = ( GEOMETRIC_REPRESENTATION_CONTEXT(2) 
PARAMETRIC_REPRESENTATION_CONTEXT() REPRESENTATION_CONTEXT('2D SPACE',''
  ) );
#4324 = PCURVE('',#4115,#4325);
#4325 = DEFINITIONAL_REPRESENTATION('',(#4326),#4334);
#4326 = ( BOUNDED_CURVE() B_SPLINE_CURVE(2,(#4327,#4328,#4329,#4330,
#4331,#4332,#4333),.UNSPECIFIED.,.T.,.F.) B_SPLINE_CURVE_WITH_KNOTS((1,2
    ,2,2,2,1),(-2.094395102393,0.,2.094395102393,4.188790204786,
6.28318530718,8.377580409573),.UNSPECIFIED.) CURVE() 
GEOMETRIC_REPRESENTATION_ITEM() RATIONAL_B_SPLINE_CURVE((1.,0.5,1.,0.5,
1.,0.5,1.)) REPRESENTATION_ITEM('') );
#4327 = CARTESIAN_POINT('',(-0.112132034356,-0.612132034356));
#4328 = CARTESIAN_POINT('',(-0.479555495773,-0.244708572938));
#4329 = CARTESIAN_POINT('',(2.235428646924E-02,-0.110222252113));
#4330 = CARTESIAN_POINT('',(0.524264068712,2.426406871193E-02));
#4331 = CARTESIAN_POINT('',(0.389777747887,-0.477645713531));
#4332 = CARTESIAN_POINT('',(0.255291427062,-0.979555495773));
#4333 = CARTESIAN_POINT('',(-0.112132034356,-0.612132034356));
#4334 = ( GEOMETRIC_REPRESENTATION_CONTEXT(2) 
PARAMETRIC_REPRESENTATION_CONTEXT() REPRESENTATION_CONTEXT('2D SPACE',''
  ) );
#4335 = ORIENTED_EDGE('',*,*,#4336,.T.);
#4336 = EDGE_CURVE('',#4309,#4337,#4339,.T.);
#4337 = VERTEX_POINT('',#4338);
#4338 = CARTESIAN_POINT('',(-3.6,-2.1,3.941926223421));
#4339 = SURFACE_CURVE('',#4340,(#4344,#4351),.PCURVE_S1.);
#4340 = LINE('',#4341,#4342);
#4341 = CARTESIAN_POINT('',(-3.6,-2.1,3.441926223421));
#4342 = VECTOR('',#4343,1.);
#4343 = DIRECTION('',(0.,2.22044604925E-16,1.));
#4344 = PCURVE('',#4284,#4345);
#4345 = DEFINITIONAL_REPRESENTATION('',(#4346),#4350);
#4346 = LINE('',#4347,#4348);
#4347 = CARTESIAN_POINT('',(0.785398163397,0.3));
#4348 = VECTOR('',#4349,1.);
#4349 = DIRECTION('',(0.,1.));
#4350 = ( GEOMETRIC_REPRESENTATION_CONTEXT(2) 
PARAMETRIC_REPRESENTATION_CONTEXT() REPRESENTATION_CONTEXT('2D SPACE',''
  ) );
#4351 = PCURVE('',#2794,#4352);
#4352 = DEFINITIONAL_REPRESENTATION('',(#4353),#4357);
#4353 = LINE('',#4354,#4355);
#4354 = CARTESIAN_POINT('',(-5.4,0.6));
#4355 = VECTOR('',#4356,1.);
#4356 = DIRECTION('',(0.,1.));
#4357 = ( GEOMETRIC_REPRESENTATION_CONTEXT(2) 
PARAMETRIC_REPRESENTATION_CONTEXT() REPRESENTATION_CONTEXT('2D SPACE',''
  ) );
#4358 = ORIENTED_EDGE('',*,*,#4359,.T.);
#4359 = EDGE_CURVE('',#4337,#4276,#4360,.T.);
#4360 = SURFACE_CURVE('',#4361,(#4366,#4373),.PCURVE_S1.);
#4361 = CIRCLE('',#4362,0.3);
#4362 = AXIS2_PLACEMENT_3D('',#4363,#4364,#4365);
#4363 = CARTESIAN_POINT('',(-3.6,-1.8,3.941926223421));
#4364 = DIRECTION('',(3.299050841687E-33,-2.22044604925E-16,-1.));
#4365 = DIRECTION('',(-0.707106781187,-0.707106781187,1.570092458684E-16
    ));
#4366 = PCURVE('',#4284,#4367);
#4367 = DEFINITIONAL_REPRESENTATION('',(#4368),#4372);
#4368 = LINE('',#4369,#4370);
#4369 = CARTESIAN_POINT('',(6.28318530718,0.8));
#4370 = VECTOR('',#4371,1.);
#4371 = DIRECTION('',(-1.,0.));
#4372 = ( GEOMETRIC_REPRESENTATION_CONTEXT(2) 
PARAMETRIC_REPRESENTATION_CONTEXT() REPRESENTATION_CONTEXT('2D SPACE',''
  ) );
#4373 = PCURVE('',#3390,#4374);
#4374 = DEFINITIONAL_REPRESENTATION('',(#4375),#4383);
#4375 = ( BOUNDED_CURVE() B_SPLINE_CURVE(2,(#4376,#4377,#4378,#4379,
#4380,#4381,#4382),.UNSPECIFIED.,.T.,.F.) B_SPLINE_CURVE_WITH_KNOTS((1,2
    ,2,2,2,1),(-2.094395102393,0.,2.094395102393,4.188790204786,
6.28318530718,8.377580409573),.UNSPECIFIED.) CURVE() 
GEOMETRIC_REPRESENTATION_ITEM() RATIONAL_B_SPLINE_CURVE((1.,0.5,1.,0.5,
1.,0.5,1.)) REPRESENTATION_ITEM('') );
#4376 = CARTESIAN_POINT('',(0.112132034356,8.786796564404E-02));
#4377 = CARTESIAN_POINT('',(-0.255291427062,-0.279555495773));
#4378 = CARTESIAN_POINT('',(-0.389777747887,0.222354286469));
#4379 = CARTESIAN_POINT('',(-0.524264068712,0.724264068712));
#4380 = CARTESIAN_POINT('',(-2.235428646924E-02,0.589777747887));
#4381 = CARTESIAN_POINT('',(0.479555495773,0.455291427062));
#4382 = CARTESIAN_POINT('',(0.112132034356,8.786796564404E-02));
#4383 = ( GEOMETRIC_REPRESENTATION_CONTEXT(2) 
PARAMETRIC_REPRESENTATION_CONTEXT() REPRESENTATION_CONTEXT('2D SPACE',''
  ) );
#4384 = ADVANCED_FACE('',(#4385),#4399,.T.);
#4385 = FACE_BOUND('',#4386,.T.);
#4386 = EDGE_LOOP('',(#4387,#4422,#4450,#4473));
#4387 = ORIENTED_EDGE('',*,*,#4388,.F.);
#4388 = EDGE_CURVE('',#4389,#4391,#4393,.T.);
#4389 = VERTEX_POINT('',#4390);
#4390 = CARTESIAN_POINT('',(-3.812132034356,-2.012132034356,
    1.741926223421));
#4391 = VERTEX_POINT('',#4392);
#4392 = CARTESIAN_POINT('',(-3.812132034356,-2.012132034356,
    2.241926223421));
#4393 = SURFACE_CURVE('',#4394,(#4398,#4410),.PCURVE_S1.);
#4394 = LINE('',#4395,#4396);
#4395 = CARTESIAN_POINT('',(-3.812132034356,-2.012132034356,
    1.741926223421));
#4396 = VECTOR('',#4397,1.);
#4397 = DIRECTION('',(0.,2.22044604925E-16,1.));
#4398 = PCURVE('',#4399,#4404);
#4399 = CYLINDRICAL_SURFACE('',#4400,0.3);
#4400 = AXIS2_PLACEMENT_3D('',#4401,#4402,#4403);
#4401 = CARTESIAN_POINT('',(-3.6,-1.8,2.291926223421));
#4402 = DIRECTION('',(-1.224606E-16,2.22044604925E-16,1.));
#4403 = DIRECTION('',(-0.707106781187,-0.707106781187,7.041652518018E-17
    ));
#4404 = DEFINITIONAL_REPRESENTATION('',(#4405),#4409);
#4405 = LINE('',#4406,#4407);
#4406 = CARTESIAN_POINT('',(0.,-0.55));
#4407 = VECTOR('',#4408,1.);
#4408 = DIRECTION('',(0.,1.));
#4409 = ( GEOMETRIC_REPRESENTATION_CONTEXT(2) 
PARAMETRIC_REPRESENTATION_CONTEXT() REPRESENTATION_CONTEXT('2D SPACE',''
  ) );
#4410 = PCURVE('',#4411,#4416);
#4411 = CYLINDRICAL_SURFACE('',#4412,0.3);
#4412 = AXIS2_PLACEMENT_3D('',#4413,#4414,#4415);
#4413 = CARTESIAN_POINT('',(-3.6,-1.8,2.291926223421));
#4414 = DIRECTION('',(-1.224606E-16,2.22044604925E-16,1.));
#4415 = DIRECTION('',(-0.707106781187,-0.707106781187,7.041652518018E-17
    ));
#4416 = DEFINITIONAL_REPRESENTATION('',(#4417),#4421);
#4417 = LINE('',#4418,#4419);
#4418 = CARTESIAN_POINT('',(6.28318530718,-0.55));
#4419 = VECTOR('',#4420,1.);
#4420 = DIRECTION('',(0.,1.));
#4421 = ( GEOMETRIC_REPRESENTATION_CONTEXT(2) 
PARAMETRIC_REPRESENTATION_CONTEXT() REPRESENTATION_CONTEXT('2D SPACE',''
  ) );
#4422 = ORIENTED_EDGE('',*,*,#4423,.T.);
#4423 = EDGE_CURVE('',#4389,#4424,#4426,.T.);
#4424 = VERTEX_POINT('',#4425);
#4425 = CARTESIAN_POINT('',(-3.6,-2.1,1.741926223421));
#4426 = SURFACE_CURVE('',#4427,(#4432,#4439),.PCURVE_S1.);
#4427 = CIRCLE('',#4428,0.3);
#4428 = AXIS2_PLACEMENT_3D('',#4429,#4430,#4431);
#4429 = CARTESIAN_POINT('',(-3.6,-1.8,1.741926223421));
#4430 = DIRECTION('',(-3.299050841687E-33,2.22044604925E-16,1.));
#4431 = DIRECTION('',(-0.707106781187,-0.707106781187,1.570092458684E-16
    ));
#4432 = PCURVE('',#4399,#4433);
#4433 = DEFINITIONAL_REPRESENTATION('',(#4434),#4438);
#4434 = LINE('',#4435,#4436);
#4435 = CARTESIAN_POINT('',(0.,-0.55));
#4436 = VECTOR('',#4437,1.);
#4437 = DIRECTION('',(1.,0.));
#4438 = ( GEOMETRIC_REPRESENTATION_CONTEXT(2) 
PARAMETRIC_REPRESENTATION_CONTEXT() REPRESENTATION_CONTEXT('2D SPACE',''
  ) );
#4439 = PCURVE('',#4232,#4440);
#4440 = DEFINITIONAL_REPRESENTATION('',(#4441),#4449);
#4441 = ( BOUNDED_CURVE() B_SPLINE_CURVE(2,(#4442,#4443,#4444,#4445,
#4446,#4447,#4448),.UNSPECIFIED.,.T.,.F.) B_SPLINE_CURVE_WITH_KNOTS((1,2
    ,2,2,2,1),(-2.094395102393,0.,2.094395102393,4.188790204786,
6.28318530718,8.377580409573),.UNSPECIFIED.) CURVE() 
GEOMETRIC_REPRESENTATION_ITEM() RATIONAL_B_SPLINE_CURVE((1.,0.5,1.,0.5,
1.,0.5,1.)) REPRESENTATION_ITEM('') );
#4442 = CARTESIAN_POINT('',(-0.112132034356,-1.457132034356));
#4443 = CARTESIAN_POINT('',(-0.479555495773,-1.089708572938));
#4444 = CARTESIAN_POINT('',(2.235428646924E-02,-0.955222252113));
#4445 = CARTESIAN_POINT('',(0.524264068712,-0.820735931288));
#4446 = CARTESIAN_POINT('',(0.389777747887,-1.322645713531));
#4447 = CARTESIAN_POINT('',(0.255291427062,-1.824555495773));
#4448 = CARTESIAN_POINT('',(-0.112132034356,-1.457132034356));
#4449 = ( GEOMETRIC_REPRESENTATION_CONTEXT(2) 
PARAMETRIC_REPRESENTATION_CONTEXT() REPRESENTATION_CONTEXT('2D SPACE',''
  ) );
#4450 = ORIENTED_EDGE('',*,*,#4451,.T.);
#4451 = EDGE_CURVE('',#4424,#4452,#4454,.T.);
#4452 = VERTEX_POINT('',#4453);
#4453 = CARTESIAN_POINT('',(-3.6,-2.1,2.241926223421));
#4454 = SURFACE_CURVE('',#4455,(#4459,#4466),.PCURVE_S1.);
#4455 = LINE('',#4456,#4457);
#4456 = CARTESIAN_POINT('',(-3.6,-2.1,1.741926223421));
#4457 = VECTOR('',#4458,1.);
#4458 = DIRECTION('',(0.,2.22044604925E-16,1.));
#4459 = PCURVE('',#4399,#4460);
#4460 = DEFINITIONAL_REPRESENTATION('',(#4461),#4465);
#4461 = LINE('',#4462,#4463);
#4462 = CARTESIAN_POINT('',(0.785398163397,-0.55));
#4463 = VECTOR('',#4464,1.);
#4464 = DIRECTION('',(0.,1.));
#4465 = ( GEOMETRIC_REPRESENTATION_CONTEXT(2) 
PARAMETRIC_REPRESENTATION_CONTEXT() REPRESENTATION_CONTEXT('2D SPACE',''
  ) );
#4466 = PCURVE('',#2794,#4467);
#4467 = DEFINITIONAL_REPRESENTATION('',(#4468),#4472);
#4468 = LINE('',#4469,#4470);
#4469 = CARTESIAN_POINT('',(-5.4,-1.1));
#4470 = VECTOR('',#4471,1.);
#4471 = DIRECTION('',(0.,1.));
#4472 = ( GEOMETRIC_REPRESENTATION_CONTEXT(2) 
PARAMETRIC_REPRESENTATION_CONTEXT() REPRESENTATION_CONTEXT('2D SPACE',''
  ) );
#4473 = ORIENTED_EDGE('',*,*,#4474,.T.);
#4474 = EDGE_CURVE('',#4452,#4391,#4475,.T.);
#4475 = SURFACE_CURVE('',#4476,(#4481,#4488),.PCURVE_S1.);
#4476 = CIRCLE('',#4477,0.3);
#4477 = AXIS2_PLACEMENT_3D('',#4478,#4479,#4480);
#4478 = CARTESIAN_POINT('',(-3.6,-1.8,2.241926223421));
#4479 = DIRECTION('',(3.299050841687E-33,-2.22044604925E-16,-1.));
#4480 = DIRECTION('',(-0.707106781187,-0.707106781187,1.570092458684E-16
    ));
#4481 = PCURVE('',#4399,#4482);
#4482 = DEFINITIONAL_REPRESENTATION('',(#4483),#4487);
#4483 = LINE('',#4484,#4485);
#4484 = CARTESIAN_POINT('',(6.28318530718,-5.E-02));
#4485 = VECTOR('',#4486,1.);
#4486 = DIRECTION('',(-1.,0.));
#4487 = ( GEOMETRIC_REPRESENTATION_CONTEXT(2) 
PARAMETRIC_REPRESENTATION_CONTEXT() REPRESENTATION_CONTEXT('2D SPACE',''
  ) );
#4488 = PCURVE('',#3046,#4489);
#4489 = DEFINITIONAL_REPRESENTATION('',(#4490),#4498);
#4490 = ( BOUNDED_CURVE() B_SPLINE_CURVE(2,(#4491,#4492,#4493,#4494,
#4495,#4496,#4497),.UNSPECIFIED.,.T.,.F.) B_SPLINE_CURVE_WITH_KNOTS((1,2
    ,2,2,2,1),(-2.094395102393,0.,2.094395102393,4.188790204786,
6.28318530718,8.377580409573),.UNSPECIFIED.) CURVE() 
GEOMETRIC_REPRESENTATION_ITEM() RATIONAL_B_SPLINE_CURVE((1.,0.5,1.,0.5,
1.,0.5,1.)) REPRESENTATION_ITEM('') );
#4491 = CARTESIAN_POINT('',(0.112132034356,8.786796564404E-02));
#4492 = CARTESIAN_POINT('',(-0.255291427062,-0.279555495773));
#4493 = CARTESIAN_POINT('',(-0.389777747887,0.222354286469));
#4494 = CARTESIAN_POINT('',(-0.524264068712,0.724264068712));
#4495 = CARTESIAN_POINT('',(-2.235428646924E-02,0.589777747887));
#4496 = CARTESIAN_POINT('',(0.479555495773,0.455291427062));
#4497 = CARTESIAN_POINT('',(0.112132034356,8.786796564404E-02));
#4498 = ( GEOMETRIC_REPRESENTATION_CONTEXT(2) 
PARAMETRIC_REPRESENTATION_CONTEXT() REPRESENTATION_CONTEXT('2D SPACE',''
  ) );
#4499 = ADVANCED_FACE('',(#4500),#4515,.F.);
#4500 = FACE_BOUND('',#4501,.F.);
#4501 = EDGE_LOOP('',(#4502,#4538,#4566,#4616,#4693,#4722));
#4502 = ORIENTED_EDGE('',*,*,#4503,.T.);
#4503 = EDGE_CURVE('',#4504,#4506,#4508,.T.);
#4504 = VERTEX_POINT('',#4505);
#4505 = CARTESIAN_POINT('',(-1.3,-0.65,5.041926223421));
#4506 = VERTEX_POINT('',#4507);
#4507 = CARTESIAN_POINT('',(-1.4,-0.55,5.041926223421));
#4508 = SURFACE_CURVE('',#4509,(#4514,#4526),.PCURVE_S1.);
#4509 = CIRCLE('',#4510,9.999999999997E-02);
#4510 = AXIS2_PLACEMENT_3D('',#4511,#4512,#4513);
#4511 = CARTESIAN_POINT('',(-1.4,-0.65,5.041926223421));
#4512 = DIRECTION('',(0.,2.22044604925E-16,1.));
#4513 = DIRECTION('',(-1.,0.,0.));
#4514 = PCURVE('',#4515,#4520);
#4515 = CYLINDRICAL_SURFACE('',#4516,9.999999999997E-02);
#4516 = AXIS2_PLACEMENT_3D('',#4517,#4518,#4519);
#4517 = CARTESIAN_POINT('',(-1.4,-0.65,5.041926223421));
#4518 = DIRECTION('',(0.,2.22044604925E-16,1.));
#4519 = DIRECTION('',(-1.,0.,0.));
#4520 = DEFINITIONAL_REPRESENTATION('',(#4521),#4525);
#4521 = LINE('',#4522,#4523);
#4522 = CARTESIAN_POINT('',(0.,0.));
#4523 = VECTOR('',#4524,1.);
#4524 = DIRECTION('',(1.,0.));
#4525 = ( GEOMETRIC_REPRESENTATION_CONTEXT(2) 
PARAMETRIC_REPRESENTATION_CONTEXT() REPRESENTATION_CONTEXT('2D SPACE',''
  ) );
#4526 = PCURVE('',#4527,#4532);
#4527 = PLANE('',#4528);
#4528 = AXIS2_PLACEMENT_3D('',#4529,#4530,#4531);
#4529 = CARTESIAN_POINT('',(-1.173505737029E-13,-0.7,5.041926223421));
#4530 = DIRECTION('',(0.,2.22044604925E-16,1.));
#4531 = DIRECTION('',(0.,-1.,2.22044604925E-16));
#4532 = DEFINITIONAL_REPRESENTATION('',(#4533),#4537);
#4533 = CIRCLE('',#4534,9.999999999997E-02);
#4534 = AXIS2_PLACEMENT_2D('',#4535,#4536);
#4535 = CARTESIAN_POINT('',(-5.E-02,-1.4));
#4536 = DIRECTION('',(0.,-1.));
#4537 = ( GEOMETRIC_REPRESENTATION_CONTEXT(2) 
PARAMETRIC_REPRESENTATION_CONTEXT() REPRESENTATION_CONTEXT('2D SPACE',''
  ) );
#4538 = ORIENTED_EDGE('',*,*,#4539,.T.);
#4539 = EDGE_CURVE('',#4506,#4540,#4542,.T.);
#4540 = VERTEX_POINT('',#4541);
#4541 = CARTESIAN_POINT('',(-1.4,-0.55,5.234825829958));
#4542 = SURFACE_CURVE('',#4543,(#4547,#4554),.PCURVE_S1.);
#4543 = LINE('',#4544,#4545);
#4544 = CARTESIAN_POINT('',(-1.4,-0.55,5.041926223421));
#4545 = VECTOR('',#4546,1.);
#4546 = DIRECTION('',(0.,2.22044604925E-16,1.));
#4547 = PCURVE('',#4515,#4548);
#4548 = DEFINITIONAL_REPRESENTATION('',(#4549),#4553);
#4549 = LINE('',#4550,#4551);
#4550 = CARTESIAN_POINT('',(4.712388980385,0.));
#4551 = VECTOR('',#4552,1.);
#4552 = DIRECTION('',(0.,1.));
#4553 = ( GEOMETRIC_REPRESENTATION_CONTEXT(2) 
PARAMETRIC_REPRESENTATION_CONTEXT() REPRESENTATION_CONTEXT('2D SPACE',''
  ) );
#4554 = PCURVE('',#4555,#4560);
#4555 = PLANE('',#4556);
#4556 = AXIS2_PLACEMENT_3D('',#4557,#4558,#4559);
#4557 = CARTESIAN_POINT('',(-1.782836101733,-0.55,4.985768767163));
#4558 = DIRECTION('',(0.,1.,-2.22044604925E-16));
#4559 = DIRECTION('',(-0.99995425939,2.123739432812E-18,
    9.564472118244E-03));
#4560 = DEFINITIONAL_REPRESENTATION('',(#4561),#4565);
#4561 = LINE('',#4562,#4563);
#4562 = CARTESIAN_POINT('',(-0.382281474152,5.98165128026E-02));
#4563 = VECTOR('',#4564,1.);
#4564 = DIRECTION('',(9.564472118244E-03,0.99995425939));
#4565 = ( GEOMETRIC_REPRESENTATION_CONTEXT(2) 
PARAMETRIC_REPRESENTATION_CONTEXT() REPRESENTATION_CONTEXT('2D SPACE',''
  ) );
#4566 = ORIENTED_EDGE('',*,*,#4567,.T.);
#4567 = EDGE_CURVE('',#4540,#4568,#4570,.T.);
#4568 = VERTEX_POINT('',#4569);
#4569 = CARTESIAN_POINT('',(-1.398713760745,-0.550008272442,
    5.235069284272));
#4570 = SURFACE_CURVE('',#4571,(#4576,#4582),.PCURVE_S1.);
#4571 = B_SPLINE_CURVE_WITH_KNOTS('',3,(#4572,#4573,#4574,#4575),
  .UNSPECIFIED.,.F.,.F.,(4,4),(-0.151173668987,-0.149867505838),
  .PIECEWISE_BEZIER_KNOTS.);
#4572 = CARTESIAN_POINT('',(-1.4,-0.55,5.234825829958));
#4573 = CARTESIAN_POINT('',(-1.399572340844,-0.55,5.234907500697));
#4574 = CARTESIAN_POINT('',(-1.399143570417,-0.550002743604,
    5.234988659875));
#4575 = CARTESIAN_POINT('',(-1.398713760745,-0.550008272442,
    5.235069284272));
#4576 = PCURVE('',#4515,#4577);
#4577 = DEFINITIONAL_REPRESENTATION('',(#4578),#4581);
#4578 = B_SPLINE_CURVE_WITH_KNOTS('',1,(#4579,#4580),.UNSPECIFIED.,.F.,
  .F.,(2,2),(-0.151173668987,-0.149867505838),.PIECEWISE_BEZIER_KNOTS.);
#4579 = CARTESIAN_POINT('',(4.712388980385,0.192899606536));
#4580 = CARTESIAN_POINT('',(4.69952623314,0.193143060851));
#4581 = ( GEOMETRIC_REPRESENTATION_CONTEXT(2) 
PARAMETRIC_REPRESENTATION_CONTEXT() REPRESENTATION_CONTEXT('2D SPACE',''
  ) );
#4582 = PCURVE('',#4583,#4588);
#4583 = CYLINDRICAL_SURFACE('',#4584,0.4);
#4584 = AXIS2_PLACEMENT_3D('',#4585,#4586,#4587);
#4585 = CARTESIAN_POINT('',(-1.324967345885,-1.225,4.841926223421));
#4586 = DIRECTION('',(0.,1.,-2.22044604925E-16));
#4587 = DIRECTION('',(-0.184366045352,2.182382387225E-16,0.982857650589)
  );
#4588 = DEFINITIONAL_REPRESENTATION('',(#4589),#4615);
#4589 = B_SPLINE_CURVE_WITH_KNOTS('',3,(#4590,#4591,#4592,#4593,#4594,
    #4595,#4596,#4597,#4598,#4599,#4600,#4601,#4602,#4603,#4604,#4605,
    #4606,#4607,#4608,#4609,#4610,#4611,#4612,#4613,#4614),
  .UNSPECIFIED.,.F.,.F.,(4,1,1,1,1,1,1,1,1,1,1,1,1,1,1,1,1,1,1,1,1,1,4),
  (-0.151173668987,-0.151114297935,-0.151054926882,-0.15099555583,
    -0.150936184778,-0.150876813726,-0.150817442674,-0.150758071621,
    -0.150698700569,-0.150639329517,-0.150579958465,-0.150520587412,
    -0.15046121636,-0.150401845308,-0.150342474256,-0.150283103204,
    -0.150223732151,-0.150164361099,-0.150104990047,-0.150045618995,
    -0.149986247943,-0.14992687689,-0.149867505838),.UNSPECIFIED.);
#4590 = CARTESIAN_POINT('',(6.279912622679,0.675));
#4591 = CARTESIAN_POINT('',(6.279962098556,0.675));
#4592 = CARTESIAN_POINT('',(6.280061060594,0.674999988663));
#4593 = CARTESIAN_POINT('',(6.280209534405,0.674999937622));
#4594 = CARTESIAN_POINT('',(6.280358038865,0.674999852522));
#4595 = CARTESIAN_POINT('',(6.280506573873,0.674999733341));
#4596 = CARTESIAN_POINT('',(6.280655139325,0.674999580054));
#4597 = CARTESIAN_POINT('',(6.28080373512,0.674999392639));
#4598 = CARTESIAN_POINT('',(6.280952361155,0.67499917107));
#4599 = CARTESIAN_POINT('',(6.281101017326,0.674998915326));
#4600 = CARTESIAN_POINT('',(6.281249703533,0.674998625383));
#4601 = CARTESIAN_POINT('',(6.281398419672,0.674998301217));
#4602 = CARTESIAN_POINT('',(6.281547165641,0.674997942805));
#4603 = CARTESIAN_POINT('',(6.281695941337,0.674997550123));
#4604 = CARTESIAN_POINT('',(6.281844746658,0.674997123148));
#4605 = CARTESIAN_POINT('',(6.281993581502,0.674996661857));
#4606 = CARTESIAN_POINT('',(6.282142445766,0.674996166225));
#4607 = CARTESIAN_POINT('',(6.282291339344,0.67499563623));
#4608 = CARTESIAN_POINT('',(6.282440262149,0.674995071848));
#4609 = CARTESIAN_POINT('',(6.282589214021,0.674994473056));
#4610 = CARTESIAN_POINT('',(6.282738195076,0.67499383983));
#4611 = CARTESIAN_POINT('',(6.28288720439,0.674993172146));
#4612 = CARTESIAN_POINT('',(6.283036244931,0.674992469982));
#4613 = CARTESIAN_POINT('',(6.283135618402,0.674991978869));
#4614 = CARTESIAN_POINT('',(6.28318530718,0.674991727559));
#4615 = ( GEOMETRIC_REPRESENTATION_CONTEXT(2) 
PARAMETRIC_REPRESENTATION_CONTEXT() REPRESENTATION_CONTEXT('2D SPACE',''
  ) );
#4616 = ORIENTED_EDGE('',*,*,#4617,.T.);
#4617 = EDGE_CURVE('',#4568,#4618,#4620,.T.);
#4618 = VERTEX_POINT('',#4619);
#4619 = CARTESIAN_POINT('',(-1.324967345885,-0.583893261944,
    5.241926223421));
#4620 = SURFACE_CURVE('',#4621,(#4630,#4659),.PCURVE_S1.);
#4621 = B_SPLINE_CURVE_WITH_KNOTS('',3,(#4622,#4623,#4624,#4625,#4626,
    #4627,#4628,#4629),.UNSPECIFIED.,.F.,.F.,(4,2,2,4),(-0.149867505838,
    -0.113321292935,-7.546891688314E-02,-6.910421298908E-02),
  .UNSPECIFIED.);
#4622 = CARTESIAN_POINT('',(-1.398713760745,-0.550008272442,
    5.235069284272));
#4623 = CARTESIAN_POINT('',(-1.386687762468,-0.550162968349,
    5.237325140591));
#4624 = CARTESIAN_POINT('',(-1.373842359361,-0.552627423477,
    5.239108928829));
#4625 = CARTESIAN_POINT('',(-1.349613825267,-0.562599050512,
    5.241358087664));
#4626 = CARTESIAN_POINT('',(-1.338303063863,-0.570296307088,
    5.241803639225));
#4627 = CARTESIAN_POINT('',(-1.327869270741,-0.580705998284,
    5.24191851672));
#4628 = CARTESIAN_POINT('',(-1.326398215302,-0.582269192549,
    5.241926223421));
#4629 = CARTESIAN_POINT('',(-1.324967345885,-0.583893261944,
    5.241926223421));
#4630 = PCURVE('',#4515,#4631);
#4631 = DEFINITIONAL_REPRESENTATION('',(#4632),#4658);
#4632 = B_SPLINE_CURVE_WITH_KNOTS('',3,(#4633,#4634,#4635,#4636,#4637,
    #4638,#4639,#4640,#4641,#4642,#4643,#4644,#4645,#4646,#4647,#4648,
    #4649,#4650,#4651,#4652,#4653,#4654,#4655,#4656,#4657),
  .UNSPECIFIED.,.F.,.F.,(4,1,1,1,1,1,1,1,1,1,1,1,1,1,1,1,1,1,1,1,1,1,4),
  (-0.149867505838,-0.146196447072,-0.142525388306,-0.13885432954,
    -0.135183270775,-0.131512212009,-0.127841153243,-0.124170094477,
    -0.120499035711,-0.116827976945,-0.113156918179,-0.109485859414,
    -0.105814800648,-0.102143741882,-9.847268311596E-02,
    -9.48016243501E-02,-9.113056558424E-02,-8.745950681838E-02,
    -8.378844805252E-02,-8.011738928666E-02,-7.64463305208E-02,
    -7.277527175494E-02,-6.910421298908E-02),.QUASI_UNIFORM_KNOTS.);
#4633 = CARTESIAN_POINT('',(4.699526233141,0.193143060851));
#4634 = CARTESIAN_POINT('',(4.687445276353,0.193369661105));
#4635 = CARTESIAN_POINT('',(4.663111505121,0.193813335131));
#4636 = CARTESIAN_POINT('',(4.626149177916,0.194449008588));
#4637 = CARTESIAN_POINT('',(4.588778669474,0.195053586368));
#4638 = CARTESIAN_POINT('',(4.551054916123,0.195625810211));
#4639 = CARTESIAN_POINT('',(4.513032606442,0.196164422469));
#4640 = CARTESIAN_POINT('',(4.474765358502,0.196668163216));
#4641 = CARTESIAN_POINT('',(4.436304598358,0.197135781031));
#4642 = CARTESIAN_POINT('',(4.397698547354,0.19756599274));
#4643 = CARTESIAN_POINT('',(4.358991012645,0.197957633687));
#4644 = CARTESIAN_POINT('',(4.320220940957,0.198309096891));
#4645 = CARTESIAN_POINT('',(4.281419322717,0.198620436475));
#4646 = CARTESIAN_POINT('',(4.242618975486,0.198894558904));
#4647 = CARTESIAN_POINT('',(4.203860201323,0.199133125175));
#4648 = CARTESIAN_POINT('',(4.165187964862,0.19933812995));
#4649 = CARTESIAN_POINT('',(4.126651245899,0.199511478704));
#4650 = CARTESIAN_POINT('',(4.088302276002,0.199655099996));
#4651 = CARTESIAN_POINT('',(4.050193819456,0.199770919232));
#4652 = CARTESIAN_POINT('',(4.012384277118,0.199860851346));
#4653 = CARTESIAN_POINT('',(3.974913486466,0.19992685632));
#4654 = CARTESIAN_POINT('',(3.937888102163,0.199970724403));
#4655 = CARTESIAN_POINT('',(3.901158299488,0.199994879739));
#4656 = CARTESIAN_POINT('',(3.876384974525,0.199999836566));
#4657 = CARTESIAN_POINT('',(3.86383307931,0.2));
#4658 = ( GEOMETRIC_REPRESENTATION_CONTEXT(2) 
PARAMETRIC_REPRESENTATION_CONTEXT() REPRESENTATION_CONTEXT('2D SPACE',''
  ) );
#4659 = PCURVE('',#4660,#4665);
#4660 = CYLINDRICAL_SURFACE('',#4661,0.4);
#4661 = AXIS2_PLACEMENT_3D('',#4662,#4663,#4664);
#4662 = CARTESIAN_POINT('',(-1.324967345885,-1.225,4.841926223421));
#4663 = DIRECTION('',(0.,1.,-2.22044604925E-16));
#4664 = DIRECTION('',(-0.184366045352,2.182382387225E-16,0.982857650589)
  );
#4665 = DEFINITIONAL_REPRESENTATION('',(#4666),#4692);
#4666 = B_SPLINE_CURVE_WITH_KNOTS('',3,(#4667,#4668,#4669,#4670,#4671,
    #4672,#4673,#4674,#4675,#4676,#4677,#4678,#4679,#4680,#4681,#4682,
    #4683,#4684,#4685,#4686,#4687,#4688,#4689,#4690,#4691),
  .UNSPECIFIED.,.F.,.F.,(4,1,1,1,1,1,1,1,1,1,1,1,1,1,1,1,1,1,1,1,1,1,4),
  (-0.149867505838,-0.146196447072,-0.142525388306,-0.138854329541,
    -0.135183270775,-0.131512212009,-0.127841153243,-0.124170094477,
    -0.120499035711,-0.116827976945,-0.113156918179,-0.109485859414,
    -0.105814800648,-0.102143741882,-9.847268311601E-02,
    -9.480162435015E-02,-9.113056558428E-02,-8.745950681841E-02,
    -8.378844805255E-02,-8.011738928668E-02,-7.644633052081E-02,
    -7.277527175494E-02,-6.910421298908E-02),.UNSPECIFIED.);
#4667 = CARTESIAN_POINT('',(0.,0.674991727559));
#4668 = CARTESIAN_POINT('',(3.072692174853E-03,0.67497618839));
#4669 = CARTESIAN_POINT('',(9.254342414664E-03,0.674898498387));
#4670 = CARTESIAN_POINT('',(1.860953889909E-02,0.674641373898));
#4671 = CARTESIAN_POINT('',(2.802141766551E-02,0.674242905428));
#4672 = CARTESIAN_POINT('',(3.746380791107E-02,0.673702338512));
#4673 = CARTESIAN_POINT('',(4.691049386513E-02,0.67301891856));
#4674 = CARTESIAN_POINT('',(5.633522126139E-02,0.672191891457));
#4675 = CARTESIAN_POINT('',(6.571172815602E-02,0.671220501311));
#4676 = CARTESIAN_POINT('',(7.501376238801E-02,0.670103998865));
#4677 = CARTESIAN_POINT('',(8.421512610307E-02,0.668841610095));
#4678 = CARTESIAN_POINT('',(9.328961787919E-02,0.667432653413));
#4679 = CARTESIAN_POINT('',(0.102211344508,0.665876098598));
#4680 = CARTESIAN_POINT('',(0.110963101475,0.664179489292));
#4681 = CARTESIAN_POINT('',(0.119527322841,0.662350588107));
#4682 = CARTESIAN_POINT('',(0.127886365545,0.660397100431));
#4683 = CARTESIAN_POINT('',(0.136022474711,0.65832674158));
#4684 = CARTESIAN_POINT('',(0.143917729611,0.656147244389));
#4685 = CARTESIAN_POINT('',(0.151554378499,0.653866261677));
#4686 = CARTESIAN_POINT('',(0.158913628606,0.651491748815));
#4687 = CARTESIAN_POINT('',(0.165980216789,0.649030530985));
#4688 = CARTESIAN_POINT('',(0.172725391769,0.646493651567));
#4689 = CARTESIAN_POINT('',(0.179170458188,0.643876411338));
#4690 = CARTESIAN_POINT('',(0.183350266683,0.642047700644));
#4691 = CARTESIAN_POINT('',(0.185426811597,0.641106738056));
#4692 = ( GEOMETRIC_REPRESENTATION_CONTEXT(2) 
PARAMETRIC_REPRESENTATION_CONTEXT() REPRESENTATION_CONTEXT('2D SPACE',''
  ) );
#4693 = ORIENTED_EDGE('',*,*,#4694,.F.);
#4694 = EDGE_CURVE('',#4695,#4618,#4697,.T.);
#4695 = VERTEX_POINT('',#4696);
#4696 = CARTESIAN_POINT('',(-1.3,-0.65,5.241926223421));
#4697 = SURFACE_CURVE('',#4698,(#4703,#4710),.PCURVE_S1.);
#4698 = CIRCLE('',#4699,9.999999999997E-02);
#4699 = AXIS2_PLACEMENT_3D('',#4700,#4701,#4702);
#4700 = CARTESIAN_POINT('',(-1.4,-0.65,5.241926223421));
#4701 = DIRECTION('',(0.,2.22044604925E-16,1.));
#4702 = DIRECTION('',(-1.,0.,0.));
#4703 = PCURVE('',#4515,#4704);
#4704 = DEFINITIONAL_REPRESENTATION('',(#4705),#4709);
#4705 = LINE('',#4706,#4707);
#4706 = CARTESIAN_POINT('',(0.,0.2));
#4707 = VECTOR('',#4708,1.);
#4708 = DIRECTION('',(1.,0.));
#4709 = ( GEOMETRIC_REPRESENTATION_CONTEXT(2) 
PARAMETRIC_REPRESENTATION_CONTEXT() REPRESENTATION_CONTEXT('2D SPACE',''
  ) );
#4710 = PCURVE('',#4711,#4716);
#4711 = PLANE('',#4712);
#4712 = AXIS2_PLACEMENT_3D('',#4713,#4714,#4715);
#4713 = CARTESIAN_POINT('',(-2.355,-1.9,5.241926223421));
#4714 = DIRECTION('',(0.,2.22044604925E-16,1.));
#4715 = DIRECTION('',(0.,-1.,2.22044604925E-16));
#4716 = DEFINITIONAL_REPRESENTATION('',(#4717),#4721);
#4717 = CIRCLE('',#4718,9.999999999997E-02);
#4718 = AXIS2_PLACEMENT_2D('',#4719,#4720);
#4719 = CARTESIAN_POINT('',(-1.25,0.955));
#4720 = DIRECTION('',(0.,-1.));
#4721 = ( GEOMETRIC_REPRESENTATION_CONTEXT(2) 
PARAMETRIC_REPRESENTATION_CONTEXT() REPRESENTATION_CONTEXT('2D SPACE',''
  ) );
#4722 = ORIENTED_EDGE('',*,*,#4723,.T.);
#4723 = EDGE_CURVE('',#4695,#4504,#4724,.T.);
#4724 = SURFACE_CURVE('',#4725,(#4729,#4736),.PCURVE_S1.);
#4725 = LINE('',#4726,#4727);
#4726 = CARTESIAN_POINT('',(-1.3,-0.65,5.241926223421));
#4727 = VECTOR('',#4728,1.);
#4728 = DIRECTION('',(0.,-2.22044604925E-16,-1.));
#4729 = PCURVE('',#4515,#4730);
#4730 = DEFINITIONAL_REPRESENTATION('',(#4731),#4735);
#4731 = LINE('',#4732,#4733);
#4732 = CARTESIAN_POINT('',(3.14159265359,0.2));
#4733 = VECTOR('',#4734,1.);
#4734 = DIRECTION('',(0.,-1.));
#4735 = ( GEOMETRIC_REPRESENTATION_CONTEXT(2) 
PARAMETRIC_REPRESENTATION_CONTEXT() REPRESENTATION_CONTEXT('2D SPACE',''
  ) );
#4736 = PCURVE('',#4737,#4742);
#4737 = CYLINDRICAL_SURFACE('',#4738,9.999999999997E-02);
#4738 = AXIS2_PLACEMENT_3D('',#4739,#4740,#4741);
#4739 = CARTESIAN_POINT('',(-1.4,-0.65,5.041926223421));
#4740 = DIRECTION('',(0.,2.22044604925E-16,1.));
#4741 = DIRECTION('',(-1.,0.,0.));
#4742 = DEFINITIONAL_REPRESENTATION('',(#4743),#4747);
#4743 = LINE('',#4744,#4745);
#4744 = CARTESIAN_POINT('',(3.14159265359,0.2));
#4745 = VECTOR('',#4746,1.);
#4746 = DIRECTION('',(0.,-1.));
#4747 = ( GEOMETRIC_REPRESENTATION_CONTEXT(2) 
PARAMETRIC_REPRESENTATION_CONTEXT() REPRESENTATION_CONTEXT('2D SPACE',''
  ) );
#4748 = ADVANCED_FACE('',(#4749),#4768,.F.);
#4749 = FACE_BOUND('',#4750,.F.);
#4750 = EDGE_LOOP('',(#4751,#4835,#4858,#4887));
#4751 = ORIENTED_EDGE('',*,*,#4752,.T.);
#4752 = EDGE_CURVE('',#4753,#4755,#4757,.T.);
#4753 = VERTEX_POINT('',#4754);
#4754 = CARTESIAN_POINT('',(-1.483611555818,-1.870710678136,
    5.012636901522));
#4755 = VERTEX_POINT('',#4756);
#4756 = CARTESIAN_POINT('',(-1.49364916731,-1.8,5.041926223421));
#4757 = SURFACE_CURVE('',#4758,(#4767,#4801),.PCURVE_S1.);
#4758 = B_SPLINE_CURVE_WITH_KNOTS('',3,(#4759,#4760,#4761,#4762,#4763,
    #4764,#4765,#4766),.UNSPECIFIED.,.F.,.F.,(4,2,2,4),(0.53637081011,
    0.54110799533,0.576888970664,0.612669945998),.UNSPECIFIED.);
#4759 = CARTESIAN_POINT('',(-1.483611555818,-1.870710678136,
    5.012636901522));
#4760 = CARTESIAN_POINT('',(-1.484093863181,-1.869593791233,
    5.013753788426));
#4761 = CARTESIAN_POINT('',(-1.484545877079,-1.868465776959,
    5.014828577204));
#4762 = CARTESIAN_POINT('',(-1.488150774111,-1.858843366623,
    5.023593702323));
#4763 = CARTESIAN_POINT('',(-1.490388518871,-1.8481251234,5.03048462466)
  );
#4764 = CARTESIAN_POINT('',(-1.493106855134,-1.824663758412,
    5.039651956463));
#4765 = CARTESIAN_POINT('',(-1.49364916731,-1.811926991778,
    5.041926223421));
#4766 = CARTESIAN_POINT('',(-1.49364916731,-1.8,5.041926223421));
#4767 = PCURVE('',#4768,#4773);
#4768 = CYLINDRICAL_SURFACE('',#4769,0.1);
#4769 = AXIS2_PLACEMENT_3D('',#4770,#4771,#4772);
#4770 = CARTESIAN_POINT('',(-0.431578947368,-1.8,4.941926223421));
#4771 = DIRECTION('',(1.,0.,0.));
#4772 = DIRECTION('',(0.,-0.707106781187,0.707106781187));
#4773 = DEFINITIONAL_REPRESENTATION('',(#4774),#4800);
#4774 = B_SPLINE_CURVE_WITH_KNOTS('',3,(#4775,#4776,#4777,#4778,#4779,
    #4780,#4781,#4782,#4783,#4784,#4785,#4786,#4787,#4788,#4789,#4790,
    #4791,#4792,#4793,#4794,#4795,#4796,#4797,#4798,#4799),
  .UNSPECIFIED.,.F.,.F.,(4,1,1,1,1,1,1,1,1,1,1,1,1,1,1,1,1,1,1,1,1,1,4),
  (0.53637081011,0.539838952651,0.543307095191,0.546775237731,
    0.550243380272,0.553711522812,0.557179665352,0.560647807893,
    0.564115950433,0.567584092974,0.571052235514,0.574520378054,
    0.577988520595,0.581456663135,0.584924805675,0.588392948216,
    0.591861090756,0.595329233296,0.598797375837,0.602265518377,
    0.605733660918,0.609201803458,0.612669945998),.UNSPECIFIED.);
#4775 = CARTESIAN_POINT('',(6.28318530718,-1.05203260845));
#4776 = CARTESIAN_POINT('',(6.271521315323,-1.052387917034));
#4777 = CARTESIAN_POINT('',(6.248774871173,-1.05305832579));
#4778 = CARTESIAN_POINT('',(6.215408917425,-1.05397261474));
#4779 = CARTESIAN_POINT('',(6.181292763236,-1.054839156367));
#4780 = CARTESIAN_POINT('',(6.146718019141,-1.055651562221));
#4781 = CARTESIAN_POINT('',(6.11168190651,-1.056412009067));
#4782 = CARTESIAN_POINT('',(6.076260735766,-1.057120378264));
#4783 = CARTESIAN_POINT('',(6.040508767094,-1.057777167575));
#4784 = CARTESIAN_POINT('',(6.004484158727,-1.058382704555));
#4785 = CARTESIAN_POINT('',(5.968240847436,-1.058937381182));
#4786 = CARTESIAN_POINT('',(5.931829426637,-1.059441501954));
#4787 = CARTESIAN_POINT('',(5.895296062209,-1.059895656866));
#4788 = CARTESIAN_POINT('',(5.858680354835,-1.060299381405));
#4789 = CARTESIAN_POINT('',(5.822020798433,-1.060657228838));
#4790 = CARTESIAN_POINT('',(5.785356117018,-1.060971088796));
#4791 = CARTESIAN_POINT('',(5.748729933963,-1.061242356903));
#4792 = CARTESIAN_POINT('',(5.712189943994,-1.061472561153));
#4793 = CARTESIAN_POINT('',(5.675787000031,-1.061663194069));
#4794 = CARTESIAN_POINT('',(5.639574174753,-1.061815757682));
#4795 = CARTESIAN_POINT('',(5.603605832707,-1.061931751473));
#4796 = CARTESIAN_POINT('',(5.567936631114,-1.062012675607));
#4797 = CARTESIAN_POINT('',(5.532620874622,-1.062060030066));
#4798 = CARTESIAN_POINT('',(5.509347452931,-1.062070219942));
#4799 = CARTESIAN_POINT('',(5.497787143782,-1.062070219942));
#4800 = ( GEOMETRIC_REPRESENTATION_CONTEXT(2) 
PARAMETRIC_REPRESENTATION_CONTEXT() REPRESENTATION_CONTEXT('2D SPACE',''
  ) );
#4801 = PCURVE('',#4802,#4807);
#4802 = CYLINDRICAL_SURFACE('',#4803,0.2);
#4803 = AXIS2_PLACEMENT_3D('',#4804,#4805,#4806);
#4804 = CARTESIAN_POINT('',(-1.3,-2.1,5.091926223421));
#4805 = DIRECTION('',(0.,1.,-2.22044604925E-16));
#4806 = DIRECTION('',(-0.707106781187,-1.570092458684E-16,
    -0.707106781187));
#4807 = DEFINITIONAL_REPRESENTATION('',(#4808),#4834);
#4808 = B_SPLINE_CURVE_WITH_KNOTS('',3,(#4809,#4810,#4811,#4812,#4813,
    #4814,#4815,#4816,#4817,#4818,#4819,#4820,#4821,#4822,#4823,#4824,
    #4825,#4826,#4827,#4828,#4829,#4830,#4831,#4832,#4833),
  .UNSPECIFIED.,.F.,.F.,(4,1,1,1,1,1,1,1,1,1,1,1,1,1,1,1,1,1,1,1,1,1,4),
  (0.53637081011,0.539838952651,0.543307095191,0.546775237731,
    0.550243380272,0.553711522812,0.557179665352,0.560647807893,
    0.564115950433,0.567584092974,0.571052235514,0.574520378054,
    0.577988520595,0.581456663135,0.584924805675,0.588392948216,
    0.591861090756,0.595329233296,0.598797375837,0.602265518377,
    0.605733660918,0.609201803458,0.612669945998),.UNSPECIFIED.);
#4809 = CARTESIAN_POINT('',(0.377755119252,0.229289321864));
#4810 = CARTESIAN_POINT('',(0.382240531987,0.230115045992));
#4811 = CARTESIAN_POINT('',(0.390828098856,0.231750658188));
#4812 = CARTESIAN_POINT('',(0.402903428284,0.234228450761));
#4813 = CARTESIAN_POINT('',(0.414702382332,0.236840738276));
#4814 = CARTESIAN_POINT('',(0.426103989504,0.239563807682));
#4815 = CARTESIAN_POINT('',(0.437096289624,0.24239564145));
#4816 = CARTESIAN_POINT('',(0.447637602431,0.24532840889));
#4817 = CARTESIAN_POINT('',(0.457693772865,0.248355836444));
#4818 = CARTESIAN_POINT('',(0.467228218847,0.251471235177));
#4819 = CARTESIAN_POINT('',(0.476204751816,0.254668020539));
#4820 = CARTESIAN_POINT('',(0.484586460947,0.257939605813));
#4821 = CARTESIAN_POINT('',(0.492337526904,0.261279308563));
#4822 = CARTESIAN_POINT('',(0.499417212804,0.264680831399));
#4823 = CARTESIAN_POINT('',(0.505804784064,0.268136218671));
#4824 = CARTESIAN_POINT('',(0.511507985566,0.271635171389));
#4825 = CARTESIAN_POINT('',(0.516528746268,0.275167869481));
#4826 = CARTESIAN_POINT('',(0.520870518888,0.278724364549));
#4827 = CARTESIAN_POINT('',(0.524536281214,0.282294742581));
#4828 = CARTESIAN_POINT('',(0.527529052567,0.285869080351));
#4829 = CARTESIAN_POINT('',(0.529851748876,0.289437457101));
#4830 = CARTESIAN_POINT('',(0.53150722709,0.292989951413));
#4831 = CARTESIAN_POINT('',(0.532498290758,0.296516642045));
#4832 = CARTESIAN_POINT('',(0.532717908277,0.298843952487));
#4833 = CARTESIAN_POINT('',(0.532717908255,0.3));
#4834 = ( GEOMETRIC_REPRESENTATION_CONTEXT(2) 
PARAMETRIC_REPRESENTATION_CONTEXT() REPRESENTATION_CONTEXT('2D SPACE',''
  ) );
#4835 = ORIENTED_EDGE('',*,*,#4836,.F.);
#4836 = EDGE_CURVE('',#4837,#4755,#4839,.T.);
#4837 = VERTEX_POINT('',#4838);
#4838 = CARTESIAN_POINT('',(-2.3,-1.8,5.041926223421));
#4839 = SURFACE_CURVE('',#4840,(#4844,#4851),.PCURVE_S1.);
#4840 = LINE('',#4841,#4842);
#4841 = CARTESIAN_POINT('',(-2.3,-1.8,5.041926223421));
#4842 = VECTOR('',#4843,1.);
#4843 = DIRECTION('',(1.,0.,0.));
#4844 = PCURVE('',#4768,#4845);
#4845 = DEFINITIONAL_REPRESENTATION('',(#4846),#4850);
#4846 = LINE('',#4847,#4848);
#4847 = CARTESIAN_POINT('',(5.497787143782,-1.868421052631));
#4848 = VECTOR('',#4849,1.);
#4849 = DIRECTION('',(0.,1.));
#4850 = ( GEOMETRIC_REPRESENTATION_CONTEXT(2) 
PARAMETRIC_REPRESENTATION_CONTEXT() REPRESENTATION_CONTEXT('2D SPACE',''
  ) );
#4851 = PCURVE('',#4527,#4852);
#4852 = DEFINITIONAL_REPRESENTATION('',(#4853),#4857);
#4853 = LINE('',#4854,#4855);
#4854 = CARTESIAN_POINT('',(1.1,-2.3));
#4855 = VECTOR('',#4856,1.);
#4856 = DIRECTION('',(0.,1.));
#4857 = ( GEOMETRIC_REPRESENTATION_CONTEXT(2) 
PARAMETRIC_REPRESENTATION_CONTEXT() REPRESENTATION_CONTEXT('2D SPACE',''
  ) );
#4858 = ORIENTED_EDGE('',*,*,#4859,.F.);
#4859 = EDGE_CURVE('',#4860,#4837,#4862,.T.);
#4860 = VERTEX_POINT('',#4861);
#4861 = CARTESIAN_POINT('',(-2.3,-1.870710678119,5.01263690154));
#4862 = SURFACE_CURVE('',#4863,(#4868,#4875),.PCURVE_S1.);
#4863 = CIRCLE('',#4864,0.1);
#4864 = AXIS2_PLACEMENT_3D('',#4865,#4866,#4867);
#4865 = CARTESIAN_POINT('',(-2.3,-1.8,4.941926223421));
#4866 = DIRECTION('',(-1.,0.,0.));
#4867 = DIRECTION('',(0.,-0.707106781187,0.707106781187));
#4868 = PCURVE('',#4768,#4869);
#4869 = DEFINITIONAL_REPRESENTATION('',(#4870),#4874);
#4870 = LINE('',#4871,#4872);
#4871 = CARTESIAN_POINT('',(6.28318530718,-1.868421052632));
#4872 = VECTOR('',#4873,1.);
#4873 = DIRECTION('',(-1.,0.));
#4874 = ( GEOMETRIC_REPRESENTATION_CONTEXT(2) 
PARAMETRIC_REPRESENTATION_CONTEXT() REPRESENTATION_CONTEXT('2D SPACE',''
  ) );
#4875 = PCURVE('',#4876,#4881);
#4876 = PLANE('',#4877);
#4877 = AXIS2_PLACEMENT_3D('',#4878,#4879,#4880);
#4878 = CARTESIAN_POINT('',(-2.3,-1.9,3.941926223421));
#4879 = DIRECTION('',(-1.,0.,0.));
#4880 = DIRECTION('',(0.,-1.,2.22044604925E-16));
#4881 = DEFINITIONAL_REPRESENTATION('',(#4882),#4886);
#4882 = CIRCLE('',#4883,1.E-01);
#4883 = AXIS2_PLACEMENT_2D('',#4884,#4885);
#4884 = CARTESIAN_POINT('',(-1.E-01,1.));
#4885 = DIRECTION('',(0.707106781187,0.707106781187));
#4886 = ( GEOMETRIC_REPRESENTATION_CONTEXT(2) 
PARAMETRIC_REPRESENTATION_CONTEXT() REPRESENTATION_CONTEXT('2D SPACE',''
  ) );
#4887 = ORIENTED_EDGE('',*,*,#4888,.T.);
#4888 = EDGE_CURVE('',#4860,#4753,#4889,.T.);
#4889 = SURFACE_CURVE('',#4890,(#4894,#4901),.PCURVE_S1.);
#4890 = LINE('',#4891,#4892);
#4891 = CARTESIAN_POINT('',(-2.3,-1.870710678119,5.01263690154));
#4892 = VECTOR('',#4893,1.);
#4893 = DIRECTION('',(1.,-2.15308E-11,-2.153134E-11));
#4894 = PCURVE('',#4768,#4895);
#4895 = DEFINITIONAL_REPRESENTATION('',(#4896),#4900);
#4896 = LINE('',#4897,#4898);
#4897 = CARTESIAN_POINT('',(6.28318530718,-1.868421052632));
#4898 = VECTOR('',#4899,1.);
#4899 = DIRECTION('',(0.,1.));
#4900 = ( GEOMETRIC_REPRESENTATION_CONTEXT(2) 
PARAMETRIC_REPRESENTATION_CONTEXT() REPRESENTATION_CONTEXT('2D SPACE',''
  ) );
#4901 = PCURVE('',#4902,#4907);
#4902 = CYLINDRICAL_SURFACE('',#4903,0.1);
#4903 = AXIS2_PLACEMENT_3D('',#4904,#4905,#4906);
#4904 = CARTESIAN_POINT('',(-0.431578947368,-1.8,4.941926223421));
#4905 = DIRECTION('',(1.,0.,0.));
#4906 = DIRECTION('',(0.,-0.707106781187,0.707106781187));
#4907 = DEFINITIONAL_REPRESENTATION('',(#4908),#4912);
#4908 = LINE('',#4909,#4910);
#4909 = CARTESIAN_POINT('',(0.,-1.868421052632));
#4910 = VECTOR('',#4911,1.);
#4911 = DIRECTION('',(0.,1.));
#4912 = ( GEOMETRIC_REPRESENTATION_CONTEXT(2) 
PARAMETRIC_REPRESENTATION_CONTEXT() REPRESENTATION_CONTEXT('2D SPACE',''
  ) );
#4913 = ADVANCED_FACE('',(#4914),#4929,.F.);
#4914 = FACE_BOUND('',#4915,.F.);
#4915 = EDGE_LOOP('',(#4916,#4947,#4970,#5045,#5120));
#4916 = ORIENTED_EDGE('',*,*,#4917,.F.);
#4917 = EDGE_CURVE('',#4918,#4920,#4922,.T.);
#4918 = VERTEX_POINT('',#4919);
#4919 = CARTESIAN_POINT('',(2.3,-1.8,5.041926223421));
#4920 = VERTEX_POINT('',#4921);
#4921 = CARTESIAN_POINT('',(2.3,-1.870710678119,5.01263690154));
#4922 = SURFACE_CURVE('',#4923,(#4928,#4940),.PCURVE_S1.);
#4923 = CIRCLE('',#4924,0.1);
#4924 = AXIS2_PLACEMENT_3D('',#4925,#4926,#4927);
#4925 = CARTESIAN_POINT('',(2.3,-1.8,4.941926223421));
#4926 = DIRECTION('',(1.,0.,0.));
#4927 = DIRECTION('',(0.,-0.707106781187,0.707106781187));
#4928 = PCURVE('',#4929,#4934);
#4929 = CYLINDRICAL_SURFACE('',#4930,0.1);
#4930 = AXIS2_PLACEMENT_3D('',#4931,#4932,#4933);
#4931 = CARTESIAN_POINT('',(-0.431578947368,-1.8,4.941926223421));
#4932 = DIRECTION('',(1.,0.,0.));
#4933 = DIRECTION('',(0.,-0.707106781187,0.707106781187));
#4934 = DEFINITIONAL_REPRESENTATION('',(#4935),#4939);
#4935 = LINE('',#4936,#4937);
#4936 = CARTESIAN_POINT('',(0.,2.731578947368));
#4937 = VECTOR('',#4938,1.);
#4938 = DIRECTION('',(1.,0.));
#4939 = ( GEOMETRIC_REPRESENTATION_CONTEXT(2) 
PARAMETRIC_REPRESENTATION_CONTEXT() REPRESENTATION_CONTEXT('2D SPACE',''
  ) );
#4940 = PCURVE('',#3974,#4941);
#4941 = DEFINITIONAL_REPRESENTATION('',(#4942),#4946);
#4942 = CIRCLE('',#4943,1.E-01);
#4943 = AXIS2_PLACEMENT_2D('',#4944,#4945);
#4944 = CARTESIAN_POINT('',(1.E-01,-0.3));
#4945 = DIRECTION('',(-0.707106781187,0.707106781187));
#4946 = ( GEOMETRIC_REPRESENTATION_CONTEXT(2) 
PARAMETRIC_REPRESENTATION_CONTEXT() REPRESENTATION_CONTEXT('2D SPACE',''
  ) );
#4947 = ORIENTED_EDGE('',*,*,#4948,.T.);
#4948 = EDGE_CURVE('',#4918,#4949,#4951,.T.);
#4949 = VERTEX_POINT('',#4950);
#4950 = CARTESIAN_POINT('',(1.432287565553,-1.8,5.041926223421));
#4951 = SURFACE_CURVE('',#4952,(#4956,#4963),.PCURVE_S1.);
#4952 = LINE('',#4953,#4954);
#4953 = CARTESIAN_POINT('',(2.3,-1.8,5.041926223421));
#4954 = VECTOR('',#4955,1.);
#4955 = DIRECTION('',(-1.,0.,0.));
#4956 = PCURVE('',#4929,#4957);
#4957 = DEFINITIONAL_REPRESENTATION('',(#4958),#4962);
#4958 = LINE('',#4959,#4960);
#4959 = CARTESIAN_POINT('',(5.497787143782,2.731578947369));
#4960 = VECTOR('',#4961,1.);
#4961 = DIRECTION('',(0.,-1.));
#4962 = ( GEOMETRIC_REPRESENTATION_CONTEXT(2) 
PARAMETRIC_REPRESENTATION_CONTEXT() REPRESENTATION_CONTEXT('2D SPACE',''
  ) );
#4963 = PCURVE('',#4527,#4964);
#4964 = DEFINITIONAL_REPRESENTATION('',(#4965),#4969);
#4965 = LINE('',#4966,#4967);
#4966 = CARTESIAN_POINT('',(1.1,2.3));
#4967 = VECTOR('',#4968,1.);
#4968 = DIRECTION('',(0.,-1.));
#4969 = ( GEOMETRIC_REPRESENTATION_CONTEXT(2) 
PARAMETRIC_REPRESENTATION_CONTEXT() REPRESENTATION_CONTEXT('2D SPACE',''
  ) );
#4970 = ORIENTED_EDGE('',*,*,#4971,.T.);
#4971 = EDGE_CURVE('',#4949,#4972,#4974,.T.);
#4972 = VERTEX_POINT('',#4973);
#4973 = CARTESIAN_POINT('',(1.441421356239,-1.808578643765,
    5.041557578281));
#4974 = SURFACE_CURVE('',#4975,(#4982,#5011),.PCURVE_S1.);
#4975 = B_SPLINE_CURVE_WITH_KNOTS('',3,(#4976,#4977,#4978,#4979,#4980,
    #4981),.UNSPECIFIED.,.F.,.F.,(4,2,4),(1.059026112148,1.065310875908,
    1.071436727016),.UNSPECIFIED.);
#4976 = CARTESIAN_POINT('',(1.432287565553,-1.8,5.041926223421));
#4977 = CARTESIAN_POINT('',(1.43387021324,-1.801395764064,5.041926223421
    ));
#4978 = CARTESIAN_POINT('',(1.43542502144,-1.80281152032,5.041896994854)
  );
#4979 = CARTESIAN_POINT('',(1.438438585897,-1.805643067472,
    5.041776675242));
#4980 = CARTESIAN_POINT('',(1.439932274435,-1.807089561961,
    5.041685793965));
#4981 = CARTESIAN_POINT('',(1.441421356239,-1.808578643765,
    5.041557578281));
#4982 = PCURVE('',#4929,#4983);
#4983 = DEFINITIONAL_REPRESENTATION('',(#4984),#5010);
#4984 = B_SPLINE_CURVE_WITH_KNOTS('',3,(#4985,#4986,#4987,#4988,#4989,
    #4990,#4991,#4992,#4993,#4994,#4995,#4996,#4997,#4998,#4999,#5000,
    #5001,#5002,#5003,#5004,#5005,#5006,#5007,#5008,#5009),
  .UNSPECIFIED.,.F.,.F.,(4,1,1,1,1,1,1,1,1,1,1,1,1,1,1,1,1,1,1,1,1,1,4),
  (1.059026112148,1.059590231006,1.060154349863,1.060718468721,
    1.061282587579,1.061846706436,1.062410825294,1.062974944152,
    1.063539063009,1.064103181867,1.064667300725,1.065231419582,
    1.06579553844,1.066359657297,1.066923776155,1.067487895013,
    1.06805201387,1.068616132728,1.069180251586,1.069744370443,
    1.070308489301,1.070872608159,1.071436727016),.UNSPECIFIED.);
#4985 = CARTESIAN_POINT('',(5.497787143782,1.863866512922));
#4986 = CARTESIAN_POINT('',(5.499039978258,1.864008570991));
#4987 = CARTESIAN_POINT('',(5.501548868423,1.864292238534));
#4988 = CARTESIAN_POINT('',(5.505321841605,1.864716390191));
#4989 = CARTESIAN_POINT('',(5.509104426652,1.865139188311));
#4990 = CARTESIAN_POINT('',(5.512896598792,1.865560629036));
#4991 = CARTESIAN_POINT('',(5.51669833327,1.865980708435));
#4992 = CARTESIAN_POINT('',(5.520509608844,1.866399422854));
#4993 = CARTESIAN_POINT('',(5.524330395135,1.866816767588));
#4994 = CARTESIAN_POINT('',(5.528160699759,1.867232741874));
#4995 = CARTESIAN_POINT('',(5.532000392494,1.867647330226));
#4996 = CARTESIAN_POINT('',(5.53584986151,1.868060572107));
#4997 = CARTESIAN_POINT('',(5.539707564331,1.868472301904));
#4998 = CARTESIAN_POINT('',(5.543579167786,1.868883119368));
#4999 = CARTESIAN_POINT('',(5.547478955904,1.869294512477));
#5000 = CARTESIAN_POINT('',(5.551403077815,1.86970604554));
#5001 = CARTESIAN_POINT('',(5.555352287777,1.870117771097));
#5002 = CARTESIAN_POINT('',(5.559326108935,1.870529610866));
#5003 = CARTESIAN_POINT('',(5.563324397185,1.870941521619));
#5004 = CARTESIAN_POINT('',(5.567346922187,1.871353450734));
#5005 = CARTESIAN_POINT('',(5.571393479661,1.871765348108));
#5006 = CARTESIAN_POINT('',(5.575463861424,1.872177162963));
#5007 = CARTESIAN_POINT('',(5.579557863176,1.8725888447));
#5008 = CARTESIAN_POINT('',(5.582302810097,1.872863176683));
#5009 = CARTESIAN_POINT('',(5.583679152961,1.873000303608));
#5010 = ( GEOMETRIC_REPRESENTATION_CONTEXT(2) 
PARAMETRIC_REPRESENTATION_CONTEXT() REPRESENTATION_CONTEXT('2D SPACE',''
  ) );
#5011 = PCURVE('',#5012,#5017);
#5012 = CYLINDRICAL_SURFACE('',#5013,0.2);
#5013 = AXIS2_PLACEMENT_3D('',#5014,#5015,#5016);
#5014 = CARTESIAN_POINT('',(1.3,-1.95,4.891926223421));
#5015 = DIRECTION('',(-1.224606E-16,2.22044604925E-16,1.));
#5016 = DIRECTION('',(0.707106781187,0.707106781187,-7.041652518018E-17)
  );
#5017 = DEFINITIONAL_REPRESENTATION('',(#5018),#5044);
#5018 = B_SPLINE_CURVE_WITH_KNOTS('',3,(#5019,#5020,#5021,#5022,#5023,
    #5024,#5025,#5026,#5027,#5028,#5029,#5030,#5031,#5032,#5033,#5034,
    #5035,#5036,#5037,#5038,#5039,#5040,#5041,#5042,#5043),
  .UNSPECIFIED.,.F.,.F.,(4,1,1,1,1,1,1,1,1,1,1,1,1,1,1,1,1,1,1,1,1,1,4),
  (1.059026112148,1.059590231006,1.060154349863,1.060718468721,
    1.061282587579,1.061846706436,1.062410825294,1.062974944152,
    1.063539063009,1.064103181867,1.064667300725,1.065231419582,
    1.06579553844,1.066359657297,1.066923776155,1.067487895013,
    1.06805201387,1.068616132728,1.069180251586,1.069744370443,
    1.070308489301,1.070872608159,1.071436727016),.UNSPECIFIED.);
#5019 = CARTESIAN_POINT('',(6.266391558403E-02,0.15));
#5020 = CARTESIAN_POINT('',(6.171686179808E-02,0.15));
#5021 = CARTESIAN_POINT('',(5.982337102598E-02,0.149999529022));
#5022 = CARTESIAN_POINT('',(5.698500349046E-02,0.149997398889));
#5023 = CARTESIAN_POINT('',(5.414852280075E-02,0.149993834361));
#5024 = CARTESIAN_POINT('',(5.131394718014E-02,0.149988824706));
#5025 = CARTESIAN_POINT('',(4.848129546242E-02,0.149982359197));
#5026 = CARTESIAN_POINT('',(4.565058463672E-02,0.149974427093));
#5027 = CARTESIAN_POINT('',(4.282183904455E-02,0.149965017697));
#5028 = CARTESIAN_POINT('',(3.99950560333E-02,0.149954120158));
#5029 = CARTESIAN_POINT('',(3.717033413208E-02,0.149941724197));
#5030 = CARTESIAN_POINT('',(3.43473946815E-02,0.149927817398));
#5031 = CARTESIAN_POINT('',(3.152736712531E-02,0.149912395318));
#5032 = CARTESIAN_POINT('',(2.870612620093E-02,0.149895423761));
#5033 = CARTESIAN_POINT('',(2.587336521263E-02,0.149876814303));
#5034 = CARTESIAN_POINT('',(2.303199095882E-02,0.149856554825));
#5035 = CARTESIAN_POINT('',(2.018155632361E-02,0.149834613862));
#5036 = CARTESIAN_POINT('',(1.732251243225E-02,0.149810965133));
#5037 = CARTESIAN_POINT('',(1.445506926269E-02,0.14978558097));
#5038 = CARTESIAN_POINT('',(1.15795009152E-02,0.149758434074));
#5039 = CARTESIAN_POINT('',(8.696063791242E-03,0.149729497049));
#5040 = CARTESIAN_POINT('',(5.805018475101E-03,0.149698742523));
#5041 = CARTESIAN_POINT('',(2.906623893479E-03,0.14966614312));
#5042 = CARTESIAN_POINT('',(9.696337368569E-04,0.149643162016));
#5043 = CARTESIAN_POINT('',(0.,0.149631354859));
#5044 = ( GEOMETRIC_REPRESENTATION_CONTEXT(2) 
PARAMETRIC_REPRESENTATION_CONTEXT() REPRESENTATION_CONTEXT('2D SPACE',''
  ) );
#5045 = ORIENTED_EDGE('',*,*,#5046,.T.);
#5046 = EDGE_CURVE('',#4972,#5047,#5049,.T.);
#5047 = VERTEX_POINT('',#5048);
#5048 = CARTESIAN_POINT('',(1.483611555818,-1.870710678101,
    5.012636901558));
#5049 = SURFACE_CURVE('',#5050,(#5057,#5086),.PCURVE_S1.);
#5050 = B_SPLINE_CURVE_WITH_KNOTS('',3,(#5051,#5052,#5053,#5054,#5055,
    #5056),.UNSPECIFIED.,.F.,.F.,(4,2,4),(1.071436727016,1.121769559932,
    1.149040756109),.UNSPECIFIED.);
#5051 = CARTESIAN_POINT('',(1.441421356239,-1.808578643765,
    5.041557578281));
#5052 = CARTESIAN_POINT('',(1.453656342743,-1.820813630269,
    5.040504098773));
#5053 = CARTESIAN_POINT('',(1.465199099014,-1.836261836606,
    5.036313567591));
#5054 = CARTESIAN_POINT('',(1.476900333506,-1.856336002731,
    5.024944183638));
#5055 = CARTESIAN_POINT('',(1.480834991657,-1.864280943891,
    5.019066635765));
#5056 = CARTESIAN_POINT('',(1.483611555818,-1.870710678101,
    5.012636901558));
#5057 = PCURVE('',#4929,#5058);
#5058 = DEFINITIONAL_REPRESENTATION('',(#5059),#5085);
#5059 = B_SPLINE_CURVE_WITH_KNOTS('',3,(#5060,#5061,#5062,#5063,#5064,
    #5065,#5066,#5067,#5068,#5069,#5070,#5071,#5072,#5073,#5074,#5075,
    #5076,#5077,#5078,#5079,#5080,#5081,#5082,#5083,#5084),
  .UNSPECIFIED.,.F.,.F.,(4,1,1,1,1,1,1,1,1,1,1,1,1,1,1,1,1,1,1,1,1,1,4),
  (1.071436727016,1.074964182884,1.078491638752,1.08201909462,
    1.085546550488,1.089074006356,1.092601462223,1.096128918091,
    1.099656373959,1.103183829827,1.106711285695,1.110238741562,
    1.11376619743,1.117293653298,1.120821109166,1.124348565034,
    1.127876020902,1.131403476769,1.134930932637,1.138458388505,
    1.141985844373,1.145513300241,1.149040756109),.UNSPECIFIED.);
#5060 = CARTESIAN_POINT('',(5.583679152961,1.873000303608));
#5061 = CARTESIAN_POINT('',(5.592285317411,1.87385776329));
#5062 = CARTESIAN_POINT('',(5.609839162949,1.87556588278));
#5063 = CARTESIAN_POINT('',(5.63710604061,1.878100926889));
#5064 = CARTESIAN_POINT('',(5.665221299941,1.880602100379));
#5065 = CARTESIAN_POINT('',(5.694094718186,1.883062667745));
#5066 = CARTESIAN_POINT('',(5.723634866088,1.88547589352));
#5067 = CARTESIAN_POINT('',(5.753749434971,1.887835042102));
#5068 = CARTESIAN_POINT('',(5.784346050838,1.890133378386));
#5069 = CARTESIAN_POINT('',(5.815333076858,1.892364165408));
#5070 = CARTESIAN_POINT('',(5.846620753765,1.894520673157));
#5071 = CARTESIAN_POINT('',(5.878121555879,1.896596145656));
#5072 = CARTESIAN_POINT('',(5.909753664648,1.898583923844));
#5073 = CARTESIAN_POINT('',(5.941432835018,1.900476986969));
#5074 = CARTESIAN_POINT('',(5.973107425152,1.902269664118));
#5075 = CARTESIAN_POINT('',(6.004632032542,1.903951246712));
#5076 = CARTESIAN_POINT('',(6.036243032982,1.905529827003));
#5077 = CARTESIAN_POINT('',(6.069685195372,1.907099275376));
#5078 = CARTESIAN_POINT('',(6.104204188124,1.908624059849));
#5079 = CARTESIAN_POINT('',(6.139598454699,1.910097554227));
#5080 = CARTESIAN_POINT('',(6.175515180588,1.911505387019));
#5081 = CARTESIAN_POINT('',(6.211644533608,1.91283526213));
#5082 = CARTESIAN_POINT('',(6.247671648447,1.914074327174));
#5083 = CARTESIAN_POINT('',(6.27142495196,1.914831362081));
#5084 = CARTESIAN_POINT('',(6.28318530718,1.915190503187));
#5085 = ( GEOMETRIC_REPRESENTATION_CONTEXT(2) 
PARAMETRIC_REPRESENTATION_CONTEXT() REPRESENTATION_CONTEXT('2D SPACE',''
  ) );
#5086 = PCURVE('',#5087,#5092);
#5087 = CYLINDRICAL_SURFACE('',#5088,0.2);
#5088 = AXIS2_PLACEMENT_3D('',#5089,#5090,#5091);
#5089 = CARTESIAN_POINT('',(1.3,-1.95,4.891926223421));
#5090 = DIRECTION('',(-1.224606E-16,2.22044604925E-16,1.));
#5091 = DIRECTION('',(0.707106781187,0.707106781187,-7.041652518018E-17)
  );
#5092 = DEFINITIONAL_REPRESENTATION('',(#5093),#5119);
#5093 = B_SPLINE_CURVE_WITH_KNOTS('',3,(#5094,#5095,#5096,#5097,#5098,
    #5099,#5100,#5101,#5102,#5103,#5104,#5105,#5106,#5107,#5108,#5109,
    #5110,#5111,#5112,#5113,#5114,#5115,#5116,#5117,#5118),
  .UNSPECIFIED.,.F.,.F.,(4,1,1,1,1,1,1,1,1,1,1,1,1,1,1,1,1,1,1,1,1,1,4),
  (1.071436727016,1.074964182884,1.078491638752,1.08201909462,
    1.085546550488,1.089074006356,1.092601462223,1.096128918091,
    1.099656373959,1.103183829827,1.106711285695,1.110238741562,
    1.11376619743,1.117293653298,1.120821109166,1.124348565034,
    1.127876020902,1.131403476769,1.134930932637,1.138458388505,
    1.141985844373,1.145513300241,1.149040756109),.UNSPECIFIED.);
#5094 = CARTESIAN_POINT('',(6.28318530718,0.149631354859));
#5095 = CARTESIAN_POINT('',(6.277122279724,0.149557524275));
#5096 = CARTESIAN_POINT('',(6.264908181068,0.149379047402));
#5097 = CARTESIAN_POINT('',(6.246380255131,0.149018789083));
#5098 = CARTESIAN_POINT('',(6.227702334041,0.148565891857));
#5099 = CARTESIAN_POINT('',(6.208933197263,0.148020259833));
#5100 = CARTESIAN_POINT('',(6.190132711255,0.147381797087));
#5101 = CARTESIAN_POINT('',(6.171361812564,0.146650407831));
#5102 = CARTESIAN_POINT('',(6.152682214858,0.145825995758));
#5103 = CARTESIAN_POINT('',(6.134156200193,0.144908466503));
#5104 = CARTESIAN_POINT('',(6.115846281171,0.143897718452));
#5105 = CARTESIAN_POINT('',(6.097815288905,0.142793677047));
#5106 = CARTESIAN_POINT('',(6.080124942935,0.141596166753));
#5107 = CARTESIAN_POINT('',(6.062840184991,0.140305388886));
#5108 = CARTESIAN_POINT('',(6.046012150959,0.138920138337));
#5109 = CARTESIAN_POINT('',(6.029741055043,0.137444458844));
#5110 = CARTESIAN_POINT('',(6.01394106277,0.135862805185));
#5111 = CARTESIAN_POINT('',(5.997743558653,0.134086979519));
#5112 = CARTESIAN_POINT('',(5.981531835574,0.1321568923));
#5113 = CARTESIAN_POINT('',(5.965410923827,0.130083746048));
#5114 = CARTESIAN_POINT('',(5.949561674079,0.127886435566));
#5115 = CARTESIAN_POINT('',(5.934145265104,0.125581794462));
#5116 = CARTESIAN_POINT('',(5.919328287661,0.123187208832));
#5117 = CARTESIAN_POINT('',(5.909959646402,0.12154234696));
#5118 = CARTESIAN_POINT('',(5.905430187928,0.120710678136));
#5119 = ( GEOMETRIC_REPRESENTATION_CONTEXT(2) 
PARAMETRIC_REPRESENTATION_CONTEXT() REPRESENTATION_CONTEXT('2D SPACE',''
  ) );
#5120 = ORIENTED_EDGE('',*,*,#5121,.T.);
#5121 = EDGE_CURVE('',#5047,#4920,#5122,.T.);
#5122 = SURFACE_CURVE('',#5123,(#5127,#5134),.PCURVE_S1.);
#5123 = LINE('',#5124,#5125);
#5124 = CARTESIAN_POINT('',(1.483611555818,-1.870710678101,
    5.012636901558));
#5125 = VECTOR('',#5126,1.);
#5126 = DIRECTION('',(1.,-2.1531E-11,-2.15308E-11));
#5127 = PCURVE('',#4929,#5128);
#5128 = DEFINITIONAL_REPRESENTATION('',(#5129),#5133);
#5129 = LINE('',#5130,#5131);
#5130 = CARTESIAN_POINT('',(6.28318530718,1.915190503187));
#5131 = VECTOR('',#5132,1.);
#5132 = DIRECTION('',(0.,1.));
#5133 = ( GEOMETRIC_REPRESENTATION_CONTEXT(2) 
PARAMETRIC_REPRESENTATION_CONTEXT() REPRESENTATION_CONTEXT('2D SPACE',''
  ) );
#5134 = PCURVE('',#5135,#5140);
#5135 = CYLINDRICAL_SURFACE('',#5136,0.1);
#5136 = AXIS2_PLACEMENT_3D('',#5137,#5138,#5139);
#5137 = CARTESIAN_POINT('',(-0.431578947368,-1.8,4.941926223421));
#5138 = DIRECTION('',(1.,0.,0.));
#5139 = DIRECTION('',(0.,-0.707106781187,0.707106781187));
#5140 = DEFINITIONAL_REPRESENTATION('',(#5141),#5145);
#5141 = LINE('',#5142,#5143);
#5142 = CARTESIAN_POINT('',(0.,1.915190503187));
#5143 = VECTOR('',#5144,1.);
#5144 = DIRECTION('',(0.,1.));
#5145 = ( GEOMETRIC_REPRESENTATION_CONTEXT(2) 
PARAMETRIC_REPRESENTATION_CONTEXT() REPRESENTATION_CONTEXT('2D SPACE',''
  ) );
#5146 = ADVANCED_FACE('',(#5147),#5161,.T.);
#5147 = FACE_BOUND('',#5148,.T.);
#5148 = EDGE_LOOP('',(#5149,#5184,#5212,#5235,#5308,#5382));
#5149 = ORIENTED_EDGE('',*,*,#5150,.F.);
#5150 = EDGE_CURVE('',#5151,#5153,#5155,.T.);
#5151 = VERTEX_POINT('',#5152);
#5152 = CARTESIAN_POINT('',(-2.3,-2.012132034356,5.154058257777));
#5153 = VERTEX_POINT('',#5154);
#5154 = CARTESIAN_POINT('',(-1.5,-2.012132034356,5.154058257777));
#5155 = SURFACE_CURVE('',#5156,(#5160,#5172),.PCURVE_S1.);
#5156 = LINE('',#5157,#5158);
#5157 = CARTESIAN_POINT('',(-2.3,-2.012132034356,5.154058257777));
#5158 = VECTOR('',#5159,1.);
#5159 = DIRECTION('',(1.,0.,0.));
#5160 = PCURVE('',#5161,#5166);
#5161 = CYLINDRICAL_SURFACE('',#5162,0.3);
#5162 = AXIS2_PLACEMENT_3D('',#5163,#5164,#5165);
#5163 = CARTESIAN_POINT('',(-0.2775,-1.8,4.941926223421));
#5164 = DIRECTION('',(1.,0.,0.));
#5165 = DIRECTION('',(0.,-0.707106781187,0.707106781187));
#5166 = DEFINITIONAL_REPRESENTATION('',(#5167),#5171);
#5167 = LINE('',#5168,#5169);
#5168 = CARTESIAN_POINT('',(0.,-2.0225));
#5169 = VECTOR('',#5170,1.);
#5170 = DIRECTION('',(0.,1.));
#5171 = ( GEOMETRIC_REPRESENTATION_CONTEXT(2) 
PARAMETRIC_REPRESENTATION_CONTEXT() REPRESENTATION_CONTEXT('2D SPACE',''
  ) );
#5172 = PCURVE('',#5173,#5178);
#5173 = CYLINDRICAL_SURFACE('',#5174,0.3);
#5174 = AXIS2_PLACEMENT_3D('',#5175,#5176,#5177);
#5175 = CARTESIAN_POINT('',(-0.2775,-1.8,4.941926223421));
#5176 = DIRECTION('',(1.,0.,0.));
#5177 = DIRECTION('',(0.,-0.707106781187,0.707106781187));
#5178 = DEFINITIONAL_REPRESENTATION('',(#5179),#5183);
#5179 = LINE('',#5180,#5181);
#5180 = CARTESIAN_POINT('',(6.28318530718,-2.0225));
#5181 = VECTOR('',#5182,1.);
#5182 = DIRECTION('',(0.,1.));
#5183 = ( GEOMETRIC_REPRESENTATION_CONTEXT(2) 
PARAMETRIC_REPRESENTATION_CONTEXT() REPRESENTATION_CONTEXT('2D SPACE',''
  ) );
#5184 = ORIENTED_EDGE('',*,*,#5185,.T.);
#5185 = EDGE_CURVE('',#5151,#5186,#5188,.T.);
#5186 = VERTEX_POINT('',#5187);
#5187 = CARTESIAN_POINT('',(-2.3,-2.1,4.941926223421));
#5188 = SURFACE_CURVE('',#5189,(#5194,#5201),.PCURVE_S1.);
#5189 = CIRCLE('',#5190,0.3);
#5190 = AXIS2_PLACEMENT_3D('',#5191,#5192,#5193);
#5191 = CARTESIAN_POINT('',(-2.3,-1.8,4.941926223421));
#5192 = DIRECTION('',(1.,0.,0.));
#5193 = DIRECTION('',(0.,-0.707106781187,0.707106781187));
#5194 = PCURVE('',#5161,#5195);
#5195 = DEFINITIONAL_REPRESENTATION('',(#5196),#5200);
#5196 = LINE('',#5197,#5198);
#5197 = CARTESIAN_POINT('',(0.,-2.0225));
#5198 = VECTOR('',#5199,1.);
#5199 = DIRECTION('',(1.,0.));
#5200 = ( GEOMETRIC_REPRESENTATION_CONTEXT(2) 
PARAMETRIC_REPRESENTATION_CONTEXT() REPRESENTATION_CONTEXT('2D SPACE',''
  ) );
#5201 = PCURVE('',#4876,#5202);
#5202 = DEFINITIONAL_REPRESENTATION('',(#5203),#5211);
#5203 = ( BOUNDED_CURVE() B_SPLINE_CURVE(2,(#5204,#5205,#5206,#5207,
#5208,#5209,#5210),.UNSPECIFIED.,.T.,.F.) B_SPLINE_CURVE_WITH_KNOTS((1,2
    ,2,2,2,1),(-2.094395102393,0.,2.094395102393,4.188790204786,
6.28318530718,8.377580409573),.UNSPECIFIED.) CURVE() 
GEOMETRIC_REPRESENTATION_ITEM() RATIONAL_B_SPLINE_CURVE((1.,0.5,1.,0.5,
1.,0.5,1.)) REPRESENTATION_ITEM('') );
#5204 = CARTESIAN_POINT('',(0.112132034356,1.212132034356));
#5205 = CARTESIAN_POINT('',(0.479555495773,0.844708572938));
#5206 = CARTESIAN_POINT('',(-2.235428646924E-02,0.710222252113));
#5207 = CARTESIAN_POINT('',(-0.524264068712,0.575735931288));
#5208 = CARTESIAN_POINT('',(-0.389777747887,1.077645713531));
#5209 = CARTESIAN_POINT('',(-0.255291427062,1.579555495773));
#5210 = CARTESIAN_POINT('',(0.112132034356,1.212132034356));
#5211 = ( GEOMETRIC_REPRESENTATION_CONTEXT(2) 
PARAMETRIC_REPRESENTATION_CONTEXT() REPRESENTATION_CONTEXT('2D SPACE',''
  ) );
#5212 = ORIENTED_EDGE('',*,*,#5213,.T.);
#5213 = EDGE_CURVE('',#5186,#5214,#5216,.T.);
#5214 = VERTEX_POINT('',#5215);
#5215 = CARTESIAN_POINT('',(-1.432287565553,-2.1,4.941926223422));
#5216 = SURFACE_CURVE('',#5217,(#5221,#5228),.PCURVE_S1.);
#5217 = LINE('',#5218,#5219);
#5218 = CARTESIAN_POINT('',(-2.3,-2.1,4.941926223421));
#5219 = VECTOR('',#5220,1.);
#5220 = DIRECTION('',(1.,5.443399064831E-29,2.451489E-13));
#5221 = PCURVE('',#5161,#5222);
#5222 = DEFINITIONAL_REPRESENTATION('',(#5223),#5227);
#5223 = LINE('',#5224,#5225);
#5224 = CARTESIAN_POINT('',(0.785398163397,-2.0225));
#5225 = VECTOR('',#5226,1.);
#5226 = DIRECTION('',(-8.178453242899E-13,1.));
#5227 = ( GEOMETRIC_REPRESENTATION_CONTEXT(2) 
PARAMETRIC_REPRESENTATION_CONTEXT() REPRESENTATION_CONTEXT('2D SPACE',''
  ) );
#5228 = PCURVE('',#2794,#5229);
#5229 = DEFINITIONAL_REPRESENTATION('',(#5230),#5234);
#5230 = LINE('',#5231,#5232);
#5231 = CARTESIAN_POINT('',(-4.1,2.1));
#5232 = VECTOR('',#5233,1.);
#5233 = DIRECTION('',(1.,2.451489E-13));
#5234 = ( GEOMETRIC_REPRESENTATION_CONTEXT(2) 
PARAMETRIC_REPRESENTATION_CONTEXT() REPRESENTATION_CONTEXT('2D SPACE',''
  ) );
#5235 = ORIENTED_EDGE('',*,*,#5236,.F.);
#5236 = EDGE_CURVE('',#5237,#5214,#5239,.T.);
#5237 = VERTEX_POINT('',#5238);
#5238 = CARTESIAN_POINT('',(-1.441421356237,-2.099877319701,
    4.950504867184));
#5239 = SURFACE_CURVE('',#5240,(#5245,#5274),.PCURVE_S1.);
#5240 = B_SPLINE_CURVE_WITH_KNOTS('',3,(#5241,#5242,#5243,#5244),
  .UNSPECIFIED.,.F.,.F.,(4,4),(0.471385853792,0.483256981475),
  .PIECEWISE_BEZIER_KNOTS.);
#5241 = CARTESIAN_POINT('',(-1.441421356237,-2.099877319701,
    4.950504867184));
#5242 = CARTESIAN_POINT('',(-1.438448140928,-2.099962375,4.947531651875)
  );
#5243 = CARTESIAN_POINT('',(-1.435396535099,-2.1,4.944668076839));
#5244 = CARTESIAN_POINT('',(-1.432287565553,-2.1,4.941926223422));
#5245 = PCURVE('',#5161,#5246);
#5246 = DEFINITIONAL_REPRESENTATION('',(#5247),#5273);
#5247 = B_SPLINE_CURVE_WITH_KNOTS('',3,(#5248,#5249,#5250,#5251,#5252,
    #5253,#5254,#5255,#5256,#5257,#5258,#5259,#5260,#5261,#5262,#5263,
    #5264,#5265,#5266,#5267,#5268,#5269,#5270,#5271,#5272),
  .UNSPECIFIED.,.F.,.F.,(4,1,1,1,1,1,1,1,1,1,1,1,1,1,1,1,1,1,1,1,1,1,4),
  (0.471385853792,0.471925450505,0.472465047218,0.473004643931,
    0.473544240643,0.474083837356,0.474623434069,0.475163030782,
    0.475702627495,0.476242224208,0.476781820921,0.477321417634,
    0.477861014346,0.478400611059,0.478940207772,0.479479804485,
    0.480019401198,0.480558997911,0.481098594624,0.481638191336,
    0.482177788049,0.482717384762,0.483256981475),.UNSPECIFIED.);
#5248 = CARTESIAN_POINT('',(0.75679878566,-1.163921356237));
#5249 = CARTESIAN_POINT('',(0.757249457119,-1.163786210087));
#5250 = CARTESIAN_POINT('',(0.758149271792,-1.163515593858));
#5251 = CARTESIAN_POINT('',(0.759494389307,-1.16310870958));
#5252 = CARTESIAN_POINT('',(0.760834882586,-1.162700877216));
#5253 = CARTESIAN_POINT('',(0.762170731816,-1.162292108613));
#5254 = CARTESIAN_POINT('',(0.763501917136,-1.16188241562));
#5255 = CARTESIAN_POINT('',(0.764828418634,-1.161471810085));
#5256 = CARTESIAN_POINT('',(0.766150216348,-1.161060303857));
#5257 = CARTESIAN_POINT('',(0.767467290264,-1.160647908784));
#5258 = CARTESIAN_POINT('',(0.768779620319,-1.160234636714));
#5259 = CARTESIAN_POINT('',(0.770087186398,-1.159820499495));
#5260 = CARTESIAN_POINT('',(0.77138996834,-1.159405508976));
#5261 = CARTESIAN_POINT('',(0.772687945933,-1.158989677005));
#5262 = CARTESIAN_POINT('',(0.773981098915,-1.158573015431));
#5263 = CARTESIAN_POINT('',(0.775269406979,-1.158155536102));
#5264 = CARTESIAN_POINT('',(0.776552849768,-1.157737250865));
#5265 = CARTESIAN_POINT('',(0.777831406877,-1.15731817157));
#5266 = CARTESIAN_POINT('',(0.779105057855,-1.156898310065));
#5267 = CARTESIAN_POINT('',(0.780373782202,-1.156477678197));
#5268 = CARTESIAN_POINT('',(0.781637559375,-1.156056287816));
#5269 = CARTESIAN_POINT('',(0.782896368781,-1.15563415077));
#5270 = CARTESIAN_POINT('',(0.784150189786,-1.155211278906));
#5271 = CARTESIAN_POINT('',(0.784982731057,-1.154928882351));
#5272 = CARTESIAN_POINT('',(0.785398163397,-1.154787565554));
#5273 = ( GEOMETRIC_REPRESENTATION_CONTEXT(2) 
PARAMETRIC_REPRESENTATION_CONTEXT() REPRESENTATION_CONTEXT('2D SPACE',''
  ) );
#5274 = PCURVE('',#5275,#5280);
#5275 = CYLINDRICAL_SURFACE('',#5276,0.2);
#5276 = AXIS2_PLACEMENT_3D('',#5277,#5278,#5279);
#5277 = CARTESIAN_POINT('',(-1.3,-2.1,5.091926223421));
#5278 = DIRECTION('',(0.,1.,-2.22044604925E-16));
#5279 = DIRECTION('',(-0.707106781187,-1.570092458684E-16,
    -0.707106781187));
#5280 = DEFINITIONAL_REPRESENTATION('',(#5281),#5307);
#5281 = B_SPLINE_CURVE_WITH_KNOTS('',3,(#5282,#5283,#5284,#5285,#5286,
    #5287,#5288,#5289,#5290,#5291,#5292,#5293,#5294,#5295,#5296,#5297,
    #5298,#5299,#5300,#5301,#5302,#5303,#5304,#5305,#5306),
  .UNSPECIFIED.,.F.,.F.,(4,1,1,1,1,1,1,1,1,1,1,1,1,1,1,1,1,1,1,1,1,1,4),
  (0.471385853792,0.471925450505,0.472465047218,0.473004643931,
    0.473544240643,0.474083837356,0.474623434069,0.475163030782,
    0.475702627495,0.476242224208,0.476781820921,0.477321417634,
    0.477861014346,0.478400611059,0.478940207772,0.479479804485,
    0.480019401198,0.480558997911,0.481098594624,0.481638191336,
    0.482177788049,0.482717384762,0.483256981475),.UNSPECIFIED.);
#5282 = CARTESIAN_POINT('',(6.28318530718,1.22680298771E-04));
#5283 = CARTESIAN_POINT('',(6.282229679596,1.188141488349E-04));
#5284 = CARTESIAN_POINT('',(6.280318880936,1.112778419313E-04));
#5285 = CARTESIAN_POINT('',(6.277454094881,1.005558353327E-04));
#5286 = CARTESIAN_POINT('',(6.27459076313,9.041075734153E-05));
#5287 = CARTESIAN_POINT('',(6.271728928226,8.083708280865E-05));
#5288 = CARTESIAN_POINT('',(6.268868632826,7.182928658465E-05));
#5289 = CARTESIAN_POINT('',(6.266009919708,6.338184352037E-05));
#5290 = CARTESIAN_POINT('',(6.263152831765,5.548922846642E-05));
#5291 = CARTESIAN_POINT('',(6.260297412003,4.814591627365E-05));
#5292 = CARTESIAN_POINT('',(6.257443703533,4.134638179267E-05));
#5293 = CARTESIAN_POINT('',(6.254591749568,3.508509987427E-05));
#5294 = CARTESIAN_POINT('',(6.251741593419,2.935654536911E-05));
#5295 = CARTESIAN_POINT('',(6.248893278494,2.415519312803E-05));
#5296 = CARTESIAN_POINT('',(6.246046848287,1.94755180016E-05));
#5297 = CARTESIAN_POINT('',(6.243202346379,1.531199484072E-05));
#5298 = CARTESIAN_POINT('',(6.24035981643,1.165909849591E-05));
#5299 = CARTESIAN_POINT('',(6.237519302181,8.51130381807E-06));
#5300 = CARTESIAN_POINT('',(6.234680847442,5.863085657809E-06));
#5301 = CARTESIAN_POINT('',(6.231844496091,3.708918865947E-06));
#5302 = CARTESIAN_POINT('',(6.229010292073,2.043278293145E-06));
#5303 = CARTESIAN_POINT('',(6.226178279391,8.606387900708E-07));
#5304 = CARTESIAN_POINT('',(6.223348502101,1.554752076135E-07));
#5305 = CARTESIAN_POINT('',(6.221463503585,1.079706455413E-16));
#5306 = CARTESIAN_POINT('',(6.220521391597,0.));
#5307 = ( GEOMETRIC_REPRESENTATION_CONTEXT(2) 
PARAMETRIC_REPRESENTATION_CONTEXT() REPRESENTATION_CONTEXT('2D SPACE',''
  ) );
#5308 = ORIENTED_EDGE('',*,*,#5309,.F.);
#5309 = EDGE_CURVE('',#5310,#5237,#5312,.T.);
#5310 = VERTEX_POINT('',#5311);
#5311 = CARTESIAN_POINT('',(-1.5,-2.059807621136,5.091926223421));
#5312 = SURFACE_CURVE('',#5313,(#5324,#5353),.PCURVE_S1.);
#5313 = B_SPLINE_CURVE_WITH_KNOTS('',3,(#5314,#5315,#5316,#5317,#5318,
    #5319,#5320,#5321,#5322,#5323),.UNSPECIFIED.,.F.,.F.,(4,2,2,2,4),(
    0.315687229004,0.328194228175,0.390189604126,0.447542263768,
    0.471385853792),.UNSPECIFIED.);
#5314 = CARTESIAN_POINT('',(-1.5,-2.059807621136,5.091926223421));
#5315 = CARTESIAN_POINT('',(-1.5,-2.06204066612,5.088058476052));
#5316 = CARTESIAN_POINT('',(-1.499887534559,-2.064190818254,
    5.084134267146));
#5317 = CARTESIAN_POINT('',(-1.498498739608,-2.076441342309,
    5.060541274094));
#5318 = CARTESIAN_POINT('',(-1.494160259832,-2.084200893171,
    5.039940560479));
#5319 = CARTESIAN_POINT('',(-1.480535491217,-2.094079504042,
    5.003892811055));
#5320 = CARTESIAN_POINT('',(-1.470753068437,-2.097218442654,
    4.985804956242));
#5321 = CARTESIAN_POINT('',(-1.453045608452,-2.099342632001,
    4.962893880408));
#5322 = CARTESIAN_POINT('',(-1.447393166901,-2.099706483053,
    4.956476677848));
#5323 = CARTESIAN_POINT('',(-1.441421356237,-2.099877319701,
    4.950504867184));
#5324 = PCURVE('',#5161,#5325);
#5325 = DEFINITIONAL_REPRESENTATION('',(#5326),#5352);
#5326 = B_SPLINE_CURVE_WITH_KNOTS('',3,(#5327,#5328,#5329,#5330,#5331,
    #5332,#5333,#5334,#5335,#5336,#5337,#5338,#5339,#5340,#5341,#5342,
    #5343,#5344,#5345,#5346,#5347,#5348,#5349,#5350,#5351),
  .UNSPECIFIED.,.F.,.F.,(4,1,1,1,1,1,1,1,1,1,1,1,1,1,1,1,1,1,1,1,1,1,4),
  (0.315687229004,0.322764439221,0.329841649439,0.336918859657,
    0.343996069874,0.351073280092,0.35815049031,0.365227700527,
    0.372304910745,0.379382120963,0.38645933118,0.393536541398,
    0.400613751616,0.407690961833,0.414768172051,0.421845382268,
    0.428922592486,0.435999802704,0.443077012921,0.450154223139,
    0.457231433357,0.464308643574,0.471385853792),.UNSPECIFIED.);
#5327 = CARTESIAN_POINT('',(0.261799387799,-1.2225));
#5328 = CARTESIAN_POINT('',(0.270223605785,-1.222499226784));
#5329 = CARTESIAN_POINT('',(0.287087069802,-1.222427871606));
#5330 = CARTESIAN_POINT('',(0.312364140469,-1.222096481586));
#5331 = CARTESIAN_POINT('',(0.337558374845,-1.221519379111));
#5332 = CARTESIAN_POINT('',(0.362610317015,-1.22069769364));
#5333 = CARTESIAN_POINT('',(0.387456236338,-1.219636150451));
#5334 = CARTESIAN_POINT('',(0.412030837735,-1.218338493509));
#5335 = CARTESIAN_POINT('',(0.436266354286,-1.216808796215));
#5336 = CARTESIAN_POINT('',(0.460096273609,-1.215050795539));
#5337 = CARTESIAN_POINT('',(0.483444083307,-1.213069244745));
#5338 = CARTESIAN_POINT('',(0.506267144648,-1.210865168341));
#5339 = CARTESIAN_POINT('',(0.52839477514,-1.208453489574));
#5340 = CARTESIAN_POINT('',(0.550634271373,-1.205742836238));
#5341 = CARTESIAN_POINT('',(0.572828915791,-1.202746729586));
#5342 = CARTESIAN_POINT('',(0.594910266446,-1.199468839131));
#5343 = CARTESIAN_POINT('',(0.616784231859,-1.195915455183));
#5344 = CARTESIAN_POINT('',(0.638362474731,-1.192092236608));
#5345 = CARTESIAN_POINT('',(0.659553561981,-1.188004747248));
#5346 = CARTESIAN_POINT('',(0.680269719161,-1.183659562493));
#5347 = CARTESIAN_POINT('',(0.70041118958,-1.179059306554));
#5348 = CARTESIAN_POINT('',(0.719940529488,-1.174226139957));
#5349 = CARTESIAN_POINT('',(0.73880150991,-1.169182725891));
#5350 = CARTESIAN_POINT('',(0.750887781602,-1.165693898015));
#5351 = CARTESIAN_POINT('',(0.75679878566,-1.163921356237));
#5352 = ( GEOMETRIC_REPRESENTATION_CONTEXT(2) 
PARAMETRIC_REPRESENTATION_CONTEXT() REPRESENTATION_CONTEXT('2D SPACE',''
  ) );
#5353 = PCURVE('',#4802,#5354);
#5354 = DEFINITIONAL_REPRESENTATION('',(#5355),#5381);
#5355 = B_SPLINE_CURVE_WITH_KNOTS('',3,(#5356,#5357,#5358,#5359,#5360,
    #5361,#5362,#5363,#5364,#5365,#5366,#5367,#5368,#5369,#5370,#5371,
    #5372,#5373,#5374,#5375,#5376,#5377,#5378,#5379,#5380),
  .UNSPECIFIED.,.F.,.F.,(4,1,1,1,1,1,1,1,1,1,1,1,1,1,1,1,1,1,1,1,1,1,4),
  (0.315687229004,0.322764439221,0.329841649439,0.336918859657,
    0.343996069874,0.351073280092,0.35815049031,0.365227700527,
    0.372304910745,0.379382120963,0.38645933118,0.393536541398,
    0.400613751616,0.407690961833,0.414768172051,0.421845382268,
    0.428922592486,0.435999802704,0.443077012921,0.450154223139,
    0.457231433357,0.464308643574,0.471385853792),.UNSPECIFIED.);
#5356 = CARTESIAN_POINT('',(0.785398163397,4.019237886467E-02));
#5357 = CARTESIAN_POINT('',(0.774453022114,3.89291992029E-02));
#5358 = CARTESIAN_POINT('',(0.75238837123,3.645477315288E-02));
#5359 = CARTESIAN_POINT('',(0.718821316023,3.291354245238E-02));
#5360 = CARTESIAN_POINT('',(0.684827820069,2.956187990311E-02));
#5361 = CARTESIAN_POINT('',(0.650484379272,2.640301600213E-02));
#5362 = CARTESIAN_POINT('',(0.615880537639,2.343827988162E-02));
#5363 = CARTESIAN_POINT('',(0.581105216631,2.066949690334E-02));
#5364 = CARTESIAN_POINT('',(0.546250056722,1.809840887561E-02));
#5365 = CARTESIAN_POINT('',(0.511402437412,1.572659559097E-02));
#5366 = CARTESIAN_POINT('',(0.476662377623,1.355636845846E-02));
#5367 = CARTESIAN_POINT('',(0.442074136922,1.158727443692E-02));
#5368 = CARTESIAN_POINT('',(0.407875329633,9.829186669507E-03));
#5369 = CARTESIAN_POINT('',(0.37278838596,8.213998591329E-03));
#5370 = CARTESIAN_POINT('',(0.337027212724,6.747369728472E-03));
#5371 = CARTESIAN_POINT('',(0.300666170908,5.428212545363E-03));
#5372 = CARTESIAN_POINT('',(0.26381615831,4.25726733245E-03));
#5373 = CARTESIAN_POINT('',(0.226575535657,3.234710137759E-03));
#5374 = CARTESIAN_POINT('',(0.189041270343,2.361146152982E-03));
#5375 = CARTESIAN_POINT('',(0.151303744631,1.636028237567E-03));
#5376 = CARTESIAN_POINT('',(0.113446458694,1.062989436273E-03));
#5377 = CARTESIAN_POINT('',(7.554000512928E-02,6.245225665178E-04));
#5378 = CARTESIAN_POINT('',(3.767986736038E-02,3.087986388807E-04));
#5379 = CARTESIAN_POINT('',(1.253375044395E-02,1.733877163274E-04));
#5380 = CARTESIAN_POINT('',(0.,1.22680298771E-04));
#5381 = ( GEOMETRIC_REPRESENTATION_CONTEXT(2) 
PARAMETRIC_REPRESENTATION_CONTEXT() REPRESENTATION_CONTEXT('2D SPACE',''
  ) );
#5382 = ORIENTED_EDGE('',*,*,#5383,.T.);
#5383 = EDGE_CURVE('',#5310,#5153,#5384,.T.);
#5384 = SURFACE_CURVE('',#5385,(#5390,#5397),.PCURVE_S1.);
#5385 = CIRCLE('',#5386,0.3);
#5386 = AXIS2_PLACEMENT_3D('',#5387,#5388,#5389);
#5387 = CARTESIAN_POINT('',(-1.5,-1.8,4.941926223421));
#5388 = DIRECTION('',(-1.,0.,0.));
#5389 = DIRECTION('',(0.,-0.707106781187,0.707106781187));
#5390 = PCURVE('',#5161,#5391);
#5391 = DEFINITIONAL_REPRESENTATION('',(#5392),#5396);
#5392 = LINE('',#5393,#5394);
#5393 = CARTESIAN_POINT('',(6.28318530718,-1.2225));
#5394 = VECTOR('',#5395,1.);
#5395 = DIRECTION('',(-1.,0.));
#5396 = ( GEOMETRIC_REPRESENTATION_CONTEXT(2) 
PARAMETRIC_REPRESENTATION_CONTEXT() REPRESENTATION_CONTEXT('2D SPACE',''
  ) );
#5397 = PCURVE('',#5398,#5403);
#5398 = PLANE('',#5399);
#5399 = AXIS2_PLACEMENT_3D('',#5400,#5401,#5402);
#5400 = CARTESIAN_POINT('',(-1.5,-2.1,5.241926223421));
#5401 = DIRECTION('',(-1.,0.,0.));
#5402 = DIRECTION('',(0.,-1.,2.22044604925E-16));
#5403 = DEFINITIONAL_REPRESENTATION('',(#5404),#5408);
#5404 = CIRCLE('',#5405,0.3);
#5405 = AXIS2_PLACEMENT_2D('',#5406,#5407);
#5406 = CARTESIAN_POINT('',(-0.3,-0.3));
#5407 = DIRECTION('',(0.707106781187,0.707106781187));
#5408 = ( GEOMETRIC_REPRESENTATION_CONTEXT(2) 
PARAMETRIC_REPRESENTATION_CONTEXT() REPRESENTATION_CONTEXT('2D SPACE',''
  ) );
#5409 = ADVANCED_FACE('',(#5410),#5424,.T.);
#5410 = FACE_BOUND('',#5411,.T.);
#5411 = EDGE_LOOP('',(#5412,#5447,#5476,#5555,#5628,#5651));
#5412 = ORIENTED_EDGE('',*,*,#5413,.F.);
#5413 = EDGE_CURVE('',#5414,#5416,#5418,.T.);
#5414 = VERTEX_POINT('',#5415);
#5415 = CARTESIAN_POINT('',(1.5,-2.012132034356,5.154058257777));
#5416 = VERTEX_POINT('',#5417);
#5417 = CARTESIAN_POINT('',(2.3,-2.012132034356,5.154058257777));
#5418 = SURFACE_CURVE('',#5419,(#5423,#5435),.PCURVE_S1.);
#5419 = LINE('',#5420,#5421);
#5420 = CARTESIAN_POINT('',(1.5,-2.012132034356,5.154058257777));
#5421 = VECTOR('',#5422,1.);
#5422 = DIRECTION('',(1.,0.,0.));
#5423 = PCURVE('',#5424,#5429);
#5424 = CYLINDRICAL_SURFACE('',#5425,0.3);
#5425 = AXIS2_PLACEMENT_3D('',#5426,#5427,#5428);
#5426 = CARTESIAN_POINT('',(-0.2775,-1.8,4.941926223421));
#5427 = DIRECTION('',(1.,0.,0.));
#5428 = DIRECTION('',(0.,-0.707106781187,0.707106781187));
#5429 = DEFINITIONAL_REPRESENTATION('',(#5430),#5434);
#5430 = LINE('',#5431,#5432);
#5431 = CARTESIAN_POINT('',(0.,1.7775));
#5432 = VECTOR('',#5433,1.);
#5433 = DIRECTION('',(0.,1.));
#5434 = ( GEOMETRIC_REPRESENTATION_CONTEXT(2) 
PARAMETRIC_REPRESENTATION_CONTEXT() REPRESENTATION_CONTEXT('2D SPACE',''
  ) );
#5435 = PCURVE('',#5436,#5441);
#5436 = CYLINDRICAL_SURFACE('',#5437,0.3);
#5437 = AXIS2_PLACEMENT_3D('',#5438,#5439,#5440);
#5438 = CARTESIAN_POINT('',(-0.2775,-1.8,4.941926223421));
#5439 = DIRECTION('',(1.,0.,0.));
#5440 = DIRECTION('',(0.,-0.707106781187,0.707106781187));
#5441 = DEFINITIONAL_REPRESENTATION('',(#5442),#5446);
#5442 = LINE('',#5443,#5444);
#5443 = CARTESIAN_POINT('',(6.28318530718,1.7775));
#5444 = VECTOR('',#5445,1.);
#5445 = DIRECTION('',(0.,1.));
#5446 = ( GEOMETRIC_REPRESENTATION_CONTEXT(2) 
PARAMETRIC_REPRESENTATION_CONTEXT() REPRESENTATION_CONTEXT('2D SPACE',''
  ) );
#5447 = ORIENTED_EDGE('',*,*,#5448,.T.);
#5448 = EDGE_CURVE('',#5414,#5449,#5451,.T.);
#5449 = VERTEX_POINT('',#5450);
#5450 = CARTESIAN_POINT('',(1.5,-2.059807621136,5.091926223421));
#5451 = SURFACE_CURVE('',#5452,(#5457,#5464),.PCURVE_S1.);
#5452 = CIRCLE('',#5453,0.3);
#5453 = AXIS2_PLACEMENT_3D('',#5454,#5455,#5456);
#5454 = CARTESIAN_POINT('',(1.5,-1.8,4.941926223421));
#5455 = DIRECTION('',(1.,0.,0.));
#5456 = DIRECTION('',(0.,-0.707106781187,0.707106781187));
#5457 = PCURVE('',#5424,#5458);
#5458 = DEFINITIONAL_REPRESENTATION('',(#5459),#5463);
#5459 = LINE('',#5460,#5461);
#5460 = CARTESIAN_POINT('',(0.,1.7775));
#5461 = VECTOR('',#5462,1.);
#5462 = DIRECTION('',(1.,0.));
#5463 = ( GEOMETRIC_REPRESENTATION_CONTEXT(2) 
PARAMETRIC_REPRESENTATION_CONTEXT() REPRESENTATION_CONTEXT('2D SPACE',''
  ) );
#5464 = PCURVE('',#5465,#5470);
#5465 = PLANE('',#5466);
#5466 = AXIS2_PLACEMENT_3D('',#5467,#5468,#5469);
#5467 = CARTESIAN_POINT('',(1.5,-2.1,4.891926223421));
#5468 = DIRECTION('',(1.,0.,0.));
#5469 = DIRECTION('',(0.,1.,-2.22044604925E-16));
#5470 = DEFINITIONAL_REPRESENTATION('',(#5471),#5475);
#5471 = CIRCLE('',#5472,0.3);
#5472 = AXIS2_PLACEMENT_2D('',#5473,#5474);
#5473 = CARTESIAN_POINT('',(0.3,5.E-02));
#5474 = DIRECTION('',(-0.707106781187,0.707106781187));
#5475 = ( GEOMETRIC_REPRESENTATION_CONTEXT(2) 
PARAMETRIC_REPRESENTATION_CONTEXT() REPRESENTATION_CONTEXT('2D SPACE',''
  ) );
#5476 = ORIENTED_EDGE('',*,*,#5477,.F.);
#5477 = EDGE_CURVE('',#5478,#5449,#5480,.T.);
#5478 = VERTEX_POINT('',#5479);
#5479 = CARTESIAN_POINT('',(1.441421356237,-2.099877319701,
    4.950504867184));
#5480 = SURFACE_CURVE('',#5481,(#5492,#5521),.PCURVE_S1.);
#5481 = B_SPLINE_CURVE_WITH_KNOTS('',3,(#5482,#5483,#5484,#5485,#5486,
    #5487,#5488,#5489,#5490,#5491),.UNSPECIFIED.,.F.,.F.,(4,2,2,2,4),(
    0.771187757405,0.795031347428,0.85238400707,0.914379383021,
    0.926886382193),.UNSPECIFIED.);
#5482 = CARTESIAN_POINT('',(1.441421356237,-2.099877319701,
    4.950504867184));
#5483 = CARTESIAN_POINT('',(1.447393166901,-2.099706483053,
    4.956476677848));
#5484 = CARTESIAN_POINT('',(1.453045608452,-2.099342632001,
    4.962893880408));
#5485 = CARTESIAN_POINT('',(1.470753068438,-2.097218442654,
    4.985804956242));
#5486 = CARTESIAN_POINT('',(1.480535491218,-2.094079504042,
    5.003892811055));
#5487 = CARTESIAN_POINT('',(1.494160259832,-2.084200893171,
    5.039940560479));
#5488 = CARTESIAN_POINT('',(1.498498739608,-2.076441342309,
    5.060541274094));
#5489 = CARTESIAN_POINT('',(1.499887534559,-2.064190818254,
    5.084134267146));
#5490 = CARTESIAN_POINT('',(1.5,-2.06204066612,5.088058476052));
#5491 = CARTESIAN_POINT('',(1.5,-2.059807621136,5.091926223421));
#5492 = PCURVE('',#5424,#5493);
#5493 = DEFINITIONAL_REPRESENTATION('',(#5494),#5520);
#5494 = B_SPLINE_CURVE_WITH_KNOTS('',3,(#5495,#5496,#5497,#5498,#5499,
    #5500,#5501,#5502,#5503,#5504,#5505,#5506,#5507,#5508,#5509,#5510,
    #5511,#5512,#5513,#5514,#5515,#5516,#5517,#5518,#5519),
  .UNSPECIFIED.,.F.,.F.,(4,1,1,1,1,1,1,1,1,1,1,1,1,1,1,1,1,1,1,1,1,1,4),
  (0.771187757405,0.778264967623,0.78534217784,0.792419388058,
    0.799496598276,0.806573808493,0.813651018711,0.820728228928,
    0.827805439146,0.834882649364,0.841959859581,0.849037069799,
    0.856114280017,0.863191490234,0.870268700452,0.87734591067,
    0.884423120887,0.891500331105,0.898577541322,0.90565475154,
    0.912731961758,0.919809171975,0.926886382193),
  .QUASI_UNIFORM_KNOTS.);
#5495 = CARTESIAN_POINT('',(0.756798785659,1.718921356237));
#5496 = CARTESIAN_POINT('',(0.750887781601,1.720693898015));
#5497 = CARTESIAN_POINT('',(0.738801509909,1.724182725891));
#5498 = CARTESIAN_POINT('',(0.719940529487,1.729226139957));
#5499 = CARTESIAN_POINT('',(0.700411189579,1.734059306554));
#5500 = CARTESIAN_POINT('',(0.680269719159,1.738659562493));
#5501 = CARTESIAN_POINT('',(0.659553561979,1.743004747248));
#5502 = CARTESIAN_POINT('',(0.638362474729,1.747092236609));
#5503 = CARTESIAN_POINT('',(0.616784231856,1.750915455183));
#5504 = CARTESIAN_POINT('',(0.594910266443,1.754468839131));
#5505 = CARTESIAN_POINT('',(0.572828915788,1.757746729586));
#5506 = CARTESIAN_POINT('',(0.55063427137,1.760742836239));
#5507 = CARTESIAN_POINT('',(0.528394775137,1.763453489575));
#5508 = CARTESIAN_POINT('',(0.506267144645,1.765865168341));
#5509 = CARTESIAN_POINT('',(0.483444083304,1.768069244745));
#5510 = CARTESIAN_POINT('',(0.460096273607,1.770050795539));
#5511 = CARTESIAN_POINT('',(0.436266354284,1.771808796215));
#5512 = CARTESIAN_POINT('',(0.412030837732,1.773338493509));
#5513 = CARTESIAN_POINT('',(0.387456236336,1.774636150451));
#5514 = CARTESIAN_POINT('',(0.362610317013,1.77569769364));
#5515 = CARTESIAN_POINT('',(0.337558374843,1.776519379112));
#5516 = CARTESIAN_POINT('',(0.312364140467,1.777096481586));
#5517 = CARTESIAN_POINT('',(0.287087069801,1.777427871606));
#5518 = CARTESIAN_POINT('',(0.270223605785,1.777499226784));
#5519 = CARTESIAN_POINT('',(0.2617993878,1.7775));
#5520 = ( GEOMETRIC_REPRESENTATION_CONTEXT(2) 
PARAMETRIC_REPRESENTATION_CONTEXT() REPRESENTATION_CONTEXT('2D SPACE',''
  ) );
#5521 = PCURVE('',#5522,#5527);
#5522 = CYLINDRICAL_SURFACE('',#5523,0.2);
#5523 = AXIS2_PLACEMENT_3D('',#5524,#5525,#5526);
#5524 = CARTESIAN_POINT('',(1.3,-2.1,5.091926223421));
#5525 = DIRECTION('',(0.,1.,-2.22044604925E-16));
#5526 = DIRECTION('',(0.707106781187,-1.570092458684E-16,-0.707106781187
    ));
#5527 = DEFINITIONAL_REPRESENTATION('',(#5528),#5554);
#5528 = B_SPLINE_CURVE_WITH_KNOTS('',3,(#5529,#5530,#5531,#5532,#5533,
    #5534,#5535,#5536,#5537,#5538,#5539,#5540,#5541,#5542,#5543,#5544,
    #5545,#5546,#5547,#5548,#5549,#5550,#5551,#5552,#5553),
  .UNSPECIFIED.,.F.,.F.,(4,1,1,1,1,1,1,1,1,1,1,1,1,1,1,1,1,1,1,1,1,1,4),
  (0.771187757405,0.778264967623,0.78534217784,0.792419388058,
    0.799496598276,0.806573808493,0.813651018711,0.820728228928,
    0.827805439146,0.834882649364,0.841959859581,0.849037069799,
    0.856114280017,0.863191490234,0.870268700452,0.87734591067,
    0.884423120887,0.891500331105,0.898577541322,0.90565475154,
    0.912731961758,0.919809171975,0.926886382193),
  .QUASI_UNIFORM_KNOTS.);
#5529 = CARTESIAN_POINT('',(6.28318530718,1.22680299E-04));
#5530 = CARTESIAN_POINT('',(6.270651556735,1.733877163648E-04));
#5531 = CARTESIAN_POINT('',(6.245505439818,3.087986387798E-04));
#5532 = CARTESIAN_POINT('',(6.207645302048,6.245225665912E-04));
#5533 = CARTESIAN_POINT('',(6.169738848482,1.062989436561E-03));
#5534 = CARTESIAN_POINT('',(6.131881562545,1.636028237732E-03));
#5535 = CARTESIAN_POINT('',(6.094144036833,2.361146153124E-03));
#5536 = CARTESIAN_POINT('',(6.056609771518,3.234710137897E-03));
#5537 = CARTESIAN_POINT('',(6.019369148864,4.257267332612E-03));
#5538 = CARTESIAN_POINT('',(5.982519136266,5.428212545563E-03));
#5539 = CARTESIAN_POINT('',(5.94615809445,6.747369728716E-03));
#5540 = CARTESIAN_POINT('',(5.910396921214,8.213998591614E-03));
#5541 = CARTESIAN_POINT('',(5.875309977542,9.829186669818E-03));
#5542 = CARTESIAN_POINT('',(5.841111170253,1.158727443724E-02));
#5543 = CARTESIAN_POINT('',(5.806522929552,1.355636845877E-02));
#5544 = CARTESIAN_POINT('',(5.771782869764,1.572659559127E-02));
#5545 = CARTESIAN_POINT('',(5.736935250454,1.809840887588E-02));
#5546 = CARTESIAN_POINT('',(5.702080090545,2.066949690358E-02));
#5547 = CARTESIAN_POINT('',(5.667304769537,2.343827988183E-02));
#5548 = CARTESIAN_POINT('',(5.632700927904,2.64030160023E-02));
#5549 = CARTESIAN_POINT('',(5.598357487108,2.956187990326E-02));
#5550 = CARTESIAN_POINT('',(5.564363991155,3.29135424525E-02));
#5551 = CARTESIAN_POINT('',(5.530796935949,3.645477315303E-02));
#5552 = CARTESIAN_POINT('',(5.508732285066,3.892919920263E-02));
#5553 = CARTESIAN_POINT('',(5.497787143782,4.0192378864E-02));
#5554 = ( GEOMETRIC_REPRESENTATION_CONTEXT(2) 
PARAMETRIC_REPRESENTATION_CONTEXT() REPRESENTATION_CONTEXT('2D SPACE',''
  ) );
#5555 = ORIENTED_EDGE('',*,*,#5556,.F.);
#5556 = EDGE_CURVE('',#5557,#5478,#5559,.T.);
#5557 = VERTEX_POINT('',#5558);
#5558 = CARTESIAN_POINT('',(1.432287565554,-2.1,4.941926223422));
#5559 = SURFACE_CURVE('',#5560,(#5565,#5594),.PCURVE_S1.);
#5560 = B_SPLINE_CURVE_WITH_KNOTS('',3,(#5561,#5562,#5563,#5564),
  .UNSPECIFIED.,.F.,.F.,(4,4),(0.759316629722,0.771187757405),
  .PIECEWISE_BEZIER_KNOTS.);
#5561 = CARTESIAN_POINT('',(1.432287565554,-2.1,4.941926223422));
#5562 = CARTESIAN_POINT('',(1.435396535099,-2.1,4.944668076839));
#5563 = CARTESIAN_POINT('',(1.438448140928,-2.099962375,4.947531651875)
  );
#5564 = CARTESIAN_POINT('',(1.441421356237,-2.099877319701,
    4.950504867184));
#5565 = PCURVE('',#5424,#5566);
#5566 = DEFINITIONAL_REPRESENTATION('',(#5567),#5593);
#5567 = B_SPLINE_CURVE_WITH_KNOTS('',3,(#5568,#5569,#5570,#5571,#5572,
    #5573,#5574,#5575,#5576,#5577,#5578,#5579,#5580,#5581,#5582,#5583,
    #5584,#5585,#5586,#5587,#5588,#5589,#5590,#5591,#5592),
  .UNSPECIFIED.,.F.,.F.,(4,1,1,1,1,1,1,1,1,1,1,1,1,1,1,1,1,1,1,1,1,1,4),
  (0.759316629722,0.759856226435,0.760395823147,0.76093541986,
    0.761475016573,0.762014613286,0.762554209999,0.763093806712,
    0.763633403425,0.764173000137,0.76471259685,0.765252193563,
    0.765791790276,0.766331386989,0.766870983702,0.767410580415,
    0.767950177127,0.76848977384,0.769029370553,0.769568967266,
    0.770108563979,0.770648160692,0.771187757405),.UNSPECIFIED.);
#5568 = CARTESIAN_POINT('',(0.785398163397,1.709787565553));
#5569 = CARTESIAN_POINT('',(0.784982731057,1.709928882351));
#5570 = CARTESIAN_POINT('',(0.784150189786,1.710211278906));
#5571 = CARTESIAN_POINT('',(0.782896368781,1.710634150769));
#5572 = CARTESIAN_POINT('',(0.781637559375,1.711056287816));
#5573 = CARTESIAN_POINT('',(0.780373782202,1.711477678197));
#5574 = CARTESIAN_POINT('',(0.779105057855,1.711898310065));
#5575 = CARTESIAN_POINT('',(0.777831406877,1.71231817157));
#5576 = CARTESIAN_POINT('',(0.776552849768,1.712737250865));
#5577 = CARTESIAN_POINT('',(0.775269406979,1.713155536102));
#5578 = CARTESIAN_POINT('',(0.773981098915,1.713573015431));
#5579 = CARTESIAN_POINT('',(0.772687945933,1.713989677005));
#5580 = CARTESIAN_POINT('',(0.77138996834,1.714405508976));
#5581 = CARTESIAN_POINT('',(0.770087186398,1.714820499495));
#5582 = CARTESIAN_POINT('',(0.768779620319,1.715234636713));
#5583 = CARTESIAN_POINT('',(0.767467290264,1.715647908783));
#5584 = CARTESIAN_POINT('',(0.766150216348,1.716060303857));
#5585 = CARTESIAN_POINT('',(0.764828418634,1.716471810085));
#5586 = CARTESIAN_POINT('',(0.763501917136,1.71688241562));
#5587 = CARTESIAN_POINT('',(0.762170731816,1.717292108613));
#5588 = CARTESIAN_POINT('',(0.760834882586,1.717700877216));
#5589 = CARTESIAN_POINT('',(0.759494389307,1.71810870958));
#5590 = CARTESIAN_POINT('',(0.758149271792,1.718515593858));
#5591 = CARTESIAN_POINT('',(0.757249457119,1.718786210087));
#5592 = CARTESIAN_POINT('',(0.75679878566,1.718921356237));
#5593 = ( GEOMETRIC_REPRESENTATION_CONTEXT(2) 
PARAMETRIC_REPRESENTATION_CONTEXT() REPRESENTATION_CONTEXT('2D SPACE',''
  ) );
#5594 = PCURVE('',#5595,#5600);
#5595 = CYLINDRICAL_SURFACE('',#5596,0.2);
#5596 = AXIS2_PLACEMENT_3D('',#5597,#5598,#5599);
#5597 = CARTESIAN_POINT('',(1.3,-2.1,5.091926223421));
#5598 = DIRECTION('',(0.,1.,-2.22044604925E-16));
#5599 = DIRECTION('',(0.707106781187,-1.570092458684E-16,-0.707106781187
    ));
#5600 = DEFINITIONAL_REPRESENTATION('',(#5601),#5627);
#5601 = B_SPLINE_CURVE_WITH_KNOTS('',3,(#5602,#5603,#5604,#5605,#5606,
    #5607,#5608,#5609,#5610,#5611,#5612,#5613,#5614,#5615,#5616,#5617,
    #5618,#5619,#5620,#5621,#5622,#5623,#5624,#5625,#5626),
  .UNSPECIFIED.,.F.,.F.,(4,1,1,1,1,1,1,1,1,1,1,1,1,1,1,1,1,1,1,1,1,1,4),
  (0.759316629722,0.759856226435,0.760395823147,0.76093541986,
    0.761475016573,0.762014613286,0.762554209999,0.763093806712,
    0.763633403425,0.764173000137,0.76471259685,0.765252193563,
    0.765791790276,0.766331386989,0.766870983702,0.767410580415,
    0.767950177127,0.76848977384,0.769029370553,0.769568967266,
    0.770108563979,0.770648160692,0.771187757405),.UNSPECIFIED.);
#5602 = CARTESIAN_POINT('',(6.266391558238E-02,0.));
#5603 = CARTESIAN_POINT('',(6.172180359478E-02,9.091205056163E-17));
#5604 = CARTESIAN_POINT('',(5.983680507907E-02,1.554752075919E-07));
#5605 = CARTESIAN_POINT('',(5.700702778891E-02,8.606387900887E-07));
#5606 = CARTESIAN_POINT('',(5.417501510701E-02,2.043278293096E-06));
#5607 = CARTESIAN_POINT('',(5.134081108863E-02,3.708918865959E-06));
#5608 = CARTESIAN_POINT('',(4.850445973808E-02,5.863085657808E-06));
#5609 = CARTESIAN_POINT('',(4.566600499847E-02,8.511303818062E-06));
#5610 = CARTESIAN_POINT('',(4.282549074915E-02,1.165909849594E-05));
#5611 = CARTESIAN_POINT('',(3.998296080107E-02,1.531199484068E-05));
#5612 = CARTESIAN_POINT('',(3.713845889262E-02,1.947551800163E-05));
#5613 = CARTESIAN_POINT('',(3.429202868544E-02,2.415519312801E-05));
#5614 = CARTESIAN_POINT('',(3.144371376013E-02,2.935654536916E-05));
#5615 = CARTESIAN_POINT('',(2.859355761197E-02,3.508509987425E-05));
#5616 = CARTESIAN_POINT('',(2.57416036467E-02,4.13463817927E-05));
#5617 = CARTESIAN_POINT('',(2.288789517617E-02,4.814591627361E-05));
#5618 = CARTESIAN_POINT('',(2.003247541417E-02,5.548922846649E-05));
#5619 = CARTESIAN_POINT('',(1.717538747191E-02,6.338184352033E-05));
#5620 = CARTESIAN_POINT('',(1.431667435404E-02,7.182928658467E-05));
#5621 = CARTESIAN_POINT('',(1.145637895381E-02,8.08370828086E-05));
#5622 = CARTESIAN_POINT('',(8.59454405006E-03,9.041075734152E-05));
#5623 = CARTESIAN_POINT('',(5.73121229842E-03,1.005558353326E-04));
#5624 = CARTESIAN_POINT('',(2.86642624364E-03,1.112778419313E-04));
#5625 = CARTESIAN_POINT('',(9.556275832027E-04,1.188141488349E-04));
#5626 = CARTESIAN_POINT('',(0.,1.22680298771E-04));
#5627 = ( GEOMETRIC_REPRESENTATION_CONTEXT(2) 
PARAMETRIC_REPRESENTATION_CONTEXT() REPRESENTATION_CONTEXT('2D SPACE',''
  ) );
#5628 = ORIENTED_EDGE('',*,*,#5629,.T.);
#5629 = EDGE_CURVE('',#5557,#5630,#5632,.T.);
#5630 = VERTEX_POINT('',#5631);
#5631 = CARTESIAN_POINT('',(2.3,-2.1,4.941926223421));
#5632 = SURFACE_CURVE('',#5633,(#5637,#5644),.PCURVE_S1.);
#5633 = LINE('',#5634,#5635);
#5634 = CARTESIAN_POINT('',(1.432287565554,-2.1,4.941926223422));
#5635 = VECTOR('',#5636,1.);
#5636 = DIRECTION('',(1.,-5.432034821951E-29,-2.446371E-13));
#5637 = PCURVE('',#5424,#5638);
#5638 = DEFINITIONAL_REPRESENTATION('',(#5639),#5643);
#5639 = LINE('',#5640,#5641);
#5640 = CARTESIAN_POINT('',(0.785398163397,1.709787565553));
#5641 = VECTOR('',#5642,1.);
#5642 = DIRECTION('',(8.155422554796E-13,1.));
#5643 = ( GEOMETRIC_REPRESENTATION_CONTEXT(2) 
PARAMETRIC_REPRESENTATION_CONTEXT() REPRESENTATION_CONTEXT('2D SPACE',''
  ) );
#5644 = PCURVE('',#2794,#5645);
#5645 = DEFINITIONAL_REPRESENTATION('',(#5646),#5650);
#5646 = LINE('',#5647,#5648);
#5647 = CARTESIAN_POINT('',(-0.367712434446,2.100000000001));
#5648 = VECTOR('',#5649,1.);
#5649 = DIRECTION('',(1.,-2.446371E-13));
#5650 = ( GEOMETRIC_REPRESENTATION_CONTEXT(2) 
PARAMETRIC_REPRESENTATION_CONTEXT() REPRESENTATION_CONTEXT('2D SPACE',''
  ) );
#5651 = ORIENTED_EDGE('',*,*,#5652,.T.);
#5652 = EDGE_CURVE('',#5630,#5416,#5653,.T.);
#5653 = SURFACE_CURVE('',#5654,(#5659,#5666),.PCURVE_S1.);
#5654 = CIRCLE('',#5655,0.3);
#5655 = AXIS2_PLACEMENT_3D('',#5656,#5657,#5658);
#5656 = CARTESIAN_POINT('',(2.3,-1.8,4.941926223421));
#5657 = DIRECTION('',(-1.,0.,0.));
#5658 = DIRECTION('',(0.,-0.707106781187,0.707106781187));
#5659 = PCURVE('',#5424,#5660);
#5660 = DEFINITIONAL_REPRESENTATION('',(#5661),#5665);
#5661 = LINE('',#5662,#5663);
#5662 = CARTESIAN_POINT('',(6.28318530718,2.5775));
#5663 = VECTOR('',#5664,1.);
#5664 = DIRECTION('',(-1.,0.));
#5665 = ( GEOMETRIC_REPRESENTATION_CONTEXT(2) 
PARAMETRIC_REPRESENTATION_CONTEXT() REPRESENTATION_CONTEXT('2D SPACE',''
  ) );
#5666 = PCURVE('',#3974,#5667);
#5667 = DEFINITIONAL_REPRESENTATION('',(#5668),#5676);
#5668 = ( BOUNDED_CURVE() B_SPLINE_CURVE(2,(#5669,#5670,#5671,#5672,
#5673,#5674,#5675),.UNSPECIFIED.,.T.,.F.) B_SPLINE_CURVE_WITH_KNOTS((1,2
    ,2,2,2,1),(-2.094395102393,0.,2.094395102393,4.188790204786,
6.28318530718,8.377580409573),.UNSPECIFIED.) CURVE() 
GEOMETRIC_REPRESENTATION_ITEM() RATIONAL_B_SPLINE_CURVE((1.,0.5,1.,0.5,
1.,0.5,1.)) REPRESENTATION_ITEM('') );
#5669 = CARTESIAN_POINT('',(-0.112132034356,-8.786796564404E-02));
#5670 = CARTESIAN_POINT('',(0.255291427062,0.279555495773));
#5671 = CARTESIAN_POINT('',(0.389777747887,-0.222354286469));
#5672 = CARTESIAN_POINT('',(0.524264068712,-0.724264068712));
#5673 = CARTESIAN_POINT('',(2.235428646924E-02,-0.589777747887));
#5674 = CARTESIAN_POINT('',(-0.479555495773,-0.455291427062));
#5675 = CARTESIAN_POINT('',(-0.112132034356,-8.786796564404E-02));
#5676 = ( GEOMETRIC_REPRESENTATION_CONTEXT(2) 
PARAMETRIC_REPRESENTATION_CONTEXT() REPRESENTATION_CONTEXT('2D SPACE',''
  ) );
#5677 = ADVANCED_FACE('',(#5678),#5275,.F.);
#5678 = FACE_BOUND('',#5679,.F.);
#5679 = EDGE_LOOP('',(#5680,#5752,#5776,#5804,#5826,#5827));
#5680 = ORIENTED_EDGE('',*,*,#5681,.F.);
#5681 = EDGE_CURVE('',#5682,#5684,#5686,.T.);
#5682 = VERTEX_POINT('',#5683);
#5683 = CARTESIAN_POINT('',(-1.432287565553,-1.9,4.941926223421));
#5684 = VERTEX_POINT('',#5685);
#5685 = CARTESIAN_POINT('',(-1.441421356239,-1.89963135486,
    4.950504867186));
#5686 = SURFACE_CURVE('',#5687,(#5694,#5723),.PCURVE_S1.);
#5687 = B_SPLINE_CURVE_WITH_KNOTS('',3,(#5688,#5689,#5690,#5691,#5692,
    #5693),.UNSPECIFIED.,.F.,.F.,(4,2,4),(0.44635616615,0.452640929909,
    0.458766781018),.UNSPECIFIED.);
#5688 = CARTESIAN_POINT('',(-1.432287565553,-1.9,4.941926223421));
#5689 = CARTESIAN_POINT('',(-1.43387021324,-1.9,4.943321987485));
#5690 = CARTESIAN_POINT('',(-1.435425021439,-1.899970771433,
    4.944737743741));
#5691 = CARTESIAN_POINT('',(-1.438438585897,-1.89985045182,
    4.947569290893));
#5692 = CARTESIAN_POINT('',(-1.439932274435,-1.899759570544,
    4.949015785382));
#5693 = CARTESIAN_POINT('',(-1.441421356239,-1.89963135486,
    4.950504867186));
#5694 = PCURVE('',#5275,#5695);
#5695 = DEFINITIONAL_REPRESENTATION('',(#5696),#5722);
#5696 = B_SPLINE_CURVE_WITH_KNOTS('',3,(#5697,#5698,#5699,#5700,#5701,
    #5702,#5703,#5704,#5705,#5706,#5707,#5708,#5709,#5710,#5711,#5712,
    #5713,#5714,#5715,#5716,#5717,#5718,#5719,#5720,#5721),
  .UNSPECIFIED.,.F.,.F.,(4,1,1,1,1,1,1,1,1,1,1,1,1,1,1,1,1,1,1,1,1,1,4),
  (0.44635616615,0.446920285007,0.447484403865,0.448048522723,
    0.44861264158,0.449176760438,0.449740879296,0.450304998153,
    0.450869117011,0.451433235869,0.451997354726,0.452561473584,
    0.453125592442,0.453689711299,0.454253830157,0.454817949015,
    0.455382067872,0.45594618673,0.456510305588,0.457074424445,
    0.457638543303,0.45820266216,0.458766781018),.UNSPECIFIED.);
#5697 = CARTESIAN_POINT('',(6.220521391596,0.2));
#5698 = CARTESIAN_POINT('',(6.221468445382,0.2));
#5699 = CARTESIAN_POINT('',(6.223361936154,0.200000470978));
#5700 = CARTESIAN_POINT('',(6.226200303689,0.200002601111));
#5701 = CARTESIAN_POINT('',(6.229036784379,0.200006165639));
#5702 = CARTESIAN_POINT('',(6.231871359999,0.200011175294));
#5703 = CARTESIAN_POINT('',(6.234704011717,0.200017640803));
#5704 = CARTESIAN_POINT('',(6.237534722543,0.200025572907));
#5705 = CARTESIAN_POINT('',(6.240363468135,0.200034982303));
#5706 = CARTESIAN_POINT('',(6.243190251146,0.200045879842));
#5707 = CARTESIAN_POINT('',(6.246014973048,0.200058275803));
#5708 = CARTESIAN_POINT('',(6.248837912498,0.200072182602));
#5709 = CARTESIAN_POINT('',(6.251657940054,0.200087604682));
#5710 = CARTESIAN_POINT('',(6.254479180979,0.200104576239));
#5711 = CARTESIAN_POINT('',(6.257311941967,0.200123185697));
#5712 = CARTESIAN_POINT('',(6.260153316221,0.200143445175));
#5713 = CARTESIAN_POINT('',(6.263003750856,0.200165386138));
#5714 = CARTESIAN_POINT('',(6.265862794747,0.200189034867));
#5715 = CARTESIAN_POINT('',(6.268730237917,0.20021441903));
#5716 = CARTESIAN_POINT('',(6.271605806264,0.200241565926));
#5717 = CARTESIAN_POINT('',(6.274489243388,0.200270502951));
#5718 = CARTESIAN_POINT('',(6.277380288704,0.200301257477));
#5719 = CARTESIAN_POINT('',(6.280278683286,0.20033385688));
#5720 = CARTESIAN_POINT('',(6.282215673443,0.200356837984));
#5721 = CARTESIAN_POINT('',(6.28318530718,0.200368645141));
#5722 = ( GEOMETRIC_REPRESENTATION_CONTEXT(2) 
PARAMETRIC_REPRESENTATION_CONTEXT() REPRESENTATION_CONTEXT('2D SPACE',''
  ) );
#5723 = PCURVE('',#4902,#5724);
#5724 = DEFINITIONAL_REPRESENTATION('',(#5725),#5751);
#5725 = B_SPLINE_CURVE_WITH_KNOTS('',3,(#5726,#5727,#5728,#5729,#5730,
    #5731,#5732,#5733,#5734,#5735,#5736,#5737,#5738,#5739,#5740,#5741,
    #5742,#5743,#5744,#5745,#5746,#5747,#5748,#5749,#5750),
  .UNSPECIFIED.,.F.,.F.,(4,1,1,1,1,1,1,1,1,1,1,1,1,1,1,1,1,1,1,1,1,1,4),
  (0.44635616615,0.446920285007,0.447484403865,0.448048522723,
    0.44861264158,0.449176760438,0.449740879296,0.450304998153,
    0.450869117011,0.451433235869,0.451997354726,0.452561473584,
    0.453125592442,0.453689711299,0.454253830157,0.454817949015,
    0.455382067872,0.45594618673,0.456510305588,0.457074424445,
    0.457638543303,0.45820266216,0.458766781018),.UNSPECIFIED.);
#5726 = CARTESIAN_POINT('',(0.785398163397,-1.000708618185));
#5727 = CARTESIAN_POINT('',(0.784145328921,-1.000850676254));
#5728 = CARTESIAN_POINT('',(0.781636438757,-1.001134343797));
#5729 = CARTESIAN_POINT('',(0.777863465574,-1.001558495453));
#5730 = CARTESIAN_POINT('',(0.774080880527,-1.001981293573));
#5731 = CARTESIAN_POINT('',(0.770288708388,-1.002402734299));
#5732 = CARTESIAN_POINT('',(0.76648697391,-1.002822813697));
#5733 = CARTESIAN_POINT('',(0.762675698336,-1.003241528117));
#5734 = CARTESIAN_POINT('',(0.758854912044,-1.003658872851));
#5735 = CARTESIAN_POINT('',(0.755024607421,-1.004074847137));
#5736 = CARTESIAN_POINT('',(0.751184914686,-1.004489435488));
#5737 = CARTESIAN_POINT('',(0.74733544567,-1.00490267737));
#5738 = CARTESIAN_POINT('',(0.743477742848,-1.005314407167));
#5739 = CARTESIAN_POINT('',(0.739606139394,-1.005725224631));
#5740 = CARTESIAN_POINT('',(0.735706351275,-1.00613661774));
#5741 = CARTESIAN_POINT('',(0.731782229364,-1.006548150803));
#5742 = CARTESIAN_POINT('',(0.727833019403,-1.00695987636));
#5743 = CARTESIAN_POINT('',(0.723859198244,-1.007371716129));
#5744 = CARTESIAN_POINT('',(0.719860909995,-1.007783626882));
#5745 = CARTESIAN_POINT('',(0.715838384993,-1.008195555997));
#5746 = CARTESIAN_POINT('',(0.711791827519,-1.008607453371));
#5747 = CARTESIAN_POINT('',(0.707721445755,-1.009019268226));
#5748 = CARTESIAN_POINT('',(0.703627444003,-1.009430949963));
#5749 = CARTESIAN_POINT('',(0.700882497083,-1.009705281945));
#5750 = CARTESIAN_POINT('',(0.699506154218,-1.00984240887));
#5751 = ( GEOMETRIC_REPRESENTATION_CONTEXT(2) 
PARAMETRIC_REPRESENTATION_CONTEXT() REPRESENTATION_CONTEXT('2D SPACE',''
  ) );
#5752 = ORIENTED_EDGE('',*,*,#5753,.F.);
#5753 = EDGE_CURVE('',#5754,#5682,#5756,.T.);
#5754 = VERTEX_POINT('',#5755);
#5755 = CARTESIAN_POINT('',(-1.3,-1.9,4.891926223421));
#5756 = SURFACE_CURVE('',#5757,(#5762,#5769),.PCURVE_S1.);
#5757 = CIRCLE('',#5758,0.2);
#5758 = AXIS2_PLACEMENT_3D('',#5759,#5760,#5761);
#5759 = CARTESIAN_POINT('',(-1.3,-1.9,5.091926223421));
#5760 = DIRECTION('',(-3.299050841687E-33,1.,-2.22044604925E-16));
#5761 = DIRECTION('',(-0.707106781187,-1.570092458684E-16,
    -0.707106781187));
#5762 = PCURVE('',#5275,#5763);
#5763 = DEFINITIONAL_REPRESENTATION('',(#5764),#5768);
#5764 = LINE('',#5765,#5766);
#5765 = CARTESIAN_POINT('',(0.,0.2));
#5766 = VECTOR('',#5767,1.);
#5767 = DIRECTION('',(1.,0.));
#5768 = ( GEOMETRIC_REPRESENTATION_CONTEXT(2) 
PARAMETRIC_REPRESENTATION_CONTEXT() REPRESENTATION_CONTEXT('2D SPACE',''
  ) );
#5769 = PCURVE('',#2851,#5770);
#5770 = DEFINITIONAL_REPRESENTATION('',(#5771),#5775);
#5771 = CIRCLE('',#5772,0.2);
#5772 = AXIS2_PLACEMENT_2D('',#5773,#5774);
#5773 = CARTESIAN_POINT('',(0.436842105263,2.228947368421));
#5774 = DIRECTION('',(0.707106781187,-0.707106781187));
#5775 = ( GEOMETRIC_REPRESENTATION_CONTEXT(2) 
PARAMETRIC_REPRESENTATION_CONTEXT() REPRESENTATION_CONTEXT('2D SPACE',''
  ) );
#5776 = ORIENTED_EDGE('',*,*,#5777,.F.);
#5777 = EDGE_CURVE('',#5778,#5754,#5780,.T.);
#5778 = VERTEX_POINT('',#5779);
#5779 = CARTESIAN_POINT('',(-1.3,-2.1,4.891926223421));
#5780 = SURFACE_CURVE('',#5781,(#5785,#5792),.PCURVE_S1.);
#5781 = LINE('',#5782,#5783);
#5782 = CARTESIAN_POINT('',(-1.3,-2.1,4.891926223421));
#5783 = VECTOR('',#5784,1.);
#5784 = DIRECTION('',(0.,1.,-2.22044604925E-16));
#5785 = PCURVE('',#5275,#5786);
#5786 = DEFINITIONAL_REPRESENTATION('',(#5787),#5791);
#5787 = LINE('',#5788,#5789);
#5788 = CARTESIAN_POINT('',(5.497787143782,0.));
#5789 = VECTOR('',#5790,1.);
#5790 = DIRECTION('',(0.,1.));
#5791 = ( GEOMETRIC_REPRESENTATION_CONTEXT(2) 
PARAMETRIC_REPRESENTATION_CONTEXT() REPRESENTATION_CONTEXT('2D SPACE',''
  ) );
#5792 = PCURVE('',#5793,#5798);
#5793 = PLANE('',#5794);
#5794 = AXIS2_PLACEMENT_3D('',#5795,#5796,#5797);
#5795 = CARTESIAN_POINT('',(-1.5,-2.1,4.891926223421));
#5796 = DIRECTION('',(0.,-2.22044604925E-16,-1.));
#5797 = DIRECTION('',(0.,1.,-2.22044604925E-16));
#5798 = DEFINITIONAL_REPRESENTATION('',(#5799),#5803);
#5799 = LINE('',#5800,#5801);
#5800 = CARTESIAN_POINT('',(0.,0.2));
#5801 = VECTOR('',#5802,1.);
#5802 = DIRECTION('',(1.,0.));
#5803 = ( GEOMETRIC_REPRESENTATION_CONTEXT(2) 
PARAMETRIC_REPRESENTATION_CONTEXT() REPRESENTATION_CONTEXT('2D SPACE',''
  ) );
#5804 = ORIENTED_EDGE('',*,*,#5805,.F.);
#5805 = EDGE_CURVE('',#5214,#5778,#5806,.T.);
#5806 = SURFACE_CURVE('',#5807,(#5812,#5819),.PCURVE_S1.);
#5807 = CIRCLE('',#5808,0.2);
#5808 = AXIS2_PLACEMENT_3D('',#5809,#5810,#5811);
#5809 = CARTESIAN_POINT('',(-1.3,-2.1,5.091926223421));
#5810 = DIRECTION('',(3.299050841687E-33,-1.,2.22044604925E-16));
#5811 = DIRECTION('',(-0.707106781187,-1.570092458684E-16,
    -0.707106781187));
#5812 = PCURVE('',#5275,#5813);
#5813 = DEFINITIONAL_REPRESENTATION('',(#5814),#5818);
#5814 = LINE('',#5815,#5816);
#5815 = CARTESIAN_POINT('',(6.28318530718,0.));
#5816 = VECTOR('',#5817,1.);
#5817 = DIRECTION('',(-1.,0.));
#5818 = ( GEOMETRIC_REPRESENTATION_CONTEXT(2) 
PARAMETRIC_REPRESENTATION_CONTEXT() REPRESENTATION_CONTEXT('2D SPACE',''
  ) );
#5819 = PCURVE('',#2794,#5820);
#5820 = DEFINITIONAL_REPRESENTATION('',(#5821),#5825);
#5821 = CIRCLE('',#5822,0.2);
#5822 = AXIS2_PLACEMENT_2D('',#5823,#5824);
#5823 = CARTESIAN_POINT('',(-3.1,2.25));
#5824 = DIRECTION('',(-0.707106781187,-0.707106781187));
#5825 = ( GEOMETRIC_REPRESENTATION_CONTEXT(2) 
PARAMETRIC_REPRESENTATION_CONTEXT() REPRESENTATION_CONTEXT('2D SPACE',''
  ) );
#5826 = ORIENTED_EDGE('',*,*,#5236,.F.);
#5827 = ORIENTED_EDGE('',*,*,#5828,.T.);
#5828 = EDGE_CURVE('',#5237,#5684,#5829,.T.);
#5829 = SURFACE_CURVE('',#5830,(#5834,#5841),.PCURVE_S1.);
#5830 = LINE('',#5831,#5832);
#5831 = CARTESIAN_POINT('',(-1.441421356237,-2.099877319701,
    4.950504867184));
#5832 = VECTOR('',#5833,1.);
#5833 = DIRECTION('',(-8.803234E-12,1.,8.801902955395E-12));
#5834 = PCURVE('',#5275,#5835);
#5835 = DEFINITIONAL_REPRESENTATION('',(#5836),#5840);
#5836 = LINE('',#5837,#5838);
#5837 = CARTESIAN_POINT('',(6.28318530718,1.22680298771E-04));
#5838 = VECTOR('',#5839,1.);
#5839 = DIRECTION('',(0.,1.));
#5840 = ( GEOMETRIC_REPRESENTATION_CONTEXT(2) 
PARAMETRIC_REPRESENTATION_CONTEXT() REPRESENTATION_CONTEXT('2D SPACE',''
  ) );
#5841 = PCURVE('',#4802,#5842);
#5842 = DEFINITIONAL_REPRESENTATION('',(#5843),#5847);
#5843 = LINE('',#5844,#5845);
#5844 = CARTESIAN_POINT('',(0.,1.22680298771E-04));
#5845 = VECTOR('',#5846,1.);
#5846 = DIRECTION('',(0.,1.));
#5847 = ( GEOMETRIC_REPRESENTATION_CONTEXT(2) 
PARAMETRIC_REPRESENTATION_CONTEXT() REPRESENTATION_CONTEXT('2D SPACE',''
  ) );
#5848 = ADVANCED_FACE('',(#5849),#5864,.F.);
#5849 = FACE_BOUND('',#5850,.F.);
#5850 = EDGE_LOOP('',(#5851,#5886,#5954,#5977,#6051));
#5851 = ORIENTED_EDGE('',*,*,#5852,.F.);
#5852 = EDGE_CURVE('',#5853,#5855,#5857,.T.);
#5853 = VERTEX_POINT('',#5854);
#5854 = CARTESIAN_POINT('',(-1.49364916731,-1.9,5.041926223421));
#5855 = VERTEX_POINT('',#5856);
#5856 = CARTESIAN_POINT('',(-1.441421356237,-1.808578643763,
    5.041926223421));
#5857 = SURFACE_CURVE('',#5858,(#5863,#5875),.PCURVE_S1.);
#5858 = CIRCLE('',#5859,0.2);
#5859 = AXIS2_PLACEMENT_3D('',#5860,#5861,#5862);
#5860 = CARTESIAN_POINT('',(-1.3,-1.95,5.041926223421));
#5861 = DIRECTION('',(-3.299050841687E-33,-2.22044604925E-16,-1.));
#5862 = DIRECTION('',(-0.707106781187,0.707106781187,-1.570092458684E-16
    ));
#5863 = PCURVE('',#5864,#5869);
#5864 = CYLINDRICAL_SURFACE('',#5865,0.2);
#5865 = AXIS2_PLACEMENT_3D('',#5866,#5867,#5868);
#5866 = CARTESIAN_POINT('',(-1.3,-1.95,5.066926223421));
#5867 = DIRECTION('',(0.,-2.22044604925E-16,-1.));
#5868 = DIRECTION('',(-0.707106781187,0.707106781187,-1.570092458684E-16
    ));
#5869 = DEFINITIONAL_REPRESENTATION('',(#5870),#5874);
#5870 = LINE('',#5871,#5872);
#5871 = CARTESIAN_POINT('',(0.,2.5E-02));
#5872 = VECTOR('',#5873,1.);
#5873 = DIRECTION('',(1.,0.));
#5874 = ( GEOMETRIC_REPRESENTATION_CONTEXT(2) 
PARAMETRIC_REPRESENTATION_CONTEXT() REPRESENTATION_CONTEXT('2D SPACE',''
  ) );
#5875 = PCURVE('',#4527,#5876);
#5876 = DEFINITIONAL_REPRESENTATION('',(#5877),#5885);
#5877 = ( BOUNDED_CURVE() B_SPLINE_CURVE(2,(#5878,#5879,#5880,#5881,
#5882,#5883,#5884),.UNSPECIFIED.,.T.,.F.) B_SPLINE_CURVE_WITH_KNOTS((1,2
    ,2,2,2,1),(-2.094395102393,0.,2.094395102393,4.188790204786,
6.28318530718,8.377580409573),.UNSPECIFIED.) CURVE() 
GEOMETRIC_REPRESENTATION_ITEM() RATIONAL_B_SPLINE_CURVE((1.,0.5,1.,0.5,
1.,0.5,1.)) REPRESENTATION_ITEM('') );
#5878 = CARTESIAN_POINT('',(1.108578643763,-1.441421356237));
#5879 = CARTESIAN_POINT('',(0.863629669484,-1.196472381959));
#5880 = CARTESIAN_POINT('',(1.198236190979,-1.106814834742));
#5881 = CARTESIAN_POINT('',(1.532842712475,-1.017157287525));
#5882 = CARTESIAN_POINT('',(1.443185165258,-1.35176380902));
#5883 = CARTESIAN_POINT('',(1.353527618041,-1.686370330516));
#5884 = CARTESIAN_POINT('',(1.108578643763,-1.441421356237));
#5885 = ( GEOMETRIC_REPRESENTATION_CONTEXT(2) 
PARAMETRIC_REPRESENTATION_CONTEXT() REPRESENTATION_CONTEXT('2D SPACE',''
  ) );
#5886 = ORIENTED_EDGE('',*,*,#5887,.T.);
#5887 = EDGE_CURVE('',#5853,#5888,#5890,.T.);
#5888 = VERTEX_POINT('',#5889);
#5889 = CARTESIAN_POINT('',(-1.5,-1.95,5.091926223421));
#5890 = SURFACE_CURVE('',#5891,(#5896,#5925),.PCURVE_S1.);
#5891 = ELLIPSE('',#5892,0.282842712475,0.2);
#5892 = AXIS2_PLACEMENT_3D('',#5893,#5894,#5895);
#5893 = CARTESIAN_POINT('',(-1.3,-1.95,5.091926223421));
#5894 = DIRECTION('',(3.452151924626E-32,0.707106781187,0.707106781187)
  );
#5895 = DIRECTION('',(-1.471961999999E-16,0.707106781187,-0.707106781187
    ));
#5896 = PCURVE('',#5864,#5897);
#5897 = DEFINITIONAL_REPRESENTATION('',(#5898),#5924);
#5898 = B_SPLINE_CURVE_WITH_KNOTS('',3,(#5899,#5900,#5901,#5902,#5903,
    #5904,#5905,#5906,#5907,#5908,#5909,#5910,#5911,#5912,#5913,#5914,
    #5915,#5916,#5917,#5918,#5919,#5920,#5921,#5922,#5923),
  .UNSPECIFIED.,.F.,.F.,(4,1,1,1,1,1,1,1,1,1,1,1,1,1,1,1,1,1,1,1,1,1,4),
  (1.318116071653,1.329601537796,1.341087003938,1.352572470081,
    1.364057936224,1.375543402367,1.38702886851,1.398514334653,
    1.409999800795,1.421485266938,1.432970733081,1.444456199224,
    1.455941665367,1.46742713151,1.478912597652,1.490398063795,
    1.501883529938,1.513368996081,1.524854462224,1.536339928366,
    1.547825394509,1.559310860652,1.570796326795),.UNSPECIFIED.);
#5899 = CARTESIAN_POINT('',(5.750467398924,2.5E-02));
#5900 = CARTESIAN_POINT('',(5.74663891021,2.425861641705E-02));
#5901 = CARTESIAN_POINT('',(5.738981932781,2.277365039062E-02));
#5902 = CARTESIAN_POINT('',(5.727496466639,2.053989950552E-02));
#5903 = CARTESIAN_POINT('',(5.716011000496,1.830014119699E-02));
#5904 = CARTESIAN_POINT('',(5.704525534353,1.605467098646E-02));
#5905 = CARTESIAN_POINT('',(5.69304006821,1.380378506658E-02));
#5906 = CARTESIAN_POINT('',(5.681554602067,1.154778036646E-02));
#5907 = CARTESIAN_POINT('',(5.670069135924,9.286954484557E-03));
#5908 = CARTESIAN_POINT('',(5.658583669782,7.021605656867E-03));
#5909 = CARTESIAN_POINT('',(5.647098203639,4.752032715623E-03));
#5910 = CARTESIAN_POINT('',(5.635612737496,2.478535050389E-03));
#5911 = CARTESIAN_POINT('',(5.624127271353,2.014125684263E-04));
#5912 = CARTESIAN_POINT('',(5.61264180521,-2.07903434483E-03));
#5913 = CARTESIAN_POINT('',(5.601156339068,-4.362504865406E-03));
#5914 = CARTESIAN_POINT('',(5.589670872925,-6.648697770471E-03));
#5915 = CARTESIAN_POINT('',(5.578185406782,-8.937311478071E-03));
#5916 = CARTESIAN_POINT('',(5.566699940639,-1.122804408691E-02));
#5917 = CARTESIAN_POINT('',(5.555214474496,-1.35205934162E-02));
#5918 = CARTESIAN_POINT('',(5.543729008353,-1.581465704541E-02));
#5919 = CARTESIAN_POINT('',(5.532243542211,-1.810993235459E-02));
#5920 = CARTESIAN_POINT('',(5.520758076068,-2.040611656267E-02));
#5921 = CARTESIAN_POINT('',(5.509272609925,-2.270290677355E-02));
#5922 = CARTESIAN_POINT('',(5.501615632496,-2.423430225315E-02));
#5923 = CARTESIAN_POINT('',(5.497787143782,-2.5E-02));
#5924 = ( GEOMETRIC_REPRESENTATION_CONTEXT(2) 
PARAMETRIC_REPRESENTATION_CONTEXT() REPRESENTATION_CONTEXT('2D SPACE',''
  ) );
#5925 = PCURVE('',#4802,#5926);
#5926 = DEFINITIONAL_REPRESENTATION('',(#5927),#5953);
#5927 = B_SPLINE_CURVE_WITH_KNOTS('',3,(#5928,#5929,#5930,#5931,#5932,
    #5933,#5934,#5935,#5936,#5937,#5938,#5939,#5940,#5941,#5942,#5943,
    #5944,#5945,#5946,#5947,#5948,#5949,#5950,#5951,#5952),
  .UNSPECIFIED.,.F.,.F.,(4,1,1,1,1,1,1,1,1,1,1,1,1,1,1,1,1,1,1,1,1,1,4),
  (1.318116071653,1.329601537796,1.341087003938,1.352572470081,
    1.364057936224,1.375543402367,1.38702886851,1.398514334653,
    1.409999800795,1.421485266938,1.432970733081,1.444456199224,
    1.455941665367,1.46742713151,1.478912597652,1.490398063795,
    1.501883529938,1.513368996081,1.524854462224,1.536339928366,
    1.547825394509,1.559310860652,1.570796326795),.UNSPECIFIED.);
#5928 = CARTESIAN_POINT('',(0.532717908255,0.2));
#5929 = CARTESIAN_POINT('',(0.53654639697,0.199258616417));
#5930 = CARTESIAN_POINT('',(0.544203374398,0.197773650391));
#5931 = CARTESIAN_POINT('',(0.555688840541,0.195539899506));
#5932 = CARTESIAN_POINT('',(0.567174306684,0.193300141197));
#5933 = CARTESIAN_POINT('',(0.578659772827,0.191054670986));
#5934 = CARTESIAN_POINT('',(0.590145238969,0.188803785067));
#5935 = CARTESIAN_POINT('',(0.601630705112,0.186547780366));
#5936 = CARTESIAN_POINT('',(0.613116171255,0.184286954485));
#5937 = CARTESIAN_POINT('',(0.624601637398,0.182021605657));
#5938 = CARTESIAN_POINT('',(0.636087103541,0.179752032716));
#5939 = CARTESIAN_POINT('',(0.647572569684,0.17747853505));
#5940 = CARTESIAN_POINT('',(0.659058035826,0.175201412568));
#5941 = CARTESIAN_POINT('',(0.670543501969,0.172920965655));
#5942 = CARTESIAN_POINT('',(0.682028968112,0.170637495135));
#5943 = CARTESIAN_POINT('',(0.693514434255,0.16835130223));
#5944 = CARTESIAN_POINT('',(0.704999900398,0.166062688522));
#5945 = CARTESIAN_POINT('',(0.716485366541,0.163771955913));
#5946 = CARTESIAN_POINT('',(0.727970832683,0.161479406584));
#5947 = CARTESIAN_POINT('',(0.739456298826,0.159185342955));
#5948 = CARTESIAN_POINT('',(0.750941764969,0.156890067645));
#5949 = CARTESIAN_POINT('',(0.762427231112,0.154593883437));
#5950 = CARTESIAN_POINT('',(0.773912697255,0.152297093226));
#5951 = CARTESIAN_POINT('',(0.781569674683,0.150765697747));
#5952 = CARTESIAN_POINT('',(0.785398163397,0.15));
#5953 = ( GEOMETRIC_REPRESENTATION_CONTEXT(2) 
PARAMETRIC_REPRESENTATION_CONTEXT() REPRESENTATION_CONTEXT('2D SPACE',''
  ) );
#5954 = ORIENTED_EDGE('',*,*,#5955,.F.);
#5955 = EDGE_CURVE('',#5956,#5888,#5958,.T.);
#5956 = VERTEX_POINT('',#5957);
#5957 = CARTESIAN_POINT('',(-1.5,-1.95,5.201733844557));
#5958 = SURFACE_CURVE('',#5959,(#5963,#5970),.PCURVE_S1.);
#5959 = LINE('',#5960,#5961);
#5960 = CARTESIAN_POINT('',(-1.5,-1.95,5.201733844557));
#5961 = VECTOR('',#5962,1.);
#5962 = DIRECTION('',(0.,-2.22044604925E-16,-1.));
#5963 = PCURVE('',#5864,#5964);
#5964 = DEFINITIONAL_REPRESENTATION('',(#5965),#5969);
#5965 = LINE('',#5966,#5967);
#5966 = CARTESIAN_POINT('',(5.497787143782,-0.134807621135));
#5967 = VECTOR('',#5968,1.);
#5968 = DIRECTION('',(0.,1.));
#5969 = ( GEOMETRIC_REPRESENTATION_CONTEXT(2) 
PARAMETRIC_REPRESENTATION_CONTEXT() REPRESENTATION_CONTEXT('2D SPACE',''
  ) );
#5970 = PCURVE('',#5398,#5971);
#5971 = DEFINITIONAL_REPRESENTATION('',(#5972),#5976);
#5972 = LINE('',#5973,#5974);
#5973 = CARTESIAN_POINT('',(-0.15,-4.0192378864E-02));
#5974 = VECTOR('',#5975,1.);
#5975 = DIRECTION('',(0.,-1.));
#5976 = ( GEOMETRIC_REPRESENTATION_CONTEXT(2) 
PARAMETRIC_REPRESENTATION_CONTEXT() REPRESENTATION_CONTEXT('2D SPACE',''
  ) );
#5977 = ORIENTED_EDGE('',*,*,#5978,.F.);
#5978 = EDGE_CURVE('',#5979,#5956,#5981,.T.);
#5979 = VERTEX_POINT('',#5980);
#5980 = CARTESIAN_POINT('',(-1.441421356237,-1.808578643763,
    5.241803543123));
#5981 = SURFACE_CURVE('',#5982,(#5993,#6022),.PCURVE_S1.);
#5982 = B_SPLINE_CURVE_WITH_KNOTS('',3,(#5983,#5984,#5985,#5986,#5987,
    #5988,#5989,#5990,#5991,#5992),.UNSPECIFIED.,.F.,.F.,(4,2,2,2,4),(
    0.771187757405,0.795031347428,0.85238400707,0.914379383021,
    0.926886382193),.UNSPECIFIED.);
#5983 = CARTESIAN_POINT('',(-1.441421356237,-1.808578643763,
    5.241803543123));
#5984 = CARTESIAN_POINT('',(-1.447393166901,-1.814550454427,
    5.241632706474));
#5985 = CARTESIAN_POINT('',(-1.453045608452,-1.820967656987,
    5.241268855423));
#5986 = CARTESIAN_POINT('',(-1.470753068437,-1.843878732821,
    5.239144666075));
#5987 = CARTESIAN_POINT('',(-1.480535491217,-1.861966587634,
    5.236005727463));
#5988 = CARTESIAN_POINT('',(-1.494160259832,-1.898014337058,
    5.226127116592));
#5989 = CARTESIAN_POINT('',(-1.498498739608,-1.918615050673,
    5.21836756573));
#5990 = CARTESIAN_POINT('',(-1.499887534559,-1.942208043725,
    5.206117041675));
#5991 = CARTESIAN_POINT('',(-1.5,-1.946132252631,5.203966889541));
#5992 = CARTESIAN_POINT('',(-1.5,-1.95,5.201733844557));
#5993 = PCURVE('',#5864,#5994);
#5994 = DEFINITIONAL_REPRESENTATION('',(#5995),#6021);
#5995 = B_SPLINE_CURVE_WITH_KNOTS('',3,(#5996,#5997,#5998,#5999,#6000,
    #6001,#6002,#6003,#6004,#6005,#6006,#6007,#6008,#6009,#6010,#6011,
    #6012,#6013,#6014,#6015,#6016,#6017,#6018,#6019,#6020),
  .UNSPECIFIED.,.F.,.F.,(4,1,1,1,1,1,1,1,1,1,1,1,1,1,1,1,1,1,1,1,1,1,4),
  (0.771187757405,0.778264967623,0.78534217784,0.792419388058,
    0.799496598276,0.806573808493,0.813651018711,0.820728228928,
    0.827805439146,0.834882649364,0.841959859581,0.849037069799,
    0.856114280017,0.863191490234,0.870268700452,0.87734591067,
    0.884423120887,0.891500331105,0.898577541322,0.90565475154,
    0.912731961758,0.919809171975,0.926886382193),
  .QUASI_UNIFORM_KNOTS.);
#5996 = CARTESIAN_POINT('',(6.28318530718,-0.174877319702));
#5997 = CARTESIAN_POINT('',(6.270651556735,-0.174826612284));
#5998 = CARTESIAN_POINT('',(6.245505439818,-0.174691201362));
#5999 = CARTESIAN_POINT('',(6.207645302048,-0.174375477434));
#6000 = CARTESIAN_POINT('',(6.169738848483,-0.173937010564));
#6001 = CARTESIAN_POINT('',(6.131881562546,-0.173363971763));
#6002 = CARTESIAN_POINT('',(6.094144036835,-0.172638853847));
#6003 = CARTESIAN_POINT('',(6.05660977152,-0.171765289862));
#6004 = CARTESIAN_POINT('',(6.019369148866,-0.170742732668));
#6005 = CARTESIAN_POINT('',(5.982519136268,-0.169571787454));
#6006 = CARTESIAN_POINT('',(5.946158094452,-0.168252630271));
#6007 = CARTESIAN_POINT('',(5.910396921216,-0.166786001408));
#6008 = CARTESIAN_POINT('',(5.875309977543,-0.16517081333));
#6009 = CARTESIAN_POINT('',(5.841111170254,-0.163412725563));
#6010 = CARTESIAN_POINT('',(5.806522929553,-0.161443631541));
#6011 = CARTESIAN_POINT('',(5.771782869764,-0.159273404409));
#6012 = CARTESIAN_POINT('',(5.736935250454,-0.156901591124));
#6013 = CARTESIAN_POINT('',(5.702080090545,-0.154330503096));
#6014 = CARTESIAN_POINT('',(5.667304769537,-0.151561720118));
#6015 = CARTESIAN_POINT('',(5.632700927904,-0.148596983998));
#6016 = CARTESIAN_POINT('',(5.598357487108,-0.145438120097));
#6017 = CARTESIAN_POINT('',(5.564363991155,-0.142086457548));
#6018 = CARTESIAN_POINT('',(5.530796935949,-0.138545226847));
#6019 = CARTESIAN_POINT('',(5.508732285066,-0.136070800797));
#6020 = CARTESIAN_POINT('',(5.497787143782,-0.134807621136));
#6021 = ( GEOMETRIC_REPRESENTATION_CONTEXT(2) 
PARAMETRIC_REPRESENTATION_CONTEXT() REPRESENTATION_CONTEXT('2D SPACE',''
  ) );
#6022 = PCURVE('',#5173,#6023);
#6023 = DEFINITIONAL_REPRESENTATION('',(#6024),#6050);
#6024 = B_SPLINE_CURVE_WITH_KNOTS('',3,(#6025,#6026,#6027,#6028,#6029,
    #6030,#6031,#6032,#6033,#6034,#6035,#6036,#6037,#6038,#6039,#6040,
    #6041,#6042,#6043,#6044,#6045,#6046,#6047,#6048,#6049),
  .UNSPECIFIED.,.F.,.F.,(4,1,1,1,1,1,1,1,1,1,1,1,1,1,1,1,1,1,1,1,1,1,4),
  (0.771187757405,0.778264967623,0.78534217784,0.792419388058,
    0.799496598276,0.806573808493,0.813651018711,0.820728228928,
    0.827805439146,0.834882649364,0.841959859581,0.849037069799,
    0.856114280017,0.863191490234,0.870268700452,0.87734591067,
    0.884423120887,0.891500331105,0.898577541322,0.90565475154,
    0.912731961758,0.919809171975,0.926886382193),
  .QUASI_UNIFORM_KNOTS.);
#6025 = CARTESIAN_POINT('',(5.526386521521,-1.163921356237));
#6026 = CARTESIAN_POINT('',(5.532297525578,-1.165693898015));
#6027 = CARTESIAN_POINT('',(5.544383797271,-1.169182725891));
#6028 = CARTESIAN_POINT('',(5.563244777692,-1.174226139957));
#6029 = CARTESIAN_POINT('',(5.582774117601,-1.179059306554));
#6030 = CARTESIAN_POINT('',(5.60291558802,-1.183659562493));
#6031 = CARTESIAN_POINT('',(5.6236317452,-1.188004747248));
#6032 = CARTESIAN_POINT('',(5.64482283245,-1.192092236608));
#6033 = CARTESIAN_POINT('',(5.666401075323,-1.195915455182));
#6034 = CARTESIAN_POINT('',(5.688275040736,-1.199468839131));
#6035 = CARTESIAN_POINT('',(5.710356391391,-1.202746729586));
#6036 = CARTESIAN_POINT('',(5.73255103581,-1.205742836238));
#6037 = CARTESIAN_POINT('',(5.754790532043,-1.208453489574));
#6038 = CARTESIAN_POINT('',(5.776918162535,-1.210865168341));
#6039 = CARTESIAN_POINT('',(5.799741223876,-1.213069244745));
#6040 = CARTESIAN_POINT('',(5.823089033573,-1.215050795539));
#6041 = CARTESIAN_POINT('',(5.846918952896,-1.216808796215));
#6042 = CARTESIAN_POINT('',(5.871154469448,-1.218338493509));
#6043 = CARTESIAN_POINT('',(5.895729070844,-1.219636150451));
#6044 = CARTESIAN_POINT('',(5.920574990166,-1.22069769364));
#6045 = CARTESIAN_POINT('',(5.945626932337,-1.221519379112));
#6046 = CARTESIAN_POINT('',(5.970821166713,-1.222096481586));
#6047 = CARTESIAN_POINT('',(5.996098237379,-1.222427871606));
#6048 = CARTESIAN_POINT('',(6.012961701395,-1.222499226784));
#6049 = CARTESIAN_POINT('',(6.021385919379,-1.2225));
#6050 = ( GEOMETRIC_REPRESENTATION_CONTEXT(2) 
PARAMETRIC_REPRESENTATION_CONTEXT() REPRESENTATION_CONTEXT('2D SPACE',''
  ) );
#6051 = ORIENTED_EDGE('',*,*,#6052,.T.);
#6052 = EDGE_CURVE('',#5979,#5855,#6053,.T.);
#6053 = SURFACE_CURVE('',#6054,(#6058,#6065),.PCURVE_S1.);
#6054 = LINE('',#6055,#6056);
#6055 = CARTESIAN_POINT('',(-1.441421356237,-1.808578643763,
    5.241803543123));
#6056 = VECTOR('',#6057,1.);
#6057 = DIRECTION('',(0.,-2.22044604925E-16,-1.));
#6058 = PCURVE('',#5864,#6059);
#6059 = DEFINITIONAL_REPRESENTATION('',(#6060),#6064);
#6060 = LINE('',#6061,#6062);
#6061 = CARTESIAN_POINT('',(6.28318530718,-0.174877319701));
#6062 = VECTOR('',#6063,1.);
#6063 = DIRECTION('',(0.,1.));
#6064 = ( GEOMETRIC_REPRESENTATION_CONTEXT(2) 
PARAMETRIC_REPRESENTATION_CONTEXT() REPRESENTATION_CONTEXT('2D SPACE',''
  ) );
#6065 = PCURVE('',#6066,#6071);
#6066 = CYLINDRICAL_SURFACE('',#6067,0.2);
#6067 = AXIS2_PLACEMENT_3D('',#6068,#6069,#6070);
#6068 = CARTESIAN_POINT('',(-1.3,-1.95,5.066926223421));
#6069 = DIRECTION('',(0.,-2.22044604925E-16,-1.));
#6070 = DIRECTION('',(-0.707106781187,0.707106781187,-1.570092458684E-16
    ));
#6071 = DEFINITIONAL_REPRESENTATION('',(#6072),#6076);
#6072 = LINE('',#6073,#6074);
#6073 = CARTESIAN_POINT('',(0.,-0.174877319701));
#6074 = VECTOR('',#6075,1.);
#6075 = DIRECTION('',(0.,1.));
#6076 = ( GEOMETRIC_REPRESENTATION_CONTEXT(2) 
PARAMETRIC_REPRESENTATION_CONTEXT() REPRESENTATION_CONTEXT('2D SPACE',''
  ) );
#6077 = ADVANCED_FACE('',(#6078),#5087,.F.);
#6078 = FACE_BOUND('',#6079,.F.);
#6079 = EDGE_LOOP('',(#6080,#6156,#6179,#6247,#6270,#6340,#6341));
#6080 = ORIENTED_EDGE('',*,*,#6081,.F.);
#6081 = EDGE_CURVE('',#6082,#6084,#6086,.T.);
#6082 = VERTEX_POINT('',#6083);
#6083 = CARTESIAN_POINT('',(1.5,-1.95,5.201733844557));
#6084 = VERTEX_POINT('',#6085);
#6085 = CARTESIAN_POINT('',(1.441421356237,-1.808578643763,
    5.241803543123));
#6086 = SURFACE_CURVE('',#6087,(#6098,#6127),.PCURVE_S1.);
#6087 = B_SPLINE_CURVE_WITH_KNOTS('',3,(#6088,#6089,#6090,#6091,#6092,
    #6093,#6094,#6095,#6096,#6097),.UNSPECIFIED.,.F.,.F.,(4,2,2,2,4),(
    1.5582608402,1.570767839372,1.632763215323,1.690115874965,
    1.713959464989),.UNSPECIFIED.);
#6088 = CARTESIAN_POINT('',(1.5,-1.95,5.201733844557));
#6089 = CARTESIAN_POINT('',(1.5,-1.946132252631,5.203966889541));
#6090 = CARTESIAN_POINT('',(1.499887534559,-1.942208043725,
    5.206117041675));
#6091 = CARTESIAN_POINT('',(1.498498739608,-1.918615050673,5.21836756573
    ));
#6092 = CARTESIAN_POINT('',(1.494160259832,-1.898014337058,
    5.226127116592));
#6093 = CARTESIAN_POINT('',(1.480535491218,-1.861966587634,
    5.236005727463));
#6094 = CARTESIAN_POINT('',(1.470753068438,-1.843878732821,
    5.239144666075));
#6095 = CARTESIAN_POINT('',(1.453045608452,-1.820967656987,
    5.241268855423));
#6096 = CARTESIAN_POINT('',(1.447393166901,-1.814550454427,
    5.241632706474));
#6097 = CARTESIAN_POINT('',(1.441421356237,-1.808578643763,
    5.241803543123));
#6098 = PCURVE('',#5087,#6099);
#6099 = DEFINITIONAL_REPRESENTATION('',(#6100),#6126);
#6100 = B_SPLINE_CURVE_WITH_KNOTS('',3,(#6101,#6102,#6103,#6104,#6105,
    #6106,#6107,#6108,#6109,#6110,#6111,#6112,#6113,#6114,#6115,#6116,
    #6117,#6118,#6119,#6120,#6121,#6122,#6123,#6124,#6125),
  .UNSPECIFIED.,.F.,.F.,(4,1,1,1,1,1,1,1,1,1,1,1,1,1,1,1,1,1,1,1,1,1,4),
  (1.5582608402,1.565338050418,1.572415260636,1.579492470853,
    1.586569681071,1.593646891289,1.600724101506,1.607801311724,
    1.614878521942,1.621955732159,1.629032942377,1.636110152595,
    1.643187362812,1.65026457303,1.657341783247,1.664418993465,
    1.671496203683,1.6785734139,1.685650624118,1.692727834336,
    1.699805044553,1.706882254771,1.713959464989),.UNSPECIFIED.);
#6101 = CARTESIAN_POINT('',(5.497787143782,0.309807621135));
#6102 = CARTESIAN_POINT('',(5.508732285066,0.311070800797));
#6103 = CARTESIAN_POINT('',(5.53079693595,0.313545226847));
#6104 = CARTESIAN_POINT('',(5.564363991157,0.317086457548));
#6105 = CARTESIAN_POINT('',(5.598357487111,0.320438120097));
#6106 = CARTESIAN_POINT('',(5.632700927907,0.323596983998));
#6107 = CARTESIAN_POINT('',(5.66730476954,0.326561720118));
#6108 = CARTESIAN_POINT('',(5.702080090549,0.329330503097));
#6109 = CARTESIAN_POINT('',(5.736935250458,0.331901591124));
#6110 = CARTESIAN_POINT('',(5.771782869768,0.334273404409));
#6111 = CARTESIAN_POINT('',(5.806522929557,0.336443631542));
#6112 = CARTESIAN_POINT('',(5.841111170258,0.338412725563));
#6113 = CARTESIAN_POINT('',(5.875309977547,0.34017081333));
#6114 = CARTESIAN_POINT('',(5.91039692122,0.341786001409));
#6115 = CARTESIAN_POINT('',(5.946158094455,0.343252630272));
#6116 = CARTESIAN_POINT('',(5.982519136272,0.344571787455));
#6117 = CARTESIAN_POINT('',(6.019369148869,0.345742732668));
#6118 = CARTESIAN_POINT('',(6.056609771523,0.346765289862));
#6119 = CARTESIAN_POINT('',(6.094144036837,0.347638853847));
#6120 = CARTESIAN_POINT('',(6.131881562548,0.348363971762));
#6121 = CARTESIAN_POINT('',(6.169738848485,0.348937010564));
#6122 = CARTESIAN_POINT('',(6.20764530205,0.349375477433));
#6123 = CARTESIAN_POINT('',(6.245505439819,0.349691201361));
#6124 = CARTESIAN_POINT('',(6.270651556736,0.349826612284));
#6125 = CARTESIAN_POINT('',(6.28318530718,0.349877319701));
#6126 = ( GEOMETRIC_REPRESENTATION_CONTEXT(2) 
PARAMETRIC_REPRESENTATION_CONTEXT() REPRESENTATION_CONTEXT('2D SPACE',''
  ) );
#6127 = PCURVE('',#5436,#6128);
#6128 = DEFINITIONAL_REPRESENTATION('',(#6129),#6155);
#6129 = B_SPLINE_CURVE_WITH_KNOTS('',3,(#6130,#6131,#6132,#6133,#6134,
    #6135,#6136,#6137,#6138,#6139,#6140,#6141,#6142,#6143,#6144,#6145,
    #6146,#6147,#6148,#6149,#6150,#6151,#6152,#6153,#6154),
  .UNSPECIFIED.,.F.,.F.,(4,1,1,1,1,1,1,1,1,1,1,1,1,1,1,1,1,1,1,1,1,1,4),
  (1.5582608402,1.565338050418,1.572415260635,1.579492470853,
    1.586569681071,1.593646891288,1.600724101506,1.607801311724,
    1.614878521941,1.621955732159,1.629032942377,1.636110152595,
    1.643187362812,1.65026457303,1.657341783248,1.664418993465,
    1.671496203683,1.678573413901,1.685650624118,1.692727834336,
    1.699805044554,1.706882254771,1.713959464989),
  .QUASI_UNIFORM_KNOTS.);
#6130 = CARTESIAN_POINT('',(6.021385919379,1.7775));
#6131 = CARTESIAN_POINT('',(6.012961701395,1.777499226784));
#6132 = CARTESIAN_POINT('',(5.996098237379,1.777427871606));
#6133 = CARTESIAN_POINT('',(5.970821166712,1.777096481586));
#6134 = CARTESIAN_POINT('',(5.945626932337,1.776519379112));
#6135 = CARTESIAN_POINT('',(5.920574990166,1.77569769364));
#6136 = CARTESIAN_POINT('',(5.895729070843,1.774636150451));
#6137 = CARTESIAN_POINT('',(5.871154469447,1.773338493509));
#6138 = CARTESIAN_POINT('',(5.846918952895,1.771808796215));
#6139 = CARTESIAN_POINT('',(5.823089033572,1.770050795539));
#6140 = CARTESIAN_POINT('',(5.799741223874,1.768069244745));
#6141 = CARTESIAN_POINT('',(5.776918162533,1.765865168341));
#6142 = CARTESIAN_POINT('',(5.754790532041,1.763453489575));
#6143 = CARTESIAN_POINT('',(5.732551035808,1.760742836239));
#6144 = CARTESIAN_POINT('',(5.71035639139,1.757746729586));
#6145 = CARTESIAN_POINT('',(5.688275040734,1.754468839131));
#6146 = CARTESIAN_POINT('',(5.666401075321,1.750915455183));
#6147 = CARTESIAN_POINT('',(5.644822832448,1.747092236608));
#6148 = CARTESIAN_POINT('',(5.623631745198,1.743004747248));
#6149 = CARTESIAN_POINT('',(5.602915588018,1.738659562493));
#6150 = CARTESIAN_POINT('',(5.582774117599,1.734059306554));
#6151 = CARTESIAN_POINT('',(5.563244777691,1.729226139957));
#6152 = CARTESIAN_POINT('',(5.54438379727,1.724182725891));
#6153 = CARTESIAN_POINT('',(5.532297525578,1.720693898015));
#6154 = CARTESIAN_POINT('',(5.526386521521,1.718921356237));
#6155 = ( GEOMETRIC_REPRESENTATION_CONTEXT(2) 
PARAMETRIC_REPRESENTATION_CONTEXT() REPRESENTATION_CONTEXT('2D SPACE',''
  ) );
#6156 = ORIENTED_EDGE('',*,*,#6157,.F.);
#6157 = EDGE_CURVE('',#6158,#6082,#6160,.T.);
#6158 = VERTEX_POINT('',#6159);
#6159 = CARTESIAN_POINT('',(1.5,-1.95,5.091926223421));
#6160 = SURFACE_CURVE('',#6161,(#6165,#6172),.PCURVE_S1.);
#6161 = LINE('',#6162,#6163);
#6162 = CARTESIAN_POINT('',(1.5,-1.95,5.091926223421));
#6163 = VECTOR('',#6164,1.);
#6164 = DIRECTION('',(0.,2.22044604925E-16,1.));
#6165 = PCURVE('',#5087,#6166);
#6166 = DEFINITIONAL_REPRESENTATION('',(#6167),#6171);
#6167 = LINE('',#6168,#6169);
#6168 = CARTESIAN_POINT('',(5.497787143782,0.2));
#6169 = VECTOR('',#6170,1.);
#6170 = DIRECTION('',(0.,1.));
#6171 = ( GEOMETRIC_REPRESENTATION_CONTEXT(2) 
PARAMETRIC_REPRESENTATION_CONTEXT() REPRESENTATION_CONTEXT('2D SPACE',''
  ) );
#6172 = PCURVE('',#5465,#6173);
#6173 = DEFINITIONAL_REPRESENTATION('',(#6174),#6178);
#6174 = LINE('',#6175,#6176);
#6175 = CARTESIAN_POINT('',(0.15,0.2));
#6176 = VECTOR('',#6177,1.);
#6177 = DIRECTION('',(0.,1.));
#6178 = ( GEOMETRIC_REPRESENTATION_CONTEXT(2) 
PARAMETRIC_REPRESENTATION_CONTEXT() REPRESENTATION_CONTEXT('2D SPACE',''
  ) );
#6179 = ORIENTED_EDGE('',*,*,#6180,.F.);
#6180 = EDGE_CURVE('',#6181,#6158,#6183,.T.);
#6181 = VERTEX_POINT('',#6182);
#6182 = CARTESIAN_POINT('',(1.493649167311,-1.9,5.041926223421));
#6183 = SURFACE_CURVE('',#6184,(#6189,#6218),.PCURVE_S1.);
#6184 = ELLIPSE('',#6185,0.282842712475,0.2);
#6185 = AXIS2_PLACEMENT_3D('',#6186,#6187,#6188);
#6186 = CARTESIAN_POINT('',(1.3,-1.95,5.091926223421));
#6187 = DIRECTION('',(-1.800612296823E-31,-0.707106781187,
    -0.707106781187));
#6188 = DIRECTION('',(-1.275699999999E-15,0.707106781187,-0.707106781187
    ));
#6189 = PCURVE('',#5087,#6190);
#6190 = DEFINITIONAL_REPRESENTATION('',(#6191),#6217);
#6191 = B_SPLINE_CURVE_WITH_KNOTS('',3,(#6192,#6193,#6194,#6195,#6196,
    #6197,#6198,#6199,#6200,#6201,#6202,#6203,#6204,#6205,#6206,#6207,
    #6208,#6209,#6210,#6211,#6212,#6213,#6214,#6215,#6216),
  .UNSPECIFIED.,.F.,.F.,(4,1,1,1,1,1,1,1,1,1,1,1,1,1,1,1,1,1,1,1,1,1,4),
  (1.318116071653,1.329601537796,1.341087003938,1.352572470081,
    1.364057936224,1.375543402367,1.38702886851,1.398514334653,
    1.409999800795,1.421485266938,1.432970733081,1.444456199224,
    1.455941665367,1.467427131509,1.478912597652,1.490398063795,
    1.501883529938,1.513368996081,1.524854462224,1.536339928366,
    1.547825394509,1.559310860652,1.570796326795),.UNSPECIFIED.);
#6192 = CARTESIAN_POINT('',(5.750467398924,0.15));
#6193 = CARTESIAN_POINT('',(5.74663891021,0.150741383583));
#6194 = CARTESIAN_POINT('',(5.738981932781,0.152226349609));
#6195 = CARTESIAN_POINT('',(5.727496466639,0.154460100494));
#6196 = CARTESIAN_POINT('',(5.716011000496,0.156699858803));
#6197 = CARTESIAN_POINT('',(5.704525534353,0.158945329014));
#6198 = CARTESIAN_POINT('',(5.69304006821,0.161196214933));
#6199 = CARTESIAN_POINT('',(5.681554602067,0.163452219634));
#6200 = CARTESIAN_POINT('',(5.670069135924,0.165713045515));
#6201 = CARTESIAN_POINT('',(5.658583669782,0.167978394343));
#6202 = CARTESIAN_POINT('',(5.647098203639,0.170247967284));
#6203 = CARTESIAN_POINT('',(5.635612737496,0.17252146495));
#6204 = CARTESIAN_POINT('',(5.624127271353,0.174798587432));
#6205 = CARTESIAN_POINT('',(5.61264180521,0.177079034345));
#6206 = CARTESIAN_POINT('',(5.601156339068,0.179362504865));
#6207 = CARTESIAN_POINT('',(5.589670872925,0.18164869777));
#6208 = CARTESIAN_POINT('',(5.578185406782,0.183937311478));
#6209 = CARTESIAN_POINT('',(5.566699940639,0.186228044087));
#6210 = CARTESIAN_POINT('',(5.555214474496,0.188520593416));
#6211 = CARTESIAN_POINT('',(5.543729008353,0.190814657045));
#6212 = CARTESIAN_POINT('',(5.532243542211,0.193109932355));
#6213 = CARTESIAN_POINT('',(5.520758076068,0.195406116563));
#6214 = CARTESIAN_POINT('',(5.509272609925,0.197702906774));
#6215 = CARTESIAN_POINT('',(5.501615632496,0.199234302253));
#6216 = CARTESIAN_POINT('',(5.497787143782,0.2));
#6217 = ( GEOMETRIC_REPRESENTATION_CONTEXT(2) 
PARAMETRIC_REPRESENTATION_CONTEXT() REPRESENTATION_CONTEXT('2D SPACE',''
  ) );
#6218 = PCURVE('',#5522,#6219);
#6219 = DEFINITIONAL_REPRESENTATION('',(#6220),#6246);
#6220 = B_SPLINE_CURVE_WITH_KNOTS('',3,(#6221,#6222,#6223,#6224,#6225,
    #6226,#6227,#6228,#6229,#6230,#6231,#6232,#6233,#6234,#6235,#6236,
    #6237,#6238,#6239,#6240,#6241,#6242,#6243,#6244,#6245),
  .UNSPECIFIED.,.F.,.F.,(4,1,1,1,1,1,1,1,1,1,1,1,1,1,1,1,1,1,1,1,1,1,4),
  (1.318116071653,1.329601537796,1.341087003938,1.352572470081,
    1.364057936224,1.375543402367,1.38702886851,1.398514334653,
    1.409999800795,1.421485266938,1.432970733081,1.444456199224,
    1.455941665367,1.467427131509,1.478912597652,1.490398063795,
    1.501883529938,1.513368996081,1.524854462224,1.536339928366,
    1.547825394509,1.559310860652,1.570796326795),.UNSPECIFIED.);
#6221 = CARTESIAN_POINT('',(5.750467398924,0.2));
#6222 = CARTESIAN_POINT('',(5.74663891021,0.199258616417));
#6223 = CARTESIAN_POINT('',(5.738981932781,0.197773650391));
#6224 = CARTESIAN_POINT('',(5.727496466639,0.195539899506));
#6225 = CARTESIAN_POINT('',(5.716011000496,0.193300141197));
#6226 = CARTESIAN_POINT('',(5.704525534353,0.191054670986));
#6227 = CARTESIAN_POINT('',(5.69304006821,0.188803785067));
#6228 = CARTESIAN_POINT('',(5.681554602067,0.186547780366));
#6229 = CARTESIAN_POINT('',(5.670069135924,0.184286954485));
#6230 = CARTESIAN_POINT('',(5.658583669782,0.182021605657));
#6231 = CARTESIAN_POINT('',(5.647098203639,0.179752032716));
#6232 = CARTESIAN_POINT('',(5.635612737496,0.17747853505));
#6233 = CARTESIAN_POINT('',(5.624127271353,0.175201412568));
#6234 = CARTESIAN_POINT('',(5.61264180521,0.172920965655));
#6235 = CARTESIAN_POINT('',(5.601156339068,0.170637495135));
#6236 = CARTESIAN_POINT('',(5.589670872925,0.16835130223));
#6237 = CARTESIAN_POINT('',(5.578185406782,0.166062688522));
#6238 = CARTESIAN_POINT('',(5.566699940639,0.163771955913));
#6239 = CARTESIAN_POINT('',(5.555214474496,0.161479406584));
#6240 = CARTESIAN_POINT('',(5.543729008353,0.159185342955));
#6241 = CARTESIAN_POINT('',(5.532243542211,0.156890067645));
#6242 = CARTESIAN_POINT('',(5.520758076068,0.154593883437));
#6243 = CARTESIAN_POINT('',(5.509272609925,0.152297093226));
#6244 = CARTESIAN_POINT('',(5.501615632496,0.150765697747));
#6245 = CARTESIAN_POINT('',(5.497787143782,0.15));
#6246 = ( GEOMETRIC_REPRESENTATION_CONTEXT(2) 
PARAMETRIC_REPRESENTATION_CONTEXT() REPRESENTATION_CONTEXT('2D SPACE',''
  ) );
#6247 = ORIENTED_EDGE('',*,*,#6248,.F.);
#6248 = EDGE_CURVE('',#6249,#6181,#6251,.T.);
#6249 = VERTEX_POINT('',#6250);
#6250 = CARTESIAN_POINT('',(1.493649167311,-1.9,4.941926223421));
#6251 = SURFACE_CURVE('',#6252,(#6256,#6263),.PCURVE_S1.);
#6252 = LINE('',#6253,#6254);
#6253 = CARTESIAN_POINT('',(1.493649167311,-1.9,4.941926223421));
#6254 = VECTOR('',#6255,1.);
#6255 = DIRECTION('',(0.,2.22044604925E-16,1.));
#6256 = PCURVE('',#5087,#6257);
#6257 = DEFINITIONAL_REPRESENTATION('',(#6258),#6262);
#6258 = LINE('',#6259,#6260);
#6259 = CARTESIAN_POINT('',(5.750467398924,5.E-02));
#6260 = VECTOR('',#6261,1.);
#6261 = DIRECTION('',(0.,1.));
#6262 = ( GEOMETRIC_REPRESENTATION_CONTEXT(2) 
PARAMETRIC_REPRESENTATION_CONTEXT() REPRESENTATION_CONTEXT('2D SPACE',''
  ) );
#6263 = PCURVE('',#2851,#6264);
#6264 = DEFINITIONAL_REPRESENTATION('',(#6265),#6269);
#6265 = LINE('',#6266,#6267);
#6266 = CARTESIAN_POINT('',(-2.356807062048,2.078947368421));
#6267 = VECTOR('',#6268,1.);
#6268 = DIRECTION('',(0.,1.));
#6269 = ( GEOMETRIC_REPRESENTATION_CONTEXT(2) 
PARAMETRIC_REPRESENTATION_CONTEXT() REPRESENTATION_CONTEXT('2D SPACE',''
  ) );
#6270 = ORIENTED_EDGE('',*,*,#6271,.F.);
#6271 = EDGE_CURVE('',#5047,#6249,#6272,.T.);
#6272 = SURFACE_CURVE('',#6273,(#6282,#6311),.PCURVE_S1.);
#6273 = B_SPLINE_CURVE_WITH_KNOTS('',3,(#6274,#6275,#6276,#6277,#6278,
    #6279,#6280,#6281),.UNSPECIFIED.,.F.,.F.,(4,2,2,4),(1.149040756109,
    1.153777941328,1.189558916662,1.225339891997),.UNSPECIFIED.);
#6274 = CARTESIAN_POINT('',(1.483611555818,-1.870710678101,
    5.012636901558));
#6275 = CARTESIAN_POINT('',(1.484093863181,-1.871827565005,
    5.011520014654));
#6276 = CARTESIAN_POINT('',(1.48454587708,-1.872902353783,5.01039200038)
  );
#6277 = CARTESIAN_POINT('',(1.488150774111,-1.881667478902,
    5.000769590044));
#6278 = CARTESIAN_POINT('',(1.490388518871,-1.888558401239,
    4.990051346821));
#6279 = CARTESIAN_POINT('',(1.493106855135,-1.897725733042,
    4.966589981833));
#6280 = CARTESIAN_POINT('',(1.493649167311,-1.9,4.953853215199));
#6281 = CARTESIAN_POINT('',(1.493649167311,-1.9,4.941926223421));
#6282 = PCURVE('',#5087,#6283);
#6283 = DEFINITIONAL_REPRESENTATION('',(#6284),#6310);
#6284 = B_SPLINE_CURVE_WITH_KNOTS('',3,(#6285,#6286,#6287,#6288,#6289,
    #6290,#6291,#6292,#6293,#6294,#6295,#6296,#6297,#6298,#6299,#6300,
    #6301,#6302,#6303,#6304,#6305,#6306,#6307,#6308,#6309),
  .UNSPECIFIED.,.F.,.F.,(4,1,1,1,1,1,1,1,1,1,1,1,1,1,1,1,1,1,1,1,1,1,4),
  (1.149040756109,1.152508898649,1.15597704119,1.15944518373,
    1.16291332627,1.166381468811,1.169849611351,1.173317753892,
    1.176785896432,1.180254038972,1.183722181513,1.187190324053,
    1.190658466593,1.194126609134,1.197594751674,1.201062894214,
    1.204531036755,1.207999179295,1.211467321836,1.214935464376,
    1.218403606916,1.221871749457,1.225339891997),
  .QUASI_UNIFORM_KNOTS.);
#6285 = CARTESIAN_POINT('',(5.905430187929,0.120710678137));
#6286 = CARTESIAN_POINT('',(5.900944775191,0.119884954008));
#6287 = CARTESIAN_POINT('',(5.892357208319,0.118249341811));
#6288 = CARTESIAN_POINT('',(5.880281878892,0.115771549239));
#6289 = CARTESIAN_POINT('',(5.868482924843,0.113159261723));
#6290 = CARTESIAN_POINT('',(5.857081317671,0.110436192318));
#6291 = CARTESIAN_POINT('',(5.846089017552,0.107604358549));
#6292 = CARTESIAN_POINT('',(5.835547704744,0.10467159111));
#6293 = CARTESIAN_POINT('',(5.82549153431,0.101644163555));
#6294 = CARTESIAN_POINT('',(5.815957088329,9.852876482236E-02));
#6295 = CARTESIAN_POINT('',(5.806980555359,9.533197946062E-02));
#6296 = CARTESIAN_POINT('',(5.798598846229,9.206039418649E-02));
#6297 = CARTESIAN_POINT('',(5.790847780272,8.872069143649E-02));
#6298 = CARTESIAN_POINT('',(5.783768094372,8.531916859999E-02));
#6299 = CARTESIAN_POINT('',(5.777380523112,8.186378132806E-02));
#6300 = CARTESIAN_POINT('',(5.771677321611,7.836482861042E-02));
#6301 = CARTESIAN_POINT('',(5.766656560909,7.483213051881E-02));
#6302 = CARTESIAN_POINT('',(5.76231478829,7.12756354507E-02));
#6303 = CARTESIAN_POINT('',(5.758649025964,6.770525741875E-02));
#6304 = CARTESIAN_POINT('',(5.755656254611,6.413091964902E-02));
#6305 = CARTESIAN_POINT('',(5.753333558302,6.056254289885E-02));
#6306 = CARTESIAN_POINT('',(5.751678080089,5.701004858706E-02));
#6307 = CARTESIAN_POINT('',(5.750687016421,5.34833579552E-02));
#6308 = CARTESIAN_POINT('',(5.750467398901,5.115604751342E-02));
#6309 = CARTESIAN_POINT('',(5.750467398923,5.E-02));
#6310 = ( GEOMETRIC_REPRESENTATION_CONTEXT(2) 
PARAMETRIC_REPRESENTATION_CONTEXT() REPRESENTATION_CONTEXT('2D SPACE',''
  ) );
#6311 = PCURVE('',#5135,#6312);
#6312 = DEFINITIONAL_REPRESENTATION('',(#6313),#6339);
#6313 = B_SPLINE_CURVE_WITH_KNOTS('',3,(#6314,#6315,#6316,#6317,#6318,
    #6319,#6320,#6321,#6322,#6323,#6324,#6325,#6326,#6327,#6328,#6329,
    #6330,#6331,#6332,#6333,#6334,#6335,#6336,#6337,#6338),
  .UNSPECIFIED.,.F.,.F.,(4,1,1,1,1,1,1,1,1,1,1,1,1,1,1,1,1,1,1,1,1,1,4),
  (1.149040756109,1.152508898649,1.155977041189,1.15944518373,
    1.16291332627,1.16638146881,1.169849611351,1.173317753891,
    1.176785896431,1.180254038972,1.183722181512,1.187190324053,
    1.190658466593,1.194126609133,1.197594751674,1.201062894214,
    1.204531036754,1.207999179295,1.211467321835,1.214935464375,
    1.218403606916,1.221871749456,1.225339891997),.UNSPECIFIED.);
#6314 = CARTESIAN_POINT('',(0.,1.915190503187));
#6315 = CARTESIAN_POINT('',(1.166399185701E-02,1.915545811772));
#6316 = CARTESIAN_POINT('',(3.44104360066E-02,1.916216220527));
#6317 = CARTESIAN_POINT('',(6.777638975451E-02,1.917130509477));
#6318 = CARTESIAN_POINT('',(0.101892543943,1.917997051104));
#6319 = CARTESIAN_POINT('',(0.136467288038,1.918809456958));
#6320 = CARTESIAN_POINT('',(0.17150340067,1.919569903804));
#6321 = CARTESIAN_POINT('',(0.206924571414,1.920278273002));
#6322 = CARTESIAN_POINT('',(0.242676540086,1.920935062312));
#6323 = CARTESIAN_POINT('',(0.278701148452,1.921540599292));
#6324 = CARTESIAN_POINT('',(0.314944459744,1.922095275919));
#6325 = CARTESIAN_POINT('',(0.351355880542,1.922599396691));
#6326 = CARTESIAN_POINT('',(0.387889244971,1.923053551603));
#6327 = CARTESIAN_POINT('',(0.424504952345,1.923457276142));
#6328 = CARTESIAN_POINT('',(0.461164508747,1.923815123576));
#6329 = CARTESIAN_POINT('',(0.497829190162,1.924128983533));
#6330 = CARTESIAN_POINT('',(0.534455373217,1.92440025164));
#6331 = CARTESIAN_POINT('',(0.570995363185,1.92463045589));
#6332 = CARTESIAN_POINT('',(0.607398307149,1.924821088807));
#6333 = CARTESIAN_POINT('',(0.643611132427,1.924973652419));
#6334 = CARTESIAN_POINT('',(0.679579474473,1.925089646211));
#6335 = CARTESIAN_POINT('',(0.715248676065,1.925170570345));
#6336 = CARTESIAN_POINT('',(0.750564432557,1.925217924803));
#6337 = CARTESIAN_POINT('',(0.773837854249,1.925228114679));
#6338 = CARTESIAN_POINT('',(0.785398163397,1.925228114679));
#6339 = ( GEOMETRIC_REPRESENTATION_CONTEXT(2) 
PARAMETRIC_REPRESENTATION_CONTEXT() REPRESENTATION_CONTEXT('2D SPACE',''
  ) );
#6340 = ORIENTED_EDGE('',*,*,#5046,.F.);
#6341 = ORIENTED_EDGE('',*,*,#6342,.T.);
#6342 = EDGE_CURVE('',#4972,#6084,#6343,.T.);
#6343 = SURFACE_CURVE('',#6344,(#6348,#6355),.PCURVE_S1.);
#6344 = LINE('',#6345,#6346);
#6345 = CARTESIAN_POINT('',(1.441421356239,-1.808578643765,
    5.041557578281));
#6346 = VECTOR('',#6347,1.);
#6347 = DIRECTION('',(-8.804343E-12,8.803456044605E-12,1.));
#6348 = PCURVE('',#5087,#6349);
#6349 = DEFINITIONAL_REPRESENTATION('',(#6350),#6354);
#6350 = LINE('',#6351,#6352);
#6351 = CARTESIAN_POINT('',(6.28318530718,0.149631354859));
#6352 = VECTOR('',#6353,1.);
#6353 = DIRECTION('',(0.,1.));
#6354 = ( GEOMETRIC_REPRESENTATION_CONTEXT(2) 
PARAMETRIC_REPRESENTATION_CONTEXT() REPRESENTATION_CONTEXT('2D SPACE',''
  ) );
#6355 = PCURVE('',#5012,#6356);
#6356 = DEFINITIONAL_REPRESENTATION('',(#6357),#6361);
#6357 = LINE('',#6358,#6359);
#6358 = CARTESIAN_POINT('',(0.,0.149631354859));
#6359 = VECTOR('',#6360,1.);
#6360 = DIRECTION('',(0.,1.));
#6361 = ( GEOMETRIC_REPRESENTATION_CONTEXT(2) 
PARAMETRIC_REPRESENTATION_CONTEXT() REPRESENTATION_CONTEXT('2D SPACE',''
  ) );
#6362 = ADVANCED_FACE('',(#6363),#5522,.F.);
#6363 = FACE_BOUND('',#6364,.F.);
#6364 = EDGE_LOOP('',(#6365,#6389,#6390,#6411,#6412));
#6365 = ORIENTED_EDGE('',*,*,#6366,.F.);
#6366 = EDGE_CURVE('',#6181,#6367,#6369,.T.);
#6367 = VERTEX_POINT('',#6368);
#6368 = CARTESIAN_POINT('',(1.441421356237,-1.9,4.950504867184));
#6369 = SURFACE_CURVE('',#6370,(#6375,#6382),.PCURVE_S1.);
#6370 = CIRCLE('',#6371,0.2);
#6371 = AXIS2_PLACEMENT_3D('',#6372,#6373,#6374);
#6372 = CARTESIAN_POINT('',(1.3,-1.9,5.091926223421));
#6373 = DIRECTION('',(3.299050841687E-33,1.,-2.22044604925E-16));
#6374 = DIRECTION('',(0.707106781187,-1.570092458684E-16,-0.707106781187
    ));
#6375 = PCURVE('',#5522,#6376);
#6376 = DEFINITIONAL_REPRESENTATION('',(#6377),#6381);
#6377 = LINE('',#6378,#6379);
#6378 = CARTESIAN_POINT('',(0.,0.2));
#6379 = VECTOR('',#6380,1.);
#6380 = DIRECTION('',(1.,0.));
#6381 = ( GEOMETRIC_REPRESENTATION_CONTEXT(2) 
PARAMETRIC_REPRESENTATION_CONTEXT() REPRESENTATION_CONTEXT('2D SPACE',''
  ) );
#6382 = PCURVE('',#2851,#6383);
#6383 = DEFINITIONAL_REPRESENTATION('',(#6384),#6388);
#6384 = CIRCLE('',#6385,0.2);
#6385 = AXIS2_PLACEMENT_2D('',#6386,#6387);
#6386 = CARTESIAN_POINT('',(-2.163157894737,2.228947368421));
#6387 = DIRECTION('',(-0.707106781187,-0.707106781187));
#6388 = ( GEOMETRIC_REPRESENTATION_CONTEXT(2) 
PARAMETRIC_REPRESENTATION_CONTEXT() REPRESENTATION_CONTEXT('2D SPACE',''
  ) );
#6389 = ORIENTED_EDGE('',*,*,#6180,.T.);
#6390 = ORIENTED_EDGE('',*,*,#6391,.F.);
#6391 = EDGE_CURVE('',#5449,#6158,#6392,.T.);
#6392 = SURFACE_CURVE('',#6393,(#6397,#6404),.PCURVE_S1.);
#6393 = LINE('',#6394,#6395);
#6394 = CARTESIAN_POINT('',(1.5,-2.059807621136,5.091926223421));
#6395 = VECTOR('',#6396,1.);
#6396 = DIRECTION('',(0.,1.,-2.22044604925E-16));
#6397 = PCURVE('',#5522,#6398);
#6398 = DEFINITIONAL_REPRESENTATION('',(#6399),#6403);
#6399 = LINE('',#6400,#6401);
#6400 = CARTESIAN_POINT('',(5.497787143782,4.019237886467E-02));
#6401 = VECTOR('',#6402,1.);
#6402 = DIRECTION('',(0.,1.));
#6403 = ( GEOMETRIC_REPRESENTATION_CONTEXT(2) 
PARAMETRIC_REPRESENTATION_CONTEXT() REPRESENTATION_CONTEXT('2D SPACE',''
  ) );
#6404 = PCURVE('',#5465,#6405);
#6405 = DEFINITIONAL_REPRESENTATION('',(#6406),#6410);
#6406 = LINE('',#6407,#6408);
#6407 = CARTESIAN_POINT('',(4.0192378864E-02,0.2));
#6408 = VECTOR('',#6409,1.);
#6409 = DIRECTION('',(1.,0.));
#6410 = ( GEOMETRIC_REPRESENTATION_CONTEXT(2) 
PARAMETRIC_REPRESENTATION_CONTEXT() REPRESENTATION_CONTEXT('2D SPACE',''
  ) );
#6411 = ORIENTED_EDGE('',*,*,#5477,.F.);
#6412 = ORIENTED_EDGE('',*,*,#6413,.T.);
#6413 = EDGE_CURVE('',#5478,#6367,#6414,.T.);
#6414 = SURFACE_CURVE('',#6415,(#6419,#6426),.PCURVE_S1.);
#6415 = LINE('',#6416,#6417);
#6416 = CARTESIAN_POINT('',(1.441421356237,-2.099877319701,
    4.950504867184));
#6417 = VECTOR('',#6418,1.);
#6418 = DIRECTION('',(0.,1.,-2.22044604925E-16));
#6419 = PCURVE('',#5522,#6420);
#6420 = DEFINITIONAL_REPRESENTATION('',(#6421),#6425);
#6421 = LINE('',#6422,#6423);
#6422 = CARTESIAN_POINT('',(6.28318530718,1.22680298771E-04));
#6423 = VECTOR('',#6424,1.);
#6424 = DIRECTION('',(0.,1.));
#6425 = ( GEOMETRIC_REPRESENTATION_CONTEXT(2) 
PARAMETRIC_REPRESENTATION_CONTEXT() REPRESENTATION_CONTEXT('2D SPACE',''
  ) );
#6426 = PCURVE('',#5595,#6427);
#6427 = DEFINITIONAL_REPRESENTATION('',(#6428),#6432);
#6428 = LINE('',#6429,#6430);
#6429 = CARTESIAN_POINT('',(0.,1.22680298771E-04));
#6430 = VECTOR('',#6431,1.);
#6431 = DIRECTION('',(0.,1.));
#6432 = ( GEOMETRIC_REPRESENTATION_CONTEXT(2) 
PARAMETRIC_REPRESENTATION_CONTEXT() REPRESENTATION_CONTEXT('2D SPACE',''
  ) );
#6433 = ADVANCED_FACE('',(#6434),#6449,.F.);
#6434 = FACE_BOUND('',#6435,.F.);
#6435 = EDGE_LOOP('',(#6436,#6467,#6544,#6617,#6645,#6669));
#6436 = ORIENTED_EDGE('',*,*,#6437,.F.);
#6437 = EDGE_CURVE('',#6438,#6440,#6442,.T.);
#6438 = VERTEX_POINT('',#6439);
#6439 = CARTESIAN_POINT('',(1.320999639479,-0.588689780317,
    5.241926223421));
#6440 = VERTEX_POINT('',#6441);
#6441 = CARTESIAN_POINT('',(1.299999999999,-0.65,5.241926223421));
#6442 = SURFACE_CURVE('',#6443,(#6448,#6460),.PCURVE_S1.);
#6443 = CIRCLE('',#6444,9.999999999997E-02);
#6444 = AXIS2_PLACEMENT_3D('',#6445,#6446,#6447);
#6445 = CARTESIAN_POINT('',(1.399999999999,-0.65,5.241926223421));
#6446 = DIRECTION('',(0.,2.22044604925E-16,1.));
#6447 = DIRECTION('',(-1.,0.,0.));
#6448 = PCURVE('',#6449,#6454);
#6449 = CYLINDRICAL_SURFACE('',#6450,9.999999999997E-02);
#6450 = AXIS2_PLACEMENT_3D('',#6451,#6452,#6453);
#6451 = CARTESIAN_POINT('',(1.399999999999,-0.65,5.041926223421));
#6452 = DIRECTION('',(0.,2.22044604925E-16,1.));
#6453 = DIRECTION('',(-1.,0.,0.));
#6454 = DEFINITIONAL_REPRESENTATION('',(#6455),#6459);
#6455 = LINE('',#6456,#6457);
#6456 = CARTESIAN_POINT('',(0.,0.2));
#6457 = VECTOR('',#6458,1.);
#6458 = DIRECTION('',(1.,0.));
#6459 = ( GEOMETRIC_REPRESENTATION_CONTEXT(2) 
PARAMETRIC_REPRESENTATION_CONTEXT() REPRESENTATION_CONTEXT('2D SPACE',''
  ) );
#6460 = PCURVE('',#4711,#6461);
#6461 = DEFINITIONAL_REPRESENTATION('',(#6462),#6466);
#6462 = CIRCLE('',#6463,9.999999999997E-02);
#6463 = AXIS2_PLACEMENT_2D('',#6464,#6465);
#6464 = CARTESIAN_POINT('',(-1.25,3.754999999999));
#6465 = DIRECTION('',(0.,-1.));
#6466 = ( GEOMETRIC_REPRESENTATION_CONTEXT(2) 
PARAMETRIC_REPRESENTATION_CONTEXT() REPRESENTATION_CONTEXT('2D SPACE',''
  ) );
#6467 = ORIENTED_EDGE('',*,*,#6468,.T.);
#6468 = EDGE_CURVE('',#6438,#6469,#6471,.T.);
#6469 = VERTEX_POINT('',#6470);
#6470 = CARTESIAN_POINT('',(1.398502890252,-0.550011207316,
    5.234345955494));
#6471 = SURFACE_CURVE('',#6472,(#6481,#6510),.PCURVE_S1.);
#6472 = B_SPLINE_CURVE_WITH_KNOTS('',3,(#6473,#6474,#6475,#6476,#6477,
    #6478,#6479,#6480),.UNSPECIFIED.,.F.,.F.,(4,2,2,4),(
    6.304770028113E-02,7.545414520084E-02,0.113347144852,0.149717492434)
  ,.UNSPECIFIED.);
#6473 = CARTESIAN_POINT('',(1.320999639479,-0.588689780317,
    5.241926223421));
#6474 = CARTESIAN_POINT('',(1.323625306374,-0.58530651677,5.241926223421
    ));
#6475 = CARTESIAN_POINT('',(1.326434915039,-0.582137810693,
    5.241900007909));
#6476 = CARTESIAN_POINT('',(1.338301450488,-0.570295569733,
    5.241651878507));
#6477 = CARTESIAN_POINT('',(1.349621178923,-0.562594355246,
    5.241093424328));
#6478 = CARTESIAN_POINT('',(1.373786316144,-0.552652092047,
    5.238606338547));
#6479 = CARTESIAN_POINT('',(1.386548369297,-0.550190199675,
    5.236706984157));
#6480 = CARTESIAN_POINT('',(1.398502890252,-0.550011207316,
    5.234345955494));
#6481 = PCURVE('',#6449,#6482);
#6482 = DEFINITIONAL_REPRESENTATION('',(#6483),#6509);
#6483 = B_SPLINE_CURVE_WITH_KNOTS('',3,(#6484,#6485,#6486,#6487,#6488,
    #6489,#6490,#6491,#6492,#6493,#6494,#6495,#6496,#6497,#6498,#6499,
    #6500,#6501,#6502,#6503,#6504,#6505,#6506,#6507,#6508),
  .UNSPECIFIED.,.F.,.F.,(4,1,1,1,1,1,1,1,1,1,1,1,1,1,1,1,1,1,1,1,1,1,4),
  (6.304770028113E-02,6.698723628808E-02,7.092677229503E-02,
    7.486630830198E-02,7.880584430892E-02,8.274538031587E-02,
    8.668491632282E-02,9.062445232977E-02,9.456398833672E-02,
    9.850352434367E-02,0.102443060351,0.106382596358,0.110322132365,
    0.114261668371,0.118201204378,0.122140740385,0.126080276392,
    0.130019812399,0.133959348406,0.137898884413,0.14183842042,
    0.145777956427,0.149717492434),.QUASI_UNIFORM_KNOTS.);
#6484 = CARTESIAN_POINT('',(5.623203858038,0.2));
#6485 = CARTESIAN_POINT('',(5.609605342566,0.2));
#6486 = CARTESIAN_POINT('',(5.582524833245,0.199994722864));
#6487 = CARTESIAN_POINT('',(5.54228853192,0.199969204889));
#6488 = CARTESIAN_POINT('',(5.502603618916,0.1999246577));
#6489 = CARTESIAN_POINT('',(5.463174922322,0.199858450629));
#6490 = CARTESIAN_POINT('',(5.423069900361,0.19976569539));
#6491 = CARTESIAN_POINT('',(5.382599828381,0.199644751312));
#6492 = CARTESIAN_POINT('',(5.341765241964,0.199493159501));
#6493 = CARTESIAN_POINT('',(5.300651242325,0.199308679919));
#6494 = CARTESIAN_POINT('',(5.259319714218,0.199089015333));
#6495 = CARTESIAN_POINT('',(5.217836247632,0.198831878431));
#6496 = CARTESIAN_POINT('',(5.176261013005,0.198534999414));
#6497 = CARTESIAN_POINT('',(5.134649054406,0.198196028507));
#6498 = CARTESIAN_POINT('',(5.093049135209,0.197812918333));
#6499 = CARTESIAN_POINT('',(5.051499133542,0.197382237773));
#6500 = CARTESIAN_POINT('',(5.010040572799,0.196905658938));
#6501 = CARTESIAN_POINT('',(4.968724249844,0.196384857255));
#6502 = CARTESIAN_POINT('',(4.927606998908,0.195821507263));
#6503 = CARTESIAN_POINT('',(4.886750708964,0.195217283738));
#6504 = CARTESIAN_POINT('',(4.846220701286,0.194573861393));
#6505 = CARTESIAN_POINT('',(4.806084193239,0.193892914959));
#6506 = CARTESIAN_POINT('',(4.766409062413,0.19317611916));
#6507 = CARTESIAN_POINT('',(4.740310737729,0.192675472203));
#6508 = CARTESIAN_POINT('',(4.727360637166,0.192419732073));
#6509 = ( GEOMETRIC_REPRESENTATION_CONTEXT(2) 
PARAMETRIC_REPRESENTATION_CONTEXT() REPRESENTATION_CONTEXT('2D SPACE',''
  ) );
#6510 = PCURVE('',#6511,#6516);
#6511 = CYLINDRICAL_SURFACE('',#6512,0.4);
#6512 = AXIS2_PLACEMENT_3D('',#6513,#6514,#6515);
#6513 = CARTESIAN_POINT('',(1.320999639479,-0.65,4.841926223421));
#6514 = DIRECTION('',(0.,-1.,2.22044604925E-16));
#6515 = DIRECTION('',(0.193758126932,2.178367109319E-16,0.981049330181)
  );
#6516 = DEFINITIONAL_REPRESENTATION('',(#6517),#6543);
#6517 = B_SPLINE_CURVE_WITH_KNOTS('',3,(#6518,#6519,#6520,#6521,#6522,
    #6523,#6524,#6525,#6526,#6527,#6528,#6529,#6530,#6531,#6532,#6533,
    #6534,#6535,#6536,#6537,#6538,#6539,#6540,#6541,#6542),
  .UNSPECIFIED.,.F.,.F.,(4,1,1,1,1,1,1,1,1,1,1,1,1,1,1,1,1,1,1,1,1,1,4),
  (6.304770028113E-02,6.698723628808E-02,7.092677229503E-02,
    7.486630830198E-02,7.880584430892E-02,8.274538031587E-02,
    8.668491632282E-02,9.062445232977E-02,9.456398833672E-02,
    9.850352434367E-02,0.102443060351,0.106382596358,0.110322132365,
    0.114261668371,0.118201204378,0.122140740385,0.126080276392,
    0.130019812399,0.133959348406,0.137898884413,0.14183842042,
    0.145777956427,0.149717492434),.QUASI_UNIFORM_KNOTS.);
#6518 = CARTESIAN_POINT('',(0.194991429547,-6.1310219683E-02));
#6519 = CARTESIAN_POINT('',(0.192907042749,-6.238453941364E-02));
#6520 = CARTESIAN_POINT('',(0.18864625584,-6.448966690364E-02));
#6521 = CARTESIAN_POINT('',(0.18200436255,-6.751263039921E-02));
#6522 = CARTESIAN_POINT('',(0.175162491077,-7.038789946563E-02));
#6523 = CARTESIAN_POINT('',(0.168082449114,-7.313321943772E-02));
#6524 = CARTESIAN_POINT('',(0.160597441229,-7.580406304143E-02));
#6525 = CARTESIAN_POINT('',(0.152776921089,-7.837479893704E-02));
#6526 = CARTESIAN_POINT('',(0.144630667022,-8.084025753788E-02));
#6527 = CARTESIAN_POINT('',(0.136184339157,-8.318978775449E-02));
#6528 = CARTESIAN_POINT('',(0.127459214378,-8.541420275555E-02));
#6529 = CARTESIAN_POINT('',(0.118477614121,-8.750394017989E-02));
#6530 = CARTESIAN_POINT('',(0.109261366641,-8.944947552764E-02));
#6531 = CARTESIAN_POINT('',(9.983242351223E-02,-9.124150838357E-02));
#6532 = CARTESIAN_POINT('',(9.02118114077E-02,-9.286980413259E-02));
#6533 = CARTESIAN_POINT('',(8.042324180827E-02,-9.432792938772E-02));
#6534 = CARTESIAN_POINT('',(7.049998872662E-02,-9.561800695736E-02));
#6535 = CARTESIAN_POINT('',(6.047410487046E-02,-9.674067089759E-02));
#6536 = CARTESIAN_POINT('',(5.03780595911E-02,-9.769695417448E-02));
#6537 = CARTESIAN_POINT('',(4.024426092373E-02,-9.848778286648E-02));
#6538 = CARTESIAN_POINT('',(3.010514230047E-02,-9.911411169253E-02));
#6539 = CARTESIAN_POINT('',(1.999309116247E-02,-9.957688769719E-02));
#6540 = CARTESIAN_POINT('',(9.940438871243E-03,-9.987705998208E-02));
#6541 = CARTESIAN_POINT('',(3.299723703636E-03,-9.996940472402E-02));
#6542 = CARTESIAN_POINT('',(0.,-9.9988792684E-02));
#6543 = ( GEOMETRIC_REPRESENTATION_CONTEXT(2) 
PARAMETRIC_REPRESENTATION_CONTEXT() REPRESENTATION_CONTEXT('2D SPACE',''
  ) );
#6544 = ORIENTED_EDGE('',*,*,#6545,.T.);
#6545 = EDGE_CURVE('',#6469,#6546,#6548,.T.);
#6546 = VERTEX_POINT('',#6547);
#6547 = CARTESIAN_POINT('',(1.4,-0.55,5.234047305534));
#6548 = SURFACE_CURVE('',#6549,(#6554,#6583),.PCURVE_S1.);
#6549 = B_SPLINE_CURVE_WITH_KNOTS('',3,(#6550,#6551,#6552,#6553),
  .UNSPECIFIED.,.F.,.F.,(4,4),(0.149717492434,0.151240144503),
  .PIECEWISE_BEZIER_KNOTS.);
#6550 = CARTESIAN_POINT('',(1.398502890252,-0.550011207316,
    5.234345955494));
#6551 = CARTESIAN_POINT('',(1.399003368726,-0.550003713764,
    5.234247110544));
#6552 = CARTESIAN_POINT('',(1.399502446685,-0.55,5.234147547253));
#6553 = CARTESIAN_POINT('',(1.4,-0.55,5.234047305534));
#6554 = PCURVE('',#6449,#6555);
#6555 = DEFINITIONAL_REPRESENTATION('',(#6556),#6582);
#6556 = B_SPLINE_CURVE_WITH_KNOTS('',3,(#6557,#6558,#6559,#6560,#6561,
    #6562,#6563,#6564,#6565,#6566,#6567,#6568,#6569,#6570,#6571,#6572,
    #6573,#6574,#6575,#6576,#6577,#6578,#6579,#6580,#6581),
  .UNSPECIFIED.,.F.,.F.,(4,1,1,1,1,1,1,1,1,1,1,1,1,1,1,1,1,1,1,1,1,1,4),
  (0.149717492434,0.149786703892,0.14985591535,0.149925126807,
    0.149994338265,0.150063549723,0.15013276118,0.150201972638,
    0.150271184096,0.150340395553,0.150409607011,0.150478818469,
    0.150548029927,0.150617241384,0.150686452842,0.1507556643,
    0.150824875757,0.150894087215,0.150963298673,0.15103251013,
    0.151101721588,0.151170933046,0.151240144503),.UNSPECIFIED.);
#6557 = CARTESIAN_POINT('',(4.727360637172,0.192419732072));
#6558 = CARTESIAN_POINT('',(4.727133121458,0.19241523912));
#6559 = CARTESIAN_POINT('',(4.726678150235,0.192406250247));
#6560 = CARTESIAN_POINT('',(4.725995874388,0.192392758055));
#6561 = CARTESIAN_POINT('',(4.725313779908,0.192379257003));
#6562 = CARTESIAN_POINT('',(4.724631867169,0.192365747114));
#6563 = CARTESIAN_POINT('',(4.723950136552,0.192352228409));
#6564 = CARTESIAN_POINT('',(4.723268588432,0.192338700912));
#6565 = CARTESIAN_POINT('',(4.72258722319,0.192325164645));
#6566 = CARTESIAN_POINT('',(4.721906041203,0.19231161963));
#6567 = CARTESIAN_POINT('',(4.721225042853,0.19229806589));
#6568 = CARTESIAN_POINT('',(4.720544228519,0.192284503447));
#6569 = CARTESIAN_POINT('',(4.719863598582,0.192270932324));
#6570 = CARTESIAN_POINT('',(4.719183153423,0.192257352543));
#6571 = CARTESIAN_POINT('',(4.718502893424,0.192243764128));
#6572 = CARTESIAN_POINT('',(4.717822818968,0.192230167099));
#6573 = CARTESIAN_POINT('',(4.717142930436,0.192216561481));
#6574 = CARTESIAN_POINT('',(4.716463228214,0.192202947295));
#6575 = CARTESIAN_POINT('',(4.715783712683,0.192189324563));
#6576 = CARTESIAN_POINT('',(4.715104384229,0.192175693309));
#6577 = CARTESIAN_POINT('',(4.714425243236,0.192162053555));
#6578 = CARTESIAN_POINT('',(4.71374629009,0.192148405322));
#6579 = CARTESIAN_POINT('',(4.713067525176,0.192134748635));
#6580 = CARTESIAN_POINT('',(4.71261514098,0.192125638555));
#6581 = CARTESIAN_POINT('',(4.712388980382,0.192121082113));
#6582 = ( GEOMETRIC_REPRESENTATION_CONTEXT(2) 
PARAMETRIC_REPRESENTATION_CONTEXT() REPRESENTATION_CONTEXT('2D SPACE',''
  ) );
#6583 = PCURVE('',#6584,#6589);
#6584 = CYLINDRICAL_SURFACE('',#6585,0.4);
#6585 = AXIS2_PLACEMENT_3D('',#6586,#6587,#6588);
#6586 = CARTESIAN_POINT('',(1.320999639479,-0.65,4.841926223421));
#6587 = DIRECTION('',(0.,-1.,2.22044604925E-16));
#6588 = DIRECTION('',(0.193758126932,2.178367109319E-16,0.981049330181)
  );
#6589 = DEFINITIONAL_REPRESENTATION('',(#6590),#6616);
#6590 = B_SPLINE_CURVE_WITH_KNOTS('',3,(#6591,#6592,#6593,#6594,#6595,
    #6596,#6597,#6598,#6599,#6600,#6601,#6602,#6603,#6604,#6605,#6606,
    #6607,#6608,#6609,#6610,#6611,#6612,#6613,#6614,#6615),
  .UNSPECIFIED.,.F.,.F.,(4,1,1,1,1,1,1,1,1,1,1,1,1,1,1,1,1,1,1,1,1,1,4),
  (0.149717492434,0.149786703892,0.14985591535,0.149925126807,
    0.149994338265,0.150063549723,0.15013276118,0.150201972638,
    0.150271184096,0.150340395553,0.150409607011,0.150478818469,
    0.150548029927,0.150617241384,0.150686452842,0.1507556643,
    0.150824875757,0.150894087215,0.150963298673,0.15103251013,
    0.151101721588,0.151170933046,0.151240144503),.UNSPECIFIED.);
#6591 = CARTESIAN_POINT('',(6.28318530718,-9.998879268397E-02));
#6592 = CARTESIAN_POINT('',(6.283127336034,-9.998913329996E-02));
#6593 = CARTESIAN_POINT('',(6.283011406498,-9.998979891299E-02));
#6594 = CARTESIAN_POINT('',(6.28283755064,-9.999075051287E-02));
#6595 = CARTESIAN_POINT('',(6.282663733404,-9.999165533028E-02));
#6596 = CARTESIAN_POINT('',(6.282489954968,-9.999251340242E-02));
#6597 = CARTESIAN_POINT('',(6.28231621551,-9.999332476651E-02));
#6598 = CARTESIAN_POINT('',(6.282142515205,-9.999408945974E-02));
#6599 = CARTESIAN_POINT('',(6.281968854233,-9.999480751932E-02));
#6600 = CARTESIAN_POINT('',(6.281795232768,-9.999547898245E-02));
#6601 = CARTESIAN_POINT('',(6.28162165099,-9.999610388634E-02));
#6602 = CARTESIAN_POINT('',(6.281448109075,-9.999668226818E-02));
#6603 = CARTESIAN_POINT('',(6.281274607201,-9.999721416519E-02));
#6604 = CARTESIAN_POINT('',(6.281101145544,-9.999769961456E-02));
#6605 = CARTESIAN_POINT('',(6.280927724283,-9.99981386535E-02));
#6606 = CARTESIAN_POINT('',(6.280754343593,-9.99985313192E-02));
#6607 = CARTESIAN_POINT('',(6.280581003654,-9.999887764889E-02));
#6608 = CARTESIAN_POINT('',(6.280407704641,-9.999917767975E-02));
#6609 = CARTESIAN_POINT('',(6.280234446732,-9.999943144899E-02));
#6610 = CARTESIAN_POINT('',(6.280061230105,-9.999963899382E-02));
#6611 = CARTESIAN_POINT('',(6.279888054936,-9.999980035143E-02));
#6612 = CARTESIAN_POINT('',(6.279714921404,-9.999991555904E-02));
#6613 = CARTESIAN_POINT('',(6.279541829685,-9.999998465384E-02));
#6614 = CARTESIAN_POINT('',(6.279426463199,-9.999999999997E-02));
#6615 = CARTESIAN_POINT('',(6.279368786984,-9.999999999997E-02));
#6616 = ( GEOMETRIC_REPRESENTATION_CONTEXT(2) 
PARAMETRIC_REPRESENTATION_CONTEXT() REPRESENTATION_CONTEXT('2D SPACE',''
  ) );
#6617 = ORIENTED_EDGE('',*,*,#6618,.F.);
#6618 = EDGE_CURVE('',#6619,#6546,#6621,.T.);
#6619 = VERTEX_POINT('',#6620);
#6620 = CARTESIAN_POINT('',(1.4,-0.55,5.041926223421));
#6621 = SURFACE_CURVE('',#6622,(#6626,#6633),.PCURVE_S1.);
#6622 = LINE('',#6623,#6624);
#6623 = CARTESIAN_POINT('',(1.4,-0.55,5.041926223421));
#6624 = VECTOR('',#6625,1.);
#6625 = DIRECTION('',(0.,2.22044604925E-16,1.));
#6626 = PCURVE('',#6449,#6627);
#6627 = DEFINITIONAL_REPRESENTATION('',(#6628),#6632);
#6628 = LINE('',#6629,#6630);
#6629 = CARTESIAN_POINT('',(4.712388980382,0.));
#6630 = VECTOR('',#6631,1.);
#6631 = DIRECTION('',(0.,1.));
#6632 = ( GEOMETRIC_REPRESENTATION_CONTEXT(2) 
PARAMETRIC_REPRESENTATION_CONTEXT() REPRESENTATION_CONTEXT('2D SPACE',''
  ) );
#6633 = PCURVE('',#6634,#6639);
#6634 = PLANE('',#6635);
#6635 = AXIS2_PLACEMENT_3D('',#6636,#6637,#6638);
#6636 = CARTESIAN_POINT('',(2.155732522284,-0.55,4.715059212204));
#6637 = DIRECTION('',(0.,1.,-2.22044604925E-16));
#6638 = DIRECTION('',(0.99995425939,-2.123739432812E-18,
    -9.564472118244E-03));
#6639 = DEFINITIONAL_REPRESENTATION('',(#6640),#6644);
#6640 = LINE('',#6641,#6642);
#6641 = CARTESIAN_POINT('',(-0.758824265033,-0.319623877482));
#6642 = VECTOR('',#6643,1.);
#6643 = DIRECTION('',(-9.564472118244E-03,-0.99995425939));
#6644 = ( GEOMETRIC_REPRESENTATION_CONTEXT(2) 
PARAMETRIC_REPRESENTATION_CONTEXT() REPRESENTATION_CONTEXT('2D SPACE',''
  ) );
#6645 = ORIENTED_EDGE('',*,*,#6646,.T.);
#6646 = EDGE_CURVE('',#6619,#6647,#6649,.T.);
#6647 = VERTEX_POINT('',#6648);
#6648 = CARTESIAN_POINT('',(1.299999999999,-0.65,5.041926223421));
#6649 = SURFACE_CURVE('',#6650,(#6655,#6662),.PCURVE_S1.);
#6650 = CIRCLE('',#6651,9.999999999997E-02);
#6651 = AXIS2_PLACEMENT_3D('',#6652,#6653,#6654);
#6652 = CARTESIAN_POINT('',(1.399999999999,-0.65,5.041926223421));
#6653 = DIRECTION('',(0.,2.22044604925E-16,1.));
#6654 = DIRECTION('',(-1.,0.,0.));
#6655 = PCURVE('',#6449,#6656);
#6656 = DEFINITIONAL_REPRESENTATION('',(#6657),#6661);
#6657 = LINE('',#6658,#6659);
#6658 = CARTESIAN_POINT('',(0.,0.));
#6659 = VECTOR('',#6660,1.);
#6660 = DIRECTION('',(1.,0.));
#6661 = ( GEOMETRIC_REPRESENTATION_CONTEXT(2) 
PARAMETRIC_REPRESENTATION_CONTEXT() REPRESENTATION_CONTEXT('2D SPACE',''
  ) );
#6662 = PCURVE('',#4527,#6663);
#6663 = DEFINITIONAL_REPRESENTATION('',(#6664),#6668);
#6664 = CIRCLE('',#6665,9.999999999997E-02);
#6665 = AXIS2_PLACEMENT_2D('',#6666,#6667);
#6666 = CARTESIAN_POINT('',(-5.E-02,1.399999999999));
#6667 = DIRECTION('',(0.,-1.));
#6668 = ( GEOMETRIC_REPRESENTATION_CONTEXT(2) 
PARAMETRIC_REPRESENTATION_CONTEXT() REPRESENTATION_CONTEXT('2D SPACE',''
  ) );
#6669 = ORIENTED_EDGE('',*,*,#6670,.T.);
#6670 = EDGE_CURVE('',#6647,#6440,#6671,.T.);
#6671 = SURFACE_CURVE('',#6672,(#6676,#6683),.PCURVE_S1.);
#6672 = LINE('',#6673,#6674);
#6673 = CARTESIAN_POINT('',(1.299999999999,-0.65,5.041926223421));
#6674 = VECTOR('',#6675,1.);
#6675 = DIRECTION('',(0.,2.22044604925E-16,1.));
#6676 = PCURVE('',#6449,#6677);
#6677 = DEFINITIONAL_REPRESENTATION('',(#6678),#6682);
#6678 = LINE('',#6679,#6680);
#6679 = CARTESIAN_POINT('',(6.28318530718,0.));
#6680 = VECTOR('',#6681,1.);
#6681 = DIRECTION('',(0.,1.));
#6682 = ( GEOMETRIC_REPRESENTATION_CONTEXT(2) 
PARAMETRIC_REPRESENTATION_CONTEXT() REPRESENTATION_CONTEXT('2D SPACE',''
  ) );
#6683 = PCURVE('',#6684,#6689);
#6684 = CYLINDRICAL_SURFACE('',#6685,9.999999999997E-02);
#6685 = AXIS2_PLACEMENT_3D('',#6686,#6687,#6688);
#6686 = CARTESIAN_POINT('',(1.399999999999,-0.65,5.041926223421));
#6687 = DIRECTION('',(0.,2.22044604925E-16,1.));
#6688 = DIRECTION('',(-1.,0.,0.));
#6689 = DEFINITIONAL_REPRESENTATION('',(#6690),#6694);
#6690 = LINE('',#6691,#6692);
#6691 = CARTESIAN_POINT('',(0.,0.));
#6692 = VECTOR('',#6693,1.);
#6693 = DIRECTION('',(0.,1.));
#6694 = ( GEOMETRIC_REPRESENTATION_CONTEXT(2) 
PARAMETRIC_REPRESENTATION_CONTEXT() REPRESENTATION_CONTEXT('2D SPACE',''
  ) );
#6695 = ADVANCED_FACE('',(#6696),#6511,.T.);
#6696 = FACE_BOUND('',#6697,.T.);
#6697 = EDGE_LOOP('',(#6698,#6765,#6840,#6861));
#6698 = ORIENTED_EDGE('',*,*,#6699,.F.);
#6699 = EDGE_CURVE('',#6700,#6469,#6702,.T.);
#6700 = VERTEX_POINT('',#6701);
#6701 = CARTESIAN_POINT('',(1.398502890246,0.59483250582,5.234345955495)
  );
#6702 = SURFACE_CURVE('',#6703,(#6707,#6736),.PCURVE_S1.);
#6703 = LINE('',#6704,#6705);
#6704 = CARTESIAN_POINT('',(1.398502890246,0.59483250582,5.234345955495)
  );
#6705 = VECTOR('',#6706,1.);
#6706 = DIRECTION('',(4.570282E-12,-1.,-9.024300553951E-13));
#6707 = PCURVE('',#6511,#6708);
#6708 = DEFINITIONAL_REPRESENTATION('',(#6709),#6735);
#6709 = B_SPLINE_CURVE_WITH_KNOTS('',3,(#6710,#6711,#6712,#6713,#6714,
    #6715,#6716,#6717,#6718,#6719,#6720,#6721,#6722,#6723,#6724,#6725,
    #6726,#6727,#6728,#6729,#6730,#6731,#6732,#6733,#6734),
  .UNSPECIFIED.,.F.,.F.,(4,1,1,1,1,1,1,1,1,1,1,1,1,1,1,1,1,1,1,1,1,1,4),
  (0.,5.203835059712E-02,0.104076701194,0.156115051791,0.208153402388,
    0.260191752986,0.312230103583,0.36426845418,0.416306804777,
    0.468345155374,0.520383505971,0.572421856568,0.624460207165,
    0.676498557763,0.72853690836,0.780575258957,0.832613609554,
    0.884651960151,0.936690310748,0.988728661345,1.040767011942,
    1.09280536254,1.144843713137),.UNSPECIFIED.);
#6710 = CARTESIAN_POINT('',(0.,-1.244832505821));
#6711 = CARTESIAN_POINT('',(7.945681150071E-12,-1.227486388955));
#6712 = CARTESIAN_POINT('',(1.513280511264E-11,-1.192794155224));
#6713 = CARTESIAN_POINT('',(1.147557956831E-11,-1.140755804626));
#6714 = CARTESIAN_POINT('',(1.16867051731E-11,-1.088717454029));
#6715 = CARTESIAN_POINT('',(1.086233766963E-11,-1.036679103432));
#6716 = CARTESIAN_POINT('',(1.031492211913E-11,-0.984640752835));
#6717 = CARTESIAN_POINT('',(9.691861195922E-12,-0.932602402238));
#6718 = CARTESIAN_POINT('',(9.091099141492E-12,-0.880564051641));
#6719 = CARTESIAN_POINT('',(8.483448322818E-12,-0.828525701044));
#6720 = CARTESIAN_POINT('',(7.877723023272E-12,-0.776487350447));
#6721 = CARTESIAN_POINT('',(7.271184411459E-12,-0.724448999849));
#6722 = CARTESIAN_POINT('',(6.665973529588E-12,-0.672410649252));
#6723 = CARTESIAN_POINT('',(6.059595709285E-12,-0.620372298655));
#6724 = CARTESIAN_POINT('',(5.453227243697E-12,-0.568333948058));
#6725 = CARTESIAN_POINT('',(4.847988297679E-12,-0.516295597461));
#6726 = CARTESIAN_POINT('',(4.24155258774E-12,-0.464257246864));
#6727 = CARTESIAN_POINT('',(3.635443744842E-12,-0.412218896267));
#6728 = CARTESIAN_POINT('',(3.029224197702E-12,-0.36018054567));
#6729 = CARTESIAN_POINT('',(2.42312060049E-12,-0.308142195072));
#6730 = CARTESIAN_POINT('',(1.816663907806E-12,-0.256103844475));
#6731 = CARTESIAN_POINT('',(1.21150364708E-12,-0.204065493878));
#6732 = CARTESIAN_POINT('',(6.048414230704E-13,-0.152027143281));
#6733 = CARTESIAN_POINT('',(2.013204417987E-13,-0.11733490955));
#6734 = CARTESIAN_POINT('',(0.,-9.998879268397E-02));
#6735 = ( GEOMETRIC_REPRESENTATION_CONTEXT(2) 
PARAMETRIC_REPRESENTATION_CONTEXT() REPRESENTATION_CONTEXT('2D SPACE',''
  ) );
#6736 = PCURVE('',#6584,#6737);
#6737 = DEFINITIONAL_REPRESENTATION('',(#6738),#6764);
#6738 = B_SPLINE_CURVE_WITH_KNOTS('',3,(#6739,#6740,#6741,#6742,#6743,
    #6744,#6745,#6746,#6747,#6748,#6749,#6750,#6751,#6752,#6753,#6754,
    #6755,#6756,#6757,#6758,#6759,#6760,#6761,#6762,#6763),
  .UNSPECIFIED.,.F.,.F.,(4,1,1,1,1,1,1,1,1,1,1,1,1,1,1,1,1,1,1,1,1,1,4),
  (0.,5.203835059712E-02,0.104076701194,0.156115051791,0.208153402388,
    0.260191752986,0.312230103583,0.36426845418,0.416306804777,
    0.468345155374,0.520383505971,0.572421856568,0.624460207165,
    0.676498557763,0.72853690836,0.780575258957,0.832613609554,
    0.884651960151,0.936690310748,0.988728661345,1.040767011942,
    1.09280536254,1.144843713137),.UNSPECIFIED.);
#6739 = CARTESIAN_POINT('',(6.28318530718,-1.244832505821));
#6740 = CARTESIAN_POINT('',(6.283185307188,-1.227486388955));
#6741 = CARTESIAN_POINT('',(6.283185307195,-1.192794155224));
#6742 = CARTESIAN_POINT('',(6.283185307191,-1.140755804626));
#6743 = CARTESIAN_POINT('',(6.283185307191,-1.088717454029));
#6744 = CARTESIAN_POINT('',(6.28318530719,-1.036679103432));
#6745 = CARTESIAN_POINT('',(6.28318530719,-0.984640752835));
#6746 = CARTESIAN_POINT('',(6.283185307189,-0.932602402238));
#6747 = CARTESIAN_POINT('',(6.283185307189,-0.880564051641));
#6748 = CARTESIAN_POINT('',(6.283185307188,-0.828525701044));
#6749 = CARTESIAN_POINT('',(6.283185307187,-0.776487350447));
#6750 = CARTESIAN_POINT('',(6.283185307187,-0.724448999849));
#6751 = CARTESIAN_POINT('',(6.283185307186,-0.672410649252));
#6752 = CARTESIAN_POINT('',(6.283185307186,-0.620372298655));
#6753 = CARTESIAN_POINT('',(6.283185307185,-0.568333948058));
#6754 = CARTESIAN_POINT('',(6.283185307184,-0.516295597461));
#6755 = CARTESIAN_POINT('',(6.283185307184,-0.464257246864));
#6756 = CARTESIAN_POINT('',(6.283185307183,-0.412218896267));
#6757 = CARTESIAN_POINT('',(6.283185307183,-0.36018054567));
#6758 = CARTESIAN_POINT('',(6.283185307182,-0.308142195072));
#6759 = CARTESIAN_POINT('',(6.283185307181,-0.256103844475));
#6760 = CARTESIAN_POINT('',(6.283185307181,-0.204065493878));
#6761 = CARTESIAN_POINT('',(6.28318530718,-0.152027143281));
#6762 = CARTESIAN_POINT('',(6.28318530718,-0.11733490955));
#6763 = CARTESIAN_POINT('',(6.28318530718,-9.998879268397E-02));
#6764 = ( GEOMETRIC_REPRESENTATION_CONTEXT(2) 
PARAMETRIC_REPRESENTATION_CONTEXT() REPRESENTATION_CONTEXT('2D SPACE',''
  ) );
#6765 = ORIENTED_EDGE('',*,*,#6766,.F.);
#6766 = EDGE_CURVE('',#6767,#6700,#6769,.T.);
#6767 = VERTEX_POINT('',#6768);
#6768 = CARTESIAN_POINT('',(1.320999639479,0.599634237984,5.241926223421
    ));
#6769 = SURFACE_CURVE('',#6770,(#6777,#6806),.PCURVE_S1.);
#6770 = B_SPLINE_CURVE_WITH_KNOTS('',3,(#6771,#6772,#6773,#6774,#6775,
    #6776),.UNSPECIFIED.,.F.,.F.,(4,2,4),(1.686533929669,1.688072268964,
    1.760655434733),.UNSPECIFIED.);
#6771 = CARTESIAN_POINT('',(1.320999639479,0.599634237984,5.241926223421
    ));
#6772 = CARTESIAN_POINT('',(1.321542160837,0.599620682509,5.241926223421
    ));
#6773 = CARTESIAN_POINT('',(1.322084667991,0.599606738945,5.241925119688
    ));
#6774 = CARTESIAN_POINT('',(1.348223132062,0.598916118511,5.241818766661
    ));
#6775 = CARTESIAN_POINT('',(1.373796518584,0.597352180734,5.239225486165
    ));
#6776 = CARTESIAN_POINT('',(1.398502890246,0.59483250582,5.234345955495)
  );
#6777 = PCURVE('',#6511,#6778);
#6778 = DEFINITIONAL_REPRESENTATION('',(#6779),#6805);
#6779 = B_SPLINE_CURVE_WITH_KNOTS('',3,(#6780,#6781,#6782,#6783,#6784,
    #6785,#6786,#6787,#6788,#6789,#6790,#6791,#6792,#6793,#6794,#6795,
    #6796,#6797,#6798,#6799,#6800,#6801,#6802,#6803,#6804),
  .UNSPECIFIED.,.F.,.F.,(4,1,1,1,1,1,1,1,1,1,1,1,1,1,1,1,1,1,1,1,1,1,4),
  (1.686533929669,1.68990308899,1.693272248311,1.696641407632,
    1.700010566953,1.703379726274,1.706748885596,1.710118044917,
    1.713487204238,1.716856363559,1.72022552288,1.723594682201,
    1.726963841522,1.730333000843,1.733702160164,1.737071319485,
    1.740440478806,1.743809638128,1.747178797449,1.75054795677,
    1.753917116091,1.757286275412,1.760655434733),
  .QUASI_UNIFORM_KNOTS.);
#6780 = CARTESIAN_POINT('',(0.194991429547,-1.249634237984));
#6781 = CARTESIAN_POINT('',(0.192021028653,-1.249604574202));
#6782 = CARTESIAN_POINT('',(0.186080335259,-1.249541445961));
#6783 = CARTESIAN_POINT('',(0.177170086543,-1.249435286289));
#6784 = CARTESIAN_POINT('',(0.16826104746,-1.249317580149));
#6785 = CARTESIAN_POINT('',(0.159353804041,-1.249188296946));
#6786 = CARTESIAN_POINT('',(0.150448908677,-1.249047393073));
#6787 = CARTESIAN_POINT('',(0.141546933229,-1.248894828409));
#6788 = CARTESIAN_POINT('',(0.132648453938,-1.2487305619));
#6789 = CARTESIAN_POINT('',(0.123754054599,-1.248554552742));
#6790 = CARTESIAN_POINT('',(0.11486432484,-1.248366760062));
#6791 = CARTESIAN_POINT('',(0.105979859707,-1.248167143009));
#6792 = CARTESIAN_POINT('',(9.71012588992E-02,-1.247955660723));
#6793 = CARTESIAN_POINT('',(8.822912609224E-02,-1.247732272347));
#6794 = CARTESIAN_POINT('',(7.936406824239E-02,-1.247496937025));
#6795 = CARTESIAN_POINT('',(7.050669489351E-02,-1.247249613898));
#6796 = CARTESIAN_POINT('',(6.165761748557E-02,-1.24699026211));
#6797 = CARTESIAN_POINT('',(5.281744866495E-02,-1.246718840804));
#6798 = CARTESIAN_POINT('',(4.398680160043E-02,-1.246435309122));
#6799 = CARTESIAN_POINT('',(3.516628929277E-02,-1.246139626207));
#6800 = CARTESIAN_POINT('',(2.635652392811E-02,-1.245831751202));
#6801 = CARTESIAN_POINT('',(1.755811609019E-02,-1.245511643249));
#6802 = CARTESIAN_POINT('',(8.771674527051E-03,-1.245179261492));
#6803 = CARTESIAN_POINT('',(2.922427428088E-03,-1.24494946388));
#6804 = CARTESIAN_POINT('',(0.,-1.24483250582));
#6805 = ( GEOMETRIC_REPRESENTATION_CONTEXT(2) 
PARAMETRIC_REPRESENTATION_CONTEXT() REPRESENTATION_CONTEXT('2D SPACE',''
  ) );
#6806 = PCURVE('',#6807,#6812);
#6807 = CYLINDRICAL_SURFACE('',#6808,1.);
#6808 = AXIS2_PLACEMENT_3D('',#6809,#6810,#6811);
#6809 = CARTESIAN_POINT('',(1.07424217704,-0.4,4.718137431491));
#6810 = DIRECTION('',(0.383457482808,2.050711889843E-16,0.923558530294)
  );
#6811 = DIRECTION('',(0.653054499593,0.707106781187,-0.27114538639));
#6812 = DEFINITIONAL_REPRESENTATION('',(#6813),#6839);
#6813 = B_SPLINE_CURVE_WITH_KNOTS('',3,(#6814,#6815,#6816,#6817,#6818,
    #6819,#6820,#6821,#6822,#6823,#6824,#6825,#6826,#6827,#6828,#6829,
    #6830,#6831,#6832,#6833,#6834,#6835,#6836,#6837,#6838),
  .UNSPECIFIED.,.F.,.F.,(4,1,1,1,1,1,1,1,1,1,1,1,1,1,1,1,1,1,1,1,1,1,4),
  (1.686533929669,1.68990308899,1.693272248311,1.696641407632,
    1.700010566953,1.703379726274,1.706748885595,1.710118044916,
    1.713487204237,1.716856363559,1.72022552288,1.723594682201,
    1.726963841522,1.730333000843,1.733702160164,1.737071319485,
    1.740440478806,1.743809638128,1.747178797449,1.75054795677,
    1.753917116091,1.757286275412,1.760655434733),.UNSPECIFIED.);
#6814 = CARTESIAN_POINT('',(0.758350637992,0.57837060227));
#6815 = CARTESIAN_POINT('',(0.757252916543,0.578826248103));
#6816 = CARTESIAN_POINT('',(0.755053303884,0.57972762702));
#6817 = CARTESIAN_POINT('',(0.751741806011,0.581049850493));
#6818 = CARTESIAN_POINT('',(0.748418634307,0.582342108324));
#6819 = CARTESIAN_POINT('',(0.745084282526,0.583604329064));
#6820 = CARTESIAN_POINT('',(0.741739220595,0.584836428056));
#6821 = CARTESIAN_POINT('',(0.738383924699,0.586038324184));
#6822 = CARTESIAN_POINT('',(0.735018869161,0.58720993538));
#6823 = CARTESIAN_POINT('',(0.731644528551,0.588351179834));
#6824 = CARTESIAN_POINT('',(0.728261377053,0.589461975666));
#6825 = CARTESIAN_POINT('',(0.724869888567,0.590542241014));
#6826 = CARTESIAN_POINT('',(0.721470536617,0.591591894012));
#6827 = CARTESIAN_POINT('',(0.718063794297,0.592610852795));
#6828 = CARTESIAN_POINT('',(0.714650134221,0.593599035497));
#6829 = CARTESIAN_POINT('',(0.71123002846,0.594556360253));
#6830 = CARTESIAN_POINT('',(0.707803948488,0.595482745198));
#6831 = CARTESIAN_POINT('',(0.704372365119,0.596378108466));
#6832 = CARTESIAN_POINT('',(0.700935748456,0.597242368191));
#6833 = CARTESIAN_POINT('',(0.697494567822,0.59807544251));
#6834 = CARTESIAN_POINT('',(0.694049291715,0.598877249556));
#6835 = CARTESIAN_POINT('',(0.690600387712,0.599647707463));
#6836 = CARTESIAN_POINT('',(0.687148322543,0.600386734367));
#6837 = CARTESIAN_POINT('',(0.684845148538,0.600858410391));
#6838 = CARTESIAN_POINT('',(0.683693189849,0.601088982613));
#6839 = ( GEOMETRIC_REPRESENTATION_CONTEXT(2) 
PARAMETRIC_REPRESENTATION_CONTEXT() REPRESENTATION_CONTEXT('2D SPACE',''
  ) );
#6840 = ORIENTED_EDGE('',*,*,#6841,.T.);
#6841 = EDGE_CURVE('',#6767,#6438,#6842,.T.);
#6842 = SURFACE_CURVE('',#6843,(#6847,#6854),.PCURVE_S1.);
#6843 = LINE('',#6844,#6845);
#6844 = CARTESIAN_POINT('',(1.320999639479,0.599634237984,5.241926223421
    ));
#6845 = VECTOR('',#6846,1.);
#6846 = DIRECTION('',(0.,-1.,2.22044604925E-16));
#6847 = PCURVE('',#6511,#6848);
#6848 = DEFINITIONAL_REPRESENTATION('',(#6849),#6853);
#6849 = LINE('',#6850,#6851);
#6850 = CARTESIAN_POINT('',(0.194991429547,-1.249634237984));
#6851 = VECTOR('',#6852,1.);
#6852 = DIRECTION('',(0.,1.));
#6853 = ( GEOMETRIC_REPRESENTATION_CONTEXT(2) 
PARAMETRIC_REPRESENTATION_CONTEXT() REPRESENTATION_CONTEXT('2D SPACE',''
  ) );
#6854 = PCURVE('',#4711,#6855);
#6855 = DEFINITIONAL_REPRESENTATION('',(#6856),#6860);
#6856 = LINE('',#6857,#6858);
#6857 = CARTESIAN_POINT('',(-2.499634237984,3.675999639479));
#6858 = VECTOR('',#6859,1.);
#6859 = DIRECTION('',(1.,0.));
#6860 = ( GEOMETRIC_REPRESENTATION_CONTEXT(2) 
PARAMETRIC_REPRESENTATION_CONTEXT() REPRESENTATION_CONTEXT('2D SPACE',''
  ) );
#6861 = ORIENTED_EDGE('',*,*,#6468,.T.);
#6862 = ADVANCED_FACE('',(#6863),#6807,.T.);
#6863 = FACE_BOUND('',#6864,.T.);
#6864 = EDGE_LOOP('',(#6865,#6895,#6950,#6996,#7024,#7049,#7050,#7118));
#6865 = ORIENTED_EDGE('',*,*,#6866,.F.);
#6866 = EDGE_CURVE('',#6867,#6869,#6871,.T.);
#6867 = VERTEX_POINT('',#6868);
#6868 = CARTESIAN_POINT('',(1.884829310891,0.307106781186,4.82640988069)
  );
#6869 = VERTEX_POINT('',#6870);
#6870 = CARTESIAN_POINT('',(1.961520807452,0.307106781186,5.011121586749
    ));
#6871 = SURFACE_CURVE('',#6872,(#6876,#6883),.PCURVE_S1.);
#6872 = LINE('',#6873,#6874);
#6873 = CARTESIAN_POINT('',(1.884829310891,0.307106781186,4.82640988069)
  );
#6874 = VECTOR('',#6875,1.);
#6875 = DIRECTION('',(0.383457482808,2.425517188984E-15,0.923558530294)
  );
#6876 = PCURVE('',#6807,#6877);
#6877 = DEFINITIONAL_REPRESENTATION('',(#6878),#6882);
#6878 = LINE('',#6879,#6880);
#6879 = CARTESIAN_POINT('',(0.,0.410821645996));
#6880 = VECTOR('',#6881,1.);
#6881 = DIRECTION('',(0.,1.));
#6882 = ( GEOMETRIC_REPRESENTATION_CONTEXT(2) 
PARAMETRIC_REPRESENTATION_CONTEXT() REPRESENTATION_CONTEXT('2D SPACE',''
  ) );
#6883 = PCURVE('',#6884,#6889);
#6884 = CYLINDRICAL_SURFACE('',#6885,1.);
#6885 = AXIS2_PLACEMENT_3D('',#6886,#6887,#6888);
#6886 = CARTESIAN_POINT('',(1.07424217704,-0.4,4.718137431491));
#6887 = DIRECTION('',(0.383457482808,2.050711889843E-16,0.923558530294)
  );
#6888 = DIRECTION('',(0.653054499593,0.707106781187,-0.27114538639));
#6889 = DEFINITIONAL_REPRESENTATION('',(#6890),#6894);
#6890 = LINE('',#6891,#6892);
#6891 = CARTESIAN_POINT('',(6.28318530718,0.410821645996));
#6892 = VECTOR('',#6893,1.);
#6893 = DIRECTION('',(0.,1.));
#6894 = ( GEOMETRIC_REPRESENTATION_CONTEXT(2) 
PARAMETRIC_REPRESENTATION_CONTEXT() REPRESENTATION_CONTEXT('2D SPACE',''
  ) );
#6895 = ORIENTED_EDGE('',*,*,#6896,.T.);
#6896 = EDGE_CURVE('',#6867,#6897,#6899,.T.);
#6897 = VERTEX_POINT('',#6898);
#6898 = CARTESIAN_POINT('',(1.360503142515,0.590120440051,5.041926223421
    ));
#6899 = SURFACE_CURVE('',#6900,(#6905,#6934),.PCURVE_S1.);
#6900 = ELLIPSE('',#6901,1.000006316182,1.);
#6901 = AXIS2_PLACEMENT_3D('',#6902,#6903,#6904);
#6902 = CARTESIAN_POINT('',(1.230811103854,-0.4,5.09523417473));
#6903 = DIRECTION('',(0.380172561287,2.053725137719E-16,0.924915576496)
  );
#6904 = DIRECTION('',(0.924915576496,-1.757741441527E-11,-0.380172561287
    ));
#6905 = PCURVE('',#6807,#6906);
#6906 = DEFINITIONAL_REPRESENTATION('',(#6907),#6933);
#6907 = B_SPLINE_CURVE_WITH_KNOTS('',3,(#6908,#6909,#6910,#6911,#6912,
    #6913,#6914,#6915,#6916,#6917,#6918,#6919,#6920,#6921,#6922,#6923,
    #6924,#6925,#6926,#6927,#6928,#6929,#6930,#6931,#6932),
  .UNSPECIFIED.,.F.,.F.,(4,1,1,1,1,1,1,1,1,1,1,1,1,1,1,1,1,1,1,1,1,1,4),
  (0.785398163415,0.81470339252,0.844008621625,0.87331385073,
    0.902619079835,0.93192430894,0.961229538045,0.99053476715,
    1.019839996255,1.04914522536,1.078450454465,1.10775568357,
    1.137060912676,1.166366141781,1.195671370886,1.224976599991,
    1.254281829096,1.283587058201,1.312892287306,1.342197516411,
    1.371502745516,1.400807974621,1.430113203726),.UNSPECIFIED.);
#6908 = CARTESIAN_POINT('',(0.,0.410821645996));
#6909 = CARTESIAN_POINT('',(9.768409701681E-03,0.410797096125));
#6910 = CARTESIAN_POINT('',(2.930522910504E-02,0.41074727637));
#6911 = CARTESIAN_POINT('',(5.861045821008E-02,0.410670452839));
#6912 = CARTESIAN_POINT('',(8.791568731513E-02,0.410591600854));
#6913 = CARTESIAN_POINT('',(0.11722091642,0.410510788269));
#6914 = CARTESIAN_POINT('',(0.146526145525,0.410428084444));
#6915 = CARTESIAN_POINT('',(0.17583137463,0.410343560408));
#6916 = CARTESIAN_POINT('',(0.205136603735,0.410257288742));
#6917 = CARTESIAN_POINT('',(0.23444183284,0.410169343533));
#6918 = CARTESIAN_POINT('',(0.263747061945,0.410079800301));
#6919 = CARTESIAN_POINT('',(0.29305229105,0.409988735941));
#6920 = CARTESIAN_POINT('',(0.322357520155,0.409896228652));
#6921 = CARTESIAN_POINT('',(0.351662749261,0.409802357874));
#6922 = CARTESIAN_POINT('',(0.380967978366,0.409707204216));
#6923 = CARTESIAN_POINT('',(0.410273207471,0.409610849392));
#6924 = CARTESIAN_POINT('',(0.439578436576,0.409513376143));
#6925 = CARTESIAN_POINT('',(0.468883665681,0.409414868174));
#6926 = CARTESIAN_POINT('',(0.498188894786,0.409315410077));
#6927 = CARTESIAN_POINT('',(0.527494123891,0.40921508726));
#6928 = CARTESIAN_POINT('',(0.556799352996,0.409113985872));
#6929 = CARTESIAN_POINT('',(0.586104582101,0.409012192741));
#6930 = CARTESIAN_POINT('',(0.615409811206,0.408909795246));
#6931 = CARTESIAN_POINT('',(0.634946630609,0.40884118605));
#6932 = CARTESIAN_POINT('',(0.644715040311,0.408806810048));
#6933 = ( GEOMETRIC_REPRESENTATION_CONTEXT(2) 
PARAMETRIC_REPRESENTATION_CONTEXT() REPRESENTATION_CONTEXT('2D SPACE',''
  ) );
#6934 = PCURVE('',#6935,#6940);
#6935 = PLANE('',#6936);
#6936 = AXIS2_PLACEMENT_3D('',#6937,#6938,#6939);
#6937 = CARTESIAN_POINT('',(2.155732522284,0.6,4.715059212204));
#6938 = DIRECTION('',(-0.380172561287,-2.05372513772E-16,-0.924915576496
    ));
#6939 = DIRECTION('',(1.25179262942E-29,1.,-2.22044604925E-16));
#6940 = DEFINITIONAL_REPRESENTATION('',(#6941),#6949);
#6941 = ( BOUNDED_CURVE() B_SPLINE_CURVE(2,(#6942,#6943,#6944,#6945,
#6946,#6947,#6948),.UNSPECIFIED.,.T.,.F.) B_SPLINE_CURVE_WITH_KNOTS((1,2
    ,2,2,2,1),(-2.094395102393,0.,2.094395102393,4.188790204786,
6.28318530718,8.377580409573),.UNSPECIFIED.) CURVE() 
GEOMETRIC_REPRESENTATION_ITEM() RATIONAL_B_SPLINE_CURVE((1.,0.5,1.,0.5,
1.,0.5,1.)) REPRESENTATION_ITEM('') );
#6942 = CARTESIAN_POINT('',(-1.000000000018,8.435474541102E-13));
#6943 = CARTESIAN_POINT('',(0.732050807551,3.128830527999E-11));
#6944 = CARTESIAN_POINT('',(-0.133974596207,-1.500009474257));
#6945 = CARTESIAN_POINT('',(-0.999999999965,-3.000018948545));
#6946 = CARTESIAN_POINT('',(-1.866025403776,-1.500009474287));
#6947 = CARTESIAN_POINT('',(-2.732050807586,-2.9602764684E-11));
#6948 = CARTESIAN_POINT('',(-1.000000000018,8.435474541102E-13));
#6949 = ( GEOMETRIC_REPRESENTATION_CONTEXT(2) 
PARAMETRIC_REPRESENTATION_CONTEXT() REPRESENTATION_CONTEXT('2D SPACE',''
  ) );
#6950 = ORIENTED_EDGE('',*,*,#6951,.T.);
#6951 = EDGE_CURVE('',#6897,#6952,#6954,.T.);
#6952 = VERTEX_POINT('',#6953);
#6953 = CARTESIAN_POINT('',(1.208677874446,0.6,5.041926223421));
#6954 = SURFACE_CURVE('',#6955,(#6960,#6989),.PCURVE_S1.);
#6955 = ELLIPSE('',#6956,1.082768408497,1.);
#6956 = AXIS2_PLACEMENT_3D('',#6957,#6958,#6959);
#6957 = CARTESIAN_POINT('',(1.208677874446,-0.4,5.041926223421));
#6958 = DIRECTION('',(-0.,2.22044604925E-16,1.));
#6959 = DIRECTION('',(1.,0.,0.));
#6960 = PCURVE('',#6807,#6961);
#6961 = DEFINITIONAL_REPRESENTATION('',(#6962),#6988);
#6962 = B_SPLINE_CURVE_WITH_KNOTS('',3,(#6963,#6964,#6965,#6966,#6967,
    #6968,#6969,#6970,#6971,#6972,#6973,#6974,#6975,#6976,#6977,#6978,
    #6979,#6980,#6981,#6982,#6983,#6984,#6985,#6986,#6987),
  .UNSPECIFIED.,.F.,.F.,(4,1,1,1,1,1,1,1,1,1,1,1,1,1,1,1,1,1,1,1,1,1,4),
  (1.430113203708,1.436507891121,1.442902578534,1.449297265947,
    1.45569195336,1.462086640773,1.468481328187,1.4748760156,
    1.481270703013,1.487665390426,1.494060077839,1.500454765252,
    1.506849452665,1.513244140078,1.519638827491,1.526033514904,
    1.532428202317,1.53882288973,1.545217577143,1.551612264556,
    1.558006951969,1.564401639382,1.570796326795),.UNSPECIFIED.);
#6963 = CARTESIAN_POINT('',(0.644715040311,0.408806810048));
#6964 = CARTESIAN_POINT('',(0.646846602782,0.407930538157));
#6965 = CARTESIAN_POINT('',(0.651109727724,0.406177200787));
#6966 = CARTESIAN_POINT('',(0.657504415137,0.403544921618));
#6967 = CARTESIAN_POINT('',(0.66389910255,0.400910476945));
#6968 = CARTESIAN_POINT('',(0.670293789963,0.398273974505));
#6969 = CARTESIAN_POINT('',(0.676688477376,0.395635522106));
#6970 = CARTESIAN_POINT('',(0.683083164789,0.392995227639));
#6971 = CARTESIAN_POINT('',(0.689477852202,0.390353199073));
#6972 = CARTESIAN_POINT('',(0.695872539615,0.387709544444));
#6973 = CARTESIAN_POINT('',(0.702267227028,0.385064371855));
#6974 = CARTESIAN_POINT('',(0.708661914441,0.382417789475));
#6975 = CARTESIAN_POINT('',(0.715056601854,0.379769905525));
#6976 = CARTESIAN_POINT('',(0.721451289267,0.377120828283));
#6977 = CARTESIAN_POINT('',(0.72784597668,0.374470666075));
#6978 = CARTESIAN_POINT('',(0.734240664093,0.371819527271));
#6979 = CARTESIAN_POINT('',(0.740635351506,0.369167520281));
#6980 = CARTESIAN_POINT('',(0.747030038919,0.366514753551));
#6981 = CARTESIAN_POINT('',(0.753424726332,0.363861335557));
#6982 = CARTESIAN_POINT('',(0.759819413745,0.361207374802));
#6983 = CARTESIAN_POINT('',(0.766214101158,0.358552979812));
#6984 = CARTESIAN_POINT('',(0.772608788571,0.355898259131));
#6985 = CARTESIAN_POINT('',(0.779003475984,0.353243321314));
#6986 = CARTESIAN_POINT('',(0.783266600926,0.35147329039));
#6987 = CARTESIAN_POINT('',(0.785398163397,0.350588274927));
#6988 = ( GEOMETRIC_REPRESENTATION_CONTEXT(2) 
PARAMETRIC_REPRESENTATION_CONTEXT() REPRESENTATION_CONTEXT('2D SPACE',''
  ) );
#6989 = PCURVE('',#4527,#6990);
#6990 = DEFINITIONAL_REPRESENTATION('',(#6991),#6995);
#6991 = ELLIPSE('',#6992,1.082768408497,1.);
#6992 = AXIS2_PLACEMENT_2D('',#6993,#6994);
#6993 = CARTESIAN_POINT('',(-0.3,1.208677874446));
#6994 = DIRECTION('',(0.,1.));
#6995 = ( GEOMETRIC_REPRESENTATION_CONTEXT(2) 
PARAMETRIC_REPRESENTATION_CONTEXT() REPRESENTATION_CONTEXT('2D SPACE',''
  ) );
#6996 = ORIENTED_EDGE('',*,*,#6997,.T.);
#6997 = EDGE_CURVE('',#6952,#6998,#7000,.T.);
#6998 = VERTEX_POINT('',#6999);
#6999 = CARTESIAN_POINT('',(1.291717004123,0.6,5.241926223421));
#7000 = SURFACE_CURVE('',#7001,(#7005,#7012),.PCURVE_S1.);
#7001 = LINE('',#7002,#7003);
#7002 = CARTESIAN_POINT('',(1.208677874446,0.6,5.041926223421));
#7003 = VECTOR('',#7004,1.);
#7004 = DIRECTION('',(0.383457482808,2.050711889843E-16,0.923558530294)
  );
#7005 = PCURVE('',#6807,#7006);
#7006 = DEFINITIONAL_REPRESENTATION('',(#7007),#7011);
#7007 = LINE('',#7008,#7009);
#7008 = CARTESIAN_POINT('',(0.785398163397,0.350588274927));
#7009 = VECTOR('',#7010,1.);
#7010 = DIRECTION('',(5.126779724607E-16,1.));
#7011 = ( GEOMETRIC_REPRESENTATION_CONTEXT(2) 
PARAMETRIC_REPRESENTATION_CONTEXT() REPRESENTATION_CONTEXT('2D SPACE',''
  ) );
#7012 = PCURVE('',#7013,#7018);
#7013 = PLANE('',#7014);
#7014 = AXIS2_PLACEMENT_3D('',#7015,#7016,#7017);
#7015 = CARTESIAN_POINT('',(-1.301250782228,0.6,5.041926223421));
#7016 = DIRECTION('',(0.,1.,-2.22044604925E-16));
#7017 = DIRECTION('',(-1.,0.,0.));
#7018 = DEFINITIONAL_REPRESENTATION('',(#7019),#7023);
#7019 = LINE('',#7020,#7021);
#7020 = CARTESIAN_POINT('',(-2.509928656674,0.));
#7021 = VECTOR('',#7022,1.);
#7022 = DIRECTION('',(-0.383457482808,0.923558530294));
#7023 = ( GEOMETRIC_REPRESENTATION_CONTEXT(2) 
PARAMETRIC_REPRESENTATION_CONTEXT() REPRESENTATION_CONTEXT('2D SPACE',''
  ) );
#7024 = ORIENTED_EDGE('',*,*,#7025,.T.);
#7025 = EDGE_CURVE('',#6998,#6767,#7026,.T.);
#7026 = SURFACE_CURVE('',#7027,(#7032,#7038),.PCURVE_S1.);
#7027 = ELLIPSE('',#7028,1.082768408497,1.);
#7028 = AXIS2_PLACEMENT_3D('',#7029,#7030,#7031);
#7029 = CARTESIAN_POINT('',(1.291717004123,-0.4,5.241926223421));
#7030 = DIRECTION('',(0.,-2.22044604925E-16,-1.));
#7031 = DIRECTION('',(1.,0.,0.));
#7032 = PCURVE('',#6807,#7033);
#7033 = DEFINITIONAL_REPRESENTATION('',(#7034),#7037);
#7034 = B_SPLINE_CURVE_WITH_KNOTS('',1,(#7035,#7036),.UNSPECIFIED.,.F.,
  .F.,(2,2),(4.712388980385,4.73943650579),.PIECEWISE_BEZIER_KNOTS.);
#7035 = CARTESIAN_POINT('',(0.785398163397,0.567141956627));
#7036 = CARTESIAN_POINT('',(0.758350637992,0.57837060227));
#7037 = ( GEOMETRIC_REPRESENTATION_CONTEXT(2) 
PARAMETRIC_REPRESENTATION_CONTEXT() REPRESENTATION_CONTEXT('2D SPACE',''
  ) );
#7038 = PCURVE('',#4711,#7039);
#7039 = DEFINITIONAL_REPRESENTATION('',(#7040),#7048);
#7040 = ( BOUNDED_CURVE() B_SPLINE_CURVE(2,(#7041,#7042,#7043,#7044,
#7045,#7046,#7047),.UNSPECIFIED.,.T.,.F.) B_SPLINE_CURVE_WITH_KNOTS((1,2
    ,2,2,2,1),(-2.094395102393,0.,2.094395102393,4.188790204786,
6.28318530718,8.377580409573),.UNSPECIFIED.) CURVE() 
GEOMETRIC_REPRESENTATION_ITEM() RATIONAL_B_SPLINE_CURVE((1.,0.5,1.,0.5,
1.,0.5,1.)) REPRESENTATION_ITEM('') );
#7041 = CARTESIAN_POINT('',(-1.5,4.72948541262));
#7042 = CARTESIAN_POINT('',(0.232050807569,4.72948541262));
#7043 = CARTESIAN_POINT('',(-0.633974596216,3.105332799875));
#7044 = CARTESIAN_POINT('',(-1.5,1.481180187129));
#7045 = CARTESIAN_POINT('',(-2.366025403784,3.105332799874));
#7046 = CARTESIAN_POINT('',(-3.232050807569,4.72948541262));
#7047 = CARTESIAN_POINT('',(-1.5,4.72948541262));
#7048 = ( GEOMETRIC_REPRESENTATION_CONTEXT(2) 
PARAMETRIC_REPRESENTATION_CONTEXT() REPRESENTATION_CONTEXT('2D SPACE',''
  ) );
#7049 = ORIENTED_EDGE('',*,*,#6766,.T.);
#7050 = ORIENTED_EDGE('',*,*,#7051,.T.);
#7051 = EDGE_CURVE('',#6700,#7052,#7054,.T.);
#7052 = VERTEX_POINT('',#7053);
#7053 = CARTESIAN_POINT('',(1.473068663994,0.583848064731,5.21189245402)
  );
#7054 = SURFACE_CURVE('',#7055,(#7060,#7089),.PCURVE_S1.);
#7055 = B_SPLINE_CURVE_WITH_KNOTS('',3,(#7056,#7057,#7058,#7059),
  .UNSPECIFIED.,.F.,.F.,(4,4),(1.760655434733,1.837383825946),
  .PIECEWISE_BEZIER_KNOTS.);
#7056 = CARTESIAN_POINT('',(1.398502890246,0.59483250582,5.234345955495)
  );
#7057 = CARTESIAN_POINT('',(1.424620243083,0.592168932243,5.22918775477)
  );
#7058 = CARTESIAN_POINT('',(1.449767253065,0.588431761015,5.221470146621
    ));
#7059 = CARTESIAN_POINT('',(1.473068663994,0.583848064731,5.21189245402)
  );
#7060 = PCURVE('',#6807,#7061);
#7061 = DEFINITIONAL_REPRESENTATION('',(#7062),#7088);
#7062 = B_SPLINE_CURVE_WITH_KNOTS('',3,(#7063,#7064,#7065,#7066,#7067,
    #7068,#7069,#7070,#7071,#7072,#7073,#7074,#7075,#7076,#7077,#7078,
    #7079,#7080,#7081,#7082,#7083,#7084,#7085,#7086,#7087),
  .UNSPECIFIED.,.F.,.F.,(4,1,1,1,1,1,1,1,1,1,1,1,1,1,1,1,1,1,1,1,1,1,4),
  (1.760655434733,1.764143088879,1.767630743025,1.771118397171,
    1.774606051317,1.778093705463,1.781581359609,1.785069013755,
    1.788556667901,1.792044322047,1.795531976193,1.79901963034,
    1.802507284486,1.805994938632,1.809482592778,1.812970246924,
    1.81645790107,1.819945555216,1.823433209362,1.826920863508,
    1.830408517654,1.8338961718,1.837383825946),.QUASI_UNIFORM_KNOTS.);
#7063 = CARTESIAN_POINT('',(0.68369318985,0.601088982614));
#7064 = CARTESIAN_POINT('',(0.682500716259,0.601327664164));
#7065 = CARTESIAN_POINT('',(0.680114967853,0.601793722107));
#7066 = CARTESIAN_POINT('',(0.676534510328,0.602459068371));
#7067 = CARTESIAN_POINT('',(0.672952786264,0.603090848801));
#7068 = CARTESIAN_POINT('',(0.669370365394,0.603689238214));
#7069 = CARTESIAN_POINT('',(0.665787818251,0.604254411426));
#7070 = CARTESIAN_POINT('',(0.66220571622,0.604786543257));
#7071 = CARTESIAN_POINT('',(0.658624631431,0.605285808521));
#7072 = CARTESIAN_POINT('',(0.655045136686,0.605752382037));
#7073 = CARTESIAN_POINT('',(0.651467805389,0.606186438622));
#7074 = CARTESIAN_POINT('',(0.647893211459,0.606588153093));
#7075 = CARTESIAN_POINT('',(0.644321929262,0.606957700267));
#7076 = CARTESIAN_POINT('',(0.64075453353,0.607295254961));
#7077 = CARTESIAN_POINT('',(0.637191599283,0.607600991992));
#7078 = CARTESIAN_POINT('',(0.633633701757,0.607875086177));
#7079 = CARTESIAN_POINT('',(0.630081416326,0.608117712334));
#7080 = CARTESIAN_POINT('',(0.626535318426,0.60832904528));
#7081 = CARTESIAN_POINT('',(0.622995983484,0.608509259832));
#7082 = CARTESIAN_POINT('',(0.619463986845,0.608658530807));
#7083 = CARTESIAN_POINT('',(0.615939903702,0.608777033022));
#7084 = CARTESIAN_POINT('',(0.612424309013,0.608864941294));
#7085 = CARTESIAN_POINT('',(0.608917777486,0.60892243044));
#7086 = CARTESIAN_POINT('',(0.606586514706,0.608940593666));
#7087 = CARTESIAN_POINT('',(0.605422585266,0.608944663697));
#7088 = ( GEOMETRIC_REPRESENTATION_CONTEXT(2) 
PARAMETRIC_REPRESENTATION_CONTEXT() REPRESENTATION_CONTEXT('2D SPACE',''
  ) );
#7089 = PCURVE('',#6584,#7090);
#7090 = DEFINITIONAL_REPRESENTATION('',(#7091),#7117);
#7091 = B_SPLINE_CURVE_WITH_KNOTS('',3,(#7092,#7093,#7094,#7095,#7096,
    #7097,#7098,#7099,#7100,#7101,#7102,#7103,#7104,#7105,#7106,#7107,
    #7108,#7109,#7110,#7111,#7112,#7113,#7114,#7115,#7116),
  .UNSPECIFIED.,.F.,.F.,(4,1,1,1,1,1,1,1,1,1,1,1,1,1,1,1,1,1,1,1,1,1,4),
  (1.760655434733,1.764143088879,1.767630743025,1.771118397171,
    1.774606051317,1.778093705463,1.781581359609,1.785069013755,
    1.788556667901,1.792044322047,1.795531976193,1.79901963034,
    1.802507284486,1.805994938632,1.809482592778,1.812970246924,
    1.81645790107,1.819945555216,1.823433209362,1.826920863508,
    1.830408517654,1.8338961718,1.837383825946),.UNSPECIFIED.);
#7092 = CARTESIAN_POINT('',(6.28318530718,-1.244832505821));
#7093 = CARTESIAN_POINT('',(6.280160097959,-1.244711434294));
#7094 = CARTESIAN_POINT('',(6.274114384858,-1.244464854888));
#7095 = CARTESIAN_POINT('',(6.26506057949,-1.244081804669));
#7096 = CARTESIAN_POINT('',(6.256022179586,-1.243685701292));
#7097 = CARTESIAN_POINT('',(6.246999851111,-1.243276672711));
#7098 = CARTESIAN_POINT('',(6.237994275249,-1.242854846877));
#7099 = CARTESIAN_POINT('',(6.229006149902,-1.242420351742));
#7100 = CARTESIAN_POINT('',(6.220036188234,-1.241973315259));
#7101 = CARTESIAN_POINT('',(6.211085117991,-1.24151386538));
#7102 = CARTESIAN_POINT('',(6.202153680619,-1.241042130057));
#7103 = CARTESIAN_POINT('',(6.193242630428,-1.240558237242));
#7104 = CARTESIAN_POINT('',(6.184352733754,-1.240062314889));
#7105 = CARTESIAN_POINT('',(6.175484768116,-1.239554490948));
#7106 = CARTESIAN_POINT('',(6.16663952138,-1.239034893372));
#7107 = CARTESIAN_POINT('',(6.157817790929,-1.238503650114));
#7108 = CARTESIAN_POINT('',(6.149020382834,-1.237960889126));
#7109 = CARTESIAN_POINT('',(6.14024811104,-1.23740673836));
#7110 = CARTESIAN_POINT('',(6.131501796548,-1.236841325768));
#7111 = CARTESIAN_POINT('',(6.122782266627,-1.236264779302));
#7112 = CARTESIAN_POINT('',(6.114090353993,-1.235677226916));
#7113 = CARTESIAN_POINT('',(6.105426896125,-1.23507879656));
#7114 = CARTESIAN_POINT('',(6.096792734167,-1.234469616187));
#7115 = CARTESIAN_POINT('',(6.091056720332,-1.234056414563));
#7116 = CARTESIAN_POINT('',(6.088193877633,-1.233848064731));
#7117 = ( GEOMETRIC_REPRESENTATION_CONTEXT(2) 
PARAMETRIC_REPRESENTATION_CONTEXT() REPRESENTATION_CONTEXT('2D SPACE',''
  ) );
#7118 = ORIENTED_EDGE('',*,*,#7119,.T.);
#7119 = EDGE_CURVE('',#7052,#6869,#7120,.T.);
#7120 = SURFACE_CURVE('',#7121,(#7126,#7155),.PCURVE_S1.);
#7121 = ELLIPSE('',#7122,1.000006316182,1.);
#7122 = AXIS2_PLACEMENT_3D('',#7123,#7124,#7125);
#7123 = CARTESIAN_POINT('',(1.307502600415,-0.4,5.279945880789));
#7124 = DIRECTION('',(-0.380172561287,-2.053725137711E-16,
    -0.924915576496));
#7125 = DIRECTION('',(0.924915576496,-1.757741441527E-11,-0.380172561287
    ));
#7126 = PCURVE('',#6807,#7127);
#7127 = DEFINITIONAL_REPRESENTATION('',(#7128),#7154);
#7128 = B_SPLINE_CURVE_WITH_KNOTS('',3,(#7129,#7130,#7131,#7132,#7133,
    #7134,#7135,#7136,#7137,#7138,#7139,#7140,#7141,#7142,#7143,#7144,
    #7145,#7146,#7147,#7148,#7149,#7150,#7151,#7152,#7153),
  .UNSPECIFIED.,.F.,.F.,(4,1,1,1,1,1,1,1,1,1,1,1,1,1,1,1,1,1,1,1,1,1,4),
  (4.892364558498,4.919883766919,4.947402975341,4.974922183762,
    5.002441392183,5.029960600604,5.057479809025,5.084999017447,
    5.112518225868,5.140037434289,5.16755664271,5.195075851131,
    5.222595059553,5.250114267974,5.277633476395,5.305152684816,
    5.332671893237,5.360191101659,5.38771031008,5.415229518501,
    5.442748726922,5.470267935343,5.497787143765),.UNSPECIFIED.);
#7129 = CARTESIAN_POINT('',(0.605422585266,0.608944663696));
#7130 = CARTESIAN_POINT('',(0.596249515793,0.608976740139));
#7131 = CARTESIAN_POINT('',(0.577903376845,0.609040732284));
#7132 = CARTESIAN_POINT('',(0.550384168424,0.609136166067));
#7133 = CARTESIAN_POINT('',(0.522864960003,0.609230973021));
#7134 = CARTESIAN_POINT('',(0.495345751582,0.609325081386));
#7135 = CARTESIAN_POINT('',(0.46782654316,0.609418419889));
#7136 = CARTESIAN_POINT('',(0.440307334739,0.60951091785));
#7137 = CARTESIAN_POINT('',(0.412788126318,0.609602505224));
#7138 = CARTESIAN_POINT('',(0.385268917897,0.609693112656));
#7139 = CARTESIAN_POINT('',(0.357749709476,0.609782671533));
#7140 = CARTESIAN_POINT('',(0.330230501054,0.609871114035));
#7141 = CARTESIAN_POINT('',(0.302711292633,0.609958373188));
#7142 = CARTESIAN_POINT('',(0.275192084212,0.610044382915));
#7143 = CARTESIAN_POINT('',(0.247672875791,0.610129078083));
#7144 = CARTESIAN_POINT('',(0.22015366737,0.610212394558));
#7145 = CARTESIAN_POINT('',(0.192634458948,0.610294269246));
#7146 = CARTESIAN_POINT('',(0.165115250527,0.610374640147));
#7147 = CARTESIAN_POINT('',(0.137596042106,0.6104534464));
#7148 = CARTESIAN_POINT('',(0.110076833685,0.610530628329));
#7149 = CARTESIAN_POINT('',(8.25576252636E-02,0.61060612748));
#7150 = CARTESIAN_POINT('',(5.50384168424E-02,0.610679886711));
#7151 = CARTESIAN_POINT('',(2.75192084212E-02,0.610751850055));
#7152 = CARTESIAN_POINT('',(9.173069473733E-03,0.610798592304));
#7153 = CARTESIAN_POINT('',(0.,0.610821645996));
#7154 = ( GEOMETRIC_REPRESENTATION_CONTEXT(2) 
PARAMETRIC_REPRESENTATION_CONTEXT() REPRESENTATION_CONTEXT('2D SPACE',''
  ) );
#7155 = PCURVE('',#7156,#7161);
#7156 = PLANE('',#7157);
#7157 = AXIS2_PLACEMENT_3D('',#7158,#7159,#7160);
#7158 = CARTESIAN_POINT('',(1.4,0.6,5.241926223421));
#7159 = DIRECTION('',(0.380172561287,2.05372513772E-16,0.924915576496));
#7160 = DIRECTION('',(-1.25179262942E-29,-1.,2.22044604925E-16));
#7161 = DEFINITIONAL_REPRESENTATION('',(#7162),#7170);
#7162 = ( BOUNDED_CURVE() B_SPLINE_CURVE(2,(#7163,#7164,#7165,#7166,
#7167,#7168,#7169),.UNSPECIFIED.,.T.,.F.) B_SPLINE_CURVE_WITH_KNOTS((1,2
    ,2,2,2,1),(-2.094395102393,0.,2.094395102393,4.188790204786,
6.28318530718,8.377580409573),.UNSPECIFIED.) CURVE() 
GEOMETRIC_REPRESENTATION_ITEM() RATIONAL_B_SPLINE_CURVE((1.,0.5,1.,0.5,
1.,0.5,1.)) REPRESENTATION_ITEM('') );
#7163 = CARTESIAN_POINT('',(1.000000000018,0.9));
#7164 = CARTESIAN_POINT('',(2.732050807586,0.899999999969));
#7165 = CARTESIAN_POINT('',(1.866025403776,-0.600009474289));
#7166 = CARTESIAN_POINT('',(0.999999999965,-2.100018948546));
#7167 = CARTESIAN_POINT('',(0.133974596207,-0.600009474258));
#7168 = CARTESIAN_POINT('',(-0.732050807551,0.90000000003));
#7169 = CARTESIAN_POINT('',(1.000000000018,0.9));
#7170 = ( GEOMETRIC_REPRESENTATION_CONTEXT(2) 
PARAMETRIC_REPRESENTATION_CONTEXT() REPRESENTATION_CONTEXT('2D SPACE',''
  ) );
#7171 = ADVANCED_FACE('',(#7172),#4660,.T.);
#7172 = FACE_BOUND('',#7173,.T.);
#7173 = EDGE_LOOP('',(#7174,#7197,#7198,#7221));
#7174 = ORIENTED_EDGE('',*,*,#7175,.F.);
#7175 = EDGE_CURVE('',#4568,#7176,#7178,.T.);
#7176 = VERTEX_POINT('',#7177);
#7177 = CARTESIAN_POINT('',(-1.398713764022,0.594854266089,
    5.235069283658));
#7178 = SURFACE_CURVE('',#7179,(#7183,#7190),.PCURVE_S1.);
#7179 = LINE('',#7180,#7181);
#7180 = CARTESIAN_POINT('',(-1.398713760745,-0.550008272442,
    5.235069284272));
#7181 = VECTOR('',#7182,1.);
#7182 = DIRECTION('',(-2.862217E-09,1.,-5.368999220446E-10));
#7183 = PCURVE('',#4660,#7184);
#7184 = DEFINITIONAL_REPRESENTATION('',(#7185),#7189);
#7185 = LINE('',#7186,#7187);
#7186 = CARTESIAN_POINT('',(8.345323460057E-09,0.674991727559));
#7187 = VECTOR('',#7188,1.);
#7188 = DIRECTION('',(-7.28936722025E-09,1.));
#7189 = ( GEOMETRIC_REPRESENTATION_CONTEXT(2) 
PARAMETRIC_REPRESENTATION_CONTEXT() REPRESENTATION_CONTEXT('2D SPACE',''
  ) );
#7190 = PCURVE('',#4583,#7191);
#7191 = DEFINITIONAL_REPRESENTATION('',(#7192),#7196);
#7192 = LINE('',#7193,#7194);
#7193 = CARTESIAN_POINT('',(6.283185315525,0.674991727558));
#7194 = VECTOR('',#7195,1.);
#7195 = DIRECTION('',(-7.289124541932E-09,1.));
#7196 = ( GEOMETRIC_REPRESENTATION_CONTEXT(2) 
PARAMETRIC_REPRESENTATION_CONTEXT() REPRESENTATION_CONTEXT('2D SPACE',''
  ) );
#7197 = ORIENTED_EDGE('',*,*,#4617,.T.);
#7198 = ORIENTED_EDGE('',*,*,#7199,.T.);
#7199 = EDGE_CURVE('',#4618,#7200,#7202,.T.);
#7200 = VERTEX_POINT('',#7201);
#7201 = CARTESIAN_POINT('',(-1.324967345885,0.599544752791,
    5.241926223421));
#7202 = SURFACE_CURVE('',#7203,(#7207,#7214),.PCURVE_S1.);
#7203 = LINE('',#7204,#7205);
#7204 = CARTESIAN_POINT('',(-1.324967345885,-0.583893261944,
    5.241926223421));
#7205 = VECTOR('',#7206,1.);
#7206 = DIRECTION('',(0.,1.,-2.22044604925E-16));
#7207 = PCURVE('',#4660,#7208);
#7208 = DEFINITIONAL_REPRESENTATION('',(#7209),#7213);
#7209 = LINE('',#7210,#7211);
#7210 = CARTESIAN_POINT('',(0.185426811597,0.641106738056));
#7211 = VECTOR('',#7212,1.);
#7212 = DIRECTION('',(0.,1.));
#7213 = ( GEOMETRIC_REPRESENTATION_CONTEXT(2) 
PARAMETRIC_REPRESENTATION_CONTEXT() REPRESENTATION_CONTEXT('2D SPACE',''
  ) );
#7214 = PCURVE('',#4711,#7215);
#7215 = DEFINITIONAL_REPRESENTATION('',(#7216),#7220);
#7216 = LINE('',#7217,#7218);
#7217 = CARTESIAN_POINT('',(-1.316106738056,1.030032654115));
#7218 = VECTOR('',#7219,1.);
#7219 = DIRECTION('',(-1.,0.));
#7220 = ( GEOMETRIC_REPRESENTATION_CONTEXT(2) 
PARAMETRIC_REPRESENTATION_CONTEXT() REPRESENTATION_CONTEXT('2D SPACE',''
  ) );
#7221 = ORIENTED_EDGE('',*,*,#7222,.F.);
#7222 = EDGE_CURVE('',#7176,#7200,#7223,.T.);
#7223 = SURFACE_CURVE('',#7224,(#7229,#7258),.PCURVE_S1.);
#7224 = B_SPLINE_CURVE_WITH_KNOTS('',3,(#7225,#7226,#7227,#7228),
  .UNSPECIFIED.,.F.,.F.,(4,4),(1.935096287389,2.005648352038),
  .PIECEWISE_BEZIER_KNOTS.);
#7225 = CARTESIAN_POINT('',(-1.398713764022,0.594854266089,
    5.235069283658));
#7226 = CARTESIAN_POINT('',(-1.374684898094,0.597299726696,
    5.239576657622));
#7227 = CARTESIAN_POINT('',(-1.349843161061,0.59884590054,5.241926223421
    ));
#7228 = CARTESIAN_POINT('',(-1.324967345885,0.599544752791,
    5.241926223421));
#7229 = PCURVE('',#4660,#7230);
#7230 = DEFINITIONAL_REPRESENTATION('',(#7231),#7257);
#7231 = B_SPLINE_CURVE_WITH_KNOTS('',3,(#7232,#7233,#7234,#7235,#7236,
    #7237,#7238,#7239,#7240,#7241,#7242,#7243,#7244,#7245,#7246,#7247,
    #7248,#7249,#7250,#7251,#7252,#7253,#7254,#7255,#7256),
  .UNSPECIFIED.,.F.,.F.,(4,1,1,1,1,1,1,1,1,1,1,1,1,1,1,1,1,1,1,1,1,1,4),
  (1.935096287389,1.938303199419,1.941510111448,1.944717023478,
    1.947923935507,1.951130847537,1.954337759566,1.957544671596,
    1.960751583625,1.963958495655,1.967165407684,1.970372319714,
    1.973579231743,1.976786143773,1.979993055802,1.983199967832,
    1.986406879861,1.989613791891,1.99282070392,1.99602761595,
    1.999234527979,2.002441440009,2.005648352038),.UNSPECIFIED.);
#7232 = CARTESIAN_POINT('',(0.,1.819854266089));
#7233 = CARTESIAN_POINT('',(2.778177241166E-03,1.819965423389));
#7234 = CARTESIAN_POINT('',(8.338676187863E-03,1.820184021929));
#7235 = CARTESIAN_POINT('',(1.669132749157E-02,1.820500800837));
#7236 = CARTESIAN_POINT('',(2.505535199736E-02,1.820806490125));
#7237 = CARTESIAN_POINT('',(3.343021712614E-02,1.821101119076));
#7238 = CARTESIAN_POINT('',(4.181538907022E-02,1.82138471697));
#7239 = CARTESIAN_POINT('',(5.021033300722E-02,1.821657313089));
#7240 = CARTESIAN_POINT('',(5.861451370997E-02,1.821918936715));
#7241 = CARTESIAN_POINT('',(6.702739605587E-02,1.82216961713));
#7242 = CARTESIAN_POINT('',(7.544844556782E-02,1.822409383614));
#7243 = CARTESIAN_POINT('',(8.387712895081E-02,1.822638265451));
#7244 = CARTESIAN_POINT('',(9.231291463291E-02,1.822856291921));
#7245 = CARTESIAN_POINT('',(0.100755273308,1.823063492307));
#7246 = CARTESIAN_POINT('',(0.109203678478,1.823259895889));
#7247 = CARTESIAN_POINT('',(0.117657606999,1.823445531949));
#7248 = CARTESIAN_POINT('',(0.126116539627,1.82362042977));
#7249 = CARTESIAN_POINT('',(0.134579961558,1.823784618632));
#7250 = CARTESIAN_POINT('',(0.143047362971,1.823938127818));
#7251 = CARTESIAN_POINT('',(0.151518239587,1.824080986609));
#7252 = CARTESIAN_POINT('',(0.159992093136,1.824213224287));
#7253 = CARTESIAN_POINT('',(0.168468432166,1.824334870132));
#7254 = CARTESIAN_POINT('',(0.176946771556,1.824445953428));
#7255 = CARTESIAN_POINT('',(0.182600015092,1.82451298678));
#7256 = CARTESIAN_POINT('',(0.185426811597,1.824544752792));
#7257 = ( GEOMETRIC_REPRESENTATION_CONTEXT(2) 
PARAMETRIC_REPRESENTATION_CONTEXT() REPRESENTATION_CONTEXT('2D SPACE',''
  ) );
#7258 = PCURVE('',#7259,#7264);
#7259 = CYLINDRICAL_SURFACE('',#7260,1.);
#7260 = AXIS2_PLACEMENT_3D('',#7261,#7262,#7263);
#7261 = CARTESIAN_POINT('',(-1.266864656673,-0.4,5.176557830207));
#7262 = DIRECTION('',(0.365721434557,-2.066623225727E-16,-0.93072435893)
  );
#7263 = DIRECTION('',(-0.658121505615,0.707106781187,-0.2586041064));
#7264 = DEFINITIONAL_REPRESENTATION('',(#7265),#7291);
#7265 = B_SPLINE_CURVE_WITH_KNOTS('',3,(#7266,#7267,#7268,#7269,#7270,
    #7271,#7272,#7273,#7274,#7275,#7276,#7277,#7278,#7279,#7280,#7281,
    #7282,#7283,#7284,#7285,#7286,#7287,#7288,#7289,#7290),
  .UNSPECIFIED.,.F.,.F.,(4,1,1,1,1,1,1,1,1,1,1,1,1,1,1,1,1,1,1,1,1,1,4),
  (1.935096287389,1.938303199419,1.941510111448,1.944717023478,
    1.947923935507,1.951130847537,1.954337759566,1.957544671596,
    1.960751583625,1.963958495655,1.967165407684,1.970372319714,
    1.973579231743,1.976786143773,1.979993055802,1.983199967832,
    1.986406879861,1.989613791891,1.99282070392,1.99602761595,
    1.999234527979,2.002441440009,2.005648352038),.UNSPECIFIED.);
#7266 = CARTESIAN_POINT('',(0.683907739482,-0.102678079687));
#7267 = CARTESIAN_POINT('',(0.685004871056,-0.102469318388));
#7268 = CARTESIAN_POINT('',(0.687198623963,-0.102042268481));
#7269 = CARTESIAN_POINT('',(0.69048731636,-0.101373171615));
#7270 = CARTESIAN_POINT('',(0.693773665874,-0.10067561267));
#7271 = CARTESIAN_POINT('',(0.697057265486,-9.994965157237E-02));
#7272 = CARTESIAN_POINT('',(0.70033770751,-9.919534824649E-02));
#7273 = CARTESIAN_POINT('',(0.703614583544,-9.841276261823E-02));
#7274 = CARTESIAN_POINT('',(0.706887484536,-9.760195461309E-02));
#7275 = CARTESIAN_POINT('',(0.710156000829,-9.676298415657E-02));
#7276 = CARTESIAN_POINT('',(0.713419722208,-9.589591117415E-02));
#7277 = CARTESIAN_POINT('',(0.716678237944,-9.500079559133E-02));
#7278 = CARTESIAN_POINT('',(0.719931136843,-9.407769733362E-02));
#7279 = CARTESIAN_POINT('',(0.723178007288,-9.312667632649E-02));
#7280 = CARTESIAN_POINT('',(0.726418437291,-9.214779249546E-02));
#7281 = CARTESIAN_POINT('',(0.729652014531,-9.114110576601E-02));
#7282 = CARTESIAN_POINT('',(0.732878326403,-9.010667606363E-02));
#7283 = CARTESIAN_POINT('',(0.736096960061,-8.904456331383E-02));
#7284 = CARTESIAN_POINT('',(0.739307502461,-8.795482744209E-02));
#7285 = CARTESIAN_POINT('',(0.742509540401,-8.683752837392E-02));
#7286 = CARTESIAN_POINT('',(0.745702660567,-8.569272603481E-02));
#7287 = CARTESIAN_POINT('',(0.748886449572,-8.452048035025E-02));
#7288 = CARTESIAN_POINT('',(0.752060493992,-8.332085124574E-02));
#7289 = CARTESIAN_POINT('',(0.754169751611,-8.250288284643E-02));
#7290 = CARTESIAN_POINT('',(0.75522261852,-8.208935471861E-02));
#7291 = ( GEOMETRIC_REPRESENTATION_CONTEXT(2) 
PARAMETRIC_REPRESENTATION_CONTEXT() REPRESENTATION_CONTEXT('2D SPACE',''
  ) );
#7292 = ADVANCED_FACE('',(#7293),#7259,.T.);
#7293 = FACE_BOUND('',#7294,.T.);
#7294 = EDGE_LOOP('',(#7295,#7325,#7380,#7446,#7447,#7474,#7497,#7543));
#7295 = ORIENTED_EDGE('',*,*,#7296,.F.);
#7296 = EDGE_CURVE('',#7297,#7299,#7301,.T.);
#7297 = VERTEX_POINT('',#7298);
#7298 = CARTESIAN_POINT('',(-1.965832919663,0.307106781186,
    5.021904623262));
#7299 = VERTEX_POINT('',#7300);
#7300 = CARTESIAN_POINT('',(-1.892688632752,0.307106781186,
    4.835759751476));
#7301 = SURFACE_CURVE('',#7302,(#7306,#7313),.PCURVE_S1.);
#7302 = LINE('',#7303,#7304);
#7303 = CARTESIAN_POINT('',(-1.965832919663,0.307106781186,
    5.021904623262));
#7304 = VECTOR('',#7305,1.);
#7305 = DIRECTION('',(0.365721434557,2.013783677427E-15,-0.93072435893)
  );
#7306 = PCURVE('',#7259,#7307);
#7307 = DEFINITIONAL_REPRESENTATION('',(#7308),#7312);
#7308 = LINE('',#7309,#7310);
#7309 = CARTESIAN_POINT('',(0.,-0.11168816896));
#7310 = VECTOR('',#7311,1.);
#7311 = DIRECTION('',(0.,1.));
#7312 = ( GEOMETRIC_REPRESENTATION_CONTEXT(2) 
PARAMETRIC_REPRESENTATION_CONTEXT() REPRESENTATION_CONTEXT('2D SPACE',''
  ) );
#7313 = PCURVE('',#7314,#7319);
#7314 = CYLINDRICAL_SURFACE('',#7315,1.);
#7315 = AXIS2_PLACEMENT_3D('',#7316,#7317,#7318);
#7316 = CARTESIAN_POINT('',(-1.266864656673,-0.4,5.176557830207));
#7317 = DIRECTION('',(0.365721434557,-2.066623225727E-16,-0.93072435893)
  );
#7318 = DIRECTION('',(-0.658121505615,0.707106781187,-0.2586041064));
#7319 = DEFINITIONAL_REPRESENTATION('',(#7320),#7324);
#7320 = LINE('',#7321,#7322);
#7321 = CARTESIAN_POINT('',(6.28318530718,-0.11168816896));
#7322 = VECTOR('',#7323,1.);
#7323 = DIRECTION('',(0.,1.));
#7324 = ( GEOMETRIC_REPRESENTATION_CONTEXT(2) 
PARAMETRIC_REPRESENTATION_CONTEXT() REPRESENTATION_CONTEXT('2D SPACE',''
  ) );
#7325 = ORIENTED_EDGE('',*,*,#7326,.T.);
#7326 = EDGE_CURVE('',#7297,#7327,#7329,.T.);
#7327 = VERTEX_POINT('',#7328);
#7328 = CARTESIAN_POINT('',(-1.469931808431,0.58456170244,5.214733552478
    ));
#7329 = SURFACE_CURVE('',#7330,(#7335,#7364),.PCURVE_S1.);
#7330 = ELLIPSE('',#7331,1.000006316182,1.);
#7331 = AXIS2_PLACEMENT_3D('',#7332,#7333,#7334);
#7332 = CARTESIAN_POINT('',(-1.306792280938,-0.4,5.278169628113));
#7333 = DIRECTION('',(0.362411156366,-2.069496402345E-16,-0.932018322643
    ));
#7334 = DIRECTION('',(-0.932018322643,-8.788883471438E-12,
    -0.362411156366));
#7335 = PCURVE('',#7259,#7336);
#7336 = DEFINITIONAL_REPRESENTATION('',(#7337),#7363);
#7337 = B_SPLINE_CURVE_WITH_KNOTS('',3,(#7338,#7339,#7340,#7341,#7342,
    #7343,#7344,#7345,#7346,#7347,#7348,#7349,#7350,#7351,#7352,#7353,
    #7354,#7355,#7356,#7357,#7358,#7359,#7360,#7361,#7362),
  .UNSPECIFIED.,.F.,.F.,(4,1,1,1,1,1,1,1,1,1,1,1,1,1,1,1,1,1,1,1,1,1,4),
  (0.785398163406,0.813100615084,0.840803066761,0.868505518439,
    0.896207970117,0.923910421794,0.951612873472,0.979315325149,
    1.007017776827,1.034720228504,1.062422680182,1.090125131859,
    1.117827583537,1.145530035215,1.173232486892,1.20093493857,
    1.228637390247,1.256339841925,1.284042293602,1.31174474528,
    1.339447196958,1.367149648635,1.394852100313),.UNSPECIFIED.);
#7338 = CARTESIAN_POINT('',(0.,-0.11168816896));
#7339 = CARTESIAN_POINT('',(9.23415055919E-03,-0.111664961762));
#7340 = CARTESIAN_POINT('',(2.770245167757E-02,-0.111617904011));
#7341 = CARTESIAN_POINT('',(5.540490335513E-02,-0.111545443062));
#7342 = CARTESIAN_POINT('',(8.31073550327E-02,-0.111471162972));
#7343 = CARTESIAN_POINT('',(0.11080980671,-0.111395120856));
#7344 = CARTESIAN_POINT('',(0.138512258388,-0.111317375037));
#7345 = CARTESIAN_POINT('',(0.166214710065,-0.111237985183));
#7346 = CARTESIAN_POINT('',(0.193917161743,-0.111157012213));
#7347 = CARTESIAN_POINT('',(0.221619613421,-0.111074518265));
#7348 = CARTESIAN_POINT('',(0.249322065098,-0.110990566644));
#7349 = CARTESIAN_POINT('',(0.277024516776,-0.11090522177));
#7350 = CARTESIAN_POINT('',(0.304726968453,-0.110818549137));
#7351 = CARTESIAN_POINT('',(0.332429420131,-0.110730615254));
#7352 = CARTESIAN_POINT('',(0.360131871808,-0.1106414876));
#7353 = CARTESIAN_POINT('',(0.387834323486,-0.110551234569));
#7354 = CARTESIAN_POINT('',(0.415536775164,-0.110459925421));
#7355 = CARTESIAN_POINT('',(0.443239226841,-0.110367630222));
#7356 = CARTESIAN_POINT('',(0.470941678519,-0.110274419798));
#7357 = CARTESIAN_POINT('',(0.498644130196,-0.110180365678));
#7358 = CARTESIAN_POINT('',(0.526346581874,-0.110085540033));
#7359 = CARTESIAN_POINT('',(0.554049033551,-0.109990015641));
#7360 = CARTESIAN_POINT('',(0.581751485229,-0.109893865769));
#7361 = CARTESIAN_POINT('',(0.600219786347,-0.109829398143));
#7362 = CARTESIAN_POINT('',(0.609453936906,-0.10979708469));
#7363 = ( GEOMETRIC_REPRESENTATION_CONTEXT(2) 
PARAMETRIC_REPRESENTATION_CONTEXT() REPRESENTATION_CONTEXT('2D SPACE',''
  ) );
#7364 = PCURVE('',#7365,#7370);
#7365 = PLANE('',#7366);
#7366 = AXIS2_PLACEMENT_3D('',#7367,#7368,#7369);
#7367 = CARTESIAN_POINT('',(-1.4,-0.55,5.241926223421));
#7368 = DIRECTION('',(-0.362411156366,2.069496402339E-16,0.932018322643)
  );
#7369 = DIRECTION('',(4.570803951545E-29,-1.,2.220446049249E-16));
#7370 = DEFINITIONAL_REPRESENTATION('',(#7371),#7379);
#7371 = ( BOUNDED_CURVE() B_SPLINE_CURVE(2,(#7372,#7373,#7374,#7375,
#7376,#7377,#7378),.UNSPECIFIED.,.T.,.F.) B_SPLINE_CURVE_WITH_KNOTS((1,2
    ,2,2,2,1),(-2.094395102393,0.,2.094395102393,4.188790204786,
6.28318530718,8.377580409573),.UNSPECIFIED.) CURVE() 
GEOMETRIC_REPRESENTATION_ITEM() RATIONAL_B_SPLINE_CURVE((1.,0.5,1.,0.5,
1.,0.5,1.)) REPRESENTATION_ITEM('') );
#7372 = CARTESIAN_POINT('',(-0.149999999991,-0.899999999999));
#7373 = CARTESIAN_POINT('',(-1.88205080756,-0.900000000015));
#7374 = CARTESIAN_POINT('',(-1.016025403789,0.600009474266));
#7375 = CARTESIAN_POINT('',(-0.150000000018,2.100018948547));
#7376 = CARTESIAN_POINT('',(0.71602540378,0.600009474281));
#7377 = CARTESIAN_POINT('',(1.582050807578,-0.899999999984));
#7378 = CARTESIAN_POINT('',(-0.149999999991,-0.899999999999));
#7379 = ( GEOMETRIC_REPRESENTATION_CONTEXT(2) 
PARAMETRIC_REPRESENTATION_CONTEXT() REPRESENTATION_CONTEXT('2D SPACE',''
  ) );
#7380 = ORIENTED_EDGE('',*,*,#7381,.T.);
#7381 = EDGE_CURVE('',#7327,#7176,#7382,.T.);
#7382 = SURFACE_CURVE('',#7383,(#7388,#7417),.PCURVE_S1.);
#7383 = B_SPLINE_CURVE_WITH_KNOTS('',3,(#7384,#7385,#7386,#7387),
  .UNSPECIFIED.,.F.,.F.,(4,4),(1.862087566042,1.935096287389),
  .PIECEWISE_BEZIER_KNOTS.);
#7384 = CARTESIAN_POINT('',(-1.469931808431,0.58456170244,5.214733552478
    ));
#7385 = CARTESIAN_POINT('',(-1.447573595586,0.588826505303,
    5.223427443547));
#7386 = CARTESIAN_POINT('',(-1.423579326575,0.592323653372,
    5.230404960772));
#7387 = CARTESIAN_POINT('',(-1.398713764022,0.594854266089,
    5.235069283658));
#7388 = PCURVE('',#7259,#7389);
#7389 = DEFINITIONAL_REPRESENTATION('',(#7390),#7416);
#7390 = B_SPLINE_CURVE_WITH_KNOTS('',3,(#7391,#7392,#7393,#7394,#7395,
    #7396,#7397,#7398,#7399,#7400,#7401,#7402,#7403,#7404,#7405,#7406,
    #7407,#7408,#7409,#7410,#7411,#7412,#7413,#7414,#7415),
  .UNSPECIFIED.,.F.,.F.,(4,1,1,1,1,1,1,1,1,1,1,1,1,1,1,1,1,1,1,1,1,1,4),
  (1.862087566042,1.865406144285,1.868724722528,1.872043300771,
    1.875361879014,1.878680457257,1.8819990355,1.885317613743,
    1.888636191986,1.891954770229,1.895273348472,1.898591926716,
    1.901910504959,1.905229083202,1.908547661445,1.911866239688,
    1.915184817931,1.918503396174,1.921821974417,1.92514055266,
    1.928459130903,1.931777709146,1.935096287389),
  .QUASI_UNIFORM_KNOTS.);
#7391 = CARTESIAN_POINT('',(0.609453936906,-0.10979708469));
#7392 = CARTESIAN_POINT('',(0.610561438255,-0.109793209168));
#7393 = CARTESIAN_POINT('',(0.612779527067,-0.109776384521));
#7394 = CARTESIAN_POINT('',(0.616115421928,-0.109723771344));
#7395 = CARTESIAN_POINT('',(0.619459581841,-0.109643626557));
#7396 = CARTESIAN_POINT('',(0.622811509858,-0.10953579476));
#7397 = CARTESIAN_POINT('',(0.626170708856,-0.109400120552));
#7398 = CARTESIAN_POINT('',(0.629536681563,-0.10923644853));
#7399 = CARTESIAN_POINT('',(0.632908930617,-0.109044623295));
#7400 = CARTESIAN_POINT('',(0.636286958622,-0.108824489444));
#7401 = CARTESIAN_POINT('',(0.639670268203,-0.108575891578));
#7402 = CARTESIAN_POINT('',(0.643058362066,-0.108298674293));
#7403 = CARTESIAN_POINT('',(0.646450743052,-0.107992682191));
#7404 = CARTESIAN_POINT('',(0.649846914202,-0.107657759868));
#7405 = CARTESIAN_POINT('',(0.653246378813,-0.107293751924));
#7406 = CARTESIAN_POINT('',(0.656648640495,-0.106900502959));
#7407 = CARTESIAN_POINT('',(0.660053203239,-0.10647785757));
#7408 = CARTESIAN_POINT('',(0.663459571467,-0.106025660356));
#7409 = CARTESIAN_POINT('',(0.6668672501,-0.105543755917));
#7410 = CARTESIAN_POINT('',(0.670275744617,-0.10503198885));
#7411 = CARTESIAN_POINT('',(0.673684561107,-0.104490203756));
#7412 = CARTESIAN_POINT('',(0.677093206356,-0.103918245233));
#7413 = CARTESIAN_POINT('',(0.680501187802,-0.103315957879));
#7414 = CARTESIAN_POINT('',(0.682772405258,-0.102894110155));
#7415 = CARTESIAN_POINT('',(0.683907739481,-0.102678079688));
#7416 = ( GEOMETRIC_REPRESENTATION_CONTEXT(2) 
PARAMETRIC_REPRESENTATION_CONTEXT() REPRESENTATION_CONTEXT('2D SPACE',''
  ) );
#7417 = PCURVE('',#4583,#7418);
#7418 = DEFINITIONAL_REPRESENTATION('',(#7419),#7445);
#7419 = B_SPLINE_CURVE_WITH_KNOTS('',3,(#7420,#7421,#7422,#7423,#7424,
    #7425,#7426,#7427,#7428,#7429,#7430,#7431,#7432,#7433,#7434,#7435,
    #7436,#7437,#7438,#7439,#7440,#7441,#7442,#7443,#7444),
  .UNSPECIFIED.,.F.,.F.,(4,1,1,1,1,1,1,1,1,1,1,1,1,1,1,1,1,1,1,1,1,1,4),
  (1.862087566042,1.865406144285,1.868724722528,1.872043300771,
    1.875361879014,1.878680457257,1.8819990355,1.885317613743,
    1.888636191986,1.891954770229,1.895273348472,1.898591926715,
    1.901910504959,1.905229083202,1.908547661445,1.911866239688,
    1.915184817931,1.918503396174,1.921821974417,1.92514055266,
    1.928459130903,1.931777709146,1.935096287389),.UNSPECIFIED.);
#7420 = CARTESIAN_POINT('',(6.097758495582,1.80956170244));
#7421 = CARTESIAN_POINT('',(6.100484521603,1.809755557116));
#7422 = CARTESIAN_POINT('',(6.105945899328,1.81014009434));
#7423 = CARTESIAN_POINT('',(6.114165211149,1.810707271728));
#7424 = CARTESIAN_POINT('',(6.122411035265,1.811264708601));
#7425 = CARTESIAN_POINT('',(6.130682642635,1.811812292893));
#7426 = CARTESIAN_POINT('',(6.138979307516,1.812349912537));
#7427 = CARTESIAN_POINT('',(6.147300308385,1.812877455468));
#7428 = CARTESIAN_POINT('',(6.155644928464,1.813394809619));
#7429 = CARTESIAN_POINT('',(6.164012456361,1.813901862922));
#7430 = CARTESIAN_POINT('',(6.172402186695,1.814398503313));
#7431 = CARTESIAN_POINT('',(6.180813420734,1.814884618724));
#7432 = CARTESIAN_POINT('',(6.189245467033,1.815360097088));
#7433 = CARTESIAN_POINT('',(6.197697642084,1.815824826341));
#7434 = CARTESIAN_POINT('',(6.206169270963,1.816278694414));
#7435 = CARTESIAN_POINT('',(6.21465968799,1.816721589242));
#7436 = CARTESIAN_POINT('',(6.223168237383,1.817153398758));
#7437 = CARTESIAN_POINT('',(6.231694273918,1.817574010896));
#7438 = CARTESIAN_POINT('',(6.240237163583,1.81798331359));
#7439 = CARTESIAN_POINT('',(6.24879628427,1.818381194772));
#7440 = CARTESIAN_POINT('',(6.257371026299,1.818767542377));
#7441 = CARTESIAN_POINT('',(6.265960793588,1.819142244338));
#7442 = CARTESIAN_POINT('',(6.274565002404,1.819505188589));
#7443 = CARTESIAN_POINT('',(6.280310393533,1.819739238238));
#7444 = CARTESIAN_POINT('',(6.28318530718,1.819854266089));
#7445 = ( GEOMETRIC_REPRESENTATION_CONTEXT(2) 
PARAMETRIC_REPRESENTATION_CONTEXT() REPRESENTATION_CONTEXT('2D SPACE',''
  ) );
#7446 = ORIENTED_EDGE('',*,*,#7222,.T.);
#7447 = ORIENTED_EDGE('',*,*,#7448,.T.);
#7448 = EDGE_CURVE('',#7200,#7449,#7451,.T.);
#7449 = VERTEX_POINT('',#7450);
#7450 = CARTESIAN_POINT('',(-1.292550696059,0.6,5.241926223421));
#7451 = SURFACE_CURVE('',#7452,(#7457,#7463),.PCURVE_S1.);
#7452 = ELLIPSE('',#7453,1.074431963024,1.);
#7453 = AXIS2_PLACEMENT_3D('',#7454,#7455,#7456);
#7454 = CARTESIAN_POINT('',(-1.292550696059,-0.4,5.241926223421));
#7455 = DIRECTION('',(-0.,-2.22044604925E-16,-1.));
#7456 = DIRECTION('',(-1.,0.,0.));
#7457 = PCURVE('',#7259,#7458);
#7458 = DEFINITIONAL_REPRESENTATION('',(#7459),#7462);
#7459 = B_SPLINE_CURVE_WITH_KNOTS('',1,(#7460,#7461),.UNSPECIFIED.,.F.,
  .F.,(2,2),(1.540620781917,1.570796326795),.PIECEWISE_BEZIER_KNOTS.);
#7460 = CARTESIAN_POINT('',(0.75522261852,-8.208935471861E-02));
#7461 = CARTESIAN_POINT('',(0.785398163397,-7.023389104083E-02));
#7462 = ( GEOMETRIC_REPRESENTATION_CONTEXT(2) 
PARAMETRIC_REPRESENTATION_CONTEXT() REPRESENTATION_CONTEXT('2D SPACE',''
  ) );
#7463 = PCURVE('',#4711,#7464);
#7464 = DEFINITIONAL_REPRESENTATION('',(#7465),#7473);
#7465 = ( BOUNDED_CURVE() B_SPLINE_CURVE(2,(#7466,#7467,#7468,#7469,
#7470,#7471,#7472),.UNSPECIFIED.,.T.,.F.) B_SPLINE_CURVE_WITH_KNOTS((1,2
    ,2,2,2,1),(-2.094395102393,0.,2.094395102393,4.188790204786,
6.28318530718,8.377580409573),.UNSPECIFIED.) CURVE() 
GEOMETRIC_REPRESENTATION_ITEM() RATIONAL_B_SPLINE_CURVE((1.,0.5,1.,0.5,
1.,0.5,1.)) REPRESENTATION_ITEM('') );
#7466 = CARTESIAN_POINT('',(-1.5,-1.1982659083E-02));
#7467 = CARTESIAN_POINT('',(-3.232050807569,-1.1982659083E-02));
#7468 = CARTESIAN_POINT('',(-2.366025403784,1.599665285453));
#7469 = CARTESIAN_POINT('',(-1.5,3.211313229989));
#7470 = CARTESIAN_POINT('',(-0.633974596216,1.599665285453));
#7471 = CARTESIAN_POINT('',(0.232050807569,-1.1982659083E-02));
#7472 = CARTESIAN_POINT('',(-1.5,-1.1982659083E-02));
#7473 = ( GEOMETRIC_REPRESENTATION_CONTEXT(2) 
PARAMETRIC_REPRESENTATION_CONTEXT() REPRESENTATION_CONTEXT('2D SPACE',''
  ) );
#7474 = ORIENTED_EDGE('',*,*,#7475,.T.);
#7475 = EDGE_CURVE('',#7449,#7476,#7478,.T.);
#7476 = VERTEX_POINT('',#7477);
#7477 = CARTESIAN_POINT('',(-1.213962136289,0.6,5.041926223421));
#7478 = SURFACE_CURVE('',#7479,(#7483,#7490),.PCURVE_S1.);
#7479 = LINE('',#7480,#7481);
#7480 = CARTESIAN_POINT('',(-1.292550696059,0.6,5.241926223421));
#7481 = VECTOR('',#7482,1.);
#7482 = DIRECTION('',(0.365721434557,-2.066623225727E-16,-0.93072435893)
  );
#7483 = PCURVE('',#7259,#7484);
#7484 = DEFINITIONAL_REPRESENTATION('',(#7485),#7489);
#7485 = LINE('',#7486,#7487);
#7486 = CARTESIAN_POINT('',(0.785398163397,-7.023389104083E-02));
#7487 = VECTOR('',#7488,1.);
#7488 = DIRECTION('',(1.549967419296E-15,1.));
#7489 = ( GEOMETRIC_REPRESENTATION_CONTEXT(2) 
PARAMETRIC_REPRESENTATION_CONTEXT() REPRESENTATION_CONTEXT('2D SPACE',''
  ) );
#7490 = PCURVE('',#7013,#7491);
#7491 = DEFINITIONAL_REPRESENTATION('',(#7492),#7496);
#7492 = LINE('',#7493,#7494);
#7493 = CARTESIAN_POINT('',(-8.700086169E-03,0.2));
#7494 = VECTOR('',#7495,1.);
#7495 = DIRECTION('',(-0.365721434557,-0.93072435893));
#7496 = ( GEOMETRIC_REPRESENTATION_CONTEXT(2) 
PARAMETRIC_REPRESENTATION_CONTEXT() REPRESENTATION_CONTEXT('2D SPACE',''
  ) );
#7497 = ORIENTED_EDGE('',*,*,#7498,.T.);
#7498 = EDGE_CURVE('',#7476,#7499,#7501,.T.);
#7499 = VERTEX_POINT('',#7500);
#7500 = CARTESIAN_POINT('',(-1.362487158565,0.59039933768,5.041926223421
    ));
#7501 = SURFACE_CURVE('',#7502,(#7507,#7536),.PCURVE_S1.);
#7502 = ELLIPSE('',#7503,1.074431963024,1.);
#7503 = AXIS2_PLACEMENT_3D('',#7504,#7505,#7506);
#7504 = CARTESIAN_POINT('',(-1.213962136289,-0.4,5.041926223421));
#7505 = DIRECTION('',(0.,2.22044604925E-16,1.));
#7506 = DIRECTION('',(-1.,0.,0.));
#7507 = PCURVE('',#7259,#7508);
#7508 = DEFINITIONAL_REPRESENTATION('',(#7509),#7535);
#7509 = B_SPLINE_CURVE_WITH_KNOTS('',3,(#7510,#7511,#7512,#7513,#7514,
    #7515,#7516,#7517,#7518,#7519,#7520,#7521,#7522,#7523,#7524,#7525,
    #7526,#7527,#7528,#7529,#7530,#7531,#7532,#7533,#7534),
  .UNSPECIFIED.,.F.,.F.,(4,1,1,1,1,1,1,1,1,1,1,1,1,1,1,1,1,1,1,1,1,1,4),
  (4.712388980385,4.718692614353,4.724996248321,4.731299882289,
    4.737603516257,4.743907150225,4.750210784193,4.756514418161,
    4.762818052129,4.769121686097,4.775425320065,4.781728954034,
    4.788032588002,4.79433622197,4.800639855938,4.806943489906,
    4.813247123874,4.819550757842,4.82585439181,4.832158025778,
    4.838461659746,4.844765293714,4.851068927682),.UNSPECIFIED.);
#7510 = CARTESIAN_POINT('',(0.785398163397,0.144652501564));
#7511 = CARTESIAN_POINT('',(0.783296952075,0.143826845706));
#7512 = CARTESIAN_POINT('',(0.779094529429,0.14217553399));
#7513 = CARTESIAN_POINT('',(0.772790895461,0.139698664839));
#7514 = CARTESIAN_POINT('',(0.766487261493,0.137221992533));
#7515 = CARTESIAN_POINT('',(0.760183627525,0.134745615483));
#7516 = CARTESIAN_POINT('',(0.753879993557,0.13226963209));
#7517 = CARTESIAN_POINT('',(0.747576359589,0.129794140738));
#7518 = CARTESIAN_POINT('',(0.741272725621,0.127319239793));
#7519 = CARTESIAN_POINT('',(0.734969091653,0.124845027597));
#7520 = CARTESIAN_POINT('',(0.728665457685,0.122371602464));
#7521 = CARTESIAN_POINT('',(0.722361823717,0.119899062678));
#7522 = CARTESIAN_POINT('',(0.716058189749,0.117427506486));
#7523 = CARTESIAN_POINT('',(0.709754555781,0.114957032098));
#7524 = CARTESIAN_POINT('',(0.703450921812,0.112487737678));
#7525 = CARTESIAN_POINT('',(0.697147287844,0.110019721348));
#7526 = CARTESIAN_POINT('',(0.690843653876,0.107553081174));
#7527 = CARTESIAN_POINT('',(0.684540019908,0.10508791517));
#7528 = CARTESIAN_POINT('',(0.67823638594,0.102624321292));
#7529 = CARTESIAN_POINT('',(0.671932751972,0.100162397431));
#7530 = CARTESIAN_POINT('',(0.665629118004,9.770224141521E-02));
#7531 = CARTESIAN_POINT('',(0.659325484036,9.524395099781E-02));
#7532 = CARTESIAN_POINT('',(0.653021850068,9.27876238673E-02));
#7533 = CARTESIAN_POINT('',(0.648819427423,9.115144635818E-02));
#7534 = CARTESIAN_POINT('',(0.6467182161,9.033371734991E-02));
#7535 = ( GEOMETRIC_REPRESENTATION_CONTEXT(2) 
PARAMETRIC_REPRESENTATION_CONTEXT() REPRESENTATION_CONTEXT('2D SPACE',''
  ) );
#7536 = PCURVE('',#4527,#7537);
#7537 = DEFINITIONAL_REPRESENTATION('',(#7538),#7542);
#7538 = ELLIPSE('',#7539,1.074431963024,1.);
#7539 = AXIS2_PLACEMENT_2D('',#7540,#7541);
#7540 = CARTESIAN_POINT('',(-0.3,-1.213962136289));
#7541 = DIRECTION('',(0.,-1.));
#7542 = ( GEOMETRIC_REPRESENTATION_CONTEXT(2) 
PARAMETRIC_REPRESENTATION_CONTEXT() REPRESENTATION_CONTEXT('2D SPACE',''
  ) );
#7543 = ORIENTED_EDGE('',*,*,#7544,.T.);
#7544 = EDGE_CURVE('',#7499,#7299,#7545,.T.);
#7545 = SURFACE_CURVE('',#7546,(#7551,#7580),.PCURVE_S1.);
#7546 = ELLIPSE('',#7547,1.000006316182,1.);
#7547 = AXIS2_PLACEMENT_3D('',#7548,#7549,#7550);
#7548 = CARTESIAN_POINT('',(-1.233647994027,-0.4,5.092024756327));
#7549 = DIRECTION('',(-0.362411156366,2.069496402339E-16,0.932018322643)
  );
#7550 = DIRECTION('',(-0.932018322643,-2.023349442035E-15,
    -0.362411156366));
#7551 = PCURVE('',#7259,#7552);
#7552 = DEFINITIONAL_REPRESENTATION('',(#7553),#7579);
#7553 = B_SPLINE_CURVE_WITH_KNOTS('',3,(#7554,#7555,#7556,#7557,#7558,
    #7559,#7560,#7561,#7562,#7563,#7564,#7565,#7566,#7567,#7568,#7569,
    #7570,#7571,#7572,#7573,#7574,#7575,#7576,#7577,#7578),
  .UNSPECIFIED.,.F.,.F.,(4,1,1,1,1,1,1,1,1,1,1,1,1,1,1,1,1,1,1,1,1,1,4),
  (4.851068927682,4.880465210232,4.909861492782,4.939257775332,
    4.968654057882,4.998050340432,5.027446622982,5.056842905532,
    5.086239188082,5.115635470632,5.145031753182,5.174428035732,
    5.203824318282,5.233220600832,5.262616883382,5.292013165932,
    5.321409448482,5.350805731032,5.380202013582,5.409598296132,
    5.438994578682,5.468390861232,5.497787143782),
  .QUASI_UNIFORM_KNOTS.);
#7554 = CARTESIAN_POINT('',(0.6467182161,9.033371734991E-02));
#7555 = CARTESIAN_POINT('',(0.63691945525,9.029922482587E-02));
#7556 = CARTESIAN_POINT('',(0.61732193355,9.023038144415E-02));
#7557 = CARTESIAN_POINT('',(0.587925651,9.012763009368E-02));
#7558 = CARTESIAN_POINT('',(0.55852936845,9.002548138625E-02));
#7559 = CARTESIAN_POINT('',(0.5291330859,8.992402355009E-02));
#7560 = CARTESIAN_POINT('',(0.49973680335,8.982334426255E-02));
#7561 = CARTESIAN_POINT('',(0.4703405208,8.972353051589E-02));
#7562 = CARTESIAN_POINT('',(0.44094423825,8.96246685578E-02));
#7563 = CARTESIAN_POINT('',(0.4115479557,8.952684381266E-02));
#7564 = CARTESIAN_POINT('',(0.38215167315,8.943014080883E-02));
#7565 = CARTESIAN_POINT('',(0.3527553906,8.933464310536E-02));
#7566 = CARTESIAN_POINT('',(0.32335910805,8.924043321984E-02));
#7567 = CARTESIAN_POINT('',(0.2939628255,8.914759255706E-02));
#7568 = CARTESIAN_POINT('',(0.26456654295,8.905620133871E-02));
#7569 = CARTESIAN_POINT('',(0.2351702604,8.896633853403E-02));
#7570 = CARTESIAN_POINT('',(0.20577397785,8.887808179166E-02));
#7571 = CARTESIAN_POINT('',(0.1763776953,8.879150737221E-02));
#7572 = CARTESIAN_POINT('',(0.14698141275,8.870669008358E-02));
#7573 = CARTESIAN_POINT('',(0.1175851302,8.862370321187E-02));
#7574 = CARTESIAN_POINT('',(8.818884764997E-02,8.854261847454E-02));
#7575 = CARTESIAN_POINT('',(5.879256509998E-02,8.846350589705E-02));
#7576 = CARTESIAN_POINT('',(2.939628254999E-02,8.838643398145E-02));
#7577 = CARTESIAN_POINT('',(9.798760849997E-03,8.833645718855E-02));
#7578 = CARTESIAN_POINT('',(0.,8.831183103994E-02));
#7579 = ( GEOMETRIC_REPRESENTATION_CONTEXT(2) 
PARAMETRIC_REPRESENTATION_CONTEXT() REPRESENTATION_CONTEXT('2D SPACE',''
  ) );
#7580 = PCURVE('',#7581,#7586);
#7581 = PLANE('',#7582);
#7582 = AXIS2_PLACEMENT_3D('',#7583,#7584,#7585);
#7583 = CARTESIAN_POINT('',(-2.165672203467,-0.55,4.729611310906));
#7584 = DIRECTION('',(0.362411156366,-2.069496402339E-16,-0.932018322643
    ));
#7585 = DIRECTION('',(-4.570803951545E-29,1.,-2.220446049249E-16));
#7586 = DEFINITIONAL_REPRESENTATION('',(#7587),#7595);
#7587 = ( BOUNDED_CURVE() B_SPLINE_CURVE(2,(#7588,#7589,#7590,#7591,
#7592,#7593,#7594),.UNSPECIFIED.,.T.,.F.) B_SPLINE_CURVE_WITH_KNOTS((1,2
    ,2,2,2,1),(-2.094395102393,0.,2.094395102393,4.188790204786,
6.28318530718,8.377580409573),.UNSPECIFIED.) CURVE() 
GEOMETRIC_REPRESENTATION_ITEM() RATIONAL_B_SPLINE_CURVE((1.,0.5,1.,0.5,
1.,0.5,1.)) REPRESENTATION_ITEM('') );
#7588 = CARTESIAN_POINT('',(0.15,1.414424133372E-13));
#7589 = CARTESIAN_POINT('',(-1.582050807569,1.447730824111E-13));
#7590 = CARTESIAN_POINT('',(-0.716025403784,1.500009474273));
#7591 = CARTESIAN_POINT('',(0.15,3.000018948546));
#7592 = CARTESIAN_POINT('',(1.016025403784,1.500009474273));
#7593 = CARTESIAN_POINT('',(1.882050807569,1.396660564978E-13));
#7594 = CARTESIAN_POINT('',(0.15,1.414424133372E-13));
#7595 = ( GEOMETRIC_REPRESENTATION_CONTEXT(2) 
PARAMETRIC_REPRESENTATION_CONTEXT() REPRESENTATION_CONTEXT('2D SPACE',''
  ) );
#7596 = ADVANCED_FACE('',(#7597),#7314,.T.);
#7597 = FACE_BOUND('',#7598,.T.);
#7598 = EDGE_LOOP('',(#7599,#7600,#7650,#7678));
#7599 = ORIENTED_EDGE('',*,*,#7296,.T.);
#7600 = ORIENTED_EDGE('',*,*,#7601,.T.);
#7601 = EDGE_CURVE('',#7299,#7602,#7604,.T.);
#7602 = VERTEX_POINT('',#7603);
#7603 = CARTESIAN_POINT('',(-2.165672203467,-0.4,4.729611310906));
#7604 = SURFACE_CURVE('',#7605,(#7610,#7639),.PCURVE_S1.);
#7605 = ELLIPSE('',#7606,1.000006316182,1.);
#7606 = AXIS2_PLACEMENT_3D('',#7607,#7608,#7609);
#7607 = CARTESIAN_POINT('',(-1.233647994027,-0.4,5.092024756327));
#7608 = DIRECTION('',(-0.362411156366,2.069496402339E-16,0.932018322643)
  );
#7609 = DIRECTION('',(-0.932018322643,-2.023349442035E-15,
    -0.362411156366));
#7610 = PCURVE('',#7314,#7611);
#7611 = DEFINITIONAL_REPRESENTATION('',(#7612),#7638);
#7612 = B_SPLINE_CURVE_WITH_KNOTS('',3,(#7613,#7614,#7615,#7616,#7617,
    #7618,#7619,#7620,#7621,#7622,#7623,#7624,#7625,#7626,#7627,#7628,
    #7629,#7630,#7631,#7632,#7633,#7634,#7635,#7636,#7637),
  .UNSPECIFIED.,.F.,.F.,(4,1,1,1,1,1,1,1,1,1,1,1,1,1,1,1,1,1,1,1,1,1,4),
  (5.497787143782,5.5334870603,5.569186976818,5.604886893336,
    5.640586809854,5.676286726372,5.711986642891,5.747686559409,
    5.783386475927,5.819086392445,5.854786308963,5.890486225481,
    5.926186141999,5.961886058517,5.997585975035,6.033285891553,
    6.068985808071,6.104685724589,6.140385641107,6.176085557625,
    6.211785474143,6.247485390662,6.28318530718),.UNSPECIFIED.);
#7613 = CARTESIAN_POINT('',(6.28318530718,8.831183103994E-02));
#7614 = CARTESIAN_POINT('',(6.271285335007,8.82819236104E-02));
#7615 = CARTESIAN_POINT('',(6.247485390662,8.822317777337E-02));
#7616 = CARTESIAN_POINT('',(6.211785474143,8.81383737057E-02));
#7617 = CARTESIAN_POINT('',(6.176085557625,8.805699364782E-02));
#7618 = CARTESIAN_POINT('',(6.140385641107,8.797914097083E-02));
#7619 = CARTESIAN_POINT('',(6.104685724589,8.790491497608E-02));
#7620 = CARTESIAN_POINT('',(6.068985808071,8.783441022928E-02));
#7621 = CARTESIAN_POINT('',(6.033285891553,8.776771658451E-02));
#7622 = CARTESIAN_POINT('',(5.997585975035,8.7704919031E-02));
#7623 = CARTESIAN_POINT('',(5.961886058517,8.764609759521E-02));
#7624 = CARTESIAN_POINT('',(5.926186141999,8.759132723602E-02));
#7625 = CARTESIAN_POINT('',(5.890486225481,8.754067775E-02));
#7626 = CARTESIAN_POINT('',(5.854786308963,8.749421368224E-02));
#7627 = CARTESIAN_POINT('',(5.819086392445,8.745199424419E-02));
#7628 = CARTESIAN_POINT('',(5.783386475927,8.741407323808E-02));
#7629 = CARTESIAN_POINT('',(5.747686559409,8.738049898867E-02));
#7630 = CARTESIAN_POINT('',(5.711986642891,8.735131428063E-02));
#7631 = CARTESIAN_POINT('',(5.676286726372,8.732655630779E-02));
#7632 = CARTESIAN_POINT('',(5.640586809854,8.730625661171E-02));
#7633 = CARTESIAN_POINT('',(5.604886893336,8.72904410939E-02));
#7634 = CARTESIAN_POINT('',(5.569186976818,8.727912978706E-02));
#7635 = CARTESIAN_POINT('',(5.5334870603,8.727233756029E-02));
#7636 = CARTESIAN_POINT('',(5.509687115955,8.727082676864E-02));
#7637 = CARTESIAN_POINT('',(5.497787143782,8.727082724922E-02));
#7638 = ( GEOMETRIC_REPRESENTATION_CONTEXT(2) 
PARAMETRIC_REPRESENTATION_CONTEXT() REPRESENTATION_CONTEXT('2D SPACE',''
  ) );
#7639 = PCURVE('',#7581,#7640);
#7640 = DEFINITIONAL_REPRESENTATION('',(#7641),#7649);
#7641 = ( BOUNDED_CURVE() B_SPLINE_CURVE(2,(#7642,#7643,#7644,#7645,
#7646,#7647,#7648),.UNSPECIFIED.,.T.,.F.) B_SPLINE_CURVE_WITH_KNOTS((1,2
    ,2,2,2,1),(-2.094395102393,0.,2.094395102393,4.188790204786,
6.28318530718,8.377580409573),.UNSPECIFIED.) CURVE() 
GEOMETRIC_REPRESENTATION_ITEM() RATIONAL_B_SPLINE_CURVE((1.,0.5,1.,0.5,
1.,0.5,1.)) REPRESENTATION_ITEM('') );
#7642 = CARTESIAN_POINT('',(0.15,1.414424133372E-13));
#7643 = CARTESIAN_POINT('',(-1.582050807569,1.447730824111E-13));
#7644 = CARTESIAN_POINT('',(-0.716025403784,1.500009474273));
#7645 = CARTESIAN_POINT('',(0.15,3.000018948546));
#7646 = CARTESIAN_POINT('',(1.016025403784,1.500009474273));
#7647 = CARTESIAN_POINT('',(1.882050807569,1.396660564978E-13));
#7648 = CARTESIAN_POINT('',(0.15,1.414424133372E-13));
#7649 = ( GEOMETRIC_REPRESENTATION_CONTEXT(2) 
PARAMETRIC_REPRESENTATION_CONTEXT() REPRESENTATION_CONTEXT('2D SPACE',''
  ) );
#7650 = ORIENTED_EDGE('',*,*,#7651,.T.);
#7651 = EDGE_CURVE('',#7602,#7652,#7654,.T.);
#7652 = VERTEX_POINT('',#7653);
#7653 = CARTESIAN_POINT('',(-2.238816490378,-0.4,4.915756182692));
#7654 = SURFACE_CURVE('',#7655,(#7659,#7666),.PCURVE_S1.);
#7655 = LINE('',#7656,#7657);
#7656 = CARTESIAN_POINT('',(-2.165672203467,-0.4,4.729611310906));
#7657 = VECTOR('',#7658,1.);
#7658 = DIRECTION('',(-0.365721434557,2.066623225727E-16,0.93072435893)
  );
#7659 = PCURVE('',#7314,#7660);
#7660 = DEFINITIONAL_REPRESENTATION('',(#7661),#7665);
#7661 = LINE('',#7662,#7663);
#7662 = CARTESIAN_POINT('',(5.497787143782,8.727082724922E-02));
#7663 = VECTOR('',#7664,1.);
#7664 = DIRECTION('',(0.,-1.));
#7665 = ( GEOMETRIC_REPRESENTATION_CONTEXT(2) 
PARAMETRIC_REPRESENTATION_CONTEXT() REPRESENTATION_CONTEXT('2D SPACE',''
  ) );
#7666 = PCURVE('',#7667,#7672);
#7667 = PLANE('',#7668);
#7668 = AXIS2_PLACEMENT_3D('',#7669,#7670,#7671);
#7669 = CARTESIAN_POINT('',(-2.238816490378,-0.55,4.915756182692));
#7670 = DIRECTION('',(-0.93072435893,-8.120647144873E-17,-0.365721434557
    ));
#7671 = DIRECTION('',(-7.752851930675E-29,-1.,2.22044604925E-16));
#7672 = DEFINITIONAL_REPRESENTATION('',(#7673),#7677);
#7673 = LINE('',#7674,#7675);
#7674 = CARTESIAN_POINT('',(-0.15,-0.2));
#7675 = VECTOR('',#7676,1.);
#7676 = DIRECTION('',(-1.430443185833E-29,1.));
#7677 = ( GEOMETRIC_REPRESENTATION_CONTEXT(2) 
PARAMETRIC_REPRESENTATION_CONTEXT() REPRESENTATION_CONTEXT('2D SPACE',''
  ) );
#7678 = ORIENTED_EDGE('',*,*,#7679,.T.);
#7679 = EDGE_CURVE('',#7652,#7297,#7680,.T.);
#7680 = SURFACE_CURVE('',#7681,(#7686,#7715),.PCURVE_S1.);
#7681 = ELLIPSE('',#7682,1.000006316182,1.);
#7682 = AXIS2_PLACEMENT_3D('',#7683,#7684,#7685);
#7683 = CARTESIAN_POINT('',(-1.306792280938,-0.4,5.278169628113));
#7684 = DIRECTION('',(0.362411156366,-2.069496402345E-16,-0.932018322643
    ));
#7685 = DIRECTION('',(-0.932018322643,-8.788883471438E-12,
    -0.362411156366));
#7686 = PCURVE('',#7314,#7687);
#7687 = DEFINITIONAL_REPRESENTATION('',(#7688),#7714);
#7688 = B_SPLINE_CURVE_WITH_KNOTS('',3,(#7689,#7690,#7691,#7692,#7693,
    #7694,#7695,#7696,#7697,#7698,#7699,#7700,#7701,#7702,#7703,#7704,
    #7705,#7706,#7707,#7708,#7709,#7710,#7711,#7712,#7713),
  .UNSPECIFIED.,.F.,.F.,(4,1,1,1,1,1,1,1,1,1,1,1,1,1,1,1,1,1,1,1,1,1,4),
  (8.788858511677E-12,3.569991652685E-02,7.139983304492E-02,
    0.107099749563,0.142799666081,0.178499582599,0.214199499117,
    0.249899415635,0.285599332153,0.321299248671,0.356999165189,
    0.392699081708,0.428398998226,0.464098914744,0.499798831262,
    0.53549874778,0.571198664298,0.606898580816,0.642598497334,
    0.678298413852,0.71399833037,0.749698246888,0.785398163406),
  .UNSPECIFIED.);
#7689 = CARTESIAN_POINT('',(5.497787143782,-0.112729172751));
#7690 = CARTESIAN_POINT('',(5.509687115955,-0.112729173231));
#7691 = CARTESIAN_POINT('',(5.5334870603,-0.11272766244));
#7692 = CARTESIAN_POINT('',(5.569186976818,-0.112720870213));
#7693 = CARTESIAN_POINT('',(5.604886893336,-0.112709558906));
#7694 = CARTESIAN_POINT('',(5.640586809854,-0.112693743388));
#7695 = CARTESIAN_POINT('',(5.676286726372,-0.112673443692));
#7696 = CARTESIAN_POINT('',(5.711986642891,-0.112648685719));
#7697 = CARTESIAN_POINT('',(5.747686559409,-0.112619501011));
#7698 = CARTESIAN_POINT('',(5.783386475927,-0.112585926762));
#7699 = CARTESIAN_POINT('',(5.819086392445,-0.112548005756));
#7700 = CARTESIAN_POINT('',(5.854786308963,-0.112505786318));
#7701 = CARTESIAN_POINT('',(5.890486225481,-0.11245932225));
#7702 = CARTESIAN_POINT('',(5.926186141999,-0.112408672764));
#7703 = CARTESIAN_POINT('',(5.961886058517,-0.112353902405));
#7704 = CARTESIAN_POINT('',(5.997585975035,-0.112295080969));
#7705 = CARTESIAN_POINT('',(6.033285891553,-0.112232283415));
#7706 = CARTESIAN_POINT('',(6.068985808071,-0.112165589771));
#7707 = CARTESIAN_POINT('',(6.104685724589,-0.112095085024));
#7708 = CARTESIAN_POINT('',(6.140385641107,-0.112020859029));
#7709 = CARTESIAN_POINT('',(6.176085557625,-0.111943006352));
#7710 = CARTESIAN_POINT('',(6.211785474143,-0.111861626294));
#7711 = CARTESIAN_POINT('',(6.247485390662,-0.111776822227));
#7712 = CARTESIAN_POINT('',(6.271285335007,-0.11171807639));
#7713 = CARTESIAN_POINT('',(6.28318530718,-0.11168816896));
#7714 = ( GEOMETRIC_REPRESENTATION_CONTEXT(2) 
PARAMETRIC_REPRESENTATION_CONTEXT() REPRESENTATION_CONTEXT('2D SPACE',''
  ) );
#7715 = PCURVE('',#7365,#7716);
#7716 = DEFINITIONAL_REPRESENTATION('',(#7717),#7725);
#7717 = ( BOUNDED_CURVE() B_SPLINE_CURVE(2,(#7718,#7719,#7720,#7721,
#7722,#7723,#7724),.UNSPECIFIED.,.T.,.F.) B_SPLINE_CURVE_WITH_KNOTS((1,2
    ,2,2,2,1),(-2.094395102393,0.,2.094395102393,4.188790204786,
6.28318530718,8.377580409573),.UNSPECIFIED.) CURVE() 
GEOMETRIC_REPRESENTATION_ITEM() RATIONAL_B_SPLINE_CURVE((1.,0.5,1.,0.5,
1.,0.5,1.)) REPRESENTATION_ITEM('') );
#7718 = CARTESIAN_POINT('',(-0.149999999991,-0.899999999999));
#7719 = CARTESIAN_POINT('',(-1.88205080756,-0.900000000015));
#7720 = CARTESIAN_POINT('',(-1.016025403789,0.600009474266));
#7721 = CARTESIAN_POINT('',(-0.150000000018,2.100018948547));
#7722 = CARTESIAN_POINT('',(0.71602540378,0.600009474281));
#7723 = CARTESIAN_POINT('',(1.582050807578,-0.899999999984));
#7724 = CARTESIAN_POINT('',(-0.149999999991,-0.899999999999));
#7725 = ( GEOMETRIC_REPRESENTATION_CONTEXT(2) 
PARAMETRIC_REPRESENTATION_CONTEXT() REPRESENTATION_CONTEXT('2D SPACE',''
  ) );
#7726 = ADVANCED_FACE('',(#7727),#4583,.T.);
#7727 = FACE_BOUND('',#7728,.T.);
#7728 = EDGE_LOOP('',(#7729,#7730,#7731,#7754,#7776));
#7729 = ORIENTED_EDGE('',*,*,#7175,.T.);
#7730 = ORIENTED_EDGE('',*,*,#7381,.F.);
#7731 = ORIENTED_EDGE('',*,*,#7732,.T.);
#7732 = EDGE_CURVE('',#7327,#7733,#7735,.T.);
#7733 = VERTEX_POINT('',#7734);
#7734 = CARTESIAN_POINT('',(-1.469931808431,-0.55,5.214733552478));
#7735 = SURFACE_CURVE('',#7736,(#7740,#7747),.PCURVE_S1.);
#7736 = LINE('',#7737,#7738);
#7737 = CARTESIAN_POINT('',(-1.469931808431,0.58456170244,5.214733552478
    ));
#7738 = VECTOR('',#7739,1.);
#7739 = DIRECTION('',(0.,-1.,2.22044604925E-16));
#7740 = PCURVE('',#4583,#7741);
#7741 = DEFINITIONAL_REPRESENTATION('',(#7742),#7746);
#7742 = LINE('',#7743,#7744);
#7743 = CARTESIAN_POINT('',(6.097758495582,1.80956170244));
#7744 = VECTOR('',#7745,1.);
#7745 = DIRECTION('',(0.,-1.));
#7746 = ( GEOMETRIC_REPRESENTATION_CONTEXT(2) 
PARAMETRIC_REPRESENTATION_CONTEXT() REPRESENTATION_CONTEXT('2D SPACE',''
  ) );
#7747 = PCURVE('',#7365,#7748);
#7748 = DEFINITIONAL_REPRESENTATION('',(#7749),#7753);
#7749 = LINE('',#7750,#7751);
#7750 = CARTESIAN_POINT('',(-1.13456170244,-7.503265411435E-02));
#7751 = VECTOR('',#7752,1.);
#7752 = DIRECTION('',(1.,-2.489183863224E-33));
#7753 = ( GEOMETRIC_REPRESENTATION_CONTEXT(2) 
PARAMETRIC_REPRESENTATION_CONTEXT() REPRESENTATION_CONTEXT('2D SPACE',''
  ) );
#7754 = ORIENTED_EDGE('',*,*,#7755,.T.);
#7755 = EDGE_CURVE('',#7733,#4540,#7756,.T.);
#7756 = SURFACE_CURVE('',#7757,(#7762,#7769),.PCURVE_S1.);
#7757 = CIRCLE('',#7758,0.4);
#7758 = AXIS2_PLACEMENT_3D('',#7759,#7760,#7761);
#7759 = CARTESIAN_POINT('',(-1.324967345885,-0.55,4.841926223421));
#7760 = DIRECTION('',(3.82466339108E-33,1.,-2.22044604925E-16));
#7761 = DIRECTION('',(-0.184366045352,2.182382387225E-16,0.982857650589)
  );
#7762 = PCURVE('',#4583,#7763);
#7763 = DEFINITIONAL_REPRESENTATION('',(#7764),#7768);
#7764 = LINE('',#7765,#7766);
#7765 = CARTESIAN_POINT('',(0.,0.675));
#7766 = VECTOR('',#7767,1.);
#7767 = DIRECTION('',(1.,0.));
#7768 = ( GEOMETRIC_REPRESENTATION_CONTEXT(2) 
PARAMETRIC_REPRESENTATION_CONTEXT() REPRESENTATION_CONTEXT('2D SPACE',''
  ) );
#7769 = PCURVE('',#4555,#7770);
#7770 = DEFINITIONAL_REPRESENTATION('',(#7771),#7775);
#7771 = CIRCLE('',#7772,0.4);
#7772 = AXIS2_PLACEMENT_2D('',#7773,#7774);
#7773 = CARTESIAN_POINT('',(-0.459223590651,-0.139456691347));
#7774 = DIRECTION('',(0.193758126932,0.981049330181));
#7775 = ( GEOMETRIC_REPRESENTATION_CONTEXT(2) 
PARAMETRIC_REPRESENTATION_CONTEXT() REPRESENTATION_CONTEXT('2D SPACE',''
  ) );
#7776 = ORIENTED_EDGE('',*,*,#4567,.T.);
#7777 = ADVANCED_FACE('',(#7778),#7365,.T.);
#7778 = FACE_BOUND('',#7779,.T.);
#7779 = EDGE_LOOP('',(#7780,#7781,#7804,#7825,#7826));
#7780 = ORIENTED_EDGE('',*,*,#7679,.F.);
#7781 = ORIENTED_EDGE('',*,*,#7782,.F.);
#7782 = EDGE_CURVE('',#7783,#7652,#7785,.T.);
#7783 = VERTEX_POINT('',#7784);
#7784 = CARTESIAN_POINT('',(-2.238816490378,-0.55,4.915756182692));
#7785 = SURFACE_CURVE('',#7786,(#7790,#7797),.PCURVE_S1.);
#7786 = LINE('',#7787,#7788);
#7787 = CARTESIAN_POINT('',(-2.238816490378,-0.55,4.915756182692));
#7788 = VECTOR('',#7789,1.);
#7789 = DIRECTION('',(0.,1.,-2.22044604925E-16));
#7790 = PCURVE('',#7365,#7791);
#7791 = DEFINITIONAL_REPRESENTATION('',(#7792),#7796);
#7792 = LINE('',#7793,#7794);
#7793 = CARTESIAN_POINT('',(-7.242429783207E-17,-0.9));
#7794 = VECTOR('',#7795,1.);
#7795 = DIRECTION('',(-1.,2.489183863224E-33));
#7796 = ( GEOMETRIC_REPRESENTATION_CONTEXT(2) 
PARAMETRIC_REPRESENTATION_CONTEXT() REPRESENTATION_CONTEXT('2D SPACE',''
  ) );
#7797 = PCURVE('',#7667,#7798);
#7798 = DEFINITIONAL_REPRESENTATION('',(#7799),#7803);
#7799 = LINE('',#7800,#7801);
#7800 = CARTESIAN_POINT('',(0.,0.));
#7801 = VECTOR('',#7802,1.);
#7802 = DIRECTION('',(-1.,-3.956030256965E-32));
#7803 = ( GEOMETRIC_REPRESENTATION_CONTEXT(2) 
PARAMETRIC_REPRESENTATION_CONTEXT() REPRESENTATION_CONTEXT('2D SPACE',''
  ) );
#7804 = ORIENTED_EDGE('',*,*,#7805,.T.);
#7805 = EDGE_CURVE('',#7783,#7733,#7806,.T.);
#7806 = SURFACE_CURVE('',#7807,(#7811,#7818),.PCURVE_S1.);
#7807 = LINE('',#7808,#7809);
#7808 = CARTESIAN_POINT('',(-2.238816490378,-0.55,4.915756182692));
#7809 = VECTOR('',#7810,1.);
#7810 = DIRECTION('',(0.932018322643,8.04714420357E-17,0.362411156366));
#7811 = PCURVE('',#7365,#7812);
#7812 = DEFINITIONAL_REPRESENTATION('',(#7813),#7817);
#7813 = LINE('',#7814,#7815);
#7814 = CARTESIAN_POINT('',(-7.242429783207E-17,-0.9));
#7815 = VECTOR('',#7816,1.);
#7816 = DIRECTION('',(-2.914103887046E-29,1.));
#7817 = ( GEOMETRIC_REPRESENTATION_CONTEXT(2) 
PARAMETRIC_REPRESENTATION_CONTEXT() REPRESENTATION_CONTEXT('2D SPACE',''
  ) );
#7818 = PCURVE('',#4555,#7819);
#7819 = DEFINITIONAL_REPRESENTATION('',(#7820),#7824);
#7820 = LINE('',#7821,#7822);
#7821 = CARTESIAN_POINT('',(0.455289898412,-7.437059376637E-02));
#7822 = VECTOR('',#7823,1.);
#7823 = DIRECTION('',(-0.928509420156,0.371308842719));
#7824 = ( GEOMETRIC_REPRESENTATION_CONTEXT(2) 
PARAMETRIC_REPRESENTATION_CONTEXT() REPRESENTATION_CONTEXT('2D SPACE',''
  ) );
#7825 = ORIENTED_EDGE('',*,*,#7732,.F.);
#7826 = ORIENTED_EDGE('',*,*,#7326,.F.);
#7827 = ADVANCED_FACE('',(#7828),#7667,.T.);
#7828 = FACE_BOUND('',#7829,.T.);
#7829 = EDGE_LOOP('',(#7830,#7831,#7854,#7875));
#7830 = ORIENTED_EDGE('',*,*,#7651,.F.);
#7831 = ORIENTED_EDGE('',*,*,#7832,.F.);
#7832 = EDGE_CURVE('',#7833,#7602,#7835,.T.);
#7833 = VERTEX_POINT('',#7834);
#7834 = CARTESIAN_POINT('',(-2.165672203467,-0.55,4.729611310906));
#7835 = SURFACE_CURVE('',#7836,(#7840,#7847),.PCURVE_S1.);
#7836 = LINE('',#7837,#7838);
#7837 = CARTESIAN_POINT('',(-2.165672203467,-0.55,4.729611310906));
#7838 = VECTOR('',#7839,1.);
#7839 = DIRECTION('',(0.,1.,-2.22044604925E-16));
#7840 = PCURVE('',#7667,#7841);
#7841 = DEFINITIONAL_REPRESENTATION('',(#7842),#7846);
#7842 = LINE('',#7843,#7844);
#7843 = CARTESIAN_POINT('',(-4.133246451451E-17,-0.2));
#7844 = VECTOR('',#7845,1.);
#7845 = DIRECTION('',(-1.,-3.956030256965E-32));
#7846 = ( GEOMETRIC_REPRESENTATION_CONTEXT(2) 
PARAMETRIC_REPRESENTATION_CONTEXT() REPRESENTATION_CONTEXT('2D SPACE',''
  ) );
#7847 = PCURVE('',#7581,#7848);
#7848 = DEFINITIONAL_REPRESENTATION('',(#7849),#7853);
#7849 = LINE('',#7850,#7851);
#7850 = CARTESIAN_POINT('',(0.,0.));
#7851 = VECTOR('',#7852,1.);
#7852 = DIRECTION('',(1.,2.489183863224E-33));
#7853 = ( GEOMETRIC_REPRESENTATION_CONTEXT(2) 
PARAMETRIC_REPRESENTATION_CONTEXT() REPRESENTATION_CONTEXT('2D SPACE',''
  ) );
#7854 = ORIENTED_EDGE('',*,*,#7855,.T.);
#7855 = EDGE_CURVE('',#7833,#7783,#7856,.T.);
#7856 = SURFACE_CURVE('',#7857,(#7861,#7868),.PCURVE_S1.);
#7857 = LINE('',#7858,#7859);
#7858 = CARTESIAN_POINT('',(-2.165672203467,-0.55,4.729611310906));
#7859 = VECTOR('',#7860,1.);
#7860 = DIRECTION('',(-0.365721434557,2.066623225727E-16,0.93072435893)
  );
#7861 = PCURVE('',#7667,#7862);
#7862 = DEFINITIONAL_REPRESENTATION('',(#7863),#7867);
#7863 = LINE('',#7864,#7865);
#7864 = CARTESIAN_POINT('',(-4.133246451451E-17,-0.2));
#7865 = VECTOR('',#7866,1.);
#7866 = DIRECTION('',(-1.430443185833E-29,1.));
#7867 = ( GEOMETRIC_REPRESENTATION_CONTEXT(2) 
PARAMETRIC_REPRESENTATION_CONTEXT() REPRESENTATION_CONTEXT('2D SPACE',''
  ) );
#7868 = PCURVE('',#4555,#7869);
#7869 = DEFINITIONAL_REPRESENTATION('',(#7870),#7874);
#7870 = LINE('',#7871,#7872);
#7871 = CARTESIAN_POINT('',(0.380368579729,-0.25980736468));
#7872 = VECTOR('',#7873,1.);
#7873 = DIRECTION('',(0.374606593416,0.927183854567));
#7874 = ( GEOMETRIC_REPRESENTATION_CONTEXT(2) 
PARAMETRIC_REPRESENTATION_CONTEXT() REPRESENTATION_CONTEXT('2D SPACE',''
  ) );
#7875 = ORIENTED_EDGE('',*,*,#7782,.T.);
#7876 = ADVANCED_FACE('',(#7877),#7581,.T.);
#7877 = FACE_BOUND('',#7878,.T.);
#7878 = EDGE_LOOP('',(#7879,#7880,#7903,#7924,#7925));
#7879 = ORIENTED_EDGE('',*,*,#7544,.F.);
#7880 = ORIENTED_EDGE('',*,*,#7881,.F.);
#7881 = EDGE_CURVE('',#7882,#7499,#7884,.T.);
#7882 = VERTEX_POINT('',#7883);
#7883 = CARTESIAN_POINT('',(-1.362487158565,-0.55,5.041926223421));
#7884 = SURFACE_CURVE('',#7885,(#7889,#7896),.PCURVE_S1.);
#7885 = LINE('',#7886,#7887);
#7886 = CARTESIAN_POINT('',(-1.362487158565,-0.55,5.041926223421));
#7887 = VECTOR('',#7888,1.);
#7888 = DIRECTION('',(0.,1.,-2.22044604925E-16));
#7889 = PCURVE('',#7581,#7890);
#7890 = DEFINITIONAL_REPRESENTATION('',(#7891),#7895);
#7891 = LINE('',#7892,#7893);
#7892 = CARTESIAN_POINT('',(-6.934784136162E-17,0.861769586916));
#7893 = VECTOR('',#7894,1.);
#7894 = DIRECTION('',(1.,2.489183863224E-33));
#7895 = ( GEOMETRIC_REPRESENTATION_CONTEXT(2) 
PARAMETRIC_REPRESENTATION_CONTEXT() REPRESENTATION_CONTEXT('2D SPACE',''
  ) );
#7896 = PCURVE('',#4527,#7897);
#7897 = DEFINITIONAL_REPRESENTATION('',(#7898),#7902);
#7898 = LINE('',#7899,#7900);
#7899 = CARTESIAN_POINT('',(-0.15,-1.362487158565));
#7900 = VECTOR('',#7901,1.);
#7901 = DIRECTION('',(-1.,0.));
#7902 = ( GEOMETRIC_REPRESENTATION_CONTEXT(2) 
PARAMETRIC_REPRESENTATION_CONTEXT() REPRESENTATION_CONTEXT('2D SPACE',''
  ) );
#7903 = ORIENTED_EDGE('',*,*,#7904,.T.);
#7904 = EDGE_CURVE('',#7882,#7833,#7905,.T.);
#7905 = SURFACE_CURVE('',#7906,(#7910,#7917),.PCURVE_S1.);
#7906 = LINE('',#7907,#7908);
#7907 = CARTESIAN_POINT('',(-1.362487158565,-0.55,5.041926223421));
#7908 = VECTOR('',#7909,1.);
#7909 = DIRECTION('',(-0.932018322643,-8.04714420357E-17,-0.362411156366
    ));
#7910 = PCURVE('',#7581,#7911);
#7911 = DEFINITIONAL_REPRESENTATION('',(#7912),#7916);
#7912 = LINE('',#7913,#7914);
#7913 = CARTESIAN_POINT('',(-6.934784136162E-17,0.861769586916));
#7914 = VECTOR('',#7915,1.);
#7915 = DIRECTION('',(-2.914103887046E-29,-1.));
#7916 = ( GEOMETRIC_REPRESENTATION_CONTEXT(2) 
PARAMETRIC_REPRESENTATION_CONTEXT() REPRESENTATION_CONTEXT('2D SPACE',''
  ) );
#7917 = PCURVE('',#4555,#7918);
#7918 = DEFINITIONAL_REPRESENTATION('',(#7919),#7923);
#7919 = LINE('',#7920,#7921);
#7920 = CARTESIAN_POINT('',(-0.419792599727,6.017530332858E-02));
#7921 = VECTOR('',#7922,1.);
#7922 = DIRECTION('',(0.928509420156,-0.371308842719));
#7923 = ( GEOMETRIC_REPRESENTATION_CONTEXT(2) 
PARAMETRIC_REPRESENTATION_CONTEXT() REPRESENTATION_CONTEXT('2D SPACE',''
  ) );
#7924 = ORIENTED_EDGE('',*,*,#7832,.T.);
#7925 = ORIENTED_EDGE('',*,*,#7601,.F.);
#7926 = ADVANCED_FACE('',(#7927),#6884,.T.);
#7927 = FACE_BOUND('',#7928,.T.);
#7928 = EDGE_LOOP('',(#7929,#7930,#7980,#8008));
#7929 = ORIENTED_EDGE('',*,*,#6866,.T.);
#7930 = ORIENTED_EDGE('',*,*,#7931,.T.);
#7931 = EDGE_CURVE('',#6869,#7932,#7934,.T.);
#7932 = VERTEX_POINT('',#7933);
#7933 = CARTESIAN_POINT('',(2.232424018846,-0.4,4.899770918263));
#7934 = SURFACE_CURVE('',#7935,(#7940,#7969),.PCURVE_S1.);
#7935 = ELLIPSE('',#7936,1.000006316182,1.);
#7936 = AXIS2_PLACEMENT_3D('',#7937,#7938,#7939);
#7937 = CARTESIAN_POINT('',(1.307502600415,-0.4,5.279945880789));
#7938 = DIRECTION('',(-0.380172561287,-2.053725137711E-16,
    -0.924915576496));
#7939 = DIRECTION('',(0.924915576496,-1.757741441527E-11,-0.380172561287
    ));
#7940 = PCURVE('',#6884,#7941);
#7941 = DEFINITIONAL_REPRESENTATION('',(#7942),#7968);
#7942 = B_SPLINE_CURVE_WITH_KNOTS('',3,(#7943,#7944,#7945,#7946,#7947,
    #7948,#7949,#7950,#7951,#7952,#7953,#7954,#7955,#7956,#7957,#7958,
    #7959,#7960,#7961,#7962,#7963,#7964,#7965,#7966,#7967),
  .UNSPECIFIED.,.F.,.F.,(4,1,1,1,1,1,1,1,1,1,1,1,1,1,1,1,1,1,1,1,1,1,4),
  (5.497787143765,5.533487060283,5.569186976801,5.604886893319,
    5.640586809837,5.676286726355,5.711986642873,5.747686559391,
    5.783386475909,5.819086392427,5.854786308945,5.890486225463,
    5.926186141981,5.961886058499,5.997585975017,6.033285891536,
    6.068985808054,6.104685724572,6.14038564109,6.176085557608,
    6.211785474126,6.247485390644,6.283185307162),.UNSPECIFIED.);
#7943 = CARTESIAN_POINT('',(6.28318530718,0.610821645996));
#7944 = CARTESIAN_POINT('',(6.271285335007,0.610851553426));
#7945 = CARTESIAN_POINT('',(6.247485390662,0.610910299263));
#7946 = CARTESIAN_POINT('',(6.211785474143,0.610995103331));
#7947 = CARTESIAN_POINT('',(6.176085557625,0.611076483389));
#7948 = CARTESIAN_POINT('',(6.140385641107,0.611154336066));
#7949 = CARTESIAN_POINT('',(6.104685724589,0.61122856206));
#7950 = CARTESIAN_POINT('',(6.068985808071,0.611299066807));
#7951 = CARTESIAN_POINT('',(6.033285891553,0.611365760452));
#7952 = CARTESIAN_POINT('',(5.997585975035,0.611428558005));
#7953 = CARTESIAN_POINT('',(5.961886058517,0.611487379441));
#7954 = CARTESIAN_POINT('',(5.926186141999,0.6115421498));
#7955 = CARTESIAN_POINT('',(5.890486225481,0.611592799286));
#7956 = CARTESIAN_POINT('',(5.854786308963,0.611639263354));
#7957 = CARTESIAN_POINT('',(5.819086392445,0.611681482792));
#7958 = CARTESIAN_POINT('',(5.783386475927,0.611719403798));
#7959 = CARTESIAN_POINT('',(5.747686559409,0.611752978048));
#7960 = CARTESIAN_POINT('',(5.711986642891,0.611782162756));
#7961 = CARTESIAN_POINT('',(5.676286726372,0.611806920729));
#7962 = CARTESIAN_POINT('',(5.640586809854,0.611827220425));
#7963 = CARTESIAN_POINT('',(5.604886893336,0.611843035942));
#7964 = CARTESIAN_POINT('',(5.569186976818,0.611854347249));
#7965 = CARTESIAN_POINT('',(5.5334870603,0.611861139476));
#7966 = CARTESIAN_POINT('',(5.509687115955,0.611862650268));
#7967 = CARTESIAN_POINT('',(5.497787143782,0.611862649787));
#7968 = ( GEOMETRIC_REPRESENTATION_CONTEXT(2) 
PARAMETRIC_REPRESENTATION_CONTEXT() REPRESENTATION_CONTEXT('2D SPACE',''
  ) );
#7969 = PCURVE('',#7156,#7970);
#7970 = DEFINITIONAL_REPRESENTATION('',(#7971),#7979);
#7971 = ( BOUNDED_CURVE() B_SPLINE_CURVE(2,(#7972,#7973,#7974,#7975,
#7976,#7977,#7978),.UNSPECIFIED.,.T.,.F.) B_SPLINE_CURVE_WITH_KNOTS((1,2
    ,2,2,2,1),(-2.094395102393,0.,2.094395102393,4.188790204786,
6.28318530718,8.377580409573),.UNSPECIFIED.) CURVE() 
GEOMETRIC_REPRESENTATION_ITEM() RATIONAL_B_SPLINE_CURVE((1.,0.5,1.,0.5,
1.,0.5,1.)) REPRESENTATION_ITEM('') );
#7972 = CARTESIAN_POINT('',(1.000000000018,0.9));
#7973 = CARTESIAN_POINT('',(2.732050807586,0.899999999969));
#7974 = CARTESIAN_POINT('',(1.866025403776,-0.600009474289));
#7975 = CARTESIAN_POINT('',(0.999999999965,-2.100018948546));
#7976 = CARTESIAN_POINT('',(0.133974596207,-0.600009474258));
#7977 = CARTESIAN_POINT('',(-0.732050807551,0.90000000003));
#7978 = CARTESIAN_POINT('',(1.000000000018,0.9));
#7979 = ( GEOMETRIC_REPRESENTATION_CONTEXT(2) 
PARAMETRIC_REPRESENTATION_CONTEXT() REPRESENTATION_CONTEXT('2D SPACE',''
  ) );
#7980 = ORIENTED_EDGE('',*,*,#7981,.T.);
#7981 = EDGE_CURVE('',#7932,#7982,#7984,.T.);
#7982 = VERTEX_POINT('',#7983);
#7983 = CARTESIAN_POINT('',(2.155732522284,-0.4,4.715059212204));
#7984 = SURFACE_CURVE('',#7985,(#7989,#7996),.PCURVE_S1.);
#7985 = LINE('',#7986,#7987);
#7986 = CARTESIAN_POINT('',(2.232424018846,-0.4,4.899770918263));
#7987 = VECTOR('',#7988,1.);
#7988 = DIRECTION('',(-0.383457482808,-2.050711889843E-16,
    -0.923558530294));
#7989 = PCURVE('',#6884,#7990);
#7990 = DEFINITIONAL_REPRESENTATION('',(#7991),#7995);
#7991 = LINE('',#7992,#7993);
#7992 = CARTESIAN_POINT('',(5.497787143782,0.611862649787));
#7993 = VECTOR('',#7994,1.);
#7994 = DIRECTION('',(-4.4408920985E-15,-1.));
#7995 = ( GEOMETRIC_REPRESENTATION_CONTEXT(2) 
PARAMETRIC_REPRESENTATION_CONTEXT() REPRESENTATION_CONTEXT('2D SPACE',''
  ) );
#7996 = PCURVE('',#7997,#8002);
#7997 = PLANE('',#7998);
#7998 = AXIS2_PLACEMENT_3D('',#7999,#8000,#8001);
#7999 = CARTESIAN_POINT('',(2.232424018846,0.6,4.899770918263));
#8000 = DIRECTION('',(0.923558530294,-8.514466527554E-17,-0.383457482808
    ));
#8001 = DIRECTION('',(8.065940083043E-29,-1.,2.22044604925E-16));
#8002 = DEFINITIONAL_REPRESENTATION('',(#8003),#8007);
#8003 = LINE('',#8004,#8005);
#8004 = CARTESIAN_POINT('',(1.,2.050711889842E-16));
#8005 = VECTOR('',#8006,1.);
#8006 = DIRECTION('',(5.512252784156E-29,1.));
#8007 = ( GEOMETRIC_REPRESENTATION_CONTEXT(2) 
PARAMETRIC_REPRESENTATION_CONTEXT() REPRESENTATION_CONTEXT('2D SPACE',''
  ) );
#8008 = ORIENTED_EDGE('',*,*,#8009,.T.);
#8009 = EDGE_CURVE('',#7982,#6867,#8010,.T.);
#8010 = SURFACE_CURVE('',#8011,(#8016,#8045),.PCURVE_S1.);
#8011 = ELLIPSE('',#8012,1.000006316182,1.);
#8012 = AXIS2_PLACEMENT_3D('',#8013,#8014,#8015);
#8013 = CARTESIAN_POINT('',(1.230811103854,-0.4,5.09523417473));
#8014 = DIRECTION('',(0.380172561287,2.053725137719E-16,0.924915576496)
  );
#8015 = DIRECTION('',(0.924915576496,-1.757741441527E-11,-0.380172561287
    ));
#8016 = PCURVE('',#6884,#8017);
#8017 = DEFINITIONAL_REPRESENTATION('',(#8018),#8044);
#8018 = B_SPLINE_CURVE_WITH_KNOTS('',3,(#8019,#8020,#8021,#8022,#8023,
    #8024,#8025,#8026,#8027,#8028,#8029,#8030,#8031,#8032,#8033,#8034,
    #8035,#8036,#8037,#8038,#8039,#8040,#8041,#8042,#8043),
  .UNSPECIFIED.,.F.,.F.,(4,1,1,1,1,1,1,1,1,1,1,1,1,1,1,1,1,1,1,1,1,1,4),
  (1.757744102161E-11,3.569991653564E-02,7.139983305371E-02,
    0.107099749572,0.14279966609,0.178499582608,0.214199499126,
    0.249899415644,0.285599332162,0.32129924868,0.356999165198,
    0.392699081716,0.428398998234,0.464098914752,0.49979883127,
    0.535498747789,0.571198664307,0.606898580825,0.642598497343,
    0.678298413861,0.713998330379,0.749698246897,0.785398163415),
  .UNSPECIFIED.);
#8019 = CARTESIAN_POINT('',(5.497787143782,0.411862649787));
#8020 = CARTESIAN_POINT('',(5.509687115955,0.411862650268));
#8021 = CARTESIAN_POINT('',(5.5334870603,0.411861139476));
#8022 = CARTESIAN_POINT('',(5.569186976818,0.411854347249));
#8023 = CARTESIAN_POINT('',(5.604886893336,0.411843035942));
#8024 = CARTESIAN_POINT('',(5.640586809854,0.411827220425));
#8025 = CARTESIAN_POINT('',(5.676286726372,0.411806920729));
#8026 = CARTESIAN_POINT('',(5.711986642891,0.411782162756));
#8027 = CARTESIAN_POINT('',(5.747686559409,0.411752978048));
#8028 = CARTESIAN_POINT('',(5.783386475927,0.411719403798));
#8029 = CARTESIAN_POINT('',(5.819086392445,0.411681482792));
#8030 = CARTESIAN_POINT('',(5.854786308963,0.411639263354));
#8031 = CARTESIAN_POINT('',(5.890486225481,0.411592799286));
#8032 = CARTESIAN_POINT('',(5.926186141999,0.4115421498));
#8033 = CARTESIAN_POINT('',(5.961886058517,0.411487379441));
#8034 = CARTESIAN_POINT('',(5.997585975035,0.411428558005));
#8035 = CARTESIAN_POINT('',(6.033285891553,0.411365760452));
#8036 = CARTESIAN_POINT('',(6.068985808071,0.411299066807));
#8037 = CARTESIAN_POINT('',(6.104685724589,0.41122856206));
#8038 = CARTESIAN_POINT('',(6.140385641107,0.411154336066));
#8039 = CARTESIAN_POINT('',(6.176085557625,0.411076483389));
#8040 = CARTESIAN_POINT('',(6.211785474143,0.410995103331));
#8041 = CARTESIAN_POINT('',(6.247485390662,0.410910299263));
#8042 = CARTESIAN_POINT('',(6.271285335007,0.410851553426));
#8043 = CARTESIAN_POINT('',(6.28318530718,0.410821645996));
#8044 = ( GEOMETRIC_REPRESENTATION_CONTEXT(2) 
PARAMETRIC_REPRESENTATION_CONTEXT() REPRESENTATION_CONTEXT('2D SPACE',''
  ) );
#8045 = PCURVE('',#6935,#8046);
#8046 = DEFINITIONAL_REPRESENTATION('',(#8047),#8055);
#8047 = ( BOUNDED_CURVE() B_SPLINE_CURVE(2,(#8048,#8049,#8050,#8051,
#8052,#8053,#8054),.UNSPECIFIED.,.T.,.F.) B_SPLINE_CURVE_WITH_KNOTS((1,2
    ,2,2,2,1),(-2.094395102393,0.,2.094395102393,4.188790204786,
6.28318530718,8.377580409573),.UNSPECIFIED.) CURVE() 
GEOMETRIC_REPRESENTATION_ITEM() RATIONAL_B_SPLINE_CURVE((1.,0.5,1.,0.5,
1.,0.5,1.)) REPRESENTATION_ITEM('') );
#8048 = CARTESIAN_POINT('',(-1.000000000018,8.435474541102E-13));
#8049 = CARTESIAN_POINT('',(0.732050807551,3.128830527999E-11));
#8050 = CARTESIAN_POINT('',(-0.133974596207,-1.500009474257));
#8051 = CARTESIAN_POINT('',(-0.999999999965,-3.000018948545));
#8052 = CARTESIAN_POINT('',(-1.866025403776,-1.500009474287));
#8053 = CARTESIAN_POINT('',(-2.732050807586,-2.9602764684E-11));
#8054 = CARTESIAN_POINT('',(-1.000000000018,8.435474541102E-13));
#8055 = ( GEOMETRIC_REPRESENTATION_CONTEXT(2) 
PARAMETRIC_REPRESENTATION_CONTEXT() REPRESENTATION_CONTEXT('2D SPACE',''
  ) );
#8056 = ADVANCED_FACE('',(#8057),#6935,.T.);
#8057 = FACE_BOUND('',#8058,.T.);
#8058 = EDGE_LOOP('',(#8059,#8060,#8083,#8106,#8127));
#8059 = ORIENTED_EDGE('',*,*,#8009,.F.);
#8060 = ORIENTED_EDGE('',*,*,#8061,.T.);
#8061 = EDGE_CURVE('',#7982,#8062,#8064,.T.);
#8062 = VERTEX_POINT('',#8063);
#8063 = CARTESIAN_POINT('',(2.155732522284,-0.55,4.715059212204));
#8064 = SURFACE_CURVE('',#8065,(#8069,#8076),.PCURVE_S1.);
#8065 = LINE('',#8066,#8067);
#8066 = CARTESIAN_POINT('',(2.155732522284,-0.4,4.715059212204));
#8067 = VECTOR('',#8068,1.);
#8068 = DIRECTION('',(0.,-1.,2.22044604925E-16));
#8069 = PCURVE('',#6935,#8070);
#8070 = DEFINITIONAL_REPRESENTATION('',(#8071),#8075);
#8071 = LINE('',#8072,#8073);
#8072 = CARTESIAN_POINT('',(-1.,8.441526617428E-17));
#8073 = VECTOR('',#8074,1.);
#8074 = DIRECTION('',(-1.,-7.088936191746E-33));
#8075 = ( GEOMETRIC_REPRESENTATION_CONTEXT(2) 
PARAMETRIC_REPRESENTATION_CONTEXT() REPRESENTATION_CONTEXT('2D SPACE',''
  ) );
#8076 = PCURVE('',#7997,#8077);
#8077 = DEFINITIONAL_REPRESENTATION('',(#8078),#8082);
#8078 = LINE('',#8079,#8080);
#8079 = CARTESIAN_POINT('',(1.,0.2));
#8080 = VECTOR('',#8081,1.);
#8081 = DIRECTION('',(1.,8.720892463151E-34));
#8082 = ( GEOMETRIC_REPRESENTATION_CONTEXT(2) 
PARAMETRIC_REPRESENTATION_CONTEXT() REPRESENTATION_CONTEXT('2D SPACE',''
  ) );
#8083 = ORIENTED_EDGE('',*,*,#8084,.T.);
#8084 = EDGE_CURVE('',#8062,#8085,#8087,.T.);
#8085 = VERTEX_POINT('',#8086);
#8086 = CARTESIAN_POINT('',(1.360503142515,-0.55,5.041926223421));
#8087 = SURFACE_CURVE('',#8088,(#8092,#8099),.PCURVE_S1.);
#8088 = LINE('',#8089,#8090);
#8089 = CARTESIAN_POINT('',(2.155732522284,-0.55,4.715059212204));
#8090 = VECTOR('',#8091,1.);
#8091 = DIRECTION('',(-0.924915576496,8.441526617436E-17,0.380172561287)
  );
#8092 = PCURVE('',#6935,#8093);
#8093 = DEFINITIONAL_REPRESENTATION('',(#8094),#8098);
#8094 = LINE('',#8095,#8096);
#8095 = CARTESIAN_POINT('',(-1.15,9.707755610042E-17));
#8096 = VECTOR('',#8097,1.);
#8097 = DIRECTION('',(8.274935040215E-29,-1.));
#8098 = ( GEOMETRIC_REPRESENTATION_CONTEXT(2) 
PARAMETRIC_REPRESENTATION_CONTEXT() REPRESENTATION_CONTEXT('2D SPACE',''
  ) );
#8099 = PCURVE('',#6634,#8100);
#8100 = DEFINITIONAL_REPRESENTATION('',(#8101),#8105);
#8101 = LINE('',#8102,#8103);
#8102 = CARTESIAN_POINT('',(0.,-0.));
#8103 = VECTOR('',#8104,1.);
#8104 = DIRECTION('',(-0.928509420156,-0.371308842719));
#8105 = ( GEOMETRIC_REPRESENTATION_CONTEXT(2) 
PARAMETRIC_REPRESENTATION_CONTEXT() REPRESENTATION_CONTEXT('2D SPACE',''
  ) );
#8106 = ORIENTED_EDGE('',*,*,#8107,.F.);
#8107 = EDGE_CURVE('',#6897,#8085,#8108,.T.);
#8108 = SURFACE_CURVE('',#8109,(#8113,#8120),.PCURVE_S1.);
#8109 = LINE('',#8110,#8111);
#8110 = CARTESIAN_POINT('',(1.360503142515,0.590120440051,5.041926223421
    ));
#8111 = VECTOR('',#8112,1.);
#8112 = DIRECTION('',(0.,-1.,2.22044604925E-16));
#8113 = PCURVE('',#6935,#8114);
#8114 = DEFINITIONAL_REPRESENTATION('',(#8115),#8119);
#8115 = LINE('',#8116,#8117);
#8116 = CARTESIAN_POINT('',(-9.879559949E-03,-0.85978590909));
#8117 = VECTOR('',#8118,1.);
#8118 = DIRECTION('',(-1.,-7.088936191746E-33));
#8119 = ( GEOMETRIC_REPRESENTATION_CONTEXT(2) 
PARAMETRIC_REPRESENTATION_CONTEXT() REPRESENTATION_CONTEXT('2D SPACE',''
  ) );
#8120 = PCURVE('',#4527,#8121);
#8121 = DEFINITIONAL_REPRESENTATION('',(#8122),#8126);
#8122 = LINE('',#8123,#8124);
#8123 = CARTESIAN_POINT('',(-1.290120440051,1.360503142515));
#8124 = VECTOR('',#8125,1.);
#8125 = DIRECTION('',(1.,0.));
#8126 = ( GEOMETRIC_REPRESENTATION_CONTEXT(2) 
PARAMETRIC_REPRESENTATION_CONTEXT() REPRESENTATION_CONTEXT('2D SPACE',''
  ) );
#8127 = ORIENTED_EDGE('',*,*,#6896,.F.);
#8128 = ADVANCED_FACE('',(#8129),#7997,.T.);
#8129 = FACE_BOUND('',#8130,.T.);
#8130 = EDGE_LOOP('',(#8131,#8132,#8155,#8176));
#8131 = ORIENTED_EDGE('',*,*,#7981,.F.);
#8132 = ORIENTED_EDGE('',*,*,#8133,.T.);
#8133 = EDGE_CURVE('',#7932,#8134,#8136,.T.);
#8134 = VERTEX_POINT('',#8135);
#8135 = CARTESIAN_POINT('',(2.232424018846,-0.55,4.899770918263));
#8136 = SURFACE_CURVE('',#8137,(#8141,#8148),.PCURVE_S1.);
#8137 = LINE('',#8138,#8139);
#8138 = CARTESIAN_POINT('',(2.232424018846,-0.4,4.899770918263));
#8139 = VECTOR('',#8140,1.);
#8140 = DIRECTION('',(0.,-1.,2.22044604925E-16));
#8141 = PCURVE('',#7997,#8142);
#8142 = DEFINITIONAL_REPRESENTATION('',(#8143),#8147);
#8143 = LINE('',#8144,#8145);
#8144 = CARTESIAN_POINT('',(1.,2.050711889842E-16));
#8145 = VECTOR('',#8146,1.);
#8146 = DIRECTION('',(1.,8.720892463151E-34));
#8147 = ( GEOMETRIC_REPRESENTATION_CONTEXT(2) 
PARAMETRIC_REPRESENTATION_CONTEXT() REPRESENTATION_CONTEXT('2D SPACE',''
  ) );
#8148 = PCURVE('',#7156,#8149);
#8149 = DEFINITIONAL_REPRESENTATION('',(#8150),#8154);
#8150 = LINE('',#8151,#8152);
#8151 = CARTESIAN_POINT('',(1.,0.9));
#8152 = VECTOR('',#8153,1.);
#8153 = DIRECTION('',(1.,-7.088936191746E-33));
#8154 = ( GEOMETRIC_REPRESENTATION_CONTEXT(2) 
PARAMETRIC_REPRESENTATION_CONTEXT() REPRESENTATION_CONTEXT('2D SPACE',''
  ) );
#8155 = ORIENTED_EDGE('',*,*,#8156,.T.);
#8156 = EDGE_CURVE('',#8134,#8062,#8157,.T.);
#8157 = SURFACE_CURVE('',#8158,(#8162,#8169),.PCURVE_S1.);
#8158 = LINE('',#8159,#8160);
#8159 = CARTESIAN_POINT('',(2.232424018846,-0.55,4.899770918263));
#8160 = VECTOR('',#8161,1.);
#8161 = DIRECTION('',(-0.383457482808,-2.050711889843E-16,
    -0.923558530294));
#8162 = PCURVE('',#7997,#8163);
#8163 = DEFINITIONAL_REPRESENTATION('',(#8164),#8168);
#8164 = LINE('',#8165,#8166);
#8165 = CARTESIAN_POINT('',(1.15,2.358318673319E-16));
#8166 = VECTOR('',#8167,1.);
#8167 = DIRECTION('',(5.512252784156E-29,1.));
#8168 = ( GEOMETRIC_REPRESENTATION_CONTEXT(2) 
PARAMETRIC_REPRESENTATION_CONTEXT() REPRESENTATION_CONTEXT('2D SPACE',''
  ) );
#8169 = PCURVE('',#6634,#8170);
#8170 = DEFINITIONAL_REPRESENTATION('',(#8171),#8175);
#8171 = LINE('',#8172,#8173);
#8172 = CARTESIAN_POINT('',(7.492131868368E-02,-0.185436770914));
#8173 = VECTOR('',#8174,1.);
#8174 = DIRECTION('',(-0.374606593416,0.927183854567));
#8175 = ( GEOMETRIC_REPRESENTATION_CONTEXT(2) 
PARAMETRIC_REPRESENTATION_CONTEXT() REPRESENTATION_CONTEXT('2D SPACE',''
  ) );
#8176 = ORIENTED_EDGE('',*,*,#8061,.F.);
#8177 = ADVANCED_FACE('',(#8178),#7156,.T.);
#8178 = FACE_BOUND('',#8179,.T.);
#8179 = EDGE_LOOP('',(#8180,#8181,#8204,#8225,#8226));
#8180 = ORIENTED_EDGE('',*,*,#7119,.F.);
#8181 = ORIENTED_EDGE('',*,*,#8182,.F.);
#8182 = EDGE_CURVE('',#8183,#7052,#8185,.T.);
#8183 = VERTEX_POINT('',#8184);
#8184 = CARTESIAN_POINT('',(1.473068663994,-0.55,5.21189245402));
#8185 = SURFACE_CURVE('',#8186,(#8190,#8197),.PCURVE_S1.);
#8186 = LINE('',#8187,#8188);
#8187 = CARTESIAN_POINT('',(1.473068663994,-0.55,5.21189245402));
#8188 = VECTOR('',#8189,1.);
#8189 = DIRECTION('',(0.,1.,-2.22044604925E-16));
#8190 = PCURVE('',#7156,#8191);
#8191 = DEFINITIONAL_REPRESENTATION('',(#8192),#8196);
#8192 = LINE('',#8193,#8194);
#8193 = CARTESIAN_POINT('',(1.15,7.900036052007E-02));
#8194 = VECTOR('',#8195,1.);
#8195 = DIRECTION('',(-1.,7.088936191746E-33));
#8196 = ( GEOMETRIC_REPRESENTATION_CONTEXT(2) 
PARAMETRIC_REPRESENTATION_CONTEXT() REPRESENTATION_CONTEXT('2D SPACE',''
  ) );
#8197 = PCURVE('',#6584,#8198);
#8198 = DEFINITIONAL_REPRESENTATION('',(#8199),#8203);
#8199 = LINE('',#8200,#8201);
#8200 = CARTESIAN_POINT('',(6.088193877633,-9.999999999998E-02));
#8201 = VECTOR('',#8202,1.);
#8202 = DIRECTION('',(0.,-1.));
#8203 = ( GEOMETRIC_REPRESENTATION_CONTEXT(2) 
PARAMETRIC_REPRESENTATION_CONTEXT() REPRESENTATION_CONTEXT('2D SPACE',''
  ) );
#8204 = ORIENTED_EDGE('',*,*,#8205,.T.);
#8205 = EDGE_CURVE('',#8183,#8134,#8206,.T.);
#8206 = SURFACE_CURVE('',#8207,(#8211,#8218),.PCURVE_S1.);
#8207 = LINE('',#8208,#8209);
#8208 = CARTESIAN_POINT('',(1.473068663994,-0.55,5.21189245402));
#8209 = VECTOR('',#8210,1.);
#8210 = DIRECTION('',(0.924915576496,-8.441526617435E-17,-0.380172561287
    ));
#8211 = PCURVE('',#7156,#8212);
#8212 = DEFINITIONAL_REPRESENTATION('',(#8213),#8217);
#8213 = LINE('',#8214,#8215);
#8214 = CARTESIAN_POINT('',(1.15,7.900036052007E-02));
#8215 = VECTOR('',#8216,1.);
#8216 = DIRECTION('',(7.274067766716E-29,1.));
#8217 = ( GEOMETRIC_REPRESENTATION_CONTEXT(2) 
PARAMETRIC_REPRESENTATION_CONTEXT() REPRESENTATION_CONTEXT('2D SPACE',''
  ) );
#8218 = PCURVE('',#6634,#8219);
#8219 = DEFINITIONAL_REPRESENTATION('',(#8220),#8224);
#8220 = LINE('',#8221,#8222);
#8221 = CARTESIAN_POINT('',(-0.687384580518,-0.490281196922));
#8222 = VECTOR('',#8223,1.);
#8223 = DIRECTION('',(0.928509420156,0.371308842719));
#8224 = ( GEOMETRIC_REPRESENTATION_CONTEXT(2) 
PARAMETRIC_REPRESENTATION_CONTEXT() REPRESENTATION_CONTEXT('2D SPACE',''
  ) );
#8225 = ORIENTED_EDGE('',*,*,#8133,.F.);
#8226 = ORIENTED_EDGE('',*,*,#7931,.F.);
#8227 = ADVANCED_FACE('',(#8228),#6584,.T.);
#8228 = FACE_BOUND('',#8229,.T.);
#8229 = EDGE_LOOP('',(#8230,#8231,#8232,#8254,#8255));
#8230 = ORIENTED_EDGE('',*,*,#6699,.T.);
#8231 = ORIENTED_EDGE('',*,*,#6545,.T.);
#8232 = ORIENTED_EDGE('',*,*,#8233,.T.);
#8233 = EDGE_CURVE('',#6546,#8183,#8234,.T.);
#8234 = SURFACE_CURVE('',#8235,(#8240,#8247),.PCURVE_S1.);
#8235 = CIRCLE('',#8236,0.4);
#8236 = AXIS2_PLACEMENT_3D('',#8237,#8238,#8239);
#8237 = CARTESIAN_POINT('',(1.320999639479,-0.55,4.841926223421));
#8238 = DIRECTION('',(4.38846140173E-33,1.,-2.22044604925E-16));
#8239 = DIRECTION('',(0.193758126932,2.178367109319E-16,0.981049330181)
  );
#8240 = PCURVE('',#6584,#8241);
#8241 = DEFINITIONAL_REPRESENTATION('',(#8242),#8246);
#8242 = LINE('',#8243,#8244);
#8243 = CARTESIAN_POINT('',(6.28318530718,-9.999999999998E-02));
#8244 = VECTOR('',#8245,1.);
#8245 = DIRECTION('',(-1.,0.));
#8246 = ( GEOMETRIC_REPRESENTATION_CONTEXT(2) 
PARAMETRIC_REPRESENTATION_CONTEXT() REPRESENTATION_CONTEXT('2D SPACE',''
  ) );
#8247 = PCURVE('',#6634,#8248);
#8248 = DEFINITIONAL_REPRESENTATION('',(#8249),#8253);
#8249 = CIRCLE('',#8250,0.4);
#8250 = AXIS2_PLACEMENT_2D('',#8251,#8252);
#8251 = CARTESIAN_POINT('',(-0.835908117606,-0.118877428859));
#8252 = DIRECTION('',(0.184366045352,-0.982857650589));
#8253 = ( GEOMETRIC_REPRESENTATION_CONTEXT(2) 
PARAMETRIC_REPRESENTATION_CONTEXT() REPRESENTATION_CONTEXT('2D SPACE',''
  ) );
#8254 = ORIENTED_EDGE('',*,*,#8182,.T.);
#8255 = ORIENTED_EDGE('',*,*,#7051,.F.);
#8256 = ADVANCED_FACE('',(#8257),#6684,.F.);
#8257 = FACE_BOUND('',#8258,.F.);
#8258 = EDGE_LOOP('',(#8259,#8283,#8311,#8333));
#8259 = ORIENTED_EDGE('',*,*,#8260,.T.);
#8260 = EDGE_CURVE('',#6647,#8261,#8263,.T.);
#8261 = VERTEX_POINT('',#8262);
#8262 = CARTESIAN_POINT('',(1.399999999999,-0.75,5.041926223421));
#8263 = SURFACE_CURVE('',#8264,(#8269,#8276),.PCURVE_S1.);
#8264 = CIRCLE('',#8265,9.999999999997E-02);
#8265 = AXIS2_PLACEMENT_3D('',#8266,#8267,#8268);
#8266 = CARTESIAN_POINT('',(1.399999999999,-0.65,5.041926223421));
#8267 = DIRECTION('',(0.,2.22044604925E-16,1.));
#8268 = DIRECTION('',(-1.,0.,0.));
#8269 = PCURVE('',#6684,#8270);
#8270 = DEFINITIONAL_REPRESENTATION('',(#8271),#8275);
#8271 = LINE('',#8272,#8273);
#8272 = CARTESIAN_POINT('',(0.,0.));
#8273 = VECTOR('',#8274,1.);
#8274 = DIRECTION('',(1.,0.));
#8275 = ( GEOMETRIC_REPRESENTATION_CONTEXT(2) 
PARAMETRIC_REPRESENTATION_CONTEXT() REPRESENTATION_CONTEXT('2D SPACE',''
  ) );
#8276 = PCURVE('',#4527,#8277);
#8277 = DEFINITIONAL_REPRESENTATION('',(#8278),#8282);
#8278 = CIRCLE('',#8279,9.999999999997E-02);
#8279 = AXIS2_PLACEMENT_2D('',#8280,#8281);
#8280 = CARTESIAN_POINT('',(-5.E-02,1.399999999999));
#8281 = DIRECTION('',(0.,-1.));
#8282 = ( GEOMETRIC_REPRESENTATION_CONTEXT(2) 
PARAMETRIC_REPRESENTATION_CONTEXT() REPRESENTATION_CONTEXT('2D SPACE',''
  ) );
#8283 = ORIENTED_EDGE('',*,*,#8284,.T.);
#8284 = EDGE_CURVE('',#8261,#8285,#8287,.T.);
#8285 = VERTEX_POINT('',#8286);
#8286 = CARTESIAN_POINT('',(1.399999999999,-0.75,5.241926223421));
#8287 = SURFACE_CURVE('',#8288,(#8292,#8299),.PCURVE_S1.);
#8288 = LINE('',#8289,#8290);
#8289 = CARTESIAN_POINT('',(1.399999999999,-0.75,5.041926223421));
#8290 = VECTOR('',#8291,1.);
#8291 = DIRECTION('',(0.,2.22044604925E-16,1.));
#8292 = PCURVE('',#6684,#8293);
#8293 = DEFINITIONAL_REPRESENTATION('',(#8294),#8298);
#8294 = LINE('',#8295,#8296);
#8295 = CARTESIAN_POINT('',(1.570796326795,0.));
#8296 = VECTOR('',#8297,1.);
#8297 = DIRECTION('',(0.,1.));
#8298 = ( GEOMETRIC_REPRESENTATION_CONTEXT(2) 
PARAMETRIC_REPRESENTATION_CONTEXT() REPRESENTATION_CONTEXT('2D SPACE',''
  ) );
#8299 = PCURVE('',#8300,#8305);
#8300 = PLANE('',#8301);
#8301 = AXIS2_PLACEMENT_3D('',#8302,#8303,#8304);
#8302 = CARTESIAN_POINT('',(1.399999999999,-0.75,5.041926223421));
#8303 = DIRECTION('',(0.,1.,-2.22044604925E-16));
#8304 = DIRECTION('',(-1.,0.,0.));
#8305 = DEFINITIONAL_REPRESENTATION('',(#8306),#8310);
#8306 = LINE('',#8307,#8308);
#8307 = CARTESIAN_POINT('',(0.,0.));
#8308 = VECTOR('',#8309,1.);
#8309 = DIRECTION('',(0.,1.));
#8310 = ( GEOMETRIC_REPRESENTATION_CONTEXT(2) 
PARAMETRIC_REPRESENTATION_CONTEXT() REPRESENTATION_CONTEXT('2D SPACE',''
  ) );
#8311 = ORIENTED_EDGE('',*,*,#8312,.F.);
#8312 = EDGE_CURVE('',#6440,#8285,#8313,.T.);
#8313 = SURFACE_CURVE('',#8314,(#8319,#8326),.PCURVE_S1.);
#8314 = CIRCLE('',#8315,9.999999999997E-02);
#8315 = AXIS2_PLACEMENT_3D('',#8316,#8317,#8318);
#8316 = CARTESIAN_POINT('',(1.399999999999,-0.65,5.241926223421));
#8317 = DIRECTION('',(0.,2.22044604925E-16,1.));
#8318 = DIRECTION('',(-1.,0.,0.));
#8319 = PCURVE('',#6684,#8320);
#8320 = DEFINITIONAL_REPRESENTATION('',(#8321),#8325);
#8321 = LINE('',#8322,#8323);
#8322 = CARTESIAN_POINT('',(0.,0.2));
#8323 = VECTOR('',#8324,1.);
#8324 = DIRECTION('',(1.,0.));
#8325 = ( GEOMETRIC_REPRESENTATION_CONTEXT(2) 
PARAMETRIC_REPRESENTATION_CONTEXT() REPRESENTATION_CONTEXT('2D SPACE',''
  ) );
#8326 = PCURVE('',#4711,#8327);
#8327 = DEFINITIONAL_REPRESENTATION('',(#8328),#8332);
#8328 = CIRCLE('',#8329,9.999999999997E-02);
#8329 = AXIS2_PLACEMENT_2D('',#8330,#8331);
#8330 = CARTESIAN_POINT('',(-1.25,3.754999999999));
#8331 = DIRECTION('',(0.,-1.));
#8332 = ( GEOMETRIC_REPRESENTATION_CONTEXT(2) 
PARAMETRIC_REPRESENTATION_CONTEXT() REPRESENTATION_CONTEXT('2D SPACE',''
  ) );
#8333 = ORIENTED_EDGE('',*,*,#6670,.F.);
#8334 = ADVANCED_FACE('',(#8335),#4711,.T.);
#8335 = FACE_BOUND('',#8336,.T.);
#8336 = EDGE_LOOP('',(#8337,#8338,#8339,#8340,#8364,#8392,#8415,#8438,
    #8462,#8490,#8514,#8537,#8560,#8581,#8582,#8583,#8584,#8585));
#8337 = ORIENTED_EDGE('',*,*,#7448,.F.);
#8338 = ORIENTED_EDGE('',*,*,#7199,.F.);
#8339 = ORIENTED_EDGE('',*,*,#4694,.F.);
#8340 = ORIENTED_EDGE('',*,*,#8341,.F.);
#8341 = EDGE_CURVE('',#8342,#4695,#8344,.T.);
#8342 = VERTEX_POINT('',#8343);
#8343 = CARTESIAN_POINT('',(-1.4,-0.75,5.241926223421));
#8344 = SURFACE_CURVE('',#8345,(#8350,#8357),.PCURVE_S1.);
#8345 = CIRCLE('',#8346,9.999999999997E-02);
#8346 = AXIS2_PLACEMENT_3D('',#8347,#8348,#8349);
#8347 = CARTESIAN_POINT('',(-1.4,-0.65,5.241926223421));
#8348 = DIRECTION('',(0.,2.22044604925E-16,1.));
#8349 = DIRECTION('',(-1.,0.,0.));
#8350 = PCURVE('',#4711,#8351);
#8351 = DEFINITIONAL_REPRESENTATION('',(#8352),#8356);
#8352 = CIRCLE('',#8353,9.999999999997E-02);
#8353 = AXIS2_PLACEMENT_2D('',#8354,#8355);
#8354 = CARTESIAN_POINT('',(-1.25,0.955));
#8355 = DIRECTION('',(0.,-1.));
#8356 = ( GEOMETRIC_REPRESENTATION_CONTEXT(2) 
PARAMETRIC_REPRESENTATION_CONTEXT() REPRESENTATION_CONTEXT('2D SPACE',''
  ) );
#8357 = PCURVE('',#4737,#8358);
#8358 = DEFINITIONAL_REPRESENTATION('',(#8359),#8363);
#8359 = LINE('',#8360,#8361);
#8360 = CARTESIAN_POINT('',(0.,0.2));
#8361 = VECTOR('',#8362,1.);
#8362 = DIRECTION('',(1.,0.));
#8363 = ( GEOMETRIC_REPRESENTATION_CONTEXT(2) 
PARAMETRIC_REPRESENTATION_CONTEXT() REPRESENTATION_CONTEXT('2D SPACE',''
  ) );
#8364 = ORIENTED_EDGE('',*,*,#8365,.F.);
#8365 = EDGE_CURVE('',#8366,#8342,#8368,.T.);
#8366 = VERTEX_POINT('',#8367);
#8367 = CARTESIAN_POINT('',(-2.3,-0.75,5.241926223421));
#8368 = SURFACE_CURVE('',#8369,(#8373,#8380),.PCURVE_S1.);
#8369 = LINE('',#8370,#8371);
#8370 = CARTESIAN_POINT('',(-2.3,-0.75,5.241926223421));
#8371 = VECTOR('',#8372,1.);
#8372 = DIRECTION('',(1.,0.,0.));
#8373 = PCURVE('',#4711,#8374);
#8374 = DEFINITIONAL_REPRESENTATION('',(#8375),#8379);
#8375 = LINE('',#8376,#8377);
#8376 = CARTESIAN_POINT('',(-1.15,5.5E-02));
#8377 = VECTOR('',#8378,1.);
#8378 = DIRECTION('',(0.,1.));
#8379 = ( GEOMETRIC_REPRESENTATION_CONTEXT(2) 
PARAMETRIC_REPRESENTATION_CONTEXT() REPRESENTATION_CONTEXT('2D SPACE',''
  ) );
#8380 = PCURVE('',#8381,#8386);
#8381 = PLANE('',#8382);
#8382 = AXIS2_PLACEMENT_3D('',#8383,#8384,#8385);
#8383 = CARTESIAN_POINT('',(-2.3,-0.75,5.041926223421));
#8384 = DIRECTION('',(0.,1.,-2.22044604925E-16));
#8385 = DIRECTION('',(-1.,0.,0.));
#8386 = DEFINITIONAL_REPRESENTATION('',(#8387),#8391);
#8387 = LINE('',#8388,#8389);
#8388 = CARTESIAN_POINT('',(0.,0.2));
#8389 = VECTOR('',#8390,1.);
#8390 = DIRECTION('',(-1.,0.));
#8391 = ( GEOMETRIC_REPRESENTATION_CONTEXT(2) 
PARAMETRIC_REPRESENTATION_CONTEXT() REPRESENTATION_CONTEXT('2D SPACE',''
  ) );
#8392 = ORIENTED_EDGE('',*,*,#8393,.F.);
#8393 = EDGE_CURVE('',#8394,#8366,#8396,.T.);
#8394 = VERTEX_POINT('',#8395);
#8395 = CARTESIAN_POINT('',(-2.3,-1.8,5.241926223421));
#8396 = SURFACE_CURVE('',#8397,(#8401,#8408),.PCURVE_S1.);
#8397 = LINE('',#8398,#8399);
#8398 = CARTESIAN_POINT('',(-2.3,-1.8,5.241926223421));
#8399 = VECTOR('',#8400,1.);
#8400 = DIRECTION('',(0.,1.,-2.22044604925E-16));
#8401 = PCURVE('',#4711,#8402);
#8402 = DEFINITIONAL_REPRESENTATION('',(#8403),#8407);
#8403 = LINE('',#8404,#8405);
#8404 = CARTESIAN_POINT('',(-1.E-01,5.5E-02));
#8405 = VECTOR('',#8406,1.);
#8406 = DIRECTION('',(-1.,0.));
#8407 = ( GEOMETRIC_REPRESENTATION_CONTEXT(2) 
PARAMETRIC_REPRESENTATION_CONTEXT() REPRESENTATION_CONTEXT('2D SPACE',''
  ) );
#8408 = PCURVE('',#4876,#8409);
#8409 = DEFINITIONAL_REPRESENTATION('',(#8410),#8414);
#8410 = LINE('',#8411,#8412);
#8411 = CARTESIAN_POINT('',(-1.E-01,1.3));
#8412 = VECTOR('',#8413,1.);
#8413 = DIRECTION('',(-1.,0.));
#8414 = ( GEOMETRIC_REPRESENTATION_CONTEXT(2) 
PARAMETRIC_REPRESENTATION_CONTEXT() REPRESENTATION_CONTEXT('2D SPACE',''
  ) );
#8415 = ORIENTED_EDGE('',*,*,#8416,.T.);
#8416 = EDGE_CURVE('',#8394,#8417,#8419,.T.);
#8417 = VERTEX_POINT('',#8418);
#8418 = CARTESIAN_POINT('',(-1.432287565553,-1.8,5.241926223421));
#8419 = SURFACE_CURVE('',#8420,(#8424,#8431),.PCURVE_S1.);
#8420 = LINE('',#8421,#8422);
#8421 = CARTESIAN_POINT('',(-2.3,-1.8,5.241926223421));
#8422 = VECTOR('',#8423,1.);
#8423 = DIRECTION('',(1.,-2.443812E-13,2.047172E-15));
#8424 = PCURVE('',#4711,#8425);
#8425 = DEFINITIONAL_REPRESENTATION('',(#8426),#8430);
#8426 = LINE('',#8427,#8428);
#8427 = CARTESIAN_POINT('',(-1.E-01,5.5E-02));
#8428 = VECTOR('',#8429,1.);
#8429 = DIRECTION('',(2.443812E-13,1.));
#8430 = ( GEOMETRIC_REPRESENTATION_CONTEXT(2) 
PARAMETRIC_REPRESENTATION_CONTEXT() REPRESENTATION_CONTEXT('2D SPACE',''
  ) );
#8431 = PCURVE('',#5173,#8432);
#8432 = DEFINITIONAL_REPRESENTATION('',(#8433),#8437);
#8433 = LINE('',#8434,#8435);
#8434 = CARTESIAN_POINT('',(5.497787143782,-2.0225));
#8435 = VECTOR('',#8436,1.);
#8436 = DIRECTION('',(8.147745658759E-13,1.));
#8437 = ( GEOMETRIC_REPRESENTATION_CONTEXT(2) 
PARAMETRIC_REPRESENTATION_CONTEXT() REPRESENTATION_CONTEXT('2D SPACE',''
  ) );
#8438 = ORIENTED_EDGE('',*,*,#8439,.F.);
#8439 = EDGE_CURVE('',#8440,#8417,#8442,.T.);
#8440 = VERTEX_POINT('',#8441);
#8441 = CARTESIAN_POINT('',(-1.3,-1.75,5.241926223421));
#8442 = SURFACE_CURVE('',#8443,(#8448,#8455),.PCURVE_S1.);
#8443 = CIRCLE('',#8444,0.2);
#8444 = AXIS2_PLACEMENT_3D('',#8445,#8446,#8447);
#8445 = CARTESIAN_POINT('',(-1.3,-1.95,5.241926223421));
#8446 = DIRECTION('',(3.299050841687E-33,2.22044604925E-16,1.));
#8447 = DIRECTION('',(-0.707106781187,0.707106781187,-1.570092458684E-16
    ));
#8448 = PCURVE('',#4711,#8449);
#8449 = DEFINITIONAL_REPRESENTATION('',(#8450),#8454);
#8450 = CIRCLE('',#8451,0.2);
#8451 = AXIS2_PLACEMENT_2D('',#8452,#8453);
#8452 = CARTESIAN_POINT('',(5.E-02,1.055));
#8453 = DIRECTION('',(-0.707106781187,-0.707106781187));
#8454 = ( GEOMETRIC_REPRESENTATION_CONTEXT(2) 
PARAMETRIC_REPRESENTATION_CONTEXT() REPRESENTATION_CONTEXT('2D SPACE',''
  ) );
#8455 = PCURVE('',#6066,#8456);
#8456 = DEFINITIONAL_REPRESENTATION('',(#8457),#8461);
#8457 = LINE('',#8458,#8459);
#8458 = CARTESIAN_POINT('',(6.28318530718,-0.175));
#8459 = VECTOR('',#8460,1.);
#8460 = DIRECTION('',(-1.,0.));
#8461 = ( GEOMETRIC_REPRESENTATION_CONTEXT(2) 
PARAMETRIC_REPRESENTATION_CONTEXT() REPRESENTATION_CONTEXT('2D SPACE',''
  ) );
#8462 = ORIENTED_EDGE('',*,*,#8463,.T.);
#8463 = EDGE_CURVE('',#8440,#8464,#8466,.T.);
#8464 = VERTEX_POINT('',#8465);
#8465 = CARTESIAN_POINT('',(1.3,-1.75,5.241926223421));
#8466 = SURFACE_CURVE('',#8467,(#8471,#8478),.PCURVE_S1.);
#8467 = LINE('',#8468,#8469);
#8468 = CARTESIAN_POINT('',(-1.3,-1.75,5.241926223421));
#8469 = VECTOR('',#8470,1.);
#8470 = DIRECTION('',(1.,0.,0.));
#8471 = PCURVE('',#4711,#8472);
#8472 = DEFINITIONAL_REPRESENTATION('',(#8473),#8477);
#8473 = LINE('',#8474,#8475);
#8474 = CARTESIAN_POINT('',(-0.15,1.055));
#8475 = VECTOR('',#8476,1.);
#8476 = DIRECTION('',(0.,1.));
#8477 = ( GEOMETRIC_REPRESENTATION_CONTEXT(2) 
PARAMETRIC_REPRESENTATION_CONTEXT() REPRESENTATION_CONTEXT('2D SPACE',''
  ) );
#8478 = PCURVE('',#8479,#8484);
#8479 = PLANE('',#8480);
#8480 = AXIS2_PLACEMENT_3D('',#8481,#8482,#8483);
#8481 = CARTESIAN_POINT('',(-1.5,-1.75,4.891926223421));
#8482 = DIRECTION('',(0.,-1.,2.22044604925E-16));
#8483 = DIRECTION('',(1.,0.,0.));
#8484 = DEFINITIONAL_REPRESENTATION('',(#8485),#8489);
#8485 = LINE('',#8486,#8487);
#8486 = CARTESIAN_POINT('',(0.2,0.35));
#8487 = VECTOR('',#8488,1.);
#8488 = DIRECTION('',(1.,0.));
#8489 = ( GEOMETRIC_REPRESENTATION_CONTEXT(2) 
PARAMETRIC_REPRESENTATION_CONTEXT() REPRESENTATION_CONTEXT('2D SPACE',''
  ) );
#8490 = ORIENTED_EDGE('',*,*,#8491,.F.);
#8491 = EDGE_CURVE('',#8492,#8464,#8494,.T.);
#8492 = VERTEX_POINT('',#8493);
#8493 = CARTESIAN_POINT('',(1.432287565554,-1.8,5.241926223421));
#8494 = SURFACE_CURVE('',#8495,(#8500,#8507),.PCURVE_S1.);
#8495 = CIRCLE('',#8496,0.2);
#8496 = AXIS2_PLACEMENT_3D('',#8497,#8498,#8499);
#8497 = CARTESIAN_POINT('',(1.3,-1.95,5.241926223421));
#8498 = DIRECTION('',(-3.299050841687E-33,2.22044604925E-16,1.));
#8499 = DIRECTION('',(0.707106781187,0.707106781187,-1.570092458684E-16)
  );
#8500 = PCURVE('',#4711,#8501);
#8501 = DEFINITIONAL_REPRESENTATION('',(#8502),#8506);
#8502 = CIRCLE('',#8503,0.2);
#8503 = AXIS2_PLACEMENT_2D('',#8504,#8505);
#8504 = CARTESIAN_POINT('',(5.E-02,3.655));
#8505 = DIRECTION('',(-0.707106781187,0.707106781187));
#8506 = ( GEOMETRIC_REPRESENTATION_CONTEXT(2) 
PARAMETRIC_REPRESENTATION_CONTEXT() REPRESENTATION_CONTEXT('2D SPACE',''
  ) );
#8507 = PCURVE('',#5012,#8508);
#8508 = DEFINITIONAL_REPRESENTATION('',(#8509),#8513);
#8509 = LINE('',#8510,#8511);
#8510 = CARTESIAN_POINT('',(-6.800116025829E-16,0.35));
#8511 = VECTOR('',#8512,1.);
#8512 = DIRECTION('',(1.,0.));
#8513 = ( GEOMETRIC_REPRESENTATION_CONTEXT(2) 
PARAMETRIC_REPRESENTATION_CONTEXT() REPRESENTATION_CONTEXT('2D SPACE',''
  ) );
#8514 = ORIENTED_EDGE('',*,*,#8515,.F.);
#8515 = EDGE_CURVE('',#8516,#8492,#8518,.T.);
#8516 = VERTEX_POINT('',#8517);
#8517 = CARTESIAN_POINT('',(2.3,-1.8,5.241926223421));
#8518 = SURFACE_CURVE('',#8519,(#8523,#8530),.PCURVE_S1.);
#8519 = LINE('',#8520,#8521);
#8520 = CARTESIAN_POINT('',(2.3,-1.8,5.241926223421));
#8521 = VECTOR('',#8522,1.);
#8522 = DIRECTION('',(-1.,-2.441893E-13,2.047172E-15));
#8523 = PCURVE('',#4711,#8524);
#8524 = DEFINITIONAL_REPRESENTATION('',(#8525),#8529);
#8525 = LINE('',#8526,#8527);
#8526 = CARTESIAN_POINT('',(-1.E-01,4.655));
#8527 = VECTOR('',#8528,1.);
#8528 = DIRECTION('',(2.441893E-13,-1.));
#8529 = ( GEOMETRIC_REPRESENTATION_CONTEXT(2) 
PARAMETRIC_REPRESENTATION_CONTEXT() REPRESENTATION_CONTEXT('2D SPACE',''
  ) );
#8530 = PCURVE('',#5436,#8531);
#8531 = DEFINITIONAL_REPRESENTATION('',(#8532),#8536);
#8532 = LINE('',#8533,#8534);
#8533 = CARTESIAN_POINT('',(5.497787143782,2.5775));
#8534 = VECTOR('',#8535,1.);
#8535 = DIRECTION('',(8.14774565876E-13,-1.));
#8536 = ( GEOMETRIC_REPRESENTATION_CONTEXT(2) 
PARAMETRIC_REPRESENTATION_CONTEXT() REPRESENTATION_CONTEXT('2D SPACE',''
  ) );
#8537 = ORIENTED_EDGE('',*,*,#8538,.F.);
#8538 = EDGE_CURVE('',#8539,#8516,#8541,.T.);
#8539 = VERTEX_POINT('',#8540);
#8540 = CARTESIAN_POINT('',(2.3,-0.75,5.241926223421));
#8541 = SURFACE_CURVE('',#8542,(#8546,#8553),.PCURVE_S1.);
#8542 = LINE('',#8543,#8544);
#8543 = CARTESIAN_POINT('',(2.3,-0.75,5.241926223421));
#8544 = VECTOR('',#8545,1.);
#8545 = DIRECTION('',(0.,-1.,2.22044604925E-16));
#8546 = PCURVE('',#4711,#8547);
#8547 = DEFINITIONAL_REPRESENTATION('',(#8548),#8552);
#8548 = LINE('',#8549,#8550);
#8549 = CARTESIAN_POINT('',(-1.15,4.655));
#8550 = VECTOR('',#8551,1.);
#8551 = DIRECTION('',(1.,0.));
#8552 = ( GEOMETRIC_REPRESENTATION_CONTEXT(2) 
PARAMETRIC_REPRESENTATION_CONTEXT() REPRESENTATION_CONTEXT('2D SPACE',''
  ) );
#8553 = PCURVE('',#3974,#8554);
#8554 = DEFINITIONAL_REPRESENTATION('',(#8555),#8559);
#8555 = LINE('',#8556,#8557);
#8556 = CARTESIAN_POINT('',(1.15,2.553512956637E-16));
#8557 = VECTOR('',#8558,1.);
#8558 = DIRECTION('',(-1.,0.));
#8559 = ( GEOMETRIC_REPRESENTATION_CONTEXT(2) 
PARAMETRIC_REPRESENTATION_CONTEXT() REPRESENTATION_CONTEXT('2D SPACE',''
  ) );
#8560 = ORIENTED_EDGE('',*,*,#8561,.F.);
#8561 = EDGE_CURVE('',#8285,#8539,#8562,.T.);
#8562 = SURFACE_CURVE('',#8563,(#8567,#8574),.PCURVE_S1.);
#8563 = LINE('',#8564,#8565);
#8564 = CARTESIAN_POINT('',(1.399999999999,-0.75,5.241926223421));
#8565 = VECTOR('',#8566,1.);
#8566 = DIRECTION('',(1.,0.,0.));
#8567 = PCURVE('',#4711,#8568);
#8568 = DEFINITIONAL_REPRESENTATION('',(#8569),#8573);
#8569 = LINE('',#8570,#8571);
#8570 = CARTESIAN_POINT('',(-1.15,3.754999999999));
#8571 = VECTOR('',#8572,1.);
#8572 = DIRECTION('',(0.,1.));
#8573 = ( GEOMETRIC_REPRESENTATION_CONTEXT(2) 
PARAMETRIC_REPRESENTATION_CONTEXT() REPRESENTATION_CONTEXT('2D SPACE',''
  ) );
#8574 = PCURVE('',#8300,#8575);
#8575 = DEFINITIONAL_REPRESENTATION('',(#8576),#8580);
#8576 = LINE('',#8577,#8578);
#8577 = CARTESIAN_POINT('',(0.,0.2));
#8578 = VECTOR('',#8579,1.);
#8579 = DIRECTION('',(-1.,0.));
#8580 = ( GEOMETRIC_REPRESENTATION_CONTEXT(2) 
PARAMETRIC_REPRESENTATION_CONTEXT() REPRESENTATION_CONTEXT('2D SPACE',''
  ) );
#8581 = ORIENTED_EDGE('',*,*,#8312,.F.);
#8582 = ORIENTED_EDGE('',*,*,#6437,.F.);
#8583 = ORIENTED_EDGE('',*,*,#6841,.F.);
#8584 = ORIENTED_EDGE('',*,*,#7025,.F.);
#8585 = ORIENTED_EDGE('',*,*,#8586,.F.);
#8586 = EDGE_CURVE('',#7449,#6998,#8587,.T.);
#8587 = SURFACE_CURVE('',#8588,(#8592,#8599),.PCURVE_S1.);
#8588 = LINE('',#8589,#8590);
#8589 = CARTESIAN_POINT('',(-1.292550696059,0.6,5.241926223421));
#8590 = VECTOR('',#8591,1.);
#8591 = DIRECTION('',(1.,0.,0.));
#8592 = PCURVE('',#4711,#8593);
#8593 = DEFINITIONAL_REPRESENTATION('',(#8594),#8598);
#8594 = LINE('',#8595,#8596);
#8595 = CARTESIAN_POINT('',(-2.5,1.062449303941));
#8596 = VECTOR('',#8597,1.);
#8597 = DIRECTION('',(0.,1.));
#8598 = ( GEOMETRIC_REPRESENTATION_CONTEXT(2) 
PARAMETRIC_REPRESENTATION_CONTEXT() REPRESENTATION_CONTEXT('2D SPACE',''
  ) );
#8599 = PCURVE('',#7013,#8600);
#8600 = DEFINITIONAL_REPRESENTATION('',(#8601),#8605);
#8601 = LINE('',#8602,#8603);
#8602 = CARTESIAN_POINT('',(-8.700086169E-03,0.2));
#8603 = VECTOR('',#8604,1.);
#8604 = DIRECTION('',(-1.,0.));
#8605 = ( GEOMETRIC_REPRESENTATION_CONTEXT(2) 
PARAMETRIC_REPRESENTATION_CONTEXT() REPRESENTATION_CONTEXT('2D SPACE',''
  ) );
#8606 = ADVANCED_FACE('',(#8607),#7013,.T.);
#8607 = FACE_BOUND('',#8608,.T.);
#8608 = EDGE_LOOP('',(#8609,#8610,#8611,#8612));
#8609 = ORIENTED_EDGE('',*,*,#7475,.F.);
#8610 = ORIENTED_EDGE('',*,*,#8586,.T.);
#8611 = ORIENTED_EDGE('',*,*,#6997,.F.);
#8612 = ORIENTED_EDGE('',*,*,#8613,.F.);
#8613 = EDGE_CURVE('',#7476,#6952,#8614,.T.);
#8614 = SURFACE_CURVE('',#8615,(#8619,#8626),.PCURVE_S1.);
#8615 = LINE('',#8616,#8617);
#8616 = CARTESIAN_POINT('',(-1.213962136289,0.6,5.041926223421));
#8617 = VECTOR('',#8618,1.);
#8618 = DIRECTION('',(1.,0.,0.));
#8619 = PCURVE('',#7013,#8620);
#8620 = DEFINITIONAL_REPRESENTATION('',(#8621),#8625);
#8621 = LINE('',#8622,#8623);
#8622 = CARTESIAN_POINT('',(-8.7288645939E-02,0.));
#8623 = VECTOR('',#8624,1.);
#8624 = DIRECTION('',(-1.,0.));
#8625 = ( GEOMETRIC_REPRESENTATION_CONTEXT(2) 
PARAMETRIC_REPRESENTATION_CONTEXT() REPRESENTATION_CONTEXT('2D SPACE',''
  ) );
#8626 = PCURVE('',#4527,#8627);
#8627 = DEFINITIONAL_REPRESENTATION('',(#8628),#8632);
#8628 = LINE('',#8629,#8630);
#8629 = CARTESIAN_POINT('',(-1.3,-1.213962136289));
#8630 = VECTOR('',#8631,1.);
#8631 = DIRECTION('',(0.,1.));
#8632 = ( GEOMETRIC_REPRESENTATION_CONTEXT(2) 
PARAMETRIC_REPRESENTATION_CONTEXT() REPRESENTATION_CONTEXT('2D SPACE',''
  ) );
#8633 = ADVANCED_FACE('',(#8634),#4555,.F.);
#8634 = FACE_BOUND('',#8635,.T.);
#8635 = EDGE_LOOP('',(#8636,#8637,#8638,#8639,#8640,#8661));
#8636 = ORIENTED_EDGE('',*,*,#7755,.F.);
#8637 = ORIENTED_EDGE('',*,*,#7805,.F.);
#8638 = ORIENTED_EDGE('',*,*,#7855,.F.);
#8639 = ORIENTED_EDGE('',*,*,#7904,.F.);
#8640 = ORIENTED_EDGE('',*,*,#8641,.F.);
#8641 = EDGE_CURVE('',#4506,#7882,#8642,.T.);
#8642 = SURFACE_CURVE('',#8643,(#8647,#8654),.PCURVE_S1.);
#8643 = LINE('',#8644,#8645);
#8644 = CARTESIAN_POINT('',(-1.4,-0.55,5.041926223421));
#8645 = VECTOR('',#8646,1.);
#8646 = DIRECTION('',(1.,1.953324E-13,-4.337250558706E-29));
#8647 = PCURVE('',#4555,#8648);
#8648 = DEFINITIONAL_REPRESENTATION('',(#8649),#8653);
#8649 = LINE('',#8650,#8651);
#8650 = CARTESIAN_POINT('',(-0.382281474152,5.98165128026E-02));
#8651 = VECTOR('',#8652,1.);
#8652 = DIRECTION('',(-0.99995425939,9.564472118244E-03));
#8653 = ( GEOMETRIC_REPRESENTATION_CONTEXT(2) 
PARAMETRIC_REPRESENTATION_CONTEXT() REPRESENTATION_CONTEXT('2D SPACE',''
  ) );
#8654 = PCURVE('',#4527,#8655);
#8655 = DEFINITIONAL_REPRESENTATION('',(#8656),#8660);
#8656 = LINE('',#8657,#8658);
#8657 = CARTESIAN_POINT('',(-0.15,-1.4));
#8658 = VECTOR('',#8659,1.);
#8659 = DIRECTION('',(-1.953324E-13,1.));
#8660 = ( GEOMETRIC_REPRESENTATION_CONTEXT(2) 
PARAMETRIC_REPRESENTATION_CONTEXT() REPRESENTATION_CONTEXT('2D SPACE',''
  ) );
#8661 = ORIENTED_EDGE('',*,*,#4539,.T.);
#8662 = ADVANCED_FACE('',(#8663),#4527,.F.);
#8663 = FACE_BOUND('',#8664,.T.);
#8664 = EDGE_LOOP('',(#8665,#8666,#8667,#8668,#8669,#8690,#8691,#8692,
    #8715,#8736,#8737,#8765,#8788,#8814,#8815,#8836,#8837,#8860,#8883,
    #8905,#8906,#8907));
#8665 = ORIENTED_EDGE('',*,*,#7498,.F.);
#8666 = ORIENTED_EDGE('',*,*,#8613,.T.);
#8667 = ORIENTED_EDGE('',*,*,#6951,.F.);
#8668 = ORIENTED_EDGE('',*,*,#8107,.T.);
#8669 = ORIENTED_EDGE('',*,*,#8670,.T.);
#8670 = EDGE_CURVE('',#8085,#6619,#8671,.T.);
#8671 = SURFACE_CURVE('',#8672,(#8676,#8683),.PCURVE_S1.);
#8672 = LINE('',#8673,#8674);
#8673 = CARTESIAN_POINT('',(1.360503142515,-0.55,5.041926223421));
#8674 = VECTOR('',#8675,1.);
#8675 = DIRECTION('',(1.,-1.742767E-13,3.869720099914E-29));
#8676 = PCURVE('',#4527,#8677);
#8677 = DEFINITIONAL_REPRESENTATION('',(#8678),#8682);
#8678 = LINE('',#8679,#8680);
#8679 = CARTESIAN_POINT('',(-0.15,1.360503142515));
#8680 = VECTOR('',#8681,1.);
#8681 = DIRECTION('',(1.742767E-13,1.));
#8682 = ( GEOMETRIC_REPRESENTATION_CONTEXT(2) 
PARAMETRIC_REPRESENTATION_CONTEXT() REPRESENTATION_CONTEXT('2D SPACE',''
  ) );
#8683 = PCURVE('',#6634,#8684);
#8684 = DEFINITIONAL_REPRESENTATION('',(#8685),#8689);
#8685 = LINE('',#8686,#8687);
#8686 = CARTESIAN_POINT('',(-0.798319315908,-0.31924611089));
#8687 = VECTOR('',#8688,1.);
#8688 = DIRECTION('',(0.99995425939,-9.564472118244E-03));
#8689 = ( GEOMETRIC_REPRESENTATION_CONTEXT(2) 
PARAMETRIC_REPRESENTATION_CONTEXT() REPRESENTATION_CONTEXT('2D SPACE',''
  ) );
#8690 = ORIENTED_EDGE('',*,*,#6646,.T.);
#8691 = ORIENTED_EDGE('',*,*,#8260,.T.);
#8692 = ORIENTED_EDGE('',*,*,#8693,.T.);
#8693 = EDGE_CURVE('',#8261,#8694,#8696,.T.);
#8694 = VERTEX_POINT('',#8695);
#8695 = CARTESIAN_POINT('',(2.3,-0.75,5.041926223421));
#8696 = SURFACE_CURVE('',#8697,(#8701,#8708),.PCURVE_S1.);
#8697 = LINE('',#8698,#8699);
#8698 = CARTESIAN_POINT('',(1.399999999999,-0.75,5.041926223421));
#8699 = VECTOR('',#8700,1.);
#8700 = DIRECTION('',(1.,0.,0.));
#8701 = PCURVE('',#4527,#8702);
#8702 = DEFINITIONAL_REPRESENTATION('',(#8703),#8707);
#8703 = LINE('',#8704,#8705);
#8704 = CARTESIAN_POINT('',(5.E-02,1.399999999999));
#8705 = VECTOR('',#8706,1.);
#8706 = DIRECTION('',(0.,1.));
#8707 = ( GEOMETRIC_REPRESENTATION_CONTEXT(2) 
PARAMETRIC_REPRESENTATION_CONTEXT() REPRESENTATION_CONTEXT('2D SPACE',''
  ) );
#8708 = PCURVE('',#8300,#8709);
#8709 = DEFINITIONAL_REPRESENTATION('',(#8710),#8714);
#8710 = LINE('',#8711,#8712);
#8711 = CARTESIAN_POINT('',(0.,0.));
#8712 = VECTOR('',#8713,1.);
#8713 = DIRECTION('',(-1.,0.));
#8714 = ( GEOMETRIC_REPRESENTATION_CONTEXT(2) 
PARAMETRIC_REPRESENTATION_CONTEXT() REPRESENTATION_CONTEXT('2D SPACE',''
  ) );
#8715 = ORIENTED_EDGE('',*,*,#8716,.T.);
#8716 = EDGE_CURVE('',#8694,#4918,#8717,.T.);
#8717 = SURFACE_CURVE('',#8718,(#8722,#8729),.PCURVE_S1.);
#8718 = LINE('',#8719,#8720);
#8719 = CARTESIAN_POINT('',(2.3,-0.75,5.041926223421));
#8720 = VECTOR('',#8721,1.);
#8721 = DIRECTION('',(0.,-1.,2.22044604925E-16));
#8722 = PCURVE('',#4527,#8723);
#8723 = DEFINITIONAL_REPRESENTATION('',(#8724),#8728);
#8724 = LINE('',#8725,#8726);
#8725 = CARTESIAN_POINT('',(5.E-02,2.3));
#8726 = VECTOR('',#8727,1.);
#8727 = DIRECTION('',(1.,0.));
#8728 = ( GEOMETRIC_REPRESENTATION_CONTEXT(2) 
PARAMETRIC_REPRESENTATION_CONTEXT() REPRESENTATION_CONTEXT('2D SPACE',''
  ) );
#8729 = PCURVE('',#3974,#8730);
#8730 = DEFINITIONAL_REPRESENTATION('',(#8731),#8735);
#8731 = LINE('',#8732,#8733);
#8732 = CARTESIAN_POINT('',(1.15,-0.2));
#8733 = VECTOR('',#8734,1.);
#8734 = DIRECTION('',(-1.,0.));
#8735 = ( GEOMETRIC_REPRESENTATION_CONTEXT(2) 
PARAMETRIC_REPRESENTATION_CONTEXT() REPRESENTATION_CONTEXT('2D SPACE',''
  ) );
#8736 = ORIENTED_EDGE('',*,*,#4948,.T.);
#8737 = ORIENTED_EDGE('',*,*,#8738,.F.);
#8738 = EDGE_CURVE('',#8739,#4949,#8741,.T.);
#8739 = VERTEX_POINT('',#8740);
#8740 = CARTESIAN_POINT('',(1.3,-1.75,5.041926223421));
#8741 = SURFACE_CURVE('',#8742,(#8747,#8758),.PCURVE_S1.);
#8742 = CIRCLE('',#8743,0.2);
#8743 = AXIS2_PLACEMENT_3D('',#8744,#8745,#8746);
#8744 = CARTESIAN_POINT('',(1.3,-1.95,5.041926223421));
#8745 = DIRECTION('',(3.299050841687E-33,-2.22044604925E-16,-1.));
#8746 = DIRECTION('',(0.707106781187,0.707106781187,-1.570092458684E-16)
  );
#8747 = PCURVE('',#4527,#8748);
#8748 = DEFINITIONAL_REPRESENTATION('',(#8749),#8757);
#8749 = ( BOUNDED_CURVE() B_SPLINE_CURVE(2,(#8750,#8751,#8752,#8753,
#8754,#8755,#8756),.UNSPECIFIED.,.T.,.F.) B_SPLINE_CURVE_WITH_KNOTS((1,2
    ,2,2,2,1),(-2.094395102393,0.,2.094395102393,4.188790204786,
6.28318530718,8.377580409573),.UNSPECIFIED.) CURVE() 
GEOMETRIC_REPRESENTATION_ITEM() RATIONAL_B_SPLINE_CURVE((1.,0.5,1.,0.5,
1.,0.5,1.)) REPRESENTATION_ITEM('') );
#8750 = CARTESIAN_POINT('',(1.108578643763,1.441421356237));
#8751 = CARTESIAN_POINT('',(1.353527618041,1.686370330516));
#8752 = CARTESIAN_POINT('',(1.443185165258,1.351763809021));
#8753 = CARTESIAN_POINT('',(1.532842712475,1.017157287525));
#8754 = CARTESIAN_POINT('',(1.198236190979,1.106814834742));
#8755 = CARTESIAN_POINT('',(0.863629669484,1.196472381959));
#8756 = CARTESIAN_POINT('',(1.108578643763,1.441421356237));
#8757 = ( GEOMETRIC_REPRESENTATION_CONTEXT(2) 
PARAMETRIC_REPRESENTATION_CONTEXT() REPRESENTATION_CONTEXT('2D SPACE',''
  ) );
#8758 = PCURVE('',#5012,#8759);
#8759 = DEFINITIONAL_REPRESENTATION('',(#8760),#8764);
#8760 = LINE('',#8761,#8762);
#8761 = CARTESIAN_POINT('',(6.28318530718,0.15));
#8762 = VECTOR('',#8763,1.);
#8763 = DIRECTION('',(-1.,0.));
#8764 = ( GEOMETRIC_REPRESENTATION_CONTEXT(2) 
PARAMETRIC_REPRESENTATION_CONTEXT() REPRESENTATION_CONTEXT('2D SPACE',''
  ) );
#8765 = ORIENTED_EDGE('',*,*,#8766,.T.);
#8766 = EDGE_CURVE('',#8739,#8767,#8769,.T.);
#8767 = VERTEX_POINT('',#8768);
#8768 = CARTESIAN_POINT('',(-1.3,-1.75,5.041926223421));
#8769 = SURFACE_CURVE('',#8770,(#8774,#8781),.PCURVE_S1.);
#8770 = LINE('',#8771,#8772);
#8771 = CARTESIAN_POINT('',(1.3,-1.75,5.041926223421));
#8772 = VECTOR('',#8773,1.);
#8773 = DIRECTION('',(-1.,0.,0.));
#8774 = PCURVE('',#4527,#8775);
#8775 = DEFINITIONAL_REPRESENTATION('',(#8776),#8780);
#8776 = LINE('',#8777,#8778);
#8777 = CARTESIAN_POINT('',(1.05,1.3));
#8778 = VECTOR('',#8779,1.);
#8779 = DIRECTION('',(0.,-1.));
#8780 = ( GEOMETRIC_REPRESENTATION_CONTEXT(2) 
PARAMETRIC_REPRESENTATION_CONTEXT() REPRESENTATION_CONTEXT('2D SPACE',''
  ) );
#8781 = PCURVE('',#8479,#8782);
#8782 = DEFINITIONAL_REPRESENTATION('',(#8783),#8787);
#8783 = LINE('',#8784,#8785);
#8784 = CARTESIAN_POINT('',(2.8,0.15));
#8785 = VECTOR('',#8786,1.);
#8786 = DIRECTION('',(-1.,0.));
#8787 = ( GEOMETRIC_REPRESENTATION_CONTEXT(2) 
PARAMETRIC_REPRESENTATION_CONTEXT() REPRESENTATION_CONTEXT('2D SPACE',''
  ) );
#8788 = ORIENTED_EDGE('',*,*,#8789,.F.);
#8789 = EDGE_CURVE('',#5855,#8767,#8790,.T.);
#8790 = SURFACE_CURVE('',#8791,(#8796,#8807),.PCURVE_S1.);
#8791 = CIRCLE('',#8792,0.2);
#8792 = AXIS2_PLACEMENT_3D('',#8793,#8794,#8795);
#8793 = CARTESIAN_POINT('',(-1.3,-1.95,5.041926223421));
#8794 = DIRECTION('',(-3.299050841687E-33,-2.22044604925E-16,-1.));
#8795 = DIRECTION('',(-0.707106781187,0.707106781187,-1.570092458684E-16
    ));
#8796 = PCURVE('',#4527,#8797);
#8797 = DEFINITIONAL_REPRESENTATION('',(#8798),#8806);
#8798 = ( BOUNDED_CURVE() B_SPLINE_CURVE(2,(#8799,#8800,#8801,#8802,
#8803,#8804,#8805),.UNSPECIFIED.,.T.,.F.) B_SPLINE_CURVE_WITH_KNOTS((1,2
    ,2,2,2,1),(-2.094395102393,0.,2.094395102393,4.188790204786,
6.28318530718,8.377580409573),.UNSPECIFIED.) CURVE() 
GEOMETRIC_REPRESENTATION_ITEM() RATIONAL_B_SPLINE_CURVE((1.,0.5,1.,0.5,
1.,0.5,1.)) REPRESENTATION_ITEM('') );
#8799 = CARTESIAN_POINT('',(1.108578643763,-1.441421356237));
#8800 = CARTESIAN_POINT('',(0.863629669484,-1.196472381959));
#8801 = CARTESIAN_POINT('',(1.198236190979,-1.106814834742));
#8802 = CARTESIAN_POINT('',(1.532842712475,-1.017157287525));
#8803 = CARTESIAN_POINT('',(1.443185165258,-1.35176380902));
#8804 = CARTESIAN_POINT('',(1.353527618041,-1.686370330516));
#8805 = CARTESIAN_POINT('',(1.108578643763,-1.441421356237));
#8806 = ( GEOMETRIC_REPRESENTATION_CONTEXT(2) 
PARAMETRIC_REPRESENTATION_CONTEXT() REPRESENTATION_CONTEXT('2D SPACE',''
  ) );
#8807 = PCURVE('',#6066,#8808);
#8808 = DEFINITIONAL_REPRESENTATION('',(#8809),#8813);
#8809 = LINE('',#8810,#8811);
#8810 = CARTESIAN_POINT('',(0.,2.5E-02));
#8811 = VECTOR('',#8812,1.);
#8812 = DIRECTION('',(1.,0.));
#8813 = ( GEOMETRIC_REPRESENTATION_CONTEXT(2) 
PARAMETRIC_REPRESENTATION_CONTEXT() REPRESENTATION_CONTEXT('2D SPACE',''
  ) );
#8814 = ORIENTED_EDGE('',*,*,#5852,.F.);
#8815 = ORIENTED_EDGE('',*,*,#8816,.F.);
#8816 = EDGE_CURVE('',#4755,#5853,#8817,.T.);
#8817 = SURFACE_CURVE('',#8818,(#8822,#8829),.PCURVE_S1.);
#8818 = LINE('',#8819,#8820);
#8819 = CARTESIAN_POINT('',(-1.49364916731,-1.8,5.041926223421));
#8820 = VECTOR('',#8821,1.);
#8821 = DIRECTION('',(0.,-1.,2.22044604925E-16));
#8822 = PCURVE('',#4527,#8823);
#8823 = DEFINITIONAL_REPRESENTATION('',(#8824),#8828);
#8824 = LINE('',#8825,#8826);
#8825 = CARTESIAN_POINT('',(1.1,-1.49364916731));
#8826 = VECTOR('',#8827,1.);
#8827 = DIRECTION('',(1.,0.));
#8828 = ( GEOMETRIC_REPRESENTATION_CONTEXT(2) 
PARAMETRIC_REPRESENTATION_CONTEXT() REPRESENTATION_CONTEXT('2D SPACE',''
  ) );
#8829 = PCURVE('',#4802,#8830);
#8830 = DEFINITIONAL_REPRESENTATION('',(#8831),#8835);
#8831 = LINE('',#8832,#8833);
#8832 = CARTESIAN_POINT('',(0.532717908255,0.3));
#8833 = VECTOR('',#8834,1.);
#8834 = DIRECTION('',(0.,-1.));
#8835 = ( GEOMETRIC_REPRESENTATION_CONTEXT(2) 
PARAMETRIC_REPRESENTATION_CONTEXT() REPRESENTATION_CONTEXT('2D SPACE',''
  ) );
#8836 = ORIENTED_EDGE('',*,*,#4836,.F.);
#8837 = ORIENTED_EDGE('',*,*,#8838,.T.);
#8838 = EDGE_CURVE('',#4837,#8839,#8841,.T.);
#8839 = VERTEX_POINT('',#8840);
#8840 = CARTESIAN_POINT('',(-2.3,-0.75,5.041926223421));
#8841 = SURFACE_CURVE('',#8842,(#8846,#8853),.PCURVE_S1.);
#8842 = LINE('',#8843,#8844);
#8843 = CARTESIAN_POINT('',(-2.3,-1.8,5.041926223421));
#8844 = VECTOR('',#8845,1.);
#8845 = DIRECTION('',(0.,1.,-2.22044604925E-16));
#8846 = PCURVE('',#4527,#8847);
#8847 = DEFINITIONAL_REPRESENTATION('',(#8848),#8852);
#8848 = LINE('',#8849,#8850);
#8849 = CARTESIAN_POINT('',(1.1,-2.3));
#8850 = VECTOR('',#8851,1.);
#8851 = DIRECTION('',(-1.,0.));
#8852 = ( GEOMETRIC_REPRESENTATION_CONTEXT(2) 
PARAMETRIC_REPRESENTATION_CONTEXT() REPRESENTATION_CONTEXT('2D SPACE',''
  ) );
#8853 = PCURVE('',#4876,#8854);
#8854 = DEFINITIONAL_REPRESENTATION('',(#8855),#8859);
#8855 = LINE('',#8856,#8857);
#8856 = CARTESIAN_POINT('',(-1.E-01,1.1));
#8857 = VECTOR('',#8858,1.);
#8858 = DIRECTION('',(-1.,0.));
#8859 = ( GEOMETRIC_REPRESENTATION_CONTEXT(2) 
PARAMETRIC_REPRESENTATION_CONTEXT() REPRESENTATION_CONTEXT('2D SPACE',''
  ) );
#8860 = ORIENTED_EDGE('',*,*,#8861,.T.);
#8861 = EDGE_CURVE('',#8839,#8862,#8864,.T.);
#8862 = VERTEX_POINT('',#8863);
#8863 = CARTESIAN_POINT('',(-1.4,-0.75,5.041926223421));
#8864 = SURFACE_CURVE('',#8865,(#8869,#8876),.PCURVE_S1.);
#8865 = LINE('',#8866,#8867);
#8866 = CARTESIAN_POINT('',(-2.3,-0.75,5.041926223421));
#8867 = VECTOR('',#8868,1.);
#8868 = DIRECTION('',(1.,0.,0.));
#8869 = PCURVE('',#4527,#8870);
#8870 = DEFINITIONAL_REPRESENTATION('',(#8871),#8875);
#8871 = LINE('',#8872,#8873);
#8872 = CARTESIAN_POINT('',(5.E-02,-2.3));
#8873 = VECTOR('',#8874,1.);
#8874 = DIRECTION('',(0.,1.));
#8875 = ( GEOMETRIC_REPRESENTATION_CONTEXT(2) 
PARAMETRIC_REPRESENTATION_CONTEXT() REPRESENTATION_CONTEXT('2D SPACE',''
  ) );
#8876 = PCURVE('',#8381,#8877);
#8877 = DEFINITIONAL_REPRESENTATION('',(#8878),#8882);
#8878 = LINE('',#8879,#8880);
#8879 = CARTESIAN_POINT('',(0.,0.));
#8880 = VECTOR('',#8881,1.);
#8881 = DIRECTION('',(-1.,0.));
#8882 = ( GEOMETRIC_REPRESENTATION_CONTEXT(2) 
PARAMETRIC_REPRESENTATION_CONTEXT() REPRESENTATION_CONTEXT('2D SPACE',''
  ) );
#8883 = ORIENTED_EDGE('',*,*,#8884,.T.);
#8884 = EDGE_CURVE('',#8862,#4504,#8885,.T.);
#8885 = SURFACE_CURVE('',#8886,(#8891,#8898),.PCURVE_S1.);
#8886 = CIRCLE('',#8887,9.999999999997E-02);
#8887 = AXIS2_PLACEMENT_3D('',#8888,#8889,#8890);
#8888 = CARTESIAN_POINT('',(-1.4,-0.65,5.041926223421));
#8889 = DIRECTION('',(0.,2.22044604925E-16,1.));
#8890 = DIRECTION('',(-1.,0.,0.));
#8891 = PCURVE('',#4527,#8892);
#8892 = DEFINITIONAL_REPRESENTATION('',(#8893),#8897);
#8893 = CIRCLE('',#8894,9.999999999997E-02);
#8894 = AXIS2_PLACEMENT_2D('',#8895,#8896);
#8895 = CARTESIAN_POINT('',(-5.E-02,-1.4));
#8896 = DIRECTION('',(0.,-1.));
#8897 = ( GEOMETRIC_REPRESENTATION_CONTEXT(2) 
PARAMETRIC_REPRESENTATION_CONTEXT() REPRESENTATION_CONTEXT('2D SPACE',''
  ) );
#8898 = PCURVE('',#4737,#8899);
#8899 = DEFINITIONAL_REPRESENTATION('',(#8900),#8904);
#8900 = LINE('',#8901,#8902);
#8901 = CARTESIAN_POINT('',(0.,0.));
#8902 = VECTOR('',#8903,1.);
#8903 = DIRECTION('',(1.,0.));
#8904 = ( GEOMETRIC_REPRESENTATION_CONTEXT(2) 
PARAMETRIC_REPRESENTATION_CONTEXT() REPRESENTATION_CONTEXT('2D SPACE',''
  ) );
#8905 = ORIENTED_EDGE('',*,*,#4503,.T.);
#8906 = ORIENTED_EDGE('',*,*,#8641,.T.);
#8907 = ORIENTED_EDGE('',*,*,#7881,.T.);
#8908 = ADVANCED_FACE('',(#8909),#6634,.F.);
#8909 = FACE_BOUND('',#8910,.T.);
#8910 = EDGE_LOOP('',(#8911,#8912,#8913,#8914,#8915,#8916));
#8911 = ORIENTED_EDGE('',*,*,#8233,.F.);
#8912 = ORIENTED_EDGE('',*,*,#6618,.F.);
#8913 = ORIENTED_EDGE('',*,*,#8670,.F.);
#8914 = ORIENTED_EDGE('',*,*,#8084,.F.);
#8915 = ORIENTED_EDGE('',*,*,#8156,.F.);
#8916 = ORIENTED_EDGE('',*,*,#8205,.F.);
#8917 = ADVANCED_FACE('',(#8918),#5595,.F.);
#8918 = FACE_BOUND('',#8919,.F.);
#8919 = EDGE_LOOP('',(#8920,#8921,#8945,#8968,#8990));
#8920 = ORIENTED_EDGE('',*,*,#5556,.F.);
#8921 = ORIENTED_EDGE('',*,*,#8922,.F.);
#8922 = EDGE_CURVE('',#8923,#5557,#8925,.T.);
#8923 = VERTEX_POINT('',#8924);
#8924 = CARTESIAN_POINT('',(1.3,-2.1,4.891926223421));
#8925 = SURFACE_CURVE('',#8926,(#8931,#8938),.PCURVE_S1.);
#8926 = CIRCLE('',#8927,0.2);
#8927 = AXIS2_PLACEMENT_3D('',#8928,#8929,#8930);
#8928 = CARTESIAN_POINT('',(1.3,-2.1,5.091926223421));
#8929 = DIRECTION('',(-3.299050841687E-33,-1.,2.22044604925E-16));
#8930 = DIRECTION('',(0.707106781187,-1.570092458684E-16,-0.707106781187
    ));
#8931 = PCURVE('',#5595,#8932);
#8932 = DEFINITIONAL_REPRESENTATION('',(#8933),#8937);
#8933 = LINE('',#8934,#8935);
#8934 = CARTESIAN_POINT('',(6.28318530718,0.));
#8935 = VECTOR('',#8936,1.);
#8936 = DIRECTION('',(-1.,0.));
#8937 = ( GEOMETRIC_REPRESENTATION_CONTEXT(2) 
PARAMETRIC_REPRESENTATION_CONTEXT() REPRESENTATION_CONTEXT('2D SPACE',''
  ) );
#8938 = PCURVE('',#2794,#8939);
#8939 = DEFINITIONAL_REPRESENTATION('',(#8940),#8944);
#8940 = CIRCLE('',#8941,0.2);
#8941 = AXIS2_PLACEMENT_2D('',#8942,#8943);
#8942 = CARTESIAN_POINT('',(-0.5,2.25));
#8943 = DIRECTION('',(0.707106781187,-0.707106781187));
#8944 = ( GEOMETRIC_REPRESENTATION_CONTEXT(2) 
PARAMETRIC_REPRESENTATION_CONTEXT() REPRESENTATION_CONTEXT('2D SPACE',''
  ) );
#8945 = ORIENTED_EDGE('',*,*,#8946,.F.);
#8946 = EDGE_CURVE('',#8947,#8923,#8949,.T.);
#8947 = VERTEX_POINT('',#8948);
#8948 = CARTESIAN_POINT('',(1.3,-1.9,4.891926223421));
#8949 = SURFACE_CURVE('',#8950,(#8954,#8961),.PCURVE_S1.);
#8950 = LINE('',#8951,#8952);
#8951 = CARTESIAN_POINT('',(1.3,-1.9,4.891926223421));
#8952 = VECTOR('',#8953,1.);
#8953 = DIRECTION('',(0.,-1.,2.22044604925E-16));
#8954 = PCURVE('',#5595,#8955);
#8955 = DEFINITIONAL_REPRESENTATION('',(#8956),#8960);
#8956 = LINE('',#8957,#8958);
#8957 = CARTESIAN_POINT('',(0.785398163397,0.2));
#8958 = VECTOR('',#8959,1.);
#8959 = DIRECTION('',(0.,-1.));
#8960 = ( GEOMETRIC_REPRESENTATION_CONTEXT(2) 
PARAMETRIC_REPRESENTATION_CONTEXT() REPRESENTATION_CONTEXT('2D SPACE',''
  ) );
#8961 = PCURVE('',#5793,#8962);
#8962 = DEFINITIONAL_REPRESENTATION('',(#8963),#8967);
#8963 = LINE('',#8964,#8965);
#8964 = CARTESIAN_POINT('',(0.2,2.8));
#8965 = VECTOR('',#8966,1.);
#8966 = DIRECTION('',(-1.,0.));
#8967 = ( GEOMETRIC_REPRESENTATION_CONTEXT(2) 
PARAMETRIC_REPRESENTATION_CONTEXT() REPRESENTATION_CONTEXT('2D SPACE',''
  ) );
#8968 = ORIENTED_EDGE('',*,*,#8969,.F.);
#8969 = EDGE_CURVE('',#6367,#8947,#8970,.T.);
#8970 = SURFACE_CURVE('',#8971,(#8976,#8983),.PCURVE_S1.);
#8971 = CIRCLE('',#8972,0.2);
#8972 = AXIS2_PLACEMENT_3D('',#8973,#8974,#8975);
#8973 = CARTESIAN_POINT('',(1.3,-1.9,5.091926223421));
#8974 = DIRECTION('',(3.299050841687E-33,1.,-2.22044604925E-16));
#8975 = DIRECTION('',(0.707106781187,-1.570092458684E-16,-0.707106781187
    ));
#8976 = PCURVE('',#5595,#8977);
#8977 = DEFINITIONAL_REPRESENTATION('',(#8978),#8982);
#8978 = LINE('',#8979,#8980);
#8979 = CARTESIAN_POINT('',(0.,0.2));
#8980 = VECTOR('',#8981,1.);
#8981 = DIRECTION('',(1.,0.));
#8982 = ( GEOMETRIC_REPRESENTATION_CONTEXT(2) 
PARAMETRIC_REPRESENTATION_CONTEXT() REPRESENTATION_CONTEXT('2D SPACE',''
  ) );
#8983 = PCURVE('',#2851,#8984);
#8984 = DEFINITIONAL_REPRESENTATION('',(#8985),#8989);
#8985 = CIRCLE('',#8986,0.2);
#8986 = AXIS2_PLACEMENT_2D('',#8987,#8988);
#8987 = CARTESIAN_POINT('',(-2.163157894737,2.228947368421));
#8988 = DIRECTION('',(-0.707106781187,-0.707106781187));
#8989 = ( GEOMETRIC_REPRESENTATION_CONTEXT(2) 
PARAMETRIC_REPRESENTATION_CONTEXT() REPRESENTATION_CONTEXT('2D SPACE',''
  ) );
#8990 = ORIENTED_EDGE('',*,*,#6413,.F.);
#8991 = ADVANCED_FACE('',(#8992),#5012,.F.);
#8992 = FACE_BOUND('',#8993,.F.);
#8993 = EDGE_LOOP('',(#8994,#8995,#8996,#9017,#9018,#9084));
#8994 = ORIENTED_EDGE('',*,*,#4971,.F.);
#8995 = ORIENTED_EDGE('',*,*,#8738,.F.);
#8996 = ORIENTED_EDGE('',*,*,#8997,.F.);
#8997 = EDGE_CURVE('',#8464,#8739,#8998,.T.);
#8998 = SURFACE_CURVE('',#8999,(#9003,#9010),.PCURVE_S1.);
#8999 = LINE('',#9000,#9001);
#9000 = CARTESIAN_POINT('',(1.3,-1.75,5.241926223421));
#9001 = VECTOR('',#9002,1.);
#9002 = DIRECTION('',(0.,-2.22044604925E-16,-1.));
#9003 = PCURVE('',#5012,#9004);
#9004 = DEFINITIONAL_REPRESENTATION('',(#9005),#9009);
#9005 = LINE('',#9006,#9007);
#9006 = CARTESIAN_POINT('',(0.785398163397,0.35));
#9007 = VECTOR('',#9008,1.);
#9008 = DIRECTION('',(0.,-1.));
#9009 = ( GEOMETRIC_REPRESENTATION_CONTEXT(2) 
PARAMETRIC_REPRESENTATION_CONTEXT() REPRESENTATION_CONTEXT('2D SPACE',''
  ) );
#9010 = PCURVE('',#8479,#9011);
#9011 = DEFINITIONAL_REPRESENTATION('',(#9012),#9016);
#9012 = LINE('',#9013,#9014);
#9013 = CARTESIAN_POINT('',(2.8,0.35));
#9014 = VECTOR('',#9015,1.);
#9015 = DIRECTION('',(0.,-1.));
#9016 = ( GEOMETRIC_REPRESENTATION_CONTEXT(2) 
PARAMETRIC_REPRESENTATION_CONTEXT() REPRESENTATION_CONTEXT('2D SPACE',''
  ) );
#9017 = ORIENTED_EDGE('',*,*,#8491,.F.);
#9018 = ORIENTED_EDGE('',*,*,#9019,.F.);
#9019 = EDGE_CURVE('',#6084,#8492,#9020,.T.);
#9020 = SURFACE_CURVE('',#9021,(#9026,#9055),.PCURVE_S1.);
#9021 = B_SPLINE_CURVE_WITH_KNOTS('',3,(#9022,#9023,#9024,#9025),
  .UNSPECIFIED.,.F.,.F.,(4,4),(1.713959464989,1.725830592672),
  .PIECEWISE_BEZIER_KNOTS.);
#9022 = CARTESIAN_POINT('',(1.441421356237,-1.808578643763,
    5.241803543123));
#9023 = CARTESIAN_POINT('',(1.438448140928,-1.805605428453,
    5.241888598421));
#9024 = CARTESIAN_POINT('',(1.435396535099,-1.802741853418,
    5.241926223421));
#9025 = CARTESIAN_POINT('',(1.432287565554,-1.8,5.241926223421));
#9026 = PCURVE('',#5012,#9027);
#9027 = DEFINITIONAL_REPRESENTATION('',(#9028),#9054);
#9028 = B_SPLINE_CURVE_WITH_KNOTS('',3,(#9029,#9030,#9031,#9032,#9033,
    #9034,#9035,#9036,#9037,#9038,#9039,#9040,#9041,#9042,#9043,#9044,
    #9045,#9046,#9047,#9048,#9049,#9050,#9051,#9052,#9053),
  .UNSPECIFIED.,.F.,.F.,(4,1,1,1,1,1,1,1,1,1,1,1,1,1,1,1,1,1,1,1,1,1,4),
  (1.713959464989,1.714499061702,1.715038658414,1.715578255127,
    1.71611785184,1.716657448553,1.717197045266,1.717736641979,
    1.718276238692,1.718815835404,1.719355432117,1.71989502883,
    1.720434625543,1.720974222256,1.721513818969,1.722053415682,
    1.722593012395,1.723132609107,1.72367220582,1.724211802533,
    1.724751399246,1.725290995959,1.725830592672),.UNSPECIFIED.);
#9029 = CARTESIAN_POINT('',(0.,0.349877319701));
#9030 = CARTESIAN_POINT('',(9.556275831999E-04,0.349881185851));
#9031 = CARTESIAN_POINT('',(2.866426243636E-03,0.349888722158));
#9032 = CARTESIAN_POINT('',(5.73121229842E-03,0.349899444165));
#9033 = CARTESIAN_POINT('',(8.594544050065E-03,0.349909589243));
#9034 = CARTESIAN_POINT('',(1.145637895382E-02,0.349919162917));
#9035 = CARTESIAN_POINT('',(1.431667435405E-02,0.349928170713));
#9036 = CARTESIAN_POINT('',(1.717538747193E-02,0.349936618156));
#9037 = CARTESIAN_POINT('',(2.003247541417E-02,0.349944510772));
#9038 = CARTESIAN_POINT('',(2.288789517619E-02,0.349951854084));
#9039 = CARTESIAN_POINT('',(2.574160364671E-02,0.349958653618));
#9040 = CARTESIAN_POINT('',(2.859355761199E-02,0.3499649149));
#9041 = CARTESIAN_POINT('',(3.144371376015E-02,0.349970643455));
#9042 = CARTESIAN_POINT('',(3.429202868547E-02,0.349975844807));
#9043 = CARTESIAN_POINT('',(3.713845889265E-02,0.349980524482));
#9044 = CARTESIAN_POINT('',(3.998296080109E-02,0.349984688005));
#9045 = CARTESIAN_POINT('',(4.282549074919E-02,0.349988340902));
#9046 = CARTESIAN_POINT('',(4.56660049985E-02,0.349991488696));
#9047 = CARTESIAN_POINT('',(4.850445973811E-02,0.349994136914));
#9048 = CARTESIAN_POINT('',(5.134081108867E-02,0.349996291081));
#9049 = CARTESIAN_POINT('',(5.417501510705E-02,0.349997956722));
#9050 = CARTESIAN_POINT('',(5.700702778895E-02,0.349999139361));
#9051 = CARTESIAN_POINT('',(5.983680507911E-02,0.349999844525));
#9052 = CARTESIAN_POINT('',(6.172180359483E-02,0.35));
#9053 = CARTESIAN_POINT('',(6.266391558243E-02,0.35));
#9054 = ( GEOMETRIC_REPRESENTATION_CONTEXT(2) 
PARAMETRIC_REPRESENTATION_CONTEXT() REPRESENTATION_CONTEXT('2D SPACE',''
  ) );
#9055 = PCURVE('',#5436,#9056);
#9056 = DEFINITIONAL_REPRESENTATION('',(#9057),#9083);
#9057 = B_SPLINE_CURVE_WITH_KNOTS('',3,(#9058,#9059,#9060,#9061,#9062,
    #9063,#9064,#9065,#9066,#9067,#9068,#9069,#9070,#9071,#9072,#9073,
    #9074,#9075,#9076,#9077,#9078,#9079,#9080,#9081,#9082),
  .UNSPECIFIED.,.F.,.F.,(4,1,1,1,1,1,1,1,1,1,1,1,1,1,1,1,1,1,1,1,1,1,4),
  (1.713959464989,1.714499061702,1.715038658414,1.715578255127,
    1.71611785184,1.716657448553,1.717197045266,1.717736641979,
    1.718276238692,1.718815835404,1.719355432117,1.71989502883,
    1.720434625543,1.720974222256,1.721513818969,1.722053415682,
    1.722593012395,1.723132609107,1.72367220582,1.724211802533,
    1.724751399246,1.725290995959,1.725830592672),.UNSPECIFIED.);
#9058 = CARTESIAN_POINT('',(5.52638652152,1.718921356237));
#9059 = CARTESIAN_POINT('',(5.525935850061,1.718786210087));
#9060 = CARTESIAN_POINT('',(5.525036035388,1.718515593858));
#9061 = CARTESIAN_POINT('',(5.523690917872,1.71810870958));
#9062 = CARTESIAN_POINT('',(5.522350424593,1.717700877216));
#9063 = CARTESIAN_POINT('',(5.521014575364,1.717292108613));
#9064 = CARTESIAN_POINT('',(5.519683390044,1.71688241562));
#9065 = CARTESIAN_POINT('',(5.518356888545,1.716471810085));
#9066 = CARTESIAN_POINT('',(5.517035090831,1.716060303857));
#9067 = CARTESIAN_POINT('',(5.515718016915,1.715647908783));
#9068 = CARTESIAN_POINT('',(5.514405686861,1.715234636713));
#9069 = CARTESIAN_POINT('',(5.513098120781,1.714820499495));
#9070 = CARTESIAN_POINT('',(5.511795338839,1.714405508976));
#9071 = CARTESIAN_POINT('',(5.510497361247,1.713989677005));
#9072 = CARTESIAN_POINT('',(5.509204208264,1.713573015431));
#9073 = CARTESIAN_POINT('',(5.5079159002,1.713155536102));
#9074 = CARTESIAN_POINT('',(5.506632457412,1.712737250865));
#9075 = CARTESIAN_POINT('',(5.505353900303,1.71231817157));
#9076 = CARTESIAN_POINT('',(5.504080249325,1.711898310065));
#9077 = CARTESIAN_POINT('',(5.502811524977,1.711477678197));
#9078 = CARTESIAN_POINT('',(5.501547747804,1.711056287816));
#9079 = CARTESIAN_POINT('',(5.500288938399,1.710634150769));
#9080 = CARTESIAN_POINT('',(5.499035117394,1.710211278906));
#9081 = CARTESIAN_POINT('',(5.498202576123,1.709928882351));
#9082 = CARTESIAN_POINT('',(5.497787143783,1.709787565553));
#9083 = ( GEOMETRIC_REPRESENTATION_CONTEXT(2) 
PARAMETRIC_REPRESENTATION_CONTEXT() REPRESENTATION_CONTEXT('2D SPACE',''
  ) );
#9084 = ORIENTED_EDGE('',*,*,#6342,.F.);
#9085 = ADVANCED_FACE('',(#9086),#5465,.F.);
#9086 = FACE_BOUND('',#9087,.T.);
#9087 = EDGE_LOOP('',(#9088,#9089,#9090,#9112));
#9088 = ORIENTED_EDGE('',*,*,#6391,.F.);
#9089 = ORIENTED_EDGE('',*,*,#5448,.F.);
#9090 = ORIENTED_EDGE('',*,*,#9091,.F.);
#9091 = EDGE_CURVE('',#6082,#5414,#9092,.T.);
#9092 = SURFACE_CURVE('',#9093,(#9098,#9105),.PCURVE_S1.);
#9093 = CIRCLE('',#9094,0.3);
#9094 = AXIS2_PLACEMENT_3D('',#9095,#9096,#9097);
#9095 = CARTESIAN_POINT('',(1.5,-1.8,4.941926223421));
#9096 = DIRECTION('',(1.,0.,0.));
#9097 = DIRECTION('',(0.,-0.707106781187,0.707106781187));
#9098 = PCURVE('',#5465,#9099);
#9099 = DEFINITIONAL_REPRESENTATION('',(#9100),#9104);
#9100 = CIRCLE('',#9101,0.3);
#9101 = AXIS2_PLACEMENT_2D('',#9102,#9103);
#9102 = CARTESIAN_POINT('',(0.3,5.E-02));
#9103 = DIRECTION('',(-0.707106781187,0.707106781187));
#9104 = ( GEOMETRIC_REPRESENTATION_CONTEXT(2) 
PARAMETRIC_REPRESENTATION_CONTEXT() REPRESENTATION_CONTEXT('2D SPACE',''
  ) );
#9105 = PCURVE('',#5436,#9106);
#9106 = DEFINITIONAL_REPRESENTATION('',(#9107),#9111);
#9107 = LINE('',#9108,#9109);
#9108 = CARTESIAN_POINT('',(8.881784197001E-16,1.7775));
#9109 = VECTOR('',#9110,1.);
#9110 = DIRECTION('',(1.,0.));
#9111 = ( GEOMETRIC_REPRESENTATION_CONTEXT(2) 
PARAMETRIC_REPRESENTATION_CONTEXT() REPRESENTATION_CONTEXT('2D SPACE',''
  ) );
#9112 = ORIENTED_EDGE('',*,*,#6157,.F.);
#9113 = ADVANCED_FACE('',(#9114),#5793,.F.);
#9114 = FACE_BOUND('',#9115,.T.);
#9115 = EDGE_LOOP('',(#9116,#9117,#9138,#9139));
#9116 = ORIENTED_EDGE('',*,*,#8946,.F.);
#9117 = ORIENTED_EDGE('',*,*,#9118,.F.);
#9118 = EDGE_CURVE('',#5754,#8947,#9119,.T.);
#9119 = SURFACE_CURVE('',#9120,(#9124,#9131),.PCURVE_S1.);
#9120 = LINE('',#9121,#9122);
#9121 = CARTESIAN_POINT('',(-1.3,-1.9,4.891926223421));
#9122 = VECTOR('',#9123,1.);
#9123 = DIRECTION('',(1.,0.,0.));
#9124 = PCURVE('',#5793,#9125);
#9125 = DEFINITIONAL_REPRESENTATION('',(#9126),#9130);
#9126 = LINE('',#9127,#9128);
#9127 = CARTESIAN_POINT('',(0.2,0.2));
#9128 = VECTOR('',#9129,1.);
#9129 = DIRECTION('',(0.,1.));
#9130 = ( GEOMETRIC_REPRESENTATION_CONTEXT(2) 
PARAMETRIC_REPRESENTATION_CONTEXT() REPRESENTATION_CONTEXT('2D SPACE',''
  ) );
#9131 = PCURVE('',#2851,#9132);
#9132 = DEFINITIONAL_REPRESENTATION('',(#9133),#9137);
#9133 = LINE('',#9134,#9135);
#9134 = CARTESIAN_POINT('',(0.436842105263,2.028947368421));
#9135 = VECTOR('',#9136,1.);
#9136 = DIRECTION('',(-1.,0.));
#9137 = ( GEOMETRIC_REPRESENTATION_CONTEXT(2) 
PARAMETRIC_REPRESENTATION_CONTEXT() REPRESENTATION_CONTEXT('2D SPACE',''
  ) );
#9138 = ORIENTED_EDGE('',*,*,#5777,.F.);
#9139 = ORIENTED_EDGE('',*,*,#9140,.F.);
#9140 = EDGE_CURVE('',#8923,#5778,#9141,.T.);
#9141 = SURFACE_CURVE('',#9142,(#9146,#9153),.PCURVE_S1.);
#9142 = LINE('',#9143,#9144);
#9143 = CARTESIAN_POINT('',(1.3,-2.1,4.891926223421));
#9144 = VECTOR('',#9145,1.);
#9145 = DIRECTION('',(-1.,0.,0.));
#9146 = PCURVE('',#5793,#9147);
#9147 = DEFINITIONAL_REPRESENTATION('',(#9148),#9152);
#9148 = LINE('',#9149,#9150);
#9149 = CARTESIAN_POINT('',(0.,2.8));
#9150 = VECTOR('',#9151,1.);
#9151 = DIRECTION('',(0.,-1.));
#9152 = ( GEOMETRIC_REPRESENTATION_CONTEXT(2) 
PARAMETRIC_REPRESENTATION_CONTEXT() REPRESENTATION_CONTEXT('2D SPACE',''
  ) );
#9153 = PCURVE('',#2794,#9154);
#9154 = DEFINITIONAL_REPRESENTATION('',(#9155),#9159);
#9155 = LINE('',#9156,#9157);
#9156 = CARTESIAN_POINT('',(-0.5,2.05));
#9157 = VECTOR('',#9158,1.);
#9158 = DIRECTION('',(-1.,0.));
#9159 = ( GEOMETRIC_REPRESENTATION_CONTEXT(2) 
PARAMETRIC_REPRESENTATION_CONTEXT() REPRESENTATION_CONTEXT('2D SPACE',''
  ) );
#9160 = ADVANCED_FACE('',(#9161),#6066,.F.);
#9161 = FACE_BOUND('',#9162,.F.);
#9162 = EDGE_LOOP('',(#9163,#9229,#9230,#9251,#9252));
#9163 = ORIENTED_EDGE('',*,*,#9164,.F.);
#9164 = EDGE_CURVE('',#8417,#5979,#9165,.T.);
#9165 = SURFACE_CURVE('',#9166,(#9171,#9200),.PCURVE_S1.);
#9166 = B_SPLINE_CURVE_WITH_KNOTS('',3,(#9167,#9168,#9169,#9170),
  .UNSPECIFIED.,.F.,.F.,(4,4),(0.759316629722,0.771187757405),
  .PIECEWISE_BEZIER_KNOTS.);
#9167 = CARTESIAN_POINT('',(-1.432287565553,-1.8,5.241926223421));
#9168 = CARTESIAN_POINT('',(-1.435396535099,-1.802741853418,
    5.241926223421));
#9169 = CARTESIAN_POINT('',(-1.438448140928,-1.805605428453,
    5.241888598421));
#9170 = CARTESIAN_POINT('',(-1.441421356237,-1.808578643763,
    5.241803543123));
#9171 = PCURVE('',#6066,#9172);
#9172 = DEFINITIONAL_REPRESENTATION('',(#9173),#9199);
#9173 = B_SPLINE_CURVE_WITH_KNOTS('',3,(#9174,#9175,#9176,#9177,#9178,
    #9179,#9180,#9181,#9182,#9183,#9184,#9185,#9186,#9187,#9188,#9189,
    #9190,#9191,#9192,#9193,#9194,#9195,#9196,#9197,#9198),
  .UNSPECIFIED.,.F.,.F.,(4,1,1,1,1,1,1,1,1,1,1,1,1,1,1,1,1,1,1,1,1,1,4),
  (0.759316629722,0.759856226434,0.760395823147,0.76093541986,
    0.761475016573,0.762014613286,0.762554209999,0.763093806712,
    0.763633403425,0.764173000137,0.76471259685,0.765252193563,
    0.765791790276,0.766331386989,0.766870983702,0.767410580415,
    0.767950177127,0.76848977384,0.769029370553,0.769568967266,
    0.770108563979,0.770648160692,0.771187757405),.UNSPECIFIED.);
#9174 = CARTESIAN_POINT('',(6.266391558243E-02,-0.175));
#9175 = CARTESIAN_POINT('',(6.172180359483E-02,-0.175));
#9176 = CARTESIAN_POINT('',(5.983680507911E-02,-0.174999844525));
#9177 = CARTESIAN_POINT('',(5.700702778895E-02,-0.174999139361));
#9178 = CARTESIAN_POINT('',(5.417501510705E-02,-0.174997956722));
#9179 = CARTESIAN_POINT('',(5.134081108866E-02,-0.174996291081));
#9180 = CARTESIAN_POINT('',(4.850445973811E-02,-0.174994136914));
#9181 = CARTESIAN_POINT('',(4.56660049985E-02,-0.174991488696));
#9182 = CARTESIAN_POINT('',(4.282549074918E-02,-0.174988340902));
#9183 = CARTESIAN_POINT('',(3.99829608011E-02,-0.174984688005));
#9184 = CARTESIAN_POINT('',(3.713845889265E-02,-0.174980524482));
#9185 = CARTESIAN_POINT('',(3.429202868547E-02,-0.174975844807));
#9186 = CARTESIAN_POINT('',(3.144371376015E-02,-0.174970643455));
#9187 = CARTESIAN_POINT('',(2.859355761199E-02,-0.1749649149));
#9188 = CARTESIAN_POINT('',(2.574160364671E-02,-0.174958653618));
#9189 = CARTESIAN_POINT('',(2.28878951762E-02,-0.174951854084));
#9190 = CARTESIAN_POINT('',(2.003247541418E-02,-0.174944510772));
#9191 = CARTESIAN_POINT('',(1.717538747193E-02,-0.174936618156));
#9192 = CARTESIAN_POINT('',(1.431667435405E-02,-0.174928170713));
#9193 = CARTESIAN_POINT('',(1.145637895382E-02,-0.174919162917));
#9194 = CARTESIAN_POINT('',(8.59454405007E-03,-0.174909589243));
#9195 = CARTESIAN_POINT('',(5.731212298425E-03,-0.174899444165));
#9196 = CARTESIAN_POINT('',(2.866426243643E-03,-0.174888722158));
#9197 = CARTESIAN_POINT('',(9.556275832033E-04,-0.174881185851));
#9198 = CARTESIAN_POINT('',(0.,-0.174877319701));
#9199 = ( GEOMETRIC_REPRESENTATION_CONTEXT(2) 
PARAMETRIC_REPRESENTATION_CONTEXT() REPRESENTATION_CONTEXT('2D SPACE',''
  ) );
#9200 = PCURVE('',#5173,#9201);
#9201 = DEFINITIONAL_REPRESENTATION('',(#9202),#9228);
#9202 = B_SPLINE_CURVE_WITH_KNOTS('',3,(#9203,#9204,#9205,#9206,#9207,
    #9208,#9209,#9210,#9211,#9212,#9213,#9214,#9215,#9216,#9217,#9218,
    #9219,#9220,#9221,#9222,#9223,#9224,#9225,#9226,#9227),
  .UNSPECIFIED.,.F.,.F.,(4,1,1,1,1,1,1,1,1,1,1,1,1,1,1,1,1,1,1,1,1,1,4),
  (0.759316629722,0.759856226434,0.760395823147,0.76093541986,
    0.761475016573,0.762014613286,0.762554209999,0.763093806712,
    0.763633403425,0.764173000137,0.76471259685,0.765252193563,
    0.765791790276,0.766331386989,0.766870983702,0.767410580415,
    0.767950177127,0.76848977384,0.769029370553,0.769568967266,
    0.770108563979,0.770648160692,0.771187757405),.UNSPECIFIED.);
#9203 = CARTESIAN_POINT('',(5.497787143783,-1.154787565554));
#9204 = CARTESIAN_POINT('',(5.498202576123,-1.154928882351));
#9205 = CARTESIAN_POINT('',(5.499035117394,-1.155211278906));
#9206 = CARTESIAN_POINT('',(5.500288938399,-1.15563415077));
#9207 = CARTESIAN_POINT('',(5.501547747804,-1.156056287816));
#9208 = CARTESIAN_POINT('',(5.502811524977,-1.156477678197));
#9209 = CARTESIAN_POINT('',(5.504080249325,-1.156898310065));
#9210 = CARTESIAN_POINT('',(5.505353900303,-1.15731817157));
#9211 = CARTESIAN_POINT('',(5.506632457412,-1.157737250865));
#9212 = CARTESIAN_POINT('',(5.5079159002,-1.158155536102));
#9213 = CARTESIAN_POINT('',(5.509204208264,-1.158573015431));
#9214 = CARTESIAN_POINT('',(5.510497361247,-1.158989677005));
#9215 = CARTESIAN_POINT('',(5.511795338839,-1.159405508976));
#9216 = CARTESIAN_POINT('',(5.513098120781,-1.159820499495));
#9217 = CARTESIAN_POINT('',(5.514405686861,-1.160234636713));
#9218 = CARTESIAN_POINT('',(5.515718016915,-1.160647908784));
#9219 = CARTESIAN_POINT('',(5.517035090831,-1.161060303857));
#9220 = CARTESIAN_POINT('',(5.518356888545,-1.161471810085));
#9221 = CARTESIAN_POINT('',(5.519683390044,-1.16188241562));
#9222 = CARTESIAN_POINT('',(5.521014575364,-1.162292108613));
#9223 = CARTESIAN_POINT('',(5.522350424593,-1.162700877216));
#9224 = CARTESIAN_POINT('',(5.523690917872,-1.16310870958));
#9225 = CARTESIAN_POINT('',(5.525036035388,-1.163515593858));
#9226 = CARTESIAN_POINT('',(5.525935850061,-1.163786210087));
#9227 = CARTESIAN_POINT('',(5.52638652152,-1.163921356237));
#9228 = ( GEOMETRIC_REPRESENTATION_CONTEXT(2) 
PARAMETRIC_REPRESENTATION_CONTEXT() REPRESENTATION_CONTEXT('2D SPACE',''
  ) );
#9229 = ORIENTED_EDGE('',*,*,#8439,.F.);
#9230 = ORIENTED_EDGE('',*,*,#9231,.F.);
#9231 = EDGE_CURVE('',#8767,#8440,#9232,.T.);
#9232 = SURFACE_CURVE('',#9233,(#9237,#9244),.PCURVE_S1.);
#9233 = LINE('',#9234,#9235);
#9234 = CARTESIAN_POINT('',(-1.3,-1.75,5.041926223421));
#9235 = VECTOR('',#9236,1.);
#9236 = DIRECTION('',(0.,2.22044604925E-16,1.));
#9237 = PCURVE('',#6066,#9238);
#9238 = DEFINITIONAL_REPRESENTATION('',(#9239),#9243);
#9239 = LINE('',#9240,#9241);
#9240 = CARTESIAN_POINT('',(0.785398163397,2.5E-02));
#9241 = VECTOR('',#9242,1.);
#9242 = DIRECTION('',(0.,-1.));
#9243 = ( GEOMETRIC_REPRESENTATION_CONTEXT(2) 
PARAMETRIC_REPRESENTATION_CONTEXT() REPRESENTATION_CONTEXT('2D SPACE',''
  ) );
#9244 = PCURVE('',#8479,#9245);
#9245 = DEFINITIONAL_REPRESENTATION('',(#9246),#9250);
#9246 = LINE('',#9247,#9248);
#9247 = CARTESIAN_POINT('',(0.2,0.15));
#9248 = VECTOR('',#9249,1.);
#9249 = DIRECTION('',(0.,1.));
#9250 = ( GEOMETRIC_REPRESENTATION_CONTEXT(2) 
PARAMETRIC_REPRESENTATION_CONTEXT() REPRESENTATION_CONTEXT('2D SPACE',''
  ) );
#9251 = ORIENTED_EDGE('',*,*,#8789,.F.);
#9252 = ORIENTED_EDGE('',*,*,#6052,.F.);
#9253 = ADVANCED_FACE('',(#9254),#4802,.F.);
#9254 = FACE_BOUND('',#9255,.F.);
#9255 = EDGE_LOOP('',(#9256,#9257,#9278,#9279,#9280,#9281,#9349));
#9256 = ORIENTED_EDGE('',*,*,#5309,.F.);
#9257 = ORIENTED_EDGE('',*,*,#9258,.F.);
#9258 = EDGE_CURVE('',#5888,#5310,#9259,.T.);
#9259 = SURFACE_CURVE('',#9260,(#9264,#9271),.PCURVE_S1.);
#9260 = LINE('',#9261,#9262);
#9261 = CARTESIAN_POINT('',(-1.5,-1.95,5.091926223421));
#9262 = VECTOR('',#9263,1.);
#9263 = DIRECTION('',(0.,-1.,2.22044604925E-16));
#9264 = PCURVE('',#4802,#9265);
#9265 = DEFINITIONAL_REPRESENTATION('',(#9266),#9270);
#9266 = LINE('',#9267,#9268);
#9267 = CARTESIAN_POINT('',(0.785398163397,0.15));
#9268 = VECTOR('',#9269,1.);
#9269 = DIRECTION('',(0.,-1.));
#9270 = ( GEOMETRIC_REPRESENTATION_CONTEXT(2) 
PARAMETRIC_REPRESENTATION_CONTEXT() REPRESENTATION_CONTEXT('2D SPACE',''
  ) );
#9271 = PCURVE('',#5398,#9272);
#9272 = DEFINITIONAL_REPRESENTATION('',(#9273),#9277);
#9273 = LINE('',#9274,#9275);
#9274 = CARTESIAN_POINT('',(-0.15,-0.15));
#9275 = VECTOR('',#9276,1.);
#9276 = DIRECTION('',(1.,0.));
#9277 = ( GEOMETRIC_REPRESENTATION_CONTEXT(2) 
PARAMETRIC_REPRESENTATION_CONTEXT() REPRESENTATION_CONTEXT('2D SPACE',''
  ) );
#9278 = ORIENTED_EDGE('',*,*,#5887,.F.);
#9279 = ORIENTED_EDGE('',*,*,#8816,.F.);
#9280 = ORIENTED_EDGE('',*,*,#4752,.F.);
#9281 = ORIENTED_EDGE('',*,*,#9282,.F.);
#9282 = EDGE_CURVE('',#5684,#4753,#9283,.T.);
#9283 = SURFACE_CURVE('',#9284,(#9291,#9320),.PCURVE_S1.);
#9284 = B_SPLINE_CURVE_WITH_KNOTS('',3,(#9285,#9286,#9287,#9288,#9289,
    #9290),.UNSPECIFIED.,.F.,.F.,(4,2,4),(0.458766781018,0.509099613934,
    0.53637081011),.UNSPECIFIED.);
#9285 = CARTESIAN_POINT('',(-1.441421356239,-1.89963135486,
    4.950504867186));
#9286 = CARTESIAN_POINT('',(-1.453656342743,-1.898577875352,
    4.96273985369));
#9287 = CARTESIAN_POINT('',(-1.465199099014,-1.89438734417,
    4.978188060027));
#9288 = CARTESIAN_POINT('',(-1.476900333505,-1.883017960217,
    4.998262226152));
#9289 = CARTESIAN_POINT('',(-1.480834991657,-1.877140412344,
    5.006207167312));
#9290 = CARTESIAN_POINT('',(-1.483611555818,-1.870710678136,
    5.012636901522));
#9291 = PCURVE('',#4802,#9292);
#9292 = DEFINITIONAL_REPRESENTATION('',(#9293),#9319);
#9293 = B_SPLINE_CURVE_WITH_KNOTS('',3,(#9294,#9295,#9296,#9297,#9298,
    #9299,#9300,#9301,#9302,#9303,#9304,#9305,#9306,#9307,#9308,#9309,
    #9310,#9311,#9312,#9313,#9314,#9315,#9316,#9317,#9318),
  .UNSPECIFIED.,.F.,.F.,(4,1,1,1,1,1,1,1,1,1,1,1,1,1,1,1,1,1,1,1,1,1,4),
  (0.458766781018,0.462294236886,0.465821692754,0.469349148622,
    0.472876604489,0.476404060357,0.479931516225,0.483458972093,
    0.486986427961,0.490513883829,0.494041339696,0.497568795564,
    0.501096251432,0.5046237073,0.508151163168,0.511678619035,
    0.515206074903,0.518733530771,0.522260986639,0.525788442507,
    0.529315898375,0.532843354242,0.53637081011),.UNSPECIFIED.);
#9294 = CARTESIAN_POINT('',(0.,0.200368645141));
#9295 = CARTESIAN_POINT('',(6.063027455931E-03,0.200442475725));
#9296 = CARTESIAN_POINT('',(1.827712611131E-02,0.200620952598));
#9297 = CARTESIAN_POINT('',(3.680505204844E-02,0.200981210917));
#9298 = CARTESIAN_POINT('',(5.548297313819E-02,0.201434108143));
#9299 = CARTESIAN_POINT('',(7.425210991634E-02,0.201979740167));
#9300 = CARTESIAN_POINT('',(9.30525959247E-02,0.202618202913));
#9301 = CARTESIAN_POINT('',(0.111823494615,0.203349592169));
#9302 = CARTESIAN_POINT('',(0.130503092322,0.204174004242));
#9303 = CARTESIAN_POINT('',(0.149029106987,0.205091533497));
#9304 = CARTESIAN_POINT('',(0.167339026009,0.206102281548));
#9305 = CARTESIAN_POINT('',(0.185370018274,0.207206322953));
#9306 = CARTESIAN_POINT('',(0.203060364245,0.208403833247));
#9307 = CARTESIAN_POINT('',(0.220345122189,0.209694611114));
#9308 = CARTESIAN_POINT('',(0.237173156221,0.211079861663));
#9309 = CARTESIAN_POINT('',(0.253444252137,0.212555541156));
#9310 = CARTESIAN_POINT('',(0.26924424441,0.214137194815));
#9311 = CARTESIAN_POINT('',(0.285441748526,0.215913020481));
#9312 = CARTESIAN_POINT('',(0.301653471606,0.2178431077));
#9313 = CARTESIAN_POINT('',(0.317774383353,0.219916253952));
#9314 = CARTESIAN_POINT('',(0.3336236331,0.222113564434));
#9315 = CARTESIAN_POINT('',(0.349040042075,0.224418205538));
#9316 = CARTESIAN_POINT('',(0.363857019518,0.226812791168));
#9317 = CARTESIAN_POINT('',(0.373225660777,0.22845765304));
#9318 = CARTESIAN_POINT('',(0.377755119252,0.229289321864));
#9319 = ( GEOMETRIC_REPRESENTATION_CONTEXT(2) 
PARAMETRIC_REPRESENTATION_CONTEXT() REPRESENTATION_CONTEXT('2D SPACE',''
  ) );
#9320 = PCURVE('',#4902,#9321);
#9321 = DEFINITIONAL_REPRESENTATION('',(#9322),#9348);
#9322 = B_SPLINE_CURVE_WITH_KNOTS('',3,(#9323,#9324,#9325,#9326,#9327,
    #9328,#9329,#9330,#9331,#9332,#9333,#9334,#9335,#9336,#9337,#9338,
    #9339,#9340,#9341,#9342,#9343,#9344,#9345,#9346,#9347),
  .UNSPECIFIED.,.F.,.F.,(4,1,1,1,1,1,1,1,1,1,1,1,1,1,1,1,1,1,1,1,1,1,4),
  (0.458766781018,0.462294236886,0.465821692754,0.469349148621,
    0.472876604489,0.476404060357,0.479931516225,0.483458972093,
    0.486986427961,0.490513883828,0.494041339696,0.497568795564,
    0.501096251432,0.5046237073,0.508151163167,0.511678619035,
    0.515206074903,0.518733530771,0.522260986639,0.525788442507,
    0.529315898374,0.532843354242,0.53637081011),.QUASI_UNIFORM_KNOTS.);
#9323 = CARTESIAN_POINT('',(0.699506154213,-1.009842408871));
#9324 = CARTESIAN_POINT('',(0.690899989764,-1.010699868554));
#9325 = CARTESIAN_POINT('',(0.673346144226,-1.012407988043));
#9326 = CARTESIAN_POINT('',(0.646079266566,-1.014943032152));
#9327 = CARTESIAN_POINT('',(0.617964007234,-1.017444205642));
#9328 = CARTESIAN_POINT('',(0.58909058899,-1.019904773009));
#9329 = CARTESIAN_POINT('',(0.559550441089,-1.022317998784));
#9330 = CARTESIAN_POINT('',(0.529435872207,-1.024677147365));
#9331 = CARTESIAN_POINT('',(0.49883925634,-1.02697548365));
#9332 = CARTESIAN_POINT('',(0.467852230321,-1.029206270671));
#9333 = CARTESIAN_POINT('',(0.436564553414,-1.03136277842));
#9334 = CARTESIAN_POINT('',(0.405063751301,-1.03343825092));
#9335 = CARTESIAN_POINT('',(0.373431642533,-1.035426029107));
#9336 = CARTESIAN_POINT('',(0.341752472163,-1.037319092232));
#9337 = CARTESIAN_POINT('',(0.310077882028,-1.039111769381));
#9338 = CARTESIAN_POINT('',(0.278553274639,-1.040793351975));
#9339 = CARTESIAN_POINT('',(0.246942274199,-1.042371932266));
#9340 = CARTESIAN_POINT('',(0.213500111809,-1.043941380639));
#9341 = CARTESIAN_POINT('',(0.178981119057,-1.045466165112));
#9342 = CARTESIAN_POINT('',(0.143586852483,-1.04693965949));
#9343 = CARTESIAN_POINT('',(0.107670126593,-1.048347492282));
#9344 = CARTESIAN_POINT('',(7.154077357308E-02,-1.049677367393));
#9345 = CARTESIAN_POINT('',(3.551365873291E-02,-1.050916432437));
#9346 = CARTESIAN_POINT('',(1.176035521951E-02,-1.051673467345));
#9347 = CARTESIAN_POINT('',(0.,-1.05203260845));
#9348 = ( GEOMETRIC_REPRESENTATION_CONTEXT(2) 
PARAMETRIC_REPRESENTATION_CONTEXT() REPRESENTATION_CONTEXT('2D SPACE',''
  ) );
#9349 = ORIENTED_EDGE('',*,*,#5828,.F.);
#9350 = ADVANCED_FACE('',(#9351),#5398,.F.);
#9351 = FACE_BOUND('',#9352,.T.);
#9352 = EDGE_LOOP('',(#9353,#9354,#9376,#9377));
#9353 = ORIENTED_EDGE('',*,*,#5955,.F.);
#9354 = ORIENTED_EDGE('',*,*,#9355,.F.);
#9355 = EDGE_CURVE('',#5153,#5956,#9356,.T.);
#9356 = SURFACE_CURVE('',#9357,(#9362,#9369),.PCURVE_S1.);
#9357 = CIRCLE('',#9358,0.3);
#9358 = AXIS2_PLACEMENT_3D('',#9359,#9360,#9361);
#9359 = CARTESIAN_POINT('',(-1.5,-1.8,4.941926223421));
#9360 = DIRECTION('',(-1.,0.,0.));
#9361 = DIRECTION('',(0.,-0.707106781187,0.707106781187));
#9362 = PCURVE('',#5398,#9363);
#9363 = DEFINITIONAL_REPRESENTATION('',(#9364),#9368);
#9364 = CIRCLE('',#9365,0.3);
#9365 = AXIS2_PLACEMENT_2D('',#9366,#9367);
#9366 = CARTESIAN_POINT('',(-0.3,-0.3));
#9367 = DIRECTION('',(0.707106781187,0.707106781187));
#9368 = ( GEOMETRIC_REPRESENTATION_CONTEXT(2) 
PARAMETRIC_REPRESENTATION_CONTEXT() REPRESENTATION_CONTEXT('2D SPACE',''
  ) );
#9369 = PCURVE('',#5173,#9370);
#9370 = DEFINITIONAL_REPRESENTATION('',(#9371),#9375);
#9371 = LINE('',#9372,#9373);
#9372 = CARTESIAN_POINT('',(6.28318530718,-1.2225));
#9373 = VECTOR('',#9374,1.);
#9374 = DIRECTION('',(-1.,0.));
#9375 = ( GEOMETRIC_REPRESENTATION_CONTEXT(2) 
PARAMETRIC_REPRESENTATION_CONTEXT() REPRESENTATION_CONTEXT('2D SPACE',''
  ) );
#9376 = ORIENTED_EDGE('',*,*,#5383,.F.);
#9377 = ORIENTED_EDGE('',*,*,#9258,.F.);
#9378 = ADVANCED_FACE('',(#9379),#5436,.T.);
#9379 = FACE_BOUND('',#9380,.T.);
#9380 = EDGE_LOOP('',(#9381,#9382,#9408,#9409,#9410,#9411));
#9381 = ORIENTED_EDGE('',*,*,#5413,.T.);
#9382 = ORIENTED_EDGE('',*,*,#9383,.T.);
#9383 = EDGE_CURVE('',#5416,#8516,#9384,.T.);
#9384 = SURFACE_CURVE('',#9385,(#9390,#9397),.PCURVE_S1.);
#9385 = CIRCLE('',#9386,0.3);
#9386 = AXIS2_PLACEMENT_3D('',#9387,#9388,#9389);
#9387 = CARTESIAN_POINT('',(2.3,-1.8,4.941926223421));
#9388 = DIRECTION('',(-1.,0.,0.));
#9389 = DIRECTION('',(0.,-0.707106781187,0.707106781187));
#9390 = PCURVE('',#5436,#9391);
#9391 = DEFINITIONAL_REPRESENTATION('',(#9392),#9396);
#9392 = LINE('',#9393,#9394);
#9393 = CARTESIAN_POINT('',(6.28318530718,2.5775));
#9394 = VECTOR('',#9395,1.);
#9395 = DIRECTION('',(-1.,0.));
#9396 = ( GEOMETRIC_REPRESENTATION_CONTEXT(2) 
PARAMETRIC_REPRESENTATION_CONTEXT() REPRESENTATION_CONTEXT('2D SPACE',''
  ) );
#9397 = PCURVE('',#3974,#9398);
#9398 = DEFINITIONAL_REPRESENTATION('',(#9399),#9407);
#9399 = ( BOUNDED_CURVE() B_SPLINE_CURVE(2,(#9400,#9401,#9402,#9403,
#9404,#9405,#9406),.UNSPECIFIED.,.T.,.F.) B_SPLINE_CURVE_WITH_KNOTS((1,2
    ,2,2,2,1),(-2.094395102393,0.,2.094395102393,4.188790204786,
6.28318530718,8.377580409573),.UNSPECIFIED.) CURVE() 
GEOMETRIC_REPRESENTATION_ITEM() RATIONAL_B_SPLINE_CURVE((1.,0.5,1.,0.5,
1.,0.5,1.)) REPRESENTATION_ITEM('') );
#9400 = CARTESIAN_POINT('',(-0.112132034356,-8.786796564404E-02));
#9401 = CARTESIAN_POINT('',(0.255291427062,0.279555495773));
#9402 = CARTESIAN_POINT('',(0.389777747887,-0.222354286469));
#9403 = CARTESIAN_POINT('',(0.524264068712,-0.724264068712));
#9404 = CARTESIAN_POINT('',(2.235428646924E-02,-0.589777747887));
#9405 = CARTESIAN_POINT('',(-0.479555495773,-0.455291427062));
#9406 = CARTESIAN_POINT('',(-0.112132034356,-8.786796564404E-02));
#9407 = ( GEOMETRIC_REPRESENTATION_CONTEXT(2) 
PARAMETRIC_REPRESENTATION_CONTEXT() REPRESENTATION_CONTEXT('2D SPACE',''
  ) );
#9408 = ORIENTED_EDGE('',*,*,#8515,.T.);
#9409 = ORIENTED_EDGE('',*,*,#9019,.F.);
#9410 = ORIENTED_EDGE('',*,*,#6081,.F.);
#9411 = ORIENTED_EDGE('',*,*,#9091,.T.);
#9412 = ADVANCED_FACE('',(#9413),#5173,.T.);
#9413 = FACE_BOUND('',#9414,.T.);
#9414 = EDGE_LOOP('',(#9415,#9416,#9417,#9418,#9419,#9420));
#9415 = ORIENTED_EDGE('',*,*,#5150,.T.);
#9416 = ORIENTED_EDGE('',*,*,#9355,.T.);
#9417 = ORIENTED_EDGE('',*,*,#5978,.F.);
#9418 = ORIENTED_EDGE('',*,*,#9164,.F.);
#9419 = ORIENTED_EDGE('',*,*,#8416,.F.);
#9420 = ORIENTED_EDGE('',*,*,#9421,.T.);
#9421 = EDGE_CURVE('',#8394,#5151,#9422,.T.);
#9422 = SURFACE_CURVE('',#9423,(#9428,#9435),.PCURVE_S1.);
#9423 = CIRCLE('',#9424,0.3);
#9424 = AXIS2_PLACEMENT_3D('',#9425,#9426,#9427);
#9425 = CARTESIAN_POINT('',(-2.3,-1.8,4.941926223421));
#9426 = DIRECTION('',(1.,0.,0.));
#9427 = DIRECTION('',(0.,-0.707106781187,0.707106781187));
#9428 = PCURVE('',#5173,#9429);
#9429 = DEFINITIONAL_REPRESENTATION('',(#9430),#9434);
#9430 = LINE('',#9431,#9432);
#9431 = CARTESIAN_POINT('',(0.,-2.0225));
#9432 = VECTOR('',#9433,1.);
#9433 = DIRECTION('',(1.,0.));
#9434 = ( GEOMETRIC_REPRESENTATION_CONTEXT(2) 
PARAMETRIC_REPRESENTATION_CONTEXT() REPRESENTATION_CONTEXT('2D SPACE',''
  ) );
#9435 = PCURVE('',#4876,#9436);
#9436 = DEFINITIONAL_REPRESENTATION('',(#9437),#9445);
#9437 = ( BOUNDED_CURVE() B_SPLINE_CURVE(2,(#9438,#9439,#9440,#9441,
#9442,#9443,#9444),.UNSPECIFIED.,.T.,.F.) B_SPLINE_CURVE_WITH_KNOTS((1,2
    ,2,2,2,1),(-2.094395102393,0.,2.094395102393,4.188790204786,
6.28318530718,8.377580409573),.UNSPECIFIED.) CURVE() 
GEOMETRIC_REPRESENTATION_ITEM() RATIONAL_B_SPLINE_CURVE((1.,0.5,1.,0.5,
1.,0.5,1.)) REPRESENTATION_ITEM('') );
#9438 = CARTESIAN_POINT('',(0.112132034356,1.212132034356));
#9439 = CARTESIAN_POINT('',(0.479555495773,0.844708572938));
#9440 = CARTESIAN_POINT('',(-2.235428646924E-02,0.710222252113));
#9441 = CARTESIAN_POINT('',(-0.524264068712,0.575735931288));
#9442 = CARTESIAN_POINT('',(-0.389777747887,1.077645713531));
#9443 = CARTESIAN_POINT('',(-0.255291427062,1.579555495773));
#9444 = CARTESIAN_POINT('',(0.112132034356,1.212132034356));
#9445 = ( GEOMETRIC_REPRESENTATION_CONTEXT(2) 
PARAMETRIC_REPRESENTATION_CONTEXT() REPRESENTATION_CONTEXT('2D SPACE',''
  ) );
#9446 = ADVANCED_FACE('',(#9447),#5135,.F.);
#9447 = FACE_BOUND('',#9448,.F.);
#9448 = EDGE_LOOP('',(#9449,#9450,#9473,#9495));
#9449 = ORIENTED_EDGE('',*,*,#6271,.T.);
#9450 = ORIENTED_EDGE('',*,*,#9451,.F.);
#9451 = EDGE_CURVE('',#9452,#6249,#9454,.T.);
#9452 = VERTEX_POINT('',#9453);
#9453 = CARTESIAN_POINT('',(2.3,-1.9,4.941926223421));
#9454 = SURFACE_CURVE('',#9455,(#9459,#9466),.PCURVE_S1.);
#9455 = LINE('',#9456,#9457);
#9456 = CARTESIAN_POINT('',(2.3,-1.9,4.941926223421));
#9457 = VECTOR('',#9458,1.);
#9458 = DIRECTION('',(-1.,0.,0.));
#9459 = PCURVE('',#5135,#9460);
#9460 = DEFINITIONAL_REPRESENTATION('',(#9461),#9465);
#9461 = LINE('',#9462,#9463);
#9462 = CARTESIAN_POINT('',(0.785398163397,2.731578947368));
#9463 = VECTOR('',#9464,1.);
#9464 = DIRECTION('',(0.,-1.));
#9465 = ( GEOMETRIC_REPRESENTATION_CONTEXT(2) 
PARAMETRIC_REPRESENTATION_CONTEXT() REPRESENTATION_CONTEXT('2D SPACE',''
  ) );
#9466 = PCURVE('',#2851,#9467);
#9467 = DEFINITIONAL_REPRESENTATION('',(#9468),#9472);
#9468 = LINE('',#9469,#9470);
#9469 = CARTESIAN_POINT('',(-3.163157894737,2.078947368421));
#9470 = VECTOR('',#9471,1.);
#9471 = DIRECTION('',(1.,0.));
#9472 = ( GEOMETRIC_REPRESENTATION_CONTEXT(2) 
PARAMETRIC_REPRESENTATION_CONTEXT() REPRESENTATION_CONTEXT('2D SPACE',''
  ) );
#9473 = ORIENTED_EDGE('',*,*,#9474,.F.);
#9474 = EDGE_CURVE('',#4920,#9452,#9475,.T.);
#9475 = SURFACE_CURVE('',#9476,(#9481,#9488),.PCURVE_S1.);
#9476 = CIRCLE('',#9477,0.1);
#9477 = AXIS2_PLACEMENT_3D('',#9478,#9479,#9480);
#9478 = CARTESIAN_POINT('',(2.3,-1.8,4.941926223421));
#9479 = DIRECTION('',(1.,0.,0.));
#9480 = DIRECTION('',(0.,-0.707106781187,0.707106781187));
#9481 = PCURVE('',#5135,#9482);
#9482 = DEFINITIONAL_REPRESENTATION('',(#9483),#9487);
#9483 = LINE('',#9484,#9485);
#9484 = CARTESIAN_POINT('',(0.,2.731578947368));
#9485 = VECTOR('',#9486,1.);
#9486 = DIRECTION('',(1.,0.));
#9487 = ( GEOMETRIC_REPRESENTATION_CONTEXT(2) 
PARAMETRIC_REPRESENTATION_CONTEXT() REPRESENTATION_CONTEXT('2D SPACE',''
  ) );
#9488 = PCURVE('',#3974,#9489);
#9489 = DEFINITIONAL_REPRESENTATION('',(#9490),#9494);
#9490 = CIRCLE('',#9491,1.E-01);
#9491 = AXIS2_PLACEMENT_2D('',#9492,#9493);
#9492 = CARTESIAN_POINT('',(1.E-01,-0.3));
#9493 = DIRECTION('',(-0.707106781187,0.707106781187));
#9494 = ( GEOMETRIC_REPRESENTATION_CONTEXT(2) 
PARAMETRIC_REPRESENTATION_CONTEXT() REPRESENTATION_CONTEXT('2D SPACE',''
  ) );
#9495 = ORIENTED_EDGE('',*,*,#5121,.F.);
#9496 = ADVANCED_FACE('',(#9497),#4902,.F.);
#9497 = FACE_BOUND('',#9498,.F.);
#9498 = EDGE_LOOP('',(#9499,#9523,#9544,#9545,#9546));
#9499 = ORIENTED_EDGE('',*,*,#9500,.F.);
#9500 = EDGE_CURVE('',#9501,#4860,#9503,.T.);
#9501 = VERTEX_POINT('',#9502);
#9502 = CARTESIAN_POINT('',(-2.3,-1.9,4.941926223421));
#9503 = SURFACE_CURVE('',#9504,(#9509,#9516),.PCURVE_S1.);
#9504 = CIRCLE('',#9505,0.1);
#9505 = AXIS2_PLACEMENT_3D('',#9506,#9507,#9508);
#9506 = CARTESIAN_POINT('',(-2.3,-1.8,4.941926223421));
#9507 = DIRECTION('',(-1.,0.,0.));
#9508 = DIRECTION('',(0.,-0.707106781187,0.707106781187));
#9509 = PCURVE('',#4902,#9510);
#9510 = DEFINITIONAL_REPRESENTATION('',(#9511),#9515);
#9511 = LINE('',#9512,#9513);
#9512 = CARTESIAN_POINT('',(6.28318530718,-1.868421052632));
#9513 = VECTOR('',#9514,1.);
#9514 = DIRECTION('',(-1.,0.));
#9515 = ( GEOMETRIC_REPRESENTATION_CONTEXT(2) 
PARAMETRIC_REPRESENTATION_CONTEXT() REPRESENTATION_CONTEXT('2D SPACE',''
  ) );
#9516 = PCURVE('',#4876,#9517);
#9517 = DEFINITIONAL_REPRESENTATION('',(#9518),#9522);
#9518 = CIRCLE('',#9519,1.E-01);
#9519 = AXIS2_PLACEMENT_2D('',#9520,#9521);
#9520 = CARTESIAN_POINT('',(-1.E-01,1.));
#9521 = DIRECTION('',(0.707106781187,0.707106781187));
#9522 = ( GEOMETRIC_REPRESENTATION_CONTEXT(2) 
PARAMETRIC_REPRESENTATION_CONTEXT() REPRESENTATION_CONTEXT('2D SPACE',''
  ) );
#9523 = ORIENTED_EDGE('',*,*,#9524,.F.);
#9524 = EDGE_CURVE('',#5682,#9501,#9525,.T.);
#9525 = SURFACE_CURVE('',#9526,(#9530,#9537),.PCURVE_S1.);
#9526 = LINE('',#9527,#9528);
#9527 = CARTESIAN_POINT('',(-1.432287565553,-1.9,4.941926223421));
#9528 = VECTOR('',#9529,1.);
#9529 = DIRECTION('',(-1.,0.,0.));
#9530 = PCURVE('',#4902,#9531);
#9531 = DEFINITIONAL_REPRESENTATION('',(#9532),#9536);
#9532 = LINE('',#9533,#9534);
#9533 = CARTESIAN_POINT('',(0.785398163397,-1.000708618185));
#9534 = VECTOR('',#9535,1.);
#9535 = DIRECTION('',(0.,-1.));
#9536 = ( GEOMETRIC_REPRESENTATION_CONTEXT(2) 
PARAMETRIC_REPRESENTATION_CONTEXT() REPRESENTATION_CONTEXT('2D SPACE',''
  ) );
#9537 = PCURVE('',#2851,#9538);
#9538 = DEFINITIONAL_REPRESENTATION('',(#9539),#9543);
#9539 = LINE('',#9540,#9541);
#9540 = CARTESIAN_POINT('',(0.569129670816,2.078947368421));
#9541 = VECTOR('',#9542,1.);
#9542 = DIRECTION('',(1.,0.));
#9543 = ( GEOMETRIC_REPRESENTATION_CONTEXT(2) 
PARAMETRIC_REPRESENTATION_CONTEXT() REPRESENTATION_CONTEXT('2D SPACE',''
  ) );
#9544 = ORIENTED_EDGE('',*,*,#5681,.T.);
#9545 = ORIENTED_EDGE('',*,*,#9282,.T.);
#9546 = ORIENTED_EDGE('',*,*,#4888,.F.);
#9547 = ADVANCED_FACE('',(#9548,#10146),#2851,.T.);
#9548 = FACE_BOUND('',#9549,.T.);
#9549 = EDGE_LOOP('',(#9550,#9551,#9572,#9573,#9597,#9618,#9619,#9647,
    #9668,#9669,#9697,#9718,#9719,#9743,#9764,#9765,#9793,#9814,#9815,
    #9843,#9864,#9865,#9889,#9912,#9935,#9956,#9957,#9981,#10002,#10003,
    #10027,#10050,#10073,#10094,#10095,#10119,#10140,#10141,#10142,
    #10143,#10144,#10145));
#9550 = ORIENTED_EDGE('',*,*,#9451,.F.);
#9551 = ORIENTED_EDGE('',*,*,#9552,.T.);
#9552 = EDGE_CURVE('',#9452,#3959,#9553,.T.);
#9553 = SURFACE_CURVE('',#9554,(#9558,#9565),.PCURVE_S1.);
#9554 = LINE('',#9555,#9556);
#9555 = CARTESIAN_POINT('',(2.3,-1.9,4.941926223421));
#9556 = VECTOR('',#9557,1.);
#9557 = DIRECTION('',(0.,-2.22044604925E-16,-1.));
#9558 = PCURVE('',#2851,#9559);
#9559 = DEFINITIONAL_REPRESENTATION('',(#9560),#9564);
#9560 = LINE('',#9561,#9562);
#9561 = CARTESIAN_POINT('',(-3.163157894737,2.078947368421));
#9562 = VECTOR('',#9563,1.);
#9563 = DIRECTION('',(-0.,-1.));
#9564 = ( GEOMETRIC_REPRESENTATION_CONTEXT(2) 
PARAMETRIC_REPRESENTATION_CONTEXT() REPRESENTATION_CONTEXT('2D SPACE',''
  ) );
#9565 = PCURVE('',#3974,#9566);
#9566 = DEFINITIONAL_REPRESENTATION('',(#9567),#9571);
#9567 = LINE('',#9568,#9569);
#9568 = CARTESIAN_POINT('',(6.66133814775E-17,-0.3));
#9569 = VECTOR('',#9570,1.);
#9570 = DIRECTION('',(0.,-1.));
#9571 = ( GEOMETRIC_REPRESENTATION_CONTEXT(2) 
PARAMETRIC_REPRESENTATION_CONTEXT() REPRESENTATION_CONTEXT('2D SPACE',''
  ) );
#9572 = ORIENTED_EDGE('',*,*,#3986,.F.);
#9573 = ORIENTED_EDGE('',*,*,#9574,.F.);
#9574 = EDGE_CURVE('',#9575,#3987,#9577,.T.);
#9575 = VERTEX_POINT('',#9576);
#9576 = CARTESIAN_POINT('',(2.5,-1.9,3.941926223421));
#9577 = SURFACE_CURVE('',#9578,(#9583,#9590),.PCURVE_S1.);
#9578 = CIRCLE('',#9579,0.2);
#9579 = AXIS2_PLACEMENT_3D('',#9580,#9581,#9582);
#9580 = CARTESIAN_POINT('',(2.5,-1.9,4.141926223421));
#9581 = DIRECTION('',(-3.299050841687E-33,1.,-2.22044604925E-16));
#9582 = DIRECTION('',(-0.707106781187,-1.570092458684E-16,
    -0.707106781187));
#9583 = PCURVE('',#2851,#9584);
#9584 = DEFINITIONAL_REPRESENTATION('',(#9585),#9589);
#9585 = CIRCLE('',#9586,0.2);
#9586 = AXIS2_PLACEMENT_2D('',#9587,#9588);
#9587 = CARTESIAN_POINT('',(-3.363157894737,1.278947368421));
#9588 = DIRECTION('',(0.707106781187,-0.707106781187));
#9589 = ( GEOMETRIC_REPRESENTATION_CONTEXT(2) 
PARAMETRIC_REPRESENTATION_CONTEXT() REPRESENTATION_CONTEXT('2D SPACE',''
  ) );
#9590 = PCURVE('',#4024,#9591);
#9591 = DEFINITIONAL_REPRESENTATION('',(#9592),#9596);
#9592 = LINE('',#9593,#9594);
#9593 = CARTESIAN_POINT('',(6.28318530718,0.));
#9594 = VECTOR('',#9595,1.);
#9595 = DIRECTION('',(-1.,0.));
#9596 = ( GEOMETRIC_REPRESENTATION_CONTEXT(2) 
PARAMETRIC_REPRESENTATION_CONTEXT() REPRESENTATION_CONTEXT('2D SPACE',''
  ) );
#9597 = ORIENTED_EDGE('',*,*,#9598,.T.);
#9598 = EDGE_CURVE('',#9575,#3843,#9599,.T.);
#9599 = SURFACE_CURVE('',#9600,(#9604,#9611),.PCURVE_S1.);
#9600 = LINE('',#9601,#9602);
#9601 = CARTESIAN_POINT('',(2.5,-1.9,3.941926223421));
#9602 = VECTOR('',#9603,1.);
#9603 = DIRECTION('',(1.,0.,0.));
#9604 = PCURVE('',#2851,#9605);
#9605 = DEFINITIONAL_REPRESENTATION('',(#9606),#9610);
#9606 = LINE('',#9607,#9608);
#9607 = CARTESIAN_POINT('',(-3.363157894737,1.078947368421));
#9608 = VECTOR('',#9609,1.);
#9609 = DIRECTION('',(-1.,0.));
#9610 = ( GEOMETRIC_REPRESENTATION_CONTEXT(2) 
PARAMETRIC_REPRESENTATION_CONTEXT() REPRESENTATION_CONTEXT('2D SPACE',''
  ) );
#9611 = PCURVE('',#3886,#9612);
#9612 = DEFINITIONAL_REPRESENTATION('',(#9613),#9617);
#9613 = LINE('',#9614,#9615);
#9614 = CARTESIAN_POINT('',(0.,0.2));
#9615 = VECTOR('',#9616,1.);
#9616 = DIRECTION('',(0.,1.));
#9617 = ( GEOMETRIC_REPRESENTATION_CONTEXT(2) 
PARAMETRIC_REPRESENTATION_CONTEXT() REPRESENTATION_CONTEXT('2D SPACE',''
  ) );
#9618 = ORIENTED_EDGE('',*,*,#3842,.F.);
#9619 = ORIENTED_EDGE('',*,*,#9620,.F.);
#9620 = EDGE_CURVE('',#9621,#3808,#9623,.T.);
#9621 = VERTEX_POINT('',#9622);
#9622 = CARTESIAN_POINT('',(2.8,-1.9,3.741926223421));
#9623 = SURFACE_CURVE('',#9624,(#9629,#9640),.PCURVE_S1.);
#9624 = CIRCLE('',#9625,0.2);
#9625 = AXIS2_PLACEMENT_3D('',#9626,#9627,#9628);
#9626 = CARTESIAN_POINT('',(2.6,-1.9,3.741926223421));
#9627 = DIRECTION('',(3.299050841687E-33,-1.,2.22044604925E-16));
#9628 = DIRECTION('',(0.707106781187,1.570092458684E-16,0.707106781187)
  );
#9629 = PCURVE('',#2851,#9630);
#9630 = DEFINITIONAL_REPRESENTATION('',(#9631),#9639);
#9631 = ( BOUNDED_CURVE() B_SPLINE_CURVE(2,(#9632,#9633,#9634,#9635,
#9636,#9637,#9638),.UNSPECIFIED.,.T.,.F.) B_SPLINE_CURVE_WITH_KNOTS((1,2
    ,2,2,2,1),(-2.094395102393,0.,2.094395102393,4.188790204786,
6.28318530718,8.377580409573),.UNSPECIFIED.) CURVE() 
GEOMETRIC_REPRESENTATION_ITEM() RATIONAL_B_SPLINE_CURVE((1.,0.5,1.,0.5,
1.,0.5,1.)) REPRESENTATION_ITEM('') );
#9632 = CARTESIAN_POINT('',(-3.604579250974,1.020368724658));
#9633 = CARTESIAN_POINT('',(-3.359630276696,1.265317698937));
#9634 = CARTESIAN_POINT('',(-3.269972729479,0.930711177442));
#9635 = CARTESIAN_POINT('',(-3.180315182262,0.596104655946));
#9636 = CARTESIAN_POINT('',(-3.514921703758,0.685762203163));
#9637 = CARTESIAN_POINT('',(-3.849528225253,0.77541975038));
#9638 = CARTESIAN_POINT('',(-3.604579250974,1.020368724658));
#9639 = ( GEOMETRIC_REPRESENTATION_CONTEXT(2) 
PARAMETRIC_REPRESENTATION_CONTEXT() REPRESENTATION_CONTEXT('2D SPACE',''
  ) );
#9640 = PCURVE('',#3830,#9641);
#9641 = DEFINITIONAL_REPRESENTATION('',(#9642),#9646);
#9642 = LINE('',#9643,#9644);
#9643 = CARTESIAN_POINT('',(0.,0.));
#9644 = VECTOR('',#9645,1.);
#9645 = DIRECTION('',(1.,0.));
#9646 = ( GEOMETRIC_REPRESENTATION_CONTEXT(2) 
PARAMETRIC_REPRESENTATION_CONTEXT() REPRESENTATION_CONTEXT('2D SPACE',''
  ) );
#9647 = ORIENTED_EDGE('',*,*,#9648,.T.);
#9648 = EDGE_CURVE('',#9621,#3723,#9649,.T.);
#9649 = SURFACE_CURVE('',#9650,(#9654,#9661),.PCURVE_S1.);
#9650 = LINE('',#9651,#9652);
#9651 = CARTESIAN_POINT('',(2.8,-1.9,3.741926223421));
#9652 = VECTOR('',#9653,1.);
#9653 = DIRECTION('',(0.,-2.22044604925E-16,-1.));
#9654 = PCURVE('',#2851,#9655);
#9655 = DEFINITIONAL_REPRESENTATION('',(#9656),#9660);
#9656 = LINE('',#9657,#9658);
#9657 = CARTESIAN_POINT('',(-3.663157894737,0.878947368421));
#9658 = VECTOR('',#9659,1.);
#9659 = DIRECTION('',(-0.,-1.));
#9660 = ( GEOMETRIC_REPRESENTATION_CONTEXT(2) 
PARAMETRIC_REPRESENTATION_CONTEXT() REPRESENTATION_CONTEXT('2D SPACE',''
  ) );
#9661 = PCURVE('',#3766,#9662);
#9662 = DEFINITIONAL_REPRESENTATION('',(#9663),#9667);
#9663 = LINE('',#9664,#9665);
#9664 = CARTESIAN_POINT('',(4.4408920985E-17,-0.2));
#9665 = VECTOR('',#9666,1.);
#9666 = DIRECTION('',(0.,-1.));
#9667 = ( GEOMETRIC_REPRESENTATION_CONTEXT(2) 
PARAMETRIC_REPRESENTATION_CONTEXT() REPRESENTATION_CONTEXT('2D SPACE',''
  ) );
#9668 = ORIENTED_EDGE('',*,*,#3722,.F.);
#9669 = ORIENTED_EDGE('',*,*,#9670,.F.);
#9670 = EDGE_CURVE('',#9671,#3688,#9673,.T.);
#9671 = VERTEX_POINT('',#9672);
#9672 = CARTESIAN_POINT('',(2.6,-1.9,1.741926223421));
#9673 = SURFACE_CURVE('',#9674,(#9679,#9690),.PCURVE_S1.);
#9674 = CIRCLE('',#9675,0.2);
#9675 = AXIS2_PLACEMENT_3D('',#9676,#9677,#9678);
#9676 = CARTESIAN_POINT('',(2.6,-1.9,1.941926223421));
#9677 = DIRECTION('',(-3.299050841687E-33,-1.,2.22044604925E-16));
#9678 = DIRECTION('',(0.707106781187,-1.570092458684E-16,-0.707106781187
    ));
#9679 = PCURVE('',#2851,#9680);
#9680 = DEFINITIONAL_REPRESENTATION('',(#9681),#9689);
#9681 = ( BOUNDED_CURVE() B_SPLINE_CURVE(2,(#9682,#9683,#9684,#9685,
#9686,#9687,#9688),.UNSPECIFIED.,.T.,.F.) B_SPLINE_CURVE_WITH_KNOTS((1,2
    ,2,2,2,1),(-2.094395102393,0.,2.094395102393,4.188790204786,
6.28318530718,8.377580409573),.UNSPECIFIED.) CURVE() 
GEOMETRIC_REPRESENTATION_ITEM() RATIONAL_B_SPLINE_CURVE((1.,0.5,1.,0.5,
1.,0.5,1.)) REPRESENTATION_ITEM('') );
#9682 = CARTESIAN_POINT('',(-3.604579250974,-1.062473987816));
#9683 = CARTESIAN_POINT('',(-3.849528225253,-0.817525013538));
#9684 = CARTESIAN_POINT('',(-3.514921703758,-0.727867466321));
#9685 = CARTESIAN_POINT('',(-3.180315182262,-0.638209919104));
#9686 = CARTESIAN_POINT('',(-3.269972729479,-0.9728164406));
#9687 = CARTESIAN_POINT('',(-3.359630276696,-1.307422962095));
#9688 = CARTESIAN_POINT('',(-3.604579250974,-1.062473987816));
#9689 = ( GEOMETRIC_REPRESENTATION_CONTEXT(2) 
PARAMETRIC_REPRESENTATION_CONTEXT() REPRESENTATION_CONTEXT('2D SPACE',''
  ) );
#9690 = PCURVE('',#3710,#9691);
#9691 = DEFINITIONAL_REPRESENTATION('',(#9692),#9696);
#9692 = LINE('',#9693,#9694);
#9693 = CARTESIAN_POINT('',(-8.881784197001E-16,0.));
#9694 = VECTOR('',#9695,1.);
#9695 = DIRECTION('',(1.,0.));
#9696 = ( GEOMETRIC_REPRESENTATION_CONTEXT(2) 
PARAMETRIC_REPRESENTATION_CONTEXT() REPRESENTATION_CONTEXT('2D SPACE',''
  ) );
#9697 = ORIENTED_EDGE('',*,*,#9698,.T.);
#9698 = EDGE_CURVE('',#9671,#3607,#9699,.T.);
#9699 = SURFACE_CURVE('',#9700,(#9704,#9711),.PCURVE_S1.);
#9700 = LINE('',#9701,#9702);
#9701 = CARTESIAN_POINT('',(2.6,-1.9,1.741926223421));
#9702 = VECTOR('',#9703,1.);
#9703 = DIRECTION('',(-1.,0.,0.));
#9704 = PCURVE('',#2851,#9705);
#9705 = DEFINITIONAL_REPRESENTATION('',(#9706),#9710);
#9706 = LINE('',#9707,#9708);
#9707 = CARTESIAN_POINT('',(-3.463157894737,-1.121052631579));
#9708 = VECTOR('',#9709,1.);
#9709 = DIRECTION('',(1.,0.));
#9710 = ( GEOMETRIC_REPRESENTATION_CONTEXT(2) 
PARAMETRIC_REPRESENTATION_CONTEXT() REPRESENTATION_CONTEXT('2D SPACE',''
  ) );
#9711 = PCURVE('',#3622,#9712);
#9712 = DEFINITIONAL_REPRESENTATION('',(#9713),#9717);
#9713 = LINE('',#9714,#9715);
#9714 = CARTESIAN_POINT('',(0.,-0.2));
#9715 = VECTOR('',#9716,1.);
#9716 = DIRECTION('',(0.,-1.));
#9717 = ( GEOMETRIC_REPRESENTATION_CONTEXT(2) 
PARAMETRIC_REPRESENTATION_CONTEXT() REPRESENTATION_CONTEXT('2D SPACE',''
  ) );
#9718 = ORIENTED_EDGE('',*,*,#3634,.F.);
#9719 = ORIENTED_EDGE('',*,*,#9720,.F.);
#9720 = EDGE_CURVE('',#9721,#3635,#9723,.T.);
#9721 = VERTEX_POINT('',#9722);
#9722 = CARTESIAN_POINT('',(2.355,-1.9,1.541926223421));
#9723 = SURFACE_CURVE('',#9724,(#9729,#9736),.PCURVE_S1.);
#9724 = CIRCLE('',#9725,0.2);
#9725 = AXIS2_PLACEMENT_3D('',#9726,#9727,#9728);
#9726 = CARTESIAN_POINT('',(2.555,-1.9,1.541926223421));
#9727 = DIRECTION('',(3.299050841687E-33,1.,-2.22044604925E-16));
#9728 = DIRECTION('',(-0.707106781187,1.570092458684E-16,0.707106781187)
  );
#9729 = PCURVE('',#2851,#9730);
#9730 = DEFINITIONAL_REPRESENTATION('',(#9731),#9735);
#9731 = CIRCLE('',#9732,0.2);
#9732 = AXIS2_PLACEMENT_2D('',#9733,#9734);
#9733 = CARTESIAN_POINT('',(-3.418157894737,-1.321052631579));
#9734 = DIRECTION('',(0.707106781187,0.707106781187));
#9735 = ( GEOMETRIC_REPRESENTATION_CONTEXT(2) 
PARAMETRIC_REPRESENTATION_CONTEXT() REPRESENTATION_CONTEXT('2D SPACE',''
  ) );
#9736 = PCURVE('',#3672,#9737);
#9737 = DEFINITIONAL_REPRESENTATION('',(#9738),#9742);
#9738 = LINE('',#9739,#9740);
#9739 = CARTESIAN_POINT('',(6.28318530718,0.));
#9740 = VECTOR('',#9741,1.);
#9741 = DIRECTION('',(-1.,0.));
#9742 = ( GEOMETRIC_REPRESENTATION_CONTEXT(2) 
PARAMETRIC_REPRESENTATION_CONTEXT() REPRESENTATION_CONTEXT('2D SPACE',''
  ) );
#9743 = ORIENTED_EDGE('',*,*,#9744,.T.);
#9744 = EDGE_CURVE('',#9721,#3491,#9745,.T.);
#9745 = SURFACE_CURVE('',#9746,(#9750,#9757),.PCURVE_S1.);
#9746 = LINE('',#9747,#9748);
#9747 = CARTESIAN_POINT('',(2.355,-1.9,1.541926223421));
#9748 = VECTOR('',#9749,1.);
#9749 = DIRECTION('',(0.,-2.22044604925E-16,-1.));
#9750 = PCURVE('',#2851,#9751);
#9751 = DEFINITIONAL_REPRESENTATION('',(#9752),#9756);
#9752 = LINE('',#9753,#9754);
#9753 = CARTESIAN_POINT('',(-3.218157894737,-1.321052631579));
#9754 = VECTOR('',#9755,1.);
#9755 = DIRECTION('',(-0.,-1.));
#9756 = ( GEOMETRIC_REPRESENTATION_CONTEXT(2) 
PARAMETRIC_REPRESENTATION_CONTEXT() REPRESENTATION_CONTEXT('2D SPACE',''
  ) );
#9757 = PCURVE('',#3534,#9758);
#9758 = DEFINITIONAL_REPRESENTATION('',(#9759),#9763);
#9759 = LINE('',#9760,#9761);
#9760 = CARTESIAN_POINT('',(4.4408920985E-17,-0.2));
#9761 = VECTOR('',#9762,1.);
#9762 = DIRECTION('',(0.,-1.));
#9763 = ( GEOMETRIC_REPRESENTATION_CONTEXT(2) 
PARAMETRIC_REPRESENTATION_CONTEXT() REPRESENTATION_CONTEXT('2D SPACE',''
  ) );
#9764 = ORIENTED_EDGE('',*,*,#3490,.F.);
#9765 = ORIENTED_EDGE('',*,*,#9766,.F.);
#9766 = EDGE_CURVE('',#9767,#3456,#9769,.T.);
#9767 = VERTEX_POINT('',#9768);
#9768 = CARTESIAN_POINT('',(2.155,-1.9,0.641926223421));
#9769 = SURFACE_CURVE('',#9770,(#9775,#9786),.PCURVE_S1.);
#9770 = CIRCLE('',#9771,0.2);
#9771 = AXIS2_PLACEMENT_3D('',#9772,#9773,#9774);
#9772 = CARTESIAN_POINT('',(2.155,-1.9,0.841926223421));
#9773 = DIRECTION('',(-3.299050841687E-33,-1.,2.22044604925E-16));
#9774 = DIRECTION('',(0.707106781187,-1.570092458684E-16,-0.707106781187
    ));
#9775 = PCURVE('',#2851,#9776);
#9776 = DEFINITIONAL_REPRESENTATION('',(#9777),#9785);
#9777 = ( BOUNDED_CURVE() B_SPLINE_CURVE(2,(#9778,#9779,#9780,#9781,
#9782,#9783,#9784),.UNSPECIFIED.,.T.,.F.) B_SPLINE_CURVE_WITH_KNOTS((1,2
    ,2,2,2,1),(-2.094395102393,0.,2.094395102393,4.188790204786,
6.28318530718,8.377580409573),.UNSPECIFIED.) CURVE() 
GEOMETRIC_REPRESENTATION_ITEM() RATIONAL_B_SPLINE_CURVE((1.,0.5,1.,0.5,
1.,0.5,1.)) REPRESENTATION_ITEM('') );
#9778 = CARTESIAN_POINT('',(-3.159579250974,-2.162473987816));
#9779 = CARTESIAN_POINT('',(-3.404528225253,-1.917525013538));
#9780 = CARTESIAN_POINT('',(-3.069921703758,-1.827867466321));
#9781 = CARTESIAN_POINT('',(-2.735315182262,-1.738209919104));
#9782 = CARTESIAN_POINT('',(-2.824972729479,-2.0728164406));
#9783 = CARTESIAN_POINT('',(-2.914630276696,-2.407422962095));
#9784 = CARTESIAN_POINT('',(-3.159579250974,-2.162473987816));
#9785 = ( GEOMETRIC_REPRESENTATION_CONTEXT(2) 
PARAMETRIC_REPRESENTATION_CONTEXT() REPRESENTATION_CONTEXT('2D SPACE',''
  ) );
#9786 = PCURVE('',#3478,#9787);
#9787 = DEFINITIONAL_REPRESENTATION('',(#9788),#9792);
#9788 = LINE('',#9789,#9790);
#9789 = CARTESIAN_POINT('',(0.,0.));
#9790 = VECTOR('',#9791,1.);
#9791 = DIRECTION('',(1.,0.));
#9792 = ( GEOMETRIC_REPRESENTATION_CONTEXT(2) 
PARAMETRIC_REPRESENTATION_CONTEXT() REPRESENTATION_CONTEXT('2D SPACE',''
  ) );
#9793 = ORIENTED_EDGE('',*,*,#9794,.T.);
#9794 = EDGE_CURVE('',#9767,#3259,#9795,.T.);
#9795 = SURFACE_CURVE('',#9796,(#9800,#9807),.PCURVE_S1.);
#9796 = LINE('',#9797,#9798);
#9797 = CARTESIAN_POINT('',(2.155,-1.9,0.641926223421));
#9798 = VECTOR('',#9799,1.);
#9799 = DIRECTION('',(-1.,0.,0.));
#9800 = PCURVE('',#2851,#9801);
#9801 = DEFINITIONAL_REPRESENTATION('',(#9802),#9806);
#9802 = LINE('',#9803,#9804);
#9803 = CARTESIAN_POINT('',(-3.018157894737,-2.221052631579));
#9804 = VECTOR('',#9805,1.);
#9805 = DIRECTION('',(1.,0.));
#9806 = ( GEOMETRIC_REPRESENTATION_CONTEXT(2) 
PARAMETRIC_REPRESENTATION_CONTEXT() REPRESENTATION_CONTEXT('2D SPACE',''
  ) );
#9807 = PCURVE('',#3302,#9808);
#9808 = DEFINITIONAL_REPRESENTATION('',(#9809),#9813);
#9809 = LINE('',#9810,#9811);
#9810 = CARTESIAN_POINT('',(0.,-0.2));
#9811 = VECTOR('',#9812,1.);
#9812 = DIRECTION('',(0.,-1.));
#9813 = ( GEOMETRIC_REPRESENTATION_CONTEXT(2) 
PARAMETRIC_REPRESENTATION_CONTEXT() REPRESENTATION_CONTEXT('2D SPACE',''
  ) );
#9814 = ORIENTED_EDGE('',*,*,#3258,.F.);
#9815 = ORIENTED_EDGE('',*,*,#9816,.F.);
#9816 = EDGE_CURVE('',#9817,#3224,#9819,.T.);
#9817 = VERTEX_POINT('',#9818);
#9818 = CARTESIAN_POINT('',(-2.355,-1.9,0.841926223421));
#9819 = SURFACE_CURVE('',#9820,(#9825,#9836),.PCURVE_S1.);
#9820 = CIRCLE('',#9821,0.2);
#9821 = AXIS2_PLACEMENT_3D('',#9822,#9823,#9824);
#9822 = CARTESIAN_POINT('',(-2.155,-1.9,0.841926223421));
#9823 = DIRECTION('',(3.299050841687E-33,-1.,2.22044604925E-16));
#9824 = DIRECTION('',(-0.707106781187,-1.570092458684E-16,
    -0.707106781187));
#9825 = PCURVE('',#2851,#9826);
#9826 = DEFINITIONAL_REPRESENTATION('',(#9827),#9835);
#9827 = ( BOUNDED_CURVE() B_SPLINE_CURVE(2,(#9828,#9829,#9830,#9831,
#9832,#9833,#9834),.UNSPECIFIED.,.T.,.F.) B_SPLINE_CURVE_WITH_KNOTS((1,2
    ,2,2,2,1),(-2.094395102393,0.,2.094395102393,4.188790204786,
6.28318530718,8.377580409573),.UNSPECIFIED.) CURVE() 
GEOMETRIC_REPRESENTATION_ITEM() RATIONAL_B_SPLINE_CURVE((1.,0.5,1.,0.5,
1.,0.5,1.)) REPRESENTATION_ITEM('') );
#9828 = CARTESIAN_POINT('',(1.4332634615,-2.162473987816));
#9829 = CARTESIAN_POINT('',(1.188314487222,-2.407422962095));
#9830 = CARTESIAN_POINT('',(1.098656940005,-2.0728164406));
#9831 = CARTESIAN_POINT('',(1.008999392788,-1.738209919104));
#9832 = CARTESIAN_POINT('',(1.343605914284,-1.827867466321));
#9833 = CARTESIAN_POINT('',(1.678212435779,-1.917525013538));
#9834 = CARTESIAN_POINT('',(1.4332634615,-2.162473987816));
#9835 = ( GEOMETRIC_REPRESENTATION_CONTEXT(2) 
PARAMETRIC_REPRESENTATION_CONTEXT() REPRESENTATION_CONTEXT('2D SPACE',''
  ) );
#9836 = PCURVE('',#3246,#9837);
#9837 = DEFINITIONAL_REPRESENTATION('',(#9838),#9842);
#9838 = LINE('',#9839,#9840);
#9839 = CARTESIAN_POINT('',(-8.881784197001E-16,0.));
#9840 = VECTOR('',#9841,1.);
#9841 = DIRECTION('',(1.,0.));
#9842 = ( GEOMETRIC_REPRESENTATION_CONTEXT(2) 
PARAMETRIC_REPRESENTATION_CONTEXT() REPRESENTATION_CONTEXT('2D SPACE',''
  ) );
#9843 = ORIENTED_EDGE('',*,*,#9844,.T.);
#9844 = EDGE_CURVE('',#9817,#3143,#9845,.T.);
#9845 = SURFACE_CURVE('',#9846,(#9850,#9857),.PCURVE_S1.);
#9846 = LINE('',#9847,#9848);
#9847 = CARTESIAN_POINT('',(-2.355,-1.9,0.841926223421));
#9848 = VECTOR('',#9849,1.);
#9849 = DIRECTION('',(0.,2.22044604925E-16,1.));
#9850 = PCURVE('',#2851,#9851);
#9851 = DEFINITIONAL_REPRESENTATION('',(#9852),#9856);
#9852 = LINE('',#9853,#9854);
#9853 = CARTESIAN_POINT('',(1.491842105263,-2.021052631579));
#9854 = VECTOR('',#9855,1.);
#9855 = DIRECTION('',(0.,1.));
#9856 = ( GEOMETRIC_REPRESENTATION_CONTEXT(2) 
PARAMETRIC_REPRESENTATION_CONTEXT() REPRESENTATION_CONTEXT('2D SPACE',''
  ) );
#9857 = PCURVE('',#3158,#9858);
#9858 = DEFINITIONAL_REPRESENTATION('',(#9859),#9863);
#9859 = LINE('',#9860,#9861);
#9860 = CARTESIAN_POINT('',(4.4408920985E-17,0.2));
#9861 = VECTOR('',#9862,1.);
#9862 = DIRECTION('',(0.,1.));
#9863 = ( GEOMETRIC_REPRESENTATION_CONTEXT(2) 
PARAMETRIC_REPRESENTATION_CONTEXT() REPRESENTATION_CONTEXT('2D SPACE',''
  ) );
#9864 = ORIENTED_EDGE('',*,*,#3170,.F.);
#9865 = ORIENTED_EDGE('',*,*,#9866,.F.);
#9866 = EDGE_CURVE('',#9867,#3171,#9869,.T.);
#9867 = VERTEX_POINT('',#9868);
#9868 = CARTESIAN_POINT('',(-2.555,-1.9,1.741926223421));
#9869 = SURFACE_CURVE('',#9870,(#9875,#9882),.PCURVE_S1.);
#9870 = CIRCLE('',#9871,0.2);
#9871 = AXIS2_PLACEMENT_3D('',#9872,#9873,#9874);
#9872 = CARTESIAN_POINT('',(-2.555,-1.9,1.541926223421));
#9873 = DIRECTION('',(-3.299050841687E-33,1.,-2.22044604925E-16));
#9874 = DIRECTION('',(0.707106781187,1.570092458684E-16,0.707106781187)
  );
#9875 = PCURVE('',#2851,#9876);
#9876 = DEFINITIONAL_REPRESENTATION('',(#9877),#9881);
#9877 = CIRCLE('',#9878,0.2);
#9878 = AXIS2_PLACEMENT_2D('',#9879,#9880);
#9879 = CARTESIAN_POINT('',(1.691842105263,-1.321052631579));
#9880 = DIRECTION('',(-0.707106781187,0.707106781187));
#9881 = ( GEOMETRIC_REPRESENTATION_CONTEXT(2) 
PARAMETRIC_REPRESENTATION_CONTEXT() REPRESENTATION_CONTEXT('2D SPACE',''
  ) );
#9882 = PCURVE('',#3208,#9883);
#9883 = DEFINITIONAL_REPRESENTATION('',(#9884),#9888);
#9884 = LINE('',#9885,#9886);
#9885 = CARTESIAN_POINT('',(6.28318530718,0.));
#9886 = VECTOR('',#9887,1.);
#9887 = DIRECTION('',(-1.,0.));
#9888 = ( GEOMETRIC_REPRESENTATION_CONTEXT(2) 
PARAMETRIC_REPRESENTATION_CONTEXT() REPRESENTATION_CONTEXT('2D SPACE',''
  ) );
#9889 = ORIENTED_EDGE('',*,*,#9890,.T.);
#9890 = EDGE_CURVE('',#9867,#9891,#9893,.T.);
#9891 = VERTEX_POINT('',#9892);
#9892 = CARTESIAN_POINT('',(-3.6,-1.9,1.741926223421));
#9893 = SURFACE_CURVE('',#9894,(#9898,#9905),.PCURVE_S1.);
#9894 = LINE('',#9895,#9896);
#9895 = CARTESIAN_POINT('',(-2.555,-1.9,1.741926223421));
#9896 = VECTOR('',#9897,1.);
#9897 = DIRECTION('',(-1.,0.,0.));
#9898 = PCURVE('',#2851,#9899);
#9899 = DEFINITIONAL_REPRESENTATION('',(#9900),#9904);
#9900 = LINE('',#9901,#9902);
#9901 = CARTESIAN_POINT('',(1.691842105263,-1.121052631579));
#9902 = VECTOR('',#9903,1.);
#9903 = DIRECTION('',(1.,0.));
#9904 = ( GEOMETRIC_REPRESENTATION_CONTEXT(2) 
PARAMETRIC_REPRESENTATION_CONTEXT() REPRESENTATION_CONTEXT('2D SPACE',''
  ) );
#9905 = PCURVE('',#4232,#9906);
#9906 = DEFINITIONAL_REPRESENTATION('',(#9907),#9911);
#9907 = LINE('',#9908,#9909);
#9908 = CARTESIAN_POINT('',(0.,-0.2));
#9909 = VECTOR('',#9910,1.);
#9910 = DIRECTION('',(0.,-1.));
#9911 = ( GEOMETRIC_REPRESENTATION_CONTEXT(2) 
PARAMETRIC_REPRESENTATION_CONTEXT() REPRESENTATION_CONTEXT('2D SPACE',''
  ) );
#9912 = ORIENTED_EDGE('',*,*,#9913,.F.);
#9913 = EDGE_CURVE('',#9914,#9891,#9916,.T.);
#9914 = VERTEX_POINT('',#9915);
#9915 = CARTESIAN_POINT('',(-3.6,-1.9,2.241926223421));
#9916 = SURFACE_CURVE('',#9917,(#9921,#9928),.PCURVE_S1.);
#9917 = LINE('',#9918,#9919);
#9918 = CARTESIAN_POINT('',(-3.6,-1.9,2.241926223421));
#9919 = VECTOR('',#9920,1.);
#9920 = DIRECTION('',(0.,-2.22044604925E-16,-1.));
#9921 = PCURVE('',#2851,#9922);
#9922 = DEFINITIONAL_REPRESENTATION('',(#9923),#9927);
#9923 = LINE('',#9924,#9925);
#9924 = CARTESIAN_POINT('',(2.736842105263,-0.621052631579));
#9925 = VECTOR('',#9926,1.);
#9926 = DIRECTION('',(-0.,-1.));
#9927 = ( GEOMETRIC_REPRESENTATION_CONTEXT(2) 
PARAMETRIC_REPRESENTATION_CONTEXT() REPRESENTATION_CONTEXT('2D SPACE',''
  ) );
#9928 = PCURVE('',#4258,#9929);
#9929 = DEFINITIONAL_REPRESENTATION('',(#9930),#9934);
#9930 = LINE('',#9931,#9932);
#9931 = CARTESIAN_POINT('',(0.785398163397,-6.052631578944E-02));
#9932 = VECTOR('',#9933,1.);
#9933 = DIRECTION('',(0.,-1.));
#9934 = ( GEOMETRIC_REPRESENTATION_CONTEXT(2) 
PARAMETRIC_REPRESENTATION_CONTEXT() REPRESENTATION_CONTEXT('2D SPACE',''
  ) );
#9935 = ORIENTED_EDGE('',*,*,#9936,.T.);
#9936 = EDGE_CURVE('',#9914,#3031,#9937,.T.);
#9937 = SURFACE_CURVE('',#9938,(#9942,#9949),.PCURVE_S1.);
#9938 = LINE('',#9939,#9940);
#9939 = CARTESIAN_POINT('',(-3.6,-1.9,2.241926223421));
#9940 = VECTOR('',#9941,1.);
#9941 = DIRECTION('',(1.,0.,0.));
#9942 = PCURVE('',#2851,#9943);
#9943 = DEFINITIONAL_REPRESENTATION('',(#9944),#9948);
#9944 = LINE('',#9945,#9946);
#9945 = CARTESIAN_POINT('',(2.736842105263,-0.621052631579));
#9946 = VECTOR('',#9947,1.);
#9947 = DIRECTION('',(-1.,0.));
#9948 = ( GEOMETRIC_REPRESENTATION_CONTEXT(2) 
PARAMETRIC_REPRESENTATION_CONTEXT() REPRESENTATION_CONTEXT('2D SPACE',''
  ) );
#9949 = PCURVE('',#3046,#9950);
#9950 = DEFINITIONAL_REPRESENTATION('',(#9951),#9955);
#9951 = LINE('',#9952,#9953);
#9952 = CARTESIAN_POINT('',(0.,0.3));
#9953 = VECTOR('',#9954,1.);
#9954 = DIRECTION('',(0.,1.));
#9955 = ( GEOMETRIC_REPRESENTATION_CONTEXT(2) 
PARAMETRIC_REPRESENTATION_CONTEXT() REPRESENTATION_CONTEXT('2D SPACE',''
  ) );
#9956 = ORIENTED_EDGE('',*,*,#3058,.F.);
#9957 = ORIENTED_EDGE('',*,*,#9958,.F.);
#9958 = EDGE_CURVE('',#9959,#3059,#9961,.T.);
#9959 = VERTEX_POINT('',#9960);
#9960 = CARTESIAN_POINT('',(-3.2,-1.9,2.441926223421));
#9961 = SURFACE_CURVE('',#9962,(#9967,#9974),.PCURVE_S1.);
#9962 = CIRCLE('',#9963,0.2);
#9963 = AXIS2_PLACEMENT_3D('',#9964,#9965,#9966);
#9964 = CARTESIAN_POINT('',(-3.4,-1.9,2.441926223421));
#9965 = DIRECTION('',(3.299050841687E-33,1.,-2.22044604925E-16));
#9966 = DIRECTION('',(0.707106781187,-1.570092458684E-16,-0.707106781187
    ));
#9967 = PCURVE('',#2851,#9968);
#9968 = DEFINITIONAL_REPRESENTATION('',(#9969),#9973);
#9969 = CIRCLE('',#9970,0.2);
#9970 = AXIS2_PLACEMENT_2D('',#9971,#9972);
#9971 = CARTESIAN_POINT('',(2.536842105263,-0.421052631579));
#9972 = DIRECTION('',(-0.707106781187,-0.707106781187));
#9973 = ( GEOMETRIC_REPRESENTATION_CONTEXT(2) 
PARAMETRIC_REPRESENTATION_CONTEXT() REPRESENTATION_CONTEXT('2D SPACE',''
  ) );
#9974 = PCURVE('',#3096,#9975);
#9975 = DEFINITIONAL_REPRESENTATION('',(#9976),#9980);
#9976 = LINE('',#9977,#9978);
#9977 = CARTESIAN_POINT('',(6.28318530718,0.));
#9978 = VECTOR('',#9979,1.);
#9979 = DIRECTION('',(-1.,0.));
#9980 = ( GEOMETRIC_REPRESENTATION_CONTEXT(2) 
PARAMETRIC_REPRESENTATION_CONTEXT() REPRESENTATION_CONTEXT('2D SPACE',''
  ) );
#9981 = ORIENTED_EDGE('',*,*,#9982,.T.);
#9982 = EDGE_CURVE('',#9959,#2919,#9983,.T.);
#9983 = SURFACE_CURVE('',#9984,(#9988,#9995),.PCURVE_S1.);
#9984 = LINE('',#9985,#9986);
#9985 = CARTESIAN_POINT('',(-3.2,-1.9,2.441926223421));
#9986 = VECTOR('',#9987,1.);
#9987 = DIRECTION('',(0.,2.22044604925E-16,1.));
#9988 = PCURVE('',#2851,#9989);
#9989 = DEFINITIONAL_REPRESENTATION('',(#9990),#9994);
#9990 = LINE('',#9991,#9992);
#9991 = CARTESIAN_POINT('',(2.336842105263,-0.421052631579));
#9992 = VECTOR('',#9993,1.);
#9993 = DIRECTION('',(0.,1.));
#9994 = ( GEOMETRIC_REPRESENTATION_CONTEXT(2) 
PARAMETRIC_REPRESENTATION_CONTEXT() REPRESENTATION_CONTEXT('2D SPACE',''
  ) );
#9995 = PCURVE('',#2934,#9996);
#9996 = DEFINITIONAL_REPRESENTATION('',(#9997),#10001);
#9997 = LINE('',#9998,#9999);
#9998 = CARTESIAN_POINT('',(4.4408920985E-17,0.2));
#9999 = VECTOR('',#10000,1.);
#10000 = DIRECTION('',(0.,1.));
#10001 = ( GEOMETRIC_REPRESENTATION_CONTEXT(2) 
PARAMETRIC_REPRESENTATION_CONTEXT() REPRESENTATION_CONTEXT('2D SPACE',''
  ) );
#10002 = ORIENTED_EDGE('',*,*,#2946,.F.);
#10003 = ORIENTED_EDGE('',*,*,#10004,.F.);
#10004 = EDGE_CURVE('',#10005,#2947,#10007,.T.);
#10005 = VERTEX_POINT('',#10006);
#10006 = CARTESIAN_POINT('',(-3.4,-1.9,3.441926223421));
#10007 = SURFACE_CURVE('',#10008,(#10013,#10020),.PCURVE_S1.);
#10008 = CIRCLE('',#10009,0.2);
#10009 = AXIS2_PLACEMENT_3D('',#10010,#10011,#10012);
#10010 = CARTESIAN_POINT('',(-3.4,-1.9,3.241926223421));
#10011 = DIRECTION('',(-3.299050841687E-33,1.,-2.22044604925E-16));
#10012 = DIRECTION('',(0.707106781187,1.570092458684E-16,0.707106781187)
  );
#10013 = PCURVE('',#2851,#10014);
#10014 = DEFINITIONAL_REPRESENTATION('',(#10015),#10019);
#10015 = CIRCLE('',#10016,0.2);
#10016 = AXIS2_PLACEMENT_2D('',#10017,#10018);
#10017 = CARTESIAN_POINT('',(2.536842105263,0.378947368421));
#10018 = DIRECTION('',(-0.707106781187,0.707106781187));
#10019 = ( GEOMETRIC_REPRESENTATION_CONTEXT(2) 
PARAMETRIC_REPRESENTATION_CONTEXT() REPRESENTATION_CONTEXT('2D SPACE',''
  ) );
#10020 = PCURVE('',#2984,#10021);
#10021 = DEFINITIONAL_REPRESENTATION('',(#10022),#10026);
#10022 = LINE('',#10023,#10024);
#10023 = CARTESIAN_POINT('',(6.28318530718,0.));
#10024 = VECTOR('',#10025,1.);
#10025 = DIRECTION('',(-1.,0.));
#10026 = ( GEOMETRIC_REPRESENTATION_CONTEXT(2) 
PARAMETRIC_REPRESENTATION_CONTEXT() REPRESENTATION_CONTEXT('2D SPACE',''
  ) );
#10027 = ORIENTED_EDGE('',*,*,#10028,.T.);
#10028 = EDGE_CURVE('',#10005,#10029,#10031,.T.);
#10029 = VERTEX_POINT('',#10030);
#10030 = CARTESIAN_POINT('',(-3.6,-1.9,3.441926223421));
#10031 = SURFACE_CURVE('',#10032,(#10036,#10043),.PCURVE_S1.);
#10032 = LINE('',#10033,#10034);
#10033 = CARTESIAN_POINT('',(-3.4,-1.9,3.441926223421));
#10034 = VECTOR('',#10035,1.);
#10035 = DIRECTION('',(-1.,0.,0.));
#10036 = PCURVE('',#2851,#10037);
#10037 = DEFINITIONAL_REPRESENTATION('',(#10038),#10042);
#10038 = LINE('',#10039,#10040);
#10039 = CARTESIAN_POINT('',(2.536842105263,0.578947368421));
#10040 = VECTOR('',#10041,1.);
#10041 = DIRECTION('',(1.,0.));
#10042 = ( GEOMETRIC_REPRESENTATION_CONTEXT(2) 
PARAMETRIC_REPRESENTATION_CONTEXT() REPRESENTATION_CONTEXT('2D SPACE',''
  ) );
#10043 = PCURVE('',#4115,#10044);
#10044 = DEFINITIONAL_REPRESENTATION('',(#10045),#10049);
#10045 = LINE('',#10046,#10047);
#10046 = CARTESIAN_POINT('',(0.,-0.2));
#10047 = VECTOR('',#10048,1.);
#10048 = DIRECTION('',(0.,-1.));
#10049 = ( GEOMETRIC_REPRESENTATION_CONTEXT(2) 
PARAMETRIC_REPRESENTATION_CONTEXT() REPRESENTATION_CONTEXT('2D SPACE',''
  ) );
#10050 = ORIENTED_EDGE('',*,*,#10051,.F.);
#10051 = EDGE_CURVE('',#10052,#10029,#10054,.T.);
#10052 = VERTEX_POINT('',#10053);
#10053 = CARTESIAN_POINT('',(-3.6,-1.9,3.941926223421));
#10054 = SURFACE_CURVE('',#10055,(#10059,#10066),.PCURVE_S1.);
#10055 = LINE('',#10056,#10057);
#10056 = CARTESIAN_POINT('',(-3.6,-1.9,3.941926223421));
#10057 = VECTOR('',#10058,1.);
#10058 = DIRECTION('',(0.,-2.22044604925E-16,-1.));
#10059 = PCURVE('',#2851,#10060);
#10060 = DEFINITIONAL_REPRESENTATION('',(#10061),#10065);
#10061 = LINE('',#10062,#10063);
#10062 = CARTESIAN_POINT('',(2.736842105263,1.078947368421));
#10063 = VECTOR('',#10064,1.);
#10064 = DIRECTION('',(-0.,-1.));
#10065 = ( GEOMETRIC_REPRESENTATION_CONTEXT(2) 
PARAMETRIC_REPRESENTATION_CONTEXT() REPRESENTATION_CONTEXT('2D SPACE',''
  ) );
#10066 = PCURVE('',#4141,#10067);
#10067 = DEFINITIONAL_REPRESENTATION('',(#10068),#10072);
#10068 = LINE('',#10069,#10070);
#10069 = CARTESIAN_POINT('',(0.785398163397,0.78947368421));
#10070 = VECTOR('',#10071,1.);
#10071 = DIRECTION('',(0.,-1.));
#10072 = ( GEOMETRIC_REPRESENTATION_CONTEXT(2) 
PARAMETRIC_REPRESENTATION_CONTEXT() REPRESENTATION_CONTEXT('2D SPACE',''
  ) );
#10073 = ORIENTED_EDGE('',*,*,#10074,.T.);
#10074 = EDGE_CURVE('',#10052,#3375,#10075,.T.);
#10075 = SURFACE_CURVE('',#10076,(#10080,#10087),.PCURVE_S1.);
#10076 = LINE('',#10077,#10078);
#10077 = CARTESIAN_POINT('',(-3.6,-1.9,3.941926223421));
#10078 = VECTOR('',#10079,1.);
#10079 = DIRECTION('',(1.,0.,0.));
#10080 = PCURVE('',#2851,#10081);
#10081 = DEFINITIONAL_REPRESENTATION('',(#10082),#10086);
#10082 = LINE('',#10083,#10084);
#10083 = CARTESIAN_POINT('',(2.736842105263,1.078947368421));
#10084 = VECTOR('',#10085,1.);
#10085 = DIRECTION('',(-1.,0.));
#10086 = ( GEOMETRIC_REPRESENTATION_CONTEXT(2) 
PARAMETRIC_REPRESENTATION_CONTEXT() REPRESENTATION_CONTEXT('2D SPACE',''
  ) );
#10087 = PCURVE('',#3390,#10088);
#10088 = DEFINITIONAL_REPRESENTATION('',(#10089),#10093);
#10089 = LINE('',#10090,#10091);
#10090 = CARTESIAN_POINT('',(0.,0.3));
#10091 = VECTOR('',#10092,1.);
#10092 = DIRECTION('',(0.,1.));
#10093 = ( GEOMETRIC_REPRESENTATION_CONTEXT(2) 
PARAMETRIC_REPRESENTATION_CONTEXT() REPRESENTATION_CONTEXT('2D SPACE',''
  ) );
#10094 = ORIENTED_EDGE('',*,*,#3402,.F.);
#10095 = ORIENTED_EDGE('',*,*,#10096,.F.);
#10096 = EDGE_CURVE('',#10097,#3403,#10099,.T.);
#10097 = VERTEX_POINT('',#10098);
#10098 = CARTESIAN_POINT('',(-2.3,-1.9,4.141926223421));
#10099 = SURFACE_CURVE('',#10100,(#10105,#10112),.PCURVE_S1.);
#10100 = CIRCLE('',#10101,0.2);
#10101 = AXIS2_PLACEMENT_3D('',#10102,#10103,#10104);
#10102 = CARTESIAN_POINT('',(-2.5,-1.9,4.141926223421));
#10103 = DIRECTION('',(3.299050841687E-33,1.,-2.22044604925E-16));
#10104 = DIRECTION('',(0.707106781187,-1.570092458684E-16,
    -0.707106781187));
#10105 = PCURVE('',#2851,#10106);
#10106 = DEFINITIONAL_REPRESENTATION('',(#10107),#10111);
#10107 = CIRCLE('',#10108,0.2);
#10108 = AXIS2_PLACEMENT_2D('',#10109,#10110);
#10109 = CARTESIAN_POINT('',(1.636842105263,1.278947368421));
#10110 = DIRECTION('',(-0.707106781187,-0.707106781187));
#10111 = ( GEOMETRIC_REPRESENTATION_CONTEXT(2) 
PARAMETRIC_REPRESENTATION_CONTEXT() REPRESENTATION_CONTEXT('2D SPACE',''
  ) );
#10112 = PCURVE('',#3440,#10113);
#10113 = DEFINITIONAL_REPRESENTATION('',(#10114),#10118);
#10114 = LINE('',#10115,#10116);
#10115 = CARTESIAN_POINT('',(6.28318530718,0.));
#10116 = VECTOR('',#10117,1.);
#10117 = DIRECTION('',(-1.,0.));
#10118 = ( GEOMETRIC_REPRESENTATION_CONTEXT(2) 
PARAMETRIC_REPRESENTATION_CONTEXT() REPRESENTATION_CONTEXT('2D SPACE',''
  ) );
#10119 = ORIENTED_EDGE('',*,*,#10120,.T.);
#10120 = EDGE_CURVE('',#10097,#9501,#10121,.T.);
#10121 = SURFACE_CURVE('',#10122,(#10126,#10133),.PCURVE_S1.);
#10122 = LINE('',#10123,#10124);
#10123 = CARTESIAN_POINT('',(-2.3,-1.9,4.141926223421));
#10124 = VECTOR('',#10125,1.);
#10125 = DIRECTION('',(0.,2.22044604925E-16,1.));
#10126 = PCURVE('',#2851,#10127);
#10127 = DEFINITIONAL_REPRESENTATION('',(#10128),#10132);
#10128 = LINE('',#10129,#10130);
#10129 = CARTESIAN_POINT('',(1.436842105263,1.278947368421));
#10130 = VECTOR('',#10131,1.);
#10131 = DIRECTION('',(0.,1.));
#10132 = ( GEOMETRIC_REPRESENTATION_CONTEXT(2) 
PARAMETRIC_REPRESENTATION_CONTEXT() REPRESENTATION_CONTEXT('2D SPACE',''
  ) );
#10133 = PCURVE('',#4876,#10134);
#10134 = DEFINITIONAL_REPRESENTATION('',(#10135),#10139);
#10135 = LINE('',#10136,#10137);
#10136 = CARTESIAN_POINT('',(4.4408920985E-17,0.2));
#10137 = VECTOR('',#10138,1.);
#10138 = DIRECTION('',(0.,1.));
#10139 = ( GEOMETRIC_REPRESENTATION_CONTEXT(2) 
PARAMETRIC_REPRESENTATION_CONTEXT() REPRESENTATION_CONTEXT('2D SPACE',''
  ) );
#10140 = ORIENTED_EDGE('',*,*,#9524,.F.);
#10141 = ORIENTED_EDGE('',*,*,#5753,.F.);
#10142 = ORIENTED_EDGE('',*,*,#9118,.T.);
#10143 = ORIENTED_EDGE('',*,*,#8969,.F.);
#10144 = ORIENTED_EDGE('',*,*,#6366,.F.);
#10145 = ORIENTED_EDGE('',*,*,#6248,.F.);
#10146 = FACE_BOUND('',#10147,.T.);
#10147 = EDGE_LOOP('',(#10148,#10149));
#10148 = ORIENTED_EDGE('',*,*,#2834,.F.);
#10149 = ORIENTED_EDGE('',*,*,#10150,.F.);
#10150 = EDGE_CURVE('',#2807,#2835,#10151,.T.);
#10151 = SURFACE_CURVE('',#10152,(#10157,#10164),.PCURVE_S1.);
#10152 = CIRCLE('',#10153,1.8);
#10153 = AXIS2_PLACEMENT_3D('',#10154,#10155,#10156);
#10154 = CARTESIAN_POINT('',(2.277067423506E-13,-1.9,2.841926223421));
#10155 = DIRECTION('',(0.,1.,-2.22044604925E-16));
#10156 = DIRECTION('',(1.,0.,0.));
#10157 = PCURVE('',#2851,#10158);
#10158 = DEFINITIONAL_REPRESENTATION('',(#10159),#10163);
#10159 = CIRCLE('',#10160,1.8);
#10160 = AXIS2_PLACEMENT_2D('',#10161,#10162);
#10161 = CARTESIAN_POINT('',(-0.863157894737,-2.1052631579E-02));
#10162 = DIRECTION('',(-1.,0.));
#10163 = ( GEOMETRIC_REPRESENTATION_CONTEXT(2) 
PARAMETRIC_REPRESENTATION_CONTEXT() REPRESENTATION_CONTEXT('2D SPACE',''
  ) );
#10164 = PCURVE('',#2822,#10165);
#10165 = DEFINITIONAL_REPRESENTATION('',(#10166),#10170);
#10166 = LINE('',#10167,#10168);
#10167 = CARTESIAN_POINT('',(6.28318530718,0.));
#10168 = VECTOR('',#10169,1.);
#10169 = DIRECTION('',(-1.,0.));
#10170 = ( GEOMETRIC_REPRESENTATION_CONTEXT(2) 
PARAMETRIC_REPRESENTATION_CONTEXT() REPRESENTATION_CONTEXT('2D SPACE',''
  ) );
#10171 = ADVANCED_FACE('',(#10172),#8479,.T.);
#10172 = FACE_BOUND('',#10173,.T.);
#10173 = EDGE_LOOP('',(#10174,#10175,#10176,#10177));
#10174 = ORIENTED_EDGE('',*,*,#8997,.F.);
#10175 = ORIENTED_EDGE('',*,*,#8463,.F.);
#10176 = ORIENTED_EDGE('',*,*,#9231,.F.);
#10177 = ORIENTED_EDGE('',*,*,#8766,.F.);
#10178 = ADVANCED_FACE('',(#10179),#8300,.T.);
#10179 = FACE_BOUND('',#10180,.T.);
#10180 = EDGE_LOOP('',(#10181,#10182,#10203,#10204));
#10181 = ORIENTED_EDGE('',*,*,#8561,.T.);
#10182 = ORIENTED_EDGE('',*,*,#10183,.F.);
#10183 = EDGE_CURVE('',#8694,#8539,#10184,.T.);
#10184 = SURFACE_CURVE('',#10185,(#10189,#10196),.PCURVE_S1.);
#10185 = LINE('',#10186,#10187);
#10186 = CARTESIAN_POINT('',(2.3,-0.75,5.041926223421));
#10187 = VECTOR('',#10188,1.);
#10188 = DIRECTION('',(0.,2.22044604925E-16,1.));
#10189 = PCURVE('',#8300,#10190);
#10190 = DEFINITIONAL_REPRESENTATION('',(#10191),#10195);
#10191 = LINE('',#10192,#10193);
#10192 = CARTESIAN_POINT('',(-0.900000000001,0.));
#10193 = VECTOR('',#10194,1.);
#10194 = DIRECTION('',(0.,1.));
#10195 = ( GEOMETRIC_REPRESENTATION_CONTEXT(2) 
PARAMETRIC_REPRESENTATION_CONTEXT() REPRESENTATION_CONTEXT('2D SPACE',''
  ) );
#10196 = PCURVE('',#3974,#10197);
#10197 = DEFINITIONAL_REPRESENTATION('',(#10198),#10202);
#10198 = LINE('',#10199,#10200);
#10199 = CARTESIAN_POINT('',(1.15,-0.2));
#10200 = VECTOR('',#10201,1.);
#10201 = DIRECTION('',(0.,1.));
#10202 = ( GEOMETRIC_REPRESENTATION_CONTEXT(2) 
PARAMETRIC_REPRESENTATION_CONTEXT() REPRESENTATION_CONTEXT('2D SPACE',''
  ) );
#10203 = ORIENTED_EDGE('',*,*,#8693,.F.);
#10204 = ORIENTED_EDGE('',*,*,#8284,.T.);
#10205 = ADVANCED_FACE('',(#10206),#8381,.T.);
#10206 = FACE_BOUND('',#10207,.T.);
#10207 = EDGE_LOOP('',(#10208,#10209,#10230,#10231));
#10208 = ORIENTED_EDGE('',*,*,#8365,.T.);
#10209 = ORIENTED_EDGE('',*,*,#10210,.F.);
#10210 = EDGE_CURVE('',#8862,#8342,#10211,.T.);
#10211 = SURFACE_CURVE('',#10212,(#10216,#10223),.PCURVE_S1.);
#10212 = LINE('',#10213,#10214);
#10213 = CARTESIAN_POINT('',(-1.4,-0.75,5.041926223421));
#10214 = VECTOR('',#10215,1.);
#10215 = DIRECTION('',(0.,2.22044604925E-16,1.));
#10216 = PCURVE('',#8381,#10217);
#10217 = DEFINITIONAL_REPRESENTATION('',(#10218),#10222);
#10218 = LINE('',#10219,#10220);
#10219 = CARTESIAN_POINT('',(-0.9,0.));
#10220 = VECTOR('',#10221,1.);
#10221 = DIRECTION('',(0.,1.));
#10222 = ( GEOMETRIC_REPRESENTATION_CONTEXT(2) 
PARAMETRIC_REPRESENTATION_CONTEXT() REPRESENTATION_CONTEXT('2D SPACE',''
  ) );
#10223 = PCURVE('',#4737,#10224);
#10224 = DEFINITIONAL_REPRESENTATION('',(#10225),#10229);
#10225 = LINE('',#10226,#10227);
#10226 = CARTESIAN_POINT('',(1.570796326795,0.));
#10227 = VECTOR('',#10228,1.);
#10228 = DIRECTION('',(0.,1.));
#10229 = ( GEOMETRIC_REPRESENTATION_CONTEXT(2) 
PARAMETRIC_REPRESENTATION_CONTEXT() REPRESENTATION_CONTEXT('2D SPACE',''
  ) );
#10230 = ORIENTED_EDGE('',*,*,#8861,.F.);
#10231 = ORIENTED_EDGE('',*,*,#10232,.T.);
#10232 = EDGE_CURVE('',#8839,#8366,#10233,.T.);
#10233 = SURFACE_CURVE('',#10234,(#10238,#10245),.PCURVE_S1.);
#10234 = LINE('',#10235,#10236);
#10235 = CARTESIAN_POINT('',(-2.3,-0.75,5.041926223421));
#10236 = VECTOR('',#10237,1.);
#10237 = DIRECTION('',(0.,2.22044604925E-16,1.));
#10238 = PCURVE('',#8381,#10239);
#10239 = DEFINITIONAL_REPRESENTATION('',(#10240),#10244);
#10240 = LINE('',#10241,#10242);
#10241 = CARTESIAN_POINT('',(0.,0.));
#10242 = VECTOR('',#10243,1.);
#10243 = DIRECTION('',(0.,1.));
#10244 = ( GEOMETRIC_REPRESENTATION_CONTEXT(2) 
PARAMETRIC_REPRESENTATION_CONTEXT() REPRESENTATION_CONTEXT('2D SPACE',''
  ) );
#10245 = PCURVE('',#4876,#10246);
#10246 = DEFINITIONAL_REPRESENTATION('',(#10247),#10251);
#10247 = LINE('',#10248,#10249);
#10248 = CARTESIAN_POINT('',(-1.15,1.1));
#10249 = VECTOR('',#10250,1.);
#10250 = DIRECTION('',(0.,1.));
#10251 = ( GEOMETRIC_REPRESENTATION_CONTEXT(2) 
PARAMETRIC_REPRESENTATION_CONTEXT() REPRESENTATION_CONTEXT('2D SPACE',''
  ) );
#10252 = ADVANCED_FACE('',(#10253),#4737,.F.);
#10253 = FACE_BOUND('',#10254,.F.);
#10254 = EDGE_LOOP('',(#10255,#10256,#10257,#10258));
#10255 = ORIENTED_EDGE('',*,*,#8341,.F.);
#10256 = ORIENTED_EDGE('',*,*,#10210,.F.);
#10257 = ORIENTED_EDGE('',*,*,#8884,.T.);
#10258 = ORIENTED_EDGE('',*,*,#4723,.F.);
#10259 = ADVANCED_FACE('',(#10260,#10808),#2794,.T.);
#10260 = FACE_BOUND('',#10261,.T.);
#10261 = EDGE_LOOP('',(#10262,#10263,#10264,#10265,#10266,#10267,#10290,
    #10312,#10313,#10334,#10335,#10358,#10380,#10381,#10404,#10426,
    #10427,#10448,#10449,#10472,#10494,#10495,#10518,#10544,#10545,
    #10568,#10594,#10595,#10618,#10640,#10641,#10664,#10690,#10691,
    #10714,#10740,#10741,#10764,#10786,#10787));
#10262 = ORIENTED_EDGE('',*,*,#5629,.F.);
#10263 = ORIENTED_EDGE('',*,*,#8922,.F.);
#10264 = ORIENTED_EDGE('',*,*,#9140,.T.);
#10265 = ORIENTED_EDGE('',*,*,#5805,.F.);
#10266 = ORIENTED_EDGE('',*,*,#5213,.F.);
#10267 = ORIENTED_EDGE('',*,*,#10268,.F.);
#10268 = EDGE_CURVE('',#10269,#5186,#10271,.T.);
#10269 = VERTEX_POINT('',#10270);
#10270 = CARTESIAN_POINT('',(-2.3,-2.1,4.141926223421));
#10271 = SURFACE_CURVE('',#10272,(#10276,#10283),.PCURVE_S1.);
#10272 = LINE('',#10273,#10274);
#10273 = CARTESIAN_POINT('',(-2.3,-2.1,4.141926223421));
#10274 = VECTOR('',#10275,1.);
#10275 = DIRECTION('',(0.,2.22044604925E-16,1.));
#10276 = PCURVE('',#2794,#10277);
#10277 = DEFINITIONAL_REPRESENTATION('',(#10278),#10282);
#10278 = LINE('',#10279,#10280);
#10279 = CARTESIAN_POINT('',(-4.1,1.3));
#10280 = VECTOR('',#10281,1.);
#10281 = DIRECTION('',(0.,1.));
#10282 = ( GEOMETRIC_REPRESENTATION_CONTEXT(2) 
PARAMETRIC_REPRESENTATION_CONTEXT() REPRESENTATION_CONTEXT('2D SPACE',''
  ) );
#10283 = PCURVE('',#4876,#10284);
#10284 = DEFINITIONAL_REPRESENTATION('',(#10285),#10289);
#10285 = LINE('',#10286,#10287);
#10286 = CARTESIAN_POINT('',(0.2,0.2));
#10287 = VECTOR('',#10288,1.);
#10288 = DIRECTION('',(0.,1.));
#10289 = ( GEOMETRIC_REPRESENTATION_CONTEXT(2) 
PARAMETRIC_REPRESENTATION_CONTEXT() REPRESENTATION_CONTEXT('2D SPACE',''
  ) );
#10290 = ORIENTED_EDGE('',*,*,#10291,.F.);
#10291 = EDGE_CURVE('',#3346,#10269,#10292,.T.);
#10292 = SURFACE_CURVE('',#10293,(#10298,#10305),.PCURVE_S1.);
#10293 = CIRCLE('',#10294,0.2);
#10294 = AXIS2_PLACEMENT_3D('',#10295,#10296,#10297);
#10295 = CARTESIAN_POINT('',(-2.5,-2.1,4.141926223421));
#10296 = DIRECTION('',(-3.299050841687E-33,-1.,2.22044604925E-16));
#10297 = DIRECTION('',(0.707106781187,-1.570092458684E-16,
    -0.707106781187));
#10298 = PCURVE('',#2794,#10299);
#10299 = DEFINITIONAL_REPRESENTATION('',(#10300),#10304);
#10300 = CIRCLE('',#10301,0.2);
#10301 = AXIS2_PLACEMENT_2D('',#10302,#10303);
#10302 = CARTESIAN_POINT('',(-4.3,1.3));
#10303 = DIRECTION('',(0.707106781187,-0.707106781187));
#10304 = ( GEOMETRIC_REPRESENTATION_CONTEXT(2) 
PARAMETRIC_REPRESENTATION_CONTEXT() REPRESENTATION_CONTEXT('2D SPACE',''
  ) );
#10305 = PCURVE('',#3440,#10306);
#10306 = DEFINITIONAL_REPRESENTATION('',(#10307),#10311);
#10307 = LINE('',#10308,#10309);
#10308 = CARTESIAN_POINT('',(0.,0.2));
#10309 = VECTOR('',#10310,1.);
#10310 = DIRECTION('',(1.,0.));
#10311 = ( GEOMETRIC_REPRESENTATION_CONTEXT(2) 
PARAMETRIC_REPRESENTATION_CONTEXT() REPRESENTATION_CONTEXT('2D SPACE',''
  ) );
#10312 = ORIENTED_EDGE('',*,*,#3343,.F.);
#10313 = ORIENTED_EDGE('',*,*,#10314,.F.);
#10314 = EDGE_CURVE('',#4337,#3344,#10315,.T.);
#10315 = SURFACE_CURVE('',#10316,(#10320,#10327),.PCURVE_S1.);
#10316 = LINE('',#10317,#10318);
#10317 = CARTESIAN_POINT('',(-3.6,-2.1,3.941926223421));
#10318 = VECTOR('',#10319,1.);
#10319 = DIRECTION('',(1.,0.,0.));
#10320 = PCURVE('',#2794,#10321);
#10321 = DEFINITIONAL_REPRESENTATION('',(#10322),#10326);
#10322 = LINE('',#10323,#10324);
#10323 = CARTESIAN_POINT('',(-5.4,1.1));
#10324 = VECTOR('',#10325,1.);
#10325 = DIRECTION('',(1.,0.));
#10326 = ( GEOMETRIC_REPRESENTATION_CONTEXT(2) 
PARAMETRIC_REPRESENTATION_CONTEXT() REPRESENTATION_CONTEXT('2D SPACE',''
  ) );
#10327 = PCURVE('',#3390,#10328);
#10328 = DEFINITIONAL_REPRESENTATION('',(#10329),#10333);
#10329 = LINE('',#10330,#10331);
#10330 = CARTESIAN_POINT('',(0.2,0.3));
#10331 = VECTOR('',#10332,1.);
#10332 = DIRECTION('',(0.,1.));
#10333 = ( GEOMETRIC_REPRESENTATION_CONTEXT(2) 
PARAMETRIC_REPRESENTATION_CONTEXT() REPRESENTATION_CONTEXT('2D SPACE',''
  ) );
#10334 = ORIENTED_EDGE('',*,*,#4336,.F.);
#10335 = ORIENTED_EDGE('',*,*,#10336,.F.);
#10336 = EDGE_CURVE('',#10337,#4309,#10339,.T.);
#10337 = VERTEX_POINT('',#10338);
#10338 = CARTESIAN_POINT('',(-3.4,-2.1,3.441926223421));
#10339 = SURFACE_CURVE('',#10340,(#10344,#10351),.PCURVE_S1.);
#10340 = LINE('',#10341,#10342);
#10341 = CARTESIAN_POINT('',(-3.4,-2.1,3.441926223421));
#10342 = VECTOR('',#10343,1.);
#10343 = DIRECTION('',(-1.,0.,0.));
#10344 = PCURVE('',#2794,#10345);
#10345 = DEFINITIONAL_REPRESENTATION('',(#10346),#10350);
#10346 = LINE('',#10347,#10348);
#10347 = CARTESIAN_POINT('',(-5.2,0.6));
#10348 = VECTOR('',#10349,1.);
#10349 = DIRECTION('',(-1.,0.));
#10350 = ( GEOMETRIC_REPRESENTATION_CONTEXT(2) 
PARAMETRIC_REPRESENTATION_CONTEXT() REPRESENTATION_CONTEXT('2D SPACE',''
  ) );
#10351 = PCURVE('',#4115,#10352);
#10352 = DEFINITIONAL_REPRESENTATION('',(#10353),#10357);
#10353 = LINE('',#10354,#10355);
#10354 = CARTESIAN_POINT('',(-0.2,-0.2));
#10355 = VECTOR('',#10356,1.);
#10356 = DIRECTION('',(0.,-1.));
#10357 = ( GEOMETRIC_REPRESENTATION_CONTEXT(2) 
PARAMETRIC_REPRESENTATION_CONTEXT() REPRESENTATION_CONTEXT('2D SPACE',''
  ) );
#10358 = ORIENTED_EDGE('',*,*,#10359,.F.);
#10359 = EDGE_CURVE('',#2890,#10337,#10360,.T.);
#10360 = SURFACE_CURVE('',#10361,(#10366,#10373),.PCURVE_S1.);
#10361 = CIRCLE('',#10362,0.2);
#10362 = AXIS2_PLACEMENT_3D('',#10363,#10364,#10365);
#10363 = CARTESIAN_POINT('',(-3.4,-2.1,3.241926223421));
#10364 = DIRECTION('',(3.299050841687E-33,-1.,2.22044604925E-16));
#10365 = DIRECTION('',(0.707106781187,1.570092458684E-16,0.707106781187)
  );
#10366 = PCURVE('',#2794,#10367);
#10367 = DEFINITIONAL_REPRESENTATION('',(#10368),#10372);
#10368 = CIRCLE('',#10369,0.2);
#10369 = AXIS2_PLACEMENT_2D('',#10370,#10371);
#10370 = CARTESIAN_POINT('',(-5.2,0.4));
#10371 = DIRECTION('',(0.707106781187,0.707106781187));
#10372 = ( GEOMETRIC_REPRESENTATION_CONTEXT(2) 
PARAMETRIC_REPRESENTATION_CONTEXT() REPRESENTATION_CONTEXT('2D SPACE',''
  ) );
#10373 = PCURVE('',#2984,#10374);
#10374 = DEFINITIONAL_REPRESENTATION('',(#10375),#10379);
#10375 = LINE('',#10376,#10377);
#10376 = CARTESIAN_POINT('',(0.,0.2));
#10377 = VECTOR('',#10378,1.);
#10378 = DIRECTION('',(1.,0.));
#10379 = ( GEOMETRIC_REPRESENTATION_CONTEXT(2) 
PARAMETRIC_REPRESENTATION_CONTEXT() REPRESENTATION_CONTEXT('2D SPACE',''
  ) );
#10380 = ORIENTED_EDGE('',*,*,#2887,.F.);
#10381 = ORIENTED_EDGE('',*,*,#10382,.F.);
#10382 = EDGE_CURVE('',#10383,#2888,#10385,.T.);
#10383 = VERTEX_POINT('',#10384);
#10384 = CARTESIAN_POINT('',(-3.2,-2.1,2.441926223421));
#10385 = SURFACE_CURVE('',#10386,(#10390,#10397),.PCURVE_S1.);
#10386 = LINE('',#10387,#10388);
#10387 = CARTESIAN_POINT('',(-3.2,-2.1,2.441926223421));
#10388 = VECTOR('',#10389,1.);
#10389 = DIRECTION('',(0.,2.22044604925E-16,1.));
#10390 = PCURVE('',#2794,#10391);
#10391 = DEFINITIONAL_REPRESENTATION('',(#10392),#10396);
#10392 = LINE('',#10393,#10394);
#10393 = CARTESIAN_POINT('',(-5.,-0.4));
#10394 = VECTOR('',#10395,1.);
#10395 = DIRECTION('',(0.,1.));
#10396 = ( GEOMETRIC_REPRESENTATION_CONTEXT(2) 
PARAMETRIC_REPRESENTATION_CONTEXT() REPRESENTATION_CONTEXT('2D SPACE',''
  ) );
#10397 = PCURVE('',#2934,#10398);
#10398 = DEFINITIONAL_REPRESENTATION('',(#10399),#10403);
#10399 = LINE('',#10400,#10401);
#10400 = CARTESIAN_POINT('',(0.2,0.2));
#10401 = VECTOR('',#10402,1.);
#10402 = DIRECTION('',(0.,1.));
#10403 = ( GEOMETRIC_REPRESENTATION_CONTEXT(2) 
PARAMETRIC_REPRESENTATION_CONTEXT() REPRESENTATION_CONTEXT('2D SPACE',''
  ) );
#10404 = ORIENTED_EDGE('',*,*,#10405,.F.);
#10405 = EDGE_CURVE('',#3002,#10383,#10406,.T.);
#10406 = SURFACE_CURVE('',#10407,(#10412,#10419),.PCURVE_S1.);
#10407 = CIRCLE('',#10408,0.2);
#10408 = AXIS2_PLACEMENT_3D('',#10409,#10410,#10411);
#10409 = CARTESIAN_POINT('',(-3.4,-2.1,2.441926223421));
#10410 = DIRECTION('',(-3.299050841687E-33,-1.,2.22044604925E-16));
#10411 = DIRECTION('',(0.707106781187,-1.570092458684E-16,
    -0.707106781187));
#10412 = PCURVE('',#2794,#10413);
#10413 = DEFINITIONAL_REPRESENTATION('',(#10414),#10418);
#10414 = CIRCLE('',#10415,0.2);
#10415 = AXIS2_PLACEMENT_2D('',#10416,#10417);
#10416 = CARTESIAN_POINT('',(-5.2,-0.4));
#10417 = DIRECTION('',(0.707106781187,-0.707106781187));
#10418 = ( GEOMETRIC_REPRESENTATION_CONTEXT(2) 
PARAMETRIC_REPRESENTATION_CONTEXT() REPRESENTATION_CONTEXT('2D SPACE',''
  ) );
#10419 = PCURVE('',#3096,#10420);
#10420 = DEFINITIONAL_REPRESENTATION('',(#10421),#10425);
#10421 = LINE('',#10422,#10423);
#10422 = CARTESIAN_POINT('',(0.,0.2));
#10423 = VECTOR('',#10424,1.);
#10424 = DIRECTION('',(1.,0.));
#10425 = ( GEOMETRIC_REPRESENTATION_CONTEXT(2) 
PARAMETRIC_REPRESENTATION_CONTEXT() REPRESENTATION_CONTEXT('2D SPACE',''
  ) );
#10426 = ORIENTED_EDGE('',*,*,#2999,.F.);
#10427 = ORIENTED_EDGE('',*,*,#10428,.F.);
#10428 = EDGE_CURVE('',#4452,#3000,#10429,.T.);
#10429 = SURFACE_CURVE('',#10430,(#10434,#10441),.PCURVE_S1.);
#10430 = LINE('',#10431,#10432);
#10431 = CARTESIAN_POINT('',(-3.6,-2.1,2.241926223421));
#10432 = VECTOR('',#10433,1.);
#10433 = DIRECTION('',(1.,0.,0.));
#10434 = PCURVE('',#2794,#10435);
#10435 = DEFINITIONAL_REPRESENTATION('',(#10436),#10440);
#10436 = LINE('',#10437,#10438);
#10437 = CARTESIAN_POINT('',(-5.4,-0.6));
#10438 = VECTOR('',#10439,1.);
#10439 = DIRECTION('',(1.,0.));
#10440 = ( GEOMETRIC_REPRESENTATION_CONTEXT(2) 
PARAMETRIC_REPRESENTATION_CONTEXT() REPRESENTATION_CONTEXT('2D SPACE',''
  ) );
#10441 = PCURVE('',#3046,#10442);
#10442 = DEFINITIONAL_REPRESENTATION('',(#10443),#10447);
#10443 = LINE('',#10444,#10445);
#10444 = CARTESIAN_POINT('',(0.2,0.3));
#10445 = VECTOR('',#10446,1.);
#10446 = DIRECTION('',(0.,1.));
#10447 = ( GEOMETRIC_REPRESENTATION_CONTEXT(2) 
PARAMETRIC_REPRESENTATION_CONTEXT() REPRESENTATION_CONTEXT('2D SPACE',''
  ) );
#10448 = ORIENTED_EDGE('',*,*,#4451,.F.);
#10449 = ORIENTED_EDGE('',*,*,#10450,.F.);
#10450 = EDGE_CURVE('',#10451,#4424,#10453,.T.);
#10451 = VERTEX_POINT('',#10452);
#10452 = CARTESIAN_POINT('',(-2.555,-2.1,1.741926223421));
#10453 = SURFACE_CURVE('',#10454,(#10458,#10465),.PCURVE_S1.);
#10454 = LINE('',#10455,#10456);
#10455 = CARTESIAN_POINT('',(-2.555,-2.1,1.741926223421));
#10456 = VECTOR('',#10457,1.);
#10457 = DIRECTION('',(-1.,0.,0.));
#10458 = PCURVE('',#2794,#10459);
#10459 = DEFINITIONAL_REPRESENTATION('',(#10460),#10464);
#10460 = LINE('',#10461,#10462);
#10461 = CARTESIAN_POINT('',(-4.355,-1.1));
#10462 = VECTOR('',#10463,1.);
#10463 = DIRECTION('',(-1.,0.));
#10464 = ( GEOMETRIC_REPRESENTATION_CONTEXT(2) 
PARAMETRIC_REPRESENTATION_CONTEXT() REPRESENTATION_CONTEXT('2D SPACE',''
  ) );
#10465 = PCURVE('',#4232,#10466);
#10466 = DEFINITIONAL_REPRESENTATION('',(#10467),#10471);
#10467 = LINE('',#10468,#10469);
#10468 = CARTESIAN_POINT('',(-0.2,-0.2));
#10469 = VECTOR('',#10470,1.);
#10470 = DIRECTION('',(0.,-1.));
#10471 = ( GEOMETRIC_REPRESENTATION_CONTEXT(2) 
PARAMETRIC_REPRESENTATION_CONTEXT() REPRESENTATION_CONTEXT('2D SPACE',''
  ) );
#10472 = ORIENTED_EDGE('',*,*,#10473,.F.);
#10473 = EDGE_CURVE('',#3114,#10451,#10474,.T.);
#10474 = SURFACE_CURVE('',#10475,(#10480,#10487),.PCURVE_S1.);
#10475 = CIRCLE('',#10476,0.2);
#10476 = AXIS2_PLACEMENT_3D('',#10477,#10478,#10479);
#10477 = CARTESIAN_POINT('',(-2.555,-2.1,1.541926223421));
#10478 = DIRECTION('',(3.299050841687E-33,-1.,2.22044604925E-16));
#10479 = DIRECTION('',(0.707106781187,1.570092458684E-16,0.707106781187)
  );
#10480 = PCURVE('',#2794,#10481);
#10481 = DEFINITIONAL_REPRESENTATION('',(#10482),#10486);
#10482 = CIRCLE('',#10483,0.2);
#10483 = AXIS2_PLACEMENT_2D('',#10484,#10485);
#10484 = CARTESIAN_POINT('',(-4.355,-1.3));
#10485 = DIRECTION('',(0.707106781187,0.707106781187));
#10486 = ( GEOMETRIC_REPRESENTATION_CONTEXT(2) 
PARAMETRIC_REPRESENTATION_CONTEXT() REPRESENTATION_CONTEXT('2D SPACE',''
  ) );
#10487 = PCURVE('',#3208,#10488);
#10488 = DEFINITIONAL_REPRESENTATION('',(#10489),#10493);
#10489 = LINE('',#10490,#10491);
#10490 = CARTESIAN_POINT('',(0.,0.2));
#10491 = VECTOR('',#10492,1.);
#10492 = DIRECTION('',(1.,0.));
#10493 = ( GEOMETRIC_REPRESENTATION_CONTEXT(2) 
PARAMETRIC_REPRESENTATION_CONTEXT() REPRESENTATION_CONTEXT('2D SPACE',''
  ) );
#10494 = ORIENTED_EDGE('',*,*,#3111,.F.);
#10495 = ORIENTED_EDGE('',*,*,#10496,.F.);
#10496 = EDGE_CURVE('',#10497,#3112,#10499,.T.);
#10497 = VERTEX_POINT('',#10498);
#10498 = CARTESIAN_POINT('',(-2.355,-2.1,0.841926223421));
#10499 = SURFACE_CURVE('',#10500,(#10504,#10511),.PCURVE_S1.);
#10500 = LINE('',#10501,#10502);
#10501 = CARTESIAN_POINT('',(-2.355,-2.1,0.841926223421));
#10502 = VECTOR('',#10503,1.);
#10503 = DIRECTION('',(0.,2.22044604925E-16,1.));
#10504 = PCURVE('',#2794,#10505);
#10505 = DEFINITIONAL_REPRESENTATION('',(#10506),#10510);
#10506 = LINE('',#10507,#10508);
#10507 = CARTESIAN_POINT('',(-4.155,-2.));
#10508 = VECTOR('',#10509,1.);
#10509 = DIRECTION('',(0.,1.));
#10510 = ( GEOMETRIC_REPRESENTATION_CONTEXT(2) 
PARAMETRIC_REPRESENTATION_CONTEXT() REPRESENTATION_CONTEXT('2D SPACE',''
  ) );
#10511 = PCURVE('',#3158,#10512);
#10512 = DEFINITIONAL_REPRESENTATION('',(#10513),#10517);
#10513 = LINE('',#10514,#10515);
#10514 = CARTESIAN_POINT('',(0.2,0.2));
#10515 = VECTOR('',#10516,1.);
#10516 = DIRECTION('',(0.,1.));
#10517 = ( GEOMETRIC_REPRESENTATION_CONTEXT(2) 
PARAMETRIC_REPRESENTATION_CONTEXT() REPRESENTATION_CONTEXT('2D SPACE',''
  ) );
#10518 = ORIENTED_EDGE('',*,*,#10519,.F.);
#10519 = EDGE_CURVE('',#3226,#10497,#10520,.T.);
#10520 = SURFACE_CURVE('',#10521,(#10526,#10537),.PCURVE_S1.);
#10521 = CIRCLE('',#10522,0.2);
#10522 = AXIS2_PLACEMENT_3D('',#10523,#10524,#10525);
#10523 = CARTESIAN_POINT('',(-2.155,-2.1,0.841926223421));
#10524 = DIRECTION('',(-3.299050841687E-33,1.,-2.22044604925E-16));
#10525 = DIRECTION('',(-0.707106781187,-1.570092458684E-16,
    -0.707106781187));
#10526 = PCURVE('',#2794,#10527);
#10527 = DEFINITIONAL_REPRESENTATION('',(#10528),#10536);
#10528 = ( BOUNDED_CURVE() B_SPLINE_CURVE(2,(#10529,#10530,#10531,#10532
    ,#10533,#10534,#10535),.UNSPECIFIED.,.T.,.F.) 
B_SPLINE_CURVE_WITH_KNOTS((1,2,2,2,2,1),(-2.094395102393,0.,
    2.094395102393,4.188790204786,6.28318530718,8.377580409573),
.UNSPECIFIED.) CURVE() GEOMETRIC_REPRESENTATION_ITEM() 
RATIONAL_B_SPLINE_CURVE((1.,0.5,1.,0.5,1.,0.5,1.)) REPRESENTATION_ITEM(
  '') );
#10529 = CARTESIAN_POINT('',(-4.096421356237,-2.141421356237));
#10530 = CARTESIAN_POINT('',(-4.341370330516,-1.896472381959));
#10531 = CARTESIAN_POINT('',(-4.006763809021,-1.806814834742));
#10532 = CARTESIAN_POINT('',(-3.672157287525,-1.717157287525));
#10533 = CARTESIAN_POINT('',(-3.761814834742,-2.051763809021));
#10534 = CARTESIAN_POINT('',(-3.851472381959,-2.386370330516));
#10535 = CARTESIAN_POINT('',(-4.096421356237,-2.141421356237));
#10536 = ( GEOMETRIC_REPRESENTATION_CONTEXT(2) 
PARAMETRIC_REPRESENTATION_CONTEXT() REPRESENTATION_CONTEXT('2D SPACE',''
  ) );
#10537 = PCURVE('',#3246,#10538);
#10538 = DEFINITIONAL_REPRESENTATION('',(#10539),#10543);
#10539 = LINE('',#10540,#10541);
#10540 = CARTESIAN_POINT('',(6.28318530718,0.2));
#10541 = VECTOR('',#10542,1.);
#10542 = DIRECTION('',(-1.,0.));
#10543 = ( GEOMETRIC_REPRESENTATION_CONTEXT(2) 
PARAMETRIC_REPRESENTATION_CONTEXT() REPRESENTATION_CONTEXT('2D SPACE',''
  ) );
#10544 = ORIENTED_EDGE('',*,*,#3314,.F.);
#10545 = ORIENTED_EDGE('',*,*,#10546,.F.);
#10546 = EDGE_CURVE('',#10547,#3287,#10549,.T.);
#10547 = VERTEX_POINT('',#10548);
#10548 = CARTESIAN_POINT('',(2.155,-2.1,0.641926223421));
#10549 = SURFACE_CURVE('',#10550,(#10554,#10561),.PCURVE_S1.);
#10550 = LINE('',#10551,#10552);
#10551 = CARTESIAN_POINT('',(2.155,-2.1,0.641926223421));
#10552 = VECTOR('',#10553,1.);
#10553 = DIRECTION('',(-1.,0.,0.));
#10554 = PCURVE('',#2794,#10555);
#10555 = DEFINITIONAL_REPRESENTATION('',(#10556),#10560);
#10556 = LINE('',#10557,#10558);
#10557 = CARTESIAN_POINT('',(0.355,-2.2));
#10558 = VECTOR('',#10559,1.);
#10559 = DIRECTION('',(-1.,0.));
#10560 = ( GEOMETRIC_REPRESENTATION_CONTEXT(2) 
PARAMETRIC_REPRESENTATION_CONTEXT() REPRESENTATION_CONTEXT('2D SPACE',''
  ) );
#10561 = PCURVE('',#3302,#10562);
#10562 = DEFINITIONAL_REPRESENTATION('',(#10563),#10567);
#10563 = LINE('',#10564,#10565);
#10564 = CARTESIAN_POINT('',(-0.2,-0.2));
#10565 = VECTOR('',#10566,1.);
#10566 = DIRECTION('',(0.,-1.));
#10567 = ( GEOMETRIC_REPRESENTATION_CONTEXT(2) 
PARAMETRIC_REPRESENTATION_CONTEXT() REPRESENTATION_CONTEXT('2D SPACE',''
  ) );
#10568 = ORIENTED_EDGE('',*,*,#10569,.F.);
#10569 = EDGE_CURVE('',#3458,#10547,#10570,.T.);
#10570 = SURFACE_CURVE('',#10571,(#10576,#10587),.PCURVE_S1.);
#10571 = CIRCLE('',#10572,0.2);
#10572 = AXIS2_PLACEMENT_3D('',#10573,#10574,#10575);
#10573 = CARTESIAN_POINT('',(2.155,-2.1,0.841926223421));
#10574 = DIRECTION('',(3.299050841687E-33,1.,-2.22044604925E-16));
#10575 = DIRECTION('',(0.707106781187,-1.570092458684E-16,
    -0.707106781187));
#10576 = PCURVE('',#2794,#10577);
#10577 = DEFINITIONAL_REPRESENTATION('',(#10578),#10586);
#10578 = ( BOUNDED_CURVE() B_SPLINE_CURVE(2,(#10579,#10580,#10581,#10582
    ,#10583,#10584,#10585),.UNSPECIFIED.,.T.,.F.) 
B_SPLINE_CURVE_WITH_KNOTS((1,2,2,2,2,1),(-2.094395102393,0.,
    2.094395102393,4.188790204786,6.28318530718,8.377580409573),
.UNSPECIFIED.) CURVE() GEOMETRIC_REPRESENTATION_ITEM() 
RATIONAL_B_SPLINE_CURVE((1.,0.5,1.,0.5,1.,0.5,1.)) REPRESENTATION_ITEM(
  '') );
#10579 = CARTESIAN_POINT('',(0.496421356237,-2.141421356237));
#10580 = CARTESIAN_POINT('',(0.251472381959,-2.386370330516));
#10581 = CARTESIAN_POINT('',(0.161814834742,-2.051763809021));
#10582 = CARTESIAN_POINT('',(7.215728752538E-02,-1.717157287525));
#10583 = CARTESIAN_POINT('',(0.406763809021,-1.806814834742));
#10584 = CARTESIAN_POINT('',(0.741370330516,-1.896472381959));
#10585 = CARTESIAN_POINT('',(0.496421356237,-2.141421356237));
#10586 = ( GEOMETRIC_REPRESENTATION_CONTEXT(2) 
PARAMETRIC_REPRESENTATION_CONTEXT() REPRESENTATION_CONTEXT('2D SPACE',''
  ) );
#10587 = PCURVE('',#3478,#10588);
#10588 = DEFINITIONAL_REPRESENTATION('',(#10589),#10593);
#10589 = LINE('',#10590,#10591);
#10590 = CARTESIAN_POINT('',(6.28318530718,0.2));
#10591 = VECTOR('',#10592,1.);
#10592 = DIRECTION('',(-1.,0.));
#10593 = ( GEOMETRIC_REPRESENTATION_CONTEXT(2) 
PARAMETRIC_REPRESENTATION_CONTEXT() REPRESENTATION_CONTEXT('2D SPACE',''
  ) );
#10594 = ORIENTED_EDGE('',*,*,#3546,.F.);
#10595 = ORIENTED_EDGE('',*,*,#10596,.F.);
#10596 = EDGE_CURVE('',#10597,#3519,#10599,.T.);
#10597 = VERTEX_POINT('',#10598);
#10598 = CARTESIAN_POINT('',(2.355,-2.1,1.541926223421));
#10599 = SURFACE_CURVE('',#10600,(#10604,#10611),.PCURVE_S1.);
#10600 = LINE('',#10601,#10602);
#10601 = CARTESIAN_POINT('',(2.355,-2.1,1.541926223421));
#10602 = VECTOR('',#10603,1.);
#10603 = DIRECTION('',(0.,-2.22044604925E-16,-1.));
#10604 = PCURVE('',#2794,#10605);
#10605 = DEFINITIONAL_REPRESENTATION('',(#10606),#10610);
#10606 = LINE('',#10607,#10608);
#10607 = CARTESIAN_POINT('',(0.555,-1.3));
#10608 = VECTOR('',#10609,1.);
#10609 = DIRECTION('',(0.,-1.));
#10610 = ( GEOMETRIC_REPRESENTATION_CONTEXT(2) 
PARAMETRIC_REPRESENTATION_CONTEXT() REPRESENTATION_CONTEXT('2D SPACE',''
  ) );
#10611 = PCURVE('',#3534,#10612);
#10612 = DEFINITIONAL_REPRESENTATION('',(#10613),#10617);
#10613 = LINE('',#10614,#10615);
#10614 = CARTESIAN_POINT('',(-0.2,-0.2));
#10615 = VECTOR('',#10616,1.);
#10616 = DIRECTION('',(0.,-1.));
#10617 = ( GEOMETRIC_REPRESENTATION_CONTEXT(2) 
PARAMETRIC_REPRESENTATION_CONTEXT() REPRESENTATION_CONTEXT('2D SPACE',''
  ) );
#10618 = ORIENTED_EDGE('',*,*,#10619,.F.);
#10619 = EDGE_CURVE('',#3578,#10597,#10620,.T.);
#10620 = SURFACE_CURVE('',#10621,(#10626,#10633),.PCURVE_S1.);
#10621 = CIRCLE('',#10622,0.2);
#10622 = AXIS2_PLACEMENT_3D('',#10623,#10624,#10625);
#10623 = CARTESIAN_POINT('',(2.555,-2.1,1.541926223421));
#10624 = DIRECTION('',(-3.299050841687E-33,-1.,2.22044604925E-16));
#10625 = DIRECTION('',(-0.707106781187,1.570092458684E-16,0.707106781187
    ));
#10626 = PCURVE('',#2794,#10627);
#10627 = DEFINITIONAL_REPRESENTATION('',(#10628),#10632);
#10628 = CIRCLE('',#10629,0.2);
#10629 = AXIS2_PLACEMENT_2D('',#10630,#10631);
#10630 = CARTESIAN_POINT('',(0.755,-1.3));
#10631 = DIRECTION('',(-0.707106781187,0.707106781187));
#10632 = ( GEOMETRIC_REPRESENTATION_CONTEXT(2) 
PARAMETRIC_REPRESENTATION_CONTEXT() REPRESENTATION_CONTEXT('2D SPACE',''
  ) );
#10633 = PCURVE('',#3672,#10634);
#10634 = DEFINITIONAL_REPRESENTATION('',(#10635),#10639);
#10635 = LINE('',#10636,#10637);
#10636 = CARTESIAN_POINT('',(0.,0.2));
#10637 = VECTOR('',#10638,1.);
#10638 = DIRECTION('',(1.,0.));
#10639 = ( GEOMETRIC_REPRESENTATION_CONTEXT(2) 
PARAMETRIC_REPRESENTATION_CONTEXT() REPRESENTATION_CONTEXT('2D SPACE',''
  ) );
#10640 = ORIENTED_EDGE('',*,*,#3575,.F.);
#10641 = ORIENTED_EDGE('',*,*,#10642,.F.);
#10642 = EDGE_CURVE('',#10643,#3576,#10645,.T.);
#10643 = VERTEX_POINT('',#10644);
#10644 = CARTESIAN_POINT('',(2.6,-2.1,1.741926223421));
#10645 = SURFACE_CURVE('',#10646,(#10650,#10657),.PCURVE_S1.);
#10646 = LINE('',#10647,#10648);
#10647 = CARTESIAN_POINT('',(2.6,-2.1,1.741926223421));
#10648 = VECTOR('',#10649,1.);
#10649 = DIRECTION('',(-1.,0.,0.));
#10650 = PCURVE('',#2794,#10651);
#10651 = DEFINITIONAL_REPRESENTATION('',(#10652),#10656);
#10652 = LINE('',#10653,#10654);
#10653 = CARTESIAN_POINT('',(0.8,-1.1));
#10654 = VECTOR('',#10655,1.);
#10655 = DIRECTION('',(-1.,0.));
#10656 = ( GEOMETRIC_REPRESENTATION_CONTEXT(2) 
PARAMETRIC_REPRESENTATION_CONTEXT() REPRESENTATION_CONTEXT('2D SPACE',''
  ) );
#10657 = PCURVE('',#3622,#10658);
#10658 = DEFINITIONAL_REPRESENTATION('',(#10659),#10663);
#10659 = LINE('',#10660,#10661);
#10660 = CARTESIAN_POINT('',(-0.2,-0.2));
#10661 = VECTOR('',#10662,1.);
#10662 = DIRECTION('',(0.,-1.));
#10663 = ( GEOMETRIC_REPRESENTATION_CONTEXT(2) 
PARAMETRIC_REPRESENTATION_CONTEXT() REPRESENTATION_CONTEXT('2D SPACE',''
  ) );
#10664 = ORIENTED_EDGE('',*,*,#10665,.F.);
#10665 = EDGE_CURVE('',#3690,#10643,#10666,.T.);
#10666 = SURFACE_CURVE('',#10667,(#10672,#10683),.PCURVE_S1.);
#10667 = CIRCLE('',#10668,0.2);
#10668 = AXIS2_PLACEMENT_3D('',#10669,#10670,#10671);
#10669 = CARTESIAN_POINT('',(2.6,-2.1,1.941926223421));
#10670 = DIRECTION('',(3.299050841687E-33,1.,-2.22044604925E-16));
#10671 = DIRECTION('',(0.707106781187,-1.570092458684E-16,
    -0.707106781187));
#10672 = PCURVE('',#2794,#10673);
#10673 = DEFINITIONAL_REPRESENTATION('',(#10674),#10682);
#10674 = ( BOUNDED_CURVE() B_SPLINE_CURVE(2,(#10675,#10676,#10677,#10678
    ,#10679,#10680,#10681),.UNSPECIFIED.,.T.,.F.) 
B_SPLINE_CURVE_WITH_KNOTS((1,2,2,2,2,1),(-2.094395102393,0.,
    2.094395102393,4.188790204786,6.28318530718,8.377580409573),
.UNSPECIFIED.) CURVE() GEOMETRIC_REPRESENTATION_ITEM() 
RATIONAL_B_SPLINE_CURVE((1.,0.5,1.,0.5,1.,0.5,1.)) REPRESENTATION_ITEM(
  '') );
#10675 = CARTESIAN_POINT('',(0.941421356237,-1.041421356237));
#10676 = CARTESIAN_POINT('',(0.696472381959,-1.286370330516));
#10677 = CARTESIAN_POINT('',(0.606814834742,-0.951763809021));
#10678 = CARTESIAN_POINT('',(0.517157287525,-0.617157287525));
#10679 = CARTESIAN_POINT('',(0.851763809021,-0.706814834742));
#10680 = CARTESIAN_POINT('',(1.186370330516,-0.796472381959));
#10681 = CARTESIAN_POINT('',(0.941421356237,-1.041421356237));
#10682 = ( GEOMETRIC_REPRESENTATION_CONTEXT(2) 
PARAMETRIC_REPRESENTATION_CONTEXT() REPRESENTATION_CONTEXT('2D SPACE',''
  ) );
#10683 = PCURVE('',#3710,#10684);
#10684 = DEFINITIONAL_REPRESENTATION('',(#10685),#10689);
#10685 = LINE('',#10686,#10687);
#10686 = CARTESIAN_POINT('',(6.28318530718,0.2));
#10687 = VECTOR('',#10688,1.);
#10688 = DIRECTION('',(-1.,0.));
#10689 = ( GEOMETRIC_REPRESENTATION_CONTEXT(2) 
PARAMETRIC_REPRESENTATION_CONTEXT() REPRESENTATION_CONTEXT('2D SPACE',''
  ) );
#10690 = ORIENTED_EDGE('',*,*,#3778,.F.);
#10691 = ORIENTED_EDGE('',*,*,#10692,.F.);
#10692 = EDGE_CURVE('',#10693,#3751,#10695,.T.);
#10693 = VERTEX_POINT('',#10694);
#10694 = CARTESIAN_POINT('',(2.8,-2.1,3.741926223421));
#10695 = SURFACE_CURVE('',#10696,(#10700,#10707),.PCURVE_S1.);
#10696 = LINE('',#10697,#10698);
#10697 = CARTESIAN_POINT('',(2.8,-2.1,3.741926223421));
#10698 = VECTOR('',#10699,1.);
#10699 = DIRECTION('',(0.,-2.22044604925E-16,-1.));
#10700 = PCURVE('',#2794,#10701);
#10701 = DEFINITIONAL_REPRESENTATION('',(#10702),#10706);
#10702 = LINE('',#10703,#10704);
#10703 = CARTESIAN_POINT('',(1.,0.9));
#10704 = VECTOR('',#10705,1.);
#10705 = DIRECTION('',(0.,-1.));
#10706 = ( GEOMETRIC_REPRESENTATION_CONTEXT(2) 
PARAMETRIC_REPRESENTATION_CONTEXT() REPRESENTATION_CONTEXT('2D SPACE',''
  ) );
#10707 = PCURVE('',#3766,#10708);
#10708 = DEFINITIONAL_REPRESENTATION('',(#10709),#10713);
#10709 = LINE('',#10710,#10711);
#10710 = CARTESIAN_POINT('',(-0.2,-0.2));
#10711 = VECTOR('',#10712,1.);
#10712 = DIRECTION('',(0.,-1.));
#10713 = ( GEOMETRIC_REPRESENTATION_CONTEXT(2) 
PARAMETRIC_REPRESENTATION_CONTEXT() REPRESENTATION_CONTEXT('2D SPACE',''
  ) );
#10714 = ORIENTED_EDGE('',*,*,#10715,.F.);
#10715 = EDGE_CURVE('',#3810,#10693,#10716,.T.);
#10716 = SURFACE_CURVE('',#10717,(#10722,#10733),.PCURVE_S1.);
#10717 = CIRCLE('',#10718,0.2);
#10718 = AXIS2_PLACEMENT_3D('',#10719,#10720,#10721);
#10719 = CARTESIAN_POINT('',(2.6,-2.1,3.741926223421));
#10720 = DIRECTION('',(-3.299050841687E-33,1.,-2.22044604925E-16));
#10721 = DIRECTION('',(0.707106781187,1.570092458684E-16,0.707106781187)
  );
#10722 = PCURVE('',#2794,#10723);
#10723 = DEFINITIONAL_REPRESENTATION('',(#10724),#10732);
#10724 = ( BOUNDED_CURVE() B_SPLINE_CURVE(2,(#10725,#10726,#10727,#10728
    ,#10729,#10730,#10731),.UNSPECIFIED.,.T.,.F.) 
B_SPLINE_CURVE_WITH_KNOTS((1,2,2,2,2,1),(-2.094395102393,0.,
    2.094395102393,4.188790204786,6.28318530718,8.377580409573),
.UNSPECIFIED.) CURVE() GEOMETRIC_REPRESENTATION_ITEM() 
RATIONAL_B_SPLINE_CURVE((1.,0.5,1.,0.5,1.,0.5,1.)) REPRESENTATION_ITEM(
  '') );
#10725 = CARTESIAN_POINT('',(0.941421356237,1.041421356237));
#10726 = CARTESIAN_POINT('',(1.186370330516,0.796472381959));
#10727 = CARTESIAN_POINT('',(0.851763809021,0.706814834742));
#10728 = CARTESIAN_POINT('',(0.517157287525,0.617157287525));
#10729 = CARTESIAN_POINT('',(0.606814834742,0.951763809021));
#10730 = CARTESIAN_POINT('',(0.696472381959,1.286370330516));
#10731 = CARTESIAN_POINT('',(0.941421356237,1.041421356237));
#10732 = ( GEOMETRIC_REPRESENTATION_CONTEXT(2) 
PARAMETRIC_REPRESENTATION_CONTEXT() REPRESENTATION_CONTEXT('2D SPACE',''
  ) );
#10733 = PCURVE('',#3830,#10734);
#10734 = DEFINITIONAL_REPRESENTATION('',(#10735),#10739);
#10735 = LINE('',#10736,#10737);
#10736 = CARTESIAN_POINT('',(6.28318530718,0.2));
#10737 = VECTOR('',#10738,1.);
#10738 = DIRECTION('',(-1.,0.));
#10739 = ( GEOMETRIC_REPRESENTATION_CONTEXT(2) 
PARAMETRIC_REPRESENTATION_CONTEXT() REPRESENTATION_CONTEXT('2D SPACE',''
  ) );
#10740 = ORIENTED_EDGE('',*,*,#3898,.F.);
#10741 = ORIENTED_EDGE('',*,*,#10742,.F.);
#10742 = EDGE_CURVE('',#10743,#3871,#10745,.T.);
#10743 = VERTEX_POINT('',#10744);
#10744 = CARTESIAN_POINT('',(2.5,-2.1,3.941926223421));
#10745 = SURFACE_CURVE('',#10746,(#10750,#10757),.PCURVE_S1.);
#10746 = LINE('',#10747,#10748);
#10747 = CARTESIAN_POINT('',(2.5,-2.1,3.941926223421));
#10748 = VECTOR('',#10749,1.);
#10749 = DIRECTION('',(1.,0.,0.));
#10750 = PCURVE('',#2794,#10751);
#10751 = DEFINITIONAL_REPRESENTATION('',(#10752),#10756);
#10752 = LINE('',#10753,#10754);
#10753 = CARTESIAN_POINT('',(0.7,1.1));
#10754 = VECTOR('',#10755,1.);
#10755 = DIRECTION('',(1.,0.));
#10756 = ( GEOMETRIC_REPRESENTATION_CONTEXT(2) 
PARAMETRIC_REPRESENTATION_CONTEXT() REPRESENTATION_CONTEXT('2D SPACE',''
  ) );
#10757 = PCURVE('',#3886,#10758);
#10758 = DEFINITIONAL_REPRESENTATION('',(#10759),#10763);
#10759 = LINE('',#10760,#10761);
#10760 = CARTESIAN_POINT('',(0.2,0.2));
#10761 = VECTOR('',#10762,1.);
#10762 = DIRECTION('',(0.,1.));
#10763 = ( GEOMETRIC_REPRESENTATION_CONTEXT(2) 
PARAMETRIC_REPRESENTATION_CONTEXT() REPRESENTATION_CONTEXT('2D SPACE',''
  ) );
#10764 = ORIENTED_EDGE('',*,*,#10765,.F.);
#10765 = EDGE_CURVE('',#3930,#10743,#10766,.T.);
#10766 = SURFACE_CURVE('',#10767,(#10772,#10779),.PCURVE_S1.);
#10767 = CIRCLE('',#10768,0.2);
#10768 = AXIS2_PLACEMENT_3D('',#10769,#10770,#10771);
#10769 = CARTESIAN_POINT('',(2.5,-2.1,4.141926223421));
#10770 = DIRECTION('',(3.299050841687E-33,-1.,2.22044604925E-16));
#10771 = DIRECTION('',(-0.707106781187,-1.570092458684E-16,
    -0.707106781187));
#10772 = PCURVE('',#2794,#10773);
#10773 = DEFINITIONAL_REPRESENTATION('',(#10774),#10778);
#10774 = CIRCLE('',#10775,0.2);
#10775 = AXIS2_PLACEMENT_2D('',#10776,#10777);
#10776 = CARTESIAN_POINT('',(0.7,1.3));
#10777 = DIRECTION('',(-0.707106781187,-0.707106781187));
#10778 = ( GEOMETRIC_REPRESENTATION_CONTEXT(2) 
PARAMETRIC_REPRESENTATION_CONTEXT() REPRESENTATION_CONTEXT('2D SPACE',''
  ) );
#10779 = PCURVE('',#4024,#10780);
#10780 = DEFINITIONAL_REPRESENTATION('',(#10781),#10785);
#10781 = LINE('',#10782,#10783);
#10782 = CARTESIAN_POINT('',(0.,0.2));
#10783 = VECTOR('',#10784,1.);
#10784 = DIRECTION('',(1.,0.));
#10785 = ( GEOMETRIC_REPRESENTATION_CONTEXT(2) 
PARAMETRIC_REPRESENTATION_CONTEXT() REPRESENTATION_CONTEXT('2D SPACE',''
  ) );
#10786 = ORIENTED_EDGE('',*,*,#3927,.F.);
#10787 = ORIENTED_EDGE('',*,*,#10788,.F.);
#10788 = EDGE_CURVE('',#5630,#3928,#10789,.T.);
#10789 = SURFACE_CURVE('',#10790,(#10794,#10801),.PCURVE_S1.);
#10790 = LINE('',#10791,#10792);
#10791 = CARTESIAN_POINT('',(2.3,-2.1,4.941926223421));
#10792 = VECTOR('',#10793,1.);
#10793 = DIRECTION('',(0.,-2.22044604925E-16,-1.));
#10794 = PCURVE('',#2794,#10795);
#10795 = DEFINITIONAL_REPRESENTATION('',(#10796),#10800);
#10796 = LINE('',#10797,#10798);
#10797 = CARTESIAN_POINT('',(0.5,2.1));
#10798 = VECTOR('',#10799,1.);
#10799 = DIRECTION('',(0.,-1.));
#10800 = ( GEOMETRIC_REPRESENTATION_CONTEXT(2) 
PARAMETRIC_REPRESENTATION_CONTEXT() REPRESENTATION_CONTEXT('2D SPACE',''
  ) );
#10801 = PCURVE('',#3974,#10802);
#10802 = DEFINITIONAL_REPRESENTATION('',(#10803),#10807);
#10803 = LINE('',#10804,#10805);
#10804 = CARTESIAN_POINT('',(-0.2,-0.3));
#10805 = VECTOR('',#10806,1.);
#10806 = DIRECTION('',(0.,-1.));
#10807 = ( GEOMETRIC_REPRESENTATION_CONTEXT(2) 
PARAMETRIC_REPRESENTATION_CONTEXT() REPRESENTATION_CONTEXT('2D SPACE',''
  ) );
#10808 = FACE_BOUND('',#10809,.T.);
#10809 = EDGE_LOOP('',(#10810,#10832));
#10810 = ORIENTED_EDGE('',*,*,#10811,.F.);
#10811 = EDGE_CURVE('',#2773,#2771,#10812,.T.);
#10812 = SURFACE_CURVE('',#10813,(#10818,#10825),.PCURVE_S1.);
#10813 = CIRCLE('',#10814,1.8);
#10814 = AXIS2_PLACEMENT_3D('',#10815,#10816,#10817);
#10815 = CARTESIAN_POINT('',(2.277067423506E-13,-2.1,2.841926223421));
#10816 = DIRECTION('',(0.,-1.,2.22044604925E-16));
#10817 = DIRECTION('',(1.,0.,0.));
#10818 = PCURVE('',#2794,#10819);
#10819 = DEFINITIONAL_REPRESENTATION('',(#10820),#10824);
#10820 = CIRCLE('',#10821,1.8);
#10821 = AXIS2_PLACEMENT_2D('',#10822,#10823);
#10822 = CARTESIAN_POINT('',(-1.8,0.));
#10823 = DIRECTION('',(1.,0.));
#10824 = ( GEOMETRIC_REPRESENTATION_CONTEXT(2) 
PARAMETRIC_REPRESENTATION_CONTEXT() REPRESENTATION_CONTEXT('2D SPACE',''
  ) );
#10825 = PCURVE('',#2822,#10826);
#10826 = DEFINITIONAL_REPRESENTATION('',(#10827),#10831);
#10827 = LINE('',#10828,#10829);
#10828 = CARTESIAN_POINT('',(0.,0.2));
#10829 = VECTOR('',#10830,1.);
#10830 = DIRECTION('',(1.,0.));
#10831 = ( GEOMETRIC_REPRESENTATION_CONTEXT(2) 
PARAMETRIC_REPRESENTATION_CONTEXT() REPRESENTATION_CONTEXT('2D SPACE',''
  ) );
#10832 = ORIENTED_EDGE('',*,*,#2770,.F.);
#10833 = ADVANCED_FACE('',(#10834),#4876,.T.);
#10834 = FACE_BOUND('',#10835,.T.);
#10835 = EDGE_LOOP('',(#10836,#10837,#10838,#10839,#10840,#10841,#10842,
    #10843,#10864,#10865));
#10836 = ORIENTED_EDGE('',*,*,#9421,.F.);
#10837 = ORIENTED_EDGE('',*,*,#8393,.T.);
#10838 = ORIENTED_EDGE('',*,*,#10232,.F.);
#10839 = ORIENTED_EDGE('',*,*,#8838,.F.);
#10840 = ORIENTED_EDGE('',*,*,#4859,.F.);
#10841 = ORIENTED_EDGE('',*,*,#9500,.F.);
#10842 = ORIENTED_EDGE('',*,*,#10120,.F.);
#10843 = ORIENTED_EDGE('',*,*,#10844,.F.);
#10844 = EDGE_CURVE('',#10269,#10097,#10845,.T.);
#10845 = SURFACE_CURVE('',#10846,(#10850,#10857),.PCURVE_S1.);
#10846 = LINE('',#10847,#10848);
#10847 = CARTESIAN_POINT('',(-2.3,-2.1,4.141926223421));
#10848 = VECTOR('',#10849,1.);
#10849 = DIRECTION('',(0.,1.,-2.22044604925E-16));
#10850 = PCURVE('',#4876,#10851);
#10851 = DEFINITIONAL_REPRESENTATION('',(#10852),#10856);
#10852 = LINE('',#10853,#10854);
#10853 = CARTESIAN_POINT('',(0.2,0.2));
#10854 = VECTOR('',#10855,1.);
#10855 = DIRECTION('',(-1.,0.));
#10856 = ( GEOMETRIC_REPRESENTATION_CONTEXT(2) 
PARAMETRIC_REPRESENTATION_CONTEXT() REPRESENTATION_CONTEXT('2D SPACE',''
  ) );
#10857 = PCURVE('',#3440,#10858);
#10858 = DEFINITIONAL_REPRESENTATION('',(#10859),#10863);
#10859 = LINE('',#10860,#10861);
#10860 = CARTESIAN_POINT('',(0.785398163397,0.2));
#10861 = VECTOR('',#10862,1.);
#10862 = DIRECTION('',(0.,-1.));
#10863 = ( GEOMETRIC_REPRESENTATION_CONTEXT(2) 
PARAMETRIC_REPRESENTATION_CONTEXT() REPRESENTATION_CONTEXT('2D SPACE',''
  ) );
#10864 = ORIENTED_EDGE('',*,*,#10268,.T.);
#10865 = ORIENTED_EDGE('',*,*,#5185,.F.);
#10866 = ADVANCED_FACE('',(#10867),#4411,.T.);
#10867 = FACE_BOUND('',#10868,.T.);
#10868 = EDGE_LOOP('',(#10869,#10870,#10898,#10926));
#10869 = ORIENTED_EDGE('',*,*,#4388,.T.);
#10870 = ORIENTED_EDGE('',*,*,#10871,.T.);
#10871 = EDGE_CURVE('',#4391,#10872,#10874,.T.);
#10872 = VERTEX_POINT('',#10873);
#10873 = CARTESIAN_POINT('',(-3.9,-1.8,2.241926223421));
#10874 = SURFACE_CURVE('',#10875,(#10880,#10887),.PCURVE_S1.);
#10875 = CIRCLE('',#10876,0.3);
#10876 = AXIS2_PLACEMENT_3D('',#10877,#10878,#10879);
#10877 = CARTESIAN_POINT('',(-3.6,-1.8,2.241926223421));
#10878 = DIRECTION('',(3.299050841687E-33,-2.22044604925E-16,-1.));
#10879 = DIRECTION('',(-0.707106781187,-0.707106781187,
    1.570092458684E-16));
#10880 = PCURVE('',#4411,#10881);
#10881 = DEFINITIONAL_REPRESENTATION('',(#10882),#10886);
#10882 = LINE('',#10883,#10884);
#10883 = CARTESIAN_POINT('',(6.28318530718,-4.999999999995E-02));
#10884 = VECTOR('',#10885,1.);
#10885 = DIRECTION('',(-1.,0.));
#10886 = ( GEOMETRIC_REPRESENTATION_CONTEXT(2) 
PARAMETRIC_REPRESENTATION_CONTEXT() REPRESENTATION_CONTEXT('2D SPACE',''
  ) );
#10887 = PCURVE('',#3046,#10888);
#10888 = DEFINITIONAL_REPRESENTATION('',(#10889),#10897);
#10889 = ( BOUNDED_CURVE() B_SPLINE_CURVE(2,(#10890,#10891,#10892,#10893
    ,#10894,#10895,#10896),.UNSPECIFIED.,.T.,.F.) 
B_SPLINE_CURVE_WITH_KNOTS((1,2,2,2,2,1),(-2.094395102393,0.,
    2.094395102393,4.188790204786,6.28318530718,8.377580409573),
.UNSPECIFIED.) CURVE() GEOMETRIC_REPRESENTATION_ITEM() 
RATIONAL_B_SPLINE_CURVE((1.,0.5,1.,0.5,1.,0.5,1.)) REPRESENTATION_ITEM(
  '') );
#10890 = CARTESIAN_POINT('',(0.112132034356,8.786796564404E-02));
#10891 = CARTESIAN_POINT('',(-0.255291427062,-0.279555495773));
#10892 = CARTESIAN_POINT('',(-0.389777747887,0.222354286469));
#10893 = CARTESIAN_POINT('',(-0.524264068712,0.724264068712));
#10894 = CARTESIAN_POINT('',(-2.235428646924E-02,0.589777747887));
#10895 = CARTESIAN_POINT('',(0.479555495773,0.455291427062));
#10896 = CARTESIAN_POINT('',(0.112132034356,8.786796564404E-02));
#10897 = ( GEOMETRIC_REPRESENTATION_CONTEXT(2) 
PARAMETRIC_REPRESENTATION_CONTEXT() REPRESENTATION_CONTEXT('2D SPACE',''
  ) );
#10898 = ORIENTED_EDGE('',*,*,#10899,.T.);
#10899 = EDGE_CURVE('',#10872,#10900,#10902,.T.);
#10900 = VERTEX_POINT('',#10901);
#10901 = CARTESIAN_POINT('',(-3.9,-1.8,1.741926223421));
#10902 = SURFACE_CURVE('',#10903,(#10907,#10914),.PCURVE_S1.);
#10903 = LINE('',#10904,#10905);
#10904 = CARTESIAN_POINT('',(-3.9,-1.8,2.241926223421));
#10905 = VECTOR('',#10906,1.);
#10906 = DIRECTION('',(-2.273737E-13,-2.22044604925E-16,-1.));
#10907 = PCURVE('',#4411,#10908);
#10908 = DEFINITIONAL_REPRESENTATION('',(#10909),#10913);
#10909 = LINE('',#10910,#10911);
#10910 = CARTESIAN_POINT('',(5.497787143782,-4.999999999995E-02));
#10911 = VECTOR('',#10912,1.);
#10912 = DIRECTION('',(1.7763568394E-15,-1.));
#10913 = ( GEOMETRIC_REPRESENTATION_CONTEXT(2) 
PARAMETRIC_REPRESENTATION_CONTEXT() REPRESENTATION_CONTEXT('2D SPACE',''
  ) );
#10914 = PCURVE('',#10915,#10920);
#10915 = PLANE('',#10916);
#10916 = AXIS2_PLACEMENT_3D('',#10917,#10918,#10919);
#10917 = CARTESIAN_POINT('',(-3.9,-1.9,1.741926223421));
#10918 = DIRECTION('',(-1.,0.,0.));
#10919 = DIRECTION('',(0.,-1.,2.22044604925E-16));
#10920 = DEFINITIONAL_REPRESENTATION('',(#10921),#10925);
#10921 = LINE('',#10922,#10923);
#10922 = CARTESIAN_POINT('',(-1.E-01,0.5));
#10923 = VECTOR('',#10924,1.);
#10924 = DIRECTION('',(0.,-1.));
#10925 = ( GEOMETRIC_REPRESENTATION_CONTEXT(2) 
PARAMETRIC_REPRESENTATION_CONTEXT() REPRESENTATION_CONTEXT('2D SPACE',''
  ) );
#10926 = ORIENTED_EDGE('',*,*,#10927,.T.);
#10927 = EDGE_CURVE('',#10900,#4389,#10928,.T.);
#10928 = SURFACE_CURVE('',#10929,(#10934,#10941),.PCURVE_S1.);
#10929 = CIRCLE('',#10930,0.3);
#10930 = AXIS2_PLACEMENT_3D('',#10931,#10932,#10933);
#10931 = CARTESIAN_POINT('',(-3.6,-1.8,1.741926223421));
#10932 = DIRECTION('',(-3.299050841687E-33,2.22044604925E-16,1.));
#10933 = DIRECTION('',(-0.707106781187,-0.707106781187,
    1.570092458684E-16));
#10934 = PCURVE('',#4411,#10935);
#10935 = DEFINITIONAL_REPRESENTATION('',(#10936),#10940);
#10936 = LINE('',#10937,#10938);
#10937 = CARTESIAN_POINT('',(-8.881784197001E-16,-0.55));
#10938 = VECTOR('',#10939,1.);
#10939 = DIRECTION('',(1.,0.));
#10940 = ( GEOMETRIC_REPRESENTATION_CONTEXT(2) 
PARAMETRIC_REPRESENTATION_CONTEXT() REPRESENTATION_CONTEXT('2D SPACE',''
  ) );
#10941 = PCURVE('',#4232,#10942);
#10942 = DEFINITIONAL_REPRESENTATION('',(#10943),#10951);
#10943 = ( BOUNDED_CURVE() B_SPLINE_CURVE(2,(#10944,#10945,#10946,#10947
    ,#10948,#10949,#10950),.UNSPECIFIED.,.T.,.F.) 
B_SPLINE_CURVE_WITH_KNOTS((1,2,2,2,2,1),(-2.094395102393,0.,
    2.094395102393,4.188790204786,6.28318530718,8.377580409573),
.UNSPECIFIED.) CURVE() GEOMETRIC_REPRESENTATION_ITEM() 
RATIONAL_B_SPLINE_CURVE((1.,0.5,1.,0.5,1.,0.5,1.)) REPRESENTATION_ITEM(
  '') );
#10944 = CARTESIAN_POINT('',(-0.112132034356,-1.457132034356));
#10945 = CARTESIAN_POINT('',(-0.479555495773,-1.089708572938));
#10946 = CARTESIAN_POINT('',(2.235428646924E-02,-0.955222252113));
#10947 = CARTESIAN_POINT('',(0.524264068712,-0.820735931288));
#10948 = CARTESIAN_POINT('',(0.389777747887,-1.322645713531));
#10949 = CARTESIAN_POINT('',(0.255291427062,-1.824555495773));
#10950 = CARTESIAN_POINT('',(-0.112132034356,-1.457132034356));
#10951 = ( GEOMETRIC_REPRESENTATION_CONTEXT(2) 
PARAMETRIC_REPRESENTATION_CONTEXT() REPRESENTATION_CONTEXT('2D SPACE',''
  ) );
#10952 = ADVANCED_FACE('',(#10953),#3046,.T.);
#10953 = FACE_BOUND('',#10954,.T.);
#10954 = EDGE_LOOP('',(#10955,#10956,#10957,#10958,#10959,#10981,#10982,
    #11005,#11034,#11062,#11095,#11116));
#10955 = ORIENTED_EDGE('',*,*,#4474,.F.);
#10956 = ORIENTED_EDGE('',*,*,#10428,.T.);
#10957 = ORIENTED_EDGE('',*,*,#3030,.F.);
#10958 = ORIENTED_EDGE('',*,*,#9936,.F.);
#10959 = ORIENTED_EDGE('',*,*,#10960,.F.);
#10960 = EDGE_CURVE('',#4159,#9914,#10961,.T.);
#10961 = SURFACE_CURVE('',#10962,(#10967,#10974),.PCURVE_S1.);
#10962 = CIRCLE('',#10963,0.1);
#10963 = AXIS2_PLACEMENT_3D('',#10964,#10965,#10966);
#10964 = CARTESIAN_POINT('',(-3.6,-1.8,2.241926223421));
#10965 = DIRECTION('',(-3.299050841687E-33,2.22044604925E-16,1.));
#10966 = DIRECTION('',(-0.707106781187,-0.707106781187,
    1.570092458684E-16));
#10967 = PCURVE('',#3046,#10968);
#10968 = DEFINITIONAL_REPRESENTATION('',(#10969),#10973);
#10969 = CIRCLE('',#10970,1.E-01);
#10970 = AXIS2_PLACEMENT_2D('',#10971,#10972);
#10971 = CARTESIAN_POINT('',(-1.E-01,0.3));
#10972 = DIRECTION('',(0.707106781187,-0.707106781187));
#10973 = ( GEOMETRIC_REPRESENTATION_CONTEXT(2) 
PARAMETRIC_REPRESENTATION_CONTEXT() REPRESENTATION_CONTEXT('2D SPACE',''
  ) );
#10974 = PCURVE('',#4258,#10975);
#10975 = DEFINITIONAL_REPRESENTATION('',(#10976),#10980);
#10976 = LINE('',#10977,#10978);
#10977 = CARTESIAN_POINT('',(0.,-6.052631578944E-02));
#10978 = VECTOR('',#10979,1.);
#10979 = DIRECTION('',(1.,0.));
#10980 = ( GEOMETRIC_REPRESENTATION_CONTEXT(2) 
PARAMETRIC_REPRESENTATION_CONTEXT() REPRESENTATION_CONTEXT('2D SPACE',''
  ) );
#10981 = ORIENTED_EDGE('',*,*,#4156,.F.);
#10982 = ORIENTED_EDGE('',*,*,#10983,.F.);
#10983 = EDGE_CURVE('',#10984,#4157,#10986,.T.);
#10984 = VERTEX_POINT('',#10985);
#10985 = CARTESIAN_POINT('',(-3.7,-0.9,2.241926223421));
#10986 = SURFACE_CURVE('',#10987,(#10991,#10998),.PCURVE_S1.);
#10987 = LINE('',#10988,#10989);
#10988 = CARTESIAN_POINT('',(-3.7,-0.9,2.241926223421));
#10989 = VECTOR('',#10990,1.);
#10990 = DIRECTION('',(0.,-1.,2.22044604925E-16));
#10991 = PCURVE('',#3046,#10992);
#10992 = DEFINITIONAL_REPRESENTATION('',(#10993),#10997);
#10993 = LINE('',#10994,#10995);
#10994 = CARTESIAN_POINT('',(-1.,0.2));
#10995 = VECTOR('',#10996,1.);
#10996 = DIRECTION('',(1.,0.));
#10997 = ( GEOMETRIC_REPRESENTATION_CONTEXT(2) 
PARAMETRIC_REPRESENTATION_CONTEXT() REPRESENTATION_CONTEXT('2D SPACE',''
  ) );
#10998 = PCURVE('',#4203,#10999);
#10999 = DEFINITIONAL_REPRESENTATION('',(#11000),#11004);
#11000 = LINE('',#11001,#11002);
#11001 = CARTESIAN_POINT('',(-1.110223024625E-16,0.5));
#11002 = VECTOR('',#11003,1.);
#11003 = DIRECTION('',(-1.,0.));
#11004 = ( GEOMETRIC_REPRESENTATION_CONTEXT(2) 
PARAMETRIC_REPRESENTATION_CONTEXT() REPRESENTATION_CONTEXT('2D SPACE',''
  ) );
#11005 = ORIENTED_EDGE('',*,*,#11006,.F.);
#11006 = EDGE_CURVE('',#11007,#10984,#11009,.T.);
#11007 = VERTEX_POINT('',#11008);
#11008 = CARTESIAN_POINT('',(-3.6,-0.8,2.241926223421));
#11009 = SURFACE_CURVE('',#11010,(#11015,#11022),.PCURVE_S1.);
#11010 = CIRCLE('',#11011,0.1);
#11011 = AXIS2_PLACEMENT_3D('',#11012,#11013,#11014);
#11012 = CARTESIAN_POINT('',(-3.6,-0.9,2.241926223421));
#11013 = DIRECTION('',(-0.,2.22044604925E-16,1.));
#11014 = DIRECTION('',(1.,0.,0.));
#11015 = PCURVE('',#3046,#11016);
#11016 = DEFINITIONAL_REPRESENTATION('',(#11017),#11021);
#11017 = CIRCLE('',#11018,0.1);
#11018 = AXIS2_PLACEMENT_2D('',#11019,#11020);
#11019 = CARTESIAN_POINT('',(-1.,0.3));
#11020 = DIRECTION('',(0.,1.));
#11021 = ( GEOMETRIC_REPRESENTATION_CONTEXT(2) 
PARAMETRIC_REPRESENTATION_CONTEXT() REPRESENTATION_CONTEXT('2D SPACE',''
  ) );
#11022 = PCURVE('',#11023,#11028);
#11023 = CYLINDRICAL_SURFACE('',#11024,0.1);
#11024 = AXIS2_PLACEMENT_3D('',#11025,#11026,#11027);
#11025 = CARTESIAN_POINT('',(-3.6,-0.9,1.741926223421));
#11026 = DIRECTION('',(0.,2.22044604925E-16,1.));
#11027 = DIRECTION('',(1.,0.,-0.));
#11028 = DEFINITIONAL_REPRESENTATION('',(#11029),#11033);
#11029 = LINE('',#11030,#11031);
#11030 = CARTESIAN_POINT('',(0.,0.5));
#11031 = VECTOR('',#11032,1.);
#11032 = DIRECTION('',(1.,0.));
#11033 = ( GEOMETRIC_REPRESENTATION_CONTEXT(2) 
PARAMETRIC_REPRESENTATION_CONTEXT() REPRESENTATION_CONTEXT('2D SPACE',''
  ) );
#11034 = ORIENTED_EDGE('',*,*,#11035,.F.);
#11035 = EDGE_CURVE('',#11036,#11007,#11038,.T.);
#11036 = VERTEX_POINT('',#11037);
#11037 = CARTESIAN_POINT('',(-3.6,-0.6,2.241926223421));
#11038 = SURFACE_CURVE('',#11039,(#11043,#11050),.PCURVE_S1.);
#11039 = LINE('',#11040,#11041);
#11040 = CARTESIAN_POINT('',(-3.6,-0.6,2.241926223421));
#11041 = VECTOR('',#11042,1.);
#11042 = DIRECTION('',(0.,-1.,2.22044604925E-16));
#11043 = PCURVE('',#3046,#11044);
#11044 = DEFINITIONAL_REPRESENTATION('',(#11045),#11049);
#11045 = LINE('',#11046,#11047);
#11046 = CARTESIAN_POINT('',(-1.3,0.3));
#11047 = VECTOR('',#11048,1.);
#11048 = DIRECTION('',(1.,0.));
#11049 = ( GEOMETRIC_REPRESENTATION_CONTEXT(2) 
PARAMETRIC_REPRESENTATION_CONTEXT() REPRESENTATION_CONTEXT('2D SPACE',''
  ) );
#11050 = PCURVE('',#11051,#11056);
#11051 = PLANE('',#11052);
#11052 = AXIS2_PLACEMENT_3D('',#11053,#11054,#11055);
#11053 = CARTESIAN_POINT('',(-3.6,-0.6,1.741926223421));
#11054 = DIRECTION('',(1.,0.,0.));
#11055 = DIRECTION('',(0.,1.,-2.22044604925E-16));
#11056 = DEFINITIONAL_REPRESENTATION('',(#11057),#11061);
#11057 = LINE('',#11058,#11059);
#11058 = CARTESIAN_POINT('',(-1.110223024625E-16,0.5));
#11059 = VECTOR('',#11060,1.);
#11060 = DIRECTION('',(-1.,0.));
#11061 = ( GEOMETRIC_REPRESENTATION_CONTEXT(2) 
PARAMETRIC_REPRESENTATION_CONTEXT() REPRESENTATION_CONTEXT('2D SPACE',''
  ) );
#11062 = ORIENTED_EDGE('',*,*,#11063,.F.);
#11063 = EDGE_CURVE('',#11064,#11036,#11066,.T.);
#11064 = VERTEX_POINT('',#11065);
#11065 = CARTESIAN_POINT('',(-3.9,-0.9,2.241926223421));
#11066 = SURFACE_CURVE('',#11067,(#11072,#11083),.PCURVE_S1.);
#11067 = CIRCLE('',#11068,0.3);
#11068 = AXIS2_PLACEMENT_3D('',#11069,#11070,#11071);
#11069 = CARTESIAN_POINT('',(-3.6,-0.9,2.241926223421));
#11070 = DIRECTION('',(0.,-2.22044604925E-16,-1.));
#11071 = DIRECTION('',(1.,0.,0.));
#11072 = PCURVE('',#3046,#11073);
#11073 = DEFINITIONAL_REPRESENTATION('',(#11074),#11082);
#11074 = ( BOUNDED_CURVE() B_SPLINE_CURVE(2,(#11075,#11076,#11077,#11078
    ,#11079,#11080,#11081),.UNSPECIFIED.,.T.,.F.) 
B_SPLINE_CURVE_WITH_KNOTS((1,2,2,2,2,1),(-2.094395102393,0.,
    2.094395102393,4.188790204786,6.28318530718,8.377580409573),
.UNSPECIFIED.) CURVE() GEOMETRIC_REPRESENTATION_ITEM() 
RATIONAL_B_SPLINE_CURVE((1.,0.5,1.,0.5,1.,0.5,1.)) REPRESENTATION_ITEM(
  '') );
#11075 = CARTESIAN_POINT('',(-1.,0.6));
#11076 = CARTESIAN_POINT('',(-0.480384757729,0.6));
#11077 = CARTESIAN_POINT('',(-0.740192378865,0.15));
#11078 = CARTESIAN_POINT('',(-1.,-0.3));
#11079 = CARTESIAN_POINT('',(-1.259807621135,0.15));
#11080 = CARTESIAN_POINT('',(-1.519615242271,0.6));
#11081 = CARTESIAN_POINT('',(-1.,0.6));
#11082 = ( GEOMETRIC_REPRESENTATION_CONTEXT(2) 
PARAMETRIC_REPRESENTATION_CONTEXT() REPRESENTATION_CONTEXT('2D SPACE',''
  ) );
#11083 = PCURVE('',#11084,#11089);
#11084 = CYLINDRICAL_SURFACE('',#11085,0.3);
#11085 = AXIS2_PLACEMENT_3D('',#11086,#11087,#11088);
#11086 = CARTESIAN_POINT('',(-3.6,-0.9,1.741926223421));
#11087 = DIRECTION('',(0.,2.22044604925E-16,1.));
#11088 = DIRECTION('',(1.,0.,-0.));
#11089 = DEFINITIONAL_REPRESENTATION('',(#11090),#11094);
#11090 = LINE('',#11091,#11092);
#11091 = CARTESIAN_POINT('',(6.28318530718,0.5));
#11092 = VECTOR('',#11093,1.);
#11093 = DIRECTION('',(-1.,0.));
#11094 = ( GEOMETRIC_REPRESENTATION_CONTEXT(2) 
PARAMETRIC_REPRESENTATION_CONTEXT() REPRESENTATION_CONTEXT('2D SPACE',''
  ) );
#11095 = ORIENTED_EDGE('',*,*,#11096,.F.);
#11096 = EDGE_CURVE('',#10872,#11064,#11097,.T.);
#11097 = SURFACE_CURVE('',#11098,(#11102,#11109),.PCURVE_S1.);
#11098 = LINE('',#11099,#11100);
#11099 = CARTESIAN_POINT('',(-3.9,-1.8,2.241926223421));
#11100 = VECTOR('',#11101,1.);
#11101 = DIRECTION('',(0.,1.,-2.22044604925E-16));
#11102 = PCURVE('',#3046,#11103);
#11103 = DEFINITIONAL_REPRESENTATION('',(#11104),#11108);
#11104 = LINE('',#11105,#11106);
#11105 = CARTESIAN_POINT('',(-1.E-01,0.));
#11106 = VECTOR('',#11107,1.);
#11107 = DIRECTION('',(-1.,0.));
#11108 = ( GEOMETRIC_REPRESENTATION_CONTEXT(2) 
PARAMETRIC_REPRESENTATION_CONTEXT() REPRESENTATION_CONTEXT('2D SPACE',''
  ) );
#11109 = PCURVE('',#10915,#11110);
#11110 = DEFINITIONAL_REPRESENTATION('',(#11111),#11115);
#11111 = LINE('',#11112,#11113);
#11112 = CARTESIAN_POINT('',(-1.E-01,0.5));
#11113 = VECTOR('',#11114,1.);
#11114 = DIRECTION('',(-1.,0.));
#11115 = ( GEOMETRIC_REPRESENTATION_CONTEXT(2) 
PARAMETRIC_REPRESENTATION_CONTEXT() REPRESENTATION_CONTEXT('2D SPACE',''
  ) );
#11116 = ORIENTED_EDGE('',*,*,#10871,.F.);
#11117 = ADVANCED_FACE('',(#11118),#4296,.T.);
#11118 = FACE_BOUND('',#11119,.T.);
#11119 = EDGE_LOOP('',(#11120,#11121,#11149,#11177));
#11120 = ORIENTED_EDGE('',*,*,#4273,.T.);
#11121 = ORIENTED_EDGE('',*,*,#11122,.T.);
#11122 = EDGE_CURVE('',#4276,#11123,#11125,.T.);
#11123 = VERTEX_POINT('',#11124);
#11124 = CARTESIAN_POINT('',(-3.9,-1.8,3.941926223421));
#11125 = SURFACE_CURVE('',#11126,(#11131,#11138),.PCURVE_S1.);
#11126 = CIRCLE('',#11127,0.3);
#11127 = AXIS2_PLACEMENT_3D('',#11128,#11129,#11130);
#11128 = CARTESIAN_POINT('',(-3.6,-1.8,3.941926223421));
#11129 = DIRECTION('',(3.299050841687E-33,-2.22044604925E-16,-1.));
#11130 = DIRECTION('',(-0.707106781187,-0.707106781187,
    1.570092458684E-16));
#11131 = PCURVE('',#4296,#11132);
#11132 = DEFINITIONAL_REPRESENTATION('',(#11133),#11137);
#11133 = LINE('',#11134,#11135);
#11134 = CARTESIAN_POINT('',(6.28318530718,0.8));
#11135 = VECTOR('',#11136,1.);
#11136 = DIRECTION('',(-1.,0.));
#11137 = ( GEOMETRIC_REPRESENTATION_CONTEXT(2) 
PARAMETRIC_REPRESENTATION_CONTEXT() REPRESENTATION_CONTEXT('2D SPACE',''
  ) );
#11138 = PCURVE('',#3390,#11139);
#11139 = DEFINITIONAL_REPRESENTATION('',(#11140),#11148);
#11140 = ( BOUNDED_CURVE() B_SPLINE_CURVE(2,(#11141,#11142,#11143,#11144
    ,#11145,#11146,#11147),.UNSPECIFIED.,.T.,.F.) 
B_SPLINE_CURVE_WITH_KNOTS((1,2,2,2,2,1),(-2.094395102393,0.,
    2.094395102393,4.188790204786,6.28318530718,8.377580409573),
.UNSPECIFIED.) CURVE() GEOMETRIC_REPRESENTATION_ITEM() 
RATIONAL_B_SPLINE_CURVE((1.,0.5,1.,0.5,1.,0.5,1.)) REPRESENTATION_ITEM(
  '') );
#11141 = CARTESIAN_POINT('',(0.112132034356,8.786796564404E-02));
#11142 = CARTESIAN_POINT('',(-0.255291427062,-0.279555495773));
#11143 = CARTESIAN_POINT('',(-0.389777747887,0.222354286469));
#11144 = CARTESIAN_POINT('',(-0.524264068712,0.724264068712));
#11145 = CARTESIAN_POINT('',(-2.235428646924E-02,0.589777747887));
#11146 = CARTESIAN_POINT('',(0.479555495773,0.455291427062));
#11147 = CARTESIAN_POINT('',(0.112132034356,8.786796564404E-02));
#11148 = ( GEOMETRIC_REPRESENTATION_CONTEXT(2) 
PARAMETRIC_REPRESENTATION_CONTEXT() REPRESENTATION_CONTEXT('2D SPACE',''
  ) );
#11149 = ORIENTED_EDGE('',*,*,#11150,.T.);
#11150 = EDGE_CURVE('',#11123,#11151,#11153,.T.);
#11151 = VERTEX_POINT('',#11152);
#11152 = CARTESIAN_POINT('',(-3.9,-1.8,3.441926223421));
#11153 = SURFACE_CURVE('',#11154,(#11158,#11165),.PCURVE_S1.);
#11154 = LINE('',#11155,#11156);
#11155 = CARTESIAN_POINT('',(-3.9,-1.8,3.941926223421));
#11156 = VECTOR('',#11157,1.);
#11157 = DIRECTION('',(0.,-2.22044604925E-16,-1.));
#11158 = PCURVE('',#4296,#11159);
#11159 = DEFINITIONAL_REPRESENTATION('',(#11160),#11164);
#11160 = LINE('',#11161,#11162);
#11161 = CARTESIAN_POINT('',(5.497787143782,0.8));
#11162 = VECTOR('',#11163,1.);
#11163 = DIRECTION('',(0.,-1.));
#11164 = ( GEOMETRIC_REPRESENTATION_CONTEXT(2) 
PARAMETRIC_REPRESENTATION_CONTEXT() REPRESENTATION_CONTEXT('2D SPACE',''
  ) );
#11165 = PCURVE('',#11166,#11171);
#11166 = PLANE('',#11167);
#11167 = AXIS2_PLACEMENT_3D('',#11168,#11169,#11170);
#11168 = CARTESIAN_POINT('',(-3.9,-1.9,3.441926223421));
#11169 = DIRECTION('',(-1.,0.,0.));
#11170 = DIRECTION('',(0.,-1.,2.22044604925E-16));
#11171 = DEFINITIONAL_REPRESENTATION('',(#11172),#11176);
#11172 = LINE('',#11173,#11174);
#11173 = CARTESIAN_POINT('',(-1.E-01,0.5));
#11174 = VECTOR('',#11175,1.);
#11175 = DIRECTION('',(0.,-1.));
#11176 = ( GEOMETRIC_REPRESENTATION_CONTEXT(2) 
PARAMETRIC_REPRESENTATION_CONTEXT() REPRESENTATION_CONTEXT('2D SPACE',''
  ) );
#11177 = ORIENTED_EDGE('',*,*,#11178,.T.);
#11178 = EDGE_CURVE('',#11151,#4274,#11179,.T.);
#11179 = SURFACE_CURVE('',#11180,(#11185,#11192),.PCURVE_S1.);
#11180 = CIRCLE('',#11181,0.3);
#11181 = AXIS2_PLACEMENT_3D('',#11182,#11183,#11184);
#11182 = CARTESIAN_POINT('',(-3.6,-1.8,3.441926223421));
#11183 = DIRECTION('',(-3.299050841687E-33,2.22044604925E-16,1.));
#11184 = DIRECTION('',(-0.707106781187,-0.707106781187,
    1.570092458684E-16));
#11185 = PCURVE('',#4296,#11186);
#11186 = DEFINITIONAL_REPRESENTATION('',(#11187),#11191);
#11187 = LINE('',#11188,#11189);
#11188 = CARTESIAN_POINT('',(-8.881784197001E-16,0.3));
#11189 = VECTOR('',#11190,1.);
#11190 = DIRECTION('',(1.,0.));
#11191 = ( GEOMETRIC_REPRESENTATION_CONTEXT(2) 
PARAMETRIC_REPRESENTATION_CONTEXT() REPRESENTATION_CONTEXT('2D SPACE',''
  ) );
#11192 = PCURVE('',#4115,#11193);
#11193 = DEFINITIONAL_REPRESENTATION('',(#11194),#11202);
#11194 = ( BOUNDED_CURVE() B_SPLINE_CURVE(2,(#11195,#11196,#11197,#11198
    ,#11199,#11200,#11201),.UNSPECIFIED.,.T.,.F.) 
B_SPLINE_CURVE_WITH_KNOTS((1,2,2,2,2,1),(-2.094395102393,0.,
    2.094395102393,4.188790204786,6.28318530718,8.377580409573),
.UNSPECIFIED.) CURVE() GEOMETRIC_REPRESENTATION_ITEM() 
RATIONAL_B_SPLINE_CURVE((1.,0.5,1.,0.5,1.,0.5,1.)) REPRESENTATION_ITEM(
  '') );
#11195 = CARTESIAN_POINT('',(-0.112132034356,-0.612132034356));
#11196 = CARTESIAN_POINT('',(-0.479555495773,-0.244708572938));
#11197 = CARTESIAN_POINT('',(2.235428646924E-02,-0.110222252113));
#11198 = CARTESIAN_POINT('',(0.524264068712,2.426406871193E-02));
#11199 = CARTESIAN_POINT('',(0.389777747887,-0.477645713531));
#11200 = CARTESIAN_POINT('',(0.255291427062,-0.979555495773));
#11201 = CARTESIAN_POINT('',(-0.112132034356,-0.612132034356));
#11202 = ( GEOMETRIC_REPRESENTATION_CONTEXT(2) 
PARAMETRIC_REPRESENTATION_CONTEXT() REPRESENTATION_CONTEXT('2D SPACE',''
  ) );
#11203 = ADVANCED_FACE('',(#11204),#3390,.T.);
#11204 = FACE_BOUND('',#11205,.T.);
#11205 = EDGE_LOOP('',(#11206,#11207,#11208,#11209,#11210,#11232,#11233,
    #11256,#11285,#11313,#11346,#11367));
#11206 = ORIENTED_EDGE('',*,*,#4359,.F.);
#11207 = ORIENTED_EDGE('',*,*,#10314,.T.);
#11208 = ORIENTED_EDGE('',*,*,#3374,.F.);
#11209 = ORIENTED_EDGE('',*,*,#10074,.F.);
#11210 = ORIENTED_EDGE('',*,*,#11211,.F.);
#11211 = EDGE_CURVE('',#4042,#10052,#11212,.T.);
#11212 = SURFACE_CURVE('',#11213,(#11218,#11225),.PCURVE_S1.);
#11213 = CIRCLE('',#11214,0.1);
#11214 = AXIS2_PLACEMENT_3D('',#11215,#11216,#11217);
#11215 = CARTESIAN_POINT('',(-3.6,-1.8,3.941926223421));
#11216 = DIRECTION('',(-3.299050841687E-33,2.22044604925E-16,1.));
#11217 = DIRECTION('',(-0.707106781187,-0.707106781187,
    1.570092458684E-16));
#11218 = PCURVE('',#3390,#11219);
#11219 = DEFINITIONAL_REPRESENTATION('',(#11220),#11224);
#11220 = CIRCLE('',#11221,1.E-01);
#11221 = AXIS2_PLACEMENT_2D('',#11222,#11223);
#11222 = CARTESIAN_POINT('',(-1.E-01,0.3));
#11223 = DIRECTION('',(0.707106781187,-0.707106781187));
#11224 = ( GEOMETRIC_REPRESENTATION_CONTEXT(2) 
PARAMETRIC_REPRESENTATION_CONTEXT() REPRESENTATION_CONTEXT('2D SPACE',''
  ) );
#11225 = PCURVE('',#4141,#11226);
#11226 = DEFINITIONAL_REPRESENTATION('',(#11227),#11231);
#11227 = LINE('',#11228,#11229);
#11228 = CARTESIAN_POINT('',(0.,0.78947368421));
#11229 = VECTOR('',#11230,1.);
#11230 = DIRECTION('',(1.,0.));
#11231 = ( GEOMETRIC_REPRESENTATION_CONTEXT(2) 
PARAMETRIC_REPRESENTATION_CONTEXT() REPRESENTATION_CONTEXT('2D SPACE',''
  ) );
#11232 = ORIENTED_EDGE('',*,*,#4039,.F.);
#11233 = ORIENTED_EDGE('',*,*,#11234,.F.);
#11234 = EDGE_CURVE('',#11235,#4040,#11237,.T.);
#11235 = VERTEX_POINT('',#11236);
#11236 = CARTESIAN_POINT('',(-3.7,-0.9,3.941926223421));
#11237 = SURFACE_CURVE('',#11238,(#11242,#11249),.PCURVE_S1.);
#11238 = LINE('',#11239,#11240);
#11239 = CARTESIAN_POINT('',(-3.7,-0.9,3.941926223421));
#11240 = VECTOR('',#11241,1.);
#11241 = DIRECTION('',(0.,-1.,2.22044604925E-16));
#11242 = PCURVE('',#3390,#11243);
#11243 = DEFINITIONAL_REPRESENTATION('',(#11244),#11248);
#11244 = LINE('',#11245,#11246);
#11245 = CARTESIAN_POINT('',(-1.,0.2));
#11246 = VECTOR('',#11247,1.);
#11247 = DIRECTION('',(1.,0.));
#11248 = ( GEOMETRIC_REPRESENTATION_CONTEXT(2) 
PARAMETRIC_REPRESENTATION_CONTEXT() REPRESENTATION_CONTEXT('2D SPACE',''
  ) );
#11249 = PCURVE('',#4086,#11250);
#11250 = DEFINITIONAL_REPRESENTATION('',(#11251),#11255);
#11251 = LINE('',#11252,#11253);
#11252 = CARTESIAN_POINT('',(-1.110223024625E-16,0.5));
#11253 = VECTOR('',#11254,1.);
#11254 = DIRECTION('',(-1.,0.));
#11255 = ( GEOMETRIC_REPRESENTATION_CONTEXT(2) 
PARAMETRIC_REPRESENTATION_CONTEXT() REPRESENTATION_CONTEXT('2D SPACE',''
  ) );
#11256 = ORIENTED_EDGE('',*,*,#11257,.F.);
#11257 = EDGE_CURVE('',#11258,#11235,#11260,.T.);
#11258 = VERTEX_POINT('',#11259);
#11259 = CARTESIAN_POINT('',(-3.6,-0.8,3.941926223421));
#11260 = SURFACE_CURVE('',#11261,(#11266,#11273),.PCURVE_S1.);
#11261 = CIRCLE('',#11262,0.1);
#11262 = AXIS2_PLACEMENT_3D('',#11263,#11264,#11265);
#11263 = CARTESIAN_POINT('',(-3.6,-0.9,3.941926223421));
#11264 = DIRECTION('',(-0.,2.22044604925E-16,1.));
#11265 = DIRECTION('',(1.,0.,0.));
#11266 = PCURVE('',#3390,#11267);
#11267 = DEFINITIONAL_REPRESENTATION('',(#11268),#11272);
#11268 = CIRCLE('',#11269,0.1);
#11269 = AXIS2_PLACEMENT_2D('',#11270,#11271);
#11270 = CARTESIAN_POINT('',(-1.,0.3));
#11271 = DIRECTION('',(0.,1.));
#11272 = ( GEOMETRIC_REPRESENTATION_CONTEXT(2) 
PARAMETRIC_REPRESENTATION_CONTEXT() REPRESENTATION_CONTEXT('2D SPACE',''
  ) );
#11273 = PCURVE('',#11274,#11279);
#11274 = CYLINDRICAL_SURFACE('',#11275,0.1);
#11275 = AXIS2_PLACEMENT_3D('',#11276,#11277,#11278);
#11276 = CARTESIAN_POINT('',(-3.6,-0.9,3.441926223421));
#11277 = DIRECTION('',(0.,2.22044604925E-16,1.));
#11278 = DIRECTION('',(1.,0.,-0.));
#11279 = DEFINITIONAL_REPRESENTATION('',(#11280),#11284);
#11280 = LINE('',#11281,#11282);
#11281 = CARTESIAN_POINT('',(0.,0.5));
#11282 = VECTOR('',#11283,1.);
#11283 = DIRECTION('',(1.,0.));
#11284 = ( GEOMETRIC_REPRESENTATION_CONTEXT(2) 
PARAMETRIC_REPRESENTATION_CONTEXT() REPRESENTATION_CONTEXT('2D SPACE',''
  ) );
#11285 = ORIENTED_EDGE('',*,*,#11286,.F.);
#11286 = EDGE_CURVE('',#11287,#11258,#11289,.T.);
#11287 = VERTEX_POINT('',#11288);
#11288 = CARTESIAN_POINT('',(-3.6,-0.6,3.941926223421));
#11289 = SURFACE_CURVE('',#11290,(#11294,#11301),.PCURVE_S1.);
#11290 = LINE('',#11291,#11292);
#11291 = CARTESIAN_POINT('',(-3.6,-0.6,3.941926223421));
#11292 = VECTOR('',#11293,1.);
#11293 = DIRECTION('',(0.,-1.,2.22044604925E-16));
#11294 = PCURVE('',#3390,#11295);
#11295 = DEFINITIONAL_REPRESENTATION('',(#11296),#11300);
#11296 = LINE('',#11297,#11298);
#11297 = CARTESIAN_POINT('',(-1.3,0.3));
#11298 = VECTOR('',#11299,1.);
#11299 = DIRECTION('',(1.,0.));
#11300 = ( GEOMETRIC_REPRESENTATION_CONTEXT(2) 
PARAMETRIC_REPRESENTATION_CONTEXT() REPRESENTATION_CONTEXT('2D SPACE',''
  ) );
#11301 = PCURVE('',#11302,#11307);
#11302 = PLANE('',#11303);
#11303 = AXIS2_PLACEMENT_3D('',#11304,#11305,#11306);
#11304 = CARTESIAN_POINT('',(-3.6,-0.6,3.441926223421));
#11305 = DIRECTION('',(1.,0.,0.));
#11306 = DIRECTION('',(0.,1.,-2.22044604925E-16));
#11307 = DEFINITIONAL_REPRESENTATION('',(#11308),#11312);
#11308 = LINE('',#11309,#11310);
#11309 = CARTESIAN_POINT('',(-1.110223024625E-16,0.5));
#11310 = VECTOR('',#11311,1.);
#11311 = DIRECTION('',(-1.,0.));
#11312 = ( GEOMETRIC_REPRESENTATION_CONTEXT(2) 
PARAMETRIC_REPRESENTATION_CONTEXT() REPRESENTATION_CONTEXT('2D SPACE',''
  ) );
#11313 = ORIENTED_EDGE('',*,*,#11314,.F.);
#11314 = EDGE_CURVE('',#11315,#11287,#11317,.T.);
#11315 = VERTEX_POINT('',#11316);
#11316 = CARTESIAN_POINT('',(-3.9,-0.9,3.941926223421));
#11317 = SURFACE_CURVE('',#11318,(#11323,#11334),.PCURVE_S1.);
#11318 = CIRCLE('',#11319,0.3);
#11319 = AXIS2_PLACEMENT_3D('',#11320,#11321,#11322);
#11320 = CARTESIAN_POINT('',(-3.6,-0.9,3.941926223421));
#11321 = DIRECTION('',(0.,-2.22044604925E-16,-1.));
#11322 = DIRECTION('',(1.,0.,0.));
#11323 = PCURVE('',#3390,#11324);
#11324 = DEFINITIONAL_REPRESENTATION('',(#11325),#11333);
#11325 = ( BOUNDED_CURVE() B_SPLINE_CURVE(2,(#11326,#11327,#11328,#11329
    ,#11330,#11331,#11332),.UNSPECIFIED.,.T.,.F.) 
B_SPLINE_CURVE_WITH_KNOTS((1,2,2,2,2,1),(-2.094395102393,0.,
    2.094395102393,4.188790204786,6.28318530718,8.377580409573),
.UNSPECIFIED.) CURVE() GEOMETRIC_REPRESENTATION_ITEM() 
RATIONAL_B_SPLINE_CURVE((1.,0.5,1.,0.5,1.,0.5,1.)) REPRESENTATION_ITEM(
  '') );
#11326 = CARTESIAN_POINT('',(-1.,0.6));
#11327 = CARTESIAN_POINT('',(-0.480384757729,0.6));
#11328 = CARTESIAN_POINT('',(-0.740192378865,0.15));
#11329 = CARTESIAN_POINT('',(-1.,-0.3));
#11330 = CARTESIAN_POINT('',(-1.259807621135,0.15));
#11331 = CARTESIAN_POINT('',(-1.519615242271,0.6));
#11332 = CARTESIAN_POINT('',(-1.,0.6));
#11333 = ( GEOMETRIC_REPRESENTATION_CONTEXT(2) 
PARAMETRIC_REPRESENTATION_CONTEXT() REPRESENTATION_CONTEXT('2D SPACE',''
  ) );
#11334 = PCURVE('',#11335,#11340);
#11335 = CYLINDRICAL_SURFACE('',#11336,0.3);
#11336 = AXIS2_PLACEMENT_3D('',#11337,#11338,#11339);
#11337 = CARTESIAN_POINT('',(-3.6,-0.9,3.441926223421));
#11338 = DIRECTION('',(0.,2.22044604925E-16,1.));
#11339 = DIRECTION('',(1.,0.,-0.));
#11340 = DEFINITIONAL_REPRESENTATION('',(#11341),#11345);
#11341 = LINE('',#11342,#11343);
#11342 = CARTESIAN_POINT('',(6.28318530718,0.5));
#11343 = VECTOR('',#11344,1.);
#11344 = DIRECTION('',(-1.,0.));
#11345 = ( GEOMETRIC_REPRESENTATION_CONTEXT(2) 
PARAMETRIC_REPRESENTATION_CONTEXT() REPRESENTATION_CONTEXT('2D SPACE',''
  ) );
#11346 = ORIENTED_EDGE('',*,*,#11347,.F.);
#11347 = EDGE_CURVE('',#11123,#11315,#11348,.T.);
#11348 = SURFACE_CURVE('',#11349,(#11353,#11360),.PCURVE_S1.);
#11349 = LINE('',#11350,#11351);
#11350 = CARTESIAN_POINT('',(-3.9,-1.8,3.941926223421));
#11351 = VECTOR('',#11352,1.);
#11352 = DIRECTION('',(0.,1.,-2.22044604925E-16));
#11353 = PCURVE('',#3390,#11354);
#11354 = DEFINITIONAL_REPRESENTATION('',(#11355),#11359);
#11355 = LINE('',#11356,#11357);
#11356 = CARTESIAN_POINT('',(-1.E-01,0.));
#11357 = VECTOR('',#11358,1.);
#11358 = DIRECTION('',(-1.,0.));
#11359 = ( GEOMETRIC_REPRESENTATION_CONTEXT(2) 
PARAMETRIC_REPRESENTATION_CONTEXT() REPRESENTATION_CONTEXT('2D SPACE',''
  ) );
#11360 = PCURVE('',#11166,#11361);
#11361 = DEFINITIONAL_REPRESENTATION('',(#11362),#11366);
#11362 = LINE('',#11363,#11364);
#11363 = CARTESIAN_POINT('',(-1.E-01,0.5));
#11364 = VECTOR('',#11365,1.);
#11365 = DIRECTION('',(-1.,0.));
#11366 = ( GEOMETRIC_REPRESENTATION_CONTEXT(2) 
PARAMETRIC_REPRESENTATION_CONTEXT() REPRESENTATION_CONTEXT('2D SPACE',''
  ) );
#11367 = ORIENTED_EDGE('',*,*,#11122,.F.);
#11368 = ADVANCED_FACE('',(#11369),#4258,.F.);
#11369 = FACE_BOUND('',#11370,.F.);
#11370 = EDGE_LOOP('',(#11371,#11393,#11394,#11395));
#11371 = ORIENTED_EDGE('',*,*,#11372,.F.);
#11372 = EDGE_CURVE('',#9891,#4216,#11373,.T.);
#11373 = SURFACE_CURVE('',#11374,(#11379,#11386),.PCURVE_S1.);
#11374 = CIRCLE('',#11375,0.1);
#11375 = AXIS2_PLACEMENT_3D('',#11376,#11377,#11378);
#11376 = CARTESIAN_POINT('',(-3.6,-1.8,1.741926223421));
#11377 = DIRECTION('',(3.299050841687E-33,-2.22044604925E-16,-1.));
#11378 = DIRECTION('',(-0.707106781187,-0.707106781187,
    1.570092458684E-16));
#11379 = PCURVE('',#4258,#11380);
#11380 = DEFINITIONAL_REPRESENTATION('',(#11381),#11385);
#11381 = LINE('',#11382,#11383);
#11382 = CARTESIAN_POINT('',(6.28318530718,-0.560526315789));
#11383 = VECTOR('',#11384,1.);
#11384 = DIRECTION('',(-1.,0.));
#11385 = ( GEOMETRIC_REPRESENTATION_CONTEXT(2) 
PARAMETRIC_REPRESENTATION_CONTEXT() REPRESENTATION_CONTEXT('2D SPACE',''
  ) );
#11386 = PCURVE('',#4232,#11387);
#11387 = DEFINITIONAL_REPRESENTATION('',(#11388),#11392);
#11388 = CIRCLE('',#11389,1.E-01);
#11389 = AXIS2_PLACEMENT_2D('',#11390,#11391);
#11390 = CARTESIAN_POINT('',(1.E-01,-1.245));
#11391 = DIRECTION('',(-0.707106781187,-0.707106781187));
#11392 = ( GEOMETRIC_REPRESENTATION_CONTEXT(2) 
PARAMETRIC_REPRESENTATION_CONTEXT() REPRESENTATION_CONTEXT('2D SPACE',''
  ) );
#11393 = ORIENTED_EDGE('',*,*,#9913,.F.);
#11394 = ORIENTED_EDGE('',*,*,#10960,.F.);
#11395 = ORIENTED_EDGE('',*,*,#4244,.F.);
#11396 = ADVANCED_FACE('',(#11397),#4141,.F.);
#11397 = FACE_BOUND('',#11398,.F.);
#11398 = EDGE_LOOP('',(#11399,#11421,#11422,#11423));
#11399 = ORIENTED_EDGE('',*,*,#11400,.F.);
#11400 = EDGE_CURVE('',#10029,#4099,#11401,.T.);
#11401 = SURFACE_CURVE('',#11402,(#11407,#11414),.PCURVE_S1.);
#11402 = CIRCLE('',#11403,0.1);
#11403 = AXIS2_PLACEMENT_3D('',#11404,#11405,#11406);
#11404 = CARTESIAN_POINT('',(-3.6,-1.8,3.441926223421));
#11405 = DIRECTION('',(3.299050841687E-33,-2.22044604925E-16,-1.));
#11406 = DIRECTION('',(-0.707106781187,-0.707106781187,
    1.570092458684E-16));
#11407 = PCURVE('',#4141,#11408);
#11408 = DEFINITIONAL_REPRESENTATION('',(#11409),#11413);
#11409 = LINE('',#11410,#11411);
#11410 = CARTESIAN_POINT('',(6.28318530718,0.28947368421));
#11411 = VECTOR('',#11412,1.);
#11412 = DIRECTION('',(-1.,0.));
#11413 = ( GEOMETRIC_REPRESENTATION_CONTEXT(2) 
PARAMETRIC_REPRESENTATION_CONTEXT() REPRESENTATION_CONTEXT('2D SPACE',''
  ) );
#11414 = PCURVE('',#4115,#11415);
#11415 = DEFINITIONAL_REPRESENTATION('',(#11416),#11420);
#11416 = CIRCLE('',#11417,1.E-01);
#11417 = AXIS2_PLACEMENT_2D('',#11418,#11419);
#11418 = CARTESIAN_POINT('',(1.E-01,-0.4));
#11419 = DIRECTION('',(-0.707106781187,-0.707106781187));
#11420 = ( GEOMETRIC_REPRESENTATION_CONTEXT(2) 
PARAMETRIC_REPRESENTATION_CONTEXT() REPRESENTATION_CONTEXT('2D SPACE',''
  ) );
#11421 = ORIENTED_EDGE('',*,*,#10051,.F.);
#11422 = ORIENTED_EDGE('',*,*,#11211,.F.);
#11423 = ORIENTED_EDGE('',*,*,#4127,.F.);
#11424 = ADVANCED_FACE('',(#11425),#4086,.T.);
#11425 = FACE_BOUND('',#11426,.T.);
#11426 = EDGE_LOOP('',(#11427,#11428,#11451,#11472));
#11427 = ORIENTED_EDGE('',*,*,#4070,.F.);
#11428 = ORIENTED_EDGE('',*,*,#11429,.T.);
#11429 = EDGE_CURVE('',#4071,#11430,#11432,.T.);
#11430 = VERTEX_POINT('',#11431);
#11431 = CARTESIAN_POINT('',(-3.7,-0.9,3.441926223421));
#11432 = SURFACE_CURVE('',#11433,(#11437,#11444),.PCURVE_S1.);
#11433 = LINE('',#11434,#11435);
#11434 = CARTESIAN_POINT('',(-3.7,-1.8,3.441926223421));
#11435 = VECTOR('',#11436,1.);
#11436 = DIRECTION('',(0.,1.,-2.22044604925E-16));
#11437 = PCURVE('',#4086,#11438);
#11438 = DEFINITIONAL_REPRESENTATION('',(#11439),#11443);
#11439 = LINE('',#11440,#11441);
#11440 = CARTESIAN_POINT('',(-0.9,-1.998401444325E-16));
#11441 = VECTOR('',#11442,1.);
#11442 = DIRECTION('',(1.,0.));
#11443 = ( GEOMETRIC_REPRESENTATION_CONTEXT(2) 
PARAMETRIC_REPRESENTATION_CONTEXT() REPRESENTATION_CONTEXT('2D SPACE',''
  ) );
#11444 = PCURVE('',#4115,#11445);
#11445 = DEFINITIONAL_REPRESENTATION('',(#11446),#11450);
#11446 = LINE('',#11447,#11448);
#11447 = CARTESIAN_POINT('',(1.E-01,-0.5));
#11448 = VECTOR('',#11449,1.);
#11449 = DIRECTION('',(1.,0.));
#11450 = ( GEOMETRIC_REPRESENTATION_CONTEXT(2) 
PARAMETRIC_REPRESENTATION_CONTEXT() REPRESENTATION_CONTEXT('2D SPACE',''
  ) );
#11451 = ORIENTED_EDGE('',*,*,#11452,.T.);
#11452 = EDGE_CURVE('',#11430,#11235,#11453,.T.);
#11453 = SURFACE_CURVE('',#11454,(#11458,#11465),.PCURVE_S1.);
#11454 = LINE('',#11455,#11456);
#11455 = CARTESIAN_POINT('',(-3.7,-0.9,3.441926223421));
#11456 = VECTOR('',#11457,1.);
#11457 = DIRECTION('',(0.,2.22044604925E-16,1.));
#11458 = PCURVE('',#4086,#11459);
#11459 = DEFINITIONAL_REPRESENTATION('',(#11460),#11464);
#11460 = LINE('',#11461,#11462);
#11461 = CARTESIAN_POINT('',(0.,0.));
#11462 = VECTOR('',#11463,1.);
#11463 = DIRECTION('',(0.,1.));
#11464 = ( GEOMETRIC_REPRESENTATION_CONTEXT(2) 
PARAMETRIC_REPRESENTATION_CONTEXT() REPRESENTATION_CONTEXT('2D SPACE',''
  ) );
#11465 = PCURVE('',#11274,#11466);
#11466 = DEFINITIONAL_REPRESENTATION('',(#11467),#11471);
#11467 = LINE('',#11468,#11469);
#11468 = CARTESIAN_POINT('',(3.14159265359,0.));
#11469 = VECTOR('',#11470,1.);
#11470 = DIRECTION('',(0.,1.));
#11471 = ( GEOMETRIC_REPRESENTATION_CONTEXT(2) 
PARAMETRIC_REPRESENTATION_CONTEXT() REPRESENTATION_CONTEXT('2D SPACE',''
  ) );
#11472 = ORIENTED_EDGE('',*,*,#11234,.T.);
#11473 = ADVANCED_FACE('',(#11474),#11335,.T.);
#11474 = FACE_BOUND('',#11475,.T.);
#11475 = EDGE_LOOP('',(#11476,#11477,#11500,#11528));
#11476 = ORIENTED_EDGE('',*,*,#11314,.T.);
#11477 = ORIENTED_EDGE('',*,*,#11478,.F.);
#11478 = EDGE_CURVE('',#11479,#11287,#11481,.T.);
#11479 = VERTEX_POINT('',#11480);
#11480 = CARTESIAN_POINT('',(-3.6,-0.6,3.441926223421));
#11481 = SURFACE_CURVE('',#11482,(#11486,#11493),.PCURVE_S1.);
#11482 = LINE('',#11483,#11484);
#11483 = CARTESIAN_POINT('',(-3.6,-0.6,3.441926223421));
#11484 = VECTOR('',#11485,1.);
#11485 = DIRECTION('',(0.,2.22044604925E-16,1.));
#11486 = PCURVE('',#11335,#11487);
#11487 = DEFINITIONAL_REPRESENTATION('',(#11488),#11492);
#11488 = LINE('',#11489,#11490);
#11489 = CARTESIAN_POINT('',(1.570796326795,0.));
#11490 = VECTOR('',#11491,1.);
#11491 = DIRECTION('',(0.,1.));
#11492 = ( GEOMETRIC_REPRESENTATION_CONTEXT(2) 
PARAMETRIC_REPRESENTATION_CONTEXT() REPRESENTATION_CONTEXT('2D SPACE',''
  ) );
#11493 = PCURVE('',#11302,#11494);
#11494 = DEFINITIONAL_REPRESENTATION('',(#11495),#11499);
#11495 = LINE('',#11496,#11497);
#11496 = CARTESIAN_POINT('',(0.,0.));
#11497 = VECTOR('',#11498,1.);
#11498 = DIRECTION('',(0.,1.));
#11499 = ( GEOMETRIC_REPRESENTATION_CONTEXT(2) 
PARAMETRIC_REPRESENTATION_CONTEXT() REPRESENTATION_CONTEXT('2D SPACE',''
  ) );
#11500 = ORIENTED_EDGE('',*,*,#11501,.T.);
#11501 = EDGE_CURVE('',#11479,#11502,#11504,.T.);
#11502 = VERTEX_POINT('',#11503);
#11503 = CARTESIAN_POINT('',(-3.9,-0.9,3.441926223421));
#11504 = SURFACE_CURVE('',#11505,(#11510,#11517),.PCURVE_S1.);
#11505 = CIRCLE('',#11506,0.3);
#11506 = AXIS2_PLACEMENT_3D('',#11507,#11508,#11509);
#11507 = CARTESIAN_POINT('',(-3.6,-0.9,3.441926223421));
#11508 = DIRECTION('',(-0.,2.22044604925E-16,1.));
#11509 = DIRECTION('',(1.,0.,0.));
#11510 = PCURVE('',#11335,#11511);
#11511 = DEFINITIONAL_REPRESENTATION('',(#11512),#11516);
#11512 = LINE('',#11513,#11514);
#11513 = CARTESIAN_POINT('',(0.,0.));
#11514 = VECTOR('',#11515,1.);
#11515 = DIRECTION('',(1.,0.));
#11516 = ( GEOMETRIC_REPRESENTATION_CONTEXT(2) 
PARAMETRIC_REPRESENTATION_CONTEXT() REPRESENTATION_CONTEXT('2D SPACE',''
  ) );
#11517 = PCURVE('',#4115,#11518);
#11518 = DEFINITIONAL_REPRESENTATION('',(#11519),#11527);
#11519 = ( BOUNDED_CURVE() B_SPLINE_CURVE(2,(#11520,#11521,#11522,#11523
    ,#11524,#11525,#11526),.UNSPECIFIED.,.T.,.F.) 
B_SPLINE_CURVE_WITH_KNOTS((1,2,2,2,2,1),(-2.094395102393,0.,
    2.094395102393,4.188790204786,6.28318530718,8.377580409573),
.UNSPECIFIED.) CURVE() GEOMETRIC_REPRESENTATION_ITEM() 
RATIONAL_B_SPLINE_CURVE((1.,0.5,1.,0.5,1.,0.5,1.)) REPRESENTATION_ITEM(
  '') );
#11520 = CARTESIAN_POINT('',(1.,-0.1));
#11521 = CARTESIAN_POINT('',(1.519615242271,-0.1));
#11522 = CARTESIAN_POINT('',(1.259807621135,-0.55));
#11523 = CARTESIAN_POINT('',(1.,-1.));
#11524 = CARTESIAN_POINT('',(0.740192378865,-0.55));
#11525 = CARTESIAN_POINT('',(0.480384757729,-0.1));
#11526 = CARTESIAN_POINT('',(1.,-0.1));
#11527 = ( GEOMETRIC_REPRESENTATION_CONTEXT(2) 
PARAMETRIC_REPRESENTATION_CONTEXT() REPRESENTATION_CONTEXT('2D SPACE',''
  ) );
#11528 = ORIENTED_EDGE('',*,*,#11529,.T.);
#11529 = EDGE_CURVE('',#11502,#11315,#11530,.T.);
#11530 = SURFACE_CURVE('',#11531,(#11535,#11542),.PCURVE_S1.);
#11531 = LINE('',#11532,#11533);
#11532 = CARTESIAN_POINT('',(-3.9,-0.9,3.441926223421));
#11533 = VECTOR('',#11534,1.);
#11534 = DIRECTION('',(0.,2.22044604925E-16,1.));
#11535 = PCURVE('',#11335,#11536);
#11536 = DEFINITIONAL_REPRESENTATION('',(#11537),#11541);
#11537 = LINE('',#11538,#11539);
#11538 = CARTESIAN_POINT('',(3.14159265359,0.));
#11539 = VECTOR('',#11540,1.);
#11540 = DIRECTION('',(0.,1.));
#11541 = ( GEOMETRIC_REPRESENTATION_CONTEXT(2) 
PARAMETRIC_REPRESENTATION_CONTEXT() REPRESENTATION_CONTEXT('2D SPACE',''
  ) );
#11542 = PCURVE('',#11166,#11543);
#11543 = DEFINITIONAL_REPRESENTATION('',(#11544),#11548);
#11544 = LINE('',#11545,#11546);
#11545 = CARTESIAN_POINT('',(-1.,2.22044604925E-16));
#11546 = VECTOR('',#11547,1.);
#11547 = DIRECTION('',(0.,1.));
#11548 = ( GEOMETRIC_REPRESENTATION_CONTEXT(2) 
PARAMETRIC_REPRESENTATION_CONTEXT() REPRESENTATION_CONTEXT('2D SPACE',''
  ) );
#11549 = ADVANCED_FACE('',(#11550),#11302,.T.);
#11550 = FACE_BOUND('',#11551,.T.);
#11551 = EDGE_LOOP('',(#11552,#11553,#11576,#11597));
#11552 = ORIENTED_EDGE('',*,*,#11286,.T.);
#11553 = ORIENTED_EDGE('',*,*,#11554,.F.);
#11554 = EDGE_CURVE('',#11555,#11258,#11557,.T.);
#11555 = VERTEX_POINT('',#11556);
#11556 = CARTESIAN_POINT('',(-3.6,-0.8,3.441926223421));
#11557 = SURFACE_CURVE('',#11558,(#11562,#11569),.PCURVE_S1.);
#11558 = LINE('',#11559,#11560);
#11559 = CARTESIAN_POINT('',(-3.6,-0.8,3.441926223421));
#11560 = VECTOR('',#11561,1.);
#11561 = DIRECTION('',(0.,2.22044604925E-16,1.));
#11562 = PCURVE('',#11302,#11563);
#11563 = DEFINITIONAL_REPRESENTATION('',(#11564),#11568);
#11564 = LINE('',#11565,#11566);
#11565 = CARTESIAN_POINT('',(-0.2,-4.4408920985E-17));
#11566 = VECTOR('',#11567,1.);
#11567 = DIRECTION('',(0.,1.));
#11568 = ( GEOMETRIC_REPRESENTATION_CONTEXT(2) 
PARAMETRIC_REPRESENTATION_CONTEXT() REPRESENTATION_CONTEXT('2D SPACE',''
  ) );
#11569 = PCURVE('',#11274,#11570);
#11570 = DEFINITIONAL_REPRESENTATION('',(#11571),#11575);
#11571 = LINE('',#11572,#11573);
#11572 = CARTESIAN_POINT('',(1.570796326795,0.));
#11573 = VECTOR('',#11574,1.);
#11574 = DIRECTION('',(0.,1.));
#11575 = ( GEOMETRIC_REPRESENTATION_CONTEXT(2) 
PARAMETRIC_REPRESENTATION_CONTEXT() REPRESENTATION_CONTEXT('2D SPACE',''
  ) );
#11576 = ORIENTED_EDGE('',*,*,#11577,.T.);
#11577 = EDGE_CURVE('',#11555,#11479,#11578,.T.);
#11578 = SURFACE_CURVE('',#11579,(#11583,#11590),.PCURVE_S1.);
#11579 = LINE('',#11580,#11581);
#11580 = CARTESIAN_POINT('',(-3.6,-0.8,3.441926223421));
#11581 = VECTOR('',#11582,1.);
#11582 = DIRECTION('',(0.,1.,-2.22044604925E-16));
#11583 = PCURVE('',#11302,#11584);
#11584 = DEFINITIONAL_REPRESENTATION('',(#11585),#11589);
#11585 = LINE('',#11586,#11587);
#11586 = CARTESIAN_POINT('',(-0.2,-4.4408920985E-17));
#11587 = VECTOR('',#11588,1.);
#11588 = DIRECTION('',(1.,0.));
#11589 = ( GEOMETRIC_REPRESENTATION_CONTEXT(2) 
PARAMETRIC_REPRESENTATION_CONTEXT() REPRESENTATION_CONTEXT('2D SPACE',''
  ) );
#11590 = PCURVE('',#4115,#11591);
#11591 = DEFINITIONAL_REPRESENTATION('',(#11592),#11596);
#11592 = LINE('',#11593,#11594);
#11593 = CARTESIAN_POINT('',(1.1,-0.4));
#11594 = VECTOR('',#11595,1.);
#11595 = DIRECTION('',(1.,0.));
#11596 = ( GEOMETRIC_REPRESENTATION_CONTEXT(2) 
PARAMETRIC_REPRESENTATION_CONTEXT() REPRESENTATION_CONTEXT('2D SPACE',''
  ) );
#11597 = ORIENTED_EDGE('',*,*,#11478,.T.);
#11598 = ADVANCED_FACE('',(#11599),#11274,.F.);
#11599 = FACE_BOUND('',#11600,.F.);
#11600 = EDGE_LOOP('',(#11601,#11602,#11624,#11625));
#11601 = ORIENTED_EDGE('',*,*,#11554,.F.);
#11602 = ORIENTED_EDGE('',*,*,#11603,.F.);
#11603 = EDGE_CURVE('',#11430,#11555,#11604,.T.);
#11604 = SURFACE_CURVE('',#11605,(#11610,#11617),.PCURVE_S1.);
#11605 = CIRCLE('',#11606,0.1);
#11606 = AXIS2_PLACEMENT_3D('',#11607,#11608,#11609);
#11607 = CARTESIAN_POINT('',(-3.6,-0.9,3.441926223421));
#11608 = DIRECTION('',(0.,-2.22044604925E-16,-1.));
#11609 = DIRECTION('',(1.,0.,0.));
#11610 = PCURVE('',#11274,#11611);
#11611 = DEFINITIONAL_REPRESENTATION('',(#11612),#11616);
#11612 = LINE('',#11613,#11614);
#11613 = CARTESIAN_POINT('',(6.28318530718,0.));
#11614 = VECTOR('',#11615,1.);
#11615 = DIRECTION('',(-1.,0.));
#11616 = ( GEOMETRIC_REPRESENTATION_CONTEXT(2) 
PARAMETRIC_REPRESENTATION_CONTEXT() REPRESENTATION_CONTEXT('2D SPACE',''
  ) );
#11617 = PCURVE('',#4115,#11618);
#11618 = DEFINITIONAL_REPRESENTATION('',(#11619),#11623);
#11619 = CIRCLE('',#11620,0.1);
#11620 = AXIS2_PLACEMENT_2D('',#11621,#11622);
#11621 = CARTESIAN_POINT('',(1.,-0.4));
#11622 = DIRECTION('',(0.,1.));
#11623 = ( GEOMETRIC_REPRESENTATION_CONTEXT(2) 
PARAMETRIC_REPRESENTATION_CONTEXT() REPRESENTATION_CONTEXT('2D SPACE',''
  ) );
#11624 = ORIENTED_EDGE('',*,*,#11452,.T.);
#11625 = ORIENTED_EDGE('',*,*,#11257,.F.);
#11626 = ADVANCED_FACE('',(#11627),#11084,.T.);
#11627 = FACE_BOUND('',#11628,.T.);
#11628 = EDGE_LOOP('',(#11629,#11630,#11653,#11681));
#11629 = ORIENTED_EDGE('',*,*,#11063,.T.);
#11630 = ORIENTED_EDGE('',*,*,#11631,.F.);
#11631 = EDGE_CURVE('',#11632,#11036,#11634,.T.);
#11632 = VERTEX_POINT('',#11633);
#11633 = CARTESIAN_POINT('',(-3.6,-0.6,1.741926223421));
#11634 = SURFACE_CURVE('',#11635,(#11639,#11646),.PCURVE_S1.);
#11635 = LINE('',#11636,#11637);
#11636 = CARTESIAN_POINT('',(-3.6,-0.6,1.741926223421));
#11637 = VECTOR('',#11638,1.);
#11638 = DIRECTION('',(0.,2.22044604925E-16,1.));
#11639 = PCURVE('',#11084,#11640);
#11640 = DEFINITIONAL_REPRESENTATION('',(#11641),#11645);
#11641 = LINE('',#11642,#11643);
#11642 = CARTESIAN_POINT('',(1.570796326795,0.));
#11643 = VECTOR('',#11644,1.);
#11644 = DIRECTION('',(0.,1.));
#11645 = ( GEOMETRIC_REPRESENTATION_CONTEXT(2) 
PARAMETRIC_REPRESENTATION_CONTEXT() REPRESENTATION_CONTEXT('2D SPACE',''
  ) );
#11646 = PCURVE('',#11051,#11647);
#11647 = DEFINITIONAL_REPRESENTATION('',(#11648),#11652);
#11648 = LINE('',#11649,#11650);
#11649 = CARTESIAN_POINT('',(0.,0.));
#11650 = VECTOR('',#11651,1.);
#11651 = DIRECTION('',(0.,1.));
#11652 = ( GEOMETRIC_REPRESENTATION_CONTEXT(2) 
PARAMETRIC_REPRESENTATION_CONTEXT() REPRESENTATION_CONTEXT('2D SPACE',''
  ) );
#11653 = ORIENTED_EDGE('',*,*,#11654,.T.);
#11654 = EDGE_CURVE('',#11632,#11655,#11657,.T.);
#11655 = VERTEX_POINT('',#11656);
#11656 = CARTESIAN_POINT('',(-3.9,-0.9,1.741926223421));
#11657 = SURFACE_CURVE('',#11658,(#11663,#11670),.PCURVE_S1.);
#11658 = CIRCLE('',#11659,0.3);
#11659 = AXIS2_PLACEMENT_3D('',#11660,#11661,#11662);
#11660 = CARTESIAN_POINT('',(-3.6,-0.9,1.741926223421));
#11661 = DIRECTION('',(-0.,2.22044604925E-16,1.));
#11662 = DIRECTION('',(1.,0.,0.));
#11663 = PCURVE('',#11084,#11664);
#11664 = DEFINITIONAL_REPRESENTATION('',(#11665),#11669);
#11665 = LINE('',#11666,#11667);
#11666 = CARTESIAN_POINT('',(0.,0.));
#11667 = VECTOR('',#11668,1.);
#11668 = DIRECTION('',(1.,0.));
#11669 = ( GEOMETRIC_REPRESENTATION_CONTEXT(2) 
PARAMETRIC_REPRESENTATION_CONTEXT() REPRESENTATION_CONTEXT('2D SPACE',''
  ) );
#11670 = PCURVE('',#4232,#11671);
#11671 = DEFINITIONAL_REPRESENTATION('',(#11672),#11680);
#11672 = ( BOUNDED_CURVE() B_SPLINE_CURVE(2,(#11673,#11674,#11675,#11676
    ,#11677,#11678,#11679),.UNSPECIFIED.,.T.,.F.) 
B_SPLINE_CURVE_WITH_KNOTS((1,2,2,2,2,1),(-2.094395102393,0.,
    2.094395102393,4.188790204786,6.28318530718,8.377580409573),
.UNSPECIFIED.) CURVE() GEOMETRIC_REPRESENTATION_ITEM() 
RATIONAL_B_SPLINE_CURVE((1.,0.5,1.,0.5,1.,0.5,1.)) REPRESENTATION_ITEM(
  '') );
#11673 = CARTESIAN_POINT('',(1.,-0.945));
#11674 = CARTESIAN_POINT('',(1.519615242271,-0.945));
#11675 = CARTESIAN_POINT('',(1.259807621135,-1.395));
#11676 = CARTESIAN_POINT('',(1.,-1.845));
#11677 = CARTESIAN_POINT('',(0.740192378865,-1.395));
#11678 = CARTESIAN_POINT('',(0.480384757729,-0.945));
#11679 = CARTESIAN_POINT('',(1.,-0.945));
#11680 = ( GEOMETRIC_REPRESENTATION_CONTEXT(2) 
PARAMETRIC_REPRESENTATION_CONTEXT() REPRESENTATION_CONTEXT('2D SPACE',''
  ) );
#11681 = ORIENTED_EDGE('',*,*,#11682,.T.);
#11682 = EDGE_CURVE('',#11655,#11064,#11683,.T.);
#11683 = SURFACE_CURVE('',#11684,(#11688,#11695),.PCURVE_S1.);
#11684 = LINE('',#11685,#11686);
#11685 = CARTESIAN_POINT('',(-3.9,-0.9,1.741926223421));
#11686 = VECTOR('',#11687,1.);
#11687 = DIRECTION('',(0.,2.22044604925E-16,1.));
#11688 = PCURVE('',#11084,#11689);
#11689 = DEFINITIONAL_REPRESENTATION('',(#11690),#11694);
#11690 = LINE('',#11691,#11692);
#11691 = CARTESIAN_POINT('',(3.14159265359,0.));
#11692 = VECTOR('',#11693,1.);
#11693 = DIRECTION('',(0.,1.));
#11694 = ( GEOMETRIC_REPRESENTATION_CONTEXT(2) 
PARAMETRIC_REPRESENTATION_CONTEXT() REPRESENTATION_CONTEXT('2D SPACE',''
  ) );
#11695 = PCURVE('',#10915,#11696);
#11696 = DEFINITIONAL_REPRESENTATION('',(#11697),#11701);
#11697 = LINE('',#11698,#11699);
#11698 = CARTESIAN_POINT('',(-1.,2.22044604925E-16));
#11699 = VECTOR('',#11700,1.);
#11700 = DIRECTION('',(0.,1.));
#11701 = ( GEOMETRIC_REPRESENTATION_CONTEXT(2) 
PARAMETRIC_REPRESENTATION_CONTEXT() REPRESENTATION_CONTEXT('2D SPACE',''
  ) );
#11702 = ADVANCED_FACE('',(#11703),#11051,.T.);
#11703 = FACE_BOUND('',#11704,.T.);
#11704 = EDGE_LOOP('',(#11705,#11706,#11729,#11750));
#11705 = ORIENTED_EDGE('',*,*,#11035,.T.);
#11706 = ORIENTED_EDGE('',*,*,#11707,.F.);
#11707 = EDGE_CURVE('',#11708,#11007,#11710,.T.);
#11708 = VERTEX_POINT('',#11709);
#11709 = CARTESIAN_POINT('',(-3.6,-0.8,1.741926223421));
#11710 = SURFACE_CURVE('',#11711,(#11715,#11722),.PCURVE_S1.);
#11711 = LINE('',#11712,#11713);
#11712 = CARTESIAN_POINT('',(-3.6,-0.8,1.741926223421));
#11713 = VECTOR('',#11714,1.);
#11714 = DIRECTION('',(0.,2.22044604925E-16,1.));
#11715 = PCURVE('',#11051,#11716);
#11716 = DEFINITIONAL_REPRESENTATION('',(#11717),#11721);
#11717 = LINE('',#11718,#11719);
#11718 = CARTESIAN_POINT('',(-0.2,-4.4408920985E-17));
#11719 = VECTOR('',#11720,1.);
#11720 = DIRECTION('',(0.,1.));
#11721 = ( GEOMETRIC_REPRESENTATION_CONTEXT(2) 
PARAMETRIC_REPRESENTATION_CONTEXT() REPRESENTATION_CONTEXT('2D SPACE',''
  ) );
#11722 = PCURVE('',#11023,#11723);
#11723 = DEFINITIONAL_REPRESENTATION('',(#11724),#11728);
#11724 = LINE('',#11725,#11726);
#11725 = CARTESIAN_POINT('',(1.570796326795,0.));
#11726 = VECTOR('',#11727,1.);
#11727 = DIRECTION('',(0.,1.));
#11728 = ( GEOMETRIC_REPRESENTATION_CONTEXT(2) 
PARAMETRIC_REPRESENTATION_CONTEXT() REPRESENTATION_CONTEXT('2D SPACE',''
  ) );
#11729 = ORIENTED_EDGE('',*,*,#11730,.T.);
#11730 = EDGE_CURVE('',#11708,#11632,#11731,.T.);
#11731 = SURFACE_CURVE('',#11732,(#11736,#11743),.PCURVE_S1.);
#11732 = LINE('',#11733,#11734);
#11733 = CARTESIAN_POINT('',(-3.6,-0.8,1.741926223421));
#11734 = VECTOR('',#11735,1.);
#11735 = DIRECTION('',(0.,1.,-2.22044604925E-16));
#11736 = PCURVE('',#11051,#11737);
#11737 = DEFINITIONAL_REPRESENTATION('',(#11738),#11742);
#11738 = LINE('',#11739,#11740);
#11739 = CARTESIAN_POINT('',(-0.2,-4.4408920985E-17));
#11740 = VECTOR('',#11741,1.);
#11741 = DIRECTION('',(1.,0.));
#11742 = ( GEOMETRIC_REPRESENTATION_CONTEXT(2) 
PARAMETRIC_REPRESENTATION_CONTEXT() REPRESENTATION_CONTEXT('2D SPACE',''
  ) );
#11743 = PCURVE('',#4232,#11744);
#11744 = DEFINITIONAL_REPRESENTATION('',(#11745),#11749);
#11745 = LINE('',#11746,#11747);
#11746 = CARTESIAN_POINT('',(1.1,-1.245));
#11747 = VECTOR('',#11748,1.);
#11748 = DIRECTION('',(1.,0.));
#11749 = ( GEOMETRIC_REPRESENTATION_CONTEXT(2) 
PARAMETRIC_REPRESENTATION_CONTEXT() REPRESENTATION_CONTEXT('2D SPACE',''
  ) );
#11750 = ORIENTED_EDGE('',*,*,#11631,.T.);
#11751 = ADVANCED_FACE('',(#11752),#11023,.F.);
#11752 = FACE_BOUND('',#11753,.F.);
#11753 = EDGE_LOOP('',(#11754,#11755,#11779,#11800));
#11754 = ORIENTED_EDGE('',*,*,#11707,.F.);
#11755 = ORIENTED_EDGE('',*,*,#11756,.F.);
#11756 = EDGE_CURVE('',#11757,#11708,#11759,.T.);
#11757 = VERTEX_POINT('',#11758);
#11758 = CARTESIAN_POINT('',(-3.7,-0.9,1.741926223421));
#11759 = SURFACE_CURVE('',#11760,(#11765,#11772),.PCURVE_S1.);
#11760 = CIRCLE('',#11761,0.1);
#11761 = AXIS2_PLACEMENT_3D('',#11762,#11763,#11764);
#11762 = CARTESIAN_POINT('',(-3.6,-0.9,1.741926223421));
#11763 = DIRECTION('',(0.,-2.22044604925E-16,-1.));
#11764 = DIRECTION('',(1.,0.,0.));
#11765 = PCURVE('',#11023,#11766);
#11766 = DEFINITIONAL_REPRESENTATION('',(#11767),#11771);
#11767 = LINE('',#11768,#11769);
#11768 = CARTESIAN_POINT('',(6.28318530718,0.));
#11769 = VECTOR('',#11770,1.);
#11770 = DIRECTION('',(-1.,0.));
#11771 = ( GEOMETRIC_REPRESENTATION_CONTEXT(2) 
PARAMETRIC_REPRESENTATION_CONTEXT() REPRESENTATION_CONTEXT('2D SPACE',''
  ) );
#11772 = PCURVE('',#4232,#11773);
#11773 = DEFINITIONAL_REPRESENTATION('',(#11774),#11778);
#11774 = CIRCLE('',#11775,0.1);
#11775 = AXIS2_PLACEMENT_2D('',#11776,#11777);
#11776 = CARTESIAN_POINT('',(1.,-1.245));
#11777 = DIRECTION('',(0.,1.));
#11778 = ( GEOMETRIC_REPRESENTATION_CONTEXT(2) 
PARAMETRIC_REPRESENTATION_CONTEXT() REPRESENTATION_CONTEXT('2D SPACE',''
  ) );
#11779 = ORIENTED_EDGE('',*,*,#11780,.T.);
#11780 = EDGE_CURVE('',#11757,#10984,#11781,.T.);
#11781 = SURFACE_CURVE('',#11782,(#11786,#11793),.PCURVE_S1.);
#11782 = LINE('',#11783,#11784);
#11783 = CARTESIAN_POINT('',(-3.7,-0.9,1.741926223421));
#11784 = VECTOR('',#11785,1.);
#11785 = DIRECTION('',(0.,2.22044604925E-16,1.));
#11786 = PCURVE('',#11023,#11787);
#11787 = DEFINITIONAL_REPRESENTATION('',(#11788),#11792);
#11788 = LINE('',#11789,#11790);
#11789 = CARTESIAN_POINT('',(3.14159265359,0.));
#11790 = VECTOR('',#11791,1.);
#11791 = DIRECTION('',(0.,1.));
#11792 = ( GEOMETRIC_REPRESENTATION_CONTEXT(2) 
PARAMETRIC_REPRESENTATION_CONTEXT() REPRESENTATION_CONTEXT('2D SPACE',''
  ) );
#11793 = PCURVE('',#4203,#11794);
#11794 = DEFINITIONAL_REPRESENTATION('',(#11795),#11799);
#11795 = LINE('',#11796,#11797);
#11796 = CARTESIAN_POINT('',(0.,0.));
#11797 = VECTOR('',#11798,1.);
#11798 = DIRECTION('',(0.,1.));
#11799 = ( GEOMETRIC_REPRESENTATION_CONTEXT(2) 
PARAMETRIC_REPRESENTATION_CONTEXT() REPRESENTATION_CONTEXT('2D SPACE',''
  ) );
#11800 = ORIENTED_EDGE('',*,*,#11006,.F.);
#11801 = ADVANCED_FACE('',(#11802),#4203,.T.);
#11802 = FACE_BOUND('',#11803,.T.);
#11803 = EDGE_LOOP('',(#11804,#11805,#11826,#11827));
#11804 = ORIENTED_EDGE('',*,*,#4187,.F.);
#11805 = ORIENTED_EDGE('',*,*,#11806,.T.);
#11806 = EDGE_CURVE('',#4188,#11757,#11807,.T.);
#11807 = SURFACE_CURVE('',#11808,(#11812,#11819),.PCURVE_S1.);
#11808 = LINE('',#11809,#11810);
#11809 = CARTESIAN_POINT('',(-3.7,-1.8,1.741926223421));
#11810 = VECTOR('',#11811,1.);
#11811 = DIRECTION('',(0.,1.,-2.22044604925E-16));
#11812 = PCURVE('',#4203,#11813);
#11813 = DEFINITIONAL_REPRESENTATION('',(#11814),#11818);
#11814 = LINE('',#11815,#11816);
#11815 = CARTESIAN_POINT('',(-0.9,-1.998401444325E-16));
#11816 = VECTOR('',#11817,1.);
#11817 = DIRECTION('',(1.,0.));
#11818 = ( GEOMETRIC_REPRESENTATION_CONTEXT(2) 
PARAMETRIC_REPRESENTATION_CONTEXT() REPRESENTATION_CONTEXT('2D SPACE',''
  ) );
#11819 = PCURVE('',#4232,#11820);
#11820 = DEFINITIONAL_REPRESENTATION('',(#11821),#11825);
#11821 = LINE('',#11822,#11823);
#11822 = CARTESIAN_POINT('',(1.E-01,-1.345));
#11823 = VECTOR('',#11824,1.);
#11824 = DIRECTION('',(1.,0.));
#11825 = ( GEOMETRIC_REPRESENTATION_CONTEXT(2) 
PARAMETRIC_REPRESENTATION_CONTEXT() REPRESENTATION_CONTEXT('2D SPACE',''
  ) );
#11826 = ORIENTED_EDGE('',*,*,#11780,.T.);
#11827 = ORIENTED_EDGE('',*,*,#10983,.T.);
#11828 = ADVANCED_FACE('',(#11829),#4024,.F.);
#11829 = FACE_BOUND('',#11830,.F.);
#11830 = EDGE_LOOP('',(#11831,#11832,#11853,#11854));
#11831 = ORIENTED_EDGE('',*,*,#9574,.F.);
#11832 = ORIENTED_EDGE('',*,*,#11833,.F.);
#11833 = EDGE_CURVE('',#10743,#9575,#11834,.T.);
#11834 = SURFACE_CURVE('',#11835,(#11839,#11846),.PCURVE_S1.);
#11835 = LINE('',#11836,#11837);
#11836 = CARTESIAN_POINT('',(2.5,-2.1,3.941926223421));
#11837 = VECTOR('',#11838,1.);
#11838 = DIRECTION('',(0.,1.,-2.22044604925E-16));
#11839 = PCURVE('',#4024,#11840);
#11840 = DEFINITIONAL_REPRESENTATION('',(#11841),#11845);
#11841 = LINE('',#11842,#11843);
#11842 = CARTESIAN_POINT('',(0.785398163397,0.2));
#11843 = VECTOR('',#11844,1.);
#11844 = DIRECTION('',(0.,-1.));
#11845 = ( GEOMETRIC_REPRESENTATION_CONTEXT(2) 
PARAMETRIC_REPRESENTATION_CONTEXT() REPRESENTATION_CONTEXT('2D SPACE',''
  ) );
#11846 = PCURVE('',#3886,#11847);
#11847 = DEFINITIONAL_REPRESENTATION('',(#11848),#11852);
#11848 = LINE('',#11849,#11850);
#11849 = CARTESIAN_POINT('',(0.2,0.2));
#11850 = VECTOR('',#11851,1.);
#11851 = DIRECTION('',(-1.,0.));
#11852 = ( GEOMETRIC_REPRESENTATION_CONTEXT(2) 
PARAMETRIC_REPRESENTATION_CONTEXT() REPRESENTATION_CONTEXT('2D SPACE',''
  ) );
#11853 = ORIENTED_EDGE('',*,*,#10765,.F.);
#11854 = ORIENTED_EDGE('',*,*,#4010,.F.);
#11855 = ADVANCED_FACE('',(#11856),#3974,.T.);
#11856 = FACE_BOUND('',#11857,.T.);
#11857 = EDGE_LOOP('',(#11858,#11859,#11860,#11861,#11862,#11863,#11864,
    #11865,#11866,#11867));
#11858 = ORIENTED_EDGE('',*,*,#5652,.F.);
#11859 = ORIENTED_EDGE('',*,*,#10788,.T.);
#11860 = ORIENTED_EDGE('',*,*,#3958,.F.);
#11861 = ORIENTED_EDGE('',*,*,#9552,.F.);
#11862 = ORIENTED_EDGE('',*,*,#9474,.F.);
#11863 = ORIENTED_EDGE('',*,*,#4917,.F.);
#11864 = ORIENTED_EDGE('',*,*,#8716,.F.);
#11865 = ORIENTED_EDGE('',*,*,#10183,.T.);
#11866 = ORIENTED_EDGE('',*,*,#8538,.T.);
#11867 = ORIENTED_EDGE('',*,*,#9383,.F.);
#11868 = ADVANCED_FACE('',(#11869),#3830,.T.);
#11869 = FACE_BOUND('',#11870,.T.);
#11870 = EDGE_LOOP('',(#11871,#11872,#11873,#11894));
#11871 = ORIENTED_EDGE('',*,*,#3807,.T.);
#11872 = ORIENTED_EDGE('',*,*,#10715,.T.);
#11873 = ORIENTED_EDGE('',*,*,#11874,.T.);
#11874 = EDGE_CURVE('',#10693,#9621,#11875,.T.);
#11875 = SURFACE_CURVE('',#11876,(#11880,#11887),.PCURVE_S1.);
#11876 = LINE('',#11877,#11878);
#11877 = CARTESIAN_POINT('',(2.8,-2.1,3.741926223421));
#11878 = VECTOR('',#11879,1.);
#11879 = DIRECTION('',(0.,1.,-2.22044604925E-16));
#11880 = PCURVE('',#3830,#11881);
#11881 = DEFINITIONAL_REPRESENTATION('',(#11882),#11886);
#11882 = LINE('',#11883,#11884);
#11883 = CARTESIAN_POINT('',(5.497787143782,0.2));
#11884 = VECTOR('',#11885,1.);
#11885 = DIRECTION('',(0.,-1.));
#11886 = ( GEOMETRIC_REPRESENTATION_CONTEXT(2) 
PARAMETRIC_REPRESENTATION_CONTEXT() REPRESENTATION_CONTEXT('2D SPACE',''
  ) );
#11887 = PCURVE('',#3766,#11888);
#11888 = DEFINITIONAL_REPRESENTATION('',(#11889),#11893);
#11889 = LINE('',#11890,#11891);
#11890 = CARTESIAN_POINT('',(-0.2,-0.2));
#11891 = VECTOR('',#11892,1.);
#11892 = DIRECTION('',(1.,0.));
#11893 = ( GEOMETRIC_REPRESENTATION_CONTEXT(2) 
PARAMETRIC_REPRESENTATION_CONTEXT() REPRESENTATION_CONTEXT('2D SPACE',''
  ) );
#11894 = ORIENTED_EDGE('',*,*,#9620,.T.);
#11895 = ADVANCED_FACE('',(#11896),#3766,.T.);
#11896 = FACE_BOUND('',#11897,.T.);
#11897 = EDGE_LOOP('',(#11898,#11899,#11900,#11901));
#11898 = ORIENTED_EDGE('',*,*,#11874,.F.);
#11899 = ORIENTED_EDGE('',*,*,#10692,.T.);
#11900 = ORIENTED_EDGE('',*,*,#3750,.F.);
#11901 = ORIENTED_EDGE('',*,*,#9648,.F.);
#11902 = ADVANCED_FACE('',(#11903),#3710,.T.);
#11903 = FACE_BOUND('',#11904,.T.);
#11904 = EDGE_LOOP('',(#11905,#11906,#11907,#11928));
#11905 = ORIENTED_EDGE('',*,*,#3687,.T.);
#11906 = ORIENTED_EDGE('',*,*,#10665,.T.);
#11907 = ORIENTED_EDGE('',*,*,#11908,.T.);
#11908 = EDGE_CURVE('',#10643,#9671,#11909,.T.);
#11909 = SURFACE_CURVE('',#11910,(#11914,#11921),.PCURVE_S1.);
#11910 = LINE('',#11911,#11912);
#11911 = CARTESIAN_POINT('',(2.6,-2.1,1.741926223421));
#11912 = VECTOR('',#11913,1.);
#11913 = DIRECTION('',(0.,1.,-2.22044604925E-16));
#11914 = PCURVE('',#3710,#11915);
#11915 = DEFINITIONAL_REPRESENTATION('',(#11916),#11920);
#11916 = LINE('',#11917,#11918);
#11917 = CARTESIAN_POINT('',(5.497787143782,0.2));
#11918 = VECTOR('',#11919,1.);
#11919 = DIRECTION('',(0.,-1.));
#11920 = ( GEOMETRIC_REPRESENTATION_CONTEXT(2) 
PARAMETRIC_REPRESENTATION_CONTEXT() REPRESENTATION_CONTEXT('2D SPACE',''
  ) );
#11921 = PCURVE('',#3622,#11922);
#11922 = DEFINITIONAL_REPRESENTATION('',(#11923),#11927);
#11923 = LINE('',#11924,#11925);
#11924 = CARTESIAN_POINT('',(-0.2,-0.2));
#11925 = VECTOR('',#11926,1.);
#11926 = DIRECTION('',(1.,0.));
#11927 = ( GEOMETRIC_REPRESENTATION_CONTEXT(2) 
PARAMETRIC_REPRESENTATION_CONTEXT() REPRESENTATION_CONTEXT('2D SPACE',''
  ) );
#11928 = ORIENTED_EDGE('',*,*,#9670,.T.);
#11929 = ADVANCED_FACE('',(#11930),#3622,.T.);
#11930 = FACE_BOUND('',#11931,.T.);
#11931 = EDGE_LOOP('',(#11932,#11933,#11934,#11935));
#11932 = ORIENTED_EDGE('',*,*,#11908,.F.);
#11933 = ORIENTED_EDGE('',*,*,#10642,.T.);
#11934 = ORIENTED_EDGE('',*,*,#3606,.F.);
#11935 = ORIENTED_EDGE('',*,*,#9698,.F.);
#11936 = ADVANCED_FACE('',(#11937),#3672,.F.);
#11937 = FACE_BOUND('',#11938,.F.);
#11938 = EDGE_LOOP('',(#11939,#11940,#11961,#11962));
#11939 = ORIENTED_EDGE('',*,*,#9720,.F.);
#11940 = ORIENTED_EDGE('',*,*,#11941,.F.);
#11941 = EDGE_CURVE('',#10597,#9721,#11942,.T.);
#11942 = SURFACE_CURVE('',#11943,(#11947,#11954),.PCURVE_S1.);
#11943 = LINE('',#11944,#11945);
#11944 = CARTESIAN_POINT('',(2.355,-2.1,1.541926223421));
#11945 = VECTOR('',#11946,1.);
#11946 = DIRECTION('',(0.,1.,-2.22044604925E-16));
#11947 = PCURVE('',#3672,#11948);
#11948 = DEFINITIONAL_REPRESENTATION('',(#11949),#11953);
#11949 = LINE('',#11950,#11951);
#11950 = CARTESIAN_POINT('',(0.785398163397,0.2));
#11951 = VECTOR('',#11952,1.);
#11952 = DIRECTION('',(0.,-1.));
#11953 = ( GEOMETRIC_REPRESENTATION_CONTEXT(2) 
PARAMETRIC_REPRESENTATION_CONTEXT() REPRESENTATION_CONTEXT('2D SPACE',''
  ) );
#11954 = PCURVE('',#3534,#11955);
#11955 = DEFINITIONAL_REPRESENTATION('',(#11956),#11960);
#11956 = LINE('',#11957,#11958);
#11957 = CARTESIAN_POINT('',(-0.2,-0.2));
#11958 = VECTOR('',#11959,1.);
#11959 = DIRECTION('',(1.,0.));
#11960 = ( GEOMETRIC_REPRESENTATION_CONTEXT(2) 
PARAMETRIC_REPRESENTATION_CONTEXT() REPRESENTATION_CONTEXT('2D SPACE',''
  ) );
#11961 = ORIENTED_EDGE('',*,*,#10619,.F.);
#11962 = ORIENTED_EDGE('',*,*,#3658,.F.);
#11963 = ADVANCED_FACE('',(#11964),#3478,.T.);
#11964 = FACE_BOUND('',#11965,.T.);
#11965 = EDGE_LOOP('',(#11966,#11967,#11968,#11989));
#11966 = ORIENTED_EDGE('',*,*,#3455,.T.);
#11967 = ORIENTED_EDGE('',*,*,#10569,.T.);
#11968 = ORIENTED_EDGE('',*,*,#11969,.T.);
#11969 = EDGE_CURVE('',#10547,#9767,#11970,.T.);
#11970 = SURFACE_CURVE('',#11971,(#11975,#11982),.PCURVE_S1.);
#11971 = LINE('',#11972,#11973);
#11972 = CARTESIAN_POINT('',(2.155,-2.1,0.641926223421));
#11973 = VECTOR('',#11974,1.);
#11974 = DIRECTION('',(0.,1.,-2.22044604925E-16));
#11975 = PCURVE('',#3478,#11976);
#11976 = DEFINITIONAL_REPRESENTATION('',(#11977),#11981);
#11977 = LINE('',#11978,#11979);
#11978 = CARTESIAN_POINT('',(5.497787143782,0.2));
#11979 = VECTOR('',#11980,1.);
#11980 = DIRECTION('',(0.,-1.));
#11981 = ( GEOMETRIC_REPRESENTATION_CONTEXT(2) 
PARAMETRIC_REPRESENTATION_CONTEXT() REPRESENTATION_CONTEXT('2D SPACE',''
  ) );
#11982 = PCURVE('',#3302,#11983);
#11983 = DEFINITIONAL_REPRESENTATION('',(#11984),#11988);
#11984 = LINE('',#11985,#11986);
#11985 = CARTESIAN_POINT('',(-0.2,-0.2));
#11986 = VECTOR('',#11987,1.);
#11987 = DIRECTION('',(1.,0.));
#11988 = ( GEOMETRIC_REPRESENTATION_CONTEXT(2) 
PARAMETRIC_REPRESENTATION_CONTEXT() REPRESENTATION_CONTEXT('2D SPACE',''
  ) );
#11989 = ORIENTED_EDGE('',*,*,#9766,.T.);
#11990 = ADVANCED_FACE('',(#11991),#3302,.T.);
#11991 = FACE_BOUND('',#11992,.T.);
#11992 = EDGE_LOOP('',(#11993,#11994,#11995,#11996));
#11993 = ORIENTED_EDGE('',*,*,#11969,.F.);
#11994 = ORIENTED_EDGE('',*,*,#10546,.T.);
#11995 = ORIENTED_EDGE('',*,*,#3286,.F.);
#11996 = ORIENTED_EDGE('',*,*,#9794,.F.);
#11997 = ADVANCED_FACE('',(#11998),#3440,.F.);
#11998 = FACE_BOUND('',#11999,.F.);
#11999 = EDGE_LOOP('',(#12000,#12001,#12002,#12003));
#12000 = ORIENTED_EDGE('',*,*,#10096,.F.);
#12001 = ORIENTED_EDGE('',*,*,#10844,.F.);
#12002 = ORIENTED_EDGE('',*,*,#10291,.F.);
#12003 = ORIENTED_EDGE('',*,*,#3426,.F.);
#12004 = ADVANCED_FACE('',(#12005),#3246,.T.);
#12005 = FACE_BOUND('',#12006,.T.);
#12006 = EDGE_LOOP('',(#12007,#12008,#12009,#12030));
#12007 = ORIENTED_EDGE('',*,*,#3223,.T.);
#12008 = ORIENTED_EDGE('',*,*,#10519,.T.);
#12009 = ORIENTED_EDGE('',*,*,#12010,.T.);
#12010 = EDGE_CURVE('',#10497,#9817,#12011,.T.);
#12011 = SURFACE_CURVE('',#12012,(#12016,#12023),.PCURVE_S1.);
#12012 = LINE('',#12013,#12014);
#12013 = CARTESIAN_POINT('',(-2.355,-2.1,0.841926223421));
#12014 = VECTOR('',#12015,1.);
#12015 = DIRECTION('',(0.,1.,-2.22044604925E-16));
#12016 = PCURVE('',#3246,#12017);
#12017 = DEFINITIONAL_REPRESENTATION('',(#12018),#12022);
#12018 = LINE('',#12019,#12020);
#12019 = CARTESIAN_POINT('',(5.497787143782,0.2));
#12020 = VECTOR('',#12021,1.);
#12021 = DIRECTION('',(0.,-1.));
#12022 = ( GEOMETRIC_REPRESENTATION_CONTEXT(2) 
PARAMETRIC_REPRESENTATION_CONTEXT() REPRESENTATION_CONTEXT('2D SPACE',''
  ) );
#12023 = PCURVE('',#3158,#12024);
#12024 = DEFINITIONAL_REPRESENTATION('',(#12025),#12029);
#12025 = LINE('',#12026,#12027);
#12026 = CARTESIAN_POINT('',(0.2,0.2));
#12027 = VECTOR('',#12028,1.);
#12028 = DIRECTION('',(-1.,0.));
#12029 = ( GEOMETRIC_REPRESENTATION_CONTEXT(2) 
PARAMETRIC_REPRESENTATION_CONTEXT() REPRESENTATION_CONTEXT('2D SPACE',''
  ) );
#12030 = ORIENTED_EDGE('',*,*,#9816,.T.);
#12031 = ADVANCED_FACE('',(#12032),#3208,.F.);
#12032 = FACE_BOUND('',#12033,.F.);
#12033 = EDGE_LOOP('',(#12034,#12035,#12056,#12057));
#12034 = ORIENTED_EDGE('',*,*,#9866,.F.);
#12035 = ORIENTED_EDGE('',*,*,#12036,.F.);
#12036 = EDGE_CURVE('',#10451,#9867,#12037,.T.);
#12037 = SURFACE_CURVE('',#12038,(#12042,#12049),.PCURVE_S1.);
#12038 = LINE('',#12039,#12040);
#12039 = CARTESIAN_POINT('',(-2.555,-2.1,1.741926223421));
#12040 = VECTOR('',#12041,1.);
#12041 = DIRECTION('',(0.,1.,-2.22044604925E-16));
#12042 = PCURVE('',#3208,#12043);
#12043 = DEFINITIONAL_REPRESENTATION('',(#12044),#12048);
#12044 = LINE('',#12045,#12046);
#12045 = CARTESIAN_POINT('',(0.785398163397,0.2));
#12046 = VECTOR('',#12047,1.);
#12047 = DIRECTION('',(0.,-1.));
#12048 = ( GEOMETRIC_REPRESENTATION_CONTEXT(2) 
PARAMETRIC_REPRESENTATION_CONTEXT() REPRESENTATION_CONTEXT('2D SPACE',''
  ) );
#12049 = PCURVE('',#4232,#12050);
#12050 = DEFINITIONAL_REPRESENTATION('',(#12051),#12055);
#12051 = LINE('',#12052,#12053);
#12052 = CARTESIAN_POINT('',(-0.2,-0.2));
#12053 = VECTOR('',#12054,1.);
#12054 = DIRECTION('',(1.,0.));
#12055 = ( GEOMETRIC_REPRESENTATION_CONTEXT(2) 
PARAMETRIC_REPRESENTATION_CONTEXT() REPRESENTATION_CONTEXT('2D SPACE',''
  ) );
#12056 = ORIENTED_EDGE('',*,*,#10473,.F.);
#12057 = ORIENTED_EDGE('',*,*,#3194,.F.);
#12058 = ADVANCED_FACE('',(#12059),#3158,.T.);
#12059 = FACE_BOUND('',#12060,.T.);
#12060 = EDGE_LOOP('',(#12061,#12062,#12063,#12064));
#12061 = ORIENTED_EDGE('',*,*,#12010,.F.);
#12062 = ORIENTED_EDGE('',*,*,#10496,.T.);
#12063 = ORIENTED_EDGE('',*,*,#3142,.F.);
#12064 = ORIENTED_EDGE('',*,*,#9844,.F.);
#12065 = ADVANCED_FACE('',(#12066),#3096,.F.);
#12066 = FACE_BOUND('',#12067,.F.);
#12067 = EDGE_LOOP('',(#12068,#12069,#12090,#12091));
#12068 = ORIENTED_EDGE('',*,*,#9958,.F.);
#12069 = ORIENTED_EDGE('',*,*,#12070,.F.);
#12070 = EDGE_CURVE('',#10383,#9959,#12071,.T.);
#12071 = SURFACE_CURVE('',#12072,(#12076,#12083),.PCURVE_S1.);
#12072 = LINE('',#12073,#12074);
#12073 = CARTESIAN_POINT('',(-3.2,-2.1,2.441926223421));
#12074 = VECTOR('',#12075,1.);
#12075 = DIRECTION('',(0.,1.,-2.22044604925E-16));
#12076 = PCURVE('',#3096,#12077);
#12077 = DEFINITIONAL_REPRESENTATION('',(#12078),#12082);
#12078 = LINE('',#12079,#12080);
#12079 = CARTESIAN_POINT('',(0.785398163397,0.2));
#12080 = VECTOR('',#12081,1.);
#12081 = DIRECTION('',(0.,-1.));
#12082 = ( GEOMETRIC_REPRESENTATION_CONTEXT(2) 
PARAMETRIC_REPRESENTATION_CONTEXT() REPRESENTATION_CONTEXT('2D SPACE',''
  ) );
#12083 = PCURVE('',#2934,#12084);
#12084 = DEFINITIONAL_REPRESENTATION('',(#12085),#12089);
#12085 = LINE('',#12086,#12087);
#12086 = CARTESIAN_POINT('',(0.2,0.2));
#12087 = VECTOR('',#12088,1.);
#12088 = DIRECTION('',(-1.,0.));
#12089 = ( GEOMETRIC_REPRESENTATION_CONTEXT(2) 
PARAMETRIC_REPRESENTATION_CONTEXT() REPRESENTATION_CONTEXT('2D SPACE',''
  ) );
#12090 = ORIENTED_EDGE('',*,*,#10405,.F.);
#12091 = ORIENTED_EDGE('',*,*,#3082,.F.);
#12092 = ADVANCED_FACE('',(#12093),#2984,.F.);
#12093 = FACE_BOUND('',#12094,.F.);
#12094 = EDGE_LOOP('',(#12095,#12096,#12117,#12118));
#12095 = ORIENTED_EDGE('',*,*,#10004,.F.);
#12096 = ORIENTED_EDGE('',*,*,#12097,.F.);
#12097 = EDGE_CURVE('',#10337,#10005,#12098,.T.);
#12098 = SURFACE_CURVE('',#12099,(#12103,#12110),.PCURVE_S1.);
#12099 = LINE('',#12100,#12101);
#12100 = CARTESIAN_POINT('',(-3.4,-2.1,3.441926223421));
#12101 = VECTOR('',#12102,1.);
#12102 = DIRECTION('',(0.,1.,-2.22044604925E-16));
#12103 = PCURVE('',#2984,#12104);
#12104 = DEFINITIONAL_REPRESENTATION('',(#12105),#12109);
#12105 = LINE('',#12106,#12107);
#12106 = CARTESIAN_POINT('',(0.785398163397,0.2));
#12107 = VECTOR('',#12108,1.);
#12108 = DIRECTION('',(0.,-1.));
#12109 = ( GEOMETRIC_REPRESENTATION_CONTEXT(2) 
PARAMETRIC_REPRESENTATION_CONTEXT() REPRESENTATION_CONTEXT('2D SPACE',''
  ) );
#12110 = PCURVE('',#4115,#12111);
#12111 = DEFINITIONAL_REPRESENTATION('',(#12112),#12116);
#12112 = LINE('',#12113,#12114);
#12113 = CARTESIAN_POINT('',(-0.2,-0.2));
#12114 = VECTOR('',#12115,1.);
#12115 = DIRECTION('',(1.,0.));
#12116 = ( GEOMETRIC_REPRESENTATION_CONTEXT(2) 
PARAMETRIC_REPRESENTATION_CONTEXT() REPRESENTATION_CONTEXT('2D SPACE',''
  ) );
#12117 = ORIENTED_EDGE('',*,*,#10359,.F.);
#12118 = ORIENTED_EDGE('',*,*,#2970,.F.);
#12119 = ADVANCED_FACE('',(#12120),#2934,.T.);
#12120 = FACE_BOUND('',#12121,.T.);
#12121 = EDGE_LOOP('',(#12122,#12123,#12124,#12125));
#12122 = ORIENTED_EDGE('',*,*,#12070,.F.);
#12123 = ORIENTED_EDGE('',*,*,#10382,.T.);
#12124 = ORIENTED_EDGE('',*,*,#2918,.F.);
#12125 = ORIENTED_EDGE('',*,*,#9982,.F.);
#12126 = ADVANCED_FACE('',(#12127),#4115,.T.);
#12127 = FACE_BOUND('',#12128,.T.);
#12128 = EDGE_LOOP('',(#12129,#12130,#12151,#12152,#12153,#12154,#12155,
    #12156,#12157,#12158,#12159,#12160));
#12129 = ORIENTED_EDGE('',*,*,#11178,.F.);
#12130 = ORIENTED_EDGE('',*,*,#12131,.F.);
#12131 = EDGE_CURVE('',#11502,#11151,#12132,.T.);
#12132 = SURFACE_CURVE('',#12133,(#12137,#12144),.PCURVE_S1.);
#12133 = LINE('',#12134,#12135);
#12134 = CARTESIAN_POINT('',(-3.9,-0.9,3.441926223421));
#12135 = VECTOR('',#12136,1.);
#12136 = DIRECTION('',(0.,-1.,2.22044604925E-16));
#12137 = PCURVE('',#4115,#12138);
#12138 = DEFINITIONAL_REPRESENTATION('',(#12139),#12143);
#12139 = LINE('',#12140,#12141);
#12140 = CARTESIAN_POINT('',(1.,-0.7));
#12141 = VECTOR('',#12142,1.);
#12142 = DIRECTION('',(-1.,0.));
#12143 = ( GEOMETRIC_REPRESENTATION_CONTEXT(2) 
PARAMETRIC_REPRESENTATION_CONTEXT() REPRESENTATION_CONTEXT('2D SPACE',''
  ) );
#12144 = PCURVE('',#11166,#12145);
#12145 = DEFINITIONAL_REPRESENTATION('',(#12146),#12150);
#12146 = LINE('',#12147,#12148);
#12147 = CARTESIAN_POINT('',(-1.,2.22044604925E-16));
#12148 = VECTOR('',#12149,1.);
#12149 = DIRECTION('',(1.,0.));
#12150 = ( GEOMETRIC_REPRESENTATION_CONTEXT(2) 
PARAMETRIC_REPRESENTATION_CONTEXT() REPRESENTATION_CONTEXT('2D SPACE',''
  ) );
#12151 = ORIENTED_EDGE('',*,*,#11501,.F.);
#12152 = ORIENTED_EDGE('',*,*,#11577,.F.);
#12153 = ORIENTED_EDGE('',*,*,#11603,.F.);
#12154 = ORIENTED_EDGE('',*,*,#11429,.F.);
#12155 = ORIENTED_EDGE('',*,*,#4098,.F.);
#12156 = ORIENTED_EDGE('',*,*,#11400,.F.);
#12157 = ORIENTED_EDGE('',*,*,#10028,.F.);
#12158 = ORIENTED_EDGE('',*,*,#12097,.F.);
#12159 = ORIENTED_EDGE('',*,*,#10336,.T.);
#12160 = ORIENTED_EDGE('',*,*,#4308,.F.);
#12161 = ADVANCED_FACE('',(#12162),#11166,.T.);
#12162 = FACE_BOUND('',#12163,.T.);
#12163 = EDGE_LOOP('',(#12164,#12165,#12166,#12167));
#12164 = ORIENTED_EDGE('',*,*,#11150,.F.);
#12165 = ORIENTED_EDGE('',*,*,#11347,.T.);
#12166 = ORIENTED_EDGE('',*,*,#11529,.F.);
#12167 = ORIENTED_EDGE('',*,*,#12131,.T.);
#12168 = ADVANCED_FACE('',(#12169),#3886,.T.);
#12169 = FACE_BOUND('',#12170,.T.);
#12170 = EDGE_LOOP('',(#12171,#12172,#12173,#12174));
#12171 = ORIENTED_EDGE('',*,*,#11833,.F.);
#12172 = ORIENTED_EDGE('',*,*,#10742,.T.);
#12173 = ORIENTED_EDGE('',*,*,#3870,.F.);
#12174 = ORIENTED_EDGE('',*,*,#9598,.F.);
#12175 = ADVANCED_FACE('',(#12176),#3534,.T.);
#12176 = FACE_BOUND('',#12177,.T.);
#12177 = EDGE_LOOP('',(#12178,#12179,#12180,#12181));
#12178 = ORIENTED_EDGE('',*,*,#11941,.F.);
#12179 = ORIENTED_EDGE('',*,*,#10596,.T.);
#12180 = ORIENTED_EDGE('',*,*,#3518,.F.);
#12181 = ORIENTED_EDGE('',*,*,#9744,.F.);
#12182 = ADVANCED_FACE('',(#12183),#4232,.T.);
#12183 = FACE_BOUND('',#12184,.T.);
#12184 = EDGE_LOOP('',(#12185,#12186,#12207,#12208,#12209,#12210,#12211,
    #12212,#12213,#12214,#12215,#12216));
#12185 = ORIENTED_EDGE('',*,*,#10927,.F.);
#12186 = ORIENTED_EDGE('',*,*,#12187,.F.);
#12187 = EDGE_CURVE('',#11655,#10900,#12188,.T.);
#12188 = SURFACE_CURVE('',#12189,(#12193,#12200),.PCURVE_S1.);
#12189 = LINE('',#12190,#12191);
#12190 = CARTESIAN_POINT('',(-3.9,-0.9,1.741926223421));
#12191 = VECTOR('',#12192,1.);
#12192 = DIRECTION('',(-1.263187E-13,-1.,2.22044604925E-16));
#12193 = PCURVE('',#4232,#12194);
#12194 = DEFINITIONAL_REPRESENTATION('',(#12195),#12199);
#12195 = LINE('',#12196,#12197);
#12196 = CARTESIAN_POINT('',(1.,-1.545));
#12197 = VECTOR('',#12198,1.);
#12198 = DIRECTION('',(-1.,-1.263187E-13));
#12199 = ( GEOMETRIC_REPRESENTATION_CONTEXT(2) 
PARAMETRIC_REPRESENTATION_CONTEXT() REPRESENTATION_CONTEXT('2D SPACE',''
  ) );
#12200 = PCURVE('',#10915,#12201);
#12201 = DEFINITIONAL_REPRESENTATION('',(#12202),#12206);
#12202 = LINE('',#12203,#12204);
#12203 = CARTESIAN_POINT('',(-1.,2.22044604925E-16));
#12204 = VECTOR('',#12205,1.);
#12205 = DIRECTION('',(1.,0.));
#12206 = ( GEOMETRIC_REPRESENTATION_CONTEXT(2) 
PARAMETRIC_REPRESENTATION_CONTEXT() REPRESENTATION_CONTEXT('2D SPACE',''
  ) );
#12207 = ORIENTED_EDGE('',*,*,#11654,.F.);
#12208 = ORIENTED_EDGE('',*,*,#11730,.F.);
#12209 = ORIENTED_EDGE('',*,*,#11756,.F.);
#12210 = ORIENTED_EDGE('',*,*,#11806,.F.);
#12211 = ORIENTED_EDGE('',*,*,#4215,.F.);
#12212 = ORIENTED_EDGE('',*,*,#11372,.F.);
#12213 = ORIENTED_EDGE('',*,*,#9890,.F.);
#12214 = ORIENTED_EDGE('',*,*,#12036,.F.);
#12215 = ORIENTED_EDGE('',*,*,#10450,.T.);
#12216 = ORIENTED_EDGE('',*,*,#4423,.F.);
#12217 = ADVANCED_FACE('',(#12218),#10915,.T.);
#12218 = FACE_BOUND('',#12219,.T.);
#12219 = EDGE_LOOP('',(#12220,#12221,#12222,#12223));
#12220 = ORIENTED_EDGE('',*,*,#10899,.F.);
#12221 = ORIENTED_EDGE('',*,*,#11096,.T.);
#12222 = ORIENTED_EDGE('',*,*,#11682,.F.);
#12223 = ORIENTED_EDGE('',*,*,#12187,.T.);
#12224 = ADVANCED_FACE('',(#12225),#2822,.F.);
#12225 = FACE_BOUND('',#12226,.F.);
#12226 = EDGE_LOOP('',(#12227,#12228,#12229,#12230));
#12227 = ORIENTED_EDGE('',*,*,#10150,.F.);
#12228 = ORIENTED_EDGE('',*,*,#2806,.F.);
#12229 = ORIENTED_EDGE('',*,*,#10811,.F.);
#12230 = ORIENTED_EDGE('',*,*,#2863,.F.);
#12231 = ( GEOMETRIC_REPRESENTATION_CONTEXT(3) 
GLOBAL_UNCERTAINTY_ASSIGNED_CONTEXT((#12235)) 
GLOBAL_UNIT_ASSIGNED_CONTEXT((#12232,#12233,#12234)) 
REPRESENTATION_CONTEXT('Context #1',
  '3D Context with UNIT and UNCERTAINTY') );
#12232 = ( LENGTH_UNIT() NAMED_UNIT(*) SI_UNIT(.MILLI.,.METRE.) );
#12233 = ( NAMED_UNIT(*) PLANE_ANGLE_UNIT() SI_UNIT($,.RADIAN.) );
#12234 = ( NAMED_UNIT(*) SI_UNIT($,.STERADIAN.) SOLID_ANGLE_UNIT() );
#12235 = UNCERTAINTY_MEASURE_WITH_UNIT(LENGTH_MEASURE(5.E-06),#12232,
  'distance_accuracy_value','confusion accuracy');
#12236 = CONTEXT_DEPENDENT_SHAPE_REPRESENTATION(#12237,#12239);
#12237 = ( REPRESENTATION_RELATIONSHIP('','',#2763,#10) 
REPRESENTATION_RELATIONSHIP_WITH_TRANSFORMATION(#12238) 
SHAPE_REPRESENTATION_RELATIONSHIP() );
#12238 = ITEM_DEFINED_TRANSFORMATION('','',#11,#19);
#12239 = PRODUCT_DEFINITION_SHAPE('Placement','Placement of an item',
  #12240);
#12240 = NEXT_ASSEMBLY_USAGE_OCCURRENCE('2','=>[0:1:1:3]','',#5,#2758,$
  );
#12241 = PRODUCT_RELATED_PRODUCT_CATEGORY('part',$,(#2760));
#12242 = SHAPE_DEFINITION_REPRESENTATION(#12243,#12249);
#12243 = PRODUCT_DEFINITION_SHAPE('','',#12244);
#12244 = PRODUCT_DEFINITION('design','',#12245,#12248);
#12245 = PRODUCT_DEFINITION_FORMATION('','',#12246);
#12246 = PRODUCT('SOLID','SOLID','',(#12247));
#12247 = PRODUCT_CONTEXT('',#2,'mechanical');
#12248 = PRODUCT_DEFINITION_CONTEXT('part definition',#2,'design');
#12249 = ADVANCED_BREP_SHAPE_REPRESENTATION('',(#11,#12250),#13396);
#12250 = MANIFOLD_SOLID_BREP('',#12251);
#12251 = CLOSED_SHELL('',(#12252,#12374,#12494,#12580,#12877,#12926,
    #12976,#13025,#13096,#13145,#13194,#13222,#13271,#13320,#13347,
    #13379));
#12252 = ADVANCED_FACE('',(#12253),#12268,.F.);
#12253 = FACE_BOUND('',#12254,.F.);
#12254 = EDGE_LOOP('',(#12255,#12291,#12319,#12348));
#12255 = ORIENTED_EDGE('',*,*,#12256,.F.);
#12256 = EDGE_CURVE('',#12257,#12259,#12261,.T.);
#12257 = VERTEX_POINT('',#12258);
#12258 = CARTESIAN_POINT('',(0.885,0.389532808751,0.200274093049));
#12259 = VERTEX_POINT('',#12260);
#12260 = CARTESIAN_POINT('',(0.885,0.543867960068,0.261068325908));
#12261 = SURFACE_CURVE('',#12262,(#12267,#12279),.PCURVE_S1.);
#12262 = CIRCLE('',#12263,0.2);
#12263 = AXIS2_PLACEMENT_3D('',#12264,#12265,#12266);
#12264 = CARTESIAN_POINT('',(0.885,0.4,0.4));
#12265 = DIRECTION('',(1.,-0.,0.));
#12266 = DIRECTION('',(0.,0.719339800339,-0.694658370459));
#12267 = PCURVE('',#12268,#12273);
#12268 = CYLINDRICAL_SURFACE('',#12269,0.2);
#12269 = AXIS2_PLACEMENT_3D('',#12270,#12271,#12272);
#12270 = CARTESIAN_POINT('',(0.385,0.4,0.4));
#12271 = DIRECTION('',(1.,0.,0.));
#12272 = DIRECTION('',(0.,0.719339800339,-0.694658370459));
#12273 = DEFINITIONAL_REPRESENTATION('',(#12274),#12278);
#12274 = LINE('',#12275,#12276);
#12275 = CARTESIAN_POINT('',(2.6645352591E-15,0.5));
#12276 = VECTOR('',#12277,1.);
#12277 = DIRECTION('',(1.,0.));
#12278 = ( GEOMETRIC_REPRESENTATION_CONTEXT(2) 
PARAMETRIC_REPRESENTATION_CONTEXT() REPRESENTATION_CONTEXT('2D SPACE',''
  ) );
#12279 = PCURVE('',#12280,#12285);
#12280 = PLANE('',#12281);
#12281 = AXIS2_PLACEMENT_3D('',#12282,#12283,#12284);
#12282 = CARTESIAN_POINT('',(0.885,-0.8,0.441926223426));
#12283 = DIRECTION('',(1.,0.,0.));
#12284 = DIRECTION('',(0.,1.,-2.22044604925E-16));
#12285 = DEFINITIONAL_REPRESENTATION('',(#12286),#12290);
#12286 = CIRCLE('',#12287,0.2);
#12287 = AXIS2_PLACEMENT_2D('',#12288,#12289);
#12288 = CARTESIAN_POINT('',(1.2,-4.1926223426E-02));
#12289 = DIRECTION('',(0.719339800339,-0.694658370459));
#12290 = ( GEOMETRIC_REPRESENTATION_CONTEXT(2) 
PARAMETRIC_REPRESENTATION_CONTEXT() REPRESENTATION_CONTEXT('2D SPACE',''
  ) );
#12291 = ORIENTED_EDGE('',*,*,#12292,.F.);
#12292 = EDGE_CURVE('',#12293,#12257,#12295,.T.);
#12293 = VERTEX_POINT('',#12294);
#12294 = CARTESIAN_POINT('',(0.385,0.389532808751,0.200274093049));
#12295 = SURFACE_CURVE('',#12296,(#12300,#12307),.PCURVE_S1.);
#12296 = LINE('',#12297,#12298);
#12297 = CARTESIAN_POINT('',(0.385,0.389532808751,0.200274093049));
#12298 = VECTOR('',#12299,1.);
#12299 = DIRECTION('',(1.,0.,0.));
#12300 = PCURVE('',#12268,#12301);
#12301 = DEFINITIONAL_REPRESENTATION('',(#12302),#12306);
#12302 = LINE('',#12303,#12304);
#12303 = CARTESIAN_POINT('',(5.427973973702,0.));
#12304 = VECTOR('',#12305,1.);
#12305 = DIRECTION('',(0.,1.));
#12306 = ( GEOMETRIC_REPRESENTATION_CONTEXT(2) 
PARAMETRIC_REPRESENTATION_CONTEXT() REPRESENTATION_CONTEXT('2D SPACE',''
  ) );
#12307 = PCURVE('',#12308,#12313);
#12308 = PLANE('',#12309);
#12309 = AXIS2_PLACEMENT_3D('',#12310,#12311,#12312);
#12310 = CARTESIAN_POINT('',(0.385,-0.410467191249,0.242200316476));
#12311 = DIRECTION('',(0.,5.233595624305E-02,0.998629534755));
#12312 = DIRECTION('',(0.,-0.998629534755,5.233595624305E-02));
#12313 = DEFINITIONAL_REPRESENTATION('',(#12314),#12318);
#12314 = LINE('',#12315,#12316);
#12315 = CARTESIAN_POINT('',(-0.801097876798,0.));
#12316 = VECTOR('',#12317,1.);
#12317 = DIRECTION('',(0.,1.));
#12318 = ( GEOMETRIC_REPRESENTATION_CONTEXT(2) 
PARAMETRIC_REPRESENTATION_CONTEXT() REPRESENTATION_CONTEXT('2D SPACE',''
  ) );
#12319 = ORIENTED_EDGE('',*,*,#12320,.F.);
#12320 = EDGE_CURVE('',#12321,#12293,#12323,.T.);
#12321 = VERTEX_POINT('',#12322);
#12322 = CARTESIAN_POINT('',(0.385,0.543867960068,0.261068325908));
#12323 = SURFACE_CURVE('',#12324,(#12329,#12336),.PCURVE_S1.);
#12324 = CIRCLE('',#12325,0.2);
#12325 = AXIS2_PLACEMENT_3D('',#12326,#12327,#12328);
#12326 = CARTESIAN_POINT('',(0.385,0.4,0.4));
#12327 = DIRECTION('',(-1.,-0.,0.));
#12328 = DIRECTION('',(-0.,0.719339800339,-0.694658370459));
#12329 = PCURVE('',#12268,#12330);
#12330 = DEFINITIONAL_REPRESENTATION('',(#12331),#12335);
#12331 = LINE('',#12332,#12333);
#12332 = CARTESIAN_POINT('',(6.28318530718,0.));
#12333 = VECTOR('',#12334,1.);
#12334 = DIRECTION('',(-1.,0.));
#12335 = ( GEOMETRIC_REPRESENTATION_CONTEXT(2) 
PARAMETRIC_REPRESENTATION_CONTEXT() REPRESENTATION_CONTEXT('2D SPACE',''
  ) );
#12336 = PCURVE('',#12337,#12342);
#12337 = PLANE('',#12338);
#12338 = AXIS2_PLACEMENT_3D('',#12339,#12340,#12341);
#12339 = CARTESIAN_POINT('',(0.385,-0.183089821524,0.476316299651));
#12340 = DIRECTION('',(-1.,0.,0.));
#12341 = DIRECTION('',(0.,-1.,2.22044604925E-16));
#12342 = DEFINITIONAL_REPRESENTATION('',(#12343),#12347);
#12343 = CIRCLE('',#12344,0.2);
#12344 = AXIS2_PLACEMENT_2D('',#12345,#12346);
#12345 = CARTESIAN_POINT('',(-0.583089821524,-7.6316299651E-02));
#12346 = DIRECTION('',(-0.719339800339,-0.694658370459));
#12347 = ( GEOMETRIC_REPRESENTATION_CONTEXT(2) 
PARAMETRIC_REPRESENTATION_CONTEXT() REPRESENTATION_CONTEXT('2D SPACE',''
  ) );
#12348 = ORIENTED_EDGE('',*,*,#12349,.T.);
#12349 = EDGE_CURVE('',#12321,#12259,#12350,.T.);
#12350 = SURFACE_CURVE('',#12351,(#12355,#12362),.PCURVE_S1.);
#12351 = LINE('',#12352,#12353);
#12352 = CARTESIAN_POINT('',(0.385,0.543867960068,0.261068325908));
#12353 = VECTOR('',#12354,1.);
#12354 = DIRECTION('',(1.,0.,0.));
#12355 = PCURVE('',#12268,#12356);
#12356 = DEFINITIONAL_REPRESENTATION('',(#12357),#12361);
#12357 = LINE('',#12358,#12359);
#12358 = CARTESIAN_POINT('',(6.28318530718,0.));
#12359 = VECTOR('',#12360,1.);
#12360 = DIRECTION('',(0.,1.));
#12361 = ( GEOMETRIC_REPRESENTATION_CONTEXT(2) 
PARAMETRIC_REPRESENTATION_CONTEXT() REPRESENTATION_CONTEXT('2D SPACE',''
  ) );
#12362 = PCURVE('',#12363,#12368);
#12363 = CYLINDRICAL_SURFACE('',#12364,0.2);
#12364 = AXIS2_PLACEMENT_3D('',#12365,#12366,#12367);
#12365 = CARTESIAN_POINT('',(0.385,0.4,0.4));
#12366 = DIRECTION('',(1.,0.,0.));
#12367 = DIRECTION('',(0.,0.719339800339,-0.694658370459));
#12368 = DEFINITIONAL_REPRESENTATION('',(#12369),#12373);
#12369 = LINE('',#12370,#12371);
#12370 = CARTESIAN_POINT('',(0.,0.));
#12371 = VECTOR('',#12372,1.);
#12372 = DIRECTION('',(0.,1.));
#12373 = ( GEOMETRIC_REPRESENTATION_CONTEXT(2) 
PARAMETRIC_REPRESENTATION_CONTEXT() REPRESENTATION_CONTEXT('2D SPACE',''
  ) );
#12374 = ADVANCED_FACE('',(#12375),#12389,.T.);
#12375 = FACE_BOUND('',#12376,.T.);
#12376 = EDGE_LOOP('',(#12377,#12412,#12440,#12468));
#12377 = ORIENTED_EDGE('',*,*,#12378,.F.);
#12378 = EDGE_CURVE('',#12379,#12381,#12383,.T.);
#12379 = VERTEX_POINT('',#12380);
#12380 = CARTESIAN_POINT('',(0.385,0.687735920135,0.122136651816));
#12381 = VERTEX_POINT('',#12382);
#12382 = CARTESIAN_POINT('',(0.885,0.687735920135,0.122136651816));
#12383 = SURFACE_CURVE('',#12384,(#12388,#12400),.PCURVE_S1.);
#12384 = LINE('',#12385,#12386);
#12385 = CARTESIAN_POINT('',(0.385,0.687735920135,0.122136651816));
#12386 = VECTOR('',#12387,1.);
#12387 = DIRECTION('',(1.,0.,0.));
#12388 = PCURVE('',#12389,#12394);
#12389 = CYLINDRICAL_SURFACE('',#12390,0.4);
#12390 = AXIS2_PLACEMENT_3D('',#12391,#12392,#12393);
#12391 = CARTESIAN_POINT('',(0.385,0.4,0.4));
#12392 = DIRECTION('',(1.,0.,0.));
#12393 = DIRECTION('',(0.,0.719339800339,-0.694658370459));
#12394 = DEFINITIONAL_REPRESENTATION('',(#12395),#12399);
#12395 = LINE('',#12396,#12397);
#12396 = CARTESIAN_POINT('',(0.,0.));
#12397 = VECTOR('',#12398,1.);
#12398 = DIRECTION('',(0.,1.));
#12399 = ( GEOMETRIC_REPRESENTATION_CONTEXT(2) 
PARAMETRIC_REPRESENTATION_CONTEXT() REPRESENTATION_CONTEXT('2D SPACE',''
  ) );
#12400 = PCURVE('',#12401,#12406);
#12401 = CYLINDRICAL_SURFACE('',#12402,0.4);
#12402 = AXIS2_PLACEMENT_3D('',#12403,#12404,#12405);
#12403 = CARTESIAN_POINT('',(0.385,0.4,0.4));
#12404 = DIRECTION('',(1.,0.,0.));
#12405 = DIRECTION('',(0.,0.719339800339,-0.694658370459));
#12406 = DEFINITIONAL_REPRESENTATION('',(#12407),#12411);
#12407 = LINE('',#12408,#12409);
#12408 = CARTESIAN_POINT('',(6.28318530718,0.));
#12409 = VECTOR('',#12410,1.);
#12410 = DIRECTION('',(0.,1.));
#12411 = ( GEOMETRIC_REPRESENTATION_CONTEXT(2) 
PARAMETRIC_REPRESENTATION_CONTEXT() REPRESENTATION_CONTEXT('2D SPACE',''
  ) );
#12412 = ORIENTED_EDGE('',*,*,#12413,.T.);
#12413 = EDGE_CURVE('',#12379,#12414,#12416,.T.);
#12414 = VERTEX_POINT('',#12415);
#12415 = CARTESIAN_POINT('',(0.385,0.798477879237,0.434862297099));
#12416 = SURFACE_CURVE('',#12417,(#12422,#12429),.PCURVE_S1.);
#12417 = CIRCLE('',#12418,0.4);
#12418 = AXIS2_PLACEMENT_3D('',#12419,#12420,#12421);
#12419 = CARTESIAN_POINT('',(0.385,0.4,0.4));
#12420 = DIRECTION('',(1.,-0.,0.));
#12421 = DIRECTION('',(0.,0.719339800339,-0.694658370459));
#12422 = PCURVE('',#12389,#12423);
#12423 = DEFINITIONAL_REPRESENTATION('',(#12424),#12428);
#12424 = LINE('',#12425,#12426);
#12425 = CARTESIAN_POINT('',(0.,0.));
#12426 = VECTOR('',#12427,1.);
#12427 = DIRECTION('',(1.,0.));
#12428 = ( GEOMETRIC_REPRESENTATION_CONTEXT(2) 
PARAMETRIC_REPRESENTATION_CONTEXT() REPRESENTATION_CONTEXT('2D SPACE',''
  ) );
#12429 = PCURVE('',#12337,#12430);
#12430 = DEFINITIONAL_REPRESENTATION('',(#12431),#12439);
#12431 = ( BOUNDED_CURVE() B_SPLINE_CURVE(2,(#12432,#12433,#12434,#12435
    ,#12436,#12437,#12438),.UNSPECIFIED.,.T.,.F.) 
B_SPLINE_CURVE_WITH_KNOTS((1,2,2,2,2,1),(-2.094395102393,0.,
    2.094395102393,4.188790204786,6.28318530718,8.377580409573),
.UNSPECIFIED.) CURVE() GEOMETRIC_REPRESENTATION_ITEM() 
RATIONAL_B_SPLINE_CURVE((1.,0.5,1.,0.5,1.,0.5,1.)) REPRESENTATION_ITEM(
  '') );
#12432 = CARTESIAN_POINT('',(-0.87082574166,-0.354179647835));
#12433 = CARTESIAN_POINT('',(-1.352099178275,0.144193585003));
#12434 = CARTESIAN_POINT('',(-0.679858579764,0.311801990859));
#12435 = CARTESIAN_POINT('',(-7.617981252946E-03,0.479410396716));
#12436 = CARTESIAN_POINT('',(-0.198585143149,-0.186571241978));
#12437 = CARTESIAN_POINT('',(-0.389552305044,-0.852552880672));
#12438 = CARTESIAN_POINT('',(-0.87082574166,-0.354179647835));
#12439 = ( GEOMETRIC_REPRESENTATION_CONTEXT(2) 
PARAMETRIC_REPRESENTATION_CONTEXT() REPRESENTATION_CONTEXT('2D SPACE',''
  ) );
#12440 = ORIENTED_EDGE('',*,*,#12441,.T.);
#12441 = EDGE_CURVE('',#12414,#12442,#12444,.T.);
#12442 = VERTEX_POINT('',#12443);
#12443 = CARTESIAN_POINT('',(0.885,0.798477879237,0.434862297099));
#12444 = SURFACE_CURVE('',#12445,(#12449,#12456),.PCURVE_S1.);
#12445 = LINE('',#12446,#12447);
#12446 = CARTESIAN_POINT('',(0.385,0.798477879237,0.434862297099));
#12447 = VECTOR('',#12448,1.);
#12448 = DIRECTION('',(1.,0.,0.));
#12449 = PCURVE('',#12389,#12450);
#12450 = DEFINITIONAL_REPRESENTATION('',(#12451),#12455);
#12451 = LINE('',#12452,#12453);
#12452 = CARTESIAN_POINT('',(0.855211333477,0.));
#12453 = VECTOR('',#12454,1.);
#12454 = DIRECTION('',(0.,1.));
#12455 = ( GEOMETRIC_REPRESENTATION_CONTEXT(2) 
PARAMETRIC_REPRESENTATION_CONTEXT() REPRESENTATION_CONTEXT('2D SPACE',''
  ) );
#12456 = PCURVE('',#12457,#12462);
#12457 = PLANE('',#12458);
#12458 = AXIS2_PLACEMENT_3D('',#12459,#12460,#12461);
#12459 = CARTESIAN_POINT('',(0.385,0.705456865528,1.498097349046));
#12460 = DIRECTION('',(0.,0.996194698092,8.715574274746E-02));
#12461 = DIRECTION('',(-1.,0.,0.));
#12462 = DEFINITIONAL_REPRESENTATION('',(#12463),#12467);
#12463 = LINE('',#12464,#12465);
#12464 = CARTESIAN_POINT('',(0.,-1.067296437116));
#12465 = VECTOR('',#12466,1.);
#12466 = DIRECTION('',(-1.,0.));
#12467 = ( GEOMETRIC_REPRESENTATION_CONTEXT(2) 
PARAMETRIC_REPRESENTATION_CONTEXT() REPRESENTATION_CONTEXT('2D SPACE',''
  ) );
#12468 = ORIENTED_EDGE('',*,*,#12469,.T.);
#12469 = EDGE_CURVE('',#12442,#12381,#12470,.T.);
#12470 = SURFACE_CURVE('',#12471,(#12476,#12483),.PCURVE_S1.);
#12471 = CIRCLE('',#12472,0.4);
#12472 = AXIS2_PLACEMENT_3D('',#12473,#12474,#12475);
#12473 = CARTESIAN_POINT('',(0.885,0.4,0.4));
#12474 = DIRECTION('',(-1.,-0.,0.));
#12475 = DIRECTION('',(-0.,0.719339800339,-0.694658370459));
#12476 = PCURVE('',#12389,#12477);
#12477 = DEFINITIONAL_REPRESENTATION('',(#12478),#12482);
#12478 = LINE('',#12479,#12480);
#12479 = CARTESIAN_POINT('',(6.28318530718,0.5));
#12480 = VECTOR('',#12481,1.);
#12481 = DIRECTION('',(-1.,0.));
#12482 = ( GEOMETRIC_REPRESENTATION_CONTEXT(2) 
PARAMETRIC_REPRESENTATION_CONTEXT() REPRESENTATION_CONTEXT('2D SPACE',''
  ) );
#12483 = PCURVE('',#12280,#12484);
#12484 = DEFINITIONAL_REPRESENTATION('',(#12485),#12493);
#12485 = ( BOUNDED_CURVE() B_SPLINE_CURVE(2,(#12486,#12487,#12488,#12489
    ,#12490,#12491,#12492),.UNSPECIFIED.,.T.,.F.) 
B_SPLINE_CURVE_WITH_KNOTS((1,2,2,2,2,1),(-2.094395102393,0.,
    2.094395102393,4.188790204786,6.28318530718,8.377580409573),
.UNSPECIFIED.) CURVE() GEOMETRIC_REPRESENTATION_ITEM() 
RATIONAL_B_SPLINE_CURVE((1.,0.5,1.,0.5,1.,0.5,1.)) REPRESENTATION_ITEM(
  '') );
#12486 = CARTESIAN_POINT('',(1.487735920136,-0.31978957161));
#12487 = CARTESIAN_POINT('',(1.00646248352,-0.818162804447));
#12488 = CARTESIAN_POINT('',(0.815495321625,-0.152181165753));
#12489 = CARTESIAN_POINT('',(0.624528159729,0.513800472941));
#12490 = CARTESIAN_POINT('',(1.29676875824,0.346192067084));
#12491 = CARTESIAN_POINT('',(1.969009356751,0.178583661228));
#12492 = CARTESIAN_POINT('',(1.487735920136,-0.31978957161));
#12493 = ( GEOMETRIC_REPRESENTATION_CONTEXT(2) 
PARAMETRIC_REPRESENTATION_CONTEXT() REPRESENTATION_CONTEXT('2D SPACE',''
  ) );
#12494 = ADVANCED_FACE('',(#12495),#12401,.T.);
#12495 = FACE_BOUND('',#12496,.T.);
#12496 = EDGE_LOOP('',(#12497,#12498,#12526,#12554));
#12497 = ORIENTED_EDGE('',*,*,#12378,.T.);
#12498 = ORIENTED_EDGE('',*,*,#12499,.T.);
#12499 = EDGE_CURVE('',#12381,#12500,#12502,.T.);
#12500 = VERTEX_POINT('',#12501);
#12501 = CARTESIAN_POINT('',(0.885,0.379065617503,5.48186098118E-04));
#12502 = SURFACE_CURVE('',#12503,(#12508,#12515),.PCURVE_S1.);
#12503 = CIRCLE('',#12504,0.4);
#12504 = AXIS2_PLACEMENT_3D('',#12505,#12506,#12507);
#12505 = CARTESIAN_POINT('',(0.885,0.4,0.4));
#12506 = DIRECTION('',(-1.,-0.,0.));
#12507 = DIRECTION('',(-0.,0.719339800339,-0.694658370459));
#12508 = PCURVE('',#12401,#12509);
#12509 = DEFINITIONAL_REPRESENTATION('',(#12510),#12514);
#12510 = LINE('',#12511,#12512);
#12511 = CARTESIAN_POINT('',(6.28318530718,0.5));
#12512 = VECTOR('',#12513,1.);
#12513 = DIRECTION('',(-1.,0.));
#12514 = ( GEOMETRIC_REPRESENTATION_CONTEXT(2) 
PARAMETRIC_REPRESENTATION_CONTEXT() REPRESENTATION_CONTEXT('2D SPACE',''
  ) );
#12515 = PCURVE('',#12280,#12516);
#12516 = DEFINITIONAL_REPRESENTATION('',(#12517),#12525);
#12517 = ( BOUNDED_CURVE() B_SPLINE_CURVE(2,(#12518,#12519,#12520,#12521
    ,#12522,#12523,#12524),.UNSPECIFIED.,.T.,.F.) 
B_SPLINE_CURVE_WITH_KNOTS((1,2,2,2,2,1),(-2.094395102393,0.,
    2.094395102393,4.188790204786,6.28318530718,8.377580409573),
.UNSPECIFIED.) CURVE() GEOMETRIC_REPRESENTATION_ITEM() 
RATIONAL_B_SPLINE_CURVE((1.,0.5,1.,0.5,1.,0.5,1.)) REPRESENTATION_ITEM(
  '') );
#12518 = CARTESIAN_POINT('',(1.487735920136,-0.31978957161));
#12519 = CARTESIAN_POINT('',(1.00646248352,-0.818162804447));
#12520 = CARTESIAN_POINT('',(0.815495321625,-0.152181165753));
#12521 = CARTESIAN_POINT('',(0.624528159729,0.513800472941));
#12522 = CARTESIAN_POINT('',(1.29676875824,0.346192067084));
#12523 = CARTESIAN_POINT('',(1.969009356751,0.178583661228));
#12524 = CARTESIAN_POINT('',(1.487735920136,-0.31978957161));
#12525 = ( GEOMETRIC_REPRESENTATION_CONTEXT(2) 
PARAMETRIC_REPRESENTATION_CONTEXT() REPRESENTATION_CONTEXT('2D SPACE',''
  ) );
#12526 = ORIENTED_EDGE('',*,*,#12527,.T.);
#12527 = EDGE_CURVE('',#12500,#12528,#12530,.T.);
#12528 = VERTEX_POINT('',#12529);
#12529 = CARTESIAN_POINT('',(0.385,0.379065617503,5.48186098118E-04));
#12530 = SURFACE_CURVE('',#12531,(#12535,#12542),.PCURVE_S1.);
#12531 = LINE('',#12532,#12533);
#12532 = CARTESIAN_POINT('',(0.885,0.379065617503,5.48186098118E-04));
#12533 = VECTOR('',#12534,1.);
#12534 = DIRECTION('',(-1.,0.,0.));
#12535 = PCURVE('',#12401,#12536);
#12536 = DEFINITIONAL_REPRESENTATION('',(#12537),#12541);
#12537 = LINE('',#12538,#12539);
#12538 = CARTESIAN_POINT('',(5.427973973702,0.5));
#12539 = VECTOR('',#12540,1.);
#12540 = DIRECTION('',(0.,-1.));
#12541 = ( GEOMETRIC_REPRESENTATION_CONTEXT(2) 
PARAMETRIC_REPRESENTATION_CONTEXT() REPRESENTATION_CONTEXT('2D SPACE',''
  ) );
#12542 = PCURVE('',#12543,#12548);
#12543 = PLANE('',#12544);
#12544 = AXIS2_PLACEMENT_3D('',#12545,#12546,#12547);
#12545 = CARTESIAN_POINT('',(0.385,0.838582364423,-2.353406615134E-02));
#12546 = DIRECTION('',(0.,-5.233595624305E-02,-0.998629534755));
#12547 = DIRECTION('',(0.,0.998629534755,-5.233595624305E-02));
#12548 = DEFINITIONAL_REPRESENTATION('',(#12549),#12553);
#12549 = LINE('',#12550,#12551);
#12550 = CARTESIAN_POINT('',(-0.460147362889,0.5));
#12551 = VECTOR('',#12552,1.);
#12552 = DIRECTION('',(0.,-1.));
#12553 = ( GEOMETRIC_REPRESENTATION_CONTEXT(2) 
PARAMETRIC_REPRESENTATION_CONTEXT() REPRESENTATION_CONTEXT('2D SPACE',''
  ) );
#12554 = ORIENTED_EDGE('',*,*,#12555,.T.);
#12555 = EDGE_CURVE('',#12528,#12379,#12556,.T.);
#12556 = SURFACE_CURVE('',#12557,(#12562,#12569),.PCURVE_S1.);
#12557 = CIRCLE('',#12558,0.4);
#12558 = AXIS2_PLACEMENT_3D('',#12559,#12560,#12561);
#12559 = CARTESIAN_POINT('',(0.385,0.4,0.4));
#12560 = DIRECTION('',(1.,-0.,0.));
#12561 = DIRECTION('',(0.,0.719339800339,-0.694658370459));
#12562 = PCURVE('',#12401,#12563);
#12563 = DEFINITIONAL_REPRESENTATION('',(#12564),#12568);
#12564 = LINE('',#12565,#12566);
#12565 = CARTESIAN_POINT('',(0.,0.));
#12566 = VECTOR('',#12567,1.);
#12567 = DIRECTION('',(1.,0.));
#12568 = ( GEOMETRIC_REPRESENTATION_CONTEXT(2) 
PARAMETRIC_REPRESENTATION_CONTEXT() REPRESENTATION_CONTEXT('2D SPACE',''
  ) );
#12569 = PCURVE('',#12337,#12570);
#12570 = DEFINITIONAL_REPRESENTATION('',(#12571),#12579);
#12571 = ( BOUNDED_CURVE() B_SPLINE_CURVE(2,(#12572,#12573,#12574,#12575
    ,#12576,#12577,#12578),.UNSPECIFIED.,.T.,.F.) 
B_SPLINE_CURVE_WITH_KNOTS((1,2,2,2,2,1),(-2.094395102393,0.,
    2.094395102393,4.188790204786,6.28318530718,8.377580409573),
.UNSPECIFIED.) CURVE() GEOMETRIC_REPRESENTATION_ITEM() 
RATIONAL_B_SPLINE_CURVE((1.,0.5,1.,0.5,1.,0.5,1.)) REPRESENTATION_ITEM(
  '') );
#12572 = CARTESIAN_POINT('',(-0.87082574166,-0.354179647835));
#12573 = CARTESIAN_POINT('',(-1.352099178275,0.144193585003));
#12574 = CARTESIAN_POINT('',(-0.679858579764,0.311801990859));
#12575 = CARTESIAN_POINT('',(-7.617981252946E-03,0.479410396716));
#12576 = CARTESIAN_POINT('',(-0.198585143149,-0.186571241978));
#12577 = CARTESIAN_POINT('',(-0.389552305044,-0.852552880672));
#12578 = CARTESIAN_POINT('',(-0.87082574166,-0.354179647835));
#12579 = ( GEOMETRIC_REPRESENTATION_CONTEXT(2) 
PARAMETRIC_REPRESENTATION_CONTEXT() REPRESENTATION_CONTEXT('2D SPACE',''
  ) );
#12580 = ADVANCED_FACE('',(#12581),#12337,.T.);
#12581 = FACE_BOUND('',#12582,.T.);
#12582 = EDGE_LOOP('',(#12583,#12584,#12607,#12636,#12664,#12692,#12720,
    #12753,#12774,#12775,#12799,#12827,#12855,#12876));
#12583 = ORIENTED_EDGE('',*,*,#12555,.F.);
#12584 = ORIENTED_EDGE('',*,*,#12585,.T.);
#12585 = EDGE_CURVE('',#12528,#12586,#12588,.T.);
#12586 = VERTEX_POINT('',#12587);
#12587 = CARTESIAN_POINT('',(0.385,-0.420934382497,4.247440952469E-02));
#12588 = SURFACE_CURVE('',#12589,(#12593,#12600),.PCURVE_S1.);
#12589 = LINE('',#12590,#12591);
#12590 = CARTESIAN_POINT('',(0.385,0.379065617503,5.48186098118E-04));
#12591 = VECTOR('',#12592,1.);
#12592 = DIRECTION('',(3.464691999998E-17,-0.998629534755,
    5.233595624308E-02));
#12593 = PCURVE('',#12337,#12594);
#12594 = DEFINITIONAL_REPRESENTATION('',(#12595),#12599);
#12595 = LINE('',#12596,#12597);
#12596 = CARTESIAN_POINT('',(-0.562155439027,-0.475768113553));
#12597 = VECTOR('',#12598,1.);
#12598 = DIRECTION('',(0.998629534755,5.233595624308E-02));
#12599 = ( GEOMETRIC_REPRESENTATION_CONTEXT(2) 
PARAMETRIC_REPRESENTATION_CONTEXT() REPRESENTATION_CONTEXT('2D SPACE',''
  ) );
#12600 = PCURVE('',#12543,#12601);
#12601 = DEFINITIONAL_REPRESENTATION('',(#12602),#12606);
#12602 = LINE('',#12603,#12604);
#12603 = CARTESIAN_POINT('',(-0.460147362889,0.));
#12604 = VECTOR('',#12605,1.);
#12605 = DIRECTION('',(-1.,3.464691999998E-17));
#12606 = ( GEOMETRIC_REPRESENTATION_CONTEXT(2) 
PARAMETRIC_REPRESENTATION_CONTEXT() REPRESENTATION_CONTEXT('2D SPACE',''
  ) );
#12607 = ORIENTED_EDGE('',*,*,#12608,.T.);
#12608 = EDGE_CURVE('',#12586,#12609,#12611,.T.);
#12609 = VERTEX_POINT('',#12610);
#12610 = CARTESIAN_POINT('',(0.385,-0.8,0.441926223426));
#12611 = SURFACE_CURVE('',#12612,(#12617,#12624),.PCURVE_S1.);
#12612 = CIRCLE('',#12613,0.4);
#12613 = AXIS2_PLACEMENT_3D('',#12614,#12615,#12616);
#12614 = CARTESIAN_POINT('',(0.385,-0.4,0.441926223426));
#12615 = DIRECTION('',(-1.,0.,0.));
#12616 = DIRECTION('',(0.,2.22044604925E-16,1.));
#12617 = PCURVE('',#12337,#12618);
#12618 = DEFINITIONAL_REPRESENTATION('',(#12619),#12623);
#12619 = CIRCLE('',#12620,0.4);
#12620 = AXIS2_PLACEMENT_2D('',#12621,#12622);
#12621 = CARTESIAN_POINT('',(0.216910178476,-3.4390076225E-02));
#12622 = DIRECTION('',(0.,1.));
#12623 = ( GEOMETRIC_REPRESENTATION_CONTEXT(2) 
PARAMETRIC_REPRESENTATION_CONTEXT() REPRESENTATION_CONTEXT('2D SPACE',''
  ) );
#12624 = PCURVE('',#12625,#12630);
#12625 = CYLINDRICAL_SURFACE('',#12626,0.4);
#12626 = AXIS2_PLACEMENT_3D('',#12627,#12628,#12629);
#12627 = CARTESIAN_POINT('',(0.385,-0.4,0.441926223426));
#12628 = DIRECTION('',(1.,0.,0.));
#12629 = DIRECTION('',(-0.,2.22044604925E-16,1.));
#12630 = DEFINITIONAL_REPRESENTATION('',(#12631),#12635);
#12631 = LINE('',#12632,#12633);
#12632 = CARTESIAN_POINT('',(6.28318530718,0.));
#12633 = VECTOR('',#12634,1.);
#12634 = DIRECTION('',(-1.,0.));
#12635 = ( GEOMETRIC_REPRESENTATION_CONTEXT(2) 
PARAMETRIC_REPRESENTATION_CONTEXT() REPRESENTATION_CONTEXT('2D SPACE',''
  ) );
#12636 = ORIENTED_EDGE('',*,*,#12637,.T.);
#12637 = EDGE_CURVE('',#12609,#12638,#12640,.T.);
#12638 = VERTEX_POINT('',#12639);
#12639 = CARTESIAN_POINT('',(0.385,-0.8,0.466483135606));
#12640 = SURFACE_CURVE('',#12641,(#12645,#12652),.PCURVE_S1.);
#12641 = LINE('',#12642,#12643);
#12642 = CARTESIAN_POINT('',(0.385,-0.8,0.441926223426));
#12643 = VECTOR('',#12644,1.);
#12644 = DIRECTION('',(0.,7.238376044605E-12,1.));
#12645 = PCURVE('',#12337,#12646);
#12646 = DEFINITIONAL_REPRESENTATION('',(#12647),#12651);
#12647 = LINE('',#12648,#12649);
#12648 = CARTESIAN_POINT('',(0.616910178476,-3.4390076225E-02));
#12649 = VECTOR('',#12650,1.);
#12650 = DIRECTION('',(-7.238154E-12,1.));
#12651 = ( GEOMETRIC_REPRESENTATION_CONTEXT(2) 
PARAMETRIC_REPRESENTATION_CONTEXT() REPRESENTATION_CONTEXT('2D SPACE',''
  ) );
#12652 = PCURVE('',#12653,#12658);
#12653 = PLANE('',#12654);
#12654 = AXIS2_PLACEMENT_3D('',#12655,#12656,#12657);
#12655 = CARTESIAN_POINT('',(0.385,-0.8,0.441926223426));
#12656 = DIRECTION('',(0.,-1.,2.22044604925E-16));
#12657 = DIRECTION('',(1.,0.,0.));
#12658 = DEFINITIONAL_REPRESENTATION('',(#12659),#12663);
#12659 = LINE('',#12660,#12661);
#12660 = CARTESIAN_POINT('',(0.,0.));
#12661 = VECTOR('',#12662,1.);
#12662 = DIRECTION('',(0.,1.));
#12663 = ( GEOMETRIC_REPRESENTATION_CONTEXT(2) 
PARAMETRIC_REPRESENTATION_CONTEXT() REPRESENTATION_CONTEXT('2D SPACE',''
  ) );
#12664 = ORIENTED_EDGE('',*,*,#12665,.T.);
#12665 = EDGE_CURVE('',#12638,#12666,#12668,.T.);
#12666 = VERTEX_POINT('',#12667);
#12667 = CARTESIAN_POINT('',(0.385,-0.6,0.466483135606));
#12668 = SURFACE_CURVE('',#12669,(#12673,#12680),.PCURVE_S1.);
#12669 = LINE('',#12670,#12671);
#12670 = CARTESIAN_POINT('',(0.385,-0.8,0.466483135606));
#12671 = VECTOR('',#12672,1.);
#12672 = DIRECTION('',(0.,1.,-2.22044604925E-16));
#12673 = PCURVE('',#12337,#12674);
#12674 = DEFINITIONAL_REPRESENTATION('',(#12675),#12679);
#12675 = LINE('',#12676,#12677);
#12676 = CARTESIAN_POINT('',(0.616910178476,-9.833164045E-03));
#12677 = VECTOR('',#12678,1.);
#12678 = DIRECTION('',(-1.,0.));
#12679 = ( GEOMETRIC_REPRESENTATION_CONTEXT(2) 
PARAMETRIC_REPRESENTATION_CONTEXT() REPRESENTATION_CONTEXT('2D SPACE',''
  ) );
#12680 = PCURVE('',#12681,#12686);
#12681 = PLANE('',#12682);
#12682 = AXIS2_PLACEMENT_3D('',#12683,#12684,#12685);
#12683 = CARTESIAN_POINT('',(0.385,-0.8,0.466483135606));
#12684 = DIRECTION('',(0.,2.22044604925E-16,1.));
#12685 = DIRECTION('',(0.,-1.,2.22044604925E-16));
#12686 = DEFINITIONAL_REPRESENTATION('',(#12687),#12691);
#12687 = LINE('',#12688,#12689);
#12688 = CARTESIAN_POINT('',(0.,0.));
#12689 = VECTOR('',#12690,1.);
#12690 = DIRECTION('',(-1.,0.));
#12691 = ( GEOMETRIC_REPRESENTATION_CONTEXT(2) 
PARAMETRIC_REPRESENTATION_CONTEXT() REPRESENTATION_CONTEXT('2D SPACE',''
  ) );
#12692 = ORIENTED_EDGE('',*,*,#12693,.T.);
#12693 = EDGE_CURVE('',#12666,#12694,#12696,.T.);
#12694 = VERTEX_POINT('',#12695);
#12695 = CARTESIAN_POINT('',(0.385,-0.6,0.441926223426));
#12696 = SURFACE_CURVE('',#12697,(#12701,#12708),.PCURVE_S1.);
#12697 = LINE('',#12698,#12699);
#12698 = CARTESIAN_POINT('',(0.385,-0.6,0.466483135606));
#12699 = VECTOR('',#12700,1.);
#12700 = DIRECTION('',(0.,-2.22044604925E-16,-1.));
#12701 = PCURVE('',#12337,#12702);
#12702 = DEFINITIONAL_REPRESENTATION('',(#12703),#12707);
#12703 = LINE('',#12704,#12705);
#12704 = CARTESIAN_POINT('',(0.416910178476,-9.833164045E-03));
#12705 = VECTOR('',#12706,1.);
#12706 = DIRECTION('',(0.,-1.));
#12707 = ( GEOMETRIC_REPRESENTATION_CONTEXT(2) 
PARAMETRIC_REPRESENTATION_CONTEXT() REPRESENTATION_CONTEXT('2D SPACE',''
  ) );
#12708 = PCURVE('',#12709,#12714);
#12709 = PLANE('',#12710);
#12710 = AXIS2_PLACEMENT_3D('',#12711,#12712,#12713);
#12711 = CARTESIAN_POINT('',(0.385,-0.6,0.466483135606));
#12712 = DIRECTION('',(0.,1.,-2.22044604925E-16));
#12713 = DIRECTION('',(-1.,0.,0.));
#12714 = DEFINITIONAL_REPRESENTATION('',(#12715),#12719);
#12715 = LINE('',#12716,#12717);
#12716 = CARTESIAN_POINT('',(0.,0.));
#12717 = VECTOR('',#12718,1.);
#12718 = DIRECTION('',(-0.,-1.));
#12719 = ( GEOMETRIC_REPRESENTATION_CONTEXT(2) 
PARAMETRIC_REPRESENTATION_CONTEXT() REPRESENTATION_CONTEXT('2D SPACE',''
  ) );
#12720 = ORIENTED_EDGE('',*,*,#12721,.T.);
#12721 = EDGE_CURVE('',#12694,#12722,#12724,.T.);
#12722 = VERTEX_POINT('',#12723);
#12723 = CARTESIAN_POINT('',(0.385,-0.410467191249,0.242200316476));
#12724 = SURFACE_CURVE('',#12725,(#12730,#12741),.PCURVE_S1.);
#12725 = CIRCLE('',#12726,0.2);
#12726 = AXIS2_PLACEMENT_3D('',#12727,#12728,#12729);
#12727 = CARTESIAN_POINT('',(0.385,-0.4,0.441926223426));
#12728 = DIRECTION('',(1.,0.,-0.));
#12729 = DIRECTION('',(0.,2.22044604925E-16,1.));
#12730 = PCURVE('',#12337,#12731);
#12731 = DEFINITIONAL_REPRESENTATION('',(#12732),#12740);
#12732 = ( BOUNDED_CURVE() B_SPLINE_CURVE(2,(#12733,#12734,#12735,#12736
    ,#12737,#12738,#12739),.UNSPECIFIED.,.T.,.F.) 
B_SPLINE_CURVE_WITH_KNOTS((1,2,2,2,2,1),(-2.094395102393,0.,
    2.094395102393,4.188790204786,6.28318530718,8.377580409573),
.UNSPECIFIED.) CURVE() GEOMETRIC_REPRESENTATION_ITEM() 
RATIONAL_B_SPLINE_CURVE((1.,0.5,1.,0.5,1.,0.5,1.)) REPRESENTATION_ITEM(
  '') );
#12733 = CARTESIAN_POINT('',(0.216910178476,0.165609923775));
#12734 = CARTESIAN_POINT('',(0.56332033999,0.165609923775));
#12735 = CARTESIAN_POINT('',(0.390115259233,-0.134390076225));
#12736 = CARTESIAN_POINT('',(0.216910178476,-0.434390076225));
#12737 = CARTESIAN_POINT('',(4.370509771911E-02,-0.134390076225));
#12738 = CARTESIAN_POINT('',(-0.129499983038,0.165609923775));
#12739 = CARTESIAN_POINT('',(0.216910178476,0.165609923775));
#12740 = ( GEOMETRIC_REPRESENTATION_CONTEXT(2) 
PARAMETRIC_REPRESENTATION_CONTEXT() REPRESENTATION_CONTEXT('2D SPACE',''
  ) );
#12741 = PCURVE('',#12742,#12747);
#12742 = CYLINDRICAL_SURFACE('',#12743,0.2);
#12743 = AXIS2_PLACEMENT_3D('',#12744,#12745,#12746);
#12744 = CARTESIAN_POINT('',(0.385,-0.4,0.441926223426));
#12745 = DIRECTION('',(1.,0.,0.));
#12746 = DIRECTION('',(-0.,2.22044604925E-16,1.));
#12747 = DEFINITIONAL_REPRESENTATION('',(#12748),#12752);
#12748 = LINE('',#12749,#12750);
#12749 = CARTESIAN_POINT('',(0.,0.));
#12750 = VECTOR('',#12751,1.);
#12751 = DIRECTION('',(1.,0.));
#12752 = ( GEOMETRIC_REPRESENTATION_CONTEXT(2) 
PARAMETRIC_REPRESENTATION_CONTEXT() REPRESENTATION_CONTEXT('2D SPACE',''
  ) );
#12753 = ORIENTED_EDGE('',*,*,#12754,.T.);
#12754 = EDGE_CURVE('',#12722,#12293,#12755,.T.);
#12755 = SURFACE_CURVE('',#12756,(#12760,#12767),.PCURVE_S1.);
#12756 = LINE('',#12757,#12758);
#12757 = CARTESIAN_POINT('',(0.385,-0.410467191249,0.242200316476));
#12758 = VECTOR('',#12759,1.);
#12759 = DIRECTION('',(0.,0.998629534755,-5.233595624305E-02));
#12760 = PCURVE('',#12337,#12761);
#12761 = DEFINITIONAL_REPRESENTATION('',(#12762),#12766);
#12762 = LINE('',#12763,#12764);
#12763 = CARTESIAN_POINT('',(0.227377369725,-0.234115983175));
#12764 = VECTOR('',#12765,1.);
#12765 = DIRECTION('',(-0.998629534755,-5.233595624305E-02));
#12766 = ( GEOMETRIC_REPRESENTATION_CONTEXT(2) 
PARAMETRIC_REPRESENTATION_CONTEXT() REPRESENTATION_CONTEXT('2D SPACE',''
  ) );
#12767 = PCURVE('',#12308,#12768);
#12768 = DEFINITIONAL_REPRESENTATION('',(#12769),#12773);
#12769 = LINE('',#12770,#12771);
#12770 = CARTESIAN_POINT('',(0.,0.));
#12771 = VECTOR('',#12772,1.);
#12772 = DIRECTION('',(-1.,0.));
#12773 = ( GEOMETRIC_REPRESENTATION_CONTEXT(2) 
PARAMETRIC_REPRESENTATION_CONTEXT() REPRESENTATION_CONTEXT('2D SPACE',''
  ) );
#12774 = ORIENTED_EDGE('',*,*,#12320,.F.);
#12775 = ORIENTED_EDGE('',*,*,#12776,.F.);
#12776 = EDGE_CURVE('',#12777,#12321,#12779,.T.);
#12777 = VERTEX_POINT('',#12778);
#12778 = CARTESIAN_POINT('',(0.385,0.599238939618,0.417431148549));
#12779 = SURFACE_CURVE('',#12780,(#12785,#12792),.PCURVE_S1.);
#12780 = CIRCLE('',#12781,0.2);
#12781 = AXIS2_PLACEMENT_3D('',#12782,#12783,#12784);
#12782 = CARTESIAN_POINT('',(0.385,0.4,0.4));
#12783 = DIRECTION('',(-1.,-0.,0.));
#12784 = DIRECTION('',(-0.,0.719339800339,-0.694658370459));
#12785 = PCURVE('',#12337,#12786);
#12786 = DEFINITIONAL_REPRESENTATION('',(#12787),#12791);
#12787 = CIRCLE('',#12788,0.2);
#12788 = AXIS2_PLACEMENT_2D('',#12789,#12790);
#12789 = CARTESIAN_POINT('',(-0.583089821524,-7.6316299651E-02));
#12790 = DIRECTION('',(-0.719339800339,-0.694658370459));
#12791 = ( GEOMETRIC_REPRESENTATION_CONTEXT(2) 
PARAMETRIC_REPRESENTATION_CONTEXT() REPRESENTATION_CONTEXT('2D SPACE',''
  ) );
#12792 = PCURVE('',#12363,#12793);
#12793 = DEFINITIONAL_REPRESENTATION('',(#12794),#12798);
#12794 = LINE('',#12795,#12796);
#12795 = CARTESIAN_POINT('',(6.28318530718,0.));
#12796 = VECTOR('',#12797,1.);
#12797 = DIRECTION('',(-1.,0.));
#12798 = ( GEOMETRIC_REPRESENTATION_CONTEXT(2) 
PARAMETRIC_REPRESENTATION_CONTEXT() REPRESENTATION_CONTEXT('2D SPACE',''
  ) );
#12799 = ORIENTED_EDGE('',*,*,#12800,.T.);
#12800 = EDGE_CURVE('',#12777,#12801,#12803,.T.);
#12801 = VERTEX_POINT('',#12802);
#12802 = CARTESIAN_POINT('',(0.385,0.50621792591,1.480666200496));
#12803 = SURFACE_CURVE('',#12804,(#12808,#12815),.PCURVE_S1.);
#12804 = LINE('',#12805,#12806);
#12805 = CARTESIAN_POINT('',(0.385,0.599238939618,0.417431148549));
#12806 = VECTOR('',#12807,1.);
#12807 = DIRECTION('',(2.08044E-16,-8.715574274746E-02,0.996194698092));
#12808 = PCURVE('',#12337,#12809);
#12809 = DEFINITIONAL_REPRESENTATION('',(#12810),#12814);
#12810 = LINE('',#12811,#12812);
#12811 = CARTESIAN_POINT('',(-0.782328761142,-5.8885151102E-02));
#12812 = VECTOR('',#12813,1.);
#12813 = DIRECTION('',(8.715574274746E-02,0.996194698092));
#12814 = ( GEOMETRIC_REPRESENTATION_CONTEXT(2) 
PARAMETRIC_REPRESENTATION_CONTEXT() REPRESENTATION_CONTEXT('2D SPACE',''
  ) );
#12815 = PCURVE('',#12816,#12821);
#12816 = PLANE('',#12817);
#12817 = AXIS2_PLACEMENT_3D('',#12818,#12819,#12820);
#12818 = CARTESIAN_POINT('',(0.385,0.619291182211,0.188232966924));
#12819 = DIRECTION('',(0.,-0.996194698092,-8.715574274746E-02));
#12820 = DIRECTION('',(1.,0.,0.));
#12821 = DEFINITIONAL_REPRESENTATION('',(#12822),#12826);
#12822 = LINE('',#12823,#12824);
#12823 = CARTESIAN_POINT('',(0.,0.230073681444));
#12824 = VECTOR('',#12825,1.);
#12825 = DIRECTION('',(2.08044E-16,1.));
#12826 = ( GEOMETRIC_REPRESENTATION_CONTEXT(2) 
PARAMETRIC_REPRESENTATION_CONTEXT() REPRESENTATION_CONTEXT('2D SPACE',''
  ) );
#12827 = ORIENTED_EDGE('',*,*,#12828,.T.);
#12828 = EDGE_CURVE('',#12801,#12829,#12831,.T.);
#12829 = VERTEX_POINT('',#12830);
#12830 = CARTESIAN_POINT('',(0.385,0.705456865528,1.498097349046));
#12831 = SURFACE_CURVE('',#12832,(#12836,#12843),.PCURVE_S1.);
#12832 = LINE('',#12833,#12834);
#12833 = CARTESIAN_POINT('',(0.385,0.50621792591,1.480666200496));
#12834 = VECTOR('',#12835,1.);
#12835 = DIRECTION('',(0.,0.996194698092,8.715574274777E-02));
#12836 = PCURVE('',#12337,#12837);
#12837 = DEFINITIONAL_REPRESENTATION('',(#12838),#12842);
#12838 = LINE('',#12839,#12840);
#12839 = CARTESIAN_POINT('',(-0.689307747434,1.004349900845));
#12840 = VECTOR('',#12841,1.);
#12841 = DIRECTION('',(-0.996194698092,8.715574274777E-02));
#12842 = ( GEOMETRIC_REPRESENTATION_CONTEXT(2) 
PARAMETRIC_REPRESENTATION_CONTEXT() REPRESENTATION_CONTEXT('2D SPACE',''
  ) );
#12843 = PCURVE('',#12844,#12849);
#12844 = PLANE('',#12845);
#12845 = AXIS2_PLACEMENT_3D('',#12846,#12847,#12848);
#12846 = CARTESIAN_POINT('',(0.385,0.50621792591,1.480666200496));
#12847 = DIRECTION('',(0.,-8.715574274746E-02,0.996194698092));
#12848 = DIRECTION('',(0.,-0.996194698092,-8.715574274746E-02));
#12849 = DEFINITIONAL_REPRESENTATION('',(#12850),#12854);
#12850 = LINE('',#12851,#12852);
#12851 = CARTESIAN_POINT('',(0.,0.));
#12852 = VECTOR('',#12853,1.);
#12853 = DIRECTION('',(-1.,0.));
#12854 = ( GEOMETRIC_REPRESENTATION_CONTEXT(2) 
PARAMETRIC_REPRESENTATION_CONTEXT() REPRESENTATION_CONTEXT('2D SPACE',''
  ) );
#12855 = ORIENTED_EDGE('',*,*,#12856,.T.);
#12856 = EDGE_CURVE('',#12829,#12414,#12857,.T.);
#12857 = SURFACE_CURVE('',#12858,(#12862,#12869),.PCURVE_S1.);
#12858 = LINE('',#12859,#12860);
#12859 = CARTESIAN_POINT('',(0.385,0.705456865528,1.498097349046));
#12860 = VECTOR('',#12861,1.);
#12861 = DIRECTION('',(-2.08044E-16,8.715574274747E-02,-0.996194698092)
  );
#12862 = PCURVE('',#12337,#12863);
#12863 = DEFINITIONAL_REPRESENTATION('',(#12864),#12868);
#12864 = LINE('',#12865,#12866);
#12865 = CARTESIAN_POINT('',(-0.888546687052,1.021781049395));
#12866 = VECTOR('',#12867,1.);
#12867 = DIRECTION('',(-8.715574274747E-02,-0.996194698092));
#12868 = ( GEOMETRIC_REPRESENTATION_CONTEXT(2) 
PARAMETRIC_REPRESENTATION_CONTEXT() REPRESENTATION_CONTEXT('2D SPACE',''
  ) );
#12869 = PCURVE('',#12457,#12870);
#12870 = DEFINITIONAL_REPRESENTATION('',(#12871),#12875);
#12871 = LINE('',#12872,#12873);
#12872 = CARTESIAN_POINT('',(0.,0.));
#12873 = VECTOR('',#12874,1.);
#12874 = DIRECTION('',(2.08044E-16,-1.));
#12875 = ( GEOMETRIC_REPRESENTATION_CONTEXT(2) 
PARAMETRIC_REPRESENTATION_CONTEXT() REPRESENTATION_CONTEXT('2D SPACE',''
  ) );
#12876 = ORIENTED_EDGE('',*,*,#12413,.F.);
#12877 = ADVANCED_FACE('',(#12878),#12543,.T.);
#12878 = FACE_BOUND('',#12879,.T.);
#12879 = EDGE_LOOP('',(#12880,#12881,#12904,#12925));
#12880 = ORIENTED_EDGE('',*,*,#12527,.F.);
#12881 = ORIENTED_EDGE('',*,*,#12882,.T.);
#12882 = EDGE_CURVE('',#12500,#12883,#12885,.T.);
#12883 = VERTEX_POINT('',#12884);
#12884 = CARTESIAN_POINT('',(0.885,-0.420934382497,4.247440952469E-02));
#12885 = SURFACE_CURVE('',#12886,(#12890,#12897),.PCURVE_S1.);
#12886 = LINE('',#12887,#12888);
#12887 = CARTESIAN_POINT('',(0.885,0.379065617503,5.48186098118E-04));
#12888 = VECTOR('',#12889,1.);
#12889 = DIRECTION('',(1.385876999999E-16,-0.998629534755,
    5.233595624308E-02));
#12890 = PCURVE('',#12543,#12891);
#12891 = DEFINITIONAL_REPRESENTATION('',(#12892),#12896);
#12892 = LINE('',#12893,#12894);
#12893 = CARTESIAN_POINT('',(-0.460147362889,0.5));
#12894 = VECTOR('',#12895,1.);
#12895 = DIRECTION('',(-1.,1.385876999999E-16));
#12896 = ( GEOMETRIC_REPRESENTATION_CONTEXT(2) 
PARAMETRIC_REPRESENTATION_CONTEXT() REPRESENTATION_CONTEXT('2D SPACE',''
  ) );
#12897 = PCURVE('',#12280,#12898);
#12898 = DEFINITIONAL_REPRESENTATION('',(#12899),#12903);
#12899 = LINE('',#12900,#12901);
#12900 = CARTESIAN_POINT('',(1.179065617503,-0.441378037328));
#12901 = VECTOR('',#12902,1.);
#12902 = DIRECTION('',(-0.998629534755,5.233595624308E-02));
#12903 = ( GEOMETRIC_REPRESENTATION_CONTEXT(2) 
PARAMETRIC_REPRESENTATION_CONTEXT() REPRESENTATION_CONTEXT('2D SPACE',''
  ) );
#12904 = ORIENTED_EDGE('',*,*,#12905,.F.);
#12905 = EDGE_CURVE('',#12586,#12883,#12906,.T.);
#12906 = SURFACE_CURVE('',#12907,(#12911,#12918),.PCURVE_S1.);
#12907 = LINE('',#12908,#12909);
#12908 = CARTESIAN_POINT('',(0.385,-0.420934382497,4.247440952469E-02));
#12909 = VECTOR('',#12910,1.);
#12910 = DIRECTION('',(1.,0.,0.));
#12911 = PCURVE('',#12543,#12912);
#12912 = DEFINITIONAL_REPRESENTATION('',(#12913),#12917);
#12913 = LINE('',#12914,#12915);
#12914 = CARTESIAN_POINT('',(-1.261245239687,0.));
#12915 = VECTOR('',#12916,1.);
#12916 = DIRECTION('',(0.,1.));
#12917 = ( GEOMETRIC_REPRESENTATION_CONTEXT(2) 
PARAMETRIC_REPRESENTATION_CONTEXT() REPRESENTATION_CONTEXT('2D SPACE',''
  ) );
#12918 = PCURVE('',#12625,#12919);
#12919 = DEFINITIONAL_REPRESENTATION('',(#12920),#12924);
#12920 = LINE('',#12921,#12922);
#12921 = CARTESIAN_POINT('',(3.08923277603,0.));
#12922 = VECTOR('',#12923,1.);
#12923 = DIRECTION('',(0.,1.));
#12924 = ( GEOMETRIC_REPRESENTATION_CONTEXT(2) 
PARAMETRIC_REPRESENTATION_CONTEXT() REPRESENTATION_CONTEXT('2D SPACE',''
  ) );
#12925 = ORIENTED_EDGE('',*,*,#12585,.F.);
#12926 = ADVANCED_FACE('',(#12927),#12363,.F.);
#12927 = FACE_BOUND('',#12928,.F.);
#12928 = EDGE_LOOP('',(#12929,#12930,#12953,#12975));
#12929 = ORIENTED_EDGE('',*,*,#12776,.F.);
#12930 = ORIENTED_EDGE('',*,*,#12931,.F.);
#12931 = EDGE_CURVE('',#12932,#12777,#12934,.T.);
#12932 = VERTEX_POINT('',#12933);
#12933 = CARTESIAN_POINT('',(0.885,0.599238939618,0.417431148549));
#12934 = SURFACE_CURVE('',#12935,(#12939,#12946),.PCURVE_S1.);
#12935 = LINE('',#12936,#12937);
#12936 = CARTESIAN_POINT('',(0.885,0.599238939618,0.417431148549));
#12937 = VECTOR('',#12938,1.);
#12938 = DIRECTION('',(-1.,0.,0.));
#12939 = PCURVE('',#12363,#12940);
#12940 = DEFINITIONAL_REPRESENTATION('',(#12941),#12945);
#12941 = LINE('',#12942,#12943);
#12942 = CARTESIAN_POINT('',(0.855211333477,0.5));
#12943 = VECTOR('',#12944,1.);
#12944 = DIRECTION('',(0.,-1.));
#12945 = ( GEOMETRIC_REPRESENTATION_CONTEXT(2) 
PARAMETRIC_REPRESENTATION_CONTEXT() REPRESENTATION_CONTEXT('2D SPACE',''
  ) );
#12946 = PCURVE('',#12816,#12947);
#12947 = DEFINITIONAL_REPRESENTATION('',(#12948),#12952);
#12948 = LINE('',#12949,#12950);
#12949 = CARTESIAN_POINT('',(0.5,0.230073681444));
#12950 = VECTOR('',#12951,1.);
#12951 = DIRECTION('',(-1.,0.));
#12952 = ( GEOMETRIC_REPRESENTATION_CONTEXT(2) 
PARAMETRIC_REPRESENTATION_CONTEXT() REPRESENTATION_CONTEXT('2D SPACE',''
  ) );
#12953 = ORIENTED_EDGE('',*,*,#12954,.F.);
#12954 = EDGE_CURVE('',#12259,#12932,#12955,.T.);
#12955 = SURFACE_CURVE('',#12956,(#12961,#12968),.PCURVE_S1.);
#12956 = CIRCLE('',#12957,0.2);
#12957 = AXIS2_PLACEMENT_3D('',#12958,#12959,#12960);
#12958 = CARTESIAN_POINT('',(0.885,0.4,0.4));
#12959 = DIRECTION('',(1.,-0.,0.));
#12960 = DIRECTION('',(0.,0.719339800339,-0.694658370459));
#12961 = PCURVE('',#12363,#12962);
#12962 = DEFINITIONAL_REPRESENTATION('',(#12963),#12967);
#12963 = LINE('',#12964,#12965);
#12964 = CARTESIAN_POINT('',(0.,0.5));
#12965 = VECTOR('',#12966,1.);
#12966 = DIRECTION('',(1.,0.));
#12967 = ( GEOMETRIC_REPRESENTATION_CONTEXT(2) 
PARAMETRIC_REPRESENTATION_CONTEXT() REPRESENTATION_CONTEXT('2D SPACE',''
  ) );
#12968 = PCURVE('',#12280,#12969);
#12969 = DEFINITIONAL_REPRESENTATION('',(#12970),#12974);
#12970 = CIRCLE('',#12971,0.2);
#12971 = AXIS2_PLACEMENT_2D('',#12972,#12973);
#12972 = CARTESIAN_POINT('',(1.2,-4.1926223426E-02));
#12973 = DIRECTION('',(0.719339800339,-0.694658370459));
#12974 = ( GEOMETRIC_REPRESENTATION_CONTEXT(2) 
PARAMETRIC_REPRESENTATION_CONTEXT() REPRESENTATION_CONTEXT('2D SPACE',''
  ) );
#12975 = ORIENTED_EDGE('',*,*,#12349,.F.);
#12976 = ADVANCED_FACE('',(#12977),#12308,.T.);
#12977 = FACE_BOUND('',#12978,.T.);
#12978 = EDGE_LOOP('',(#12979,#12980,#12981,#13004));
#12979 = ORIENTED_EDGE('',*,*,#12292,.F.);
#12980 = ORIENTED_EDGE('',*,*,#12754,.F.);
#12981 = ORIENTED_EDGE('',*,*,#12982,.T.);
#12982 = EDGE_CURVE('',#12722,#12983,#12985,.T.);
#12983 = VERTEX_POINT('',#12984);
#12984 = CARTESIAN_POINT('',(0.885,-0.410467191249,0.242200316476));
#12985 = SURFACE_CURVE('',#12986,(#12990,#12997),.PCURVE_S1.);
#12986 = LINE('',#12987,#12988);
#12987 = CARTESIAN_POINT('',(0.385,-0.410467191249,0.242200316476));
#12988 = VECTOR('',#12989,1.);
#12989 = DIRECTION('',(1.,0.,0.));
#12990 = PCURVE('',#12308,#12991);
#12991 = DEFINITIONAL_REPRESENTATION('',(#12992),#12996);
#12992 = LINE('',#12993,#12994);
#12993 = CARTESIAN_POINT('',(0.,0.));
#12994 = VECTOR('',#12995,1.);
#12995 = DIRECTION('',(0.,1.));
#12996 = ( GEOMETRIC_REPRESENTATION_CONTEXT(2) 
PARAMETRIC_REPRESENTATION_CONTEXT() REPRESENTATION_CONTEXT('2D SPACE',''
  ) );
#12997 = PCURVE('',#12742,#12998);
#12998 = DEFINITIONAL_REPRESENTATION('',(#12999),#13003);
#12999 = LINE('',#13000,#13001);
#13000 = CARTESIAN_POINT('',(3.08923277603,0.));
#13001 = VECTOR('',#13002,1.);
#13002 = DIRECTION('',(0.,1.));
#13003 = ( GEOMETRIC_REPRESENTATION_CONTEXT(2) 
PARAMETRIC_REPRESENTATION_CONTEXT() REPRESENTATION_CONTEXT('2D SPACE',''
  ) );
#13004 = ORIENTED_EDGE('',*,*,#13005,.T.);
#13005 = EDGE_CURVE('',#12983,#12257,#13006,.T.);
#13006 = SURFACE_CURVE('',#13007,(#13011,#13018),.PCURVE_S1.);
#13007 = LINE('',#13008,#13009);
#13008 = CARTESIAN_POINT('',(0.885,-0.410467191249,0.242200316476));
#13009 = VECTOR('',#13010,1.);
#13010 = DIRECTION('',(0.,0.998629534755,-5.233595624305E-02));
#13011 = PCURVE('',#12308,#13012);
#13012 = DEFINITIONAL_REPRESENTATION('',(#13013),#13017);
#13013 = LINE('',#13014,#13015);
#13014 = CARTESIAN_POINT('',(0.,0.5));
#13015 = VECTOR('',#13016,1.);
#13016 = DIRECTION('',(-1.,0.));
#13017 = ( GEOMETRIC_REPRESENTATION_CONTEXT(2) 
PARAMETRIC_REPRESENTATION_CONTEXT() REPRESENTATION_CONTEXT('2D SPACE',''
  ) );
#13018 = PCURVE('',#12280,#13019);
#13019 = DEFINITIONAL_REPRESENTATION('',(#13020),#13024);
#13020 = LINE('',#13021,#13022);
#13021 = CARTESIAN_POINT('',(0.389532808751,-0.19972590695));
#13022 = VECTOR('',#13023,1.);
#13023 = DIRECTION('',(0.998629534755,-5.233595624305E-02));
#13024 = ( GEOMETRIC_REPRESENTATION_CONTEXT(2) 
PARAMETRIC_REPRESENTATION_CONTEXT() REPRESENTATION_CONTEXT('2D SPACE',''
  ) );
#13025 = ADVANCED_FACE('',(#13026),#12653,.T.);
#13026 = FACE_BOUND('',#13027,.T.);
#13027 = EDGE_LOOP('',(#13028,#13053,#13074,#13075));
#13028 = ORIENTED_EDGE('',*,*,#13029,.T.);
#13029 = EDGE_CURVE('',#13030,#13032,#13034,.T.);
#13030 = VERTEX_POINT('',#13031);
#13031 = CARTESIAN_POINT('',(0.885,-0.8,0.441926223426));
#13032 = VERTEX_POINT('',#13033);
#13033 = CARTESIAN_POINT('',(0.885,-0.8,0.466483135606));
#13034 = SURFACE_CURVE('',#13035,(#13039,#13046),.PCURVE_S1.);
#13035 = LINE('',#13036,#13037);
#13036 = CARTESIAN_POINT('',(0.885,-0.8,0.441926223426));
#13037 = VECTOR('',#13038,1.);
#13038 = DIRECTION('',(0.,7.238376044605E-12,1.));
#13039 = PCURVE('',#12653,#13040);
#13040 = DEFINITIONAL_REPRESENTATION('',(#13041),#13045);
#13041 = LINE('',#13042,#13043);
#13042 = CARTESIAN_POINT('',(0.5,0.));
#13043 = VECTOR('',#13044,1.);
#13044 = DIRECTION('',(0.,1.));
#13045 = ( GEOMETRIC_REPRESENTATION_CONTEXT(2) 
PARAMETRIC_REPRESENTATION_CONTEXT() REPRESENTATION_CONTEXT('2D SPACE',''
  ) );
#13046 = PCURVE('',#12280,#13047);
#13047 = DEFINITIONAL_REPRESENTATION('',(#13048),#13052);
#13048 = LINE('',#13049,#13050);
#13049 = CARTESIAN_POINT('',(0.,0.));
#13050 = VECTOR('',#13051,1.);
#13051 = DIRECTION('',(7.238154E-12,1.));
#13052 = ( GEOMETRIC_REPRESENTATION_CONTEXT(2) 
PARAMETRIC_REPRESENTATION_CONTEXT() REPRESENTATION_CONTEXT('2D SPACE',''
  ) );
#13053 = ORIENTED_EDGE('',*,*,#13054,.F.);
#13054 = EDGE_CURVE('',#12638,#13032,#13055,.T.);
#13055 = SURFACE_CURVE('',#13056,(#13060,#13067),.PCURVE_S1.);
#13056 = LINE('',#13057,#13058);
#13057 = CARTESIAN_POINT('',(0.385,-0.8,0.466483135606));
#13058 = VECTOR('',#13059,1.);
#13059 = DIRECTION('',(1.,0.,0.));
#13060 = PCURVE('',#12653,#13061);
#13061 = DEFINITIONAL_REPRESENTATION('',(#13062),#13066);
#13062 = LINE('',#13063,#13064);
#13063 = CARTESIAN_POINT('',(0.,2.455691218E-02));
#13064 = VECTOR('',#13065,1.);
#13065 = DIRECTION('',(1.,0.));
#13066 = ( GEOMETRIC_REPRESENTATION_CONTEXT(2) 
PARAMETRIC_REPRESENTATION_CONTEXT() REPRESENTATION_CONTEXT('2D SPACE',''
  ) );
#13067 = PCURVE('',#12681,#13068);
#13068 = DEFINITIONAL_REPRESENTATION('',(#13069),#13073);
#13069 = LINE('',#13070,#13071);
#13070 = CARTESIAN_POINT('',(0.,0.));
#13071 = VECTOR('',#13072,1.);
#13072 = DIRECTION('',(0.,1.));
#13073 = ( GEOMETRIC_REPRESENTATION_CONTEXT(2) 
PARAMETRIC_REPRESENTATION_CONTEXT() REPRESENTATION_CONTEXT('2D SPACE',''
  ) );
#13074 = ORIENTED_EDGE('',*,*,#12637,.F.);
#13075 = ORIENTED_EDGE('',*,*,#13076,.T.);
#13076 = EDGE_CURVE('',#12609,#13030,#13077,.T.);
#13077 = SURFACE_CURVE('',#13078,(#13082,#13089),.PCURVE_S1.);
#13078 = LINE('',#13079,#13080);
#13079 = CARTESIAN_POINT('',(0.385,-0.8,0.441926223426));
#13080 = VECTOR('',#13081,1.);
#13081 = DIRECTION('',(1.,0.,0.));
#13082 = PCURVE('',#12653,#13083);
#13083 = DEFINITIONAL_REPRESENTATION('',(#13084),#13088);
#13084 = LINE('',#13085,#13086);
#13085 = CARTESIAN_POINT('',(0.,0.));
#13086 = VECTOR('',#13087,1.);
#13087 = DIRECTION('',(1.,0.));
#13088 = ( GEOMETRIC_REPRESENTATION_CONTEXT(2) 
PARAMETRIC_REPRESENTATION_CONTEXT() REPRESENTATION_CONTEXT('2D SPACE',''
  ) );
#13089 = PCURVE('',#12625,#13090);
#13090 = DEFINITIONAL_REPRESENTATION('',(#13091),#13095);
#13091 = LINE('',#13092,#13093);
#13092 = CARTESIAN_POINT('',(1.570796326795,0.));
#13093 = VECTOR('',#13094,1.);
#13094 = DIRECTION('',(0.,1.));
#13095 = ( GEOMETRIC_REPRESENTATION_CONTEXT(2) 
PARAMETRIC_REPRESENTATION_CONTEXT() REPRESENTATION_CONTEXT('2D SPACE',''
  ) );
#13096 = ADVANCED_FACE('',(#13097),#12681,.T.);
#13097 = FACE_BOUND('',#13098,.T.);
#13098 = EDGE_LOOP('',(#13099,#13122,#13143,#13144));
#13099 = ORIENTED_EDGE('',*,*,#13100,.T.);
#13100 = EDGE_CURVE('',#13032,#13101,#13103,.T.);
#13101 = VERTEX_POINT('',#13102);
#13102 = CARTESIAN_POINT('',(0.885,-0.6,0.466483135606));
#13103 = SURFACE_CURVE('',#13104,(#13108,#13115),.PCURVE_S1.);
#13104 = LINE('',#13105,#13106);
#13105 = CARTESIAN_POINT('',(0.885,-0.8,0.466483135606));
#13106 = VECTOR('',#13107,1.);
#13107 = DIRECTION('',(0.,1.,-2.22044604925E-16));
#13108 = PCURVE('',#12681,#13109);
#13109 = DEFINITIONAL_REPRESENTATION('',(#13110),#13114);
#13110 = LINE('',#13111,#13112);
#13111 = CARTESIAN_POINT('',(0.,0.5));
#13112 = VECTOR('',#13113,1.);
#13113 = DIRECTION('',(-1.,0.));
#13114 = ( GEOMETRIC_REPRESENTATION_CONTEXT(2) 
PARAMETRIC_REPRESENTATION_CONTEXT() REPRESENTATION_CONTEXT('2D SPACE',''
  ) );
#13115 = PCURVE('',#12280,#13116);
#13116 = DEFINITIONAL_REPRESENTATION('',(#13117),#13121);
#13117 = LINE('',#13118,#13119);
#13118 = CARTESIAN_POINT('',(-5.452729863186E-18,2.455691218E-02));
#13119 = VECTOR('',#13120,1.);
#13120 = DIRECTION('',(1.,0.));
#13121 = ( GEOMETRIC_REPRESENTATION_CONTEXT(2) 
PARAMETRIC_REPRESENTATION_CONTEXT() REPRESENTATION_CONTEXT('2D SPACE',''
  ) );
#13122 = ORIENTED_EDGE('',*,*,#13123,.F.);
#13123 = EDGE_CURVE('',#12666,#13101,#13124,.T.);
#13124 = SURFACE_CURVE('',#13125,(#13129,#13136),.PCURVE_S1.);
#13125 = LINE('',#13126,#13127);
#13126 = CARTESIAN_POINT('',(0.385,-0.6,0.466483135606));
#13127 = VECTOR('',#13128,1.);
#13128 = DIRECTION('',(1.,0.,0.));
#13129 = PCURVE('',#12681,#13130);
#13130 = DEFINITIONAL_REPRESENTATION('',(#13131),#13135);
#13131 = LINE('',#13132,#13133);
#13132 = CARTESIAN_POINT('',(-0.2,0.));
#13133 = VECTOR('',#13134,1.);
#13134 = DIRECTION('',(0.,1.));
#13135 = ( GEOMETRIC_REPRESENTATION_CONTEXT(2) 
PARAMETRIC_REPRESENTATION_CONTEXT() REPRESENTATION_CONTEXT('2D SPACE',''
  ) );
#13136 = PCURVE('',#12709,#13137);
#13137 = DEFINITIONAL_REPRESENTATION('',(#13138),#13142);
#13138 = LINE('',#13139,#13140);
#13139 = CARTESIAN_POINT('',(0.,0.));
#13140 = VECTOR('',#13141,1.);
#13141 = DIRECTION('',(-1.,0.));
#13142 = ( GEOMETRIC_REPRESENTATION_CONTEXT(2) 
PARAMETRIC_REPRESENTATION_CONTEXT() REPRESENTATION_CONTEXT('2D SPACE',''
  ) );
#13143 = ORIENTED_EDGE('',*,*,#12665,.F.);
#13144 = ORIENTED_EDGE('',*,*,#13054,.T.);
#13145 = ADVANCED_FACE('',(#13146),#12709,.T.);
#13146 = FACE_BOUND('',#13147,.T.);
#13147 = EDGE_LOOP('',(#13148,#13171,#13192,#13193));
#13148 = ORIENTED_EDGE('',*,*,#13149,.T.);
#13149 = EDGE_CURVE('',#13101,#13150,#13152,.T.);
#13150 = VERTEX_POINT('',#13151);
#13151 = CARTESIAN_POINT('',(0.885,-0.6,0.441926223426));
#13152 = SURFACE_CURVE('',#13153,(#13157,#13164),.PCURVE_S1.);
#13153 = LINE('',#13154,#13155);
#13154 = CARTESIAN_POINT('',(0.885,-0.6,0.466483135606));
#13155 = VECTOR('',#13156,1.);
#13156 = DIRECTION('',(0.,-2.22044604925E-16,-1.));
#13157 = PCURVE('',#12709,#13158);
#13158 = DEFINITIONAL_REPRESENTATION('',(#13159),#13163);
#13159 = LINE('',#13160,#13161);
#13160 = CARTESIAN_POINT('',(-0.5,0.));
#13161 = VECTOR('',#13162,1.);
#13162 = DIRECTION('',(-0.,-1.));
#13163 = ( GEOMETRIC_REPRESENTATION_CONTEXT(2) 
PARAMETRIC_REPRESENTATION_CONTEXT() REPRESENTATION_CONTEXT('2D SPACE',''
  ) );
#13164 = PCURVE('',#12280,#13165);
#13165 = DEFINITIONAL_REPRESENTATION('',(#13166),#13170);
#13166 = LINE('',#13167,#13168);
#13167 = CARTESIAN_POINT('',(0.2,2.455691218E-02));
#13168 = VECTOR('',#13169,1.);
#13169 = DIRECTION('',(0.,-1.));
#13170 = ( GEOMETRIC_REPRESENTATION_CONTEXT(2) 
PARAMETRIC_REPRESENTATION_CONTEXT() REPRESENTATION_CONTEXT('2D SPACE',''
  ) );
#13171 = ORIENTED_EDGE('',*,*,#13172,.F.);
#13172 = EDGE_CURVE('',#12694,#13150,#13173,.T.);
#13173 = SURFACE_CURVE('',#13174,(#13178,#13185),.PCURVE_S1.);
#13174 = LINE('',#13175,#13176);
#13175 = CARTESIAN_POINT('',(0.385,-0.6,0.441926223426));
#13176 = VECTOR('',#13177,1.);
#13177 = DIRECTION('',(1.,0.,0.));
#13178 = PCURVE('',#12709,#13179);
#13179 = DEFINITIONAL_REPRESENTATION('',(#13180),#13184);
#13180 = LINE('',#13181,#13182);
#13181 = CARTESIAN_POINT('',(0.,-2.455691218E-02));
#13182 = VECTOR('',#13183,1.);
#13183 = DIRECTION('',(-1.,0.));
#13184 = ( GEOMETRIC_REPRESENTATION_CONTEXT(2) 
PARAMETRIC_REPRESENTATION_CONTEXT() REPRESENTATION_CONTEXT('2D SPACE',''
  ) );
#13185 = PCURVE('',#12742,#13186);
#13186 = DEFINITIONAL_REPRESENTATION('',(#13187),#13191);
#13187 = LINE('',#13188,#13189);
#13188 = CARTESIAN_POINT('',(1.570796326795,0.));
#13189 = VECTOR('',#13190,1.);
#13190 = DIRECTION('',(0.,1.));
#13191 = ( GEOMETRIC_REPRESENTATION_CONTEXT(2) 
PARAMETRIC_REPRESENTATION_CONTEXT() REPRESENTATION_CONTEXT('2D SPACE',''
  ) );
#13192 = ORIENTED_EDGE('',*,*,#12693,.F.);
#13193 = ORIENTED_EDGE('',*,*,#13123,.T.);
#13194 = ADVANCED_FACE('',(#13195),#12742,.F.);
#13195 = FACE_BOUND('',#13196,.F.);
#13196 = EDGE_LOOP('',(#13197,#13198,#13199,#13200));
#13197 = ORIENTED_EDGE('',*,*,#13172,.F.);
#13198 = ORIENTED_EDGE('',*,*,#12721,.T.);
#13199 = ORIENTED_EDGE('',*,*,#12982,.T.);
#13200 = ORIENTED_EDGE('',*,*,#13201,.F.);
#13201 = EDGE_CURVE('',#13150,#12983,#13202,.T.);
#13202 = SURFACE_CURVE('',#13203,(#13208,#13215),.PCURVE_S1.);
#13203 = CIRCLE('',#13204,0.2);
#13204 = AXIS2_PLACEMENT_3D('',#13205,#13206,#13207);
#13205 = CARTESIAN_POINT('',(0.885,-0.4,0.441926223426));
#13206 = DIRECTION('',(1.,0.,-0.));
#13207 = DIRECTION('',(0.,2.22044604925E-16,1.));
#13208 = PCURVE('',#12742,#13209);
#13209 = DEFINITIONAL_REPRESENTATION('',(#13210),#13214);
#13210 = LINE('',#13211,#13212);
#13211 = CARTESIAN_POINT('',(0.,0.5));
#13212 = VECTOR('',#13213,1.);
#13213 = DIRECTION('',(1.,0.));
#13214 = ( GEOMETRIC_REPRESENTATION_CONTEXT(2) 
PARAMETRIC_REPRESENTATION_CONTEXT() REPRESENTATION_CONTEXT('2D SPACE',''
  ) );
#13215 = PCURVE('',#12280,#13216);
#13216 = DEFINITIONAL_REPRESENTATION('',(#13217),#13221);
#13217 = CIRCLE('',#13218,0.2);
#13218 = AXIS2_PLACEMENT_2D('',#13219,#13220);
#13219 = CARTESIAN_POINT('',(0.4,8.881784197E-17));
#13220 = DIRECTION('',(0.,1.));
#13221 = ( GEOMETRIC_REPRESENTATION_CONTEXT(2) 
PARAMETRIC_REPRESENTATION_CONTEXT() REPRESENTATION_CONTEXT('2D SPACE',''
  ) );
#13222 = ADVANCED_FACE('',(#13223),#12816,.T.);
#13223 = FACE_BOUND('',#13224,.T.);
#13224 = EDGE_LOOP('',(#13225,#13226,#13249,#13270));
#13225 = ORIENTED_EDGE('',*,*,#12931,.F.);
#13226 = ORIENTED_EDGE('',*,*,#13227,.T.);
#13227 = EDGE_CURVE('',#12932,#13228,#13230,.T.);
#13228 = VERTEX_POINT('',#13229);
#13229 = CARTESIAN_POINT('',(0.885,0.50621792591,1.480666200496));
#13230 = SURFACE_CURVE('',#13231,(#13235,#13242),.PCURVE_S1.);
#13231 = LINE('',#13232,#13233);
#13232 = CARTESIAN_POINT('',(0.885,0.599238939618,0.417431148549));
#13233 = VECTOR('',#13234,1.);
#13234 = DIRECTION('',(0.,-8.715574274746E-02,0.996194698092));
#13235 = PCURVE('',#12816,#13236);
#13236 = DEFINITIONAL_REPRESENTATION('',(#13237),#13241);
#13237 = LINE('',#13238,#13239);
#13238 = CARTESIAN_POINT('',(0.5,0.230073681444));
#13239 = VECTOR('',#13240,1.);
#13240 = DIRECTION('',(0.,1.));
#13241 = ( GEOMETRIC_REPRESENTATION_CONTEXT(2) 
PARAMETRIC_REPRESENTATION_CONTEXT() REPRESENTATION_CONTEXT('2D SPACE',''
  ) );
#13242 = PCURVE('',#12280,#13243);
#13243 = DEFINITIONAL_REPRESENTATION('',(#13244),#13248);
#13244 = LINE('',#13245,#13246);
#13245 = CARTESIAN_POINT('',(1.399238939618,-2.4495074877E-02));
#13246 = VECTOR('',#13247,1.);
#13247 = DIRECTION('',(-8.715574274746E-02,0.996194698092));
#13248 = ( GEOMETRIC_REPRESENTATION_CONTEXT(2) 
PARAMETRIC_REPRESENTATION_CONTEXT() REPRESENTATION_CONTEXT('2D SPACE',''
  ) );
#13249 = ORIENTED_EDGE('',*,*,#13250,.F.);
#13250 = EDGE_CURVE('',#12801,#13228,#13251,.T.);
#13251 = SURFACE_CURVE('',#13252,(#13256,#13263),.PCURVE_S1.);
#13252 = LINE('',#13253,#13254);
#13253 = CARTESIAN_POINT('',(0.385,0.50621792591,1.480666200496));
#13254 = VECTOR('',#13255,1.);
#13255 = DIRECTION('',(1.,0.,0.));
#13256 = PCURVE('',#12816,#13257);
#13257 = DEFINITIONAL_REPRESENTATION('',(#13258),#13262);
#13258 = LINE('',#13259,#13260);
#13259 = CARTESIAN_POINT('',(0.,1.29737011856));
#13260 = VECTOR('',#13261,1.);
#13261 = DIRECTION('',(1.,0.));
#13262 = ( GEOMETRIC_REPRESENTATION_CONTEXT(2) 
PARAMETRIC_REPRESENTATION_CONTEXT() REPRESENTATION_CONTEXT('2D SPACE',''
  ) );
#13263 = PCURVE('',#12844,#13264);
#13264 = DEFINITIONAL_REPRESENTATION('',(#13265),#13269);
#13265 = LINE('',#13266,#13267);
#13266 = CARTESIAN_POINT('',(0.,0.));
#13267 = VECTOR('',#13268,1.);
#13268 = DIRECTION('',(0.,1.));
#13269 = ( GEOMETRIC_REPRESENTATION_CONTEXT(2) 
PARAMETRIC_REPRESENTATION_CONTEXT() REPRESENTATION_CONTEXT('2D SPACE',''
  ) );
#13270 = ORIENTED_EDGE('',*,*,#12800,.F.);
#13271 = ADVANCED_FACE('',(#13272),#12844,.T.);
#13272 = FACE_BOUND('',#13273,.T.);
#13273 = EDGE_LOOP('',(#13274,#13297,#13318,#13319));
#13274 = ORIENTED_EDGE('',*,*,#13275,.T.);
#13275 = EDGE_CURVE('',#13228,#13276,#13278,.T.);
#13276 = VERTEX_POINT('',#13277);
#13277 = CARTESIAN_POINT('',(0.885,0.705456865528,1.498097349046));
#13278 = SURFACE_CURVE('',#13279,(#13283,#13290),.PCURVE_S1.);
#13279 = LINE('',#13280,#13281);
#13280 = CARTESIAN_POINT('',(0.885,0.50621792591,1.480666200496));
#13281 = VECTOR('',#13282,1.);
#13282 = DIRECTION('',(0.,0.996194698092,8.715574274777E-02));
#13283 = PCURVE('',#12844,#13284);
#13284 = DEFINITIONAL_REPRESENTATION('',(#13285),#13289);
#13285 = LINE('',#13286,#13287);
#13286 = CARTESIAN_POINT('',(0.,0.5));
#13287 = VECTOR('',#13288,1.);
#13288 = DIRECTION('',(-1.,0.));
#13289 = ( GEOMETRIC_REPRESENTATION_CONTEXT(2) 
PARAMETRIC_REPRESENTATION_CONTEXT() REPRESENTATION_CONTEXT('2D SPACE',''
  ) );
#13290 = PCURVE('',#12280,#13291);
#13291 = DEFINITIONAL_REPRESENTATION('',(#13292),#13296);
#13292 = LINE('',#13293,#13294);
#13293 = CARTESIAN_POINT('',(1.30621792591,1.03873997707));
#13294 = VECTOR('',#13295,1.);
#13295 = DIRECTION('',(0.996194698092,8.715574274777E-02));
#13296 = ( GEOMETRIC_REPRESENTATION_CONTEXT(2) 
PARAMETRIC_REPRESENTATION_CONTEXT() REPRESENTATION_CONTEXT('2D SPACE',''
  ) );
#13297 = ORIENTED_EDGE('',*,*,#13298,.F.);
#13298 = EDGE_CURVE('',#12829,#13276,#13299,.T.);
#13299 = SURFACE_CURVE('',#13300,(#13304,#13311),.PCURVE_S1.);
#13300 = LINE('',#13301,#13302);
#13301 = CARTESIAN_POINT('',(0.385,0.705456865528,1.498097349046));
#13302 = VECTOR('',#13303,1.);
#13303 = DIRECTION('',(1.,0.,0.));
#13304 = PCURVE('',#12844,#13305);
#13305 = DEFINITIONAL_REPRESENTATION('',(#13306),#13310);
#13306 = LINE('',#13307,#13308);
#13307 = CARTESIAN_POINT('',(-0.2,0.));
#13308 = VECTOR('',#13309,1.);
#13309 = DIRECTION('',(0.,1.));
#13310 = ( GEOMETRIC_REPRESENTATION_CONTEXT(2) 
PARAMETRIC_REPRESENTATION_CONTEXT() REPRESENTATION_CONTEXT('2D SPACE',''
  ) );
#13311 = PCURVE('',#12457,#13312);
#13312 = DEFINITIONAL_REPRESENTATION('',(#13313),#13317);
#13313 = LINE('',#13314,#13315);
#13314 = CARTESIAN_POINT('',(0.,0.));
#13315 = VECTOR('',#13316,1.);
#13316 = DIRECTION('',(-1.,0.));
#13317 = ( GEOMETRIC_REPRESENTATION_CONTEXT(2) 
PARAMETRIC_REPRESENTATION_CONTEXT() REPRESENTATION_CONTEXT('2D SPACE',''
  ) );
#13318 = ORIENTED_EDGE('',*,*,#12828,.F.);
#13319 = ORIENTED_EDGE('',*,*,#13250,.T.);
#13320 = ADVANCED_FACE('',(#13321),#12457,.T.);
#13321 = FACE_BOUND('',#13322,.T.);
#13322 = EDGE_LOOP('',(#13323,#13324,#13325,#13326));
#13323 = ORIENTED_EDGE('',*,*,#12441,.F.);
#13324 = ORIENTED_EDGE('',*,*,#12856,.F.);
#13325 = ORIENTED_EDGE('',*,*,#13298,.T.);
#13326 = ORIENTED_EDGE('',*,*,#13327,.T.);
#13327 = EDGE_CURVE('',#13276,#12442,#13328,.T.);
#13328 = SURFACE_CURVE('',#13329,(#13333,#13340),.PCURVE_S1.);
#13329 = LINE('',#13330,#13331);
#13330 = CARTESIAN_POINT('',(0.885,0.705456865528,1.498097349046));
#13331 = VECTOR('',#13332,1.);
#13332 = DIRECTION('',(0.,8.715574274747E-02,-0.996194698092));
#13333 = PCURVE('',#12457,#13334);
#13334 = DEFINITIONAL_REPRESENTATION('',(#13335),#13339);
#13335 = LINE('',#13336,#13337);
#13336 = CARTESIAN_POINT('',(-0.5,0.));
#13337 = VECTOR('',#13338,1.);
#13338 = DIRECTION('',(0.,-1.));
#13339 = ( GEOMETRIC_REPRESENTATION_CONTEXT(2) 
PARAMETRIC_REPRESENTATION_CONTEXT() REPRESENTATION_CONTEXT('2D SPACE',''
  ) );
#13340 = PCURVE('',#12280,#13341);
#13341 = DEFINITIONAL_REPRESENTATION('',(#13342),#13346);
#13342 = LINE('',#13343,#13344);
#13343 = CARTESIAN_POINT('',(1.505456865528,1.05617112562));
#13344 = VECTOR('',#13345,1.);
#13345 = DIRECTION('',(8.715574274747E-02,-0.996194698092));
#13346 = ( GEOMETRIC_REPRESENTATION_CONTEXT(2) 
PARAMETRIC_REPRESENTATION_CONTEXT() REPRESENTATION_CONTEXT('2D SPACE',''
  ) );
#13347 = ADVANCED_FACE('',(#13348),#12625,.T.);
#13348 = FACE_BOUND('',#13349,.T.);
#13349 = EDGE_LOOP('',(#13350,#13376,#13377,#13378));
#13350 = ORIENTED_EDGE('',*,*,#13351,.T.);
#13351 = EDGE_CURVE('',#12883,#13030,#13352,.T.);
#13352 = SURFACE_CURVE('',#13353,(#13358,#13365),.PCURVE_S1.);
#13353 = CIRCLE('',#13354,0.4);
#13354 = AXIS2_PLACEMENT_3D('',#13355,#13356,#13357);
#13355 = CARTESIAN_POINT('',(0.885,-0.4,0.441926223426));
#13356 = DIRECTION('',(-1.,0.,0.));
#13357 = DIRECTION('',(0.,2.22044604925E-16,1.));
#13358 = PCURVE('',#12625,#13359);
#13359 = DEFINITIONAL_REPRESENTATION('',(#13360),#13364);
#13360 = LINE('',#13361,#13362);
#13361 = CARTESIAN_POINT('',(6.28318530718,0.5));
#13362 = VECTOR('',#13363,1.);
#13363 = DIRECTION('',(-1.,0.));
#13364 = ( GEOMETRIC_REPRESENTATION_CONTEXT(2) 
PARAMETRIC_REPRESENTATION_CONTEXT() REPRESENTATION_CONTEXT('2D SPACE',''
  ) );
#13365 = PCURVE('',#12280,#13366);
#13366 = DEFINITIONAL_REPRESENTATION('',(#13367),#13375);
#13367 = ( BOUNDED_CURVE() B_SPLINE_CURVE(2,(#13368,#13369,#13370,#13371
    ,#13372,#13373,#13374),.UNSPECIFIED.,.T.,.F.) 
B_SPLINE_CURVE_WITH_KNOTS((1,2,2,2,2,1),(-2.094395102393,0.,
    2.094395102393,4.188790204786,6.28318530718,8.377580409573),
.UNSPECIFIED.) CURVE() GEOMETRIC_REPRESENTATION_ITEM() 
RATIONAL_B_SPLINE_CURVE((1.,0.5,1.,0.5,1.,0.5,1.)) REPRESENTATION_ITEM(
  '') );
#13368 = CARTESIAN_POINT('',(0.4,0.4));
#13369 = CARTESIAN_POINT('',(1.092820323028,0.4));
#13370 = CARTESIAN_POINT('',(0.746410161514,-0.2));
#13371 = CARTESIAN_POINT('',(0.4,-0.8));
#13372 = CARTESIAN_POINT('',(5.358983848622E-02,-0.2));
#13373 = CARTESIAN_POINT('',(-0.292820323028,0.4));
#13374 = CARTESIAN_POINT('',(0.4,0.4));
#13375 = ( GEOMETRIC_REPRESENTATION_CONTEXT(2) 
PARAMETRIC_REPRESENTATION_CONTEXT() REPRESENTATION_CONTEXT('2D SPACE',''
  ) );
#13376 = ORIENTED_EDGE('',*,*,#13076,.F.);
#13377 = ORIENTED_EDGE('',*,*,#12608,.F.);
#13378 = ORIENTED_EDGE('',*,*,#12905,.T.);
#13379 = ADVANCED_FACE('',(#13380),#12280,.T.);
#13380 = FACE_BOUND('',#13381,.T.);
#13381 = EDGE_LOOP('',(#13382,#13383,#13384,#13385,#13386,#13387,#13388,
    #13389,#13390,#13391,#13392,#13393,#13394,#13395));
#13382 = ORIENTED_EDGE('',*,*,#12469,.F.);
#13383 = ORIENTED_EDGE('',*,*,#13327,.F.);
#13384 = ORIENTED_EDGE('',*,*,#13275,.F.);
#13385 = ORIENTED_EDGE('',*,*,#13227,.F.);
#13386 = ORIENTED_EDGE('',*,*,#12954,.F.);
#13387 = ORIENTED_EDGE('',*,*,#12256,.F.);
#13388 = ORIENTED_EDGE('',*,*,#13005,.F.);
#13389 = ORIENTED_EDGE('',*,*,#13201,.F.);
#13390 = ORIENTED_EDGE('',*,*,#13149,.F.);
#13391 = ORIENTED_EDGE('',*,*,#13100,.F.);
#13392 = ORIENTED_EDGE('',*,*,#13029,.F.);
#13393 = ORIENTED_EDGE('',*,*,#13351,.F.);
#13394 = ORIENTED_EDGE('',*,*,#12882,.F.);
#13395 = ORIENTED_EDGE('',*,*,#12499,.F.);
#13396 = ( GEOMETRIC_REPRESENTATION_CONTEXT(3) 
GLOBAL_UNCERTAINTY_ASSIGNED_CONTEXT((#13400)) 
GLOBAL_UNIT_ASSIGNED_CONTEXT((#13397,#13398,#13399)) 
REPRESENTATION_CONTEXT('Context #1',
  '3D Context with UNIT and UNCERTAINTY') );
#13397 = ( LENGTH_UNIT() NAMED_UNIT(*) SI_UNIT(.MILLI.,.METRE.) );
#13398 = ( NAMED_UNIT(*) PLANE_ANGLE_UNIT() SI_UNIT($,.RADIAN.) );
#13399 = ( NAMED_UNIT(*) SI_UNIT($,.STERADIAN.) SOLID_ANGLE_UNIT() );
#13400 = UNCERTAINTY_MEASURE_WITH_UNIT(LENGTH_MEASURE(1.E-07),#13397,
  'distance_accuracy_value','confusion accuracy');
#13401 = CONTEXT_DEPENDENT_SHAPE_REPRESENTATION(#13402,#13404);
#13402 = ( REPRESENTATION_RELATIONSHIP('','',#12249,#10) 
REPRESENTATION_RELATIONSHIP_WITH_TRANSFORMATION(#13403) 
SHAPE_REPRESENTATION_RELATIONSHIP() );
#13403 = ITEM_DEFINED_TRANSFORMATION('','',#11,#23);
#13404 = PRODUCT_DEFINITION_SHAPE('Placement','Placement of an item',
  #13405);
#13405 = NEXT_ASSEMBLY_USAGE_OCCURRENCE('3','=>[0:1:1:4]','',#5,#12244,$
  );
#13406 = PRODUCT_RELATED_PRODUCT_CATEGORY('part',$,(#12246));
#13407 = SHAPE_DEFINITION_REPRESENTATION(#13408,#13414);
#13408 = PRODUCT_DEFINITION_SHAPE('','',#13409);
#13409 = PRODUCT_DEFINITION('design','',#13410,#13413);
#13410 = PRODUCT_DEFINITION_FORMATION('','',#13411);
#13411 = PRODUCT('SOLID','SOLID','',(#13412));
#13412 = PRODUCT_CONTEXT('',#2,'mechanical');
#13413 = PRODUCT_DEFINITION_CONTEXT('part definition',#2,'design');
#13414 = ADVANCED_BREP_SHAPE_REPRESENTATION('',(#11,#13415),#14561);
#13415 = MANIFOLD_SOLID_BREP('',#13416);
#13416 = CLOSED_SHELL('',(#13417,#13539,#13659,#13745,#14042,#14091,
    #14141,#14190,#14261,#14310,#14359,#14387,#14436,#14485,#14512,
    #14544));
#13417 = ADVANCED_FACE('',(#13418),#13433,.F.);
#13418 = FACE_BOUND('',#13419,.F.);
#13419 = EDGE_LOOP('',(#13420,#13456,#13484,#13513));
#13420 = ORIENTED_EDGE('',*,*,#13421,.F.);
#13421 = EDGE_CURVE('',#13422,#13424,#13426,.T.);
#13422 = VERTEX_POINT('',#13423);
#13423 = CARTESIAN_POINT('',(-0.385,0.389532808751,0.200274093049));
#13424 = VERTEX_POINT('',#13425);
#13425 = CARTESIAN_POINT('',(-0.385,0.543867960068,0.261068325908));
#13426 = SURFACE_CURVE('',#13427,(#13432,#13444),.PCURVE_S1.);
#13427 = CIRCLE('',#13428,0.2);
#13428 = AXIS2_PLACEMENT_3D('',#13429,#13430,#13431);
#13429 = CARTESIAN_POINT('',(-0.385,0.4,0.4));
#13430 = DIRECTION('',(1.,-0.,0.));
#13431 = DIRECTION('',(0.,0.719339800339,-0.694658370459));
#13432 = PCURVE('',#13433,#13438);
#13433 = CYLINDRICAL_SURFACE('',#13434,0.2);
#13434 = AXIS2_PLACEMENT_3D('',#13435,#13436,#13437);
#13435 = CARTESIAN_POINT('',(-0.885,0.4,0.4));
#13436 = DIRECTION('',(1.,0.,0.));
#13437 = DIRECTION('',(0.,0.719339800339,-0.694658370459));
#13438 = DEFINITIONAL_REPRESENTATION('',(#13439),#13443);
#13439 = LINE('',#13440,#13441);
#13440 = CARTESIAN_POINT('',(2.6645352591E-15,0.5));
#13441 = VECTOR('',#13442,1.);
#13442 = DIRECTION('',(1.,0.));
#13443 = ( GEOMETRIC_REPRESENTATION_CONTEXT(2) 
PARAMETRIC_REPRESENTATION_CONTEXT() REPRESENTATION_CONTEXT('2D SPACE',''
  ) );
#13444 = PCURVE('',#13445,#13450);
#13445 = PLANE('',#13446);
#13446 = AXIS2_PLACEMENT_3D('',#13447,#13448,#13449);
#13447 = CARTESIAN_POINT('',(-0.385,-0.8,0.441926223426));
#13448 = DIRECTION('',(1.,0.,0.));
#13449 = DIRECTION('',(0.,1.,-2.22044604925E-16));
#13450 = DEFINITIONAL_REPRESENTATION('',(#13451),#13455);
#13451 = CIRCLE('',#13452,0.2);
#13452 = AXIS2_PLACEMENT_2D('',#13453,#13454);
#13453 = CARTESIAN_POINT('',(1.2,-4.1926223426E-02));
#13454 = DIRECTION('',(0.719339800339,-0.694658370459));
#13455 = ( GEOMETRIC_REPRESENTATION_CONTEXT(2) 
PARAMETRIC_REPRESENTATION_CONTEXT() REPRESENTATION_CONTEXT('2D SPACE',''
  ) );
#13456 = ORIENTED_EDGE('',*,*,#13457,.F.);
#13457 = EDGE_CURVE('',#13458,#13422,#13460,.T.);
#13458 = VERTEX_POINT('',#13459);
#13459 = CARTESIAN_POINT('',(-0.885,0.389532808751,0.200274093049));
#13460 = SURFACE_CURVE('',#13461,(#13465,#13472),.PCURVE_S1.);
#13461 = LINE('',#13462,#13463);
#13462 = CARTESIAN_POINT('',(-0.885,0.389532808751,0.200274093049));
#13463 = VECTOR('',#13464,1.);
#13464 = DIRECTION('',(1.,0.,0.));
#13465 = PCURVE('',#13433,#13466);
#13466 = DEFINITIONAL_REPRESENTATION('',(#13467),#13471);
#13467 = LINE('',#13468,#13469);
#13468 = CARTESIAN_POINT('',(5.427973973702,0.));
#13469 = VECTOR('',#13470,1.);
#13470 = DIRECTION('',(0.,1.));
#13471 = ( GEOMETRIC_REPRESENTATION_CONTEXT(2) 
PARAMETRIC_REPRESENTATION_CONTEXT() REPRESENTATION_CONTEXT('2D SPACE',''
  ) );
#13472 = PCURVE('',#13473,#13478);
#13473 = PLANE('',#13474);
#13474 = AXIS2_PLACEMENT_3D('',#13475,#13476,#13477);
#13475 = CARTESIAN_POINT('',(-0.885,-0.410467191249,0.242200316476));
#13476 = DIRECTION('',(0.,5.233595624305E-02,0.998629534755));
#13477 = DIRECTION('',(0.,-0.998629534755,5.233595624305E-02));
#13478 = DEFINITIONAL_REPRESENTATION('',(#13479),#13483);
#13479 = LINE('',#13480,#13481);
#13480 = CARTESIAN_POINT('',(-0.801097876798,0.));
#13481 = VECTOR('',#13482,1.);
#13482 = DIRECTION('',(0.,1.));
#13483 = ( GEOMETRIC_REPRESENTATION_CONTEXT(2) 
PARAMETRIC_REPRESENTATION_CONTEXT() REPRESENTATION_CONTEXT('2D SPACE',''
  ) );
#13484 = ORIENTED_EDGE('',*,*,#13485,.F.);
#13485 = EDGE_CURVE('',#13486,#13458,#13488,.T.);
#13486 = VERTEX_POINT('',#13487);
#13487 = CARTESIAN_POINT('',(-0.885,0.543867960068,0.261068325908));
#13488 = SURFACE_CURVE('',#13489,(#13494,#13501),.PCURVE_S1.);
#13489 = CIRCLE('',#13490,0.2);
#13490 = AXIS2_PLACEMENT_3D('',#13491,#13492,#13493);
#13491 = CARTESIAN_POINT('',(-0.885,0.4,0.4));
#13492 = DIRECTION('',(-1.,-0.,0.));
#13493 = DIRECTION('',(-0.,0.719339800339,-0.694658370459));
#13494 = PCURVE('',#13433,#13495);
#13495 = DEFINITIONAL_REPRESENTATION('',(#13496),#13500);
#13496 = LINE('',#13497,#13498);
#13497 = CARTESIAN_POINT('',(6.28318530718,0.));
#13498 = VECTOR('',#13499,1.);
#13499 = DIRECTION('',(-1.,0.));
#13500 = ( GEOMETRIC_REPRESENTATION_CONTEXT(2) 
PARAMETRIC_REPRESENTATION_CONTEXT() REPRESENTATION_CONTEXT('2D SPACE',''
  ) );
#13501 = PCURVE('',#13502,#13507);
#13502 = PLANE('',#13503);
#13503 = AXIS2_PLACEMENT_3D('',#13504,#13505,#13506);
#13504 = CARTESIAN_POINT('',(-0.885,-0.183089821524,0.476316299651));
#13505 = DIRECTION('',(-1.,0.,0.));
#13506 = DIRECTION('',(0.,-1.,2.22044604925E-16));
#13507 = DEFINITIONAL_REPRESENTATION('',(#13508),#13512);
#13508 = CIRCLE('',#13509,0.2);
#13509 = AXIS2_PLACEMENT_2D('',#13510,#13511);
#13510 = CARTESIAN_POINT('',(-0.583089821524,-7.6316299651E-02));
#13511 = DIRECTION('',(-0.719339800339,-0.694658370459));
#13512 = ( GEOMETRIC_REPRESENTATION_CONTEXT(2) 
PARAMETRIC_REPRESENTATION_CONTEXT() REPRESENTATION_CONTEXT('2D SPACE',''
  ) );
#13513 = ORIENTED_EDGE('',*,*,#13514,.T.);
#13514 = EDGE_CURVE('',#13486,#13424,#13515,.T.);
#13515 = SURFACE_CURVE('',#13516,(#13520,#13527),.PCURVE_S1.);
#13516 = LINE('',#13517,#13518);
#13517 = CARTESIAN_POINT('',(-0.885,0.543867960068,0.261068325908));
#13518 = VECTOR('',#13519,1.);
#13519 = DIRECTION('',(1.,0.,0.));
#13520 = PCURVE('',#13433,#13521);
#13521 = DEFINITIONAL_REPRESENTATION('',(#13522),#13526);
#13522 = LINE('',#13523,#13524);
#13523 = CARTESIAN_POINT('',(6.28318530718,0.));
#13524 = VECTOR('',#13525,1.);
#13525 = DIRECTION('',(0.,1.));
#13526 = ( GEOMETRIC_REPRESENTATION_CONTEXT(2) 
PARAMETRIC_REPRESENTATION_CONTEXT() REPRESENTATION_CONTEXT('2D SPACE',''
  ) );
#13527 = PCURVE('',#13528,#13533);
#13528 = CYLINDRICAL_SURFACE('',#13529,0.2);
#13529 = AXIS2_PLACEMENT_3D('',#13530,#13531,#13532);
#13530 = CARTESIAN_POINT('',(-0.885,0.4,0.4));
#13531 = DIRECTION('',(1.,0.,0.));
#13532 = DIRECTION('',(0.,0.719339800339,-0.694658370459));
#13533 = DEFINITIONAL_REPRESENTATION('',(#13534),#13538);
#13534 = LINE('',#13535,#13536);
#13535 = CARTESIAN_POINT('',(0.,0.));
#13536 = VECTOR('',#13537,1.);
#13537 = DIRECTION('',(0.,1.));
#13538 = ( GEOMETRIC_REPRESENTATION_CONTEXT(2) 
PARAMETRIC_REPRESENTATION_CONTEXT() REPRESENTATION_CONTEXT('2D SPACE',''
  ) );
#13539 = ADVANCED_FACE('',(#13540),#13554,.T.);
#13540 = FACE_BOUND('',#13541,.T.);
#13541 = EDGE_LOOP('',(#13542,#13577,#13605,#13633));
#13542 = ORIENTED_EDGE('',*,*,#13543,.F.);
#13543 = EDGE_CURVE('',#13544,#13546,#13548,.T.);
#13544 = VERTEX_POINT('',#13545);
#13545 = CARTESIAN_POINT('',(-0.885,0.687735920135,0.122136651816));
#13546 = VERTEX_POINT('',#13547);
#13547 = CARTESIAN_POINT('',(-0.385,0.687735920135,0.122136651816));
#13548 = SURFACE_CURVE('',#13549,(#13553,#13565),.PCURVE_S1.);
#13549 = LINE('',#13550,#13551);
#13550 = CARTESIAN_POINT('',(-0.885,0.687735920135,0.122136651816));
#13551 = VECTOR('',#13552,1.);
#13552 = DIRECTION('',(1.,0.,0.));
#13553 = PCURVE('',#13554,#13559);
#13554 = CYLINDRICAL_SURFACE('',#13555,0.4);
#13555 = AXIS2_PLACEMENT_3D('',#13556,#13557,#13558);
#13556 = CARTESIAN_POINT('',(-0.885,0.4,0.4));
#13557 = DIRECTION('',(1.,0.,0.));
#13558 = DIRECTION('',(0.,0.719339800339,-0.694658370459));
#13559 = DEFINITIONAL_REPRESENTATION('',(#13560),#13564);
#13560 = LINE('',#13561,#13562);
#13561 = CARTESIAN_POINT('',(0.,0.));
#13562 = VECTOR('',#13563,1.);
#13563 = DIRECTION('',(0.,1.));
#13564 = ( GEOMETRIC_REPRESENTATION_CONTEXT(2) 
PARAMETRIC_REPRESENTATION_CONTEXT() REPRESENTATION_CONTEXT('2D SPACE',''
  ) );
#13565 = PCURVE('',#13566,#13571);
#13566 = CYLINDRICAL_SURFACE('',#13567,0.4);
#13567 = AXIS2_PLACEMENT_3D('',#13568,#13569,#13570);
#13568 = CARTESIAN_POINT('',(-0.885,0.4,0.4));
#13569 = DIRECTION('',(1.,0.,0.));
#13570 = DIRECTION('',(0.,0.719339800339,-0.694658370459));
#13571 = DEFINITIONAL_REPRESENTATION('',(#13572),#13576);
#13572 = LINE('',#13573,#13574);
#13573 = CARTESIAN_POINT('',(6.28318530718,0.));
#13574 = VECTOR('',#13575,1.);
#13575 = DIRECTION('',(0.,1.));
#13576 = ( GEOMETRIC_REPRESENTATION_CONTEXT(2) 
PARAMETRIC_REPRESENTATION_CONTEXT() REPRESENTATION_CONTEXT('2D SPACE',''
  ) );
#13577 = ORIENTED_EDGE('',*,*,#13578,.T.);
#13578 = EDGE_CURVE('',#13544,#13579,#13581,.T.);
#13579 = VERTEX_POINT('',#13580);
#13580 = CARTESIAN_POINT('',(-0.885,0.798477879237,0.434862297099));
#13581 = SURFACE_CURVE('',#13582,(#13587,#13594),.PCURVE_S1.);
#13582 = CIRCLE('',#13583,0.4);
#13583 = AXIS2_PLACEMENT_3D('',#13584,#13585,#13586);
#13584 = CARTESIAN_POINT('',(-0.885,0.4,0.4));
#13585 = DIRECTION('',(1.,-0.,0.));
#13586 = DIRECTION('',(0.,0.719339800339,-0.694658370459));
#13587 = PCURVE('',#13554,#13588);
#13588 = DEFINITIONAL_REPRESENTATION('',(#13589),#13593);
#13589 = LINE('',#13590,#13591);
#13590 = CARTESIAN_POINT('',(0.,0.));
#13591 = VECTOR('',#13592,1.);
#13592 = DIRECTION('',(1.,0.));
#13593 = ( GEOMETRIC_REPRESENTATION_CONTEXT(2) 
PARAMETRIC_REPRESENTATION_CONTEXT() REPRESENTATION_CONTEXT('2D SPACE',''
  ) );
#13594 = PCURVE('',#13502,#13595);
#13595 = DEFINITIONAL_REPRESENTATION('',(#13596),#13604);
#13596 = ( BOUNDED_CURVE() B_SPLINE_CURVE(2,(#13597,#13598,#13599,#13600
    ,#13601,#13602,#13603),.UNSPECIFIED.,.T.,.F.) 
B_SPLINE_CURVE_WITH_KNOTS((1,2,2,2,2,1),(-2.094395102393,0.,
    2.094395102393,4.188790204786,6.28318530718,8.377580409573),
.UNSPECIFIED.) CURVE() GEOMETRIC_REPRESENTATION_ITEM() 
RATIONAL_B_SPLINE_CURVE((1.,0.5,1.,0.5,1.,0.5,1.)) REPRESENTATION_ITEM(
  '') );
#13597 = CARTESIAN_POINT('',(-0.87082574166,-0.354179647835));
#13598 = CARTESIAN_POINT('',(-1.352099178275,0.144193585003));
#13599 = CARTESIAN_POINT('',(-0.679858579764,0.311801990859));
#13600 = CARTESIAN_POINT('',(-7.617981252946E-03,0.479410396716));
#13601 = CARTESIAN_POINT('',(-0.198585143149,-0.186571241978));
#13602 = CARTESIAN_POINT('',(-0.389552305044,-0.852552880672));
#13603 = CARTESIAN_POINT('',(-0.87082574166,-0.354179647835));
#13604 = ( GEOMETRIC_REPRESENTATION_CONTEXT(2) 
PARAMETRIC_REPRESENTATION_CONTEXT() REPRESENTATION_CONTEXT('2D SPACE',''
  ) );
#13605 = ORIENTED_EDGE('',*,*,#13606,.T.);
#13606 = EDGE_CURVE('',#13579,#13607,#13609,.T.);
#13607 = VERTEX_POINT('',#13608);
#13608 = CARTESIAN_POINT('',(-0.385,0.798477879237,0.434862297099));
#13609 = SURFACE_CURVE('',#13610,(#13614,#13621),.PCURVE_S1.);
#13610 = LINE('',#13611,#13612);
#13611 = CARTESIAN_POINT('',(-0.885,0.798477879237,0.434862297099));
#13612 = VECTOR('',#13613,1.);
#13613 = DIRECTION('',(1.,0.,0.));
#13614 = PCURVE('',#13554,#13615);
#13615 = DEFINITIONAL_REPRESENTATION('',(#13616),#13620);
#13616 = LINE('',#13617,#13618);
#13617 = CARTESIAN_POINT('',(0.855211333477,0.));
#13618 = VECTOR('',#13619,1.);
#13619 = DIRECTION('',(0.,1.));
#13620 = ( GEOMETRIC_REPRESENTATION_CONTEXT(2) 
PARAMETRIC_REPRESENTATION_CONTEXT() REPRESENTATION_CONTEXT('2D SPACE',''
  ) );
#13621 = PCURVE('',#13622,#13627);
#13622 = PLANE('',#13623);
#13623 = AXIS2_PLACEMENT_3D('',#13624,#13625,#13626);
#13624 = CARTESIAN_POINT('',(-0.885,0.705456865528,1.498097349046));
#13625 = DIRECTION('',(0.,0.996194698092,8.715574274746E-02));
#13626 = DIRECTION('',(-1.,0.,0.));
#13627 = DEFINITIONAL_REPRESENTATION('',(#13628),#13632);
#13628 = LINE('',#13629,#13630);
#13629 = CARTESIAN_POINT('',(0.,-1.067296437116));
#13630 = VECTOR('',#13631,1.);
#13631 = DIRECTION('',(-1.,0.));
#13632 = ( GEOMETRIC_REPRESENTATION_CONTEXT(2) 
PARAMETRIC_REPRESENTATION_CONTEXT() REPRESENTATION_CONTEXT('2D SPACE',''
  ) );
#13633 = ORIENTED_EDGE('',*,*,#13634,.T.);
#13634 = EDGE_CURVE('',#13607,#13546,#13635,.T.);
#13635 = SURFACE_CURVE('',#13636,(#13641,#13648),.PCURVE_S1.);
#13636 = CIRCLE('',#13637,0.4);
#13637 = AXIS2_PLACEMENT_3D('',#13638,#13639,#13640);
#13638 = CARTESIAN_POINT('',(-0.385,0.4,0.4));
#13639 = DIRECTION('',(-1.,-0.,0.));
#13640 = DIRECTION('',(-0.,0.719339800339,-0.694658370459));
#13641 = PCURVE('',#13554,#13642);
#13642 = DEFINITIONAL_REPRESENTATION('',(#13643),#13647);
#13643 = LINE('',#13644,#13645);
#13644 = CARTESIAN_POINT('',(6.28318530718,0.5));
#13645 = VECTOR('',#13646,1.);
#13646 = DIRECTION('',(-1.,0.));
#13647 = ( GEOMETRIC_REPRESENTATION_CONTEXT(2) 
PARAMETRIC_REPRESENTATION_CONTEXT() REPRESENTATION_CONTEXT('2D SPACE',''
  ) );
#13648 = PCURVE('',#13445,#13649);
#13649 = DEFINITIONAL_REPRESENTATION('',(#13650),#13658);
#13650 = ( BOUNDED_CURVE() B_SPLINE_CURVE(2,(#13651,#13652,#13653,#13654
    ,#13655,#13656,#13657),.UNSPECIFIED.,.T.,.F.) 
B_SPLINE_CURVE_WITH_KNOTS((1,2,2,2,2,1),(-2.094395102393,0.,
    2.094395102393,4.188790204786,6.28318530718,8.377580409573),
.UNSPECIFIED.) CURVE() GEOMETRIC_REPRESENTATION_ITEM() 
RATIONAL_B_SPLINE_CURVE((1.,0.5,1.,0.5,1.,0.5,1.)) REPRESENTATION_ITEM(
  '') );
#13651 = CARTESIAN_POINT('',(1.487735920136,-0.31978957161));
#13652 = CARTESIAN_POINT('',(1.00646248352,-0.818162804447));
#13653 = CARTESIAN_POINT('',(0.815495321625,-0.152181165753));
#13654 = CARTESIAN_POINT('',(0.624528159729,0.513800472941));
#13655 = CARTESIAN_POINT('',(1.29676875824,0.346192067084));
#13656 = CARTESIAN_POINT('',(1.969009356751,0.178583661228));
#13657 = CARTESIAN_POINT('',(1.487735920136,-0.31978957161));
#13658 = ( GEOMETRIC_REPRESENTATION_CONTEXT(2) 
PARAMETRIC_REPRESENTATION_CONTEXT() REPRESENTATION_CONTEXT('2D SPACE',''
  ) );
#13659 = ADVANCED_FACE('',(#13660),#13566,.T.);
#13660 = FACE_BOUND('',#13661,.T.);
#13661 = EDGE_LOOP('',(#13662,#13663,#13691,#13719));
#13662 = ORIENTED_EDGE('',*,*,#13543,.T.);
#13663 = ORIENTED_EDGE('',*,*,#13664,.T.);
#13664 = EDGE_CURVE('',#13546,#13665,#13667,.T.);
#13665 = VERTEX_POINT('',#13666);
#13666 = CARTESIAN_POINT('',(-0.385,0.379065617503,5.48186098118E-04));
#13667 = SURFACE_CURVE('',#13668,(#13673,#13680),.PCURVE_S1.);
#13668 = CIRCLE('',#13669,0.4);
#13669 = AXIS2_PLACEMENT_3D('',#13670,#13671,#13672);
#13670 = CARTESIAN_POINT('',(-0.385,0.4,0.4));
#13671 = DIRECTION('',(-1.,-0.,0.));
#13672 = DIRECTION('',(-0.,0.719339800339,-0.694658370459));
#13673 = PCURVE('',#13566,#13674);
#13674 = DEFINITIONAL_REPRESENTATION('',(#13675),#13679);
#13675 = LINE('',#13676,#13677);
#13676 = CARTESIAN_POINT('',(6.28318530718,0.5));
#13677 = VECTOR('',#13678,1.);
#13678 = DIRECTION('',(-1.,0.));
#13679 = ( GEOMETRIC_REPRESENTATION_CONTEXT(2) 
PARAMETRIC_REPRESENTATION_CONTEXT() REPRESENTATION_CONTEXT('2D SPACE',''
  ) );
#13680 = PCURVE('',#13445,#13681);
#13681 = DEFINITIONAL_REPRESENTATION('',(#13682),#13690);
#13682 = ( BOUNDED_CURVE() B_SPLINE_CURVE(2,(#13683,#13684,#13685,#13686
    ,#13687,#13688,#13689),.UNSPECIFIED.,.T.,.F.) 
B_SPLINE_CURVE_WITH_KNOTS((1,2,2,2,2,1),(-2.094395102393,0.,
    2.094395102393,4.188790204786,6.28318530718,8.377580409573),
.UNSPECIFIED.) CURVE() GEOMETRIC_REPRESENTATION_ITEM() 
RATIONAL_B_SPLINE_CURVE((1.,0.5,1.,0.5,1.,0.5,1.)) REPRESENTATION_ITEM(
  '') );
#13683 = CARTESIAN_POINT('',(1.487735920136,-0.31978957161));
#13684 = CARTESIAN_POINT('',(1.00646248352,-0.818162804447));
#13685 = CARTESIAN_POINT('',(0.815495321625,-0.152181165753));
#13686 = CARTESIAN_POINT('',(0.624528159729,0.513800472941));
#13687 = CARTESIAN_POINT('',(1.29676875824,0.346192067084));
#13688 = CARTESIAN_POINT('',(1.969009356751,0.178583661228));
#13689 = CARTESIAN_POINT('',(1.487735920136,-0.31978957161));
#13690 = ( GEOMETRIC_REPRESENTATION_CONTEXT(2) 
PARAMETRIC_REPRESENTATION_CONTEXT() REPRESENTATION_CONTEXT('2D SPACE',''
  ) );
#13691 = ORIENTED_EDGE('',*,*,#13692,.T.);
#13692 = EDGE_CURVE('',#13665,#13693,#13695,.T.);
#13693 = VERTEX_POINT('',#13694);
#13694 = CARTESIAN_POINT('',(-0.885,0.379065617503,5.48186098118E-04));
#13695 = SURFACE_CURVE('',#13696,(#13700,#13707),.PCURVE_S1.);
#13696 = LINE('',#13697,#13698);
#13697 = CARTESIAN_POINT('',(-0.385,0.379065617503,5.48186098118E-04));
#13698 = VECTOR('',#13699,1.);
#13699 = DIRECTION('',(-1.,0.,0.));
#13700 = PCURVE('',#13566,#13701);
#13701 = DEFINITIONAL_REPRESENTATION('',(#13702),#13706);
#13702 = LINE('',#13703,#13704);
#13703 = CARTESIAN_POINT('',(5.427973973702,0.5));
#13704 = VECTOR('',#13705,1.);
#13705 = DIRECTION('',(0.,-1.));
#13706 = ( GEOMETRIC_REPRESENTATION_CONTEXT(2) 
PARAMETRIC_REPRESENTATION_CONTEXT() REPRESENTATION_CONTEXT('2D SPACE',''
  ) );
#13707 = PCURVE('',#13708,#13713);
#13708 = PLANE('',#13709);
#13709 = AXIS2_PLACEMENT_3D('',#13710,#13711,#13712);
#13710 = CARTESIAN_POINT('',(-0.885,0.838582364423,-2.353406615134E-02)
  );
#13711 = DIRECTION('',(0.,-5.233595624305E-02,-0.998629534755));
#13712 = DIRECTION('',(0.,0.998629534755,-5.233595624305E-02));
#13713 = DEFINITIONAL_REPRESENTATION('',(#13714),#13718);
#13714 = LINE('',#13715,#13716);
#13715 = CARTESIAN_POINT('',(-0.460147362889,0.5));
#13716 = VECTOR('',#13717,1.);
#13717 = DIRECTION('',(0.,-1.));
#13718 = ( GEOMETRIC_REPRESENTATION_CONTEXT(2) 
PARAMETRIC_REPRESENTATION_CONTEXT() REPRESENTATION_CONTEXT('2D SPACE',''
  ) );
#13719 = ORIENTED_EDGE('',*,*,#13720,.T.);
#13720 = EDGE_CURVE('',#13693,#13544,#13721,.T.);
#13721 = SURFACE_CURVE('',#13722,(#13727,#13734),.PCURVE_S1.);
#13722 = CIRCLE('',#13723,0.4);
#13723 = AXIS2_PLACEMENT_3D('',#13724,#13725,#13726);
#13724 = CARTESIAN_POINT('',(-0.885,0.4,0.4));
#13725 = DIRECTION('',(1.,-0.,0.));
#13726 = DIRECTION('',(0.,0.719339800339,-0.694658370459));
#13727 = PCURVE('',#13566,#13728);
#13728 = DEFINITIONAL_REPRESENTATION('',(#13729),#13733);
#13729 = LINE('',#13730,#13731);
#13730 = CARTESIAN_POINT('',(0.,0.));
#13731 = VECTOR('',#13732,1.);
#13732 = DIRECTION('',(1.,0.));
#13733 = ( GEOMETRIC_REPRESENTATION_CONTEXT(2) 
PARAMETRIC_REPRESENTATION_CONTEXT() REPRESENTATION_CONTEXT('2D SPACE',''
  ) );
#13734 = PCURVE('',#13502,#13735);
#13735 = DEFINITIONAL_REPRESENTATION('',(#13736),#13744);
#13736 = ( BOUNDED_CURVE() B_SPLINE_CURVE(2,(#13737,#13738,#13739,#13740
    ,#13741,#13742,#13743),.UNSPECIFIED.,.T.,.F.) 
B_SPLINE_CURVE_WITH_KNOTS((1,2,2,2,2,1),(-2.094395102393,0.,
    2.094395102393,4.188790204786,6.28318530718,8.377580409573),
.UNSPECIFIED.) CURVE() GEOMETRIC_REPRESENTATION_ITEM() 
RATIONAL_B_SPLINE_CURVE((1.,0.5,1.,0.5,1.,0.5,1.)) REPRESENTATION_ITEM(
  '') );
#13737 = CARTESIAN_POINT('',(-0.87082574166,-0.354179647835));
#13738 = CARTESIAN_POINT('',(-1.352099178275,0.144193585003));
#13739 = CARTESIAN_POINT('',(-0.679858579764,0.311801990859));
#13740 = CARTESIAN_POINT('',(-7.617981252946E-03,0.479410396716));
#13741 = CARTESIAN_POINT('',(-0.198585143149,-0.186571241978));
#13742 = CARTESIAN_POINT('',(-0.389552305044,-0.852552880672));
#13743 = CARTESIAN_POINT('',(-0.87082574166,-0.354179647835));
#13744 = ( GEOMETRIC_REPRESENTATION_CONTEXT(2) 
PARAMETRIC_REPRESENTATION_CONTEXT() REPRESENTATION_CONTEXT('2D SPACE',''
  ) );
#13745 = ADVANCED_FACE('',(#13746),#13502,.T.);
#13746 = FACE_BOUND('',#13747,.T.);
#13747 = EDGE_LOOP('',(#13748,#13749,#13772,#13801,#13829,#13857,#13885,
    #13918,#13939,#13940,#13964,#13992,#14020,#14041));
#13748 = ORIENTED_EDGE('',*,*,#13720,.F.);
#13749 = ORIENTED_EDGE('',*,*,#13750,.T.);
#13750 = EDGE_CURVE('',#13693,#13751,#13753,.T.);
#13751 = VERTEX_POINT('',#13752);
#13752 = CARTESIAN_POINT('',(-0.885,-0.420934382497,4.247440952469E-02)
  );
#13753 = SURFACE_CURVE('',#13754,(#13758,#13765),.PCURVE_S1.);
#13754 = LINE('',#13755,#13756);
#13755 = CARTESIAN_POINT('',(-0.885,0.379065617503,5.48186098118E-04));
#13756 = VECTOR('',#13757,1.);
#13757 = DIRECTION('',(3.464691999998E-17,-0.998629534755,
    5.233595624308E-02));
#13758 = PCURVE('',#13502,#13759);
#13759 = DEFINITIONAL_REPRESENTATION('',(#13760),#13764);
#13760 = LINE('',#13761,#13762);
#13761 = CARTESIAN_POINT('',(-0.562155439027,-0.475768113553));
#13762 = VECTOR('',#13763,1.);
#13763 = DIRECTION('',(0.998629534755,5.233595624308E-02));
#13764 = ( GEOMETRIC_REPRESENTATION_CONTEXT(2) 
PARAMETRIC_REPRESENTATION_CONTEXT() REPRESENTATION_CONTEXT('2D SPACE',''
  ) );
#13765 = PCURVE('',#13708,#13766);
#13766 = DEFINITIONAL_REPRESENTATION('',(#13767),#13771);
#13767 = LINE('',#13768,#13769);
#13768 = CARTESIAN_POINT('',(-0.460147362889,0.));
#13769 = VECTOR('',#13770,1.);
#13770 = DIRECTION('',(-1.,3.464691999998E-17));
#13771 = ( GEOMETRIC_REPRESENTATION_CONTEXT(2) 
PARAMETRIC_REPRESENTATION_CONTEXT() REPRESENTATION_CONTEXT('2D SPACE',''
  ) );
#13772 = ORIENTED_EDGE('',*,*,#13773,.T.);
#13773 = EDGE_CURVE('',#13751,#13774,#13776,.T.);
#13774 = VERTEX_POINT('',#13775);
#13775 = CARTESIAN_POINT('',(-0.885,-0.8,0.441926223426));
#13776 = SURFACE_CURVE('',#13777,(#13782,#13789),.PCURVE_S1.);
#13777 = CIRCLE('',#13778,0.4);
#13778 = AXIS2_PLACEMENT_3D('',#13779,#13780,#13781);
#13779 = CARTESIAN_POINT('',(-0.885,-0.4,0.441926223426));
#13780 = DIRECTION('',(-1.,0.,0.));
#13781 = DIRECTION('',(0.,2.22044604925E-16,1.));
#13782 = PCURVE('',#13502,#13783);
#13783 = DEFINITIONAL_REPRESENTATION('',(#13784),#13788);
#13784 = CIRCLE('',#13785,0.4);
#13785 = AXIS2_PLACEMENT_2D('',#13786,#13787);
#13786 = CARTESIAN_POINT('',(0.216910178476,-3.4390076225E-02));
#13787 = DIRECTION('',(0.,1.));
#13788 = ( GEOMETRIC_REPRESENTATION_CONTEXT(2) 
PARAMETRIC_REPRESENTATION_CONTEXT() REPRESENTATION_CONTEXT('2D SPACE',''
  ) );
#13789 = PCURVE('',#13790,#13795);
#13790 = CYLINDRICAL_SURFACE('',#13791,0.4);
#13791 = AXIS2_PLACEMENT_3D('',#13792,#13793,#13794);
#13792 = CARTESIAN_POINT('',(-0.885,-0.4,0.441926223426));
#13793 = DIRECTION('',(1.,0.,0.));
#13794 = DIRECTION('',(-0.,2.22044604925E-16,1.));
#13795 = DEFINITIONAL_REPRESENTATION('',(#13796),#13800);
#13796 = LINE('',#13797,#13798);
#13797 = CARTESIAN_POINT('',(6.28318530718,0.));
#13798 = VECTOR('',#13799,1.);
#13799 = DIRECTION('',(-1.,0.));
#13800 = ( GEOMETRIC_REPRESENTATION_CONTEXT(2) 
PARAMETRIC_REPRESENTATION_CONTEXT() REPRESENTATION_CONTEXT('2D SPACE',''
  ) );
#13801 = ORIENTED_EDGE('',*,*,#13802,.T.);
#13802 = EDGE_CURVE('',#13774,#13803,#13805,.T.);
#13803 = VERTEX_POINT('',#13804);
#13804 = CARTESIAN_POINT('',(-0.885,-0.8,0.466483135606));
#13805 = SURFACE_CURVE('',#13806,(#13810,#13817),.PCURVE_S1.);
#13806 = LINE('',#13807,#13808);
#13807 = CARTESIAN_POINT('',(-0.885,-0.8,0.441926223426));
#13808 = VECTOR('',#13809,1.);
#13809 = DIRECTION('',(0.,7.238376044605E-12,1.));
#13810 = PCURVE('',#13502,#13811);
#13811 = DEFINITIONAL_REPRESENTATION('',(#13812),#13816);
#13812 = LINE('',#13813,#13814);
#13813 = CARTESIAN_POINT('',(0.616910178476,-3.4390076225E-02));
#13814 = VECTOR('',#13815,1.);
#13815 = DIRECTION('',(-7.238154E-12,1.));
#13816 = ( GEOMETRIC_REPRESENTATION_CONTEXT(2) 
PARAMETRIC_REPRESENTATION_CONTEXT() REPRESENTATION_CONTEXT('2D SPACE',''
  ) );
#13817 = PCURVE('',#13818,#13823);
#13818 = PLANE('',#13819);
#13819 = AXIS2_PLACEMENT_3D('',#13820,#13821,#13822);
#13820 = CARTESIAN_POINT('',(-0.885,-0.8,0.441926223426));
#13821 = DIRECTION('',(0.,-1.,2.22044604925E-16));
#13822 = DIRECTION('',(1.,0.,0.));
#13823 = DEFINITIONAL_REPRESENTATION('',(#13824),#13828);
#13824 = LINE('',#13825,#13826);
#13825 = CARTESIAN_POINT('',(0.,0.));
#13826 = VECTOR('',#13827,1.);
#13827 = DIRECTION('',(0.,1.));
#13828 = ( GEOMETRIC_REPRESENTATION_CONTEXT(2) 
PARAMETRIC_REPRESENTATION_CONTEXT() REPRESENTATION_CONTEXT('2D SPACE',''
  ) );
#13829 = ORIENTED_EDGE('',*,*,#13830,.T.);
#13830 = EDGE_CURVE('',#13803,#13831,#13833,.T.);
#13831 = VERTEX_POINT('',#13832);
#13832 = CARTESIAN_POINT('',(-0.885,-0.6,0.466483135606));
#13833 = SURFACE_CURVE('',#13834,(#13838,#13845),.PCURVE_S1.);
#13834 = LINE('',#13835,#13836);
#13835 = CARTESIAN_POINT('',(-0.885,-0.8,0.466483135606));
#13836 = VECTOR('',#13837,1.);
#13837 = DIRECTION('',(0.,1.,-2.22044604925E-16));
#13838 = PCURVE('',#13502,#13839);
#13839 = DEFINITIONAL_REPRESENTATION('',(#13840),#13844);
#13840 = LINE('',#13841,#13842);
#13841 = CARTESIAN_POINT('',(0.616910178476,-9.833164045E-03));
#13842 = VECTOR('',#13843,1.);
#13843 = DIRECTION('',(-1.,0.));
#13844 = ( GEOMETRIC_REPRESENTATION_CONTEXT(2) 
PARAMETRIC_REPRESENTATION_CONTEXT() REPRESENTATION_CONTEXT('2D SPACE',''
  ) );
#13845 = PCURVE('',#13846,#13851);
#13846 = PLANE('',#13847);
#13847 = AXIS2_PLACEMENT_3D('',#13848,#13849,#13850);
#13848 = CARTESIAN_POINT('',(-0.885,-0.8,0.466483135606));
#13849 = DIRECTION('',(0.,2.22044604925E-16,1.));
#13850 = DIRECTION('',(0.,-1.,2.22044604925E-16));
#13851 = DEFINITIONAL_REPRESENTATION('',(#13852),#13856);
#13852 = LINE('',#13853,#13854);
#13853 = CARTESIAN_POINT('',(0.,0.));
#13854 = VECTOR('',#13855,1.);
#13855 = DIRECTION('',(-1.,0.));
#13856 = ( GEOMETRIC_REPRESENTATION_CONTEXT(2) 
PARAMETRIC_REPRESENTATION_CONTEXT() REPRESENTATION_CONTEXT('2D SPACE',''
  ) );
#13857 = ORIENTED_EDGE('',*,*,#13858,.T.);
#13858 = EDGE_CURVE('',#13831,#13859,#13861,.T.);
#13859 = VERTEX_POINT('',#13860);
#13860 = CARTESIAN_POINT('',(-0.885,-0.6,0.441926223426));
#13861 = SURFACE_CURVE('',#13862,(#13866,#13873),.PCURVE_S1.);
#13862 = LINE('',#13863,#13864);
#13863 = CARTESIAN_POINT('',(-0.885,-0.6,0.466483135606));
#13864 = VECTOR('',#13865,1.);
#13865 = DIRECTION('',(0.,-2.22044604925E-16,-1.));
#13866 = PCURVE('',#13502,#13867);
#13867 = DEFINITIONAL_REPRESENTATION('',(#13868),#13872);
#13868 = LINE('',#13869,#13870);
#13869 = CARTESIAN_POINT('',(0.416910178476,-9.833164045E-03));
#13870 = VECTOR('',#13871,1.);
#13871 = DIRECTION('',(0.,-1.));
#13872 = ( GEOMETRIC_REPRESENTATION_CONTEXT(2) 
PARAMETRIC_REPRESENTATION_CONTEXT() REPRESENTATION_CONTEXT('2D SPACE',''
  ) );
#13873 = PCURVE('',#13874,#13879);
#13874 = PLANE('',#13875);
#13875 = AXIS2_PLACEMENT_3D('',#13876,#13877,#13878);
#13876 = CARTESIAN_POINT('',(-0.885,-0.6,0.466483135606));
#13877 = DIRECTION('',(0.,1.,-2.22044604925E-16));
#13878 = DIRECTION('',(-1.,0.,0.));
#13879 = DEFINITIONAL_REPRESENTATION('',(#13880),#13884);
#13880 = LINE('',#13881,#13882);
#13881 = CARTESIAN_POINT('',(0.,0.));
#13882 = VECTOR('',#13883,1.);
#13883 = DIRECTION('',(-0.,-1.));
#13884 = ( GEOMETRIC_REPRESENTATION_CONTEXT(2) 
PARAMETRIC_REPRESENTATION_CONTEXT() REPRESENTATION_CONTEXT('2D SPACE',''
  ) );
#13885 = ORIENTED_EDGE('',*,*,#13886,.T.);
#13886 = EDGE_CURVE('',#13859,#13887,#13889,.T.);
#13887 = VERTEX_POINT('',#13888);
#13888 = CARTESIAN_POINT('',(-0.885,-0.410467191249,0.242200316476));
#13889 = SURFACE_CURVE('',#13890,(#13895,#13906),.PCURVE_S1.);
#13890 = CIRCLE('',#13891,0.2);
#13891 = AXIS2_PLACEMENT_3D('',#13892,#13893,#13894);
#13892 = CARTESIAN_POINT('',(-0.885,-0.4,0.441926223426));
#13893 = DIRECTION('',(1.,0.,-0.));
#13894 = DIRECTION('',(0.,2.22044604925E-16,1.));
#13895 = PCURVE('',#13502,#13896);
#13896 = DEFINITIONAL_REPRESENTATION('',(#13897),#13905);
#13897 = ( BOUNDED_CURVE() B_SPLINE_CURVE(2,(#13898,#13899,#13900,#13901
    ,#13902,#13903,#13904),.UNSPECIFIED.,.T.,.F.) 
B_SPLINE_CURVE_WITH_KNOTS((1,2,2,2,2,1),(-2.094395102393,0.,
    2.094395102393,4.188790204786,6.28318530718,8.377580409573),
.UNSPECIFIED.) CURVE() GEOMETRIC_REPRESENTATION_ITEM() 
RATIONAL_B_SPLINE_CURVE((1.,0.5,1.,0.5,1.,0.5,1.)) REPRESENTATION_ITEM(
  '') );
#13898 = CARTESIAN_POINT('',(0.216910178476,0.165609923775));
#13899 = CARTESIAN_POINT('',(0.56332033999,0.165609923775));
#13900 = CARTESIAN_POINT('',(0.390115259233,-0.134390076225));
#13901 = CARTESIAN_POINT('',(0.216910178476,-0.434390076225));
#13902 = CARTESIAN_POINT('',(4.370509771911E-02,-0.134390076225));
#13903 = CARTESIAN_POINT('',(-0.129499983038,0.165609923775));
#13904 = CARTESIAN_POINT('',(0.216910178476,0.165609923775));
#13905 = ( GEOMETRIC_REPRESENTATION_CONTEXT(2) 
PARAMETRIC_REPRESENTATION_CONTEXT() REPRESENTATION_CONTEXT('2D SPACE',''
  ) );
#13906 = PCURVE('',#13907,#13912);
#13907 = CYLINDRICAL_SURFACE('',#13908,0.2);
#13908 = AXIS2_PLACEMENT_3D('',#13909,#13910,#13911);
#13909 = CARTESIAN_POINT('',(-0.885,-0.4,0.441926223426));
#13910 = DIRECTION('',(1.,0.,0.));
#13911 = DIRECTION('',(-0.,2.22044604925E-16,1.));
#13912 = DEFINITIONAL_REPRESENTATION('',(#13913),#13917);
#13913 = LINE('',#13914,#13915);
#13914 = CARTESIAN_POINT('',(0.,0.));
#13915 = VECTOR('',#13916,1.);
#13916 = DIRECTION('',(1.,0.));
#13917 = ( GEOMETRIC_REPRESENTATION_CONTEXT(2) 
PARAMETRIC_REPRESENTATION_CONTEXT() REPRESENTATION_CONTEXT('2D SPACE',''
  ) );
#13918 = ORIENTED_EDGE('',*,*,#13919,.T.);
#13919 = EDGE_CURVE('',#13887,#13458,#13920,.T.);
#13920 = SURFACE_CURVE('',#13921,(#13925,#13932),.PCURVE_S1.);
#13921 = LINE('',#13922,#13923);
#13922 = CARTESIAN_POINT('',(-0.885,-0.410467191249,0.242200316476));
#13923 = VECTOR('',#13924,1.);
#13924 = DIRECTION('',(0.,0.998629534755,-5.233595624305E-02));
#13925 = PCURVE('',#13502,#13926);
#13926 = DEFINITIONAL_REPRESENTATION('',(#13927),#13931);
#13927 = LINE('',#13928,#13929);
#13928 = CARTESIAN_POINT('',(0.227377369725,-0.234115983175));
#13929 = VECTOR('',#13930,1.);
#13930 = DIRECTION('',(-0.998629534755,-5.233595624305E-02));
#13931 = ( GEOMETRIC_REPRESENTATION_CONTEXT(2) 
PARAMETRIC_REPRESENTATION_CONTEXT() REPRESENTATION_CONTEXT('2D SPACE',''
  ) );
#13932 = PCURVE('',#13473,#13933);
#13933 = DEFINITIONAL_REPRESENTATION('',(#13934),#13938);
#13934 = LINE('',#13935,#13936);
#13935 = CARTESIAN_POINT('',(0.,0.));
#13936 = VECTOR('',#13937,1.);
#13937 = DIRECTION('',(-1.,0.));
#13938 = ( GEOMETRIC_REPRESENTATION_CONTEXT(2) 
PARAMETRIC_REPRESENTATION_CONTEXT() REPRESENTATION_CONTEXT('2D SPACE',''
  ) );
#13939 = ORIENTED_EDGE('',*,*,#13485,.F.);
#13940 = ORIENTED_EDGE('',*,*,#13941,.F.);
#13941 = EDGE_CURVE('',#13942,#13486,#13944,.T.);
#13942 = VERTEX_POINT('',#13943);
#13943 = CARTESIAN_POINT('',(-0.885,0.599238939618,0.417431148549));
#13944 = SURFACE_CURVE('',#13945,(#13950,#13957),.PCURVE_S1.);
#13945 = CIRCLE('',#13946,0.2);
#13946 = AXIS2_PLACEMENT_3D('',#13947,#13948,#13949);
#13947 = CARTESIAN_POINT('',(-0.885,0.4,0.4));
#13948 = DIRECTION('',(-1.,-0.,0.));
#13949 = DIRECTION('',(-0.,0.719339800339,-0.694658370459));
#13950 = PCURVE('',#13502,#13951);
#13951 = DEFINITIONAL_REPRESENTATION('',(#13952),#13956);
#13952 = CIRCLE('',#13953,0.2);
#13953 = AXIS2_PLACEMENT_2D('',#13954,#13955);
#13954 = CARTESIAN_POINT('',(-0.583089821524,-7.6316299651E-02));
#13955 = DIRECTION('',(-0.719339800339,-0.694658370459));
#13956 = ( GEOMETRIC_REPRESENTATION_CONTEXT(2) 
PARAMETRIC_REPRESENTATION_CONTEXT() REPRESENTATION_CONTEXT('2D SPACE',''
  ) );
#13957 = PCURVE('',#13528,#13958);
#13958 = DEFINITIONAL_REPRESENTATION('',(#13959),#13963);
#13959 = LINE('',#13960,#13961);
#13960 = CARTESIAN_POINT('',(6.28318530718,0.));
#13961 = VECTOR('',#13962,1.);
#13962 = DIRECTION('',(-1.,0.));
#13963 = ( GEOMETRIC_REPRESENTATION_CONTEXT(2) 
PARAMETRIC_REPRESENTATION_CONTEXT() REPRESENTATION_CONTEXT('2D SPACE',''
  ) );
#13964 = ORIENTED_EDGE('',*,*,#13965,.T.);
#13965 = EDGE_CURVE('',#13942,#13966,#13968,.T.);
#13966 = VERTEX_POINT('',#13967);
#13967 = CARTESIAN_POINT('',(-0.885,0.50621792591,1.480666200496));
#13968 = SURFACE_CURVE('',#13969,(#13973,#13980),.PCURVE_S1.);
#13969 = LINE('',#13970,#13971);
#13970 = CARTESIAN_POINT('',(-0.885,0.599238939618,0.417431148549));
#13971 = VECTOR('',#13972,1.);
#13972 = DIRECTION('',(2.08044E-16,-8.715574274746E-02,0.996194698092));
#13973 = PCURVE('',#13502,#13974);
#13974 = DEFINITIONAL_REPRESENTATION('',(#13975),#13979);
#13975 = LINE('',#13976,#13977);
#13976 = CARTESIAN_POINT('',(-0.782328761142,-5.8885151102E-02));
#13977 = VECTOR('',#13978,1.);
#13978 = DIRECTION('',(8.715574274746E-02,0.996194698092));
#13979 = ( GEOMETRIC_REPRESENTATION_CONTEXT(2) 
PARAMETRIC_REPRESENTATION_CONTEXT() REPRESENTATION_CONTEXT('2D SPACE',''
  ) );
#13980 = PCURVE('',#13981,#13986);
#13981 = PLANE('',#13982);
#13982 = AXIS2_PLACEMENT_3D('',#13983,#13984,#13985);
#13983 = CARTESIAN_POINT('',(-0.885,0.619291182211,0.188232966924));
#13984 = DIRECTION('',(0.,-0.996194698092,-8.715574274746E-02));
#13985 = DIRECTION('',(1.,0.,0.));
#13986 = DEFINITIONAL_REPRESENTATION('',(#13987),#13991);
#13987 = LINE('',#13988,#13989);
#13988 = CARTESIAN_POINT('',(0.,0.230073681444));
#13989 = VECTOR('',#13990,1.);
#13990 = DIRECTION('',(2.08044E-16,1.));
#13991 = ( GEOMETRIC_REPRESENTATION_CONTEXT(2) 
PARAMETRIC_REPRESENTATION_CONTEXT() REPRESENTATION_CONTEXT('2D SPACE',''
  ) );
#13992 = ORIENTED_EDGE('',*,*,#13993,.T.);
#13993 = EDGE_CURVE('',#13966,#13994,#13996,.T.);
#13994 = VERTEX_POINT('',#13995);
#13995 = CARTESIAN_POINT('',(-0.885,0.705456865528,1.498097349046));
#13996 = SURFACE_CURVE('',#13997,(#14001,#14008),.PCURVE_S1.);
#13997 = LINE('',#13998,#13999);
#13998 = CARTESIAN_POINT('',(-0.885,0.50621792591,1.480666200496));
#13999 = VECTOR('',#14000,1.);
#14000 = DIRECTION('',(0.,0.996194698092,8.715574274777E-02));
#14001 = PCURVE('',#13502,#14002);
#14002 = DEFINITIONAL_REPRESENTATION('',(#14003),#14007);
#14003 = LINE('',#14004,#14005);
#14004 = CARTESIAN_POINT('',(-0.689307747434,1.004349900845));
#14005 = VECTOR('',#14006,1.);
#14006 = DIRECTION('',(-0.996194698092,8.715574274777E-02));
#14007 = ( GEOMETRIC_REPRESENTATION_CONTEXT(2) 
PARAMETRIC_REPRESENTATION_CONTEXT() REPRESENTATION_CONTEXT('2D SPACE',''
  ) );
#14008 = PCURVE('',#14009,#14014);
#14009 = PLANE('',#14010);
#14010 = AXIS2_PLACEMENT_3D('',#14011,#14012,#14013);
#14011 = CARTESIAN_POINT('',(-0.885,0.50621792591,1.480666200496));
#14012 = DIRECTION('',(0.,-8.715574274746E-02,0.996194698092));
#14013 = DIRECTION('',(0.,-0.996194698092,-8.715574274746E-02));
#14014 = DEFINITIONAL_REPRESENTATION('',(#14015),#14019);
#14015 = LINE('',#14016,#14017);
#14016 = CARTESIAN_POINT('',(0.,0.));
#14017 = VECTOR('',#14018,1.);
#14018 = DIRECTION('',(-1.,0.));
#14019 = ( GEOMETRIC_REPRESENTATION_CONTEXT(2) 
PARAMETRIC_REPRESENTATION_CONTEXT() REPRESENTATION_CONTEXT('2D SPACE',''
  ) );
#14020 = ORIENTED_EDGE('',*,*,#14021,.T.);
#14021 = EDGE_CURVE('',#13994,#13579,#14022,.T.);
#14022 = SURFACE_CURVE('',#14023,(#14027,#14034),.PCURVE_S1.);
#14023 = LINE('',#14024,#14025);
#14024 = CARTESIAN_POINT('',(-0.885,0.705456865528,1.498097349046));
#14025 = VECTOR('',#14026,1.);
#14026 = DIRECTION('',(-2.08044E-16,8.715574274747E-02,-0.996194698092)
  );
#14027 = PCURVE('',#13502,#14028);
#14028 = DEFINITIONAL_REPRESENTATION('',(#14029),#14033);
#14029 = LINE('',#14030,#14031);
#14030 = CARTESIAN_POINT('',(-0.888546687052,1.021781049395));
#14031 = VECTOR('',#14032,1.);
#14032 = DIRECTION('',(-8.715574274747E-02,-0.996194698092));
#14033 = ( GEOMETRIC_REPRESENTATION_CONTEXT(2) 
PARAMETRIC_REPRESENTATION_CONTEXT() REPRESENTATION_CONTEXT('2D SPACE',''
  ) );
#14034 = PCURVE('',#13622,#14035);
#14035 = DEFINITIONAL_REPRESENTATION('',(#14036),#14040);
#14036 = LINE('',#14037,#14038);
#14037 = CARTESIAN_POINT('',(0.,0.));
#14038 = VECTOR('',#14039,1.);
#14039 = DIRECTION('',(2.08044E-16,-1.));
#14040 = ( GEOMETRIC_REPRESENTATION_CONTEXT(2) 
PARAMETRIC_REPRESENTATION_CONTEXT() REPRESENTATION_CONTEXT('2D SPACE',''
  ) );
#14041 = ORIENTED_EDGE('',*,*,#13578,.F.);
#14042 = ADVANCED_FACE('',(#14043),#13708,.T.);
#14043 = FACE_BOUND('',#14044,.T.);
#14044 = EDGE_LOOP('',(#14045,#14046,#14069,#14090));
#14045 = ORIENTED_EDGE('',*,*,#13692,.F.);
#14046 = ORIENTED_EDGE('',*,*,#14047,.T.);
#14047 = EDGE_CURVE('',#13665,#14048,#14050,.T.);
#14048 = VERTEX_POINT('',#14049);
#14049 = CARTESIAN_POINT('',(-0.385,-0.420934382497,4.247440952469E-02)
  );
#14050 = SURFACE_CURVE('',#14051,(#14055,#14062),.PCURVE_S1.);
#14051 = LINE('',#14052,#14053);
#14052 = CARTESIAN_POINT('',(-0.385,0.379065617503,5.48186098118E-04));
#14053 = VECTOR('',#14054,1.);
#14054 = DIRECTION('',(1.385876999999E-16,-0.998629534755,
    5.233595624308E-02));
#14055 = PCURVE('',#13708,#14056);
#14056 = DEFINITIONAL_REPRESENTATION('',(#14057),#14061);
#14057 = LINE('',#14058,#14059);
#14058 = CARTESIAN_POINT('',(-0.460147362889,0.5));
#14059 = VECTOR('',#14060,1.);
#14060 = DIRECTION('',(-1.,1.385876999999E-16));
#14061 = ( GEOMETRIC_REPRESENTATION_CONTEXT(2) 
PARAMETRIC_REPRESENTATION_CONTEXT() REPRESENTATION_CONTEXT('2D SPACE',''
  ) );
#14062 = PCURVE('',#13445,#14063);
#14063 = DEFINITIONAL_REPRESENTATION('',(#14064),#14068);
#14064 = LINE('',#14065,#14066);
#14065 = CARTESIAN_POINT('',(1.179065617503,-0.441378037328));
#14066 = VECTOR('',#14067,1.);
#14067 = DIRECTION('',(-0.998629534755,5.233595624308E-02));
#14068 = ( GEOMETRIC_REPRESENTATION_CONTEXT(2) 
PARAMETRIC_REPRESENTATION_CONTEXT() REPRESENTATION_CONTEXT('2D SPACE',''
  ) );
#14069 = ORIENTED_EDGE('',*,*,#14070,.F.);
#14070 = EDGE_CURVE('',#13751,#14048,#14071,.T.);
#14071 = SURFACE_CURVE('',#14072,(#14076,#14083),.PCURVE_S1.);
#14072 = LINE('',#14073,#14074);
#14073 = CARTESIAN_POINT('',(-0.885,-0.420934382497,4.247440952469E-02)
  );
#14074 = VECTOR('',#14075,1.);
#14075 = DIRECTION('',(1.,0.,0.));
#14076 = PCURVE('',#13708,#14077);
#14077 = DEFINITIONAL_REPRESENTATION('',(#14078),#14082);
#14078 = LINE('',#14079,#14080);
#14079 = CARTESIAN_POINT('',(-1.261245239687,0.));
#14080 = VECTOR('',#14081,1.);
#14081 = DIRECTION('',(0.,1.));
#14082 = ( GEOMETRIC_REPRESENTATION_CONTEXT(2) 
PARAMETRIC_REPRESENTATION_CONTEXT() REPRESENTATION_CONTEXT('2D SPACE',''
  ) );
#14083 = PCURVE('',#13790,#14084);
#14084 = DEFINITIONAL_REPRESENTATION('',(#14085),#14089);
#14085 = LINE('',#14086,#14087);
#14086 = CARTESIAN_POINT('',(3.08923277603,0.));
#14087 = VECTOR('',#14088,1.);
#14088 = DIRECTION('',(0.,1.));
#14089 = ( GEOMETRIC_REPRESENTATION_CONTEXT(2) 
PARAMETRIC_REPRESENTATION_CONTEXT() REPRESENTATION_CONTEXT('2D SPACE',''
  ) );
#14090 = ORIENTED_EDGE('',*,*,#13750,.F.);
#14091 = ADVANCED_FACE('',(#14092),#13528,.F.);
#14092 = FACE_BOUND('',#14093,.F.);
#14093 = EDGE_LOOP('',(#14094,#14095,#14118,#14140));
#14094 = ORIENTED_EDGE('',*,*,#13941,.F.);
#14095 = ORIENTED_EDGE('',*,*,#14096,.F.);
#14096 = EDGE_CURVE('',#14097,#13942,#14099,.T.);
#14097 = VERTEX_POINT('',#14098);
#14098 = CARTESIAN_POINT('',(-0.385,0.599238939618,0.417431148549));
#14099 = SURFACE_CURVE('',#14100,(#14104,#14111),.PCURVE_S1.);
#14100 = LINE('',#14101,#14102);
#14101 = CARTESIAN_POINT('',(-0.385,0.599238939618,0.417431148549));
#14102 = VECTOR('',#14103,1.);
#14103 = DIRECTION('',(-1.,0.,0.));
#14104 = PCURVE('',#13528,#14105);
#14105 = DEFINITIONAL_REPRESENTATION('',(#14106),#14110);
#14106 = LINE('',#14107,#14108);
#14107 = CARTESIAN_POINT('',(0.855211333477,0.5));
#14108 = VECTOR('',#14109,1.);
#14109 = DIRECTION('',(0.,-1.));
#14110 = ( GEOMETRIC_REPRESENTATION_CONTEXT(2) 
PARAMETRIC_REPRESENTATION_CONTEXT() REPRESENTATION_CONTEXT('2D SPACE',''
  ) );
#14111 = PCURVE('',#13981,#14112);
#14112 = DEFINITIONAL_REPRESENTATION('',(#14113),#14117);
#14113 = LINE('',#14114,#14115);
#14114 = CARTESIAN_POINT('',(0.5,0.230073681444));
#14115 = VECTOR('',#14116,1.);
#14116 = DIRECTION('',(-1.,0.));
#14117 = ( GEOMETRIC_REPRESENTATION_CONTEXT(2) 
PARAMETRIC_REPRESENTATION_CONTEXT() REPRESENTATION_CONTEXT('2D SPACE',''
  ) );
#14118 = ORIENTED_EDGE('',*,*,#14119,.F.);
#14119 = EDGE_CURVE('',#13424,#14097,#14120,.T.);
#14120 = SURFACE_CURVE('',#14121,(#14126,#14133),.PCURVE_S1.);
#14121 = CIRCLE('',#14122,0.2);
#14122 = AXIS2_PLACEMENT_3D('',#14123,#14124,#14125);
#14123 = CARTESIAN_POINT('',(-0.385,0.4,0.4));
#14124 = DIRECTION('',(1.,-0.,0.));
#14125 = DIRECTION('',(0.,0.719339800339,-0.694658370459));
#14126 = PCURVE('',#13528,#14127);
#14127 = DEFINITIONAL_REPRESENTATION('',(#14128),#14132);
#14128 = LINE('',#14129,#14130);
#14129 = CARTESIAN_POINT('',(0.,0.5));
#14130 = VECTOR('',#14131,1.);
#14131 = DIRECTION('',(1.,0.));
#14132 = ( GEOMETRIC_REPRESENTATION_CONTEXT(2) 
PARAMETRIC_REPRESENTATION_CONTEXT() REPRESENTATION_CONTEXT('2D SPACE',''
  ) );
#14133 = PCURVE('',#13445,#14134);
#14134 = DEFINITIONAL_REPRESENTATION('',(#14135),#14139);
#14135 = CIRCLE('',#14136,0.2);
#14136 = AXIS2_PLACEMENT_2D('',#14137,#14138);
#14137 = CARTESIAN_POINT('',(1.2,-4.1926223426E-02));
#14138 = DIRECTION('',(0.719339800339,-0.694658370459));
#14139 = ( GEOMETRIC_REPRESENTATION_CONTEXT(2) 
PARAMETRIC_REPRESENTATION_CONTEXT() REPRESENTATION_CONTEXT('2D SPACE',''
  ) );
#14140 = ORIENTED_EDGE('',*,*,#13514,.F.);
#14141 = ADVANCED_FACE('',(#14142),#13473,.T.);
#14142 = FACE_BOUND('',#14143,.T.);
#14143 = EDGE_LOOP('',(#14144,#14145,#14146,#14169));
#14144 = ORIENTED_EDGE('',*,*,#13457,.F.);
#14145 = ORIENTED_EDGE('',*,*,#13919,.F.);
#14146 = ORIENTED_EDGE('',*,*,#14147,.T.);
#14147 = EDGE_CURVE('',#13887,#14148,#14150,.T.);
#14148 = VERTEX_POINT('',#14149);
#14149 = CARTESIAN_POINT('',(-0.385,-0.410467191249,0.242200316476));
#14150 = SURFACE_CURVE('',#14151,(#14155,#14162),.PCURVE_S1.);
#14151 = LINE('',#14152,#14153);
#14152 = CARTESIAN_POINT('',(-0.885,-0.410467191249,0.242200316476));
#14153 = VECTOR('',#14154,1.);
#14154 = DIRECTION('',(1.,0.,0.));
#14155 = PCURVE('',#13473,#14156);
#14156 = DEFINITIONAL_REPRESENTATION('',(#14157),#14161);
#14157 = LINE('',#14158,#14159);
#14158 = CARTESIAN_POINT('',(0.,0.));
#14159 = VECTOR('',#14160,1.);
#14160 = DIRECTION('',(0.,1.));
#14161 = ( GEOMETRIC_REPRESENTATION_CONTEXT(2) 
PARAMETRIC_REPRESENTATION_CONTEXT() REPRESENTATION_CONTEXT('2D SPACE',''
  ) );
#14162 = PCURVE('',#13907,#14163);
#14163 = DEFINITIONAL_REPRESENTATION('',(#14164),#14168);
#14164 = LINE('',#14165,#14166);
#14165 = CARTESIAN_POINT('',(3.08923277603,0.));
#14166 = VECTOR('',#14167,1.);
#14167 = DIRECTION('',(0.,1.));
#14168 = ( GEOMETRIC_REPRESENTATION_CONTEXT(2) 
PARAMETRIC_REPRESENTATION_CONTEXT() REPRESENTATION_CONTEXT('2D SPACE',''
  ) );
#14169 = ORIENTED_EDGE('',*,*,#14170,.T.);
#14170 = EDGE_CURVE('',#14148,#13422,#14171,.T.);
#14171 = SURFACE_CURVE('',#14172,(#14176,#14183),.PCURVE_S1.);
#14172 = LINE('',#14173,#14174);
#14173 = CARTESIAN_POINT('',(-0.385,-0.410467191249,0.242200316476));
#14174 = VECTOR('',#14175,1.);
#14175 = DIRECTION('',(0.,0.998629534755,-5.233595624305E-02));
#14176 = PCURVE('',#13473,#14177);
#14177 = DEFINITIONAL_REPRESENTATION('',(#14178),#14182);
#14178 = LINE('',#14179,#14180);
#14179 = CARTESIAN_POINT('',(0.,0.5));
#14180 = VECTOR('',#14181,1.);
#14181 = DIRECTION('',(-1.,0.));
#14182 = ( GEOMETRIC_REPRESENTATION_CONTEXT(2) 
PARAMETRIC_REPRESENTATION_CONTEXT() REPRESENTATION_CONTEXT('2D SPACE',''
  ) );
#14183 = PCURVE('',#13445,#14184);
#14184 = DEFINITIONAL_REPRESENTATION('',(#14185),#14189);
#14185 = LINE('',#14186,#14187);
#14186 = CARTESIAN_POINT('',(0.389532808751,-0.19972590695));
#14187 = VECTOR('',#14188,1.);
#14188 = DIRECTION('',(0.998629534755,-5.233595624305E-02));
#14189 = ( GEOMETRIC_REPRESENTATION_CONTEXT(2) 
PARAMETRIC_REPRESENTATION_CONTEXT() REPRESENTATION_CONTEXT('2D SPACE',''
  ) );
#14190 = ADVANCED_FACE('',(#14191),#13818,.T.);
#14191 = FACE_BOUND('',#14192,.T.);
#14192 = EDGE_LOOP('',(#14193,#14218,#14239,#14240));
#14193 = ORIENTED_EDGE('',*,*,#14194,.T.);
#14194 = EDGE_CURVE('',#14195,#14197,#14199,.T.);
#14195 = VERTEX_POINT('',#14196);
#14196 = CARTESIAN_POINT('',(-0.385,-0.8,0.441926223426));
#14197 = VERTEX_POINT('',#14198);
#14198 = CARTESIAN_POINT('',(-0.385,-0.8,0.466483135606));
#14199 = SURFACE_CURVE('',#14200,(#14204,#14211),.PCURVE_S1.);
#14200 = LINE('',#14201,#14202);
#14201 = CARTESIAN_POINT('',(-0.385,-0.8,0.441926223426));
#14202 = VECTOR('',#14203,1.);
#14203 = DIRECTION('',(0.,7.238376044605E-12,1.));
#14204 = PCURVE('',#13818,#14205);
#14205 = DEFINITIONAL_REPRESENTATION('',(#14206),#14210);
#14206 = LINE('',#14207,#14208);
#14207 = CARTESIAN_POINT('',(0.5,0.));
#14208 = VECTOR('',#14209,1.);
#14209 = DIRECTION('',(0.,1.));
#14210 = ( GEOMETRIC_REPRESENTATION_CONTEXT(2) 
PARAMETRIC_REPRESENTATION_CONTEXT() REPRESENTATION_CONTEXT('2D SPACE',''
  ) );
#14211 = PCURVE('',#13445,#14212);
#14212 = DEFINITIONAL_REPRESENTATION('',(#14213),#14217);
#14213 = LINE('',#14214,#14215);
#14214 = CARTESIAN_POINT('',(0.,0.));
#14215 = VECTOR('',#14216,1.);
#14216 = DIRECTION('',(7.238154E-12,1.));
#14217 = ( GEOMETRIC_REPRESENTATION_CONTEXT(2) 
PARAMETRIC_REPRESENTATION_CONTEXT() REPRESENTATION_CONTEXT('2D SPACE',''
  ) );
#14218 = ORIENTED_EDGE('',*,*,#14219,.F.);
#14219 = EDGE_CURVE('',#13803,#14197,#14220,.T.);
#14220 = SURFACE_CURVE('',#14221,(#14225,#14232),.PCURVE_S1.);
#14221 = LINE('',#14222,#14223);
#14222 = CARTESIAN_POINT('',(-0.885,-0.8,0.466483135606));
#14223 = VECTOR('',#14224,1.);
#14224 = DIRECTION('',(1.,0.,0.));
#14225 = PCURVE('',#13818,#14226);
#14226 = DEFINITIONAL_REPRESENTATION('',(#14227),#14231);
#14227 = LINE('',#14228,#14229);
#14228 = CARTESIAN_POINT('',(0.,2.455691218E-02));
#14229 = VECTOR('',#14230,1.);
#14230 = DIRECTION('',(1.,0.));
#14231 = ( GEOMETRIC_REPRESENTATION_CONTEXT(2) 
PARAMETRIC_REPRESENTATION_CONTEXT() REPRESENTATION_CONTEXT('2D SPACE',''
  ) );
#14232 = PCURVE('',#13846,#14233);
#14233 = DEFINITIONAL_REPRESENTATION('',(#14234),#14238);
#14234 = LINE('',#14235,#14236);
#14235 = CARTESIAN_POINT('',(0.,0.));
#14236 = VECTOR('',#14237,1.);
#14237 = DIRECTION('',(0.,1.));
#14238 = ( GEOMETRIC_REPRESENTATION_CONTEXT(2) 
PARAMETRIC_REPRESENTATION_CONTEXT() REPRESENTATION_CONTEXT('2D SPACE',''
  ) );
#14239 = ORIENTED_EDGE('',*,*,#13802,.F.);
#14240 = ORIENTED_EDGE('',*,*,#14241,.T.);
#14241 = EDGE_CURVE('',#13774,#14195,#14242,.T.);
#14242 = SURFACE_CURVE('',#14243,(#14247,#14254),.PCURVE_S1.);
#14243 = LINE('',#14244,#14245);
#14244 = CARTESIAN_POINT('',(-0.885,-0.8,0.441926223426));
#14245 = VECTOR('',#14246,1.);
#14246 = DIRECTION('',(1.,0.,0.));
#14247 = PCURVE('',#13818,#14248);
#14248 = DEFINITIONAL_REPRESENTATION('',(#14249),#14253);
#14249 = LINE('',#14250,#14251);
#14250 = CARTESIAN_POINT('',(0.,0.));
#14251 = VECTOR('',#14252,1.);
#14252 = DIRECTION('',(1.,0.));
#14253 = ( GEOMETRIC_REPRESENTATION_CONTEXT(2) 
PARAMETRIC_REPRESENTATION_CONTEXT() REPRESENTATION_CONTEXT('2D SPACE',''
  ) );
#14254 = PCURVE('',#13790,#14255);
#14255 = DEFINITIONAL_REPRESENTATION('',(#14256),#14260);
#14256 = LINE('',#14257,#14258);
#14257 = CARTESIAN_POINT('',(1.570796326795,0.));
#14258 = VECTOR('',#14259,1.);
#14259 = DIRECTION('',(0.,1.));
#14260 = ( GEOMETRIC_REPRESENTATION_CONTEXT(2) 
PARAMETRIC_REPRESENTATION_CONTEXT() REPRESENTATION_CONTEXT('2D SPACE',''
  ) );
#14261 = ADVANCED_FACE('',(#14262),#13846,.T.);
#14262 = FACE_BOUND('',#14263,.T.);
#14263 = EDGE_LOOP('',(#14264,#14287,#14308,#14309));
#14264 = ORIENTED_EDGE('',*,*,#14265,.T.);
#14265 = EDGE_CURVE('',#14197,#14266,#14268,.T.);
#14266 = VERTEX_POINT('',#14267);
#14267 = CARTESIAN_POINT('',(-0.385,-0.6,0.466483135606));
#14268 = SURFACE_CURVE('',#14269,(#14273,#14280),.PCURVE_S1.);
#14269 = LINE('',#14270,#14271);
#14270 = CARTESIAN_POINT('',(-0.385,-0.8,0.466483135606));
#14271 = VECTOR('',#14272,1.);
#14272 = DIRECTION('',(0.,1.,-2.22044604925E-16));
#14273 = PCURVE('',#13846,#14274);
#14274 = DEFINITIONAL_REPRESENTATION('',(#14275),#14279);
#14275 = LINE('',#14276,#14277);
#14276 = CARTESIAN_POINT('',(0.,0.5));
#14277 = VECTOR('',#14278,1.);
#14278 = DIRECTION('',(-1.,0.));
#14279 = ( GEOMETRIC_REPRESENTATION_CONTEXT(2) 
PARAMETRIC_REPRESENTATION_CONTEXT() REPRESENTATION_CONTEXT('2D SPACE',''
  ) );
#14280 = PCURVE('',#13445,#14281);
#14281 = DEFINITIONAL_REPRESENTATION('',(#14282),#14286);
#14282 = LINE('',#14283,#14284);
#14283 = CARTESIAN_POINT('',(-5.452729863186E-18,2.455691218E-02));
#14284 = VECTOR('',#14285,1.);
#14285 = DIRECTION('',(1.,0.));
#14286 = ( GEOMETRIC_REPRESENTATION_CONTEXT(2) 
PARAMETRIC_REPRESENTATION_CONTEXT() REPRESENTATION_CONTEXT('2D SPACE',''
  ) );
#14287 = ORIENTED_EDGE('',*,*,#14288,.F.);
#14288 = EDGE_CURVE('',#13831,#14266,#14289,.T.);
#14289 = SURFACE_CURVE('',#14290,(#14294,#14301),.PCURVE_S1.);
#14290 = LINE('',#14291,#14292);
#14291 = CARTESIAN_POINT('',(-0.885,-0.6,0.466483135606));
#14292 = VECTOR('',#14293,1.);
#14293 = DIRECTION('',(1.,0.,0.));
#14294 = PCURVE('',#13846,#14295);
#14295 = DEFINITIONAL_REPRESENTATION('',(#14296),#14300);
#14296 = LINE('',#14297,#14298);
#14297 = CARTESIAN_POINT('',(-0.2,0.));
#14298 = VECTOR('',#14299,1.);
#14299 = DIRECTION('',(0.,1.));
#14300 = ( GEOMETRIC_REPRESENTATION_CONTEXT(2) 
PARAMETRIC_REPRESENTATION_CONTEXT() REPRESENTATION_CONTEXT('2D SPACE',''
  ) );
#14301 = PCURVE('',#13874,#14302);
#14302 = DEFINITIONAL_REPRESENTATION('',(#14303),#14307);
#14303 = LINE('',#14304,#14305);
#14304 = CARTESIAN_POINT('',(0.,0.));
#14305 = VECTOR('',#14306,1.);
#14306 = DIRECTION('',(-1.,0.));
#14307 = ( GEOMETRIC_REPRESENTATION_CONTEXT(2) 
PARAMETRIC_REPRESENTATION_CONTEXT() REPRESENTATION_CONTEXT('2D SPACE',''
  ) );
#14308 = ORIENTED_EDGE('',*,*,#13830,.F.);
#14309 = ORIENTED_EDGE('',*,*,#14219,.T.);
#14310 = ADVANCED_FACE('',(#14311),#13874,.T.);
#14311 = FACE_BOUND('',#14312,.T.);
#14312 = EDGE_LOOP('',(#14313,#14336,#14357,#14358));
#14313 = ORIENTED_EDGE('',*,*,#14314,.T.);
#14314 = EDGE_CURVE('',#14266,#14315,#14317,.T.);
#14315 = VERTEX_POINT('',#14316);
#14316 = CARTESIAN_POINT('',(-0.385,-0.6,0.441926223426));
#14317 = SURFACE_CURVE('',#14318,(#14322,#14329),.PCURVE_S1.);
#14318 = LINE('',#14319,#14320);
#14319 = CARTESIAN_POINT('',(-0.385,-0.6,0.466483135606));
#14320 = VECTOR('',#14321,1.);
#14321 = DIRECTION('',(0.,-2.22044604925E-16,-1.));
#14322 = PCURVE('',#13874,#14323);
#14323 = DEFINITIONAL_REPRESENTATION('',(#14324),#14328);
#14324 = LINE('',#14325,#14326);
#14325 = CARTESIAN_POINT('',(-0.5,0.));
#14326 = VECTOR('',#14327,1.);
#14327 = DIRECTION('',(-0.,-1.));
#14328 = ( GEOMETRIC_REPRESENTATION_CONTEXT(2) 
PARAMETRIC_REPRESENTATION_CONTEXT() REPRESENTATION_CONTEXT('2D SPACE',''
  ) );
#14329 = PCURVE('',#13445,#14330);
#14330 = DEFINITIONAL_REPRESENTATION('',(#14331),#14335);
#14331 = LINE('',#14332,#14333);
#14332 = CARTESIAN_POINT('',(0.2,2.455691218E-02));
#14333 = VECTOR('',#14334,1.);
#14334 = DIRECTION('',(0.,-1.));
#14335 = ( GEOMETRIC_REPRESENTATION_CONTEXT(2) 
PARAMETRIC_REPRESENTATION_CONTEXT() REPRESENTATION_CONTEXT('2D SPACE',''
  ) );
#14336 = ORIENTED_EDGE('',*,*,#14337,.F.);
#14337 = EDGE_CURVE('',#13859,#14315,#14338,.T.);
#14338 = SURFACE_CURVE('',#14339,(#14343,#14350),.PCURVE_S1.);
#14339 = LINE('',#14340,#14341);
#14340 = CARTESIAN_POINT('',(-0.885,-0.6,0.441926223426));
#14341 = VECTOR('',#14342,1.);
#14342 = DIRECTION('',(1.,0.,0.));
#14343 = PCURVE('',#13874,#14344);
#14344 = DEFINITIONAL_REPRESENTATION('',(#14345),#14349);
#14345 = LINE('',#14346,#14347);
#14346 = CARTESIAN_POINT('',(0.,-2.455691218E-02));
#14347 = VECTOR('',#14348,1.);
#14348 = DIRECTION('',(-1.,0.));
#14349 = ( GEOMETRIC_REPRESENTATION_CONTEXT(2) 
PARAMETRIC_REPRESENTATION_CONTEXT() REPRESENTATION_CONTEXT('2D SPACE',''
  ) );
#14350 = PCURVE('',#13907,#14351);
#14351 = DEFINITIONAL_REPRESENTATION('',(#14352),#14356);
#14352 = LINE('',#14353,#14354);
#14353 = CARTESIAN_POINT('',(1.570796326795,0.));
#14354 = VECTOR('',#14355,1.);
#14355 = DIRECTION('',(0.,1.));
#14356 = ( GEOMETRIC_REPRESENTATION_CONTEXT(2) 
PARAMETRIC_REPRESENTATION_CONTEXT() REPRESENTATION_CONTEXT('2D SPACE',''
  ) );
#14357 = ORIENTED_EDGE('',*,*,#13858,.F.);
#14358 = ORIENTED_EDGE('',*,*,#14288,.T.);
#14359 = ADVANCED_FACE('',(#14360),#13907,.F.);
#14360 = FACE_BOUND('',#14361,.F.);
#14361 = EDGE_LOOP('',(#14362,#14363,#14364,#14365));
#14362 = ORIENTED_EDGE('',*,*,#14337,.F.);
#14363 = ORIENTED_EDGE('',*,*,#13886,.T.);
#14364 = ORIENTED_EDGE('',*,*,#14147,.T.);
#14365 = ORIENTED_EDGE('',*,*,#14366,.F.);
#14366 = EDGE_CURVE('',#14315,#14148,#14367,.T.);
#14367 = SURFACE_CURVE('',#14368,(#14373,#14380),.PCURVE_S1.);
#14368 = CIRCLE('',#14369,0.2);
#14369 = AXIS2_PLACEMENT_3D('',#14370,#14371,#14372);
#14370 = CARTESIAN_POINT('',(-0.385,-0.4,0.441926223426));
#14371 = DIRECTION('',(1.,0.,-0.));
#14372 = DIRECTION('',(0.,2.22044604925E-16,1.));
#14373 = PCURVE('',#13907,#14374);
#14374 = DEFINITIONAL_REPRESENTATION('',(#14375),#14379);
#14375 = LINE('',#14376,#14377);
#14376 = CARTESIAN_POINT('',(0.,0.5));
#14377 = VECTOR('',#14378,1.);
#14378 = DIRECTION('',(1.,0.));
#14379 = ( GEOMETRIC_REPRESENTATION_CONTEXT(2) 
PARAMETRIC_REPRESENTATION_CONTEXT() REPRESENTATION_CONTEXT('2D SPACE',''
  ) );
#14380 = PCURVE('',#13445,#14381);
#14381 = DEFINITIONAL_REPRESENTATION('',(#14382),#14386);
#14382 = CIRCLE('',#14383,0.2);
#14383 = AXIS2_PLACEMENT_2D('',#14384,#14385);
#14384 = CARTESIAN_POINT('',(0.4,8.881784197E-17));
#14385 = DIRECTION('',(0.,1.));
#14386 = ( GEOMETRIC_REPRESENTATION_CONTEXT(2) 
PARAMETRIC_REPRESENTATION_CONTEXT() REPRESENTATION_CONTEXT('2D SPACE',''
  ) );
#14387 = ADVANCED_FACE('',(#14388),#13981,.T.);
#14388 = FACE_BOUND('',#14389,.T.);
#14389 = EDGE_LOOP('',(#14390,#14391,#14414,#14435));
#14390 = ORIENTED_EDGE('',*,*,#14096,.F.);
#14391 = ORIENTED_EDGE('',*,*,#14392,.T.);
#14392 = EDGE_CURVE('',#14097,#14393,#14395,.T.);
#14393 = VERTEX_POINT('',#14394);
#14394 = CARTESIAN_POINT('',(-0.385,0.50621792591,1.480666200496));
#14395 = SURFACE_CURVE('',#14396,(#14400,#14407),.PCURVE_S1.);
#14396 = LINE('',#14397,#14398);
#14397 = CARTESIAN_POINT('',(-0.385,0.599238939618,0.417431148549));
#14398 = VECTOR('',#14399,1.);
#14399 = DIRECTION('',(0.,-8.715574274746E-02,0.996194698092));
#14400 = PCURVE('',#13981,#14401);
#14401 = DEFINITIONAL_REPRESENTATION('',(#14402),#14406);
#14402 = LINE('',#14403,#14404);
#14403 = CARTESIAN_POINT('',(0.5,0.230073681444));
#14404 = VECTOR('',#14405,1.);
#14405 = DIRECTION('',(0.,1.));
#14406 = ( GEOMETRIC_REPRESENTATION_CONTEXT(2) 
PARAMETRIC_REPRESENTATION_CONTEXT() REPRESENTATION_CONTEXT('2D SPACE',''
  ) );
#14407 = PCURVE('',#13445,#14408);
#14408 = DEFINITIONAL_REPRESENTATION('',(#14409),#14413);
#14409 = LINE('',#14410,#14411);
#14410 = CARTESIAN_POINT('',(1.399238939618,-2.4495074877E-02));
#14411 = VECTOR('',#14412,1.);
#14412 = DIRECTION('',(-8.715574274746E-02,0.996194698092));
#14413 = ( GEOMETRIC_REPRESENTATION_CONTEXT(2) 
PARAMETRIC_REPRESENTATION_CONTEXT() REPRESENTATION_CONTEXT('2D SPACE',''
  ) );
#14414 = ORIENTED_EDGE('',*,*,#14415,.F.);
#14415 = EDGE_CURVE('',#13966,#14393,#14416,.T.);
#14416 = SURFACE_CURVE('',#14417,(#14421,#14428),.PCURVE_S1.);
#14417 = LINE('',#14418,#14419);
#14418 = CARTESIAN_POINT('',(-0.885,0.50621792591,1.480666200496));
#14419 = VECTOR('',#14420,1.);
#14420 = DIRECTION('',(1.,0.,0.));
#14421 = PCURVE('',#13981,#14422);
#14422 = DEFINITIONAL_REPRESENTATION('',(#14423),#14427);
#14423 = LINE('',#14424,#14425);
#14424 = CARTESIAN_POINT('',(0.,1.29737011856));
#14425 = VECTOR('',#14426,1.);
#14426 = DIRECTION('',(1.,0.));
#14427 = ( GEOMETRIC_REPRESENTATION_CONTEXT(2) 
PARAMETRIC_REPRESENTATION_CONTEXT() REPRESENTATION_CONTEXT('2D SPACE',''
  ) );
#14428 = PCURVE('',#14009,#14429);
#14429 = DEFINITIONAL_REPRESENTATION('',(#14430),#14434);
#14430 = LINE('',#14431,#14432);
#14431 = CARTESIAN_POINT('',(0.,0.));
#14432 = VECTOR('',#14433,1.);
#14433 = DIRECTION('',(0.,1.));
#14434 = ( GEOMETRIC_REPRESENTATION_CONTEXT(2) 
PARAMETRIC_REPRESENTATION_CONTEXT() REPRESENTATION_CONTEXT('2D SPACE',''
  ) );
#14435 = ORIENTED_EDGE('',*,*,#13965,.F.);
#14436 = ADVANCED_FACE('',(#14437),#14009,.T.);
#14437 = FACE_BOUND('',#14438,.T.);
#14438 = EDGE_LOOP('',(#14439,#14462,#14483,#14484));
#14439 = ORIENTED_EDGE('',*,*,#14440,.T.);
#14440 = EDGE_CURVE('',#14393,#14441,#14443,.T.);
#14441 = VERTEX_POINT('',#14442);
#14442 = CARTESIAN_POINT('',(-0.385,0.705456865528,1.498097349046));
#14443 = SURFACE_CURVE('',#14444,(#14448,#14455),.PCURVE_S1.);
#14444 = LINE('',#14445,#14446);
#14445 = CARTESIAN_POINT('',(-0.385,0.50621792591,1.480666200496));
#14446 = VECTOR('',#14447,1.);
#14447 = DIRECTION('',(0.,0.996194698092,8.715574274777E-02));
#14448 = PCURVE('',#14009,#14449);
#14449 = DEFINITIONAL_REPRESENTATION('',(#14450),#14454);
#14450 = LINE('',#14451,#14452);
#14451 = CARTESIAN_POINT('',(0.,0.5));
#14452 = VECTOR('',#14453,1.);
#14453 = DIRECTION('',(-1.,0.));
#14454 = ( GEOMETRIC_REPRESENTATION_CONTEXT(2) 
PARAMETRIC_REPRESENTATION_CONTEXT() REPRESENTATION_CONTEXT('2D SPACE',''
  ) );
#14455 = PCURVE('',#13445,#14456);
#14456 = DEFINITIONAL_REPRESENTATION('',(#14457),#14461);
#14457 = LINE('',#14458,#14459);
#14458 = CARTESIAN_POINT('',(1.30621792591,1.03873997707));
#14459 = VECTOR('',#14460,1.);
#14460 = DIRECTION('',(0.996194698092,8.715574274777E-02));
#14461 = ( GEOMETRIC_REPRESENTATION_CONTEXT(2) 
PARAMETRIC_REPRESENTATION_CONTEXT() REPRESENTATION_CONTEXT('2D SPACE',''
  ) );
#14462 = ORIENTED_EDGE('',*,*,#14463,.F.);
#14463 = EDGE_CURVE('',#13994,#14441,#14464,.T.);
#14464 = SURFACE_CURVE('',#14465,(#14469,#14476),.PCURVE_S1.);
#14465 = LINE('',#14466,#14467);
#14466 = CARTESIAN_POINT('',(-0.885,0.705456865528,1.498097349046));
#14467 = VECTOR('',#14468,1.);
#14468 = DIRECTION('',(1.,0.,0.));
#14469 = PCURVE('',#14009,#14470);
#14470 = DEFINITIONAL_REPRESENTATION('',(#14471),#14475);
#14471 = LINE('',#14472,#14473);
#14472 = CARTESIAN_POINT('',(-0.2,0.));
#14473 = VECTOR('',#14474,1.);
#14474 = DIRECTION('',(0.,1.));
#14475 = ( GEOMETRIC_REPRESENTATION_CONTEXT(2) 
PARAMETRIC_REPRESENTATION_CONTEXT() REPRESENTATION_CONTEXT('2D SPACE',''
  ) );
#14476 = PCURVE('',#13622,#14477);
#14477 = DEFINITIONAL_REPRESENTATION('',(#14478),#14482);
#14478 = LINE('',#14479,#14480);
#14479 = CARTESIAN_POINT('',(0.,0.));
#14480 = VECTOR('',#14481,1.);
#14481 = DIRECTION('',(-1.,0.));
#14482 = ( GEOMETRIC_REPRESENTATION_CONTEXT(2) 
PARAMETRIC_REPRESENTATION_CONTEXT() REPRESENTATION_CONTEXT('2D SPACE',''
  ) );
#14483 = ORIENTED_EDGE('',*,*,#13993,.F.);
#14484 = ORIENTED_EDGE('',*,*,#14415,.T.);
#14485 = ADVANCED_FACE('',(#14486),#13622,.T.);
#14486 = FACE_BOUND('',#14487,.T.);
#14487 = EDGE_LOOP('',(#14488,#14489,#14490,#14491));
#14488 = ORIENTED_EDGE('',*,*,#13606,.F.);
#14489 = ORIENTED_EDGE('',*,*,#14021,.F.);
#14490 = ORIENTED_EDGE('',*,*,#14463,.T.);
#14491 = ORIENTED_EDGE('',*,*,#14492,.T.);
#14492 = EDGE_CURVE('',#14441,#13607,#14493,.T.);
#14493 = SURFACE_CURVE('',#14494,(#14498,#14505),.PCURVE_S1.);
#14494 = LINE('',#14495,#14496);
#14495 = CARTESIAN_POINT('',(-0.385,0.705456865528,1.498097349046));
#14496 = VECTOR('',#14497,1.);
#14497 = DIRECTION('',(0.,8.715574274747E-02,-0.996194698092));
#14498 = PCURVE('',#13622,#14499);
#14499 = DEFINITIONAL_REPRESENTATION('',(#14500),#14504);
#14500 = LINE('',#14501,#14502);
#14501 = CARTESIAN_POINT('',(-0.5,0.));
#14502 = VECTOR('',#14503,1.);
#14503 = DIRECTION('',(0.,-1.));
#14504 = ( GEOMETRIC_REPRESENTATION_CONTEXT(2) 
PARAMETRIC_REPRESENTATION_CONTEXT() REPRESENTATION_CONTEXT('2D SPACE',''
  ) );
#14505 = PCURVE('',#13445,#14506);
#14506 = DEFINITIONAL_REPRESENTATION('',(#14507),#14511);
#14507 = LINE('',#14508,#14509);
#14508 = CARTESIAN_POINT('',(1.505456865528,1.05617112562));
#14509 = VECTOR('',#14510,1.);
#14510 = DIRECTION('',(8.715574274747E-02,-0.996194698092));
#14511 = ( GEOMETRIC_REPRESENTATION_CONTEXT(2) 
PARAMETRIC_REPRESENTATION_CONTEXT() REPRESENTATION_CONTEXT('2D SPACE',''
  ) );
#14512 = ADVANCED_FACE('',(#14513),#13790,.T.);
#14513 = FACE_BOUND('',#14514,.T.);
#14514 = EDGE_LOOP('',(#14515,#14541,#14542,#14543));
#14515 = ORIENTED_EDGE('',*,*,#14516,.T.);
#14516 = EDGE_CURVE('',#14048,#14195,#14517,.T.);
#14517 = SURFACE_CURVE('',#14518,(#14523,#14530),.PCURVE_S1.);
#14518 = CIRCLE('',#14519,0.4);
#14519 = AXIS2_PLACEMENT_3D('',#14520,#14521,#14522);
#14520 = CARTESIAN_POINT('',(-0.385,-0.4,0.441926223426));
#14521 = DIRECTION('',(-1.,0.,0.));
#14522 = DIRECTION('',(0.,2.22044604925E-16,1.));
#14523 = PCURVE('',#13790,#14524);
#14524 = DEFINITIONAL_REPRESENTATION('',(#14525),#14529);
#14525 = LINE('',#14526,#14527);
#14526 = CARTESIAN_POINT('',(6.28318530718,0.5));
#14527 = VECTOR('',#14528,1.);
#14528 = DIRECTION('',(-1.,0.));
#14529 = ( GEOMETRIC_REPRESENTATION_CONTEXT(2) 
PARAMETRIC_REPRESENTATION_CONTEXT() REPRESENTATION_CONTEXT('2D SPACE',''
  ) );
#14530 = PCURVE('',#13445,#14531);
#14531 = DEFINITIONAL_REPRESENTATION('',(#14532),#14540);
#14532 = ( BOUNDED_CURVE() B_SPLINE_CURVE(2,(#14533,#14534,#14535,#14536
    ,#14537,#14538,#14539),.UNSPECIFIED.,.T.,.F.) 
B_SPLINE_CURVE_WITH_KNOTS((1,2,2,2,2,1),(-2.094395102393,0.,
    2.094395102393,4.188790204786,6.28318530718,8.377580409573),
.UNSPECIFIED.) CURVE() GEOMETRIC_REPRESENTATION_ITEM() 
RATIONAL_B_SPLINE_CURVE((1.,0.5,1.,0.5,1.,0.5,1.)) REPRESENTATION_ITEM(
  '') );
#14533 = CARTESIAN_POINT('',(0.4,0.4));
#14534 = CARTESIAN_POINT('',(1.092820323028,0.4));
#14535 = CARTESIAN_POINT('',(0.746410161514,-0.2));
#14536 = CARTESIAN_POINT('',(0.4,-0.8));
#14537 = CARTESIAN_POINT('',(5.358983848622E-02,-0.2));
#14538 = CARTESIAN_POINT('',(-0.292820323028,0.4));
#14539 = CARTESIAN_POINT('',(0.4,0.4));
#14540 = ( GEOMETRIC_REPRESENTATION_CONTEXT(2) 
PARAMETRIC_REPRESENTATION_CONTEXT() REPRESENTATION_CONTEXT('2D SPACE',''
  ) );
#14541 = ORIENTED_EDGE('',*,*,#14241,.F.);
#14542 = ORIENTED_EDGE('',*,*,#13773,.F.);
#14543 = ORIENTED_EDGE('',*,*,#14070,.T.);
#14544 = ADVANCED_FACE('',(#14545),#13445,.T.);
#14545 = FACE_BOUND('',#14546,.T.);
#14546 = EDGE_LOOP('',(#14547,#14548,#14549,#14550,#14551,#14552,#14553,
    #14554,#14555,#14556,#14557,#14558,#14559,#14560));
#14547 = ORIENTED_EDGE('',*,*,#13634,.F.);
#14548 = ORIENTED_EDGE('',*,*,#14492,.F.);
#14549 = ORIENTED_EDGE('',*,*,#14440,.F.);
#14550 = ORIENTED_EDGE('',*,*,#14392,.F.);
#14551 = ORIENTED_EDGE('',*,*,#14119,.F.);
#14552 = ORIENTED_EDGE('',*,*,#13421,.F.);
#14553 = ORIENTED_EDGE('',*,*,#14170,.F.);
#14554 = ORIENTED_EDGE('',*,*,#14366,.F.);
#14555 = ORIENTED_EDGE('',*,*,#14314,.F.);
#14556 = ORIENTED_EDGE('',*,*,#14265,.F.);
#14557 = ORIENTED_EDGE('',*,*,#14194,.F.);
#14558 = ORIENTED_EDGE('',*,*,#14516,.F.);
#14559 = ORIENTED_EDGE('',*,*,#14047,.F.);
#14560 = ORIENTED_EDGE('',*,*,#13664,.F.);
#14561 = ( GEOMETRIC_REPRESENTATION_CONTEXT(3) 
GLOBAL_UNCERTAINTY_ASSIGNED_CONTEXT((#14565)) 
GLOBAL_UNIT_ASSIGNED_CONTEXT((#14562,#14563,#14564)) 
REPRESENTATION_CONTEXT('Context #1',
  '3D Context with UNIT and UNCERTAINTY') );
#14562 = ( LENGTH_UNIT() NAMED_UNIT(*) SI_UNIT(.MILLI.,.METRE.) );
#14563 = ( NAMED_UNIT(*) PLANE_ANGLE_UNIT() SI_UNIT($,.RADIAN.) );
#14564 = ( NAMED_UNIT(*) SI_UNIT($,.STERADIAN.) SOLID_ANGLE_UNIT() );
#14565 = UNCERTAINTY_MEASURE_WITH_UNIT(LENGTH_MEASURE(1.E-07),#14562,
  'distance_accuracy_value','confusion accuracy');
#14566 = CONTEXT_DEPENDENT_SHAPE_REPRESENTATION(#14567,#14569);
#14567 = ( REPRESENTATION_RELATIONSHIP('','',#13414,#10) 
REPRESENTATION_RELATIONSHIP_WITH_TRANSFORMATION(#14568) 
SHAPE_REPRESENTATION_RELATIONSHIP() );
#14568 = ITEM_DEFINED_TRANSFORMATION('','',#11,#27);
#14569 = PRODUCT_DEFINITION_SHAPE('Placement','Placement of an item',
  #14570);
#14570 = NEXT_ASSEMBLY_USAGE_OCCURRENCE('4','=>[0:1:1:5]','',#5,#13409,$
  );
#14571 = PRODUCT_RELATED_PRODUCT_CATEGORY('part',$,(#13411));
#14572 = SHAPE_DEFINITION_REPRESENTATION(#14573,#14579);
#14573 = PRODUCT_DEFINITION_SHAPE('','',#14574);
#14574 = PRODUCT_DEFINITION('design','',#14575,#14578);
#14575 = PRODUCT_DEFINITION_FORMATION('','',#14576);
#14576 = PRODUCT('SOLID','SOLID','',(#14577));
#14577 = PRODUCT_CONTEXT('',#2,'mechanical');
#14578 = PRODUCT_DEFINITION_CONTEXT('part definition',#2,'design');
#14579 = ADVANCED_BREP_SHAPE_REPRESENTATION('',(#11,#14580),#15726);
#14580 = MANIFOLD_SOLID_BREP('',#14581);
#14581 = CLOSED_SHELL('',(#14582,#14704,#14824,#14910,#15207,#15256,
    #15306,#15355,#15426,#15475,#15524,#15552,#15601,#15650,#15677,
    #15709));
#14582 = ADVANCED_FACE('',(#14583),#14598,.F.);
#14583 = FACE_BOUND('',#14584,.F.);
#14584 = EDGE_LOOP('',(#14585,#14621,#14649,#14678));
#14585 = ORIENTED_EDGE('',*,*,#14586,.F.);
#14586 = EDGE_CURVE('',#14587,#14589,#14591,.T.);
#14587 = VERTEX_POINT('',#14588);
#14588 = CARTESIAN_POINT('',(-1.655,0.389532808751,0.200274093049));
#14589 = VERTEX_POINT('',#14590);
#14590 = CARTESIAN_POINT('',(-1.655,0.543867960068,0.261068325908));
#14591 = SURFACE_CURVE('',#14592,(#14597,#14609),.PCURVE_S1.);
#14592 = CIRCLE('',#14593,0.2);
#14593 = AXIS2_PLACEMENT_3D('',#14594,#14595,#14596);
#14594 = CARTESIAN_POINT('',(-1.655,0.4,0.4));
#14595 = DIRECTION('',(1.,-0.,0.));
#14596 = DIRECTION('',(0.,0.719339800339,-0.694658370459));
#14597 = PCURVE('',#14598,#14603);
#14598 = CYLINDRICAL_SURFACE('',#14599,0.2);
#14599 = AXIS2_PLACEMENT_3D('',#14600,#14601,#14602);
#14600 = CARTESIAN_POINT('',(-2.155,0.4,0.4));
#14601 = DIRECTION('',(1.,0.,0.));
#14602 = DIRECTION('',(0.,0.719339800339,-0.694658370459));
#14603 = DEFINITIONAL_REPRESENTATION('',(#14604),#14608);
#14604 = LINE('',#14605,#14606);
#14605 = CARTESIAN_POINT('',(2.6645352591E-15,0.5));
#14606 = VECTOR('',#14607,1.);
#14607 = DIRECTION('',(1.,0.));
#14608 = ( GEOMETRIC_REPRESENTATION_CONTEXT(2) 
PARAMETRIC_REPRESENTATION_CONTEXT() REPRESENTATION_CONTEXT('2D SPACE',''
  ) );
#14609 = PCURVE('',#14610,#14615);
#14610 = PLANE('',#14611);
#14611 = AXIS2_PLACEMENT_3D('',#14612,#14613,#14614);
#14612 = CARTESIAN_POINT('',(-1.655,-0.8,0.441926223426));
#14613 = DIRECTION('',(1.,0.,0.));
#14614 = DIRECTION('',(0.,1.,-2.22044604925E-16));
#14615 = DEFINITIONAL_REPRESENTATION('',(#14616),#14620);
#14616 = CIRCLE('',#14617,0.2);
#14617 = AXIS2_PLACEMENT_2D('',#14618,#14619);
#14618 = CARTESIAN_POINT('',(1.2,-4.1926223426E-02));
#14619 = DIRECTION('',(0.719339800339,-0.694658370459));
#14620 = ( GEOMETRIC_REPRESENTATION_CONTEXT(2) 
PARAMETRIC_REPRESENTATION_CONTEXT() REPRESENTATION_CONTEXT('2D SPACE',''
  ) );
#14621 = ORIENTED_EDGE('',*,*,#14622,.F.);
#14622 = EDGE_CURVE('',#14623,#14587,#14625,.T.);
#14623 = VERTEX_POINT('',#14624);
#14624 = CARTESIAN_POINT('',(-2.155,0.389532808751,0.200274093049));
#14625 = SURFACE_CURVE('',#14626,(#14630,#14637),.PCURVE_S1.);
#14626 = LINE('',#14627,#14628);
#14627 = CARTESIAN_POINT('',(-2.155,0.389532808751,0.200274093049));
#14628 = VECTOR('',#14629,1.);
#14629 = DIRECTION('',(1.,0.,0.));
#14630 = PCURVE('',#14598,#14631);
#14631 = DEFINITIONAL_REPRESENTATION('',(#14632),#14636);
#14632 = LINE('',#14633,#14634);
#14633 = CARTESIAN_POINT('',(5.427973973702,0.));
#14634 = VECTOR('',#14635,1.);
#14635 = DIRECTION('',(0.,1.));
#14636 = ( GEOMETRIC_REPRESENTATION_CONTEXT(2) 
PARAMETRIC_REPRESENTATION_CONTEXT() REPRESENTATION_CONTEXT('2D SPACE',''
  ) );
#14637 = PCURVE('',#14638,#14643);
#14638 = PLANE('',#14639);
#14639 = AXIS2_PLACEMENT_3D('',#14640,#14641,#14642);
#14640 = CARTESIAN_POINT('',(-2.155,-0.410467191249,0.242200316476));
#14641 = DIRECTION('',(0.,5.233595624305E-02,0.998629534755));
#14642 = DIRECTION('',(0.,-0.998629534755,5.233595624305E-02));
#14643 = DEFINITIONAL_REPRESENTATION('',(#14644),#14648);
#14644 = LINE('',#14645,#14646);
#14645 = CARTESIAN_POINT('',(-0.801097876798,0.));
#14646 = VECTOR('',#14647,1.);
#14647 = DIRECTION('',(0.,1.));
#14648 = ( GEOMETRIC_REPRESENTATION_CONTEXT(2) 
PARAMETRIC_REPRESENTATION_CONTEXT() REPRESENTATION_CONTEXT('2D SPACE',''
  ) );
#14649 = ORIENTED_EDGE('',*,*,#14650,.F.);
#14650 = EDGE_CURVE('',#14651,#14623,#14653,.T.);
#14651 = VERTEX_POINT('',#14652);
#14652 = CARTESIAN_POINT('',(-2.155,0.543867960068,0.261068325908));
#14653 = SURFACE_CURVE('',#14654,(#14659,#14666),.PCURVE_S1.);
#14654 = CIRCLE('',#14655,0.2);
#14655 = AXIS2_PLACEMENT_3D('',#14656,#14657,#14658);
#14656 = CARTESIAN_POINT('',(-2.155,0.4,0.4));
#14657 = DIRECTION('',(-1.,-0.,0.));
#14658 = DIRECTION('',(-0.,0.719339800339,-0.694658370459));
#14659 = PCURVE('',#14598,#14660);
#14660 = DEFINITIONAL_REPRESENTATION('',(#14661),#14665);
#14661 = LINE('',#14662,#14663);
#14662 = CARTESIAN_POINT('',(6.28318530718,0.));
#14663 = VECTOR('',#14664,1.);
#14664 = DIRECTION('',(-1.,0.));
#14665 = ( GEOMETRIC_REPRESENTATION_CONTEXT(2) 
PARAMETRIC_REPRESENTATION_CONTEXT() REPRESENTATION_CONTEXT('2D SPACE',''
  ) );
#14666 = PCURVE('',#14667,#14672);
#14667 = PLANE('',#14668);
#14668 = AXIS2_PLACEMENT_3D('',#14669,#14670,#14671);
#14669 = CARTESIAN_POINT('',(-2.155,-0.183089821524,0.476316299651));
#14670 = DIRECTION('',(-1.,0.,0.));
#14671 = DIRECTION('',(0.,-1.,2.22044604925E-16));
#14672 = DEFINITIONAL_REPRESENTATION('',(#14673),#14677);
#14673 = CIRCLE('',#14674,0.2);
#14674 = AXIS2_PLACEMENT_2D('',#14675,#14676);
#14675 = CARTESIAN_POINT('',(-0.583089821524,-7.6316299651E-02));
#14676 = DIRECTION('',(-0.719339800339,-0.694658370459));
#14677 = ( GEOMETRIC_REPRESENTATION_CONTEXT(2) 
PARAMETRIC_REPRESENTATION_CONTEXT() REPRESENTATION_CONTEXT('2D SPACE',''
  ) );
#14678 = ORIENTED_EDGE('',*,*,#14679,.T.);
#14679 = EDGE_CURVE('',#14651,#14589,#14680,.T.);
#14680 = SURFACE_CURVE('',#14681,(#14685,#14692),.PCURVE_S1.);
#14681 = LINE('',#14682,#14683);
#14682 = CARTESIAN_POINT('',(-2.155,0.543867960068,0.261068325908));
#14683 = VECTOR('',#14684,1.);
#14684 = DIRECTION('',(1.,0.,0.));
#14685 = PCURVE('',#14598,#14686);
#14686 = DEFINITIONAL_REPRESENTATION('',(#14687),#14691);
#14687 = LINE('',#14688,#14689);
#14688 = CARTESIAN_POINT('',(6.28318530718,0.));
#14689 = VECTOR('',#14690,1.);
#14690 = DIRECTION('',(0.,1.));
#14691 = ( GEOMETRIC_REPRESENTATION_CONTEXT(2) 
PARAMETRIC_REPRESENTATION_CONTEXT() REPRESENTATION_CONTEXT('2D SPACE',''
  ) );
#14692 = PCURVE('',#14693,#14698);
#14693 = CYLINDRICAL_SURFACE('',#14694,0.2);
#14694 = AXIS2_PLACEMENT_3D('',#14695,#14696,#14697);
#14695 = CARTESIAN_POINT('',(-2.155,0.4,0.4));
#14696 = DIRECTION('',(1.,0.,0.));
#14697 = DIRECTION('',(0.,0.719339800339,-0.694658370459));
#14698 = DEFINITIONAL_REPRESENTATION('',(#14699),#14703);
#14699 = LINE('',#14700,#14701);
#14700 = CARTESIAN_POINT('',(0.,0.));
#14701 = VECTOR('',#14702,1.);
#14702 = DIRECTION('',(0.,1.));
#14703 = ( GEOMETRIC_REPRESENTATION_CONTEXT(2) 
PARAMETRIC_REPRESENTATION_CONTEXT() REPRESENTATION_CONTEXT('2D SPACE',''
  ) );
#14704 = ADVANCED_FACE('',(#14705),#14719,.T.);
#14705 = FACE_BOUND('',#14706,.T.);
#14706 = EDGE_LOOP('',(#14707,#14742,#14770,#14798));
#14707 = ORIENTED_EDGE('',*,*,#14708,.F.);
#14708 = EDGE_CURVE('',#14709,#14711,#14713,.T.);
#14709 = VERTEX_POINT('',#14710);
#14710 = CARTESIAN_POINT('',(-2.155,0.687735920135,0.122136651816));
#14711 = VERTEX_POINT('',#14712);
#14712 = CARTESIAN_POINT('',(-1.655,0.687735920135,0.122136651816));
#14713 = SURFACE_CURVE('',#14714,(#14718,#14730),.PCURVE_S1.);
#14714 = LINE('',#14715,#14716);
#14715 = CARTESIAN_POINT('',(-2.155,0.687735920135,0.122136651816));
#14716 = VECTOR('',#14717,1.);
#14717 = DIRECTION('',(1.,0.,0.));
#14718 = PCURVE('',#14719,#14724);
#14719 = CYLINDRICAL_SURFACE('',#14720,0.4);
#14720 = AXIS2_PLACEMENT_3D('',#14721,#14722,#14723);
#14721 = CARTESIAN_POINT('',(-2.155,0.4,0.4));
#14722 = DIRECTION('',(1.,0.,0.));
#14723 = DIRECTION('',(0.,0.719339800339,-0.694658370459));
#14724 = DEFINITIONAL_REPRESENTATION('',(#14725),#14729);
#14725 = LINE('',#14726,#14727);
#14726 = CARTESIAN_POINT('',(0.,0.));
#14727 = VECTOR('',#14728,1.);
#14728 = DIRECTION('',(0.,1.));
#14729 = ( GEOMETRIC_REPRESENTATION_CONTEXT(2) 
PARAMETRIC_REPRESENTATION_CONTEXT() REPRESENTATION_CONTEXT('2D SPACE',''
  ) );
#14730 = PCURVE('',#14731,#14736);
#14731 = CYLINDRICAL_SURFACE('',#14732,0.4);
#14732 = AXIS2_PLACEMENT_3D('',#14733,#14734,#14735);
#14733 = CARTESIAN_POINT('',(-2.155,0.4,0.4));
#14734 = DIRECTION('',(1.,0.,0.));
#14735 = DIRECTION('',(0.,0.719339800339,-0.694658370459));
#14736 = DEFINITIONAL_REPRESENTATION('',(#14737),#14741);
#14737 = LINE('',#14738,#14739);
#14738 = CARTESIAN_POINT('',(6.28318530718,0.));
#14739 = VECTOR('',#14740,1.);
#14740 = DIRECTION('',(0.,1.));
#14741 = ( GEOMETRIC_REPRESENTATION_CONTEXT(2) 
PARAMETRIC_REPRESENTATION_CONTEXT() REPRESENTATION_CONTEXT('2D SPACE',''
  ) );
#14742 = ORIENTED_EDGE('',*,*,#14743,.T.);
#14743 = EDGE_CURVE('',#14709,#14744,#14746,.T.);
#14744 = VERTEX_POINT('',#14745);
#14745 = CARTESIAN_POINT('',(-2.155,0.798477879237,0.434862297099));
#14746 = SURFACE_CURVE('',#14747,(#14752,#14759),.PCURVE_S1.);
#14747 = CIRCLE('',#14748,0.4);
#14748 = AXIS2_PLACEMENT_3D('',#14749,#14750,#14751);
#14749 = CARTESIAN_POINT('',(-2.155,0.4,0.4));
#14750 = DIRECTION('',(1.,-0.,0.));
#14751 = DIRECTION('',(0.,0.719339800339,-0.694658370459));
#14752 = PCURVE('',#14719,#14753);
#14753 = DEFINITIONAL_REPRESENTATION('',(#14754),#14758);
#14754 = LINE('',#14755,#14756);
#14755 = CARTESIAN_POINT('',(0.,0.));
#14756 = VECTOR('',#14757,1.);
#14757 = DIRECTION('',(1.,0.));
#14758 = ( GEOMETRIC_REPRESENTATION_CONTEXT(2) 
PARAMETRIC_REPRESENTATION_CONTEXT() REPRESENTATION_CONTEXT('2D SPACE',''
  ) );
#14759 = PCURVE('',#14667,#14760);
#14760 = DEFINITIONAL_REPRESENTATION('',(#14761),#14769);
#14761 = ( BOUNDED_CURVE() B_SPLINE_CURVE(2,(#14762,#14763,#14764,#14765
    ,#14766,#14767,#14768),.UNSPECIFIED.,.T.,.F.) 
B_SPLINE_CURVE_WITH_KNOTS((1,2,2,2,2,1),(-2.094395102393,0.,
    2.094395102393,4.188790204786,6.28318530718,8.377580409573),
.UNSPECIFIED.) CURVE() GEOMETRIC_REPRESENTATION_ITEM() 
RATIONAL_B_SPLINE_CURVE((1.,0.5,1.,0.5,1.,0.5,1.)) REPRESENTATION_ITEM(
  '') );
#14762 = CARTESIAN_POINT('',(-0.87082574166,-0.354179647835));
#14763 = CARTESIAN_POINT('',(-1.352099178275,0.144193585003));
#14764 = CARTESIAN_POINT('',(-0.679858579764,0.311801990859));
#14765 = CARTESIAN_POINT('',(-7.617981252946E-03,0.479410396716));
#14766 = CARTESIAN_POINT('',(-0.198585143149,-0.186571241978));
#14767 = CARTESIAN_POINT('',(-0.389552305044,-0.852552880672));
#14768 = CARTESIAN_POINT('',(-0.87082574166,-0.354179647835));
#14769 = ( GEOMETRIC_REPRESENTATION_CONTEXT(2) 
PARAMETRIC_REPRESENTATION_CONTEXT() REPRESENTATION_CONTEXT('2D SPACE',''
  ) );
#14770 = ORIENTED_EDGE('',*,*,#14771,.T.);
#14771 = EDGE_CURVE('',#14744,#14772,#14774,.T.);
#14772 = VERTEX_POINT('',#14773);
#14773 = CARTESIAN_POINT('',(-1.655,0.798477879237,0.434862297099));
#14774 = SURFACE_CURVE('',#14775,(#14779,#14786),.PCURVE_S1.);
#14775 = LINE('',#14776,#14777);
#14776 = CARTESIAN_POINT('',(-2.155,0.798477879237,0.434862297099));
#14777 = VECTOR('',#14778,1.);
#14778 = DIRECTION('',(1.,0.,0.));
#14779 = PCURVE('',#14719,#14780);
#14780 = DEFINITIONAL_REPRESENTATION('',(#14781),#14785);
#14781 = LINE('',#14782,#14783);
#14782 = CARTESIAN_POINT('',(0.855211333477,0.));
#14783 = VECTOR('',#14784,1.);
#14784 = DIRECTION('',(0.,1.));
#14785 = ( GEOMETRIC_REPRESENTATION_CONTEXT(2) 
PARAMETRIC_REPRESENTATION_CONTEXT() REPRESENTATION_CONTEXT('2D SPACE',''
  ) );
#14786 = PCURVE('',#14787,#14792);
#14787 = PLANE('',#14788);
#14788 = AXIS2_PLACEMENT_3D('',#14789,#14790,#14791);
#14789 = CARTESIAN_POINT('',(-2.155,0.705456865528,1.498097349046));
#14790 = DIRECTION('',(0.,0.996194698092,8.715574274746E-02));
#14791 = DIRECTION('',(-1.,0.,0.));
#14792 = DEFINITIONAL_REPRESENTATION('',(#14793),#14797);
#14793 = LINE('',#14794,#14795);
#14794 = CARTESIAN_POINT('',(0.,-1.067296437116));
#14795 = VECTOR('',#14796,1.);
#14796 = DIRECTION('',(-1.,0.));
#14797 = ( GEOMETRIC_REPRESENTATION_CONTEXT(2) 
PARAMETRIC_REPRESENTATION_CONTEXT() REPRESENTATION_CONTEXT('2D SPACE',''
  ) );
#14798 = ORIENTED_EDGE('',*,*,#14799,.T.);
#14799 = EDGE_CURVE('',#14772,#14711,#14800,.T.);
#14800 = SURFACE_CURVE('',#14801,(#14806,#14813),.PCURVE_S1.);
#14801 = CIRCLE('',#14802,0.4);
#14802 = AXIS2_PLACEMENT_3D('',#14803,#14804,#14805);
#14803 = CARTESIAN_POINT('',(-1.655,0.4,0.4));
#14804 = DIRECTION('',(-1.,-0.,0.));
#14805 = DIRECTION('',(-0.,0.719339800339,-0.694658370459));
#14806 = PCURVE('',#14719,#14807);
#14807 = DEFINITIONAL_REPRESENTATION('',(#14808),#14812);
#14808 = LINE('',#14809,#14810);
#14809 = CARTESIAN_POINT('',(6.28318530718,0.5));
#14810 = VECTOR('',#14811,1.);
#14811 = DIRECTION('',(-1.,0.));
#14812 = ( GEOMETRIC_REPRESENTATION_CONTEXT(2) 
PARAMETRIC_REPRESENTATION_CONTEXT() REPRESENTATION_CONTEXT('2D SPACE',''
  ) );
#14813 = PCURVE('',#14610,#14814);
#14814 = DEFINITIONAL_REPRESENTATION('',(#14815),#14823);
#14815 = ( BOUNDED_CURVE() B_SPLINE_CURVE(2,(#14816,#14817,#14818,#14819
    ,#14820,#14821,#14822),.UNSPECIFIED.,.T.,.F.) 
B_SPLINE_CURVE_WITH_KNOTS((1,2,2,2,2,1),(-2.094395102393,0.,
    2.094395102393,4.188790204786,6.28318530718,8.377580409573),
.UNSPECIFIED.) CURVE() GEOMETRIC_REPRESENTATION_ITEM() 
RATIONAL_B_SPLINE_CURVE((1.,0.5,1.,0.5,1.,0.5,1.)) REPRESENTATION_ITEM(
  '') );
#14816 = CARTESIAN_POINT('',(1.487735920136,-0.31978957161));
#14817 = CARTESIAN_POINT('',(1.00646248352,-0.818162804447));
#14818 = CARTESIAN_POINT('',(0.815495321625,-0.152181165753));
#14819 = CARTESIAN_POINT('',(0.624528159729,0.513800472941));
#14820 = CARTESIAN_POINT('',(1.29676875824,0.346192067084));
#14821 = CARTESIAN_POINT('',(1.969009356751,0.178583661228));
#14822 = CARTESIAN_POINT('',(1.487735920136,-0.31978957161));
#14823 = ( GEOMETRIC_REPRESENTATION_CONTEXT(2) 
PARAMETRIC_REPRESENTATION_CONTEXT() REPRESENTATION_CONTEXT('2D SPACE',''
  ) );
#14824 = ADVANCED_FACE('',(#14825),#14731,.T.);
#14825 = FACE_BOUND('',#14826,.T.);
#14826 = EDGE_LOOP('',(#14827,#14828,#14856,#14884));
#14827 = ORIENTED_EDGE('',*,*,#14708,.T.);
#14828 = ORIENTED_EDGE('',*,*,#14829,.T.);
#14829 = EDGE_CURVE('',#14711,#14830,#14832,.T.);
#14830 = VERTEX_POINT('',#14831);
#14831 = CARTESIAN_POINT('',(-1.655,0.379065617503,5.48186098118E-04));
#14832 = SURFACE_CURVE('',#14833,(#14838,#14845),.PCURVE_S1.);
#14833 = CIRCLE('',#14834,0.4);
#14834 = AXIS2_PLACEMENT_3D('',#14835,#14836,#14837);
#14835 = CARTESIAN_POINT('',(-1.655,0.4,0.4));
#14836 = DIRECTION('',(-1.,-0.,0.));
#14837 = DIRECTION('',(-0.,0.719339800339,-0.694658370459));
#14838 = PCURVE('',#14731,#14839);
#14839 = DEFINITIONAL_REPRESENTATION('',(#14840),#14844);
#14840 = LINE('',#14841,#14842);
#14841 = CARTESIAN_POINT('',(6.28318530718,0.5));
#14842 = VECTOR('',#14843,1.);
#14843 = DIRECTION('',(-1.,0.));
#14844 = ( GEOMETRIC_REPRESENTATION_CONTEXT(2) 
PARAMETRIC_REPRESENTATION_CONTEXT() REPRESENTATION_CONTEXT('2D SPACE',''
  ) );
#14845 = PCURVE('',#14610,#14846);
#14846 = DEFINITIONAL_REPRESENTATION('',(#14847),#14855);
#14847 = ( BOUNDED_CURVE() B_SPLINE_CURVE(2,(#14848,#14849,#14850,#14851
    ,#14852,#14853,#14854),.UNSPECIFIED.,.T.,.F.) 
B_SPLINE_CURVE_WITH_KNOTS((1,2,2,2,2,1),(-2.094395102393,0.,
    2.094395102393,4.188790204786,6.28318530718,8.377580409573),
.UNSPECIFIED.) CURVE() GEOMETRIC_REPRESENTATION_ITEM() 
RATIONAL_B_SPLINE_CURVE((1.,0.5,1.,0.5,1.,0.5,1.)) REPRESENTATION_ITEM(
  '') );
#14848 = CARTESIAN_POINT('',(1.487735920136,-0.31978957161));
#14849 = CARTESIAN_POINT('',(1.00646248352,-0.818162804447));
#14850 = CARTESIAN_POINT('',(0.815495321625,-0.152181165753));
#14851 = CARTESIAN_POINT('',(0.624528159729,0.513800472941));
#14852 = CARTESIAN_POINT('',(1.29676875824,0.346192067084));
#14853 = CARTESIAN_POINT('',(1.969009356751,0.178583661228));
#14854 = CARTESIAN_POINT('',(1.487735920136,-0.31978957161));
#14855 = ( GEOMETRIC_REPRESENTATION_CONTEXT(2) 
PARAMETRIC_REPRESENTATION_CONTEXT() REPRESENTATION_CONTEXT('2D SPACE',''
  ) );
#14856 = ORIENTED_EDGE('',*,*,#14857,.T.);
#14857 = EDGE_CURVE('',#14830,#14858,#14860,.T.);
#14858 = VERTEX_POINT('',#14859);
#14859 = CARTESIAN_POINT('',(-2.155,0.379065617503,5.48186098118E-04));
#14860 = SURFACE_CURVE('',#14861,(#14865,#14872),.PCURVE_S1.);
#14861 = LINE('',#14862,#14863);
#14862 = CARTESIAN_POINT('',(-1.655,0.379065617503,5.48186098118E-04));
#14863 = VECTOR('',#14864,1.);
#14864 = DIRECTION('',(-1.,0.,0.));
#14865 = PCURVE('',#14731,#14866);
#14866 = DEFINITIONAL_REPRESENTATION('',(#14867),#14871);
#14867 = LINE('',#14868,#14869);
#14868 = CARTESIAN_POINT('',(5.427973973702,0.5));
#14869 = VECTOR('',#14870,1.);
#14870 = DIRECTION('',(0.,-1.));
#14871 = ( GEOMETRIC_REPRESENTATION_CONTEXT(2) 
PARAMETRIC_REPRESENTATION_CONTEXT() REPRESENTATION_CONTEXT('2D SPACE',''
  ) );
#14872 = PCURVE('',#14873,#14878);
#14873 = PLANE('',#14874);
#14874 = AXIS2_PLACEMENT_3D('',#14875,#14876,#14877);
#14875 = CARTESIAN_POINT('',(-2.155,0.838582364423,-2.353406615134E-02)
  );
#14876 = DIRECTION('',(0.,-5.233595624305E-02,-0.998629534755));
#14877 = DIRECTION('',(0.,0.998629534755,-5.233595624305E-02));
#14878 = DEFINITIONAL_REPRESENTATION('',(#14879),#14883);
#14879 = LINE('',#14880,#14881);
#14880 = CARTESIAN_POINT('',(-0.460147362889,0.5));
#14881 = VECTOR('',#14882,1.);
#14882 = DIRECTION('',(0.,-1.));
#14883 = ( GEOMETRIC_REPRESENTATION_CONTEXT(2) 
PARAMETRIC_REPRESENTATION_CONTEXT() REPRESENTATION_CONTEXT('2D SPACE',''
  ) );
#14884 = ORIENTED_EDGE('',*,*,#14885,.T.);
#14885 = EDGE_CURVE('',#14858,#14709,#14886,.T.);
#14886 = SURFACE_CURVE('',#14887,(#14892,#14899),.PCURVE_S1.);
#14887 = CIRCLE('',#14888,0.4);
#14888 = AXIS2_PLACEMENT_3D('',#14889,#14890,#14891);
#14889 = CARTESIAN_POINT('',(-2.155,0.4,0.4));
#14890 = DIRECTION('',(1.,-0.,0.));
#14891 = DIRECTION('',(0.,0.719339800339,-0.694658370459));
#14892 = PCURVE('',#14731,#14893);
#14893 = DEFINITIONAL_REPRESENTATION('',(#14894),#14898);
#14894 = LINE('',#14895,#14896);
#14895 = CARTESIAN_POINT('',(0.,0.));
#14896 = VECTOR('',#14897,1.);
#14897 = DIRECTION('',(1.,0.));
#14898 = ( GEOMETRIC_REPRESENTATION_CONTEXT(2) 
PARAMETRIC_REPRESENTATION_CONTEXT() REPRESENTATION_CONTEXT('2D SPACE',''
  ) );
#14899 = PCURVE('',#14667,#14900);
#14900 = DEFINITIONAL_REPRESENTATION('',(#14901),#14909);
#14901 = ( BOUNDED_CURVE() B_SPLINE_CURVE(2,(#14902,#14903,#14904,#14905
    ,#14906,#14907,#14908),.UNSPECIFIED.,.T.,.F.) 
B_SPLINE_CURVE_WITH_KNOTS((1,2,2,2,2,1),(-2.094395102393,0.,
    2.094395102393,4.188790204786,6.28318530718,8.377580409573),
.UNSPECIFIED.) CURVE() GEOMETRIC_REPRESENTATION_ITEM() 
RATIONAL_B_SPLINE_CURVE((1.,0.5,1.,0.5,1.,0.5,1.)) REPRESENTATION_ITEM(
  '') );
#14902 = CARTESIAN_POINT('',(-0.87082574166,-0.354179647835));
#14903 = CARTESIAN_POINT('',(-1.352099178275,0.144193585003));
#14904 = CARTESIAN_POINT('',(-0.679858579764,0.311801990859));
#14905 = CARTESIAN_POINT('',(-7.617981252946E-03,0.479410396716));
#14906 = CARTESIAN_POINT('',(-0.198585143149,-0.186571241978));
#14907 = CARTESIAN_POINT('',(-0.389552305044,-0.852552880672));
#14908 = CARTESIAN_POINT('',(-0.87082574166,-0.354179647835));
#14909 = ( GEOMETRIC_REPRESENTATION_CONTEXT(2) 
PARAMETRIC_REPRESENTATION_CONTEXT() REPRESENTATION_CONTEXT('2D SPACE',''
  ) );
#14910 = ADVANCED_FACE('',(#14911),#14667,.T.);
#14911 = FACE_BOUND('',#14912,.T.);
#14912 = EDGE_LOOP('',(#14913,#14914,#14937,#14966,#14994,#15022,#15050,
    #15083,#15104,#15105,#15129,#15157,#15185,#15206));
#14913 = ORIENTED_EDGE('',*,*,#14885,.F.);
#14914 = ORIENTED_EDGE('',*,*,#14915,.T.);
#14915 = EDGE_CURVE('',#14858,#14916,#14918,.T.);
#14916 = VERTEX_POINT('',#14917);
#14917 = CARTESIAN_POINT('',(-2.155,-0.420934382497,4.247440952469E-02)
  );
#14918 = SURFACE_CURVE('',#14919,(#14923,#14930),.PCURVE_S1.);
#14919 = LINE('',#14920,#14921);
#14920 = CARTESIAN_POINT('',(-2.155,0.379065617503,5.48186098118E-04));
#14921 = VECTOR('',#14922,1.);
#14922 = DIRECTION('',(3.464691999998E-17,-0.998629534755,
    5.233595624308E-02));
#14923 = PCURVE('',#14667,#14924);
#14924 = DEFINITIONAL_REPRESENTATION('',(#14925),#14929);
#14925 = LINE('',#14926,#14927);
#14926 = CARTESIAN_POINT('',(-0.562155439027,-0.475768113553));
#14927 = VECTOR('',#14928,1.);
#14928 = DIRECTION('',(0.998629534755,5.233595624308E-02));
#14929 = ( GEOMETRIC_REPRESENTATION_CONTEXT(2) 
PARAMETRIC_REPRESENTATION_CONTEXT() REPRESENTATION_CONTEXT('2D SPACE',''
  ) );
#14930 = PCURVE('',#14873,#14931);
#14931 = DEFINITIONAL_REPRESENTATION('',(#14932),#14936);
#14932 = LINE('',#14933,#14934);
#14933 = CARTESIAN_POINT('',(-0.460147362889,0.));
#14934 = VECTOR('',#14935,1.);
#14935 = DIRECTION('',(-1.,3.464691999998E-17));
#14936 = ( GEOMETRIC_REPRESENTATION_CONTEXT(2) 
PARAMETRIC_REPRESENTATION_CONTEXT() REPRESENTATION_CONTEXT('2D SPACE',''
  ) );
#14937 = ORIENTED_EDGE('',*,*,#14938,.T.);
#14938 = EDGE_CURVE('',#14916,#14939,#14941,.T.);
#14939 = VERTEX_POINT('',#14940);
#14940 = CARTESIAN_POINT('',(-2.155,-0.8,0.441926223426));
#14941 = SURFACE_CURVE('',#14942,(#14947,#14954),.PCURVE_S1.);
#14942 = CIRCLE('',#14943,0.4);
#14943 = AXIS2_PLACEMENT_3D('',#14944,#14945,#14946);
#14944 = CARTESIAN_POINT('',(-2.155,-0.4,0.441926223426));
#14945 = DIRECTION('',(-1.,0.,0.));
#14946 = DIRECTION('',(0.,2.22044604925E-16,1.));
#14947 = PCURVE('',#14667,#14948);
#14948 = DEFINITIONAL_REPRESENTATION('',(#14949),#14953);
#14949 = CIRCLE('',#14950,0.4);
#14950 = AXIS2_PLACEMENT_2D('',#14951,#14952);
#14951 = CARTESIAN_POINT('',(0.216910178476,-3.4390076225E-02));
#14952 = DIRECTION('',(0.,1.));
#14953 = ( GEOMETRIC_REPRESENTATION_CONTEXT(2) 
PARAMETRIC_REPRESENTATION_CONTEXT() REPRESENTATION_CONTEXT('2D SPACE',''
  ) );
#14954 = PCURVE('',#14955,#14960);
#14955 = CYLINDRICAL_SURFACE('',#14956,0.4);
#14956 = AXIS2_PLACEMENT_3D('',#14957,#14958,#14959);
#14957 = CARTESIAN_POINT('',(-2.155,-0.4,0.441926223426));
#14958 = DIRECTION('',(1.,0.,0.));
#14959 = DIRECTION('',(-0.,2.22044604925E-16,1.));
#14960 = DEFINITIONAL_REPRESENTATION('',(#14961),#14965);
#14961 = LINE('',#14962,#14963);
#14962 = CARTESIAN_POINT('',(6.28318530718,0.));
#14963 = VECTOR('',#14964,1.);
#14964 = DIRECTION('',(-1.,0.));
#14965 = ( GEOMETRIC_REPRESENTATION_CONTEXT(2) 
PARAMETRIC_REPRESENTATION_CONTEXT() REPRESENTATION_CONTEXT('2D SPACE',''
  ) );
#14966 = ORIENTED_EDGE('',*,*,#14967,.T.);
#14967 = EDGE_CURVE('',#14939,#14968,#14970,.T.);
#14968 = VERTEX_POINT('',#14969);
#14969 = CARTESIAN_POINT('',(-2.155,-0.8,0.466483135606));
#14970 = SURFACE_CURVE('',#14971,(#14975,#14982),.PCURVE_S1.);
#14971 = LINE('',#14972,#14973);
#14972 = CARTESIAN_POINT('',(-2.155,-0.8,0.441926223426));
#14973 = VECTOR('',#14974,1.);
#14974 = DIRECTION('',(0.,7.238376044605E-12,1.));
#14975 = PCURVE('',#14667,#14976);
#14976 = DEFINITIONAL_REPRESENTATION('',(#14977),#14981);
#14977 = LINE('',#14978,#14979);
#14978 = CARTESIAN_POINT('',(0.616910178476,-3.4390076225E-02));
#14979 = VECTOR('',#14980,1.);
#14980 = DIRECTION('',(-7.238154E-12,1.));
#14981 = ( GEOMETRIC_REPRESENTATION_CONTEXT(2) 
PARAMETRIC_REPRESENTATION_CONTEXT() REPRESENTATION_CONTEXT('2D SPACE',''
  ) );
#14982 = PCURVE('',#14983,#14988);
#14983 = PLANE('',#14984);
#14984 = AXIS2_PLACEMENT_3D('',#14985,#14986,#14987);
#14985 = CARTESIAN_POINT('',(-2.155,-0.8,0.441926223426));
#14986 = DIRECTION('',(0.,-1.,2.22044604925E-16));
#14987 = DIRECTION('',(1.,0.,0.));
#14988 = DEFINITIONAL_REPRESENTATION('',(#14989),#14993);
#14989 = LINE('',#14990,#14991);
#14990 = CARTESIAN_POINT('',(0.,0.));
#14991 = VECTOR('',#14992,1.);
#14992 = DIRECTION('',(0.,1.));
#14993 = ( GEOMETRIC_REPRESENTATION_CONTEXT(2) 
PARAMETRIC_REPRESENTATION_CONTEXT() REPRESENTATION_CONTEXT('2D SPACE',''
  ) );
#14994 = ORIENTED_EDGE('',*,*,#14995,.T.);
#14995 = EDGE_CURVE('',#14968,#14996,#14998,.T.);
#14996 = VERTEX_POINT('',#14997);
#14997 = CARTESIAN_POINT('',(-2.155,-0.6,0.466483135606));
#14998 = SURFACE_CURVE('',#14999,(#15003,#15010),.PCURVE_S1.);
#14999 = LINE('',#15000,#15001);
#15000 = CARTESIAN_POINT('',(-2.155,-0.8,0.466483135606));
#15001 = VECTOR('',#15002,1.);
#15002 = DIRECTION('',(0.,1.,-2.22044604925E-16));
#15003 = PCURVE('',#14667,#15004);
#15004 = DEFINITIONAL_REPRESENTATION('',(#15005),#15009);
#15005 = LINE('',#15006,#15007);
#15006 = CARTESIAN_POINT('',(0.616910178476,-9.833164045E-03));
#15007 = VECTOR('',#15008,1.);
#15008 = DIRECTION('',(-1.,0.));
#15009 = ( GEOMETRIC_REPRESENTATION_CONTEXT(2) 
PARAMETRIC_REPRESENTATION_CONTEXT() REPRESENTATION_CONTEXT('2D SPACE',''
  ) );
#15010 = PCURVE('',#15011,#15016);
#15011 = PLANE('',#15012);
#15012 = AXIS2_PLACEMENT_3D('',#15013,#15014,#15015);
#15013 = CARTESIAN_POINT('',(-2.155,-0.8,0.466483135606));
#15014 = DIRECTION('',(0.,2.22044604925E-16,1.));
#15015 = DIRECTION('',(0.,-1.,2.22044604925E-16));
#15016 = DEFINITIONAL_REPRESENTATION('',(#15017),#15021);
#15017 = LINE('',#15018,#15019);
#15018 = CARTESIAN_POINT('',(0.,0.));
#15019 = VECTOR('',#15020,1.);
#15020 = DIRECTION('',(-1.,0.));
#15021 = ( GEOMETRIC_REPRESENTATION_CONTEXT(2) 
PARAMETRIC_REPRESENTATION_CONTEXT() REPRESENTATION_CONTEXT('2D SPACE',''
  ) );
#15022 = ORIENTED_EDGE('',*,*,#15023,.T.);
#15023 = EDGE_CURVE('',#14996,#15024,#15026,.T.);
#15024 = VERTEX_POINT('',#15025);
#15025 = CARTESIAN_POINT('',(-2.155,-0.6,0.441926223426));
#15026 = SURFACE_CURVE('',#15027,(#15031,#15038),.PCURVE_S1.);
#15027 = LINE('',#15028,#15029);
#15028 = CARTESIAN_POINT('',(-2.155,-0.6,0.466483135606));
#15029 = VECTOR('',#15030,1.);
#15030 = DIRECTION('',(0.,-2.22044604925E-16,-1.));
#15031 = PCURVE('',#14667,#15032);
#15032 = DEFINITIONAL_REPRESENTATION('',(#15033),#15037);
#15033 = LINE('',#15034,#15035);
#15034 = CARTESIAN_POINT('',(0.416910178476,-9.833164045E-03));
#15035 = VECTOR('',#15036,1.);
#15036 = DIRECTION('',(0.,-1.));
#15037 = ( GEOMETRIC_REPRESENTATION_CONTEXT(2) 
PARAMETRIC_REPRESENTATION_CONTEXT() REPRESENTATION_CONTEXT('2D SPACE',''
  ) );
#15038 = PCURVE('',#15039,#15044);
#15039 = PLANE('',#15040);
#15040 = AXIS2_PLACEMENT_3D('',#15041,#15042,#15043);
#15041 = CARTESIAN_POINT('',(-2.155,-0.6,0.466483135606));
#15042 = DIRECTION('',(0.,1.,-2.22044604925E-16));
#15043 = DIRECTION('',(-1.,0.,0.));
#15044 = DEFINITIONAL_REPRESENTATION('',(#15045),#15049);
#15045 = LINE('',#15046,#15047);
#15046 = CARTESIAN_POINT('',(0.,0.));
#15047 = VECTOR('',#15048,1.);
#15048 = DIRECTION('',(-0.,-1.));
#15049 = ( GEOMETRIC_REPRESENTATION_CONTEXT(2) 
PARAMETRIC_REPRESENTATION_CONTEXT() REPRESENTATION_CONTEXT('2D SPACE',''
  ) );
#15050 = ORIENTED_EDGE('',*,*,#15051,.T.);
#15051 = EDGE_CURVE('',#15024,#15052,#15054,.T.);
#15052 = VERTEX_POINT('',#15053);
#15053 = CARTESIAN_POINT('',(-2.155,-0.410467191249,0.242200316476));
#15054 = SURFACE_CURVE('',#15055,(#15060,#15071),.PCURVE_S1.);
#15055 = CIRCLE('',#15056,0.2);
#15056 = AXIS2_PLACEMENT_3D('',#15057,#15058,#15059);
#15057 = CARTESIAN_POINT('',(-2.155,-0.4,0.441926223426));
#15058 = DIRECTION('',(1.,0.,-0.));
#15059 = DIRECTION('',(0.,2.22044604925E-16,1.));
#15060 = PCURVE('',#14667,#15061);
#15061 = DEFINITIONAL_REPRESENTATION('',(#15062),#15070);
#15062 = ( BOUNDED_CURVE() B_SPLINE_CURVE(2,(#15063,#15064,#15065,#15066
    ,#15067,#15068,#15069),.UNSPECIFIED.,.T.,.F.) 
B_SPLINE_CURVE_WITH_KNOTS((1,2,2,2,2,1),(-2.094395102393,0.,
    2.094395102393,4.188790204786,6.28318530718,8.377580409573),
.UNSPECIFIED.) CURVE() GEOMETRIC_REPRESENTATION_ITEM() 
RATIONAL_B_SPLINE_CURVE((1.,0.5,1.,0.5,1.,0.5,1.)) REPRESENTATION_ITEM(
  '') );
#15063 = CARTESIAN_POINT('',(0.216910178476,0.165609923775));
#15064 = CARTESIAN_POINT('',(0.56332033999,0.165609923775));
#15065 = CARTESIAN_POINT('',(0.390115259233,-0.134390076225));
#15066 = CARTESIAN_POINT('',(0.216910178476,-0.434390076225));
#15067 = CARTESIAN_POINT('',(4.370509771911E-02,-0.134390076225));
#15068 = CARTESIAN_POINT('',(-0.129499983038,0.165609923775));
#15069 = CARTESIAN_POINT('',(0.216910178476,0.165609923775));
#15070 = ( GEOMETRIC_REPRESENTATION_CONTEXT(2) 
PARAMETRIC_REPRESENTATION_CONTEXT() REPRESENTATION_CONTEXT('2D SPACE',''
  ) );
#15071 = PCURVE('',#15072,#15077);
#15072 = CYLINDRICAL_SURFACE('',#15073,0.2);
#15073 = AXIS2_PLACEMENT_3D('',#15074,#15075,#15076);
#15074 = CARTESIAN_POINT('',(-2.155,-0.4,0.441926223426));
#15075 = DIRECTION('',(1.,0.,0.));
#15076 = DIRECTION('',(-0.,2.22044604925E-16,1.));
#15077 = DEFINITIONAL_REPRESENTATION('',(#15078),#15082);
#15078 = LINE('',#15079,#15080);
#15079 = CARTESIAN_POINT('',(0.,0.));
#15080 = VECTOR('',#15081,1.);
#15081 = DIRECTION('',(1.,0.));
#15082 = ( GEOMETRIC_REPRESENTATION_CONTEXT(2) 
PARAMETRIC_REPRESENTATION_CONTEXT() REPRESENTATION_CONTEXT('2D SPACE',''
  ) );
#15083 = ORIENTED_EDGE('',*,*,#15084,.T.);
#15084 = EDGE_CURVE('',#15052,#14623,#15085,.T.);
#15085 = SURFACE_CURVE('',#15086,(#15090,#15097),.PCURVE_S1.);
#15086 = LINE('',#15087,#15088);
#15087 = CARTESIAN_POINT('',(-2.155,-0.410467191249,0.242200316476));
#15088 = VECTOR('',#15089,1.);
#15089 = DIRECTION('',(0.,0.998629534755,-5.233595624305E-02));
#15090 = PCURVE('',#14667,#15091);
#15091 = DEFINITIONAL_REPRESENTATION('',(#15092),#15096);
#15092 = LINE('',#15093,#15094);
#15093 = CARTESIAN_POINT('',(0.227377369725,-0.234115983175));
#15094 = VECTOR('',#15095,1.);
#15095 = DIRECTION('',(-0.998629534755,-5.233595624305E-02));
#15096 = ( GEOMETRIC_REPRESENTATION_CONTEXT(2) 
PARAMETRIC_REPRESENTATION_CONTEXT() REPRESENTATION_CONTEXT('2D SPACE',''
  ) );
#15097 = PCURVE('',#14638,#15098);
#15098 = DEFINITIONAL_REPRESENTATION('',(#15099),#15103);
#15099 = LINE('',#15100,#15101);
#15100 = CARTESIAN_POINT('',(0.,0.));
#15101 = VECTOR('',#15102,1.);
#15102 = DIRECTION('',(-1.,0.));
#15103 = ( GEOMETRIC_REPRESENTATION_CONTEXT(2) 
PARAMETRIC_REPRESENTATION_CONTEXT() REPRESENTATION_CONTEXT('2D SPACE',''
  ) );
#15104 = ORIENTED_EDGE('',*,*,#14650,.F.);
#15105 = ORIENTED_EDGE('',*,*,#15106,.F.);
#15106 = EDGE_CURVE('',#15107,#14651,#15109,.T.);
#15107 = VERTEX_POINT('',#15108);
#15108 = CARTESIAN_POINT('',(-2.155,0.599238939618,0.417431148549));
#15109 = SURFACE_CURVE('',#15110,(#15115,#15122),.PCURVE_S1.);
#15110 = CIRCLE('',#15111,0.2);
#15111 = AXIS2_PLACEMENT_3D('',#15112,#15113,#15114);
#15112 = CARTESIAN_POINT('',(-2.155,0.4,0.4));
#15113 = DIRECTION('',(-1.,-0.,0.));
#15114 = DIRECTION('',(-0.,0.719339800339,-0.694658370459));
#15115 = PCURVE('',#14667,#15116);
#15116 = DEFINITIONAL_REPRESENTATION('',(#15117),#15121);
#15117 = CIRCLE('',#15118,0.2);
#15118 = AXIS2_PLACEMENT_2D('',#15119,#15120);
#15119 = CARTESIAN_POINT('',(-0.583089821524,-7.6316299651E-02));
#15120 = DIRECTION('',(-0.719339800339,-0.694658370459));
#15121 = ( GEOMETRIC_REPRESENTATION_CONTEXT(2) 
PARAMETRIC_REPRESENTATION_CONTEXT() REPRESENTATION_CONTEXT('2D SPACE',''
  ) );
#15122 = PCURVE('',#14693,#15123);
#15123 = DEFINITIONAL_REPRESENTATION('',(#15124),#15128);
#15124 = LINE('',#15125,#15126);
#15125 = CARTESIAN_POINT('',(6.28318530718,0.));
#15126 = VECTOR('',#15127,1.);
#15127 = DIRECTION('',(-1.,0.));
#15128 = ( GEOMETRIC_REPRESENTATION_CONTEXT(2) 
PARAMETRIC_REPRESENTATION_CONTEXT() REPRESENTATION_CONTEXT('2D SPACE',''
  ) );
#15129 = ORIENTED_EDGE('',*,*,#15130,.T.);
#15130 = EDGE_CURVE('',#15107,#15131,#15133,.T.);
#15131 = VERTEX_POINT('',#15132);
#15132 = CARTESIAN_POINT('',(-2.155,0.50621792591,1.480666200496));
#15133 = SURFACE_CURVE('',#15134,(#15138,#15145),.PCURVE_S1.);
#15134 = LINE('',#15135,#15136);
#15135 = CARTESIAN_POINT('',(-2.155,0.599238939618,0.417431148549));
#15136 = VECTOR('',#15137,1.);
#15137 = DIRECTION('',(2.08044E-16,-8.715574274746E-02,0.996194698092));
#15138 = PCURVE('',#14667,#15139);
#15139 = DEFINITIONAL_REPRESENTATION('',(#15140),#15144);
#15140 = LINE('',#15141,#15142);
#15141 = CARTESIAN_POINT('',(-0.782328761142,-5.8885151102E-02));
#15142 = VECTOR('',#15143,1.);
#15143 = DIRECTION('',(8.715574274746E-02,0.996194698092));
#15144 = ( GEOMETRIC_REPRESENTATION_CONTEXT(2) 
PARAMETRIC_REPRESENTATION_CONTEXT() REPRESENTATION_CONTEXT('2D SPACE',''
  ) );
#15145 = PCURVE('',#15146,#15151);
#15146 = PLANE('',#15147);
#15147 = AXIS2_PLACEMENT_3D('',#15148,#15149,#15150);
#15148 = CARTESIAN_POINT('',(-2.155,0.619291182211,0.188232966924));
#15149 = DIRECTION('',(0.,-0.996194698092,-8.715574274746E-02));
#15150 = DIRECTION('',(1.,0.,0.));
#15151 = DEFINITIONAL_REPRESENTATION('',(#15152),#15156);
#15152 = LINE('',#15153,#15154);
#15153 = CARTESIAN_POINT('',(0.,0.230073681444));
#15154 = VECTOR('',#15155,1.);
#15155 = DIRECTION('',(2.08044E-16,1.));
#15156 = ( GEOMETRIC_REPRESENTATION_CONTEXT(2) 
PARAMETRIC_REPRESENTATION_CONTEXT() REPRESENTATION_CONTEXT('2D SPACE',''
  ) );
#15157 = ORIENTED_EDGE('',*,*,#15158,.T.);
#15158 = EDGE_CURVE('',#15131,#15159,#15161,.T.);
#15159 = VERTEX_POINT('',#15160);
#15160 = CARTESIAN_POINT('',(-2.155,0.705456865528,1.498097349046));
#15161 = SURFACE_CURVE('',#15162,(#15166,#15173),.PCURVE_S1.);
#15162 = LINE('',#15163,#15164);
#15163 = CARTESIAN_POINT('',(-2.155,0.50621792591,1.480666200496));
#15164 = VECTOR('',#15165,1.);
#15165 = DIRECTION('',(0.,0.996194698092,8.715574274777E-02));
#15166 = PCURVE('',#14667,#15167);
#15167 = DEFINITIONAL_REPRESENTATION('',(#15168),#15172);
#15168 = LINE('',#15169,#15170);
#15169 = CARTESIAN_POINT('',(-0.689307747434,1.004349900845));
#15170 = VECTOR('',#15171,1.);
#15171 = DIRECTION('',(-0.996194698092,8.715574274777E-02));
#15172 = ( GEOMETRIC_REPRESENTATION_CONTEXT(2) 
PARAMETRIC_REPRESENTATION_CONTEXT() REPRESENTATION_CONTEXT('2D SPACE',''
  ) );
#15173 = PCURVE('',#15174,#15179);
#15174 = PLANE('',#15175);
#15175 = AXIS2_PLACEMENT_3D('',#15176,#15177,#15178);
#15176 = CARTESIAN_POINT('',(-2.155,0.50621792591,1.480666200496));
#15177 = DIRECTION('',(0.,-8.715574274746E-02,0.996194698092));
#15178 = DIRECTION('',(0.,-0.996194698092,-8.715574274746E-02));
#15179 = DEFINITIONAL_REPRESENTATION('',(#15180),#15184);
#15180 = LINE('',#15181,#15182);
#15181 = CARTESIAN_POINT('',(0.,0.));
#15182 = VECTOR('',#15183,1.);
#15183 = DIRECTION('',(-1.,0.));
#15184 = ( GEOMETRIC_REPRESENTATION_CONTEXT(2) 
PARAMETRIC_REPRESENTATION_CONTEXT() REPRESENTATION_CONTEXT('2D SPACE',''
  ) );
#15185 = ORIENTED_EDGE('',*,*,#15186,.T.);
#15186 = EDGE_CURVE('',#15159,#14744,#15187,.T.);
#15187 = SURFACE_CURVE('',#15188,(#15192,#15199),.PCURVE_S1.);
#15188 = LINE('',#15189,#15190);
#15189 = CARTESIAN_POINT('',(-2.155,0.705456865528,1.498097349046));
#15190 = VECTOR('',#15191,1.);
#15191 = DIRECTION('',(-2.08044E-16,8.715574274747E-02,-0.996194698092)
  );
#15192 = PCURVE('',#14667,#15193);
#15193 = DEFINITIONAL_REPRESENTATION('',(#15194),#15198);
#15194 = LINE('',#15195,#15196);
#15195 = CARTESIAN_POINT('',(-0.888546687052,1.021781049395));
#15196 = VECTOR('',#15197,1.);
#15197 = DIRECTION('',(-8.715574274747E-02,-0.996194698092));
#15198 = ( GEOMETRIC_REPRESENTATION_CONTEXT(2) 
PARAMETRIC_REPRESENTATION_CONTEXT() REPRESENTATION_CONTEXT('2D SPACE',''
  ) );
#15199 = PCURVE('',#14787,#15200);
#15200 = DEFINITIONAL_REPRESENTATION('',(#15201),#15205);
#15201 = LINE('',#15202,#15203);
#15202 = CARTESIAN_POINT('',(0.,0.));
#15203 = VECTOR('',#15204,1.);
#15204 = DIRECTION('',(2.08044E-16,-1.));
#15205 = ( GEOMETRIC_REPRESENTATION_CONTEXT(2) 
PARAMETRIC_REPRESENTATION_CONTEXT() REPRESENTATION_CONTEXT('2D SPACE',''
  ) );
#15206 = ORIENTED_EDGE('',*,*,#14743,.F.);
#15207 = ADVANCED_FACE('',(#15208),#14873,.T.);
#15208 = FACE_BOUND('',#15209,.T.);
#15209 = EDGE_LOOP('',(#15210,#15211,#15234,#15255));
#15210 = ORIENTED_EDGE('',*,*,#14857,.F.);
#15211 = ORIENTED_EDGE('',*,*,#15212,.T.);
#15212 = EDGE_CURVE('',#14830,#15213,#15215,.T.);
#15213 = VERTEX_POINT('',#15214);
#15214 = CARTESIAN_POINT('',(-1.655,-0.420934382497,4.247440952469E-02)
  );
#15215 = SURFACE_CURVE('',#15216,(#15220,#15227),.PCURVE_S1.);
#15216 = LINE('',#15217,#15218);
#15217 = CARTESIAN_POINT('',(-1.655,0.379065617503,5.48186098118E-04));
#15218 = VECTOR('',#15219,1.);
#15219 = DIRECTION('',(1.385876999999E-16,-0.998629534755,
    5.233595624308E-02));
#15220 = PCURVE('',#14873,#15221);
#15221 = DEFINITIONAL_REPRESENTATION('',(#15222),#15226);
#15222 = LINE('',#15223,#15224);
#15223 = CARTESIAN_POINT('',(-0.460147362889,0.5));
#15224 = VECTOR('',#15225,1.);
#15225 = DIRECTION('',(-1.,1.385876999999E-16));
#15226 = ( GEOMETRIC_REPRESENTATION_CONTEXT(2) 
PARAMETRIC_REPRESENTATION_CONTEXT() REPRESENTATION_CONTEXT('2D SPACE',''
  ) );
#15227 = PCURVE('',#14610,#15228);
#15228 = DEFINITIONAL_REPRESENTATION('',(#15229),#15233);
#15229 = LINE('',#15230,#15231);
#15230 = CARTESIAN_POINT('',(1.179065617503,-0.441378037328));
#15231 = VECTOR('',#15232,1.);
#15232 = DIRECTION('',(-0.998629534755,5.233595624308E-02));
#15233 = ( GEOMETRIC_REPRESENTATION_CONTEXT(2) 
PARAMETRIC_REPRESENTATION_CONTEXT() REPRESENTATION_CONTEXT('2D SPACE',''
  ) );
#15234 = ORIENTED_EDGE('',*,*,#15235,.F.);
#15235 = EDGE_CURVE('',#14916,#15213,#15236,.T.);
#15236 = SURFACE_CURVE('',#15237,(#15241,#15248),.PCURVE_S1.);
#15237 = LINE('',#15238,#15239);
#15238 = CARTESIAN_POINT('',(-2.155,-0.420934382497,4.247440952469E-02)
  );
#15239 = VECTOR('',#15240,1.);
#15240 = DIRECTION('',(1.,0.,0.));
#15241 = PCURVE('',#14873,#15242);
#15242 = DEFINITIONAL_REPRESENTATION('',(#15243),#15247);
#15243 = LINE('',#15244,#15245);
#15244 = CARTESIAN_POINT('',(-1.261245239687,0.));
#15245 = VECTOR('',#15246,1.);
#15246 = DIRECTION('',(0.,1.));
#15247 = ( GEOMETRIC_REPRESENTATION_CONTEXT(2) 
PARAMETRIC_REPRESENTATION_CONTEXT() REPRESENTATION_CONTEXT('2D SPACE',''
  ) );
#15248 = PCURVE('',#14955,#15249);
#15249 = DEFINITIONAL_REPRESENTATION('',(#15250),#15254);
#15250 = LINE('',#15251,#15252);
#15251 = CARTESIAN_POINT('',(3.08923277603,0.));
#15252 = VECTOR('',#15253,1.);
#15253 = DIRECTION('',(0.,1.));
#15254 = ( GEOMETRIC_REPRESENTATION_CONTEXT(2) 
PARAMETRIC_REPRESENTATION_CONTEXT() REPRESENTATION_CONTEXT('2D SPACE',''
  ) );
#15255 = ORIENTED_EDGE('',*,*,#14915,.F.);
#15256 = ADVANCED_FACE('',(#15257),#14693,.F.);
#15257 = FACE_BOUND('',#15258,.F.);
#15258 = EDGE_LOOP('',(#15259,#15260,#15283,#15305));
#15259 = ORIENTED_EDGE('',*,*,#15106,.F.);
#15260 = ORIENTED_EDGE('',*,*,#15261,.F.);
#15261 = EDGE_CURVE('',#15262,#15107,#15264,.T.);
#15262 = VERTEX_POINT('',#15263);
#15263 = CARTESIAN_POINT('',(-1.655,0.599238939618,0.417431148549));
#15264 = SURFACE_CURVE('',#15265,(#15269,#15276),.PCURVE_S1.);
#15265 = LINE('',#15266,#15267);
#15266 = CARTESIAN_POINT('',(-1.655,0.599238939618,0.417431148549));
#15267 = VECTOR('',#15268,1.);
#15268 = DIRECTION('',(-1.,0.,0.));
#15269 = PCURVE('',#14693,#15270);
#15270 = DEFINITIONAL_REPRESENTATION('',(#15271),#15275);
#15271 = LINE('',#15272,#15273);
#15272 = CARTESIAN_POINT('',(0.855211333477,0.5));
#15273 = VECTOR('',#15274,1.);
#15274 = DIRECTION('',(0.,-1.));
#15275 = ( GEOMETRIC_REPRESENTATION_CONTEXT(2) 
PARAMETRIC_REPRESENTATION_CONTEXT() REPRESENTATION_CONTEXT('2D SPACE',''
  ) );
#15276 = PCURVE('',#15146,#15277);
#15277 = DEFINITIONAL_REPRESENTATION('',(#15278),#15282);
#15278 = LINE('',#15279,#15280);
#15279 = CARTESIAN_POINT('',(0.5,0.230073681444));
#15280 = VECTOR('',#15281,1.);
#15281 = DIRECTION('',(-1.,0.));
#15282 = ( GEOMETRIC_REPRESENTATION_CONTEXT(2) 
PARAMETRIC_REPRESENTATION_CONTEXT() REPRESENTATION_CONTEXT('2D SPACE',''
  ) );
#15283 = ORIENTED_EDGE('',*,*,#15284,.F.);
#15284 = EDGE_CURVE('',#14589,#15262,#15285,.T.);
#15285 = SURFACE_CURVE('',#15286,(#15291,#15298),.PCURVE_S1.);
#15286 = CIRCLE('',#15287,0.2);
#15287 = AXIS2_PLACEMENT_3D('',#15288,#15289,#15290);
#15288 = CARTESIAN_POINT('',(-1.655,0.4,0.4));
#15289 = DIRECTION('',(1.,-0.,0.));
#15290 = DIRECTION('',(0.,0.719339800339,-0.694658370459));
#15291 = PCURVE('',#14693,#15292);
#15292 = DEFINITIONAL_REPRESENTATION('',(#15293),#15297);
#15293 = LINE('',#15294,#15295);
#15294 = CARTESIAN_POINT('',(0.,0.5));
#15295 = VECTOR('',#15296,1.);
#15296 = DIRECTION('',(1.,0.));
#15297 = ( GEOMETRIC_REPRESENTATION_CONTEXT(2) 
PARAMETRIC_REPRESENTATION_CONTEXT() REPRESENTATION_CONTEXT('2D SPACE',''
  ) );
#15298 = PCURVE('',#14610,#15299);
#15299 = DEFINITIONAL_REPRESENTATION('',(#15300),#15304);
#15300 = CIRCLE('',#15301,0.2);
#15301 = AXIS2_PLACEMENT_2D('',#15302,#15303);
#15302 = CARTESIAN_POINT('',(1.2,-4.1926223426E-02));
#15303 = DIRECTION('',(0.719339800339,-0.694658370459));
#15304 = ( GEOMETRIC_REPRESENTATION_CONTEXT(2) 
PARAMETRIC_REPRESENTATION_CONTEXT() REPRESENTATION_CONTEXT('2D SPACE',''
  ) );
#15305 = ORIENTED_EDGE('',*,*,#14679,.F.);
#15306 = ADVANCED_FACE('',(#15307),#14638,.T.);
#15307 = FACE_BOUND('',#15308,.T.);
#15308 = EDGE_LOOP('',(#15309,#15310,#15311,#15334));
#15309 = ORIENTED_EDGE('',*,*,#14622,.F.);
#15310 = ORIENTED_EDGE('',*,*,#15084,.F.);
#15311 = ORIENTED_EDGE('',*,*,#15312,.T.);
#15312 = EDGE_CURVE('',#15052,#15313,#15315,.T.);
#15313 = VERTEX_POINT('',#15314);
#15314 = CARTESIAN_POINT('',(-1.655,-0.410467191249,0.242200316476));
#15315 = SURFACE_CURVE('',#15316,(#15320,#15327),.PCURVE_S1.);
#15316 = LINE('',#15317,#15318);
#15317 = CARTESIAN_POINT('',(-2.155,-0.410467191249,0.242200316476));
#15318 = VECTOR('',#15319,1.);
#15319 = DIRECTION('',(1.,0.,0.));
#15320 = PCURVE('',#14638,#15321);
#15321 = DEFINITIONAL_REPRESENTATION('',(#15322),#15326);
#15322 = LINE('',#15323,#15324);
#15323 = CARTESIAN_POINT('',(0.,0.));
#15324 = VECTOR('',#15325,1.);
#15325 = DIRECTION('',(0.,1.));
#15326 = ( GEOMETRIC_REPRESENTATION_CONTEXT(2) 
PARAMETRIC_REPRESENTATION_CONTEXT() REPRESENTATION_CONTEXT('2D SPACE',''
  ) );
#15327 = PCURVE('',#15072,#15328);
#15328 = DEFINITIONAL_REPRESENTATION('',(#15329),#15333);
#15329 = LINE('',#15330,#15331);
#15330 = CARTESIAN_POINT('',(3.08923277603,0.));
#15331 = VECTOR('',#15332,1.);
#15332 = DIRECTION('',(0.,1.));
#15333 = ( GEOMETRIC_REPRESENTATION_CONTEXT(2) 
PARAMETRIC_REPRESENTATION_CONTEXT() REPRESENTATION_CONTEXT('2D SPACE',''
  ) );
#15334 = ORIENTED_EDGE('',*,*,#15335,.T.);
#15335 = EDGE_CURVE('',#15313,#14587,#15336,.T.);
#15336 = SURFACE_CURVE('',#15337,(#15341,#15348),.PCURVE_S1.);
#15337 = LINE('',#15338,#15339);
#15338 = CARTESIAN_POINT('',(-1.655,-0.410467191249,0.242200316476));
#15339 = VECTOR('',#15340,1.);
#15340 = DIRECTION('',(0.,0.998629534755,-5.233595624305E-02));
#15341 = PCURVE('',#14638,#15342);
#15342 = DEFINITIONAL_REPRESENTATION('',(#15343),#15347);
#15343 = LINE('',#15344,#15345);
#15344 = CARTESIAN_POINT('',(0.,0.5));
#15345 = VECTOR('',#15346,1.);
#15346 = DIRECTION('',(-1.,0.));
#15347 = ( GEOMETRIC_REPRESENTATION_CONTEXT(2) 
PARAMETRIC_REPRESENTATION_CONTEXT() REPRESENTATION_CONTEXT('2D SPACE',''
  ) );
#15348 = PCURVE('',#14610,#15349);
#15349 = DEFINITIONAL_REPRESENTATION('',(#15350),#15354);
#15350 = LINE('',#15351,#15352);
#15351 = CARTESIAN_POINT('',(0.389532808751,-0.19972590695));
#15352 = VECTOR('',#15353,1.);
#15353 = DIRECTION('',(0.998629534755,-5.233595624305E-02));
#15354 = ( GEOMETRIC_REPRESENTATION_CONTEXT(2) 
PARAMETRIC_REPRESENTATION_CONTEXT() REPRESENTATION_CONTEXT('2D SPACE',''
  ) );
#15355 = ADVANCED_FACE('',(#15356),#14983,.T.);
#15356 = FACE_BOUND('',#15357,.T.);
#15357 = EDGE_LOOP('',(#15358,#15383,#15404,#15405));
#15358 = ORIENTED_EDGE('',*,*,#15359,.T.);
#15359 = EDGE_CURVE('',#15360,#15362,#15364,.T.);
#15360 = VERTEX_POINT('',#15361);
#15361 = CARTESIAN_POINT('',(-1.655,-0.8,0.441926223426));
#15362 = VERTEX_POINT('',#15363);
#15363 = CARTESIAN_POINT('',(-1.655,-0.8,0.466483135606));
#15364 = SURFACE_CURVE('',#15365,(#15369,#15376),.PCURVE_S1.);
#15365 = LINE('',#15366,#15367);
#15366 = CARTESIAN_POINT('',(-1.655,-0.8,0.441926223426));
#15367 = VECTOR('',#15368,1.);
#15368 = DIRECTION('',(0.,7.238376044605E-12,1.));
#15369 = PCURVE('',#14983,#15370);
#15370 = DEFINITIONAL_REPRESENTATION('',(#15371),#15375);
#15371 = LINE('',#15372,#15373);
#15372 = CARTESIAN_POINT('',(0.5,0.));
#15373 = VECTOR('',#15374,1.);
#15374 = DIRECTION('',(0.,1.));
#15375 = ( GEOMETRIC_REPRESENTATION_CONTEXT(2) 
PARAMETRIC_REPRESENTATION_CONTEXT() REPRESENTATION_CONTEXT('2D SPACE',''
  ) );
#15376 = PCURVE('',#14610,#15377);
#15377 = DEFINITIONAL_REPRESENTATION('',(#15378),#15382);
#15378 = LINE('',#15379,#15380);
#15379 = CARTESIAN_POINT('',(0.,0.));
#15380 = VECTOR('',#15381,1.);
#15381 = DIRECTION('',(7.238154E-12,1.));
#15382 = ( GEOMETRIC_REPRESENTATION_CONTEXT(2) 
PARAMETRIC_REPRESENTATION_CONTEXT() REPRESENTATION_CONTEXT('2D SPACE',''
  ) );
#15383 = ORIENTED_EDGE('',*,*,#15384,.F.);
#15384 = EDGE_CURVE('',#14968,#15362,#15385,.T.);
#15385 = SURFACE_CURVE('',#15386,(#15390,#15397),.PCURVE_S1.);
#15386 = LINE('',#15387,#15388);
#15387 = CARTESIAN_POINT('',(-2.155,-0.8,0.466483135606));
#15388 = VECTOR('',#15389,1.);
#15389 = DIRECTION('',(1.,0.,0.));
#15390 = PCURVE('',#14983,#15391);
#15391 = DEFINITIONAL_REPRESENTATION('',(#15392),#15396);
#15392 = LINE('',#15393,#15394);
#15393 = CARTESIAN_POINT('',(0.,2.455691218E-02));
#15394 = VECTOR('',#15395,1.);
#15395 = DIRECTION('',(1.,0.));
#15396 = ( GEOMETRIC_REPRESENTATION_CONTEXT(2) 
PARAMETRIC_REPRESENTATION_CONTEXT() REPRESENTATION_CONTEXT('2D SPACE',''
  ) );
#15397 = PCURVE('',#15011,#15398);
#15398 = DEFINITIONAL_REPRESENTATION('',(#15399),#15403);
#15399 = LINE('',#15400,#15401);
#15400 = CARTESIAN_POINT('',(0.,0.));
#15401 = VECTOR('',#15402,1.);
#15402 = DIRECTION('',(0.,1.));
#15403 = ( GEOMETRIC_REPRESENTATION_CONTEXT(2) 
PARAMETRIC_REPRESENTATION_CONTEXT() REPRESENTATION_CONTEXT('2D SPACE',''
  ) );
#15404 = ORIENTED_EDGE('',*,*,#14967,.F.);
#15405 = ORIENTED_EDGE('',*,*,#15406,.T.);
#15406 = EDGE_CURVE('',#14939,#15360,#15407,.T.);
#15407 = SURFACE_CURVE('',#15408,(#15412,#15419),.PCURVE_S1.);
#15408 = LINE('',#15409,#15410);
#15409 = CARTESIAN_POINT('',(-2.155,-0.8,0.441926223426));
#15410 = VECTOR('',#15411,1.);
#15411 = DIRECTION('',(1.,0.,0.));
#15412 = PCURVE('',#14983,#15413);
#15413 = DEFINITIONAL_REPRESENTATION('',(#15414),#15418);
#15414 = LINE('',#15415,#15416);
#15415 = CARTESIAN_POINT('',(0.,0.));
#15416 = VECTOR('',#15417,1.);
#15417 = DIRECTION('',(1.,0.));
#15418 = ( GEOMETRIC_REPRESENTATION_CONTEXT(2) 
PARAMETRIC_REPRESENTATION_CONTEXT() REPRESENTATION_CONTEXT('2D SPACE',''
  ) );
#15419 = PCURVE('',#14955,#15420);
#15420 = DEFINITIONAL_REPRESENTATION('',(#15421),#15425);
#15421 = LINE('',#15422,#15423);
#15422 = CARTESIAN_POINT('',(1.570796326795,0.));
#15423 = VECTOR('',#15424,1.);
#15424 = DIRECTION('',(0.,1.));
#15425 = ( GEOMETRIC_REPRESENTATION_CONTEXT(2) 
PARAMETRIC_REPRESENTATION_CONTEXT() REPRESENTATION_CONTEXT('2D SPACE',''
  ) );
#15426 = ADVANCED_FACE('',(#15427),#15011,.T.);
#15427 = FACE_BOUND('',#15428,.T.);
#15428 = EDGE_LOOP('',(#15429,#15452,#15473,#15474));
#15429 = ORIENTED_EDGE('',*,*,#15430,.T.);
#15430 = EDGE_CURVE('',#15362,#15431,#15433,.T.);
#15431 = VERTEX_POINT('',#15432);
#15432 = CARTESIAN_POINT('',(-1.655,-0.6,0.466483135606));
#15433 = SURFACE_CURVE('',#15434,(#15438,#15445),.PCURVE_S1.);
#15434 = LINE('',#15435,#15436);
#15435 = CARTESIAN_POINT('',(-1.655,-0.8,0.466483135606));
#15436 = VECTOR('',#15437,1.);
#15437 = DIRECTION('',(0.,1.,-2.22044604925E-16));
#15438 = PCURVE('',#15011,#15439);
#15439 = DEFINITIONAL_REPRESENTATION('',(#15440),#15444);
#15440 = LINE('',#15441,#15442);
#15441 = CARTESIAN_POINT('',(0.,0.5));
#15442 = VECTOR('',#15443,1.);
#15443 = DIRECTION('',(-1.,0.));
#15444 = ( GEOMETRIC_REPRESENTATION_CONTEXT(2) 
PARAMETRIC_REPRESENTATION_CONTEXT() REPRESENTATION_CONTEXT('2D SPACE',''
  ) );
#15445 = PCURVE('',#14610,#15446);
#15446 = DEFINITIONAL_REPRESENTATION('',(#15447),#15451);
#15447 = LINE('',#15448,#15449);
#15448 = CARTESIAN_POINT('',(-5.452729863186E-18,2.455691218E-02));
#15449 = VECTOR('',#15450,1.);
#15450 = DIRECTION('',(1.,0.));
#15451 = ( GEOMETRIC_REPRESENTATION_CONTEXT(2) 
PARAMETRIC_REPRESENTATION_CONTEXT() REPRESENTATION_CONTEXT('2D SPACE',''
  ) );
#15452 = ORIENTED_EDGE('',*,*,#15453,.F.);
#15453 = EDGE_CURVE('',#14996,#15431,#15454,.T.);
#15454 = SURFACE_CURVE('',#15455,(#15459,#15466),.PCURVE_S1.);
#15455 = LINE('',#15456,#15457);
#15456 = CARTESIAN_POINT('',(-2.155,-0.6,0.466483135606));
#15457 = VECTOR('',#15458,1.);
#15458 = DIRECTION('',(1.,0.,0.));
#15459 = PCURVE('',#15011,#15460);
#15460 = DEFINITIONAL_REPRESENTATION('',(#15461),#15465);
#15461 = LINE('',#15462,#15463);
#15462 = CARTESIAN_POINT('',(-0.2,0.));
#15463 = VECTOR('',#15464,1.);
#15464 = DIRECTION('',(0.,1.));
#15465 = ( GEOMETRIC_REPRESENTATION_CONTEXT(2) 
PARAMETRIC_REPRESENTATION_CONTEXT() REPRESENTATION_CONTEXT('2D SPACE',''
  ) );
#15466 = PCURVE('',#15039,#15467);
#15467 = DEFINITIONAL_REPRESENTATION('',(#15468),#15472);
#15468 = LINE('',#15469,#15470);
#15469 = CARTESIAN_POINT('',(0.,0.));
#15470 = VECTOR('',#15471,1.);
#15471 = DIRECTION('',(-1.,0.));
#15472 = ( GEOMETRIC_REPRESENTATION_CONTEXT(2) 
PARAMETRIC_REPRESENTATION_CONTEXT() REPRESENTATION_CONTEXT('2D SPACE',''
  ) );
#15473 = ORIENTED_EDGE('',*,*,#14995,.F.);
#15474 = ORIENTED_EDGE('',*,*,#15384,.T.);
#15475 = ADVANCED_FACE('',(#15476),#15039,.T.);
#15476 = FACE_BOUND('',#15477,.T.);
#15477 = EDGE_LOOP('',(#15478,#15501,#15522,#15523));
#15478 = ORIENTED_EDGE('',*,*,#15479,.T.);
#15479 = EDGE_CURVE('',#15431,#15480,#15482,.T.);
#15480 = VERTEX_POINT('',#15481);
#15481 = CARTESIAN_POINT('',(-1.655,-0.6,0.441926223426));
#15482 = SURFACE_CURVE('',#15483,(#15487,#15494),.PCURVE_S1.);
#15483 = LINE('',#15484,#15485);
#15484 = CARTESIAN_POINT('',(-1.655,-0.6,0.466483135606));
#15485 = VECTOR('',#15486,1.);
#15486 = DIRECTION('',(0.,-2.22044604925E-16,-1.));
#15487 = PCURVE('',#15039,#15488);
#15488 = DEFINITIONAL_REPRESENTATION('',(#15489),#15493);
#15489 = LINE('',#15490,#15491);
#15490 = CARTESIAN_POINT('',(-0.5,0.));
#15491 = VECTOR('',#15492,1.);
#15492 = DIRECTION('',(-0.,-1.));
#15493 = ( GEOMETRIC_REPRESENTATION_CONTEXT(2) 
PARAMETRIC_REPRESENTATION_CONTEXT() REPRESENTATION_CONTEXT('2D SPACE',''
  ) );
#15494 = PCURVE('',#14610,#15495);
#15495 = DEFINITIONAL_REPRESENTATION('',(#15496),#15500);
#15496 = LINE('',#15497,#15498);
#15497 = CARTESIAN_POINT('',(0.2,2.455691218E-02));
#15498 = VECTOR('',#15499,1.);
#15499 = DIRECTION('',(0.,-1.));
#15500 = ( GEOMETRIC_REPRESENTATION_CONTEXT(2) 
PARAMETRIC_REPRESENTATION_CONTEXT() REPRESENTATION_CONTEXT('2D SPACE',''
  ) );
#15501 = ORIENTED_EDGE('',*,*,#15502,.F.);
#15502 = EDGE_CURVE('',#15024,#15480,#15503,.T.);
#15503 = SURFACE_CURVE('',#15504,(#15508,#15515),.PCURVE_S1.);
#15504 = LINE('',#15505,#15506);
#15505 = CARTESIAN_POINT('',(-2.155,-0.6,0.441926223426));
#15506 = VECTOR('',#15507,1.);
#15507 = DIRECTION('',(1.,0.,0.));
#15508 = PCURVE('',#15039,#15509);
#15509 = DEFINITIONAL_REPRESENTATION('',(#15510),#15514);
#15510 = LINE('',#15511,#15512);
#15511 = CARTESIAN_POINT('',(0.,-2.455691218E-02));
#15512 = VECTOR('',#15513,1.);
#15513 = DIRECTION('',(-1.,0.));
#15514 = ( GEOMETRIC_REPRESENTATION_CONTEXT(2) 
PARAMETRIC_REPRESENTATION_CONTEXT() REPRESENTATION_CONTEXT('2D SPACE',''
  ) );
#15515 = PCURVE('',#15072,#15516);
#15516 = DEFINITIONAL_REPRESENTATION('',(#15517),#15521);
#15517 = LINE('',#15518,#15519);
#15518 = CARTESIAN_POINT('',(1.570796326795,0.));
#15519 = VECTOR('',#15520,1.);
#15520 = DIRECTION('',(0.,1.));
#15521 = ( GEOMETRIC_REPRESENTATION_CONTEXT(2) 
PARAMETRIC_REPRESENTATION_CONTEXT() REPRESENTATION_CONTEXT('2D SPACE',''
  ) );
#15522 = ORIENTED_EDGE('',*,*,#15023,.F.);
#15523 = ORIENTED_EDGE('',*,*,#15453,.T.);
#15524 = ADVANCED_FACE('',(#15525),#15072,.F.);
#15525 = FACE_BOUND('',#15526,.F.);
#15526 = EDGE_LOOP('',(#15527,#15528,#15529,#15530));
#15527 = ORIENTED_EDGE('',*,*,#15502,.F.);
#15528 = ORIENTED_EDGE('',*,*,#15051,.T.);
#15529 = ORIENTED_EDGE('',*,*,#15312,.T.);
#15530 = ORIENTED_EDGE('',*,*,#15531,.F.);
#15531 = EDGE_CURVE('',#15480,#15313,#15532,.T.);
#15532 = SURFACE_CURVE('',#15533,(#15538,#15545),.PCURVE_S1.);
#15533 = CIRCLE('',#15534,0.2);
#15534 = AXIS2_PLACEMENT_3D('',#15535,#15536,#15537);
#15535 = CARTESIAN_POINT('',(-1.655,-0.4,0.441926223426));
#15536 = DIRECTION('',(1.,0.,-0.));
#15537 = DIRECTION('',(0.,2.22044604925E-16,1.));
#15538 = PCURVE('',#15072,#15539);
#15539 = DEFINITIONAL_REPRESENTATION('',(#15540),#15544);
#15540 = LINE('',#15541,#15542);
#15541 = CARTESIAN_POINT('',(0.,0.5));
#15542 = VECTOR('',#15543,1.);
#15543 = DIRECTION('',(1.,0.));
#15544 = ( GEOMETRIC_REPRESENTATION_CONTEXT(2) 
PARAMETRIC_REPRESENTATION_CONTEXT() REPRESENTATION_CONTEXT('2D SPACE',''
  ) );
#15545 = PCURVE('',#14610,#15546);
#15546 = DEFINITIONAL_REPRESENTATION('',(#15547),#15551);
#15547 = CIRCLE('',#15548,0.2);
#15548 = AXIS2_PLACEMENT_2D('',#15549,#15550);
#15549 = CARTESIAN_POINT('',(0.4,8.881784197E-17));
#15550 = DIRECTION('',(0.,1.));
#15551 = ( GEOMETRIC_REPRESENTATION_CONTEXT(2) 
PARAMETRIC_REPRESENTATION_CONTEXT() REPRESENTATION_CONTEXT('2D SPACE',''
  ) );
#15552 = ADVANCED_FACE('',(#15553),#15146,.T.);
#15553 = FACE_BOUND('',#15554,.T.);
#15554 = EDGE_LOOP('',(#15555,#15556,#15579,#15600));
#15555 = ORIENTED_EDGE('',*,*,#15261,.F.);
#15556 = ORIENTED_EDGE('',*,*,#15557,.T.);
#15557 = EDGE_CURVE('',#15262,#15558,#15560,.T.);
#15558 = VERTEX_POINT('',#15559);
#15559 = CARTESIAN_POINT('',(-1.655,0.50621792591,1.480666200496));
#15560 = SURFACE_CURVE('',#15561,(#15565,#15572),.PCURVE_S1.);
#15561 = LINE('',#15562,#15563);
#15562 = CARTESIAN_POINT('',(-1.655,0.599238939618,0.417431148549));
#15563 = VECTOR('',#15564,1.);
#15564 = DIRECTION('',(0.,-8.715574274746E-02,0.996194698092));
#15565 = PCURVE('',#15146,#15566);
#15566 = DEFINITIONAL_REPRESENTATION('',(#15567),#15571);
#15567 = LINE('',#15568,#15569);
#15568 = CARTESIAN_POINT('',(0.5,0.230073681444));
#15569 = VECTOR('',#15570,1.);
#15570 = DIRECTION('',(0.,1.));
#15571 = ( GEOMETRIC_REPRESENTATION_CONTEXT(2) 
PARAMETRIC_REPRESENTATION_CONTEXT() REPRESENTATION_CONTEXT('2D SPACE',''
  ) );
#15572 = PCURVE('',#14610,#15573);
#15573 = DEFINITIONAL_REPRESENTATION('',(#15574),#15578);
#15574 = LINE('',#15575,#15576);
#15575 = CARTESIAN_POINT('',(1.399238939618,-2.4495074877E-02));
#15576 = VECTOR('',#15577,1.);
#15577 = DIRECTION('',(-8.715574274746E-02,0.996194698092));
#15578 = ( GEOMETRIC_REPRESENTATION_CONTEXT(2) 
PARAMETRIC_REPRESENTATION_CONTEXT() REPRESENTATION_CONTEXT('2D SPACE',''
  ) );
#15579 = ORIENTED_EDGE('',*,*,#15580,.F.);
#15580 = EDGE_CURVE('',#15131,#15558,#15581,.T.);
#15581 = SURFACE_CURVE('',#15582,(#15586,#15593),.PCURVE_S1.);
#15582 = LINE('',#15583,#15584);
#15583 = CARTESIAN_POINT('',(-2.155,0.50621792591,1.480666200496));
#15584 = VECTOR('',#15585,1.);
#15585 = DIRECTION('',(1.,0.,0.));
#15586 = PCURVE('',#15146,#15587);
#15587 = DEFINITIONAL_REPRESENTATION('',(#15588),#15592);
#15588 = LINE('',#15589,#15590);
#15589 = CARTESIAN_POINT('',(0.,1.29737011856));
#15590 = VECTOR('',#15591,1.);
#15591 = DIRECTION('',(1.,0.));
#15592 = ( GEOMETRIC_REPRESENTATION_CONTEXT(2) 
PARAMETRIC_REPRESENTATION_CONTEXT() REPRESENTATION_CONTEXT('2D SPACE',''
  ) );
#15593 = PCURVE('',#15174,#15594);
#15594 = DEFINITIONAL_REPRESENTATION('',(#15595),#15599);
#15595 = LINE('',#15596,#15597);
#15596 = CARTESIAN_POINT('',(0.,0.));
#15597 = VECTOR('',#15598,1.);
#15598 = DIRECTION('',(0.,1.));
#15599 = ( GEOMETRIC_REPRESENTATION_CONTEXT(2) 
PARAMETRIC_REPRESENTATION_CONTEXT() REPRESENTATION_CONTEXT('2D SPACE',''
  ) );
#15600 = ORIENTED_EDGE('',*,*,#15130,.F.);
#15601 = ADVANCED_FACE('',(#15602),#15174,.T.);
#15602 = FACE_BOUND('',#15603,.T.);
#15603 = EDGE_LOOP('',(#15604,#15627,#15648,#15649));
#15604 = ORIENTED_EDGE('',*,*,#15605,.T.);
#15605 = EDGE_CURVE('',#15558,#15606,#15608,.T.);
#15606 = VERTEX_POINT('',#15607);
#15607 = CARTESIAN_POINT('',(-1.655,0.705456865528,1.498097349046));
#15608 = SURFACE_CURVE('',#15609,(#15613,#15620),.PCURVE_S1.);
#15609 = LINE('',#15610,#15611);
#15610 = CARTESIAN_POINT('',(-1.655,0.50621792591,1.480666200496));
#15611 = VECTOR('',#15612,1.);
#15612 = DIRECTION('',(0.,0.996194698092,8.715574274777E-02));
#15613 = PCURVE('',#15174,#15614);
#15614 = DEFINITIONAL_REPRESENTATION('',(#15615),#15619);
#15615 = LINE('',#15616,#15617);
#15616 = CARTESIAN_POINT('',(0.,0.5));
#15617 = VECTOR('',#15618,1.);
#15618 = DIRECTION('',(-1.,0.));
#15619 = ( GEOMETRIC_REPRESENTATION_CONTEXT(2) 
PARAMETRIC_REPRESENTATION_CONTEXT() REPRESENTATION_CONTEXT('2D SPACE',''
  ) );
#15620 = PCURVE('',#14610,#15621);
#15621 = DEFINITIONAL_REPRESENTATION('',(#15622),#15626);
#15622 = LINE('',#15623,#15624);
#15623 = CARTESIAN_POINT('',(1.30621792591,1.03873997707));
#15624 = VECTOR('',#15625,1.);
#15625 = DIRECTION('',(0.996194698092,8.715574274777E-02));
#15626 = ( GEOMETRIC_REPRESENTATION_CONTEXT(2) 
PARAMETRIC_REPRESENTATION_CONTEXT() REPRESENTATION_CONTEXT('2D SPACE',''
  ) );
#15627 = ORIENTED_EDGE('',*,*,#15628,.F.);
#15628 = EDGE_CURVE('',#15159,#15606,#15629,.T.);
#15629 = SURFACE_CURVE('',#15630,(#15634,#15641),.PCURVE_S1.);
#15630 = LINE('',#15631,#15632);
#15631 = CARTESIAN_POINT('',(-2.155,0.705456865528,1.498097349046));
#15632 = VECTOR('',#15633,1.);
#15633 = DIRECTION('',(1.,0.,0.));
#15634 = PCURVE('',#15174,#15635);
#15635 = DEFINITIONAL_REPRESENTATION('',(#15636),#15640);
#15636 = LINE('',#15637,#15638);
#15637 = CARTESIAN_POINT('',(-0.2,0.));
#15638 = VECTOR('',#15639,1.);
#15639 = DIRECTION('',(0.,1.));
#15640 = ( GEOMETRIC_REPRESENTATION_CONTEXT(2) 
PARAMETRIC_REPRESENTATION_CONTEXT() REPRESENTATION_CONTEXT('2D SPACE',''
  ) );
#15641 = PCURVE('',#14787,#15642);
#15642 = DEFINITIONAL_REPRESENTATION('',(#15643),#15647);
#15643 = LINE('',#15644,#15645);
#15644 = CARTESIAN_POINT('',(0.,0.));
#15645 = VECTOR('',#15646,1.);
#15646 = DIRECTION('',(-1.,0.));
#15647 = ( GEOMETRIC_REPRESENTATION_CONTEXT(2) 
PARAMETRIC_REPRESENTATION_CONTEXT() REPRESENTATION_CONTEXT('2D SPACE',''
  ) );
#15648 = ORIENTED_EDGE('',*,*,#15158,.F.);
#15649 = ORIENTED_EDGE('',*,*,#15580,.T.);
#15650 = ADVANCED_FACE('',(#15651),#14787,.T.);
#15651 = FACE_BOUND('',#15652,.T.);
#15652 = EDGE_LOOP('',(#15653,#15654,#15655,#15656));
#15653 = ORIENTED_EDGE('',*,*,#14771,.F.);
#15654 = ORIENTED_EDGE('',*,*,#15186,.F.);
#15655 = ORIENTED_EDGE('',*,*,#15628,.T.);
#15656 = ORIENTED_EDGE('',*,*,#15657,.T.);
#15657 = EDGE_CURVE('',#15606,#14772,#15658,.T.);
#15658 = SURFACE_CURVE('',#15659,(#15663,#15670),.PCURVE_S1.);
#15659 = LINE('',#15660,#15661);
#15660 = CARTESIAN_POINT('',(-1.655,0.705456865528,1.498097349046));
#15661 = VECTOR('',#15662,1.);
#15662 = DIRECTION('',(0.,8.715574274747E-02,-0.996194698092));
#15663 = PCURVE('',#14787,#15664);
#15664 = DEFINITIONAL_REPRESENTATION('',(#15665),#15669);
#15665 = LINE('',#15666,#15667);
#15666 = CARTESIAN_POINT('',(-0.5,0.));
#15667 = VECTOR('',#15668,1.);
#15668 = DIRECTION('',(0.,-1.));
#15669 = ( GEOMETRIC_REPRESENTATION_CONTEXT(2) 
PARAMETRIC_REPRESENTATION_CONTEXT() REPRESENTATION_CONTEXT('2D SPACE',''
  ) );
#15670 = PCURVE('',#14610,#15671);
#15671 = DEFINITIONAL_REPRESENTATION('',(#15672),#15676);
#15672 = LINE('',#15673,#15674);
#15673 = CARTESIAN_POINT('',(1.505456865528,1.05617112562));
#15674 = VECTOR('',#15675,1.);
#15675 = DIRECTION('',(8.715574274747E-02,-0.996194698092));
#15676 = ( GEOMETRIC_REPRESENTATION_CONTEXT(2) 
PARAMETRIC_REPRESENTATION_CONTEXT() REPRESENTATION_CONTEXT('2D SPACE',''
  ) );
#15677 = ADVANCED_FACE('',(#15678),#14955,.T.);
#15678 = FACE_BOUND('',#15679,.T.);
#15679 = EDGE_LOOP('',(#15680,#15706,#15707,#15708));
#15680 = ORIENTED_EDGE('',*,*,#15681,.T.);
#15681 = EDGE_CURVE('',#15213,#15360,#15682,.T.);
#15682 = SURFACE_CURVE('',#15683,(#15688,#15695),.PCURVE_S1.);
#15683 = CIRCLE('',#15684,0.4);
#15684 = AXIS2_PLACEMENT_3D('',#15685,#15686,#15687);
#15685 = CARTESIAN_POINT('',(-1.655,-0.4,0.441926223426));
#15686 = DIRECTION('',(-1.,0.,0.));
#15687 = DIRECTION('',(0.,2.22044604925E-16,1.));
#15688 = PCURVE('',#14955,#15689);
#15689 = DEFINITIONAL_REPRESENTATION('',(#15690),#15694);
#15690 = LINE('',#15691,#15692);
#15691 = CARTESIAN_POINT('',(6.28318530718,0.5));
#15692 = VECTOR('',#15693,1.);
#15693 = DIRECTION('',(-1.,0.));
#15694 = ( GEOMETRIC_REPRESENTATION_CONTEXT(2) 
PARAMETRIC_REPRESENTATION_CONTEXT() REPRESENTATION_CONTEXT('2D SPACE',''
  ) );
#15695 = PCURVE('',#14610,#15696);
#15696 = DEFINITIONAL_REPRESENTATION('',(#15697),#15705);
#15697 = ( BOUNDED_CURVE() B_SPLINE_CURVE(2,(#15698,#15699,#15700,#15701
    ,#15702,#15703,#15704),.UNSPECIFIED.,.T.,.F.) 
B_SPLINE_CURVE_WITH_KNOTS((1,2,2,2,2,1),(-2.094395102393,0.,
    2.094395102393,4.188790204786,6.28318530718,8.377580409573),
.UNSPECIFIED.) CURVE() GEOMETRIC_REPRESENTATION_ITEM() 
RATIONAL_B_SPLINE_CURVE((1.,0.5,1.,0.5,1.,0.5,1.)) REPRESENTATION_ITEM(
  '') );
#15698 = CARTESIAN_POINT('',(0.4,0.4));
#15699 = CARTESIAN_POINT('',(1.092820323028,0.4));
#15700 = CARTESIAN_POINT('',(0.746410161514,-0.2));
#15701 = CARTESIAN_POINT('',(0.4,-0.8));
#15702 = CARTESIAN_POINT('',(5.358983848622E-02,-0.2));
#15703 = CARTESIAN_POINT('',(-0.292820323028,0.4));
#15704 = CARTESIAN_POINT('',(0.4,0.4));
#15705 = ( GEOMETRIC_REPRESENTATION_CONTEXT(2) 
PARAMETRIC_REPRESENTATION_CONTEXT() REPRESENTATION_CONTEXT('2D SPACE',''
  ) );
#15706 = ORIENTED_EDGE('',*,*,#15406,.F.);
#15707 = ORIENTED_EDGE('',*,*,#14938,.F.);
#15708 = ORIENTED_EDGE('',*,*,#15235,.T.);
#15709 = ADVANCED_FACE('',(#15710),#14610,.T.);
#15710 = FACE_BOUND('',#15711,.T.);
#15711 = EDGE_LOOP('',(#15712,#15713,#15714,#15715,#15716,#15717,#15718,
    #15719,#15720,#15721,#15722,#15723,#15724,#15725));
#15712 = ORIENTED_EDGE('',*,*,#14799,.F.);
#15713 = ORIENTED_EDGE('',*,*,#15657,.F.);
#15714 = ORIENTED_EDGE('',*,*,#15605,.F.);
#15715 = ORIENTED_EDGE('',*,*,#15557,.F.);
#15716 = ORIENTED_EDGE('',*,*,#15284,.F.);
#15717 = ORIENTED_EDGE('',*,*,#14586,.F.);
#15718 = ORIENTED_EDGE('',*,*,#15335,.F.);
#15719 = ORIENTED_EDGE('',*,*,#15531,.F.);
#15720 = ORIENTED_EDGE('',*,*,#15479,.F.);
#15721 = ORIENTED_EDGE('',*,*,#15430,.F.);
#15722 = ORIENTED_EDGE('',*,*,#15359,.F.);
#15723 = ORIENTED_EDGE('',*,*,#15681,.F.);
#15724 = ORIENTED_EDGE('',*,*,#15212,.F.);
#15725 = ORIENTED_EDGE('',*,*,#14829,.F.);
#15726 = ( GEOMETRIC_REPRESENTATION_CONTEXT(3) 
GLOBAL_UNCERTAINTY_ASSIGNED_CONTEXT((#15730)) 
GLOBAL_UNIT_ASSIGNED_CONTEXT((#15727,#15728,#15729)) 
REPRESENTATION_CONTEXT('Context #1',
  '3D Context with UNIT and UNCERTAINTY') );
#15727 = ( LENGTH_UNIT() NAMED_UNIT(*) SI_UNIT(.MILLI.,.METRE.) );
#15728 = ( NAMED_UNIT(*) PLANE_ANGLE_UNIT() SI_UNIT($,.RADIAN.) );
#15729 = ( NAMED_UNIT(*) SI_UNIT($,.STERADIAN.) SOLID_ANGLE_UNIT() );
#15730 = UNCERTAINTY_MEASURE_WITH_UNIT(LENGTH_MEASURE(1.E-07),#15727,
  'distance_accuracy_value','confusion accuracy');
#15731 = CONTEXT_DEPENDENT_SHAPE_REPRESENTATION(#15732,#15734);
#15732 = ( REPRESENTATION_RELATIONSHIP('','',#14579,#10) 
REPRESENTATION_RELATIONSHIP_WITH_TRANSFORMATION(#15733) 
SHAPE_REPRESENTATION_RELATIONSHIP() );
#15733 = ITEM_DEFINED_TRANSFORMATION('','',#11,#31);
#15734 = PRODUCT_DEFINITION_SHAPE('Placement','Placement of an item',
  #15735);
#15735 = NEXT_ASSEMBLY_USAGE_OCCURRENCE('5','=>[0:1:1:6]','',#5,#14574,$
  );
#15736 = PRODUCT_RELATED_PRODUCT_CATEGORY('part',$,(#14576));
#15737 = SHAPE_DEFINITION_REPRESENTATION(#15738,#15744);
#15738 = PRODUCT_DEFINITION_SHAPE('','',#15739);
#15739 = PRODUCT_DEFINITION('design','',#15740,#15743);
#15740 = PRODUCT_DEFINITION_FORMATION('','',#15741);
#15741 = PRODUCT('SOLID','SOLID','',(#15742));
#15742 = PRODUCT_CONTEXT('',#2,'mechanical');
#15743 = PRODUCT_DEFINITION_CONTEXT('part definition',#2,'design');
#15744 = ADVANCED_BREP_SHAPE_REPRESENTATION('',(#11,#15745),#16891);
#15745 = MANIFOLD_SOLID_BREP('',#15746);
#15746 = CLOSED_SHELL('',(#15747,#15869,#15989,#16075,#16372,#16421,
    #16471,#16520,#16591,#16640,#16689,#16717,#16766,#16815,#16842,
    #16874));
#15747 = ADVANCED_FACE('',(#15748),#15763,.F.);
#15748 = FACE_BOUND('',#15749,.F.);
#15749 = EDGE_LOOP('',(#15750,#15786,#15814,#15843));
#15750 = ORIENTED_EDGE('',*,*,#15751,.F.);
#15751 = EDGE_CURVE('',#15752,#15754,#15756,.T.);
#15752 = VERTEX_POINT('',#15753);
#15753 = CARTESIAN_POINT('',(2.155,0.389532808751,0.200274093049));
#15754 = VERTEX_POINT('',#15755);
#15755 = CARTESIAN_POINT('',(2.155,0.543867960068,0.261068325908));
#15756 = SURFACE_CURVE('',#15757,(#15762,#15774),.PCURVE_S1.);
#15757 = CIRCLE('',#15758,0.2);
#15758 = AXIS2_PLACEMENT_3D('',#15759,#15760,#15761);
#15759 = CARTESIAN_POINT('',(2.155,0.4,0.4));
#15760 = DIRECTION('',(1.,-0.,0.));
#15761 = DIRECTION('',(0.,0.719339800339,-0.694658370459));
#15762 = PCURVE('',#15763,#15768);
#15763 = CYLINDRICAL_SURFACE('',#15764,0.2);
#15764 = AXIS2_PLACEMENT_3D('',#15765,#15766,#15767);
#15765 = CARTESIAN_POINT('',(1.655,0.4,0.4));
#15766 = DIRECTION('',(1.,0.,0.));
#15767 = DIRECTION('',(0.,0.719339800339,-0.694658370459));
#15768 = DEFINITIONAL_REPRESENTATION('',(#15769),#15773);
#15769 = LINE('',#15770,#15771);
#15770 = CARTESIAN_POINT('',(2.6645352591E-15,0.5));
#15771 = VECTOR('',#15772,1.);
#15772 = DIRECTION('',(1.,0.));
#15773 = ( GEOMETRIC_REPRESENTATION_CONTEXT(2) 
PARAMETRIC_REPRESENTATION_CONTEXT() REPRESENTATION_CONTEXT('2D SPACE',''
  ) );
#15774 = PCURVE('',#15775,#15780);
#15775 = PLANE('',#15776);
#15776 = AXIS2_PLACEMENT_3D('',#15777,#15778,#15779);
#15777 = CARTESIAN_POINT('',(2.155,-0.8,0.441926223426));
#15778 = DIRECTION('',(1.,0.,0.));
#15779 = DIRECTION('',(0.,1.,-2.22044604925E-16));
#15780 = DEFINITIONAL_REPRESENTATION('',(#15781),#15785);
#15781 = CIRCLE('',#15782,0.2);
#15782 = AXIS2_PLACEMENT_2D('',#15783,#15784);
#15783 = CARTESIAN_POINT('',(1.2,-4.1926223426E-02));
#15784 = DIRECTION('',(0.719339800339,-0.694658370459));
#15785 = ( GEOMETRIC_REPRESENTATION_CONTEXT(2) 
PARAMETRIC_REPRESENTATION_CONTEXT() REPRESENTATION_CONTEXT('2D SPACE',''
  ) );
#15786 = ORIENTED_EDGE('',*,*,#15787,.F.);
#15787 = EDGE_CURVE('',#15788,#15752,#15790,.T.);
#15788 = VERTEX_POINT('',#15789);
#15789 = CARTESIAN_POINT('',(1.655,0.389532808751,0.200274093049));
#15790 = SURFACE_CURVE('',#15791,(#15795,#15802),.PCURVE_S1.);
#15791 = LINE('',#15792,#15793);
#15792 = CARTESIAN_POINT('',(1.655,0.389532808751,0.200274093049));
#15793 = VECTOR('',#15794,1.);
#15794 = DIRECTION('',(1.,0.,0.));
#15795 = PCURVE('',#15763,#15796);
#15796 = DEFINITIONAL_REPRESENTATION('',(#15797),#15801);
#15797 = LINE('',#15798,#15799);
#15798 = CARTESIAN_POINT('',(5.427973973702,0.));
#15799 = VECTOR('',#15800,1.);
#15800 = DIRECTION('',(0.,1.));
#15801 = ( GEOMETRIC_REPRESENTATION_CONTEXT(2) 
PARAMETRIC_REPRESENTATION_CONTEXT() REPRESENTATION_CONTEXT('2D SPACE',''
  ) );
#15802 = PCURVE('',#15803,#15808);
#15803 = PLANE('',#15804);
#15804 = AXIS2_PLACEMENT_3D('',#15805,#15806,#15807);
#15805 = CARTESIAN_POINT('',(1.655,-0.410467191249,0.242200316476));
#15806 = DIRECTION('',(0.,5.233595624305E-02,0.998629534755));
#15807 = DIRECTION('',(0.,-0.998629534755,5.233595624305E-02));
#15808 = DEFINITIONAL_REPRESENTATION('',(#15809),#15813);
#15809 = LINE('',#15810,#15811);
#15810 = CARTESIAN_POINT('',(-0.801097876798,0.));
#15811 = VECTOR('',#15812,1.);
#15812 = DIRECTION('',(0.,1.));
#15813 = ( GEOMETRIC_REPRESENTATION_CONTEXT(2) 
PARAMETRIC_REPRESENTATION_CONTEXT() REPRESENTATION_CONTEXT('2D SPACE',''
  ) );
#15814 = ORIENTED_EDGE('',*,*,#15815,.F.);
#15815 = EDGE_CURVE('',#15816,#15788,#15818,.T.);
#15816 = VERTEX_POINT('',#15817);
#15817 = CARTESIAN_POINT('',(1.655,0.543867960068,0.261068325908));
#15818 = SURFACE_CURVE('',#15819,(#15824,#15831),.PCURVE_S1.);
#15819 = CIRCLE('',#15820,0.2);
#15820 = AXIS2_PLACEMENT_3D('',#15821,#15822,#15823);
#15821 = CARTESIAN_POINT('',(1.655,0.4,0.4));
#15822 = DIRECTION('',(-1.,-0.,0.));
#15823 = DIRECTION('',(-0.,0.719339800339,-0.694658370459));
#15824 = PCURVE('',#15763,#15825);
#15825 = DEFINITIONAL_REPRESENTATION('',(#15826),#15830);
#15826 = LINE('',#15827,#15828);
#15827 = CARTESIAN_POINT('',(6.28318530718,0.));
#15828 = VECTOR('',#15829,1.);
#15829 = DIRECTION('',(-1.,0.));
#15830 = ( GEOMETRIC_REPRESENTATION_CONTEXT(2) 
PARAMETRIC_REPRESENTATION_CONTEXT() REPRESENTATION_CONTEXT('2D SPACE',''
  ) );
#15831 = PCURVE('',#15832,#15837);
#15832 = PLANE('',#15833);
#15833 = AXIS2_PLACEMENT_3D('',#15834,#15835,#15836);
#15834 = CARTESIAN_POINT('',(1.655,-0.183089821524,0.476316299651));
#15835 = DIRECTION('',(-1.,0.,0.));
#15836 = DIRECTION('',(0.,-1.,2.22044604925E-16));
#15837 = DEFINITIONAL_REPRESENTATION('',(#15838),#15842);
#15838 = CIRCLE('',#15839,0.2);
#15839 = AXIS2_PLACEMENT_2D('',#15840,#15841);
#15840 = CARTESIAN_POINT('',(-0.583089821524,-7.6316299651E-02));
#15841 = DIRECTION('',(-0.719339800339,-0.694658370459));
#15842 = ( GEOMETRIC_REPRESENTATION_CONTEXT(2) 
PARAMETRIC_REPRESENTATION_CONTEXT() REPRESENTATION_CONTEXT('2D SPACE',''
  ) );
#15843 = ORIENTED_EDGE('',*,*,#15844,.T.);
#15844 = EDGE_CURVE('',#15816,#15754,#15845,.T.);
#15845 = SURFACE_CURVE('',#15846,(#15850,#15857),.PCURVE_S1.);
#15846 = LINE('',#15847,#15848);
#15847 = CARTESIAN_POINT('',(1.655,0.543867960068,0.261068325908));
#15848 = VECTOR('',#15849,1.);
#15849 = DIRECTION('',(1.,0.,0.));
#15850 = PCURVE('',#15763,#15851);
#15851 = DEFINITIONAL_REPRESENTATION('',(#15852),#15856);
#15852 = LINE('',#15853,#15854);
#15853 = CARTESIAN_POINT('',(6.28318530718,0.));
#15854 = VECTOR('',#15855,1.);
#15855 = DIRECTION('',(0.,1.));
#15856 = ( GEOMETRIC_REPRESENTATION_CONTEXT(2) 
PARAMETRIC_REPRESENTATION_CONTEXT() REPRESENTATION_CONTEXT('2D SPACE',''
  ) );
#15857 = PCURVE('',#15858,#15863);
#15858 = CYLINDRICAL_SURFACE('',#15859,0.2);
#15859 = AXIS2_PLACEMENT_3D('',#15860,#15861,#15862);
#15860 = CARTESIAN_POINT('',(1.655,0.4,0.4));
#15861 = DIRECTION('',(1.,0.,0.));
#15862 = DIRECTION('',(0.,0.719339800339,-0.694658370459));
#15863 = DEFINITIONAL_REPRESENTATION('',(#15864),#15868);
#15864 = LINE('',#15865,#15866);
#15865 = CARTESIAN_POINT('',(0.,0.));
#15866 = VECTOR('',#15867,1.);
#15867 = DIRECTION('',(0.,1.));
#15868 = ( GEOMETRIC_REPRESENTATION_CONTEXT(2) 
PARAMETRIC_REPRESENTATION_CONTEXT() REPRESENTATION_CONTEXT('2D SPACE',''
  ) );
#15869 = ADVANCED_FACE('',(#15870),#15884,.T.);
#15870 = FACE_BOUND('',#15871,.T.);
#15871 = EDGE_LOOP('',(#15872,#15907,#15935,#15963));
#15872 = ORIENTED_EDGE('',*,*,#15873,.F.);
#15873 = EDGE_CURVE('',#15874,#15876,#15878,.T.);
#15874 = VERTEX_POINT('',#15875);
#15875 = CARTESIAN_POINT('',(1.655,0.687735920135,0.122136651816));
#15876 = VERTEX_POINT('',#15877);
#15877 = CARTESIAN_POINT('',(2.155,0.687735920135,0.122136651816));
#15878 = SURFACE_CURVE('',#15879,(#15883,#15895),.PCURVE_S1.);
#15879 = LINE('',#15880,#15881);
#15880 = CARTESIAN_POINT('',(1.655,0.687735920135,0.122136651816));
#15881 = VECTOR('',#15882,1.);
#15882 = DIRECTION('',(1.,0.,0.));
#15883 = PCURVE('',#15884,#15889);
#15884 = CYLINDRICAL_SURFACE('',#15885,0.4);
#15885 = AXIS2_PLACEMENT_3D('',#15886,#15887,#15888);
#15886 = CARTESIAN_POINT('',(1.655,0.4,0.4));
#15887 = DIRECTION('',(1.,0.,0.));
#15888 = DIRECTION('',(0.,0.719339800339,-0.694658370459));
#15889 = DEFINITIONAL_REPRESENTATION('',(#15890),#15894);
#15890 = LINE('',#15891,#15892);
#15891 = CARTESIAN_POINT('',(0.,0.));
#15892 = VECTOR('',#15893,1.);
#15893 = DIRECTION('',(0.,1.));
#15894 = ( GEOMETRIC_REPRESENTATION_CONTEXT(2) 
PARAMETRIC_REPRESENTATION_CONTEXT() REPRESENTATION_CONTEXT('2D SPACE',''
  ) );
#15895 = PCURVE('',#15896,#15901);
#15896 = CYLINDRICAL_SURFACE('',#15897,0.4);
#15897 = AXIS2_PLACEMENT_3D('',#15898,#15899,#15900);
#15898 = CARTESIAN_POINT('',(1.655,0.4,0.4));
#15899 = DIRECTION('',(1.,0.,0.));
#15900 = DIRECTION('',(0.,0.719339800339,-0.694658370459));
#15901 = DEFINITIONAL_REPRESENTATION('',(#15902),#15906);
#15902 = LINE('',#15903,#15904);
#15903 = CARTESIAN_POINT('',(6.28318530718,0.));
#15904 = VECTOR('',#15905,1.);
#15905 = DIRECTION('',(0.,1.));
#15906 = ( GEOMETRIC_REPRESENTATION_CONTEXT(2) 
PARAMETRIC_REPRESENTATION_CONTEXT() REPRESENTATION_CONTEXT('2D SPACE',''
  ) );
#15907 = ORIENTED_EDGE('',*,*,#15908,.T.);
#15908 = EDGE_CURVE('',#15874,#15909,#15911,.T.);
#15909 = VERTEX_POINT('',#15910);
#15910 = CARTESIAN_POINT('',(1.655,0.798477879237,0.434862297099));
#15911 = SURFACE_CURVE('',#15912,(#15917,#15924),.PCURVE_S1.);
#15912 = CIRCLE('',#15913,0.4);
#15913 = AXIS2_PLACEMENT_3D('',#15914,#15915,#15916);
#15914 = CARTESIAN_POINT('',(1.655,0.4,0.4));
#15915 = DIRECTION('',(1.,-0.,0.));
#15916 = DIRECTION('',(0.,0.719339800339,-0.694658370459));
#15917 = PCURVE('',#15884,#15918);
#15918 = DEFINITIONAL_REPRESENTATION('',(#15919),#15923);
#15919 = LINE('',#15920,#15921);
#15920 = CARTESIAN_POINT('',(0.,0.));
#15921 = VECTOR('',#15922,1.);
#15922 = DIRECTION('',(1.,0.));
#15923 = ( GEOMETRIC_REPRESENTATION_CONTEXT(2) 
PARAMETRIC_REPRESENTATION_CONTEXT() REPRESENTATION_CONTEXT('2D SPACE',''
  ) );
#15924 = PCURVE('',#15832,#15925);
#15925 = DEFINITIONAL_REPRESENTATION('',(#15926),#15934);
#15926 = ( BOUNDED_CURVE() B_SPLINE_CURVE(2,(#15927,#15928,#15929,#15930
    ,#15931,#15932,#15933),.UNSPECIFIED.,.T.,.F.) 
B_SPLINE_CURVE_WITH_KNOTS((1,2,2,2,2,1),(-2.094395102393,0.,
    2.094395102393,4.188790204786,6.28318530718,8.377580409573),
.UNSPECIFIED.) CURVE() GEOMETRIC_REPRESENTATION_ITEM() 
RATIONAL_B_SPLINE_CURVE((1.,0.5,1.,0.5,1.,0.5,1.)) REPRESENTATION_ITEM(
  '') );
#15927 = CARTESIAN_POINT('',(-0.87082574166,-0.354179647835));
#15928 = CARTESIAN_POINT('',(-1.352099178275,0.144193585003));
#15929 = CARTESIAN_POINT('',(-0.679858579764,0.311801990859));
#15930 = CARTESIAN_POINT('',(-7.617981252946E-03,0.479410396716));
#15931 = CARTESIAN_POINT('',(-0.198585143149,-0.186571241978));
#15932 = CARTESIAN_POINT('',(-0.389552305044,-0.852552880672));
#15933 = CARTESIAN_POINT('',(-0.87082574166,-0.354179647835));
#15934 = ( GEOMETRIC_REPRESENTATION_CONTEXT(2) 
PARAMETRIC_REPRESENTATION_CONTEXT() REPRESENTATION_CONTEXT('2D SPACE',''
  ) );
#15935 = ORIENTED_EDGE('',*,*,#15936,.T.);
#15936 = EDGE_CURVE('',#15909,#15937,#15939,.T.);
#15937 = VERTEX_POINT('',#15938);
#15938 = CARTESIAN_POINT('',(2.155,0.798477879237,0.434862297099));
#15939 = SURFACE_CURVE('',#15940,(#15944,#15951),.PCURVE_S1.);
#15940 = LINE('',#15941,#15942);
#15941 = CARTESIAN_POINT('',(1.655,0.798477879237,0.434862297099));
#15942 = VECTOR('',#15943,1.);
#15943 = DIRECTION('',(1.,0.,0.));
#15944 = PCURVE('',#15884,#15945);
#15945 = DEFINITIONAL_REPRESENTATION('',(#15946),#15950);
#15946 = LINE('',#15947,#15948);
#15947 = CARTESIAN_POINT('',(0.855211333477,0.));
#15948 = VECTOR('',#15949,1.);
#15949 = DIRECTION('',(0.,1.));
#15950 = ( GEOMETRIC_REPRESENTATION_CONTEXT(2) 
PARAMETRIC_REPRESENTATION_CONTEXT() REPRESENTATION_CONTEXT('2D SPACE',''
  ) );
#15951 = PCURVE('',#15952,#15957);
#15952 = PLANE('',#15953);
#15953 = AXIS2_PLACEMENT_3D('',#15954,#15955,#15956);
#15954 = CARTESIAN_POINT('',(1.655,0.705456865528,1.498097349046));
#15955 = DIRECTION('',(0.,0.996194698092,8.715574274746E-02));
#15956 = DIRECTION('',(-1.,0.,0.));
#15957 = DEFINITIONAL_REPRESENTATION('',(#15958),#15962);
#15958 = LINE('',#15959,#15960);
#15959 = CARTESIAN_POINT('',(0.,-1.067296437116));
#15960 = VECTOR('',#15961,1.);
#15961 = DIRECTION('',(-1.,0.));
#15962 = ( GEOMETRIC_REPRESENTATION_CONTEXT(2) 
PARAMETRIC_REPRESENTATION_CONTEXT() REPRESENTATION_CONTEXT('2D SPACE',''
  ) );
#15963 = ORIENTED_EDGE('',*,*,#15964,.T.);
#15964 = EDGE_CURVE('',#15937,#15876,#15965,.T.);
#15965 = SURFACE_CURVE('',#15966,(#15971,#15978),.PCURVE_S1.);
#15966 = CIRCLE('',#15967,0.4);
#15967 = AXIS2_PLACEMENT_3D('',#15968,#15969,#15970);
#15968 = CARTESIAN_POINT('',(2.155,0.4,0.4));
#15969 = DIRECTION('',(-1.,-0.,0.));
#15970 = DIRECTION('',(-0.,0.719339800339,-0.694658370459));
#15971 = PCURVE('',#15884,#15972);
#15972 = DEFINITIONAL_REPRESENTATION('',(#15973),#15977);
#15973 = LINE('',#15974,#15975);
#15974 = CARTESIAN_POINT('',(6.28318530718,0.5));
#15975 = VECTOR('',#15976,1.);
#15976 = DIRECTION('',(-1.,0.));
#15977 = ( GEOMETRIC_REPRESENTATION_CONTEXT(2) 
PARAMETRIC_REPRESENTATION_CONTEXT() REPRESENTATION_CONTEXT('2D SPACE',''
  ) );
#15978 = PCURVE('',#15775,#15979);
#15979 = DEFINITIONAL_REPRESENTATION('',(#15980),#15988);
#15980 = ( BOUNDED_CURVE() B_SPLINE_CURVE(2,(#15981,#15982,#15983,#15984
    ,#15985,#15986,#15987),.UNSPECIFIED.,.T.,.F.) 
B_SPLINE_CURVE_WITH_KNOTS((1,2,2,2,2,1),(-2.094395102393,0.,
    2.094395102393,4.188790204786,6.28318530718,8.377580409573),
.UNSPECIFIED.) CURVE() GEOMETRIC_REPRESENTATION_ITEM() 
RATIONAL_B_SPLINE_CURVE((1.,0.5,1.,0.5,1.,0.5,1.)) REPRESENTATION_ITEM(
  '') );
#15981 = CARTESIAN_POINT('',(1.487735920136,-0.31978957161));
#15982 = CARTESIAN_POINT('',(1.00646248352,-0.818162804447));
#15983 = CARTESIAN_POINT('',(0.815495321625,-0.152181165753));
#15984 = CARTESIAN_POINT('',(0.624528159729,0.513800472941));
#15985 = CARTESIAN_POINT('',(1.29676875824,0.346192067084));
#15986 = CARTESIAN_POINT('',(1.969009356751,0.178583661228));
#15987 = CARTESIAN_POINT('',(1.487735920136,-0.31978957161));
#15988 = ( GEOMETRIC_REPRESENTATION_CONTEXT(2) 
PARAMETRIC_REPRESENTATION_CONTEXT() REPRESENTATION_CONTEXT('2D SPACE',''
  ) );
#15989 = ADVANCED_FACE('',(#15990),#15896,.T.);
#15990 = FACE_BOUND('',#15991,.T.);
#15991 = EDGE_LOOP('',(#15992,#15993,#16021,#16049));
#15992 = ORIENTED_EDGE('',*,*,#15873,.T.);
#15993 = ORIENTED_EDGE('',*,*,#15994,.T.);
#15994 = EDGE_CURVE('',#15876,#15995,#15997,.T.);
#15995 = VERTEX_POINT('',#15996);
#15996 = CARTESIAN_POINT('',(2.155,0.379065617503,5.48186098118E-04));
#15997 = SURFACE_CURVE('',#15998,(#16003,#16010),.PCURVE_S1.);
#15998 = CIRCLE('',#15999,0.4);
#15999 = AXIS2_PLACEMENT_3D('',#16000,#16001,#16002);
#16000 = CARTESIAN_POINT('',(2.155,0.4,0.4));
#16001 = DIRECTION('',(-1.,-0.,0.));
#16002 = DIRECTION('',(-0.,0.719339800339,-0.694658370459));
#16003 = PCURVE('',#15896,#16004);
#16004 = DEFINITIONAL_REPRESENTATION('',(#16005),#16009);
#16005 = LINE('',#16006,#16007);
#16006 = CARTESIAN_POINT('',(6.28318530718,0.5));
#16007 = VECTOR('',#16008,1.);
#16008 = DIRECTION('',(-1.,0.));
#16009 = ( GEOMETRIC_REPRESENTATION_CONTEXT(2) 
PARAMETRIC_REPRESENTATION_CONTEXT() REPRESENTATION_CONTEXT('2D SPACE',''
  ) );
#16010 = PCURVE('',#15775,#16011);
#16011 = DEFINITIONAL_REPRESENTATION('',(#16012),#16020);
#16012 = ( BOUNDED_CURVE() B_SPLINE_CURVE(2,(#16013,#16014,#16015,#16016
    ,#16017,#16018,#16019),.UNSPECIFIED.,.T.,.F.) 
B_SPLINE_CURVE_WITH_KNOTS((1,2,2,2,2,1),(-2.094395102393,0.,
    2.094395102393,4.188790204786,6.28318530718,8.377580409573),
.UNSPECIFIED.) CURVE() GEOMETRIC_REPRESENTATION_ITEM() 
RATIONAL_B_SPLINE_CURVE((1.,0.5,1.,0.5,1.,0.5,1.)) REPRESENTATION_ITEM(
  '') );
#16013 = CARTESIAN_POINT('',(1.487735920136,-0.31978957161));
#16014 = CARTESIAN_POINT('',(1.00646248352,-0.818162804447));
#16015 = CARTESIAN_POINT('',(0.815495321625,-0.152181165753));
#16016 = CARTESIAN_POINT('',(0.624528159729,0.513800472941));
#16017 = CARTESIAN_POINT('',(1.29676875824,0.346192067084));
#16018 = CARTESIAN_POINT('',(1.969009356751,0.178583661228));
#16019 = CARTESIAN_POINT('',(1.487735920136,-0.31978957161));
#16020 = ( GEOMETRIC_REPRESENTATION_CONTEXT(2) 
PARAMETRIC_REPRESENTATION_CONTEXT() REPRESENTATION_CONTEXT('2D SPACE',''
  ) );
#16021 = ORIENTED_EDGE('',*,*,#16022,.T.);
#16022 = EDGE_CURVE('',#15995,#16023,#16025,.T.);
#16023 = VERTEX_POINT('',#16024);
#16024 = CARTESIAN_POINT('',(1.655,0.379065617503,5.48186098118E-04));
#16025 = SURFACE_CURVE('',#16026,(#16030,#16037),.PCURVE_S1.);
#16026 = LINE('',#16027,#16028);
#16027 = CARTESIAN_POINT('',(2.155,0.379065617503,5.48186098118E-04));
#16028 = VECTOR('',#16029,1.);
#16029 = DIRECTION('',(-1.,0.,0.));
#16030 = PCURVE('',#15896,#16031);
#16031 = DEFINITIONAL_REPRESENTATION('',(#16032),#16036);
#16032 = LINE('',#16033,#16034);
#16033 = CARTESIAN_POINT('',(5.427973973702,0.5));
#16034 = VECTOR('',#16035,1.);
#16035 = DIRECTION('',(0.,-1.));
#16036 = ( GEOMETRIC_REPRESENTATION_CONTEXT(2) 
PARAMETRIC_REPRESENTATION_CONTEXT() REPRESENTATION_CONTEXT('2D SPACE',''
  ) );
#16037 = PCURVE('',#16038,#16043);
#16038 = PLANE('',#16039);
#16039 = AXIS2_PLACEMENT_3D('',#16040,#16041,#16042);
#16040 = CARTESIAN_POINT('',(1.655,0.838582364423,-2.353406615134E-02));
#16041 = DIRECTION('',(0.,-5.233595624305E-02,-0.998629534755));
#16042 = DIRECTION('',(0.,0.998629534755,-5.233595624305E-02));
#16043 = DEFINITIONAL_REPRESENTATION('',(#16044),#16048);
#16044 = LINE('',#16045,#16046);
#16045 = CARTESIAN_POINT('',(-0.460147362889,0.5));
#16046 = VECTOR('',#16047,1.);
#16047 = DIRECTION('',(0.,-1.));
#16048 = ( GEOMETRIC_REPRESENTATION_CONTEXT(2) 
PARAMETRIC_REPRESENTATION_CONTEXT() REPRESENTATION_CONTEXT('2D SPACE',''
  ) );
#16049 = ORIENTED_EDGE('',*,*,#16050,.T.);
#16050 = EDGE_CURVE('',#16023,#15874,#16051,.T.);
#16051 = SURFACE_CURVE('',#16052,(#16057,#16064),.PCURVE_S1.);
#16052 = CIRCLE('',#16053,0.4);
#16053 = AXIS2_PLACEMENT_3D('',#16054,#16055,#16056);
#16054 = CARTESIAN_POINT('',(1.655,0.4,0.4));
#16055 = DIRECTION('',(1.,-0.,0.));
#16056 = DIRECTION('',(0.,0.719339800339,-0.694658370459));
#16057 = PCURVE('',#15896,#16058);
#16058 = DEFINITIONAL_REPRESENTATION('',(#16059),#16063);
#16059 = LINE('',#16060,#16061);
#16060 = CARTESIAN_POINT('',(0.,0.));
#16061 = VECTOR('',#16062,1.);
#16062 = DIRECTION('',(1.,0.));
#16063 = ( GEOMETRIC_REPRESENTATION_CONTEXT(2) 
PARAMETRIC_REPRESENTATION_CONTEXT() REPRESENTATION_CONTEXT('2D SPACE',''
  ) );
#16064 = PCURVE('',#15832,#16065);
#16065 = DEFINITIONAL_REPRESENTATION('',(#16066),#16074);
#16066 = ( BOUNDED_CURVE() B_SPLINE_CURVE(2,(#16067,#16068,#16069,#16070
    ,#16071,#16072,#16073),.UNSPECIFIED.,.T.,.F.) 
B_SPLINE_CURVE_WITH_KNOTS((1,2,2,2,2,1),(-2.094395102393,0.,
    2.094395102393,4.188790204786,6.28318530718,8.377580409573),
.UNSPECIFIED.) CURVE() GEOMETRIC_REPRESENTATION_ITEM() 
RATIONAL_B_SPLINE_CURVE((1.,0.5,1.,0.5,1.,0.5,1.)) REPRESENTATION_ITEM(
  '') );
#16067 = CARTESIAN_POINT('',(-0.87082574166,-0.354179647835));
#16068 = CARTESIAN_POINT('',(-1.352099178275,0.144193585003));
#16069 = CARTESIAN_POINT('',(-0.679858579764,0.311801990859));
#16070 = CARTESIAN_POINT('',(-7.617981252946E-03,0.479410396716));
#16071 = CARTESIAN_POINT('',(-0.198585143149,-0.186571241978));
#16072 = CARTESIAN_POINT('',(-0.389552305044,-0.852552880672));
#16073 = CARTESIAN_POINT('',(-0.87082574166,-0.354179647835));
#16074 = ( GEOMETRIC_REPRESENTATION_CONTEXT(2) 
PARAMETRIC_REPRESENTATION_CONTEXT() REPRESENTATION_CONTEXT('2D SPACE',''
  ) );
#16075 = ADVANCED_FACE('',(#16076),#15832,.T.);
#16076 = FACE_BOUND('',#16077,.T.);
#16077 = EDGE_LOOP('',(#16078,#16079,#16102,#16131,#16159,#16187,#16215,
    #16248,#16269,#16270,#16294,#16322,#16350,#16371));
#16078 = ORIENTED_EDGE('',*,*,#16050,.F.);
#16079 = ORIENTED_EDGE('',*,*,#16080,.T.);
#16080 = EDGE_CURVE('',#16023,#16081,#16083,.T.);
#16081 = VERTEX_POINT('',#16082);
#16082 = CARTESIAN_POINT('',(1.655,-0.420934382497,4.247440952469E-02));
#16083 = SURFACE_CURVE('',#16084,(#16088,#16095),.PCURVE_S1.);
#16084 = LINE('',#16085,#16086);
#16085 = CARTESIAN_POINT('',(1.655,0.379065617503,5.48186098118E-04));
#16086 = VECTOR('',#16087,1.);
#16087 = DIRECTION('',(3.464691999998E-17,-0.998629534755,
    5.233595624308E-02));
#16088 = PCURVE('',#15832,#16089);
#16089 = DEFINITIONAL_REPRESENTATION('',(#16090),#16094);
#16090 = LINE('',#16091,#16092);
#16091 = CARTESIAN_POINT('',(-0.562155439027,-0.475768113553));
#16092 = VECTOR('',#16093,1.);
#16093 = DIRECTION('',(0.998629534755,5.233595624308E-02));
#16094 = ( GEOMETRIC_REPRESENTATION_CONTEXT(2) 
PARAMETRIC_REPRESENTATION_CONTEXT() REPRESENTATION_CONTEXT('2D SPACE',''
  ) );
#16095 = PCURVE('',#16038,#16096);
#16096 = DEFINITIONAL_REPRESENTATION('',(#16097),#16101);
#16097 = LINE('',#16098,#16099);
#16098 = CARTESIAN_POINT('',(-0.460147362889,0.));
#16099 = VECTOR('',#16100,1.);
#16100 = DIRECTION('',(-1.,3.464691999998E-17));
#16101 = ( GEOMETRIC_REPRESENTATION_CONTEXT(2) 
PARAMETRIC_REPRESENTATION_CONTEXT() REPRESENTATION_CONTEXT('2D SPACE',''
  ) );
#16102 = ORIENTED_EDGE('',*,*,#16103,.T.);
#16103 = EDGE_CURVE('',#16081,#16104,#16106,.T.);
#16104 = VERTEX_POINT('',#16105);
#16105 = CARTESIAN_POINT('',(1.655,-0.8,0.441926223426));
#16106 = SURFACE_CURVE('',#16107,(#16112,#16119),.PCURVE_S1.);
#16107 = CIRCLE('',#16108,0.4);
#16108 = AXIS2_PLACEMENT_3D('',#16109,#16110,#16111);
#16109 = CARTESIAN_POINT('',(1.655,-0.4,0.441926223426));
#16110 = DIRECTION('',(-1.,0.,0.));
#16111 = DIRECTION('',(0.,2.22044604925E-16,1.));
#16112 = PCURVE('',#15832,#16113);
#16113 = DEFINITIONAL_REPRESENTATION('',(#16114),#16118);
#16114 = CIRCLE('',#16115,0.4);
#16115 = AXIS2_PLACEMENT_2D('',#16116,#16117);
#16116 = CARTESIAN_POINT('',(0.216910178476,-3.4390076225E-02));
#16117 = DIRECTION('',(0.,1.));
#16118 = ( GEOMETRIC_REPRESENTATION_CONTEXT(2) 
PARAMETRIC_REPRESENTATION_CONTEXT() REPRESENTATION_CONTEXT('2D SPACE',''
  ) );
#16119 = PCURVE('',#16120,#16125);
#16120 = CYLINDRICAL_SURFACE('',#16121,0.4);
#16121 = AXIS2_PLACEMENT_3D('',#16122,#16123,#16124);
#16122 = CARTESIAN_POINT('',(1.655,-0.4,0.441926223426));
#16123 = DIRECTION('',(1.,0.,0.));
#16124 = DIRECTION('',(-0.,2.22044604925E-16,1.));
#16125 = DEFINITIONAL_REPRESENTATION('',(#16126),#16130);
#16126 = LINE('',#16127,#16128);
#16127 = CARTESIAN_POINT('',(6.28318530718,0.));
#16128 = VECTOR('',#16129,1.);
#16129 = DIRECTION('',(-1.,0.));
#16130 = ( GEOMETRIC_REPRESENTATION_CONTEXT(2) 
PARAMETRIC_REPRESENTATION_CONTEXT() REPRESENTATION_CONTEXT('2D SPACE',''
  ) );
#16131 = ORIENTED_EDGE('',*,*,#16132,.T.);
#16132 = EDGE_CURVE('',#16104,#16133,#16135,.T.);
#16133 = VERTEX_POINT('',#16134);
#16134 = CARTESIAN_POINT('',(1.655,-0.8,0.466483135606));
#16135 = SURFACE_CURVE('',#16136,(#16140,#16147),.PCURVE_S1.);
#16136 = LINE('',#16137,#16138);
#16137 = CARTESIAN_POINT('',(1.655,-0.8,0.441926223426));
#16138 = VECTOR('',#16139,1.);
#16139 = DIRECTION('',(0.,7.238376044605E-12,1.));
#16140 = PCURVE('',#15832,#16141);
#16141 = DEFINITIONAL_REPRESENTATION('',(#16142),#16146);
#16142 = LINE('',#16143,#16144);
#16143 = CARTESIAN_POINT('',(0.616910178476,-3.4390076225E-02));
#16144 = VECTOR('',#16145,1.);
#16145 = DIRECTION('',(-7.238154E-12,1.));
#16146 = ( GEOMETRIC_REPRESENTATION_CONTEXT(2) 
PARAMETRIC_REPRESENTATION_CONTEXT() REPRESENTATION_CONTEXT('2D SPACE',''
  ) );
#16147 = PCURVE('',#16148,#16153);
#16148 = PLANE('',#16149);
#16149 = AXIS2_PLACEMENT_3D('',#16150,#16151,#16152);
#16150 = CARTESIAN_POINT('',(1.655,-0.8,0.441926223426));
#16151 = DIRECTION('',(0.,-1.,2.22044604925E-16));
#16152 = DIRECTION('',(1.,0.,0.));
#16153 = DEFINITIONAL_REPRESENTATION('',(#16154),#16158);
#16154 = LINE('',#16155,#16156);
#16155 = CARTESIAN_POINT('',(0.,0.));
#16156 = VECTOR('',#16157,1.);
#16157 = DIRECTION('',(0.,1.));
#16158 = ( GEOMETRIC_REPRESENTATION_CONTEXT(2) 
PARAMETRIC_REPRESENTATION_CONTEXT() REPRESENTATION_CONTEXT('2D SPACE',''
  ) );
#16159 = ORIENTED_EDGE('',*,*,#16160,.T.);
#16160 = EDGE_CURVE('',#16133,#16161,#16163,.T.);
#16161 = VERTEX_POINT('',#16162);
#16162 = CARTESIAN_POINT('',(1.655,-0.6,0.466483135606));
#16163 = SURFACE_CURVE('',#16164,(#16168,#16175),.PCURVE_S1.);
#16164 = LINE('',#16165,#16166);
#16165 = CARTESIAN_POINT('',(1.655,-0.8,0.466483135606));
#16166 = VECTOR('',#16167,1.);
#16167 = DIRECTION('',(0.,1.,-2.22044604925E-16));
#16168 = PCURVE('',#15832,#16169);
#16169 = DEFINITIONAL_REPRESENTATION('',(#16170),#16174);
#16170 = LINE('',#16171,#16172);
#16171 = CARTESIAN_POINT('',(0.616910178476,-9.833164045E-03));
#16172 = VECTOR('',#16173,1.);
#16173 = DIRECTION('',(-1.,0.));
#16174 = ( GEOMETRIC_REPRESENTATION_CONTEXT(2) 
PARAMETRIC_REPRESENTATION_CONTEXT() REPRESENTATION_CONTEXT('2D SPACE',''
  ) );
#16175 = PCURVE('',#16176,#16181);
#16176 = PLANE('',#16177);
#16177 = AXIS2_PLACEMENT_3D('',#16178,#16179,#16180);
#16178 = CARTESIAN_POINT('',(1.655,-0.8,0.466483135606));
#16179 = DIRECTION('',(0.,2.22044604925E-16,1.));
#16180 = DIRECTION('',(0.,-1.,2.22044604925E-16));
#16181 = DEFINITIONAL_REPRESENTATION('',(#16182),#16186);
#16182 = LINE('',#16183,#16184);
#16183 = CARTESIAN_POINT('',(0.,0.));
#16184 = VECTOR('',#16185,1.);
#16185 = DIRECTION('',(-1.,0.));
#16186 = ( GEOMETRIC_REPRESENTATION_CONTEXT(2) 
PARAMETRIC_REPRESENTATION_CONTEXT() REPRESENTATION_CONTEXT('2D SPACE',''
  ) );
#16187 = ORIENTED_EDGE('',*,*,#16188,.T.);
#16188 = EDGE_CURVE('',#16161,#16189,#16191,.T.);
#16189 = VERTEX_POINT('',#16190);
#16190 = CARTESIAN_POINT('',(1.655,-0.6,0.441926223426));
#16191 = SURFACE_CURVE('',#16192,(#16196,#16203),.PCURVE_S1.);
#16192 = LINE('',#16193,#16194);
#16193 = CARTESIAN_POINT('',(1.655,-0.6,0.466483135606));
#16194 = VECTOR('',#16195,1.);
#16195 = DIRECTION('',(0.,-2.22044604925E-16,-1.));
#16196 = PCURVE('',#15832,#16197);
#16197 = DEFINITIONAL_REPRESENTATION('',(#16198),#16202);
#16198 = LINE('',#16199,#16200);
#16199 = CARTESIAN_POINT('',(0.416910178476,-9.833164045E-03));
#16200 = VECTOR('',#16201,1.);
#16201 = DIRECTION('',(0.,-1.));
#16202 = ( GEOMETRIC_REPRESENTATION_CONTEXT(2) 
PARAMETRIC_REPRESENTATION_CONTEXT() REPRESENTATION_CONTEXT('2D SPACE',''
  ) );
#16203 = PCURVE('',#16204,#16209);
#16204 = PLANE('',#16205);
#16205 = AXIS2_PLACEMENT_3D('',#16206,#16207,#16208);
#16206 = CARTESIAN_POINT('',(1.655,-0.6,0.466483135606));
#16207 = DIRECTION('',(0.,1.,-2.22044604925E-16));
#16208 = DIRECTION('',(-1.,0.,0.));
#16209 = DEFINITIONAL_REPRESENTATION('',(#16210),#16214);
#16210 = LINE('',#16211,#16212);
#16211 = CARTESIAN_POINT('',(0.,0.));
#16212 = VECTOR('',#16213,1.);
#16213 = DIRECTION('',(-0.,-1.));
#16214 = ( GEOMETRIC_REPRESENTATION_CONTEXT(2) 
PARAMETRIC_REPRESENTATION_CONTEXT() REPRESENTATION_CONTEXT('2D SPACE',''
  ) );
#16215 = ORIENTED_EDGE('',*,*,#16216,.T.);
#16216 = EDGE_CURVE('',#16189,#16217,#16219,.T.);
#16217 = VERTEX_POINT('',#16218);
#16218 = CARTESIAN_POINT('',(1.655,-0.410467191249,0.242200316476));
#16219 = SURFACE_CURVE('',#16220,(#16225,#16236),.PCURVE_S1.);
#16220 = CIRCLE('',#16221,0.2);
#16221 = AXIS2_PLACEMENT_3D('',#16222,#16223,#16224);
#16222 = CARTESIAN_POINT('',(1.655,-0.4,0.441926223426));
#16223 = DIRECTION('',(1.,0.,-0.));
#16224 = DIRECTION('',(0.,2.22044604925E-16,1.));
#16225 = PCURVE('',#15832,#16226);
#16226 = DEFINITIONAL_REPRESENTATION('',(#16227),#16235);
#16227 = ( BOUNDED_CURVE() B_SPLINE_CURVE(2,(#16228,#16229,#16230,#16231
    ,#16232,#16233,#16234),.UNSPECIFIED.,.T.,.F.) 
B_SPLINE_CURVE_WITH_KNOTS((1,2,2,2,2,1),(-2.094395102393,0.,
    2.094395102393,4.188790204786,6.28318530718,8.377580409573),
.UNSPECIFIED.) CURVE() GEOMETRIC_REPRESENTATION_ITEM() 
RATIONAL_B_SPLINE_CURVE((1.,0.5,1.,0.5,1.,0.5,1.)) REPRESENTATION_ITEM(
  '') );
#16228 = CARTESIAN_POINT('',(0.216910178476,0.165609923775));
#16229 = CARTESIAN_POINT('',(0.56332033999,0.165609923775));
#16230 = CARTESIAN_POINT('',(0.390115259233,-0.134390076225));
#16231 = CARTESIAN_POINT('',(0.216910178476,-0.434390076225));
#16232 = CARTESIAN_POINT('',(4.370509771911E-02,-0.134390076225));
#16233 = CARTESIAN_POINT('',(-0.129499983038,0.165609923775));
#16234 = CARTESIAN_POINT('',(0.216910178476,0.165609923775));
#16235 = ( GEOMETRIC_REPRESENTATION_CONTEXT(2) 
PARAMETRIC_REPRESENTATION_CONTEXT() REPRESENTATION_CONTEXT('2D SPACE',''
  ) );
#16236 = PCURVE('',#16237,#16242);
#16237 = CYLINDRICAL_SURFACE('',#16238,0.2);
#16238 = AXIS2_PLACEMENT_3D('',#16239,#16240,#16241);
#16239 = CARTESIAN_POINT('',(1.655,-0.4,0.441926223426));
#16240 = DIRECTION('',(1.,0.,0.));
#16241 = DIRECTION('',(-0.,2.22044604925E-16,1.));
#16242 = DEFINITIONAL_REPRESENTATION('',(#16243),#16247);
#16243 = LINE('',#16244,#16245);
#16244 = CARTESIAN_POINT('',(0.,0.));
#16245 = VECTOR('',#16246,1.);
#16246 = DIRECTION('',(1.,0.));
#16247 = ( GEOMETRIC_REPRESENTATION_CONTEXT(2) 
PARAMETRIC_REPRESENTATION_CONTEXT() REPRESENTATION_CONTEXT('2D SPACE',''
  ) );
#16248 = ORIENTED_EDGE('',*,*,#16249,.T.);
#16249 = EDGE_CURVE('',#16217,#15788,#16250,.T.);
#16250 = SURFACE_CURVE('',#16251,(#16255,#16262),.PCURVE_S1.);
#16251 = LINE('',#16252,#16253);
#16252 = CARTESIAN_POINT('',(1.655,-0.410467191249,0.242200316476));
#16253 = VECTOR('',#16254,1.);
#16254 = DIRECTION('',(0.,0.998629534755,-5.233595624305E-02));
#16255 = PCURVE('',#15832,#16256);
#16256 = DEFINITIONAL_REPRESENTATION('',(#16257),#16261);
#16257 = LINE('',#16258,#16259);
#16258 = CARTESIAN_POINT('',(0.227377369725,-0.234115983175));
#16259 = VECTOR('',#16260,1.);
#16260 = DIRECTION('',(-0.998629534755,-5.233595624305E-02));
#16261 = ( GEOMETRIC_REPRESENTATION_CONTEXT(2) 
PARAMETRIC_REPRESENTATION_CONTEXT() REPRESENTATION_CONTEXT('2D SPACE',''
  ) );
#16262 = PCURVE('',#15803,#16263);
#16263 = DEFINITIONAL_REPRESENTATION('',(#16264),#16268);
#16264 = LINE('',#16265,#16266);
#16265 = CARTESIAN_POINT('',(0.,0.));
#16266 = VECTOR('',#16267,1.);
#16267 = DIRECTION('',(-1.,0.));
#16268 = ( GEOMETRIC_REPRESENTATION_CONTEXT(2) 
PARAMETRIC_REPRESENTATION_CONTEXT() REPRESENTATION_CONTEXT('2D SPACE',''
  ) );
#16269 = ORIENTED_EDGE('',*,*,#15815,.F.);
#16270 = ORIENTED_EDGE('',*,*,#16271,.F.);
#16271 = EDGE_CURVE('',#16272,#15816,#16274,.T.);
#16272 = VERTEX_POINT('',#16273);
#16273 = CARTESIAN_POINT('',(1.655,0.599238939618,0.417431148549));
#16274 = SURFACE_CURVE('',#16275,(#16280,#16287),.PCURVE_S1.);
#16275 = CIRCLE('',#16276,0.2);
#16276 = AXIS2_PLACEMENT_3D('',#16277,#16278,#16279);
#16277 = CARTESIAN_POINT('',(1.655,0.4,0.4));
#16278 = DIRECTION('',(-1.,-0.,0.));
#16279 = DIRECTION('',(-0.,0.719339800339,-0.694658370459));
#16280 = PCURVE('',#15832,#16281);
#16281 = DEFINITIONAL_REPRESENTATION('',(#16282),#16286);
#16282 = CIRCLE('',#16283,0.2);
#16283 = AXIS2_PLACEMENT_2D('',#16284,#16285);
#16284 = CARTESIAN_POINT('',(-0.583089821524,-7.6316299651E-02));
#16285 = DIRECTION('',(-0.719339800339,-0.694658370459));
#16286 = ( GEOMETRIC_REPRESENTATION_CONTEXT(2) 
PARAMETRIC_REPRESENTATION_CONTEXT() REPRESENTATION_CONTEXT('2D SPACE',''
  ) );
#16287 = PCURVE('',#15858,#16288);
#16288 = DEFINITIONAL_REPRESENTATION('',(#16289),#16293);
#16289 = LINE('',#16290,#16291);
#16290 = CARTESIAN_POINT('',(6.28318530718,0.));
#16291 = VECTOR('',#16292,1.);
#16292 = DIRECTION('',(-1.,0.));
#16293 = ( GEOMETRIC_REPRESENTATION_CONTEXT(2) 
PARAMETRIC_REPRESENTATION_CONTEXT() REPRESENTATION_CONTEXT('2D SPACE',''
  ) );
#16294 = ORIENTED_EDGE('',*,*,#16295,.T.);
#16295 = EDGE_CURVE('',#16272,#16296,#16298,.T.);
#16296 = VERTEX_POINT('',#16297);
#16297 = CARTESIAN_POINT('',(1.655,0.50621792591,1.480666200496));
#16298 = SURFACE_CURVE('',#16299,(#16303,#16310),.PCURVE_S1.);
#16299 = LINE('',#16300,#16301);
#16300 = CARTESIAN_POINT('',(1.655,0.599238939618,0.417431148549));
#16301 = VECTOR('',#16302,1.);
#16302 = DIRECTION('',(2.08044E-16,-8.715574274746E-02,0.996194698092));
#16303 = PCURVE('',#15832,#16304);
#16304 = DEFINITIONAL_REPRESENTATION('',(#16305),#16309);
#16305 = LINE('',#16306,#16307);
#16306 = CARTESIAN_POINT('',(-0.782328761142,-5.8885151102E-02));
#16307 = VECTOR('',#16308,1.);
#16308 = DIRECTION('',(8.715574274746E-02,0.996194698092));
#16309 = ( GEOMETRIC_REPRESENTATION_CONTEXT(2) 
PARAMETRIC_REPRESENTATION_CONTEXT() REPRESENTATION_CONTEXT('2D SPACE',''
  ) );
#16310 = PCURVE('',#16311,#16316);
#16311 = PLANE('',#16312);
#16312 = AXIS2_PLACEMENT_3D('',#16313,#16314,#16315);
#16313 = CARTESIAN_POINT('',(1.655,0.619291182211,0.188232966924));
#16314 = DIRECTION('',(0.,-0.996194698092,-8.715574274746E-02));
#16315 = DIRECTION('',(1.,0.,0.));
#16316 = DEFINITIONAL_REPRESENTATION('',(#16317),#16321);
#16317 = LINE('',#16318,#16319);
#16318 = CARTESIAN_POINT('',(0.,0.230073681444));
#16319 = VECTOR('',#16320,1.);
#16320 = DIRECTION('',(2.08044E-16,1.));
#16321 = ( GEOMETRIC_REPRESENTATION_CONTEXT(2) 
PARAMETRIC_REPRESENTATION_CONTEXT() REPRESENTATION_CONTEXT('2D SPACE',''
  ) );
#16322 = ORIENTED_EDGE('',*,*,#16323,.T.);
#16323 = EDGE_CURVE('',#16296,#16324,#16326,.T.);
#16324 = VERTEX_POINT('',#16325);
#16325 = CARTESIAN_POINT('',(1.655,0.705456865528,1.498097349046));
#16326 = SURFACE_CURVE('',#16327,(#16331,#16338),.PCURVE_S1.);
#16327 = LINE('',#16328,#16329);
#16328 = CARTESIAN_POINT('',(1.655,0.50621792591,1.480666200496));
#16329 = VECTOR('',#16330,1.);
#16330 = DIRECTION('',(0.,0.996194698092,8.715574274777E-02));
#16331 = PCURVE('',#15832,#16332);
#16332 = DEFINITIONAL_REPRESENTATION('',(#16333),#16337);
#16333 = LINE('',#16334,#16335);
#16334 = CARTESIAN_POINT('',(-0.689307747434,1.004349900845));
#16335 = VECTOR('',#16336,1.);
#16336 = DIRECTION('',(-0.996194698092,8.715574274777E-02));
#16337 = ( GEOMETRIC_REPRESENTATION_CONTEXT(2) 
PARAMETRIC_REPRESENTATION_CONTEXT() REPRESENTATION_CONTEXT('2D SPACE',''
  ) );
#16338 = PCURVE('',#16339,#16344);
#16339 = PLANE('',#16340);
#16340 = AXIS2_PLACEMENT_3D('',#16341,#16342,#16343);
#16341 = CARTESIAN_POINT('',(1.655,0.50621792591,1.480666200496));
#16342 = DIRECTION('',(0.,-8.715574274746E-02,0.996194698092));
#16343 = DIRECTION('',(0.,-0.996194698092,-8.715574274746E-02));
#16344 = DEFINITIONAL_REPRESENTATION('',(#16345),#16349);
#16345 = LINE('',#16346,#16347);
#16346 = CARTESIAN_POINT('',(0.,0.));
#16347 = VECTOR('',#16348,1.);
#16348 = DIRECTION('',(-1.,0.));
#16349 = ( GEOMETRIC_REPRESENTATION_CONTEXT(2) 
PARAMETRIC_REPRESENTATION_CONTEXT() REPRESENTATION_CONTEXT('2D SPACE',''
  ) );
#16350 = ORIENTED_EDGE('',*,*,#16351,.T.);
#16351 = EDGE_CURVE('',#16324,#15909,#16352,.T.);
#16352 = SURFACE_CURVE('',#16353,(#16357,#16364),.PCURVE_S1.);
#16353 = LINE('',#16354,#16355);
#16354 = CARTESIAN_POINT('',(1.655,0.705456865528,1.498097349046));
#16355 = VECTOR('',#16356,1.);
#16356 = DIRECTION('',(-2.08044E-16,8.715574274747E-02,-0.996194698092)
  );
#16357 = PCURVE('',#15832,#16358);
#16358 = DEFINITIONAL_REPRESENTATION('',(#16359),#16363);
#16359 = LINE('',#16360,#16361);
#16360 = CARTESIAN_POINT('',(-0.888546687052,1.021781049395));
#16361 = VECTOR('',#16362,1.);
#16362 = DIRECTION('',(-8.715574274747E-02,-0.996194698092));
#16363 = ( GEOMETRIC_REPRESENTATION_CONTEXT(2) 
PARAMETRIC_REPRESENTATION_CONTEXT() REPRESENTATION_CONTEXT('2D SPACE',''
  ) );
#16364 = PCURVE('',#15952,#16365);
#16365 = DEFINITIONAL_REPRESENTATION('',(#16366),#16370);
#16366 = LINE('',#16367,#16368);
#16367 = CARTESIAN_POINT('',(0.,0.));
#16368 = VECTOR('',#16369,1.);
#16369 = DIRECTION('',(2.08044E-16,-1.));
#16370 = ( GEOMETRIC_REPRESENTATION_CONTEXT(2) 
PARAMETRIC_REPRESENTATION_CONTEXT() REPRESENTATION_CONTEXT('2D SPACE',''
  ) );
#16371 = ORIENTED_EDGE('',*,*,#15908,.F.);
#16372 = ADVANCED_FACE('',(#16373),#16038,.T.);
#16373 = FACE_BOUND('',#16374,.T.);
#16374 = EDGE_LOOP('',(#16375,#16376,#16399,#16420));
#16375 = ORIENTED_EDGE('',*,*,#16022,.F.);
#16376 = ORIENTED_EDGE('',*,*,#16377,.T.);
#16377 = EDGE_CURVE('',#15995,#16378,#16380,.T.);
#16378 = VERTEX_POINT('',#16379);
#16379 = CARTESIAN_POINT('',(2.155,-0.420934382497,4.247440952469E-02));
#16380 = SURFACE_CURVE('',#16381,(#16385,#16392),.PCURVE_S1.);
#16381 = LINE('',#16382,#16383);
#16382 = CARTESIAN_POINT('',(2.155,0.379065617503,5.48186098118E-04));
#16383 = VECTOR('',#16384,1.);
#16384 = DIRECTION('',(1.385876999999E-16,-0.998629534755,
    5.233595624308E-02));
#16385 = PCURVE('',#16038,#16386);
#16386 = DEFINITIONAL_REPRESENTATION('',(#16387),#16391);
#16387 = LINE('',#16388,#16389);
#16388 = CARTESIAN_POINT('',(-0.460147362889,0.5));
#16389 = VECTOR('',#16390,1.);
#16390 = DIRECTION('',(-1.,1.385876999999E-16));
#16391 = ( GEOMETRIC_REPRESENTATION_CONTEXT(2) 
PARAMETRIC_REPRESENTATION_CONTEXT() REPRESENTATION_CONTEXT('2D SPACE',''
  ) );
#16392 = PCURVE('',#15775,#16393);
#16393 = DEFINITIONAL_REPRESENTATION('',(#16394),#16398);
#16394 = LINE('',#16395,#16396);
#16395 = CARTESIAN_POINT('',(1.179065617503,-0.441378037328));
#16396 = VECTOR('',#16397,1.);
#16397 = DIRECTION('',(-0.998629534755,5.233595624308E-02));
#16398 = ( GEOMETRIC_REPRESENTATION_CONTEXT(2) 
PARAMETRIC_REPRESENTATION_CONTEXT() REPRESENTATION_CONTEXT('2D SPACE',''
  ) );
#16399 = ORIENTED_EDGE('',*,*,#16400,.F.);
#16400 = EDGE_CURVE('',#16081,#16378,#16401,.T.);
#16401 = SURFACE_CURVE('',#16402,(#16406,#16413),.PCURVE_S1.);
#16402 = LINE('',#16403,#16404);
#16403 = CARTESIAN_POINT('',(1.655,-0.420934382497,4.247440952469E-02));
#16404 = VECTOR('',#16405,1.);
#16405 = DIRECTION('',(1.,0.,0.));
#16406 = PCURVE('',#16038,#16407);
#16407 = DEFINITIONAL_REPRESENTATION('',(#16408),#16412);
#16408 = LINE('',#16409,#16410);
#16409 = CARTESIAN_POINT('',(-1.261245239687,0.));
#16410 = VECTOR('',#16411,1.);
#16411 = DIRECTION('',(0.,1.));
#16412 = ( GEOMETRIC_REPRESENTATION_CONTEXT(2) 
PARAMETRIC_REPRESENTATION_CONTEXT() REPRESENTATION_CONTEXT('2D SPACE',''
  ) );
#16413 = PCURVE('',#16120,#16414);
#16414 = DEFINITIONAL_REPRESENTATION('',(#16415),#16419);
#16415 = LINE('',#16416,#16417);
#16416 = CARTESIAN_POINT('',(3.08923277603,0.));
#16417 = VECTOR('',#16418,1.);
#16418 = DIRECTION('',(0.,1.));
#16419 = ( GEOMETRIC_REPRESENTATION_CONTEXT(2) 
PARAMETRIC_REPRESENTATION_CONTEXT() REPRESENTATION_CONTEXT('2D SPACE',''
  ) );
#16420 = ORIENTED_EDGE('',*,*,#16080,.F.);
#16421 = ADVANCED_FACE('',(#16422),#15858,.F.);
#16422 = FACE_BOUND('',#16423,.F.);
#16423 = EDGE_LOOP('',(#16424,#16425,#16448,#16470));
#16424 = ORIENTED_EDGE('',*,*,#16271,.F.);
#16425 = ORIENTED_EDGE('',*,*,#16426,.F.);
#16426 = EDGE_CURVE('',#16427,#16272,#16429,.T.);
#16427 = VERTEX_POINT('',#16428);
#16428 = CARTESIAN_POINT('',(2.155,0.599238939618,0.417431148549));
#16429 = SURFACE_CURVE('',#16430,(#16434,#16441),.PCURVE_S1.);
#16430 = LINE('',#16431,#16432);
#16431 = CARTESIAN_POINT('',(2.155,0.599238939618,0.417431148549));
#16432 = VECTOR('',#16433,1.);
#16433 = DIRECTION('',(-1.,0.,0.));
#16434 = PCURVE('',#15858,#16435);
#16435 = DEFINITIONAL_REPRESENTATION('',(#16436),#16440);
#16436 = LINE('',#16437,#16438);
#16437 = CARTESIAN_POINT('',(0.855211333477,0.5));
#16438 = VECTOR('',#16439,1.);
#16439 = DIRECTION('',(0.,-1.));
#16440 = ( GEOMETRIC_REPRESENTATION_CONTEXT(2) 
PARAMETRIC_REPRESENTATION_CONTEXT() REPRESENTATION_CONTEXT('2D SPACE',''
  ) );
#16441 = PCURVE('',#16311,#16442);
#16442 = DEFINITIONAL_REPRESENTATION('',(#16443),#16447);
#16443 = LINE('',#16444,#16445);
#16444 = CARTESIAN_POINT('',(0.5,0.230073681444));
#16445 = VECTOR('',#16446,1.);
#16446 = DIRECTION('',(-1.,0.));
#16447 = ( GEOMETRIC_REPRESENTATION_CONTEXT(2) 
PARAMETRIC_REPRESENTATION_CONTEXT() REPRESENTATION_CONTEXT('2D SPACE',''
  ) );
#16448 = ORIENTED_EDGE('',*,*,#16449,.F.);
#16449 = EDGE_CURVE('',#15754,#16427,#16450,.T.);
#16450 = SURFACE_CURVE('',#16451,(#16456,#16463),.PCURVE_S1.);
#16451 = CIRCLE('',#16452,0.2);
#16452 = AXIS2_PLACEMENT_3D('',#16453,#16454,#16455);
#16453 = CARTESIAN_POINT('',(2.155,0.4,0.4));
#16454 = DIRECTION('',(1.,-0.,0.));
#16455 = DIRECTION('',(0.,0.719339800339,-0.694658370459));
#16456 = PCURVE('',#15858,#16457);
#16457 = DEFINITIONAL_REPRESENTATION('',(#16458),#16462);
#16458 = LINE('',#16459,#16460);
#16459 = CARTESIAN_POINT('',(0.,0.5));
#16460 = VECTOR('',#16461,1.);
#16461 = DIRECTION('',(1.,0.));
#16462 = ( GEOMETRIC_REPRESENTATION_CONTEXT(2) 
PARAMETRIC_REPRESENTATION_CONTEXT() REPRESENTATION_CONTEXT('2D SPACE',''
  ) );
#16463 = PCURVE('',#15775,#16464);
#16464 = DEFINITIONAL_REPRESENTATION('',(#16465),#16469);
#16465 = CIRCLE('',#16466,0.2);
#16466 = AXIS2_PLACEMENT_2D('',#16467,#16468);
#16467 = CARTESIAN_POINT('',(1.2,-4.1926223426E-02));
#16468 = DIRECTION('',(0.719339800339,-0.694658370459));
#16469 = ( GEOMETRIC_REPRESENTATION_CONTEXT(2) 
PARAMETRIC_REPRESENTATION_CONTEXT() REPRESENTATION_CONTEXT('2D SPACE',''
  ) );
#16470 = ORIENTED_EDGE('',*,*,#15844,.F.);
#16471 = ADVANCED_FACE('',(#16472),#15803,.T.);
#16472 = FACE_BOUND('',#16473,.T.);
#16473 = EDGE_LOOP('',(#16474,#16475,#16476,#16499));
#16474 = ORIENTED_EDGE('',*,*,#15787,.F.);
#16475 = ORIENTED_EDGE('',*,*,#16249,.F.);
#16476 = ORIENTED_EDGE('',*,*,#16477,.T.);
#16477 = EDGE_CURVE('',#16217,#16478,#16480,.T.);
#16478 = VERTEX_POINT('',#16479);
#16479 = CARTESIAN_POINT('',(2.155,-0.410467191249,0.242200316476));
#16480 = SURFACE_CURVE('',#16481,(#16485,#16492),.PCURVE_S1.);
#16481 = LINE('',#16482,#16483);
#16482 = CARTESIAN_POINT('',(1.655,-0.410467191249,0.242200316476));
#16483 = VECTOR('',#16484,1.);
#16484 = DIRECTION('',(1.,0.,0.));
#16485 = PCURVE('',#15803,#16486);
#16486 = DEFINITIONAL_REPRESENTATION('',(#16487),#16491);
#16487 = LINE('',#16488,#16489);
#16488 = CARTESIAN_POINT('',(0.,0.));
#16489 = VECTOR('',#16490,1.);
#16490 = DIRECTION('',(0.,1.));
#16491 = ( GEOMETRIC_REPRESENTATION_CONTEXT(2) 
PARAMETRIC_REPRESENTATION_CONTEXT() REPRESENTATION_CONTEXT('2D SPACE',''
  ) );
#16492 = PCURVE('',#16237,#16493);
#16493 = DEFINITIONAL_REPRESENTATION('',(#16494),#16498);
#16494 = LINE('',#16495,#16496);
#16495 = CARTESIAN_POINT('',(3.08923277603,0.));
#16496 = VECTOR('',#16497,1.);
#16497 = DIRECTION('',(0.,1.));
#16498 = ( GEOMETRIC_REPRESENTATION_CONTEXT(2) 
PARAMETRIC_REPRESENTATION_CONTEXT() REPRESENTATION_CONTEXT('2D SPACE',''
  ) );
#16499 = ORIENTED_EDGE('',*,*,#16500,.T.);
#16500 = EDGE_CURVE('',#16478,#15752,#16501,.T.);
#16501 = SURFACE_CURVE('',#16502,(#16506,#16513),.PCURVE_S1.);
#16502 = LINE('',#16503,#16504);
#16503 = CARTESIAN_POINT('',(2.155,-0.410467191249,0.242200316476));
#16504 = VECTOR('',#16505,1.);
#16505 = DIRECTION('',(0.,0.998629534755,-5.233595624305E-02));
#16506 = PCURVE('',#15803,#16507);
#16507 = DEFINITIONAL_REPRESENTATION('',(#16508),#16512);
#16508 = LINE('',#16509,#16510);
#16509 = CARTESIAN_POINT('',(0.,0.5));
#16510 = VECTOR('',#16511,1.);
#16511 = DIRECTION('',(-1.,0.));
#16512 = ( GEOMETRIC_REPRESENTATION_CONTEXT(2) 
PARAMETRIC_REPRESENTATION_CONTEXT() REPRESENTATION_CONTEXT('2D SPACE',''
  ) );
#16513 = PCURVE('',#15775,#16514);
#16514 = DEFINITIONAL_REPRESENTATION('',(#16515),#16519);
#16515 = LINE('',#16516,#16517);
#16516 = CARTESIAN_POINT('',(0.389532808751,-0.19972590695));
#16517 = VECTOR('',#16518,1.);
#16518 = DIRECTION('',(0.998629534755,-5.233595624305E-02));
#16519 = ( GEOMETRIC_REPRESENTATION_CONTEXT(2) 
PARAMETRIC_REPRESENTATION_CONTEXT() REPRESENTATION_CONTEXT('2D SPACE',''
  ) );
#16520 = ADVANCED_FACE('',(#16521),#16148,.T.);
#16521 = FACE_BOUND('',#16522,.T.);
#16522 = EDGE_LOOP('',(#16523,#16548,#16569,#16570));
#16523 = ORIENTED_EDGE('',*,*,#16524,.T.);
#16524 = EDGE_CURVE('',#16525,#16527,#16529,.T.);
#16525 = VERTEX_POINT('',#16526);
#16526 = CARTESIAN_POINT('',(2.155,-0.8,0.441926223426));
#16527 = VERTEX_POINT('',#16528);
#16528 = CARTESIAN_POINT('',(2.155,-0.8,0.466483135606));
#16529 = SURFACE_CURVE('',#16530,(#16534,#16541),.PCURVE_S1.);
#16530 = LINE('',#16531,#16532);
#16531 = CARTESIAN_POINT('',(2.155,-0.8,0.441926223426));
#16532 = VECTOR('',#16533,1.);
#16533 = DIRECTION('',(0.,7.238376044605E-12,1.));
#16534 = PCURVE('',#16148,#16535);
#16535 = DEFINITIONAL_REPRESENTATION('',(#16536),#16540);
#16536 = LINE('',#16537,#16538);
#16537 = CARTESIAN_POINT('',(0.5,0.));
#16538 = VECTOR('',#16539,1.);
#16539 = DIRECTION('',(0.,1.));
#16540 = ( GEOMETRIC_REPRESENTATION_CONTEXT(2) 
PARAMETRIC_REPRESENTATION_CONTEXT() REPRESENTATION_CONTEXT('2D SPACE',''
  ) );
#16541 = PCURVE('',#15775,#16542);
#16542 = DEFINITIONAL_REPRESENTATION('',(#16543),#16547);
#16543 = LINE('',#16544,#16545);
#16544 = CARTESIAN_POINT('',(0.,0.));
#16545 = VECTOR('',#16546,1.);
#16546 = DIRECTION('',(7.238154E-12,1.));
#16547 = ( GEOMETRIC_REPRESENTATION_CONTEXT(2) 
PARAMETRIC_REPRESENTATION_CONTEXT() REPRESENTATION_CONTEXT('2D SPACE',''
  ) );
#16548 = ORIENTED_EDGE('',*,*,#16549,.F.);
#16549 = EDGE_CURVE('',#16133,#16527,#16550,.T.);
#16550 = SURFACE_CURVE('',#16551,(#16555,#16562),.PCURVE_S1.);
#16551 = LINE('',#16552,#16553);
#16552 = CARTESIAN_POINT('',(1.655,-0.8,0.466483135606));
#16553 = VECTOR('',#16554,1.);
#16554 = DIRECTION('',(1.,0.,0.));
#16555 = PCURVE('',#16148,#16556);
#16556 = DEFINITIONAL_REPRESENTATION('',(#16557),#16561);
#16557 = LINE('',#16558,#16559);
#16558 = CARTESIAN_POINT('',(0.,2.455691218E-02));
#16559 = VECTOR('',#16560,1.);
#16560 = DIRECTION('',(1.,0.));
#16561 = ( GEOMETRIC_REPRESENTATION_CONTEXT(2) 
PARAMETRIC_REPRESENTATION_CONTEXT() REPRESENTATION_CONTEXT('2D SPACE',''
  ) );
#16562 = PCURVE('',#16176,#16563);
#16563 = DEFINITIONAL_REPRESENTATION('',(#16564),#16568);
#16564 = LINE('',#16565,#16566);
#16565 = CARTESIAN_POINT('',(0.,0.));
#16566 = VECTOR('',#16567,1.);
#16567 = DIRECTION('',(0.,1.));
#16568 = ( GEOMETRIC_REPRESENTATION_CONTEXT(2) 
PARAMETRIC_REPRESENTATION_CONTEXT() REPRESENTATION_CONTEXT('2D SPACE',''
  ) );
#16569 = ORIENTED_EDGE('',*,*,#16132,.F.);
#16570 = ORIENTED_EDGE('',*,*,#16571,.T.);
#16571 = EDGE_CURVE('',#16104,#16525,#16572,.T.);
#16572 = SURFACE_CURVE('',#16573,(#16577,#16584),.PCURVE_S1.);
#16573 = LINE('',#16574,#16575);
#16574 = CARTESIAN_POINT('',(1.655,-0.8,0.441926223426));
#16575 = VECTOR('',#16576,1.);
#16576 = DIRECTION('',(1.,0.,0.));
#16577 = PCURVE('',#16148,#16578);
#16578 = DEFINITIONAL_REPRESENTATION('',(#16579),#16583);
#16579 = LINE('',#16580,#16581);
#16580 = CARTESIAN_POINT('',(0.,0.));
#16581 = VECTOR('',#16582,1.);
#16582 = DIRECTION('',(1.,0.));
#16583 = ( GEOMETRIC_REPRESENTATION_CONTEXT(2) 
PARAMETRIC_REPRESENTATION_CONTEXT() REPRESENTATION_CONTEXT('2D SPACE',''
  ) );
#16584 = PCURVE('',#16120,#16585);
#16585 = DEFINITIONAL_REPRESENTATION('',(#16586),#16590);
#16586 = LINE('',#16587,#16588);
#16587 = CARTESIAN_POINT('',(1.570796326795,0.));
#16588 = VECTOR('',#16589,1.);
#16589 = DIRECTION('',(0.,1.));
#16590 = ( GEOMETRIC_REPRESENTATION_CONTEXT(2) 
PARAMETRIC_REPRESENTATION_CONTEXT() REPRESENTATION_CONTEXT('2D SPACE',''
  ) );
#16591 = ADVANCED_FACE('',(#16592),#16176,.T.);
#16592 = FACE_BOUND('',#16593,.T.);
#16593 = EDGE_LOOP('',(#16594,#16617,#16638,#16639));
#16594 = ORIENTED_EDGE('',*,*,#16595,.T.);
#16595 = EDGE_CURVE('',#16527,#16596,#16598,.T.);
#16596 = VERTEX_POINT('',#16597);
#16597 = CARTESIAN_POINT('',(2.155,-0.6,0.466483135606));
#16598 = SURFACE_CURVE('',#16599,(#16603,#16610),.PCURVE_S1.);
#16599 = LINE('',#16600,#16601);
#16600 = CARTESIAN_POINT('',(2.155,-0.8,0.466483135606));
#16601 = VECTOR('',#16602,1.);
#16602 = DIRECTION('',(0.,1.,-2.22044604925E-16));
#16603 = PCURVE('',#16176,#16604);
#16604 = DEFINITIONAL_REPRESENTATION('',(#16605),#16609);
#16605 = LINE('',#16606,#16607);
#16606 = CARTESIAN_POINT('',(0.,0.5));
#16607 = VECTOR('',#16608,1.);
#16608 = DIRECTION('',(-1.,0.));
#16609 = ( GEOMETRIC_REPRESENTATION_CONTEXT(2) 
PARAMETRIC_REPRESENTATION_CONTEXT() REPRESENTATION_CONTEXT('2D SPACE',''
  ) );
#16610 = PCURVE('',#15775,#16611);
#16611 = DEFINITIONAL_REPRESENTATION('',(#16612),#16616);
#16612 = LINE('',#16613,#16614);
#16613 = CARTESIAN_POINT('',(-5.452729863186E-18,2.455691218E-02));
#16614 = VECTOR('',#16615,1.);
#16615 = DIRECTION('',(1.,0.));
#16616 = ( GEOMETRIC_REPRESENTATION_CONTEXT(2) 
PARAMETRIC_REPRESENTATION_CONTEXT() REPRESENTATION_CONTEXT('2D SPACE',''
  ) );
#16617 = ORIENTED_EDGE('',*,*,#16618,.F.);
#16618 = EDGE_CURVE('',#16161,#16596,#16619,.T.);
#16619 = SURFACE_CURVE('',#16620,(#16624,#16631),.PCURVE_S1.);
#16620 = LINE('',#16621,#16622);
#16621 = CARTESIAN_POINT('',(1.655,-0.6,0.466483135606));
#16622 = VECTOR('',#16623,1.);
#16623 = DIRECTION('',(1.,0.,0.));
#16624 = PCURVE('',#16176,#16625);
#16625 = DEFINITIONAL_REPRESENTATION('',(#16626),#16630);
#16626 = LINE('',#16627,#16628);
#16627 = CARTESIAN_POINT('',(-0.2,0.));
#16628 = VECTOR('',#16629,1.);
#16629 = DIRECTION('',(0.,1.));
#16630 = ( GEOMETRIC_REPRESENTATION_CONTEXT(2) 
PARAMETRIC_REPRESENTATION_CONTEXT() REPRESENTATION_CONTEXT('2D SPACE',''
  ) );
#16631 = PCURVE('',#16204,#16632);
#16632 = DEFINITIONAL_REPRESENTATION('',(#16633),#16637);
#16633 = LINE('',#16634,#16635);
#16634 = CARTESIAN_POINT('',(0.,0.));
#16635 = VECTOR('',#16636,1.);
#16636 = DIRECTION('',(-1.,0.));
#16637 = ( GEOMETRIC_REPRESENTATION_CONTEXT(2) 
PARAMETRIC_REPRESENTATION_CONTEXT() REPRESENTATION_CONTEXT('2D SPACE',''
  ) );
#16638 = ORIENTED_EDGE('',*,*,#16160,.F.);
#16639 = ORIENTED_EDGE('',*,*,#16549,.T.);
#16640 = ADVANCED_FACE('',(#16641),#16204,.T.);
#16641 = FACE_BOUND('',#16642,.T.);
#16642 = EDGE_LOOP('',(#16643,#16666,#16687,#16688));
#16643 = ORIENTED_EDGE('',*,*,#16644,.T.);
#16644 = EDGE_CURVE('',#16596,#16645,#16647,.T.);
#16645 = VERTEX_POINT('',#16646);
#16646 = CARTESIAN_POINT('',(2.155,-0.6,0.441926223426));
#16647 = SURFACE_CURVE('',#16648,(#16652,#16659),.PCURVE_S1.);
#16648 = LINE('',#16649,#16650);
#16649 = CARTESIAN_POINT('',(2.155,-0.6,0.466483135606));
#16650 = VECTOR('',#16651,1.);
#16651 = DIRECTION('',(0.,-2.22044604925E-16,-1.));
#16652 = PCURVE('',#16204,#16653);
#16653 = DEFINITIONAL_REPRESENTATION('',(#16654),#16658);
#16654 = LINE('',#16655,#16656);
#16655 = CARTESIAN_POINT('',(-0.5,0.));
#16656 = VECTOR('',#16657,1.);
#16657 = DIRECTION('',(-0.,-1.));
#16658 = ( GEOMETRIC_REPRESENTATION_CONTEXT(2) 
PARAMETRIC_REPRESENTATION_CONTEXT() REPRESENTATION_CONTEXT('2D SPACE',''
  ) );
#16659 = PCURVE('',#15775,#16660);
#16660 = DEFINITIONAL_REPRESENTATION('',(#16661),#16665);
#16661 = LINE('',#16662,#16663);
#16662 = CARTESIAN_POINT('',(0.2,2.455691218E-02));
#16663 = VECTOR('',#16664,1.);
#16664 = DIRECTION('',(0.,-1.));
#16665 = ( GEOMETRIC_REPRESENTATION_CONTEXT(2) 
PARAMETRIC_REPRESENTATION_CONTEXT() REPRESENTATION_CONTEXT('2D SPACE',''
  ) );
#16666 = ORIENTED_EDGE('',*,*,#16667,.F.);
#16667 = EDGE_CURVE('',#16189,#16645,#16668,.T.);
#16668 = SURFACE_CURVE('',#16669,(#16673,#16680),.PCURVE_S1.);
#16669 = LINE('',#16670,#16671);
#16670 = CARTESIAN_POINT('',(1.655,-0.6,0.441926223426));
#16671 = VECTOR('',#16672,1.);
#16672 = DIRECTION('',(1.,0.,0.));
#16673 = PCURVE('',#16204,#16674);
#16674 = DEFINITIONAL_REPRESENTATION('',(#16675),#16679);
#16675 = LINE('',#16676,#16677);
#16676 = CARTESIAN_POINT('',(0.,-2.455691218E-02));
#16677 = VECTOR('',#16678,1.);
#16678 = DIRECTION('',(-1.,0.));
#16679 = ( GEOMETRIC_REPRESENTATION_CONTEXT(2) 
PARAMETRIC_REPRESENTATION_CONTEXT() REPRESENTATION_CONTEXT('2D SPACE',''
  ) );
#16680 = PCURVE('',#16237,#16681);
#16681 = DEFINITIONAL_REPRESENTATION('',(#16682),#16686);
#16682 = LINE('',#16683,#16684);
#16683 = CARTESIAN_POINT('',(1.570796326795,0.));
#16684 = VECTOR('',#16685,1.);
#16685 = DIRECTION('',(0.,1.));
#16686 = ( GEOMETRIC_REPRESENTATION_CONTEXT(2) 
PARAMETRIC_REPRESENTATION_CONTEXT() REPRESENTATION_CONTEXT('2D SPACE',''
  ) );
#16687 = ORIENTED_EDGE('',*,*,#16188,.F.);
#16688 = ORIENTED_EDGE('',*,*,#16618,.T.);
#16689 = ADVANCED_FACE('',(#16690),#16237,.F.);
#16690 = FACE_BOUND('',#16691,.F.);
#16691 = EDGE_LOOP('',(#16692,#16693,#16694,#16695));
#16692 = ORIENTED_EDGE('',*,*,#16667,.F.);
#16693 = ORIENTED_EDGE('',*,*,#16216,.T.);
#16694 = ORIENTED_EDGE('',*,*,#16477,.T.);
#16695 = ORIENTED_EDGE('',*,*,#16696,.F.);
#16696 = EDGE_CURVE('',#16645,#16478,#16697,.T.);
#16697 = SURFACE_CURVE('',#16698,(#16703,#16710),.PCURVE_S1.);
#16698 = CIRCLE('',#16699,0.2);
#16699 = AXIS2_PLACEMENT_3D('',#16700,#16701,#16702);
#16700 = CARTESIAN_POINT('',(2.155,-0.4,0.441926223426));
#16701 = DIRECTION('',(1.,0.,-0.));
#16702 = DIRECTION('',(0.,2.22044604925E-16,1.));
#16703 = PCURVE('',#16237,#16704);
#16704 = DEFINITIONAL_REPRESENTATION('',(#16705),#16709);
#16705 = LINE('',#16706,#16707);
#16706 = CARTESIAN_POINT('',(0.,0.5));
#16707 = VECTOR('',#16708,1.);
#16708 = DIRECTION('',(1.,0.));
#16709 = ( GEOMETRIC_REPRESENTATION_CONTEXT(2) 
PARAMETRIC_REPRESENTATION_CONTEXT() REPRESENTATION_CONTEXT('2D SPACE',''
  ) );
#16710 = PCURVE('',#15775,#16711);
#16711 = DEFINITIONAL_REPRESENTATION('',(#16712),#16716);
#16712 = CIRCLE('',#16713,0.2);
#16713 = AXIS2_PLACEMENT_2D('',#16714,#16715);
#16714 = CARTESIAN_POINT('',(0.4,8.881784197E-17));
#16715 = DIRECTION('',(0.,1.));
#16716 = ( GEOMETRIC_REPRESENTATION_CONTEXT(2) 
PARAMETRIC_REPRESENTATION_CONTEXT() REPRESENTATION_CONTEXT('2D SPACE',''
  ) );
#16717 = ADVANCED_FACE('',(#16718),#16311,.T.);
#16718 = FACE_BOUND('',#16719,.T.);
#16719 = EDGE_LOOP('',(#16720,#16721,#16744,#16765));
#16720 = ORIENTED_EDGE('',*,*,#16426,.F.);
#16721 = ORIENTED_EDGE('',*,*,#16722,.T.);
#16722 = EDGE_CURVE('',#16427,#16723,#16725,.T.);
#16723 = VERTEX_POINT('',#16724);
#16724 = CARTESIAN_POINT('',(2.155,0.50621792591,1.480666200496));
#16725 = SURFACE_CURVE('',#16726,(#16730,#16737),.PCURVE_S1.);
#16726 = LINE('',#16727,#16728);
#16727 = CARTESIAN_POINT('',(2.155,0.599238939618,0.417431148549));
#16728 = VECTOR('',#16729,1.);
#16729 = DIRECTION('',(0.,-8.715574274746E-02,0.996194698092));
#16730 = PCURVE('',#16311,#16731);
#16731 = DEFINITIONAL_REPRESENTATION('',(#16732),#16736);
#16732 = LINE('',#16733,#16734);
#16733 = CARTESIAN_POINT('',(0.5,0.230073681444));
#16734 = VECTOR('',#16735,1.);
#16735 = DIRECTION('',(0.,1.));
#16736 = ( GEOMETRIC_REPRESENTATION_CONTEXT(2) 
PARAMETRIC_REPRESENTATION_CONTEXT() REPRESENTATION_CONTEXT('2D SPACE',''
  ) );
#16737 = PCURVE('',#15775,#16738);
#16738 = DEFINITIONAL_REPRESENTATION('',(#16739),#16743);
#16739 = LINE('',#16740,#16741);
#16740 = CARTESIAN_POINT('',(1.399238939618,-2.4495074877E-02));
#16741 = VECTOR('',#16742,1.);
#16742 = DIRECTION('',(-8.715574274746E-02,0.996194698092));
#16743 = ( GEOMETRIC_REPRESENTATION_CONTEXT(2) 
PARAMETRIC_REPRESENTATION_CONTEXT() REPRESENTATION_CONTEXT('2D SPACE',''
  ) );
#16744 = ORIENTED_EDGE('',*,*,#16745,.F.);
#16745 = EDGE_CURVE('',#16296,#16723,#16746,.T.);
#16746 = SURFACE_CURVE('',#16747,(#16751,#16758),.PCURVE_S1.);
#16747 = LINE('',#16748,#16749);
#16748 = CARTESIAN_POINT('',(1.655,0.50621792591,1.480666200496));
#16749 = VECTOR('',#16750,1.);
#16750 = DIRECTION('',(1.,0.,0.));
#16751 = PCURVE('',#16311,#16752);
#16752 = DEFINITIONAL_REPRESENTATION('',(#16753),#16757);
#16753 = LINE('',#16754,#16755);
#16754 = CARTESIAN_POINT('',(0.,1.29737011856));
#16755 = VECTOR('',#16756,1.);
#16756 = DIRECTION('',(1.,0.));
#16757 = ( GEOMETRIC_REPRESENTATION_CONTEXT(2) 
PARAMETRIC_REPRESENTATION_CONTEXT() REPRESENTATION_CONTEXT('2D SPACE',''
  ) );
#16758 = PCURVE('',#16339,#16759);
#16759 = DEFINITIONAL_REPRESENTATION('',(#16760),#16764);
#16760 = LINE('',#16761,#16762);
#16761 = CARTESIAN_POINT('',(0.,0.));
#16762 = VECTOR('',#16763,1.);
#16763 = DIRECTION('',(0.,1.));
#16764 = ( GEOMETRIC_REPRESENTATION_CONTEXT(2) 
PARAMETRIC_REPRESENTATION_CONTEXT() REPRESENTATION_CONTEXT('2D SPACE',''
  ) );
#16765 = ORIENTED_EDGE('',*,*,#16295,.F.);
#16766 = ADVANCED_FACE('',(#16767),#16339,.T.);
#16767 = FACE_BOUND('',#16768,.T.);
#16768 = EDGE_LOOP('',(#16769,#16792,#16813,#16814));
#16769 = ORIENTED_EDGE('',*,*,#16770,.T.);
#16770 = EDGE_CURVE('',#16723,#16771,#16773,.T.);
#16771 = VERTEX_POINT('',#16772);
#16772 = CARTESIAN_POINT('',(2.155,0.705456865528,1.498097349046));
#16773 = SURFACE_CURVE('',#16774,(#16778,#16785),.PCURVE_S1.);
#16774 = LINE('',#16775,#16776);
#16775 = CARTESIAN_POINT('',(2.155,0.50621792591,1.480666200496));
#16776 = VECTOR('',#16777,1.);
#16777 = DIRECTION('',(0.,0.996194698092,8.715574274777E-02));
#16778 = PCURVE('',#16339,#16779);
#16779 = DEFINITIONAL_REPRESENTATION('',(#16780),#16784);
#16780 = LINE('',#16781,#16782);
#16781 = CARTESIAN_POINT('',(0.,0.5));
#16782 = VECTOR('',#16783,1.);
#16783 = DIRECTION('',(-1.,0.));
#16784 = ( GEOMETRIC_REPRESENTATION_CONTEXT(2) 
PARAMETRIC_REPRESENTATION_CONTEXT() REPRESENTATION_CONTEXT('2D SPACE',''
  ) );
#16785 = PCURVE('',#15775,#16786);
#16786 = DEFINITIONAL_REPRESENTATION('',(#16787),#16791);
#16787 = LINE('',#16788,#16789);
#16788 = CARTESIAN_POINT('',(1.30621792591,1.03873997707));
#16789 = VECTOR('',#16790,1.);
#16790 = DIRECTION('',(0.996194698092,8.715574274777E-02));
#16791 = ( GEOMETRIC_REPRESENTATION_CONTEXT(2) 
PARAMETRIC_REPRESENTATION_CONTEXT() REPRESENTATION_CONTEXT('2D SPACE',''
  ) );
#16792 = ORIENTED_EDGE('',*,*,#16793,.F.);
#16793 = EDGE_CURVE('',#16324,#16771,#16794,.T.);
#16794 = SURFACE_CURVE('',#16795,(#16799,#16806),.PCURVE_S1.);
#16795 = LINE('',#16796,#16797);
#16796 = CARTESIAN_POINT('',(1.655,0.705456865528,1.498097349046));
#16797 = VECTOR('',#16798,1.);
#16798 = DIRECTION('',(1.,0.,0.));
#16799 = PCURVE('',#16339,#16800);
#16800 = DEFINITIONAL_REPRESENTATION('',(#16801),#16805);
#16801 = LINE('',#16802,#16803);
#16802 = CARTESIAN_POINT('',(-0.2,0.));
#16803 = VECTOR('',#16804,1.);
#16804 = DIRECTION('',(0.,1.));
#16805 = ( GEOMETRIC_REPRESENTATION_CONTEXT(2) 
PARAMETRIC_REPRESENTATION_CONTEXT() REPRESENTATION_CONTEXT('2D SPACE',''
  ) );
#16806 = PCURVE('',#15952,#16807);
#16807 = DEFINITIONAL_REPRESENTATION('',(#16808),#16812);
#16808 = LINE('',#16809,#16810);
#16809 = CARTESIAN_POINT('',(0.,0.));
#16810 = VECTOR('',#16811,1.);
#16811 = DIRECTION('',(-1.,0.));
#16812 = ( GEOMETRIC_REPRESENTATION_CONTEXT(2) 
PARAMETRIC_REPRESENTATION_CONTEXT() REPRESENTATION_CONTEXT('2D SPACE',''
  ) );
#16813 = ORIENTED_EDGE('',*,*,#16323,.F.);
#16814 = ORIENTED_EDGE('',*,*,#16745,.T.);
#16815 = ADVANCED_FACE('',(#16816),#15952,.T.);
#16816 = FACE_BOUND('',#16817,.T.);
#16817 = EDGE_LOOP('',(#16818,#16819,#16820,#16821));
#16818 = ORIENTED_EDGE('',*,*,#15936,.F.);
#16819 = ORIENTED_EDGE('',*,*,#16351,.F.);
#16820 = ORIENTED_EDGE('',*,*,#16793,.T.);
#16821 = ORIENTED_EDGE('',*,*,#16822,.T.);
#16822 = EDGE_CURVE('',#16771,#15937,#16823,.T.);
#16823 = SURFACE_CURVE('',#16824,(#16828,#16835),.PCURVE_S1.);
#16824 = LINE('',#16825,#16826);
#16825 = CARTESIAN_POINT('',(2.155,0.705456865528,1.498097349046));
#16826 = VECTOR('',#16827,1.);
#16827 = DIRECTION('',(0.,8.715574274747E-02,-0.996194698092));
#16828 = PCURVE('',#15952,#16829);
#16829 = DEFINITIONAL_REPRESENTATION('',(#16830),#16834);
#16830 = LINE('',#16831,#16832);
#16831 = CARTESIAN_POINT('',(-0.5,0.));
#16832 = VECTOR('',#16833,1.);
#16833 = DIRECTION('',(0.,-1.));
#16834 = ( GEOMETRIC_REPRESENTATION_CONTEXT(2) 
PARAMETRIC_REPRESENTATION_CONTEXT() REPRESENTATION_CONTEXT('2D SPACE',''
  ) );
#16835 = PCURVE('',#15775,#16836);
#16836 = DEFINITIONAL_REPRESENTATION('',(#16837),#16841);
#16837 = LINE('',#16838,#16839);
#16838 = CARTESIAN_POINT('',(1.505456865528,1.05617112562));
#16839 = VECTOR('',#16840,1.);
#16840 = DIRECTION('',(8.715574274747E-02,-0.996194698092));
#16841 = ( GEOMETRIC_REPRESENTATION_CONTEXT(2) 
PARAMETRIC_REPRESENTATION_CONTEXT() REPRESENTATION_CONTEXT('2D SPACE',''
  ) );
#16842 = ADVANCED_FACE('',(#16843),#16120,.T.);
#16843 = FACE_BOUND('',#16844,.T.);
#16844 = EDGE_LOOP('',(#16845,#16871,#16872,#16873));
#16845 = ORIENTED_EDGE('',*,*,#16846,.T.);
#16846 = EDGE_CURVE('',#16378,#16525,#16847,.T.);
#16847 = SURFACE_CURVE('',#16848,(#16853,#16860),.PCURVE_S1.);
#16848 = CIRCLE('',#16849,0.4);
#16849 = AXIS2_PLACEMENT_3D('',#16850,#16851,#16852);
#16850 = CARTESIAN_POINT('',(2.155,-0.4,0.441926223426));
#16851 = DIRECTION('',(-1.,0.,0.));
#16852 = DIRECTION('',(0.,2.22044604925E-16,1.));
#16853 = PCURVE('',#16120,#16854);
#16854 = DEFINITIONAL_REPRESENTATION('',(#16855),#16859);
#16855 = LINE('',#16856,#16857);
#16856 = CARTESIAN_POINT('',(6.28318530718,0.5));
#16857 = VECTOR('',#16858,1.);
#16858 = DIRECTION('',(-1.,0.));
#16859 = ( GEOMETRIC_REPRESENTATION_CONTEXT(2) 
PARAMETRIC_REPRESENTATION_CONTEXT() REPRESENTATION_CONTEXT('2D SPACE',''
  ) );
#16860 = PCURVE('',#15775,#16861);
#16861 = DEFINITIONAL_REPRESENTATION('',(#16862),#16870);
#16862 = ( BOUNDED_CURVE() B_SPLINE_CURVE(2,(#16863,#16864,#16865,#16866
    ,#16867,#16868,#16869),.UNSPECIFIED.,.T.,.F.) 
B_SPLINE_CURVE_WITH_KNOTS((1,2,2,2,2,1),(-2.094395102393,0.,
    2.094395102393,4.188790204786,6.28318530718,8.377580409573),
.UNSPECIFIED.) CURVE() GEOMETRIC_REPRESENTATION_ITEM() 
RATIONAL_B_SPLINE_CURVE((1.,0.5,1.,0.5,1.,0.5,1.)) REPRESENTATION_ITEM(
  '') );
#16863 = CARTESIAN_POINT('',(0.4,0.4));
#16864 = CARTESIAN_POINT('',(1.092820323028,0.4));
#16865 = CARTESIAN_POINT('',(0.746410161514,-0.2));
#16866 = CARTESIAN_POINT('',(0.4,-0.8));
#16867 = CARTESIAN_POINT('',(5.358983848622E-02,-0.2));
#16868 = CARTESIAN_POINT('',(-0.292820323028,0.4));
#16869 = CARTESIAN_POINT('',(0.4,0.4));
#16870 = ( GEOMETRIC_REPRESENTATION_CONTEXT(2) 
PARAMETRIC_REPRESENTATION_CONTEXT() REPRESENTATION_CONTEXT('2D SPACE',''
  ) );
#16871 = ORIENTED_EDGE('',*,*,#16571,.F.);
#16872 = ORIENTED_EDGE('',*,*,#16103,.F.);
#16873 = ORIENTED_EDGE('',*,*,#16400,.T.);
#16874 = ADVANCED_FACE('',(#16875),#15775,.T.);
#16875 = FACE_BOUND('',#16876,.T.);
#16876 = EDGE_LOOP('',(#16877,#16878,#16879,#16880,#16881,#16882,#16883,
    #16884,#16885,#16886,#16887,#16888,#16889,#16890));
#16877 = ORIENTED_EDGE('',*,*,#15964,.F.);
#16878 = ORIENTED_EDGE('',*,*,#16822,.F.);
#16879 = ORIENTED_EDGE('',*,*,#16770,.F.);
#16880 = ORIENTED_EDGE('',*,*,#16722,.F.);
#16881 = ORIENTED_EDGE('',*,*,#16449,.F.);
#16882 = ORIENTED_EDGE('',*,*,#15751,.F.);
#16883 = ORIENTED_EDGE('',*,*,#16500,.F.);
#16884 = ORIENTED_EDGE('',*,*,#16696,.F.);
#16885 = ORIENTED_EDGE('',*,*,#16644,.F.);
#16886 = ORIENTED_EDGE('',*,*,#16595,.F.);
#16887 = ORIENTED_EDGE('',*,*,#16524,.F.);
#16888 = ORIENTED_EDGE('',*,*,#16846,.F.);
#16889 = ORIENTED_EDGE('',*,*,#16377,.F.);
#16890 = ORIENTED_EDGE('',*,*,#15994,.F.);
#16891 = ( GEOMETRIC_REPRESENTATION_CONTEXT(3) 
GLOBAL_UNCERTAINTY_ASSIGNED_CONTEXT((#16895)) 
GLOBAL_UNIT_ASSIGNED_CONTEXT((#16892,#16893,#16894)) 
REPRESENTATION_CONTEXT('Context #1',
  '3D Context with UNIT and UNCERTAINTY') );
#16892 = ( LENGTH_UNIT() NAMED_UNIT(*) SI_UNIT(.MILLI.,.METRE.) );
#16893 = ( NAMED_UNIT(*) PLANE_ANGLE_UNIT() SI_UNIT($,.RADIAN.) );
#16894 = ( NAMED_UNIT(*) SI_UNIT($,.STERADIAN.) SOLID_ANGLE_UNIT() );
#16895 = UNCERTAINTY_MEASURE_WITH_UNIT(LENGTH_MEASURE(1.E-07),#16892,
  'distance_accuracy_value','confusion accuracy');
#16896 = CONTEXT_DEPENDENT_SHAPE_REPRESENTATION(#16897,#16899);
#16897 = ( REPRESENTATION_RELATIONSHIP('','',#15744,#10) 
REPRESENTATION_RELATIONSHIP_WITH_TRANSFORMATION(#16898) 
SHAPE_REPRESENTATION_RELATIONSHIP() );
#16898 = ITEM_DEFINED_TRANSFORMATION('','',#11,#35);
#16899 = PRODUCT_DEFINITION_SHAPE('Placement','Placement of an item',
  #16900);
#16900 = NEXT_ASSEMBLY_USAGE_OCCURRENCE('6','=>[0:1:1:7]','',#5,#15739,$
  );
#16901 = PRODUCT_RELATED_PRODUCT_CATEGORY('part',$,(#15741));
ENDSEC;
END-ISO-10303-21;
