ISO-10303-21;
HEADER;
FILE_DESCRIPTION(('Open CASCADE Model'),'2;1');
FILE_NAME('TSOP6136','2026-08-17T21:22:19',('Author'),('Open CASCADE'),
  'Open CASCADE STEP processor 7.9','build123d','Unknown');
FILE_SCHEMA(('AUTOMOTIVE_DESIGN { 1 0 10303 214 1 1 1 1 }'));
ENDSEC;
DATA;
#1 = APPLICATION_PROTOCOL_DEFINITION('international standard',
  'automotive_design',2000,#2);
#2 = APPLICATION_CONTEXT(
  'core data for automotive mechanical design processes');
#3 = SHAPE_DEFINITION_REPRESENTATION(#4,#10);
#4 = PRODUCT_DEFINITION_SHAPE('','',#5);
#5 = PRODUCT_DEFINITION('design','',#6,#9);
#6 = PRODUCT_DEFINITION_FORMATION('','',#7);
#7 = PRODUCT('TSOP6136','TSOP6136','',(#8));
#8 = PRODUCT_CONTEXT('',#2,'mechanical');
#9 = PRODUCT_DEFINITION_CONTEXT('part definition',#2,'design');
#10 = SHAPE_REPRESENTATION('',(#11,#15,#2707,#12174,#13320,#14466,#15612
    ),#16758);
#11 = AXIS2_PLACEMENT_3D('',#12,#13,#14);
#12 = CARTESIAN_POINT('',(0.,0.,0.));
#13 = DIRECTION('',(0.,0.,1.));
#14 = DIRECTION('',(1.,0.,-0.));
#15 = MANIFOLD_SOLID_BREP('',#16);
#16 = CLOSED_SHELL('',(#17,#134,#261,#376,#508,#623,#699,#748,#797,#931,
    #1286,#1338,#1345,#1394,#1399,#1452,#1501,#1579,#1655,#1727,#1776,
    #1847,#1874,#1946,#1973,#2045,#2094,#2170,#2241,#2375,#2424,#2495,
    #2522,#2571,#2598,#2626,#2654,#2699));
#17 = ADVANCED_FACE('',(#18),#33,.F.);
#18 = FACE_BOUND('',#19,.F.);
#19 = EDGE_LOOP('',(#20,#56,#84,#113));
#20 = ORIENTED_EDGE('',*,*,#21,.T.);
#21 = EDGE_CURVE('',#22,#24,#26,.T.);
#22 = VERTEX_POINT('',#23);
#23 = CARTESIAN_POINT('',(-1.5,0.5,2.341926223421));
#24 = VERTEX_POINT('',#25);
#25 = CARTESIAN_POINT('',(1.5,0.5,2.341926223421));
#26 = SURFACE_CURVE('',#27,(#32,#44),.PCURVE_S1.);
#27 = CIRCLE('',#28,1.5);
#28 = AXIS2_PLACEMENT_3D('',#29,#30,#31);
#29 = CARTESIAN_POINT('',(9.103828772162E-14,0.5,2.341926223421));
#30 = DIRECTION('',(0.,-1.,2.22044604925E-16));
#31 = DIRECTION('',(-1.,0.,0.));
#32 = PCURVE('',#33,#38);
#33 = CYLINDRICAL_SURFACE('',#34,1.5);
#34 = AXIS2_PLACEMENT_3D('',#35,#36,#37);
#35 = CARTESIAN_POINT('',(9.103828772162E-14,0.5,2.341926223421));
#36 = DIRECTION('',(0.,-1.,2.22044604925E-16));
#37 = DIRECTION('',(-1.,0.,0.));
#38 = DEFINITIONAL_REPRESENTATION('',(#39),#43);
#39 = LINE('',#40,#41);
#40 = CARTESIAN_POINT('',(0.,0.));
#41 = VECTOR('',#42,1.);
#42 = DIRECTION('',(1.,0.));
#43 = ( GEOMETRIC_REPRESENTATION_CONTEXT(2) 
PARAMETRIC_REPRESENTATION_CONTEXT() REPRESENTATION_CONTEXT('2D SPACE',''
  ) );
#44 = PCURVE('',#45,#50);
#45 = PLANE('',#46);
#46 = AXIS2_PLACEMENT_3D('',#47,#48,#49);
#47 = CARTESIAN_POINT('',(3.6,0.5,4.192622342117E-02));
#48 = DIRECTION('',(0.,-1.,2.22044604925E-16));
#49 = DIRECTION('',(1.,0.,0.));
#50 = DEFINITIONAL_REPRESENTATION('',(#51),#55);
#51 = CIRCLE('',#52,1.5);
#52 = AXIS2_PLACEMENT_2D('',#53,#54);
#53 = CARTESIAN_POINT('',(-3.6,2.3));
#54 = DIRECTION('',(-1.,0.));
#55 = ( GEOMETRIC_REPRESENTATION_CONTEXT(2) 
PARAMETRIC_REPRESENTATION_CONTEXT() REPRESENTATION_CONTEXT('2D SPACE',''
  ) );
#56 = ORIENTED_EDGE('',*,*,#57,.T.);
#57 = EDGE_CURVE('',#24,#58,#60,.T.);
#58 = VERTEX_POINT('',#59);
#59 = CARTESIAN_POINT('',(1.5,0.4,2.341926223421));
#60 = SURFACE_CURVE('',#61,(#65,#72),.PCURVE_S1.);
#61 = LINE('',#62,#63);
#62 = CARTESIAN_POINT('',(1.5,0.5,2.341926223421));
#63 = VECTOR('',#64,1.);
#64 = DIRECTION('',(0.,-1.,2.22044604925E-16));
#65 = PCURVE('',#33,#66);
#66 = DEFINITIONAL_REPRESENTATION('',(#67),#71);
#67 = LINE('',#68,#69);
#68 = CARTESIAN_POINT('',(3.14159265359,0.));
#69 = VECTOR('',#70,1.);
#70 = DIRECTION('',(0.,1.));
#71 = ( GEOMETRIC_REPRESENTATION_CONTEXT(2) 
PARAMETRIC_REPRESENTATION_CONTEXT() REPRESENTATION_CONTEXT('2D SPACE',''
  ) );
#72 = PCURVE('',#73,#78);
#73 = CYLINDRICAL_SURFACE('',#74,1.5);
#74 = AXIS2_PLACEMENT_3D('',#75,#76,#77);
#75 = CARTESIAN_POINT('',(9.103828772162E-14,0.5,2.341926223421));
#76 = DIRECTION('',(0.,-1.,2.22044604925E-16));
#77 = DIRECTION('',(-1.,0.,0.));
#78 = DEFINITIONAL_REPRESENTATION('',(#79),#83);
#79 = LINE('',#80,#81);
#80 = CARTESIAN_POINT('',(3.14159265359,0.));
#81 = VECTOR('',#82,1.);
#82 = DIRECTION('',(0.,1.));
#83 = ( GEOMETRIC_REPRESENTATION_CONTEXT(2) 
PARAMETRIC_REPRESENTATION_CONTEXT() REPRESENTATION_CONTEXT('2D SPACE',''
  ) );
#84 = ORIENTED_EDGE('',*,*,#85,.T.);
#85 = EDGE_CURVE('',#58,#86,#88,.T.);
#86 = VERTEX_POINT('',#87);
#87 = CARTESIAN_POINT('',(-1.5,0.4,2.341926223421));
#88 = SURFACE_CURVE('',#89,(#94,#101),.PCURVE_S1.);
#89 = CIRCLE('',#90,1.5);
#90 = AXIS2_PLACEMENT_3D('',#91,#92,#93);
#91 = CARTESIAN_POINT('',(9.103828772162E-14,0.4,2.341926223421));
#92 = DIRECTION('',(0.,1.,-2.22044604925E-16));
#93 = DIRECTION('',(-1.,0.,0.));
#94 = PCURVE('',#33,#95);
#95 = DEFINITIONAL_REPRESENTATION('',(#96),#100);
#96 = LINE('',#97,#98);
#97 = CARTESIAN_POINT('',(6.28318530718,1.E-01));
#98 = VECTOR('',#99,1.);
#99 = DIRECTION('',(-1.,0.));
#100 = ( GEOMETRIC_REPRESENTATION_CONTEXT(2) 
PARAMETRIC_REPRESENTATION_CONTEXT() REPRESENTATION_CONTEXT('2D SPACE',''
  ) );
#101 = PCURVE('',#102,#107);
#102 = PLANE('',#103);
#103 = AXIS2_PLACEMENT_3D('',#104,#105,#106);
#104 = CARTESIAN_POINT('',(9.103828772162E-14,0.4,2.341926223421));
#105 = DIRECTION('',(0.,1.,-2.22044604925E-16));
#106 = DIRECTION('',(-1.,0.,0.));
#107 = DEFINITIONAL_REPRESENTATION('',(#108),#112);
#108 = CIRCLE('',#109,1.5);
#109 = AXIS2_PLACEMENT_2D('',#110,#111);
#110 = CARTESIAN_POINT('',(0.,0.));
#111 = DIRECTION('',(1.,0.));
#112 = ( GEOMETRIC_REPRESENTATION_CONTEXT(2) 
PARAMETRIC_REPRESENTATION_CONTEXT() REPRESENTATION_CONTEXT('2D SPACE',''
  ) );
#113 = ORIENTED_EDGE('',*,*,#114,.T.);
#114 = EDGE_CURVE('',#86,#22,#115,.T.);
#115 = SURFACE_CURVE('',#116,(#120,#127),.PCURVE_S1.);
#116 = LINE('',#117,#118);
#117 = CARTESIAN_POINT('',(-1.5,0.4,2.341926223421));
#118 = VECTOR('',#119,1.);
#119 = DIRECTION('',(0.,1.,-2.22044604925E-16));
#120 = PCURVE('',#33,#121);
#121 = DEFINITIONAL_REPRESENTATION('',(#122),#126);
#122 = LINE('',#123,#124);
#123 = CARTESIAN_POINT('',(0.,1.E-01));
#124 = VECTOR('',#125,1.);
#125 = DIRECTION('',(0.,-1.));
#126 = ( GEOMETRIC_REPRESENTATION_CONTEXT(2) 
PARAMETRIC_REPRESENTATION_CONTEXT() REPRESENTATION_CONTEXT('2D SPACE',''
  ) );
#127 = PCURVE('',#73,#128);
#128 = DEFINITIONAL_REPRESENTATION('',(#129),#133);
#129 = LINE('',#130,#131);
#130 = CARTESIAN_POINT('',(6.28318530718,1.E-01));
#131 = VECTOR('',#132,1.);
#132 = DIRECTION('',(0.,-1.));
#133 = ( GEOMETRIC_REPRESENTATION_CONTEXT(2) 
PARAMETRIC_REPRESENTATION_CONTEXT() REPRESENTATION_CONTEXT('2D SPACE',''
  ) );
#134 = ADVANCED_FACE('',(#135),#150,.T.);
#135 = FACE_BOUND('',#136,.T.);
#136 = EDGE_LOOP('',(#137,#173,#206,#230));
#137 = ORIENTED_EDGE('',*,*,#138,.F.);
#138 = EDGE_CURVE('',#139,#141,#143,.T.);
#139 = VERTEX_POINT('',#140);
#140 = CARTESIAN_POINT('',(1.7,-1.9,2.841926223421));
#141 = VERTEX_POINT('',#142);
#142 = CARTESIAN_POINT('',(1.09544511501,-3.2,2.841926223421));
#143 = SURFACE_CURVE('',#144,(#149,#161),.PCURVE_S1.);
#144 = CIRCLE('',#145,1.7);
#145 = AXIS2_PLACEMENT_3D('',#146,#147,#148);
#146 = CARTESIAN_POINT('',(9.059419772162E-14,-1.9,2.841926223421));
#147 = DIRECTION('',(-0.,-2.22044604925E-16,-1.));
#148 = DIRECTION('',(0.,-1.,2.22044604925E-16));
#149 = PCURVE('',#150,#155);
#150 = SPHERICAL_SURFACE('',#151,1.7);
#151 = AXIS2_PLACEMENT_3D('',#152,#153,#154);
#152 = CARTESIAN_POINT('',(9.059419772162E-14,-1.9,2.841926223421));
#153 = DIRECTION('',(0.,-1.,2.22044604925E-16));
#154 = DIRECTION('',(1.,0.,0.));
#155 = DEFINITIONAL_REPRESENTATION('',(#156),#160);
#156 = LINE('',#157,#158);
#157 = CARTESIAN_POINT('',(0.,-4.712388980385));
#158 = VECTOR('',#159,1.);
#159 = DIRECTION('',(0.,1.));
#160 = ( GEOMETRIC_REPRESENTATION_CONTEXT(2) 
PARAMETRIC_REPRESENTATION_CONTEXT() REPRESENTATION_CONTEXT('2D SPACE',''
  ) );
#161 = PCURVE('',#162,#167);
#162 = SPHERICAL_SURFACE('',#163,1.7);
#163 = AXIS2_PLACEMENT_3D('',#164,#165,#166);
#164 = CARTESIAN_POINT('',(9.059419772162E-14,-1.9,2.841926223421));
#165 = DIRECTION('',(0.,-1.,2.22044604925E-16));
#166 = DIRECTION('',(1.,0.,0.));
#167 = DEFINITIONAL_REPRESENTATION('',(#168),#172);
#168 = LINE('',#169,#170);
#169 = CARTESIAN_POINT('',(6.28318530718,-4.712388980385));
#170 = VECTOR('',#171,1.);
#171 = DIRECTION('',(0.,1.));
#172 = ( GEOMETRIC_REPRESENTATION_CONTEXT(2) 
PARAMETRIC_REPRESENTATION_CONTEXT() REPRESENTATION_CONTEXT('2D SPACE',''
  ) );
#173 = ORIENTED_EDGE('',*,*,#174,.F.);
#174 = EDGE_CURVE('',#175,#139,#177,.T.);
#175 = VERTEX_POINT('',#176);
#176 = CARTESIAN_POINT('',(-1.7,-1.9,2.841926223421));
#177 = SURFACE_CURVE('',#178,(#183,#190),.PCURVE_S1.);
#178 = CIRCLE('',#179,1.7);
#179 = AXIS2_PLACEMENT_3D('',#180,#181,#182);
#180 = CARTESIAN_POINT('',(9.059419772162E-14,-1.9,2.841926223421));
#181 = DIRECTION('',(0.,1.,-2.22044604925E-16));
#182 = DIRECTION('',(0.,2.22044604925E-16,1.));
#183 = PCURVE('',#150,#184);
#184 = DEFINITIONAL_REPRESENTATION('',(#185),#189);
#185 = LINE('',#186,#187);
#186 = CARTESIAN_POINT('',(7.853981633974,0.));
#187 = VECTOR('',#188,1.);
#188 = DIRECTION('',(-1.,0.));
#189 = ( GEOMETRIC_REPRESENTATION_CONTEXT(2) 
PARAMETRIC_REPRESENTATION_CONTEXT() REPRESENTATION_CONTEXT('2D SPACE',''
  ) );
#190 = PCURVE('',#191,#196);
#191 = PLANE('',#192);
#192 = AXIS2_PLACEMENT_3D('',#193,#194,#195);
#193 = CARTESIAN_POINT('',(3.6,-1.9,4.192622342117E-02));
#194 = DIRECTION('',(0.,-1.,2.22044604925E-16));
#195 = DIRECTION('',(1.,0.,0.));
#196 = DEFINITIONAL_REPRESENTATION('',(#197),#205);
#197 = ( BOUNDED_CURVE() B_SPLINE_CURVE(2,(#198,#199,#200,#201,#202,#203
,#204),.UNSPECIFIED.,.T.,.F.) B_SPLINE_CURVE_WITH_KNOTS((1,2,2,2,2,1),(
    -2.094395102393,0.,2.094395102393,4.188790204786,6.28318530718,
8.377580409573),.UNSPECIFIED.) CURVE() GEOMETRIC_REPRESENTATION_ITEM() 
RATIONAL_B_SPLINE_CURVE((1.,0.5,1.,0.5,1.,0.5,1.)) REPRESENTATION_ITEM(
  '') );
#198 = CARTESIAN_POINT('',(-3.6,4.5));
#199 = CARTESIAN_POINT('',(-0.655513627133,4.5));
#200 = CARTESIAN_POINT('',(-2.127756813567,1.95));
#201 = CARTESIAN_POINT('',(-3.6,-0.6));
#202 = CARTESIAN_POINT('',(-5.072243186434,1.95));
#203 = CARTESIAN_POINT('',(-6.544486372867,4.5));
#204 = CARTESIAN_POINT('',(-3.6,4.5));
#205 = ( GEOMETRIC_REPRESENTATION_CONTEXT(2) 
PARAMETRIC_REPRESENTATION_CONTEXT() REPRESENTATION_CONTEXT('2D SPACE',''
  ) );
#206 = ORIENTED_EDGE('',*,*,#207,.F.);
#207 = EDGE_CURVE('',#208,#175,#210,.T.);
#208 = VERTEX_POINT('',#209);
#209 = CARTESIAN_POINT('',(-1.09544511501,-3.2,2.841926223421));
#210 = SURFACE_CURVE('',#211,(#216,#223),.PCURVE_S1.);
#211 = CIRCLE('',#212,1.7);
#212 = AXIS2_PLACEMENT_3D('',#213,#214,#215);
#213 = CARTESIAN_POINT('',(9.059419772162E-14,-1.9,2.841926223421));
#214 = DIRECTION('',(-0.,-2.22044604925E-16,-1.));
#215 = DIRECTION('',(0.,-1.,2.22044604925E-16));
#216 = PCURVE('',#150,#217);
#217 = DEFINITIONAL_REPRESENTATION('',(#218),#222);
#218 = LINE('',#219,#220);
#219 = CARTESIAN_POINT('',(3.14159265359,1.570796326795));
#220 = VECTOR('',#221,1.);
#221 = DIRECTION('',(0.,-1.));
#222 = ( GEOMETRIC_REPRESENTATION_CONTEXT(2) 
PARAMETRIC_REPRESENTATION_CONTEXT() REPRESENTATION_CONTEXT('2D SPACE',''
  ) );
#223 = PCURVE('',#162,#224);
#224 = DEFINITIONAL_REPRESENTATION('',(#225),#229);
#225 = LINE('',#226,#227);
#226 = CARTESIAN_POINT('',(3.14159265359,1.570796326795));
#227 = VECTOR('',#228,1.);
#228 = DIRECTION('',(0.,-1.));
#229 = ( GEOMETRIC_REPRESENTATION_CONTEXT(2) 
PARAMETRIC_REPRESENTATION_CONTEXT() REPRESENTATION_CONTEXT('2D SPACE',''
  ) );
#230 = ORIENTED_EDGE('',*,*,#231,.T.);
#231 = EDGE_CURVE('',#208,#141,#232,.T.);
#232 = SURFACE_CURVE('',#233,(#238,#245),.PCURVE_S1.);
#233 = CIRCLE('',#234,1.09544511501);
#234 = AXIS2_PLACEMENT_3D('',#235,#236,#237);
#235 = CARTESIAN_POINT('',(9.094643772162E-14,-3.2,2.841926223421));
#236 = DIRECTION('',(0.,1.,-2.22044604925E-16));
#237 = DIRECTION('',(1.,0.,0.));
#238 = PCURVE('',#150,#239);
#239 = DEFINITIONAL_REPRESENTATION('',(#240),#244);
#240 = LINE('',#241,#242);
#241 = CARTESIAN_POINT('',(6.28318530718,0.870584771261));
#242 = VECTOR('',#243,1.);
#243 = DIRECTION('',(-1.,-1.413579858428E-16));
#244 = ( GEOMETRIC_REPRESENTATION_CONTEXT(2) 
PARAMETRIC_REPRESENTATION_CONTEXT() REPRESENTATION_CONTEXT('2D SPACE',''
  ) );
#245 = PCURVE('',#246,#251);
#246 = PLANE('',#247);
#247 = AXIS2_PLACEMENT_3D('',#248,#249,#250);
#248 = CARTESIAN_POINT('',(0.547722557505,-3.2,2.841926223421));
#249 = DIRECTION('',(0.,-1.,2.22044604925E-16));
#250 = DIRECTION('',(1.,0.,0.));
#251 = DEFINITIONAL_REPRESENTATION('',(#252),#260);
#252 = ( BOUNDED_CURVE() B_SPLINE_CURVE(2,(#253,#254,#255,#256,#257,#258
,#259),.UNSPECIFIED.,.T.,.F.) B_SPLINE_CURVE_WITH_KNOTS((1,2,2,2,2,1),(
    -2.094395102393,0.,2.094395102393,4.188790204786,6.28318530718,
8.377580409573),.UNSPECIFIED.) CURVE() GEOMETRIC_REPRESENTATION_ITEM() 
RATIONAL_B_SPLINE_CURVE((1.,0.5,1.,0.5,1.,0.5,1.)) REPRESENTATION_ITEM(
  '') );
#253 = CARTESIAN_POINT('',(0.547722557505,0.));
#254 = CARTESIAN_POINT('',(0.547722557505,-1.897366596101));
#255 = CARTESIAN_POINT('',(-1.09544511501,-0.948683298051));
#256 = CARTESIAN_POINT('',(-2.738612787526,-2.683066707478E-16));
#257 = CARTESIAN_POINT('',(-1.09544511501,0.948683298051));
#258 = CARTESIAN_POINT('',(0.547722557505,1.897366596101));
#259 = CARTESIAN_POINT('',(0.547722557505,0.));
#260 = ( GEOMETRIC_REPRESENTATION_CONTEXT(2) 
PARAMETRIC_REPRESENTATION_CONTEXT() REPRESENTATION_CONTEXT('2D SPACE',''
  ) );
#261 = ADVANCED_FACE('',(#262),#276,.T.);
#262 = FACE_BOUND('',#263,.T.);
#263 = EDGE_LOOP('',(#264,#299,#327,#355));
#264 = ORIENTED_EDGE('',*,*,#265,.T.);
#265 = EDGE_CURVE('',#266,#268,#270,.T.);
#266 = VERTEX_POINT('',#267);
#267 = CARTESIAN_POINT('',(-3.439936983007,0.5,4.041926223421));
#268 = VERTEX_POINT('',#269);
#269 = CARTESIAN_POINT('',(-3.403101614736,0.8,4.078761591692));
#270 = SURFACE_CURVE('',#271,(#275,#287),.PCURVE_S1.);
#271 = LINE('',#272,#273);
#272 = CARTESIAN_POINT('',(-3.439936983007,0.5,4.041926223421));
#273 = VECTOR('',#274,1.);
#274 = DIRECTION('',(0.120974291151,0.985256536015,0.120974291151));
#275 = PCURVE('',#276,#281);
#276 = PLANE('',#277);
#277 = AXIS2_PLACEMENT_3D('',#278,#279,#280);
#278 = CARTESIAN_POINT('',(-1.8,0.65,4.060343907557));
#279 = DIRECTION('',(1.215478E-16,0.121869343405,-0.992546151641));
#280 = DIRECTION('',(-7.39968045113E-35,0.992546151641,0.121869343405));
#281 = DEFINITIONAL_REPRESENTATION('',(#282),#286);
#282 = LINE('',#283,#284);
#283 = CARTESIAN_POINT('',(-0.151126473819,-1.639936983007));
#284 = VECTOR('',#285,1.);
#285 = DIRECTION('',(0.992655640633,0.120974291151));
#286 = ( GEOMETRIC_REPRESENTATION_CONTEXT(2) 
PARAMETRIC_REPRESENTATION_CONTEXT() REPRESENTATION_CONTEXT('2D SPACE',''
  ) );
#287 = PCURVE('',#288,#293);
#288 = PLANE('',#289);
#289 = AXIS2_PLACEMENT_3D('',#290,#291,#292);
#290 = CARTESIAN_POINT('',(-3.489050807368,9.999999999981E-02,
    4.004426223421));
#291 = DIRECTION('',(-0.992546151641,0.121869343405,-2.706043020887E-17)
  );
#292 = DIRECTION('',(-0.121869343405,-0.992546151641,2.203895181111E-16)
  );
#293 = DEFINITIONAL_REPRESENTATION('',(#294),#298);
#294 = LINE('',#295,#296);
#295 = CARTESIAN_POINT('',(-0.403003930184,3.749999999998E-02));
#296 = VECTOR('',#297,1.);
#297 = DIRECTION('',(-0.992655640633,0.120974291151));
#298 = ( GEOMETRIC_REPRESENTATION_CONTEXT(2) 
PARAMETRIC_REPRESENTATION_CONTEXT() REPRESENTATION_CONTEXT('2D SPACE',''
  ) );
#299 = ORIENTED_EDGE('',*,*,#300,.T.);
#300 = EDGE_CURVE('',#268,#301,#303,.T.);
#301 = VERTEX_POINT('',#302);
#302 = CARTESIAN_POINT('',(3.403101614736,0.8,4.078761591692));
#303 = SURFACE_CURVE('',#304,(#308,#315),.PCURVE_S1.);
#304 = LINE('',#305,#306);
#305 = CARTESIAN_POINT('',(-3.403101614736,0.8,4.078761591692));
#306 = VECTOR('',#307,1.);
#307 = DIRECTION('',(1.,0.,0.));
#308 = PCURVE('',#276,#309);
#309 = DEFINITIONAL_REPRESENTATION('',(#310),#314);
#310 = LINE('',#311,#312);
#311 = CARTESIAN_POINT('',(0.151126473819,-1.603101614736));
#312 = VECTOR('',#313,1.);
#313 = DIRECTION('',(7.39968045113E-35,1.));
#314 = ( GEOMETRIC_REPRESENTATION_CONTEXT(2) 
PARAMETRIC_REPRESENTATION_CONTEXT() REPRESENTATION_CONTEXT('2D SPACE',''
  ) );
#315 = PCURVE('',#316,#321);
#316 = PLANE('',#317);
#317 = AXIS2_PLACEMENT_3D('',#318,#319,#320);
#318 = CARTESIAN_POINT('',(1.136868377216E-13,0.8,2.691926223421));
#319 = DIRECTION('',(0.,-1.,2.22044604925E-16));
#320 = DIRECTION('',(1.,0.,0.));
#321 = DEFINITIONAL_REPRESENTATION('',(#322),#326);
#322 = LINE('',#323,#324);
#323 = CARTESIAN_POINT('',(-3.403101614736,1.386835368271));
#324 = VECTOR('',#325,1.);
#325 = DIRECTION('',(1.,0.));
#326 = ( GEOMETRIC_REPRESENTATION_CONTEXT(2) 
PARAMETRIC_REPRESENTATION_CONTEXT() REPRESENTATION_CONTEXT('2D SPACE',''
  ) );
#327 = ORIENTED_EDGE('',*,*,#328,.T.);
#328 = EDGE_CURVE('',#301,#329,#331,.T.);
#329 = VERTEX_POINT('',#330);
#330 = CARTESIAN_POINT('',(3.439936983007,0.5,4.041926223421));
#331 = SURFACE_CURVE('',#332,(#336,#343),.PCURVE_S1.);
#332 = LINE('',#333,#334);
#333 = CARTESIAN_POINT('',(3.403101614736,0.8,4.078761591692));
#334 = VECTOR('',#335,1.);
#335 = DIRECTION('',(0.120974291151,-0.985256536015,-0.120974291151));
#336 = PCURVE('',#276,#337);
#337 = DEFINITIONAL_REPRESENTATION('',(#338),#342);
#338 = LINE('',#339,#340);
#339 = CARTESIAN_POINT('',(0.151126473819,5.203101614736));
#340 = VECTOR('',#341,1.);
#341 = DIRECTION('',(-0.992655640633,0.120974291151));
#342 = ( GEOMETRIC_REPRESENTATION_CONTEXT(2) 
PARAMETRIC_REPRESENTATION_CONTEXT() REPRESENTATION_CONTEXT('2D SPACE',''
  ) );
#343 = PCURVE('',#344,#349);
#344 = PLANE('',#345);
#345 = AXIS2_PLACEMENT_3D('',#346,#347,#348);
#346 = CARTESIAN_POINT('',(3.489050807368,9.999999999981E-02,
    1.579426223424));
#347 = DIRECTION('',(0.992546151641,0.121869343405,9.448736979113E-17));
#348 = DIRECTION('',(-0.121869343405,0.992546151641,-2.203895181111E-16)
  );
#349 = DEFINITIONAL_REPRESENTATION('',(#350),#354);
#350 = LINE('',#351,#352);
#351 = CARTESIAN_POINT('',(0.705256877821,2.499335368268));
#352 = VECTOR('',#353,1.);
#353 = DIRECTION('',(-0.992655640633,-0.120974291151));
#354 = ( GEOMETRIC_REPRESENTATION_CONTEXT(2) 
PARAMETRIC_REPRESENTATION_CONTEXT() REPRESENTATION_CONTEXT('2D SPACE',''
  ) );
#355 = ORIENTED_EDGE('',*,*,#356,.F.);
#356 = EDGE_CURVE('',#266,#329,#357,.T.);
#357 = SURFACE_CURVE('',#358,(#362,#369),.PCURVE_S1.);
#358 = LINE('',#359,#360);
#359 = CARTESIAN_POINT('',(-3.439936983007,0.5,4.041926223421));
#360 = VECTOR('',#361,1.);
#361 = DIRECTION('',(1.,0.,0.));
#362 = PCURVE('',#276,#363);
#363 = DEFINITIONAL_REPRESENTATION('',(#364),#368);
#364 = LINE('',#365,#366);
#365 = CARTESIAN_POINT('',(-0.151126473819,-1.639936983007));
#366 = VECTOR('',#367,1.);
#367 = DIRECTION('',(7.39968045113E-35,1.));
#368 = ( GEOMETRIC_REPRESENTATION_CONTEXT(2) 
PARAMETRIC_REPRESENTATION_CONTEXT() REPRESENTATION_CONTEXT('2D SPACE',''
  ) );
#369 = PCURVE('',#45,#370);
#370 = DEFINITIONAL_REPRESENTATION('',(#371),#375);
#371 = LINE('',#372,#373);
#372 = CARTESIAN_POINT('',(-7.039936983007,4.));
#373 = VECTOR('',#374,1.);
#374 = DIRECTION('',(1.,0.));
#375 = ( GEOMETRIC_REPRESENTATION_CONTEXT(2) 
PARAMETRIC_REPRESENTATION_CONTEXT() REPRESENTATION_CONTEXT('2D SPACE',''
  ) );
#376 = ADVANCED_FACE('',(#377),#288,.T.);
#377 = FACE_BOUND('',#378,.T.);
#378 = EDGE_LOOP('',(#379,#380,#403,#431,#459,#487));
#379 = ORIENTED_EDGE('',*,*,#265,.F.);
#380 = ORIENTED_EDGE('',*,*,#381,.T.);
#381 = EDGE_CURVE('',#266,#382,#384,.T.);
#382 = VERTEX_POINT('',#383);
#383 = CARTESIAN_POINT('',(-3.439936983007,0.5,0.601989240419));
#384 = SURFACE_CURVE('',#385,(#389,#396),.PCURVE_S1.);
#385 = LINE('',#386,#387);
#386 = CARTESIAN_POINT('',(-3.439936983007,0.5,4.041926223421));
#387 = VECTOR('',#388,1.);
#388 = DIRECTION('',(0.,-2.22044604925E-16,-1.));
#389 = PCURVE('',#288,#390);
#390 = DEFINITIONAL_REPRESENTATION('',(#391),#395);
#391 = LINE('',#392,#393);
#392 = CARTESIAN_POINT('',(-0.403003930184,3.749999999998E-02));
#393 = VECTOR('',#394,1.);
#394 = DIRECTION('',(0.,-1.));
#395 = ( GEOMETRIC_REPRESENTATION_CONTEXT(2) 
PARAMETRIC_REPRESENTATION_CONTEXT() REPRESENTATION_CONTEXT('2D SPACE',''
  ) );
#396 = PCURVE('',#45,#397);
#397 = DEFINITIONAL_REPRESENTATION('',(#398),#402);
#398 = LINE('',#399,#400);
#399 = CARTESIAN_POINT('',(-7.039936983007,4.));
#400 = VECTOR('',#401,1.);
#401 = DIRECTION('',(0.,-1.));
#402 = ( GEOMETRIC_REPRESENTATION_CONTEXT(2) 
PARAMETRIC_REPRESENTATION_CONTEXT() REPRESENTATION_CONTEXT('2D SPACE',''
  ) );
#403 = ORIENTED_EDGE('',*,*,#404,.F.);
#404 = EDGE_CURVE('',#405,#382,#407,.T.);
#405 = VERTEX_POINT('',#406);
#406 = CARTESIAN_POINT('',(-3.575,-0.6,0.466926223426));
#407 = SURFACE_CURVE('',#408,(#412,#419),.PCURVE_S1.);
#408 = LINE('',#409,#410);
#409 = CARTESIAN_POINT('',(-3.575,-0.6,0.466926223426));
#410 = VECTOR('',#411,1.);
#411 = DIRECTION('',(0.120974291151,0.985256536015,0.120974291151));
#412 = PCURVE('',#288,#413);
#413 = DEFINITIONAL_REPRESENTATION('',(#414),#418);
#414 = LINE('',#415,#416);
#415 = CARTESIAN_POINT('',(0.705256877821,-3.537499999995));
#416 = VECTOR('',#417,1.);
#417 = DIRECTION('',(-0.992655640633,0.120974291151));
#418 = ( GEOMETRIC_REPRESENTATION_CONTEXT(2) 
PARAMETRIC_REPRESENTATION_CONTEXT() REPRESENTATION_CONTEXT('2D SPACE',''
  ) );
#419 = PCURVE('',#420,#425);
#420 = PLANE('',#421);
#421 = AXIS2_PLACEMENT_3D('',#422,#423,#424);
#422 = CARTESIAN_POINT('',(-1.7875,9.999999999981E-02,0.552875416058));
#423 = DIRECTION('',(1.215478E-16,0.121869343405,-0.992546151641));
#424 = DIRECTION('',(4.901033699396E-34,0.992546151641,0.121869343405));
#425 = DEFINITIONAL_REPRESENTATION('',(#426),#430);
#426 = LINE('',#427,#428);
#427 = CARTESIAN_POINT('',(-0.705256877821,-1.7875));
#428 = VECTOR('',#429,1.);
#429 = DIRECTION('',(0.992655640633,0.120974291151));
#430 = ( GEOMETRIC_REPRESENTATION_CONTEXT(2) 
PARAMETRIC_REPRESENTATION_CONTEXT() REPRESENTATION_CONTEXT('2D SPACE',''
  ) );
#431 = ORIENTED_EDGE('',*,*,#432,.F.);
#432 = EDGE_CURVE('',#433,#405,#435,.T.);
#433 = VERTEX_POINT('',#434);
#434 = CARTESIAN_POINT('',(-3.575,-0.6,5.316926223421));
#435 = SURFACE_CURVE('',#436,(#440,#447),.PCURVE_S1.);
#436 = LINE('',#437,#438);
#437 = CARTESIAN_POINT('',(-3.575,-0.6,5.316926223421));
#438 = VECTOR('',#439,1.);
#439 = DIRECTION('',(0.,-2.22044604925E-16,-1.));
#440 = PCURVE('',#288,#441);
#441 = DEFINITIONAL_REPRESENTATION('',(#442),#446);
#442 = LINE('',#443,#444);
#443 = CARTESIAN_POINT('',(0.705256877821,1.3125));
#444 = VECTOR('',#445,1.);
#445 = DIRECTION('',(0.,-1.));
#446 = ( GEOMETRIC_REPRESENTATION_CONTEXT(2) 
PARAMETRIC_REPRESENTATION_CONTEXT() REPRESENTATION_CONTEXT('2D SPACE',''
  ) );
#447 = PCURVE('',#448,#453);
#448 = PLANE('',#449);
#449 = AXIS2_PLACEMENT_3D('',#450,#451,#452);
#450 = CARTESIAN_POINT('',(1.136811001066E-13,-0.6,4.841926223421));
#451 = DIRECTION('',(0.,-1.,2.22044604925E-16));
#452 = DIRECTION('',(1.,0.,0.));
#453 = DEFINITIONAL_REPRESENTATION('',(#454),#458);
#454 = LINE('',#455,#456);
#455 = CARTESIAN_POINT('',(-3.575,0.475));
#456 = VECTOR('',#457,1.);
#457 = DIRECTION('',(0.,-1.));
#458 = ( GEOMETRIC_REPRESENTATION_CONTEXT(2) 
PARAMETRIC_REPRESENTATION_CONTEXT() REPRESENTATION_CONTEXT('2D SPACE',''
  ) );
#459 = ORIENTED_EDGE('',*,*,#460,.T.);
#460 = EDGE_CURVE('',#433,#461,#463,.T.);
#461 = VERTEX_POINT('',#462);
#462 = CARTESIAN_POINT('',(-3.403101614736,0.8,5.243555332425));
#463 = SURFACE_CURVE('',#464,(#468,#475),.PCURVE_S1.);
#464 = LINE('',#465,#466);
#465 = CARTESIAN_POINT('',(-3.575,-0.6,5.316926223421));
#466 = VECTOR('',#467,1.);
#467 = DIRECTION('',(0.121704801254,0.991206063359,-5.194690859253E-02)
  );
#468 = PCURVE('',#288,#469);
#469 = DEFINITIONAL_REPRESENTATION('',(#470),#474);
#470 = LINE('',#471,#472);
#471 = CARTESIAN_POINT('',(0.705256877821,1.3125));
#472 = VECTOR('',#473,1.);
#473 = DIRECTION('',(-0.998649847888,-5.194690859253E-02));
#474 = ( GEOMETRIC_REPRESENTATION_CONTEXT(2) 
PARAMETRIC_REPRESENTATION_CONTEXT() REPRESENTATION_CONTEXT('2D SPACE',''
  ) );
#475 = PCURVE('',#476,#481);
#476 = PLANE('',#477);
#477 = AXIS2_PLACEMENT_3D('',#478,#479,#480);
#478 = CARTESIAN_POINT('',(-1.3375,9.999999999981E-02,5.280240777923));
#479 = DIRECTION('',(0.,5.233595624294E-02,0.998629534755));
#480 = DIRECTION('',(0.,-0.998629534755,5.233595624294E-02));
#481 = DEFINITIONAL_REPRESENTATION('',(#482),#486);
#482 = LINE('',#483,#484);
#483 = CARTESIAN_POINT('',(0.700960642199,-2.2375));
#484 = VECTOR('',#485,1.);
#485 = DIRECTION('',(-0.992566341033,0.121704801254));
#486 = ( GEOMETRIC_REPRESENTATION_CONTEXT(2) 
PARAMETRIC_REPRESENTATION_CONTEXT() REPRESENTATION_CONTEXT('2D SPACE',''
  ) );
#487 = ORIENTED_EDGE('',*,*,#488,.T.);
#488 = EDGE_CURVE('',#461,#268,#489,.T.);
#489 = SURFACE_CURVE('',#490,(#494,#501),.PCURVE_S1.);
#490 = LINE('',#491,#492);
#491 = CARTESIAN_POINT('',(-3.403101614736,0.8,5.243555332425));
#492 = VECTOR('',#493,1.);
#493 = DIRECTION('',(0.,-2.22044604925E-16,-1.));
#494 = PCURVE('',#288,#495);
#495 = DEFINITIONAL_REPRESENTATION('',(#496),#500);
#496 = LINE('',#497,#498);
#497 = CARTESIAN_POINT('',(-0.705256877821,1.239129109004));
#498 = VECTOR('',#499,1.);
#499 = DIRECTION('',(0.,-1.));
#500 = ( GEOMETRIC_REPRESENTATION_CONTEXT(2) 
PARAMETRIC_REPRESENTATION_CONTEXT() REPRESENTATION_CONTEXT('2D SPACE',''
  ) );
#501 = PCURVE('',#316,#502);
#502 = DEFINITIONAL_REPRESENTATION('',(#503),#507);
#503 = LINE('',#504,#505);
#504 = CARTESIAN_POINT('',(-3.403101614736,2.551629109004));
#505 = VECTOR('',#506,1.);
#506 = DIRECTION('',(0.,-1.));
#507 = ( GEOMETRIC_REPRESENTATION_CONTEXT(2) 
PARAMETRIC_REPRESENTATION_CONTEXT() REPRESENTATION_CONTEXT('2D SPACE',''
  ) );
#508 = ADVANCED_FACE('',(#509),#523,.T.);
#509 = FACE_BOUND('',#510,.T.);
#510 = EDGE_LOOP('',(#511,#546,#569,#597));
#511 = ORIENTED_EDGE('',*,*,#512,.T.);
#512 = EDGE_CURVE('',#513,#515,#517,.T.);
#513 = VERTEX_POINT('',#514);
#514 = CARTESIAN_POINT('',(3.428101614736,-2.2,4.00509085515));
#515 = VERTEX_POINT('',#516);
#516 = CARTESIAN_POINT('',(3.464936983007,-1.9,4.041926223421));
#517 = SURFACE_CURVE('',#518,(#522,#534),.PCURVE_S1.);
#518 = LINE('',#519,#520);
#519 = CARTESIAN_POINT('',(3.428101614736,-2.2,4.00509085515));
#520 = VECTOR('',#521,1.);
#521 = DIRECTION('',(0.120974291151,0.985256536015,0.120974291151));
#522 = PCURVE('',#523,#528);
#523 = PLANE('',#524);
#524 = AXIS2_PLACEMENT_3D('',#525,#526,#527);
#525 = CARTESIAN_POINT('',(3.164936983007,-2.05,4.023508539286));
#526 = DIRECTION('',(7.174475E-30,-0.121869343405,0.992546151641));
#527 = DIRECTION('',(-5.320813806463E-47,-0.992546151641,-0.121869343405
    ));
#528 = DEFINITIONAL_REPRESENTATION('',(#529),#533);
#529 = LINE('',#530,#531);
#530 = CARTESIAN_POINT('',(0.151126473819,0.263164631729));
#531 = VECTOR('',#532,1.);
#532 = DIRECTION('',(-0.992655640633,0.120974291151));
#533 = ( GEOMETRIC_REPRESENTATION_CONTEXT(2) 
PARAMETRIC_REPRESENTATION_CONTEXT() REPRESENTATION_CONTEXT('2D SPACE',''
  ) );
#534 = PCURVE('',#535,#540);
#535 = PLANE('',#536);
#536 = AXIS2_PLACEMENT_3D('',#537,#538,#539);
#537 = CARTESIAN_POINT('',(3.532468491504,-1.35,2.691926223421));
#538 = DIRECTION('',(0.992546151641,-0.121869343405,2.706043020887E-17)
  );
#539 = DIRECTION('',(0.121869343405,0.992546151641,-2.203895181111E-16)
  );
#540 = DEFINITIONAL_REPRESENTATION('',(#541),#545);
#541 = LINE('',#542,#543);
#542 = CARTESIAN_POINT('',(-0.85638335164,1.313164631729));
#543 = VECTOR('',#544,1.);
#544 = DIRECTION('',(0.992655640633,0.120974291151));
#545 = ( GEOMETRIC_REPRESENTATION_CONTEXT(2) 
PARAMETRIC_REPRESENTATION_CONTEXT() REPRESENTATION_CONTEXT('2D SPACE',''
  ) );
#546 = ORIENTED_EDGE('',*,*,#547,.F.);
#547 = EDGE_CURVE('',#548,#515,#550,.T.);
#548 = VERTEX_POINT('',#549);
#549 = CARTESIAN_POINT('',(3.064936983007,-1.9,4.041926223421));
#550 = SURFACE_CURVE('',#551,(#555,#562),.PCURVE_S1.);
#551 = LINE('',#552,#553);
#552 = CARTESIAN_POINT('',(3.064936983007,-1.9,4.041926223421));
#553 = VECTOR('',#554,1.);
#554 = DIRECTION('',(1.,0.,0.));
#555 = PCURVE('',#523,#556);
#556 = DEFINITIONAL_REPRESENTATION('',(#557),#561);
#557 = LINE('',#558,#559);
#558 = CARTESIAN_POINT('',(-0.151126473819,-0.1));
#559 = VECTOR('',#560,1.);
#560 = DIRECTION('',(5.320813806463E-47,1.));
#561 = ( GEOMETRIC_REPRESENTATION_CONTEXT(2) 
PARAMETRIC_REPRESENTATION_CONTEXT() REPRESENTATION_CONTEXT('2D SPACE',''
  ) );
#562 = PCURVE('',#191,#563);
#563 = DEFINITIONAL_REPRESENTATION('',(#564),#568);
#564 = LINE('',#565,#566);
#565 = CARTESIAN_POINT('',(-0.535063016993,4.));
#566 = VECTOR('',#567,1.);
#567 = DIRECTION('',(1.,0.));
#568 = ( GEOMETRIC_REPRESENTATION_CONTEXT(2) 
PARAMETRIC_REPRESENTATION_CONTEXT() REPRESENTATION_CONTEXT('2D SPACE',''
  ) );
#569 = ORIENTED_EDGE('',*,*,#570,.T.);
#570 = EDGE_CURVE('',#548,#571,#573,.T.);
#571 = VERTEX_POINT('',#572);
#572 = CARTESIAN_POINT('',(3.101772351278,-2.2,4.00509085515));
#573 = SURFACE_CURVE('',#574,(#578,#585),.PCURVE_S1.);
#574 = LINE('',#575,#576);
#575 = CARTESIAN_POINT('',(3.064936983007,-1.9,4.041926223421));
#576 = VECTOR('',#577,1.);
#577 = DIRECTION('',(0.120974291151,-0.985256536015,-0.120974291151));
#578 = PCURVE('',#523,#579);
#579 = DEFINITIONAL_REPRESENTATION('',(#580),#584);
#580 = LINE('',#581,#582);
#581 = CARTESIAN_POINT('',(-0.151126473819,-0.1));
#582 = VECTOR('',#583,1.);
#583 = DIRECTION('',(0.992655640633,0.120974291151));
#584 = ( GEOMETRIC_REPRESENTATION_CONTEXT(2) 
PARAMETRIC_REPRESENTATION_CONTEXT() REPRESENTATION_CONTEXT('2D SPACE',''
  ) );
#585 = PCURVE('',#586,#591);
#586 = PLANE('',#587);
#587 = AXIS2_PLACEMENT_3D('',#588,#589,#590);
#588 = CARTESIAN_POINT('',(3.083354667142,-2.05,2.241926223421));
#589 = DIRECTION('',(-0.992546151641,-0.121869343405,2.706043020887E-17)
  );
#590 = DIRECTION('',(0.121869343405,-0.992546151641,2.203895181111E-16)
  );
#591 = DEFINITIONAL_REPRESENTATION('',(#592),#596);
#592 = LINE('',#593,#594);
#593 = CARTESIAN_POINT('',(-0.151126473819,1.8));
#594 = VECTOR('',#595,1.);
#595 = DIRECTION('',(0.992655640633,-0.120974291151));
#596 = ( GEOMETRIC_REPRESENTATION_CONTEXT(2) 
PARAMETRIC_REPRESENTATION_CONTEXT() REPRESENTATION_CONTEXT('2D SPACE',''
  ) );
#597 = ORIENTED_EDGE('',*,*,#598,.T.);
#598 = EDGE_CURVE('',#571,#513,#599,.T.);
#599 = SURFACE_CURVE('',#600,(#604,#611),.PCURVE_S1.);
#600 = LINE('',#601,#602);
#601 = CARTESIAN_POINT('',(3.101772351278,-2.2,4.00509085515));
#602 = VECTOR('',#603,1.);
#603 = DIRECTION('',(1.,0.,0.));
#604 = PCURVE('',#523,#605);
#605 = DEFINITIONAL_REPRESENTATION('',(#606),#610);
#606 = LINE('',#607,#608);
#607 = CARTESIAN_POINT('',(0.151126473819,-6.316463172913E-02));
#608 = VECTOR('',#609,1.);
#609 = DIRECTION('',(5.320813806463E-47,1.));
#610 = ( GEOMETRIC_REPRESENTATION_CONTEXT(2) 
PARAMETRIC_REPRESENTATION_CONTEXT() REPRESENTATION_CONTEXT('2D SPACE',''
  ) );
#611 = PCURVE('',#612,#617);
#612 = PLANE('',#613);
#613 = AXIS2_PLACEMENT_3D('',#614,#615,#616);
#614 = CARTESIAN_POINT('',(3.264936983007,-2.2,2.841926223421));
#615 = DIRECTION('',(0.,-1.,2.22044604925E-16));
#616 = DIRECTION('',(1.,0.,0.));
#617 = DEFINITIONAL_REPRESENTATION('',(#618),#622);
#618 = LINE('',#619,#620);
#619 = CARTESIAN_POINT('',(-0.163164631729,1.163164631729));
#620 = VECTOR('',#621,1.);
#621 = DIRECTION('',(1.,0.));
#622 = ( GEOMETRIC_REPRESENTATION_CONTEXT(2) 
PARAMETRIC_REPRESENTATION_CONTEXT() REPRESENTATION_CONTEXT('2D SPACE',''
  ) );
#623 = ADVANCED_FACE('',(#624),#612,.T.);
#624 = FACE_BOUND('',#625,.T.);
#625 = EDGE_LOOP('',(#626,#627,#650,#678));
#626 = ORIENTED_EDGE('',*,*,#598,.F.);
#627 = ORIENTED_EDGE('',*,*,#628,.F.);
#628 = EDGE_CURVE('',#629,#571,#631,.T.);
#629 = VERTEX_POINT('',#630);
#630 = CARTESIAN_POINT('',(3.101772351278,-2.2,1.678761591692));
#631 = SURFACE_CURVE('',#632,(#636,#643),.PCURVE_S1.);
#632 = LINE('',#633,#634);
#633 = CARTESIAN_POINT('',(3.101772351278,-2.2,1.678761591692));
#634 = VECTOR('',#635,1.);
#635 = DIRECTION('',(0.,2.22044604925E-16,1.));
#636 = PCURVE('',#612,#637);
#637 = DEFINITIONAL_REPRESENTATION('',(#638),#642);
#638 = LINE('',#639,#640);
#639 = CARTESIAN_POINT('',(-0.163164631729,-1.163164631729));
#640 = VECTOR('',#641,1.);
#641 = DIRECTION('',(0.,1.));
#642 = ( GEOMETRIC_REPRESENTATION_CONTEXT(2) 
PARAMETRIC_REPRESENTATION_CONTEXT() REPRESENTATION_CONTEXT('2D SPACE',''
  ) );
#643 = PCURVE('',#586,#644);
#644 = DEFINITIONAL_REPRESENTATION('',(#645),#649);
#645 = LINE('',#646,#647);
#646 = CARTESIAN_POINT('',(0.151126473819,-0.563164631729));
#647 = VECTOR('',#648,1.);
#648 = DIRECTION('',(2.814397087904E-50,1.));
#649 = ( GEOMETRIC_REPRESENTATION_CONTEXT(2) 
PARAMETRIC_REPRESENTATION_CONTEXT() REPRESENTATION_CONTEXT('2D SPACE',''
  ) );
#650 = ORIENTED_EDGE('',*,*,#651,.F.);
#651 = EDGE_CURVE('',#652,#629,#654,.T.);
#652 = VERTEX_POINT('',#653);
#653 = CARTESIAN_POINT('',(3.428101614736,-2.2,1.678761591692));
#654 = SURFACE_CURVE('',#655,(#659,#666),.PCURVE_S1.);
#655 = LINE('',#656,#657);
#656 = CARTESIAN_POINT('',(3.428101614736,-2.2,1.678761591692));
#657 = VECTOR('',#658,1.);
#658 = DIRECTION('',(-1.,0.,0.));
#659 = PCURVE('',#612,#660);
#660 = DEFINITIONAL_REPRESENTATION('',(#661),#665);
#661 = LINE('',#662,#663);
#662 = CARTESIAN_POINT('',(0.163164631729,-1.163164631729));
#663 = VECTOR('',#664,1.);
#664 = DIRECTION('',(-1.,0.));
#665 = ( GEOMETRIC_REPRESENTATION_CONTEXT(2) 
PARAMETRIC_REPRESENTATION_CONTEXT() REPRESENTATION_CONTEXT('2D SPACE',''
  ) );
#666 = PCURVE('',#667,#672);
#667 = PLANE('',#668);
#668 = AXIS2_PLACEMENT_3D('',#669,#670,#671);
#669 = CARTESIAN_POINT('',(3.364936983007,-2.05,1.660343907557));
#670 = DIRECTION('',(7.174475E-30,-0.121869343405,-0.992546151641));
#671 = DIRECTION('',(5.320813806463E-47,0.992546151641,-0.121869343405)
  );
#672 = DEFINITIONAL_REPRESENTATION('',(#673),#677);
#673 = LINE('',#674,#675);
#674 = CARTESIAN_POINT('',(-0.151126473819,6.316463172913E-02));
#675 = VECTOR('',#676,1.);
#676 = DIRECTION('',(5.320813806463E-47,-1.));
#677 = ( GEOMETRIC_REPRESENTATION_CONTEXT(2) 
PARAMETRIC_REPRESENTATION_CONTEXT() REPRESENTATION_CONTEXT('2D SPACE',''
  ) );
#678 = ORIENTED_EDGE('',*,*,#679,.F.);
#679 = EDGE_CURVE('',#513,#652,#680,.T.);
#680 = SURFACE_CURVE('',#681,(#685,#692),.PCURVE_S1.);
#681 = LINE('',#682,#683);
#682 = CARTESIAN_POINT('',(3.428101614736,-2.2,4.00509085515));
#683 = VECTOR('',#684,1.);
#684 = DIRECTION('',(0.,-2.22044604925E-16,-1.));
#685 = PCURVE('',#612,#686);
#686 = DEFINITIONAL_REPRESENTATION('',(#687),#691);
#687 = LINE('',#688,#689);
#688 = CARTESIAN_POINT('',(0.163164631729,1.163164631729));
#689 = VECTOR('',#690,1.);
#690 = DIRECTION('',(0.,-1.));
#691 = ( GEOMETRIC_REPRESENTATION_CONTEXT(2) 
PARAMETRIC_REPRESENTATION_CONTEXT() REPRESENTATION_CONTEXT('2D SPACE',''
  ) );
#692 = PCURVE('',#535,#693);
#693 = DEFINITIONAL_REPRESENTATION('',(#694),#698);
#694 = LINE('',#695,#696);
#695 = CARTESIAN_POINT('',(-0.85638335164,1.313164631729));
#696 = VECTOR('',#697,1.);
#697 = DIRECTION('',(0.,-1.));
#698 = ( GEOMETRIC_REPRESENTATION_CONTEXT(2) 
PARAMETRIC_REPRESENTATION_CONTEXT() REPRESENTATION_CONTEXT('2D SPACE',''
  ) );
#699 = ADVANCED_FACE('',(#700),#586,.T.);
#700 = FACE_BOUND('',#701,.T.);
#701 = EDGE_LOOP('',(#702,#703,#726,#747));
#702 = ORIENTED_EDGE('',*,*,#570,.F.);
#703 = ORIENTED_EDGE('',*,*,#704,.F.);
#704 = EDGE_CURVE('',#705,#548,#707,.T.);
#705 = VERTEX_POINT('',#706);
#706 = CARTESIAN_POINT('',(3.064936983007,-1.9,1.641926223421));
#707 = SURFACE_CURVE('',#708,(#712,#719),.PCURVE_S1.);
#708 = LINE('',#709,#710);
#709 = CARTESIAN_POINT('',(3.064936983007,-1.9,1.641926223421));
#710 = VECTOR('',#711,1.);
#711 = DIRECTION('',(0.,2.22044604925E-16,1.));
#712 = PCURVE('',#586,#713);
#713 = DEFINITIONAL_REPRESENTATION('',(#714),#718);
#714 = LINE('',#715,#716);
#715 = CARTESIAN_POINT('',(-0.151126473819,-0.6));
#716 = VECTOR('',#717,1.);
#717 = DIRECTION('',(2.814397087904E-50,1.));
#718 = ( GEOMETRIC_REPRESENTATION_CONTEXT(2) 
PARAMETRIC_REPRESENTATION_CONTEXT() REPRESENTATION_CONTEXT('2D SPACE',''
  ) );
#719 = PCURVE('',#191,#720);
#720 = DEFINITIONAL_REPRESENTATION('',(#721),#725);
#721 = LINE('',#722,#723);
#722 = CARTESIAN_POINT('',(-0.535063016993,1.6));
#723 = VECTOR('',#724,1.);
#724 = DIRECTION('',(0.,1.));
#725 = ( GEOMETRIC_REPRESENTATION_CONTEXT(2) 
PARAMETRIC_REPRESENTATION_CONTEXT() REPRESENTATION_CONTEXT('2D SPACE',''
  ) );
#726 = ORIENTED_EDGE('',*,*,#727,.T.);
#727 = EDGE_CURVE('',#705,#629,#728,.T.);
#728 = SURFACE_CURVE('',#729,(#733,#740),.PCURVE_S1.);
#729 = LINE('',#730,#731);
#730 = CARTESIAN_POINT('',(3.064936983007,-1.9,1.641926223421));
#731 = VECTOR('',#732,1.);
#732 = DIRECTION('',(0.120974291151,-0.985256536015,0.120974291151));
#733 = PCURVE('',#586,#734);
#734 = DEFINITIONAL_REPRESENTATION('',(#735),#739);
#735 = LINE('',#736,#737);
#736 = CARTESIAN_POINT('',(-0.151126473819,-0.6));
#737 = VECTOR('',#738,1.);
#738 = DIRECTION('',(0.992655640633,0.120974291151));
#739 = ( GEOMETRIC_REPRESENTATION_CONTEXT(2) 
PARAMETRIC_REPRESENTATION_CONTEXT() REPRESENTATION_CONTEXT('2D SPACE',''
  ) );
#740 = PCURVE('',#667,#741);
#741 = DEFINITIONAL_REPRESENTATION('',(#742),#746);
#742 = LINE('',#743,#744);
#743 = CARTESIAN_POINT('',(0.151126473819,-0.3));
#744 = VECTOR('',#745,1.);
#745 = DIRECTION('',(-0.992655640633,0.120974291151));
#746 = ( GEOMETRIC_REPRESENTATION_CONTEXT(2) 
PARAMETRIC_REPRESENTATION_CONTEXT() REPRESENTATION_CONTEXT('2D SPACE',''
  ) );
#747 = ORIENTED_EDGE('',*,*,#628,.T.);
#748 = ADVANCED_FACE('',(#749),#667,.T.);
#749 = FACE_BOUND('',#750,.T.);
#750 = EDGE_LOOP('',(#751,#752,#775,#796));
#751 = ORIENTED_EDGE('',*,*,#727,.F.);
#752 = ORIENTED_EDGE('',*,*,#753,.F.);
#753 = EDGE_CURVE('',#754,#705,#756,.T.);
#754 = VERTEX_POINT('',#755);
#755 = CARTESIAN_POINT('',(3.464936983007,-1.9,1.641926223421));
#756 = SURFACE_CURVE('',#757,(#761,#768),.PCURVE_S1.);
#757 = LINE('',#758,#759);
#758 = CARTESIAN_POINT('',(3.464936983007,-1.9,1.641926223421));
#759 = VECTOR('',#760,1.);
#760 = DIRECTION('',(-1.,0.,0.));
#761 = PCURVE('',#667,#762);
#762 = DEFINITIONAL_REPRESENTATION('',(#763),#767);
#763 = LINE('',#764,#765);
#764 = CARTESIAN_POINT('',(0.151126473819,0.1));
#765 = VECTOR('',#766,1.);
#766 = DIRECTION('',(5.320813806463E-47,-1.));
#767 = ( GEOMETRIC_REPRESENTATION_CONTEXT(2) 
PARAMETRIC_REPRESENTATION_CONTEXT() REPRESENTATION_CONTEXT('2D SPACE',''
  ) );
#768 = PCURVE('',#191,#769);
#769 = DEFINITIONAL_REPRESENTATION('',(#770),#774);
#770 = LINE('',#771,#772);
#771 = CARTESIAN_POINT('',(-0.135063016993,1.6));
#772 = VECTOR('',#773,1.);
#773 = DIRECTION('',(-1.,0.));
#774 = ( GEOMETRIC_REPRESENTATION_CONTEXT(2) 
PARAMETRIC_REPRESENTATION_CONTEXT() REPRESENTATION_CONTEXT('2D SPACE',''
  ) );
#775 = ORIENTED_EDGE('',*,*,#776,.T.);
#776 = EDGE_CURVE('',#754,#652,#777,.T.);
#777 = SURFACE_CURVE('',#778,(#782,#789),.PCURVE_S1.);
#778 = LINE('',#779,#780);
#779 = CARTESIAN_POINT('',(3.464936983007,-1.9,1.641926223421));
#780 = VECTOR('',#781,1.);
#781 = DIRECTION('',(-0.120974291151,-0.985256536015,0.120974291151));
#782 = PCURVE('',#667,#783);
#783 = DEFINITIONAL_REPRESENTATION('',(#784),#788);
#784 = LINE('',#785,#786);
#785 = CARTESIAN_POINT('',(0.151126473819,0.1));
#786 = VECTOR('',#787,1.);
#787 = DIRECTION('',(-0.992655640633,-0.120974291151));
#788 = ( GEOMETRIC_REPRESENTATION_CONTEXT(2) 
PARAMETRIC_REPRESENTATION_CONTEXT() REPRESENTATION_CONTEXT('2D SPACE',''
  ) );
#789 = PCURVE('',#535,#790);
#790 = DEFINITIONAL_REPRESENTATION('',(#791),#795);
#791 = LINE('',#792,#793);
#792 = CARTESIAN_POINT('',(-0.554130404002,-1.05));
#793 = VECTOR('',#794,1.);
#794 = DIRECTION('',(-0.992655640633,0.120974291151));
#795 = ( GEOMETRIC_REPRESENTATION_CONTEXT(2) 
PARAMETRIC_REPRESENTATION_CONTEXT() REPRESENTATION_CONTEXT('2D SPACE',''
  ) );
#796 = ORIENTED_EDGE('',*,*,#651,.T.);
#797 = ADVANCED_FACE('',(#798),#535,.T.);
#798 = FACE_BOUND('',#799,.T.);
#799 = EDGE_LOOP('',(#800,#801,#802,#803,#826,#854,#882,#910));
#800 = ORIENTED_EDGE('',*,*,#512,.F.);
#801 = ORIENTED_EDGE('',*,*,#679,.T.);
#802 = ORIENTED_EDGE('',*,*,#776,.F.);
#803 = ORIENTED_EDGE('',*,*,#804,.T.);
#804 = EDGE_CURVE('',#754,#805,#807,.T.);
#805 = VERTEX_POINT('',#806);
#806 = CARTESIAN_POINT('',(3.464936983007,-1.9,4.192622342117E-02));
#807 = SURFACE_CURVE('',#808,(#812,#819),.PCURVE_S1.);
#808 = LINE('',#809,#810);
#809 = CARTESIAN_POINT('',(3.464936983007,-1.9,1.641926223421));
#810 = VECTOR('',#811,1.);
#811 = DIRECTION('',(0.,-2.22044604925E-16,-1.));
#812 = PCURVE('',#535,#813);
#813 = DEFINITIONAL_REPRESENTATION('',(#814),#818);
#814 = LINE('',#815,#816);
#815 = CARTESIAN_POINT('',(-0.554130404002,-1.05));
#816 = VECTOR('',#817,1.);
#817 = DIRECTION('',(0.,-1.));
#818 = ( GEOMETRIC_REPRESENTATION_CONTEXT(2) 
PARAMETRIC_REPRESENTATION_CONTEXT() REPRESENTATION_CONTEXT('2D SPACE',''
  ) );
#819 = PCURVE('',#191,#820);
#820 = DEFINITIONAL_REPRESENTATION('',(#821),#825);
#821 = LINE('',#822,#823);
#822 = CARTESIAN_POINT('',(-0.135063016993,1.6));
#823 = VECTOR('',#824,1.);
#824 = DIRECTION('',(0.,-1.));
#825 = ( GEOMETRIC_REPRESENTATION_CONTEXT(2) 
PARAMETRIC_REPRESENTATION_CONTEXT() REPRESENTATION_CONTEXT('2D SPACE',''
  ) );
#826 = ORIENTED_EDGE('',*,*,#827,.T.);
#827 = EDGE_CURVE('',#805,#828,#830,.T.);
#828 = VERTEX_POINT('',#829);
#829 = CARTESIAN_POINT('',(3.6,-0.8,4.192622342117E-02));
#830 = SURFACE_CURVE('',#831,(#835,#842),.PCURVE_S1.);
#831 = LINE('',#832,#833);
#832 = CARTESIAN_POINT('',(3.464936983007,-1.9,4.192622342117E-02));
#833 = VECTOR('',#834,1.);
#834 = DIRECTION('',(0.121869343405,0.992546151641,-2.203895181111E-16)
  );
#835 = PCURVE('',#535,#836);
#836 = DEFINITIONAL_REPRESENTATION('',(#837),#841);
#837 = LINE('',#838,#839);
#838 = CARTESIAN_POINT('',(-0.554130404002,-2.65));
#839 = VECTOR('',#840,1.);
#840 = DIRECTION('',(1.,0.));
#841 = ( GEOMETRIC_REPRESENTATION_CONTEXT(2) 
PARAMETRIC_REPRESENTATION_CONTEXT() REPRESENTATION_CONTEXT('2D SPACE',''
  ) );
#842 = PCURVE('',#843,#848);
#843 = PLANE('',#844);
#844 = AXIS2_PLACEMENT_3D('',#845,#846,#847);
#845 = CARTESIAN_POINT('',(3.6,0.8,4.192622342117E-02));
#846 = DIRECTION('',(0.,-2.22044604925E-16,-1.));
#847 = DIRECTION('',(0.,1.,-2.22044604925E-16));
#848 = DEFINITIONAL_REPRESENTATION('',(#849),#853);
#849 = LINE('',#850,#851);
#850 = CARTESIAN_POINT('',(-2.7,-0.135063016993));
#851 = VECTOR('',#852,1.);
#852 = DIRECTION('',(0.992546151641,0.121869343405));
#853 = ( GEOMETRIC_REPRESENTATION_CONTEXT(2) 
PARAMETRIC_REPRESENTATION_CONTEXT() REPRESENTATION_CONTEXT('2D SPACE',''
  ) );
#854 = ORIENTED_EDGE('',*,*,#855,.T.);
#855 = EDGE_CURVE('',#828,#856,#858,.T.);
#856 = VERTEX_POINT('',#857);
#857 = CARTESIAN_POINT('',(3.6,-0.8,5.331444667565));
#858 = SURFACE_CURVE('',#859,(#863,#870),.PCURVE_S1.);
#859 = LINE('',#860,#861);
#860 = CARTESIAN_POINT('',(3.6,-0.8,4.192622342117E-02));
#861 = VECTOR('',#862,1.);
#862 = DIRECTION('',(0.,2.22044604925E-16,1.));
#863 = PCURVE('',#535,#864);
#864 = DEFINITIONAL_REPRESENTATION('',(#865),#869);
#865 = LINE('',#866,#867);
#866 = CARTESIAN_POINT('',(0.554130404002,-2.65));
#867 = VECTOR('',#868,1.);
#868 = DIRECTION('',(0.,1.));
#869 = ( GEOMETRIC_REPRESENTATION_CONTEXT(2) 
PARAMETRIC_REPRESENTATION_CONTEXT() REPRESENTATION_CONTEXT('2D SPACE',''
  ) );
#870 = PCURVE('',#871,#876);
#871 = PLANE('',#872);
#872 = AXIS2_PLACEMENT_3D('',#873,#874,#875);
#873 = CARTESIAN_POINT('',(3.6,0.8,5.341926223421));
#874 = DIRECTION('',(1.,0.,0.));
#875 = DIRECTION('',(0.,1.,-2.22044604925E-16));
#876 = DEFINITIONAL_REPRESENTATION('',(#877),#881);
#877 = LINE('',#878,#879);
#878 = CARTESIAN_POINT('',(-1.6,-5.3));
#879 = VECTOR('',#880,1.);
#880 = DIRECTION('',(0.,1.));
#881 = ( GEOMETRIC_REPRESENTATION_CONTEXT(2) 
PARAMETRIC_REPRESENTATION_CONTEXT() REPRESENTATION_CONTEXT('2D SPACE',''
  ) );
#882 = ORIENTED_EDGE('',*,*,#883,.T.);
#883 = EDGE_CURVE('',#856,#884,#886,.T.);
#884 = VERTEX_POINT('',#885);
#885 = CARTESIAN_POINT('',(3.464936983007,-1.9,5.273796110353));
#886 = SURFACE_CURVE('',#887,(#891,#898),.PCURVE_S1.);
#887 = LINE('',#888,#889);
#888 = CARTESIAN_POINT('',(3.6,-0.8,5.331444667565));
#889 = VECTOR('',#890,1.);
#890 = DIRECTION('',(-0.121704801254,-0.991206063359,-5.194690859252E-02
    ));
#891 = PCURVE('',#535,#892);
#892 = DEFINITIONAL_REPRESENTATION('',(#893),#897);
#893 = LINE('',#894,#895);
#894 = CARTESIAN_POINT('',(0.554130404002,2.639518444143));
#895 = VECTOR('',#896,1.);
#896 = DIRECTION('',(-0.998649847888,-5.194690859253E-02));
#897 = ( GEOMETRIC_REPRESENTATION_CONTEXT(2) 
PARAMETRIC_REPRESENTATION_CONTEXT() REPRESENTATION_CONTEXT('2D SPACE',''
  ) );
#898 = PCURVE('',#899,#904);
#899 = PLANE('',#900);
#900 = AXIS2_PLACEMENT_3D('',#901,#902,#903);
#901 = CARTESIAN_POINT('',(1.136868377216E-13,-1.25,5.307861166887));
#902 = DIRECTION('',(0.,-5.233595624294E-02,0.998629534755));
#903 = DIRECTION('',(0.,-0.998629534755,-5.233595624294E-02));
#904 = DEFINITIONAL_REPRESENTATION('',(#905),#909);
#905 = LINE('',#906,#907);
#906 = CARTESIAN_POINT('',(-0.450617555699,3.6));
#907 = VECTOR('',#908,1.);
#908 = DIRECTION('',(0.992566341033,-0.121704801254));
#909 = ( GEOMETRIC_REPRESENTATION_CONTEXT(2) 
PARAMETRIC_REPRESENTATION_CONTEXT() REPRESENTATION_CONTEXT('2D SPACE',''
  ) );
#910 = ORIENTED_EDGE('',*,*,#911,.T.);
#911 = EDGE_CURVE('',#884,#515,#912,.T.);
#912 = SURFACE_CURVE('',#913,(#917,#924),.PCURVE_S1.);
#913 = LINE('',#914,#915);
#914 = CARTESIAN_POINT('',(3.464936983007,-1.9,5.273796110353));
#915 = VECTOR('',#916,1.);
#916 = DIRECTION('',(0.,-2.22044604925E-16,-1.));
#917 = PCURVE('',#535,#918);
#918 = DEFINITIONAL_REPRESENTATION('',(#919),#923);
#919 = LINE('',#920,#921);
#920 = CARTESIAN_POINT('',(-0.554130404002,2.581869886932));
#921 = VECTOR('',#922,1.);
#922 = DIRECTION('',(0.,-1.));
#923 = ( GEOMETRIC_REPRESENTATION_CONTEXT(2) 
PARAMETRIC_REPRESENTATION_CONTEXT() REPRESENTATION_CONTEXT('2D SPACE',''
  ) );
#924 = PCURVE('',#191,#925);
#925 = DEFINITIONAL_REPRESENTATION('',(#926),#930);
#926 = LINE('',#927,#928);
#927 = CARTESIAN_POINT('',(-0.135063016993,5.231869886932));
#928 = VECTOR('',#929,1.);
#929 = DIRECTION('',(0.,-1.));
#930 = ( GEOMETRIC_REPRESENTATION_CONTEXT(2) 
PARAMETRIC_REPRESENTATION_CONTEXT() REPRESENTATION_CONTEXT('2D SPACE',''
  ) );
#931 = ADVANCED_FACE('',(#932,#1235),#191,.T.);
#932 = FACE_BOUND('',#933,.T.);
#933 = EDGE_LOOP('',(#934,#935,#936,#937,#938,#961,#989,#1017,#1045,
    #1073,#1101,#1129,#1157,#1185,#1213,#1234));
#934 = ORIENTED_EDGE('',*,*,#753,.T.);
#935 = ORIENTED_EDGE('',*,*,#704,.T.);
#936 = ORIENTED_EDGE('',*,*,#547,.T.);
#937 = ORIENTED_EDGE('',*,*,#911,.F.);
#938 = ORIENTED_EDGE('',*,*,#939,.F.);
#939 = EDGE_CURVE('',#940,#884,#942,.T.);
#940 = VERTEX_POINT('',#941);
#941 = CARTESIAN_POINT('',(2.65,-1.9,5.273796110353));
#942 = SURFACE_CURVE('',#943,(#947,#954),.PCURVE_S1.);
#943 = LINE('',#944,#945);
#944 = CARTESIAN_POINT('',(2.65,-1.9,5.273796110353));
#945 = VECTOR('',#946,1.);
#946 = DIRECTION('',(1.,0.,0.));
#947 = PCURVE('',#191,#948);
#948 = DEFINITIONAL_REPRESENTATION('',(#949),#953);
#949 = LINE('',#950,#951);
#950 = CARTESIAN_POINT('',(-0.95,5.231869886932));
#951 = VECTOR('',#952,1.);
#952 = DIRECTION('',(1.,0.));
#953 = ( GEOMETRIC_REPRESENTATION_CONTEXT(2) 
PARAMETRIC_REPRESENTATION_CONTEXT() REPRESENTATION_CONTEXT('2D SPACE',''
  ) );
#954 = PCURVE('',#899,#955);
#955 = DEFINITIONAL_REPRESENTATION('',(#956),#960);
#956 = LINE('',#957,#958);
#957 = CARTESIAN_POINT('',(0.650892024899,2.65));
#958 = VECTOR('',#959,1.);
#959 = DIRECTION('',(0.,1.));
#960 = ( GEOMETRIC_REPRESENTATION_CONTEXT(2) 
PARAMETRIC_REPRESENTATION_CONTEXT() REPRESENTATION_CONTEXT('2D SPACE',''
  ) );
#961 = ORIENTED_EDGE('',*,*,#962,.T.);
#962 = EDGE_CURVE('',#940,#963,#965,.T.);
#963 = VERTEX_POINT('',#964);
#964 = CARTESIAN_POINT('',(2.65,-1.9,4.641558965728));
#965 = SURFACE_CURVE('',#966,(#970,#977),.PCURVE_S1.);
#966 = LINE('',#967,#968);
#967 = CARTESIAN_POINT('',(2.65,-1.9,5.273796110353));
#968 = VECTOR('',#969,1.);
#969 = DIRECTION('',(0.,-2.22044604925E-16,-1.));
#970 = PCURVE('',#191,#971);
#971 = DEFINITIONAL_REPRESENTATION('',(#972),#976);
#972 = LINE('',#973,#974);
#973 = CARTESIAN_POINT('',(-0.95,5.231869886932));
#974 = VECTOR('',#975,1.);
#975 = DIRECTION('',(0.,-1.));
#976 = ( GEOMETRIC_REPRESENTATION_CONTEXT(2) 
PARAMETRIC_REPRESENTATION_CONTEXT() REPRESENTATION_CONTEXT('2D SPACE',''
  ) );
#977 = PCURVE('',#978,#983);
#978 = PLANE('',#979);
#979 = AXIS2_PLACEMENT_3D('',#980,#981,#982);
#980 = CARTESIAN_POINT('',(2.65,0.8,5.341926223421));
#981 = DIRECTION('',(1.,0.,0.));
#982 = DIRECTION('',(0.,1.,-2.22044604925E-16));
#983 = DEFINITIONAL_REPRESENTATION('',(#984),#988);
#984 = LINE('',#985,#986);
#985 = CARTESIAN_POINT('',(-2.7,-6.813011306795E-02));
#986 = VECTOR('',#987,1.);
#987 = DIRECTION('',(0.,-1.));
#988 = ( GEOMETRIC_REPRESENTATION_CONTEXT(2) 
PARAMETRIC_REPRESENTATION_CONTEXT() REPRESENTATION_CONTEXT('2D SPACE',''
  ) );
#989 = ORIENTED_EDGE('',*,*,#990,.F.);
#990 = EDGE_CURVE('',#991,#963,#993,.T.);
#991 = VERTEX_POINT('',#992);
#992 = CARTESIAN_POINT('',(-2.65,-1.9,4.641558965728));
#993 = SURFACE_CURVE('',#994,(#998,#1005),.PCURVE_S1.);
#994 = LINE('',#995,#996);
#995 = CARTESIAN_POINT('',(-2.65,-1.9,4.641558965728));
#996 = VECTOR('',#997,1.);
#997 = DIRECTION('',(1.,0.,0.));
#998 = PCURVE('',#191,#999);
#999 = DEFINITIONAL_REPRESENTATION('',(#1000),#1004);
#1000 = LINE('',#1001,#1002);
#1001 = CARTESIAN_POINT('',(-6.25,4.599632742307));
#1002 = VECTOR('',#1003,1.);
#1003 = DIRECTION('',(1.,0.));
#1004 = ( GEOMETRIC_REPRESENTATION_CONTEXT(2) 
PARAMETRIC_REPRESENTATION_CONTEXT() REPRESENTATION_CONTEXT('2D SPACE',''
  ) );
#1005 = PCURVE('',#1006,#1011);
#1006 = PLANE('',#1007);
#1007 = AXIS2_PLACEMENT_3D('',#1008,#1009,#1010);
#1008 = CARTESIAN_POINT('',(3.125,-1.35,4.841742594575));
#1009 = DIRECTION('',(-1.150754E-16,-0.342020143326,0.939692620786));
#1010 = DIRECTION('',(-5.524127215295E-34,-0.939692620786,
    -0.342020143326));
#1011 = DEFINITIONAL_REPRESENTATION('',(#1012),#1016);
#1012 = LINE('',#1013,#1014);
#1013 = CARTESIAN_POINT('',(0.585297774862,-5.775));
#1014 = VECTOR('',#1015,1.);
#1015 = DIRECTION('',(5.524127215295E-34,1.));
#1016 = ( GEOMETRIC_REPRESENTATION_CONTEXT(2) 
PARAMETRIC_REPRESENTATION_CONTEXT() REPRESENTATION_CONTEXT('2D SPACE',''
  ) );
#1017 = ORIENTED_EDGE('',*,*,#1018,.F.);
#1018 = EDGE_CURVE('',#1019,#991,#1021,.T.);
#1019 = VERTEX_POINT('',#1020);
#1020 = CARTESIAN_POINT('',(-2.65,-1.9,5.273796110353));
#1021 = SURFACE_CURVE('',#1022,(#1026,#1033),.PCURVE_S1.);
#1022 = LINE('',#1023,#1024);
#1023 = CARTESIAN_POINT('',(-2.65,-1.9,5.273796110353));
#1024 = VECTOR('',#1025,1.);
#1025 = DIRECTION('',(0.,-2.22044604925E-16,-1.));
#1026 = PCURVE('',#191,#1027);
#1027 = DEFINITIONAL_REPRESENTATION('',(#1028),#1032);
#1028 = LINE('',#1029,#1030);
#1029 = CARTESIAN_POINT('',(-6.25,5.231869886932));
#1030 = VECTOR('',#1031,1.);
#1031 = DIRECTION('',(0.,-1.));
#1032 = ( GEOMETRIC_REPRESENTATION_CONTEXT(2) 
PARAMETRIC_REPRESENTATION_CONTEXT() REPRESENTATION_CONTEXT('2D SPACE',''
  ) );
#1033 = PCURVE('',#1034,#1039);
#1034 = PLANE('',#1035);
#1035 = AXIS2_PLACEMENT_3D('',#1036,#1037,#1038);
#1036 = CARTESIAN_POINT('',(-2.65,0.8,5.041926223421));
#1037 = DIRECTION('',(-1.,0.,0.));
#1038 = DIRECTION('',(0.,-1.,2.22044604925E-16));
#1039 = DEFINITIONAL_REPRESENTATION('',(#1040),#1044);
#1040 = LINE('',#1041,#1042);
#1041 = CARTESIAN_POINT('',(2.7,0.231869886932));
#1042 = VECTOR('',#1043,1.);
#1043 = DIRECTION('',(0.,-1.));
#1044 = ( GEOMETRIC_REPRESENTATION_CONTEXT(2) 
PARAMETRIC_REPRESENTATION_CONTEXT() REPRESENTATION_CONTEXT('2D SPACE',''
  ) );
#1045 = ORIENTED_EDGE('',*,*,#1046,.F.);
#1046 = EDGE_CURVE('',#1047,#1019,#1049,.T.);
#1047 = VERTEX_POINT('',#1048);
#1048 = CARTESIAN_POINT('',(-3.464936983007,-1.9,5.273796110353));
#1049 = SURFACE_CURVE('',#1050,(#1054,#1061),.PCURVE_S1.);
#1050 = LINE('',#1051,#1052);
#1051 = CARTESIAN_POINT('',(-3.464936983007,-1.9,5.273796110353));
#1052 = VECTOR('',#1053,1.);
#1053 = DIRECTION('',(1.,0.,0.));
#1054 = PCURVE('',#191,#1055);
#1055 = DEFINITIONAL_REPRESENTATION('',(#1056),#1060);
#1056 = LINE('',#1057,#1058);
#1057 = CARTESIAN_POINT('',(-7.064936983007,5.231869886932));
#1058 = VECTOR('',#1059,1.);
#1059 = DIRECTION('',(1.,0.));
#1060 = ( GEOMETRIC_REPRESENTATION_CONTEXT(2) 
PARAMETRIC_REPRESENTATION_CONTEXT() REPRESENTATION_CONTEXT('2D SPACE',''
  ) );
#1061 = PCURVE('',#1062,#1067);
#1062 = PLANE('',#1063);
#1063 = AXIS2_PLACEMENT_3D('',#1064,#1065,#1066);
#1064 = CARTESIAN_POINT('',(1.136868377216E-13,-1.25,5.307861166887));
#1065 = DIRECTION('',(0.,-5.233595624294E-02,0.998629534755));
#1066 = DIRECTION('',(0.,-0.998629534755,-5.233595624294E-02));
#1067 = DEFINITIONAL_REPRESENTATION('',(#1068),#1072);
#1068 = LINE('',#1069,#1070);
#1069 = CARTESIAN_POINT('',(0.650892024899,-3.464936983007));
#1070 = VECTOR('',#1071,1.);
#1071 = DIRECTION('',(0.,1.));
#1072 = ( GEOMETRIC_REPRESENTATION_CONTEXT(2) 
PARAMETRIC_REPRESENTATION_CONTEXT() REPRESENTATION_CONTEXT('2D SPACE',''
  ) );
#1073 = ORIENTED_EDGE('',*,*,#1074,.F.);
#1074 = EDGE_CURVE('',#1075,#1047,#1077,.T.);
#1075 = VERTEX_POINT('',#1076);
#1076 = CARTESIAN_POINT('',(-3.464936983007,-1.9,4.192622342117E-02));
#1077 = SURFACE_CURVE('',#1078,(#1082,#1089),.PCURVE_S1.);
#1078 = LINE('',#1079,#1080);
#1079 = CARTESIAN_POINT('',(-3.464936983007,-1.9,4.192622342117E-02));
#1080 = VECTOR('',#1081,1.);
#1081 = DIRECTION('',(0.,2.22044604925E-16,1.));
#1082 = PCURVE('',#191,#1083);
#1083 = DEFINITIONAL_REPRESENTATION('',(#1084),#1088);
#1084 = LINE('',#1085,#1086);
#1085 = CARTESIAN_POINT('',(-7.064936983007,0.));
#1086 = VECTOR('',#1087,1.);
#1087 = DIRECTION('',(0.,1.));
#1088 = ( GEOMETRIC_REPRESENTATION_CONTEXT(2) 
PARAMETRIC_REPRESENTATION_CONTEXT() REPRESENTATION_CONTEXT('2D SPACE',''
  ) );
#1089 = PCURVE('',#1090,#1095);
#1090 = PLANE('',#1091);
#1091 = AXIS2_PLACEMENT_3D('',#1092,#1093,#1094);
#1092 = CARTESIAN_POINT('',(-3.532468491503,-1.35,4.192622342117E-02));
#1093 = DIRECTION('',(-0.992546151641,-0.121869343405,2.706043020887E-17
    ));
#1094 = DIRECTION('',(0.121869343405,-0.992546151641,2.203895181111E-16)
  );
#1095 = DEFINITIONAL_REPRESENTATION('',(#1096),#1100);
#1096 = LINE('',#1097,#1098);
#1097 = CARTESIAN_POINT('',(0.554130404002,0.));
#1098 = VECTOR('',#1099,1.);
#1099 = DIRECTION('',(0.,1.));
#1100 = ( GEOMETRIC_REPRESENTATION_CONTEXT(2) 
PARAMETRIC_REPRESENTATION_CONTEXT() REPRESENTATION_CONTEXT('2D SPACE',''
  ) );
#1101 = ORIENTED_EDGE('',*,*,#1102,.F.);
#1102 = EDGE_CURVE('',#1103,#1075,#1105,.T.);
#1103 = VERTEX_POINT('',#1104);
#1104 = CARTESIAN_POINT('',(-2.914619929174,-1.9,4.192622342117E-02));
#1105 = SURFACE_CURVE('',#1106,(#1110,#1117),.PCURVE_S1.);
#1106 = LINE('',#1107,#1108);
#1107 = CARTESIAN_POINT('',(-2.914619929174,-1.9,4.192622342117E-02));
#1108 = VECTOR('',#1109,1.);
#1109 = DIRECTION('',(-1.,0.,0.));
#1110 = PCURVE('',#191,#1111);
#1111 = DEFINITIONAL_REPRESENTATION('',(#1112),#1116);
#1112 = LINE('',#1113,#1114);
#1113 = CARTESIAN_POINT('',(-6.514619929174,0.));
#1114 = VECTOR('',#1115,1.);
#1115 = DIRECTION('',(-1.,0.));
#1116 = ( GEOMETRIC_REPRESENTATION_CONTEXT(2) 
PARAMETRIC_REPRESENTATION_CONTEXT() REPRESENTATION_CONTEXT('2D SPACE',''
  ) );
#1117 = PCURVE('',#1118,#1123);
#1118 = PLANE('',#1119);
#1119 = AXIS2_PLACEMENT_3D('',#1120,#1121,#1122);
#1120 = CARTESIAN_POINT('',(3.6,0.8,4.192622342117E-02));
#1121 = DIRECTION('',(0.,-2.22044604925E-16,-1.));
#1122 = DIRECTION('',(0.,1.,-2.22044604925E-16));
#1123 = DEFINITIONAL_REPRESENTATION('',(#1124),#1128);
#1124 = LINE('',#1125,#1126);
#1125 = CARTESIAN_POINT('',(-2.7,-6.514619929174));
#1126 = VECTOR('',#1127,1.);
#1127 = DIRECTION('',(0.,-1.));
#1128 = ( GEOMETRIC_REPRESENTATION_CONTEXT(2) 
PARAMETRIC_REPRESENTATION_CONTEXT() REPRESENTATION_CONTEXT('2D SPACE',''
  ) );
#1129 = ORIENTED_EDGE('',*,*,#1130,.F.);
#1130 = EDGE_CURVE('',#1131,#1103,#1133,.T.);
#1131 = VERTEX_POINT('',#1132);
#1132 = CARTESIAN_POINT('',(-2.914619929174,-1.9,0.6015461526));
#1133 = SURFACE_CURVE('',#1134,(#1138,#1145),.PCURVE_S1.);
#1134 = LINE('',#1135,#1136);
#1135 = CARTESIAN_POINT('',(-2.914619929174,-1.9,0.6015461526));
#1136 = VECTOR('',#1137,1.);
#1137 = DIRECTION('',(0.,-2.22044604925E-16,-1.));
#1138 = PCURVE('',#191,#1139);
#1139 = DEFINITIONAL_REPRESENTATION('',(#1140),#1144);
#1140 = LINE('',#1141,#1142);
#1141 = CARTESIAN_POINT('',(-6.514619929174,0.559619929179));
#1142 = VECTOR('',#1143,1.);
#1143 = DIRECTION('',(0.,-1.));
#1144 = ( GEOMETRIC_REPRESENTATION_CONTEXT(2) 
PARAMETRIC_REPRESENTATION_CONTEXT() REPRESENTATION_CONTEXT('2D SPACE',''
  ) );
#1145 = PCURVE('',#1146,#1151);
#1146 = PLANE('',#1147);
#1147 = AXIS2_PLACEMENT_3D('',#1148,#1149,#1150);
#1148 = CARTESIAN_POINT('',(-2.834809964587,-1.25,4.192622342333E-02));
#1149 = DIRECTION('',(0.992546151641,-0.121869343405,2.706043020887E-17)
  );
#1150 = DIRECTION('',(0.121869343405,0.992546151641,-2.203895181111E-16)
  );
#1151 = DEFINITIONAL_REPRESENTATION('',(#1152),#1156);
#1152 = LINE('',#1153,#1154);
#1153 = CARTESIAN_POINT('',(-0.654881386548,0.559619929176));
#1154 = VECTOR('',#1155,1.);
#1155 = DIRECTION('',(0.,-1.));
#1156 = ( GEOMETRIC_REPRESENTATION_CONTEXT(2) 
PARAMETRIC_REPRESENTATION_CONTEXT() REPRESENTATION_CONTEXT('2D SPACE',''
  ) );
#1157 = ORIENTED_EDGE('',*,*,#1158,.F.);
#1158 = EDGE_CURVE('',#1159,#1131,#1161,.T.);
#1159 = VERTEX_POINT('',#1160);
#1160 = CARTESIAN_POINT('',(2.914619929174,-1.9,0.6015461526));
#1161 = SURFACE_CURVE('',#1162,(#1166,#1173),.PCURVE_S1.);
#1162 = LINE('',#1163,#1164);
#1163 = CARTESIAN_POINT('',(2.914619929174,-1.9,0.6015461526));
#1164 = VECTOR('',#1165,1.);
#1165 = DIRECTION('',(-1.,0.,0.));
#1166 = PCURVE('',#191,#1167);
#1167 = DEFINITIONAL_REPRESENTATION('',(#1168),#1172);
#1168 = LINE('',#1169,#1170);
#1169 = CARTESIAN_POINT('',(-0.685380070827,0.559619929179));
#1170 = VECTOR('',#1171,1.);
#1171 = DIRECTION('',(-1.,0.));
#1172 = ( GEOMETRIC_REPRESENTATION_CONTEXT(2) 
PARAMETRIC_REPRESENTATION_CONTEXT() REPRESENTATION_CONTEXT('2D SPACE',''
  ) );
#1173 = PCURVE('',#1174,#1179);
#1174 = PLANE('',#1175);
#1175 = AXIS2_PLACEMENT_3D('',#1176,#1177,#1178);
#1176 = CARTESIAN_POINT('',(0.4225,-1.25,0.521736188013));
#1177 = DIRECTION('',(0.,-0.121869343405,-0.992546151641));
#1178 = DIRECTION('',(0.,0.992546151641,-0.121869343405));
#1179 = DEFINITIONAL_REPRESENTATION('',(#1180),#1184);
#1180 = LINE('',#1181,#1182);
#1181 = CARTESIAN_POINT('',(-0.654881386548,2.492119929174));
#1182 = VECTOR('',#1183,1.);
#1183 = DIRECTION('',(-0.,-1.));
#1184 = ( GEOMETRIC_REPRESENTATION_CONTEXT(2) 
PARAMETRIC_REPRESENTATION_CONTEXT() REPRESENTATION_CONTEXT('2D SPACE',''
  ) );
#1185 = ORIENTED_EDGE('',*,*,#1186,.F.);
#1186 = EDGE_CURVE('',#1187,#1159,#1189,.T.);
#1187 = VERTEX_POINT('',#1188);
#1188 = CARTESIAN_POINT('',(2.914619929174,-1.9,4.192622342117E-02));
#1189 = SURFACE_CURVE('',#1190,(#1194,#1201),.PCURVE_S1.);
#1190 = LINE('',#1191,#1192);
#1191 = CARTESIAN_POINT('',(2.914619929174,-1.9,4.192622342117E-02));
#1192 = VECTOR('',#1193,1.);
#1193 = DIRECTION('',(0.,2.22044604925E-16,1.));
#1194 = PCURVE('',#191,#1195);
#1195 = DEFINITIONAL_REPRESENTATION('',(#1196),#1200);
#1196 = LINE('',#1197,#1198);
#1197 = CARTESIAN_POINT('',(-0.685380070827,0.));
#1198 = VECTOR('',#1199,1.);
#1199 = DIRECTION('',(0.,1.));
#1200 = ( GEOMETRIC_REPRESENTATION_CONTEXT(2) 
PARAMETRIC_REPRESENTATION_CONTEXT() REPRESENTATION_CONTEXT('2D SPACE',''
  ) );
#1201 = PCURVE('',#1202,#1207);
#1202 = PLANE('',#1203);
#1203 = AXIS2_PLACEMENT_3D('',#1204,#1205,#1206);
#1204 = CARTESIAN_POINT('',(2.834809964587,-1.25,0.241926223424));
#1205 = DIRECTION('',(-0.992546151641,-0.121869343405,2.706043020887E-17
    ));
#1206 = DIRECTION('',(0.121869343405,-0.992546151641,2.203895181111E-16)
  );
#1207 = DEFINITIONAL_REPRESENTATION('',(#1208),#1212);
#1208 = LINE('',#1209,#1210);
#1209 = CARTESIAN_POINT('',(0.654881386548,-0.200000000002));
#1210 = VECTOR('',#1211,1.);
#1211 = DIRECTION('',(0.,1.));
#1212 = ( GEOMETRIC_REPRESENTATION_CONTEXT(2) 
PARAMETRIC_REPRESENTATION_CONTEXT() REPRESENTATION_CONTEXT('2D SPACE',''
  ) );
#1213 = ORIENTED_EDGE('',*,*,#1214,.F.);
#1214 = EDGE_CURVE('',#805,#1187,#1215,.T.);
#1215 = SURFACE_CURVE('',#1216,(#1220,#1227),.PCURVE_S1.);
#1216 = LINE('',#1217,#1218);
#1217 = CARTESIAN_POINT('',(3.464936983007,-1.9,4.192622342117E-02));
#1218 = VECTOR('',#1219,1.);
#1219 = DIRECTION('',(-1.,0.,0.));
#1220 = PCURVE('',#191,#1221);
#1221 = DEFINITIONAL_REPRESENTATION('',(#1222),#1226);
#1222 = LINE('',#1223,#1224);
#1223 = CARTESIAN_POINT('',(-0.135063016993,0.));
#1224 = VECTOR('',#1225,1.);
#1225 = DIRECTION('',(-1.,0.));
#1226 = ( GEOMETRIC_REPRESENTATION_CONTEXT(2) 
PARAMETRIC_REPRESENTATION_CONTEXT() REPRESENTATION_CONTEXT('2D SPACE',''
  ) );
#1227 = PCURVE('',#843,#1228);
#1228 = DEFINITIONAL_REPRESENTATION('',(#1229),#1233);
#1229 = LINE('',#1230,#1231);
#1230 = CARTESIAN_POINT('',(-2.7,-0.135063016993));
#1231 = VECTOR('',#1232,1.);
#1232 = DIRECTION('',(0.,-1.));
#1233 = ( GEOMETRIC_REPRESENTATION_CONTEXT(2) 
PARAMETRIC_REPRESENTATION_CONTEXT() REPRESENTATION_CONTEXT('2D SPACE',''
  ) );
#1234 = ORIENTED_EDGE('',*,*,#804,.F.);
#1235 = FACE_BOUND('',#1236,.T.);
#1236 = EDGE_LOOP('',(#1237,#1285));
#1237 = ORIENTED_EDGE('',*,*,#1238,.T.);
#1238 = EDGE_CURVE('',#139,#175,#1239,.T.);
#1239 = SURFACE_CURVE('',#1240,(#1245,#1256),.PCURVE_S1.);
#1240 = CIRCLE('',#1241,1.7);
#1241 = AXIS2_PLACEMENT_3D('',#1242,#1243,#1244);
#1242 = CARTESIAN_POINT('',(9.059419772162E-14,-1.9,2.841926223421));
#1243 = DIRECTION('',(0.,1.,-2.22044604925E-16));
#1244 = DIRECTION('',(0.,2.22044604925E-16,1.));
#1245 = PCURVE('',#191,#1246);
#1246 = DEFINITIONAL_REPRESENTATION('',(#1247),#1255);
#1247 = ( BOUNDED_CURVE() B_SPLINE_CURVE(2,(#1248,#1249,#1250,#1251,
#1252,#1253,#1254),.UNSPECIFIED.,.T.,.F.) B_SPLINE_CURVE_WITH_KNOTS((1,2
    ,2,2,2,1),(-2.094395102393,0.,2.094395102393,4.188790204786,
6.28318530718,8.377580409573),.UNSPECIFIED.) CURVE() 
GEOMETRIC_REPRESENTATION_ITEM() RATIONAL_B_SPLINE_CURVE((1.,0.5,1.,0.5,
1.,0.5,1.)) REPRESENTATION_ITEM('') );
#1248 = CARTESIAN_POINT('',(-3.6,4.5));
#1249 = CARTESIAN_POINT('',(-0.655513627133,4.5));
#1250 = CARTESIAN_POINT('',(-2.127756813567,1.95));
#1251 = CARTESIAN_POINT('',(-3.6,-0.6));
#1252 = CARTESIAN_POINT('',(-5.072243186434,1.95));
#1253 = CARTESIAN_POINT('',(-6.544486372867,4.5));
#1254 = CARTESIAN_POINT('',(-3.6,4.5));
#1255 = ( GEOMETRIC_REPRESENTATION_CONTEXT(2) 
PARAMETRIC_REPRESENTATION_CONTEXT() REPRESENTATION_CONTEXT('2D SPACE',''
  ) );
#1256 = PCURVE('',#162,#1257);
#1257 = DEFINITIONAL_REPRESENTATION('',(#1258),#1284);
#1258 = B_SPLINE_CURVE_WITH_KNOTS('',3,(#1259,#1260,#1261,#1262,#1263,
    #1264,#1265,#1266,#1267,#1268,#1269,#1270,#1271,#1272,#1273,#1274,
    #1275,#1276,#1277,#1278,#1279,#1280,#1281,#1282,#1283),
  .UNSPECIFIED.,.F.,.F.,(4,1,1,1,1,1,1,1,1,1,1,1,1,1,1,1,1,1,1,1,1,1,4),
  (1.570796326795,1.713595992867,1.856395658939,1.999195325012,
    2.141994991084,2.284794657156,2.427594323228,2.570393989301,
    2.713193655373,2.855993321445,2.998792987518,3.14159265359,
    3.284392319662,3.427191985734,3.569991651807,3.712791317879,
    3.855590983951,3.998390650023,4.141190316096,4.283989982168,
    4.42678964824,4.569589314312,4.712388980385),.QUASI_UNIFORM_KNOTS.);
#1259 = CARTESIAN_POINT('',(6.28318530718,0.));
#1260 = CARTESIAN_POINT('',(6.235585418489,0.));
#1261 = CARTESIAN_POINT('',(6.140385641107,0.));
#1262 = CARTESIAN_POINT('',(5.997585975035,0.));
#1263 = CARTESIAN_POINT('',(5.854786308963,0.));
#1264 = CARTESIAN_POINT('',(5.711986642891,0.));
#1265 = CARTESIAN_POINT('',(5.569186976818,0.));
#1266 = CARTESIAN_POINT('',(5.426387310746,0.));
#1267 = CARTESIAN_POINT('',(5.283587644674,0.));
#1268 = CARTESIAN_POINT('',(5.140787978601,0.));
#1269 = CARTESIAN_POINT('',(4.997988312529,0.));
#1270 = CARTESIAN_POINT('',(4.855188646457,0.));
#1271 = CARTESIAN_POINT('',(4.712388980385,0.));
#1272 = CARTESIAN_POINT('',(4.569589314312,0.));
#1273 = CARTESIAN_POINT('',(4.42678964824,0.));
#1274 = CARTESIAN_POINT('',(4.283989982168,0.));
#1275 = CARTESIAN_POINT('',(4.141190316096,0.));
#1276 = CARTESIAN_POINT('',(3.998390650023,0.));
#1277 = CARTESIAN_POINT('',(3.855590983951,0.));
#1278 = CARTESIAN_POINT('',(3.712791317879,0.));
#1279 = CARTESIAN_POINT('',(3.569991651807,0.));
#1280 = CARTESIAN_POINT('',(3.427191985734,0.));
#1281 = CARTESIAN_POINT('',(3.284392319662,0.));
#1282 = CARTESIAN_POINT('',(3.189192542281,0.));
#1283 = CARTESIAN_POINT('',(3.14159265359,0.));
#1284 = ( GEOMETRIC_REPRESENTATION_CONTEXT(2) 
PARAMETRIC_REPRESENTATION_CONTEXT() REPRESENTATION_CONTEXT('2D SPACE',''
  ) );
#1285 = ORIENTED_EDGE('',*,*,#174,.T.);
#1286 = ADVANCED_FACE('',(#1287),#246,.T.);
#1287 = FACE_BOUND('',#1288,.T.);
#1288 = EDGE_LOOP('',(#1289,#1337));
#1289 = ORIENTED_EDGE('',*,*,#1290,.F.);
#1290 = EDGE_CURVE('',#141,#208,#1291,.T.);
#1291 = SURFACE_CURVE('',#1292,(#1297,#1308),.PCURVE_S1.);
#1292 = CIRCLE('',#1293,1.09544511501);
#1293 = AXIS2_PLACEMENT_3D('',#1294,#1295,#1296);
#1294 = CARTESIAN_POINT('',(9.094643772162E-14,-3.2,2.841926223421));
#1295 = DIRECTION('',(0.,1.,-2.22044604925E-16));
#1296 = DIRECTION('',(1.,0.,0.));
#1297 = PCURVE('',#246,#1298);
#1298 = DEFINITIONAL_REPRESENTATION('',(#1299),#1307);
#1299 = ( BOUNDED_CURVE() B_SPLINE_CURVE(2,(#1300,#1301,#1302,#1303,
#1304,#1305,#1306),.UNSPECIFIED.,.T.,.F.) B_SPLINE_CURVE_WITH_KNOTS((1,2
    ,2,2,2,1),(-2.094395102393,0.,2.094395102393,4.188790204786,
6.28318530718,8.377580409573),.UNSPECIFIED.) CURVE() 
GEOMETRIC_REPRESENTATION_ITEM() RATIONAL_B_SPLINE_CURVE((1.,0.5,1.,0.5,
1.,0.5,1.)) REPRESENTATION_ITEM('') );
#1300 = CARTESIAN_POINT('',(0.547722557505,0.));
#1301 = CARTESIAN_POINT('',(0.547722557505,-1.897366596101));
#1302 = CARTESIAN_POINT('',(-1.09544511501,-0.948683298051));
#1303 = CARTESIAN_POINT('',(-2.738612787526,-2.683066707478E-16));
#1304 = CARTESIAN_POINT('',(-1.09544511501,0.948683298051));
#1305 = CARTESIAN_POINT('',(0.547722557505,1.897366596101));
#1306 = CARTESIAN_POINT('',(0.547722557505,0.));
#1307 = ( GEOMETRIC_REPRESENTATION_CONTEXT(2) 
PARAMETRIC_REPRESENTATION_CONTEXT() REPRESENTATION_CONTEXT('2D SPACE',''
  ) );
#1308 = PCURVE('',#162,#1309);
#1309 = DEFINITIONAL_REPRESENTATION('',(#1310),#1336);
#1310 = B_SPLINE_CURVE_WITH_KNOTS('',3,(#1311,#1312,#1313,#1314,#1315,
    #1316,#1317,#1318,#1319,#1320,#1321,#1322,#1323,#1324,#1325,#1326,
    #1327,#1328,#1329,#1330,#1331,#1332,#1333,#1334,#1335),
  .UNSPECIFIED.,.F.,.F.,(4,1,1,1,1,1,1,1,1,1,1,1,1,1,1,1,1,1,1,1,1,1,4),
  (0.,0.142799666072,0.285599332145,0.428398998217,0.571198664289,
    0.713998330361,0.856797996434,0.999597662506,1.142397328578,
    1.28519699465,1.427996660723,1.570796326795,1.713595992867,
    1.856395658939,1.999195325012,2.141994991084,2.284794657156,
    2.427594323228,2.570393989301,2.713193655373,2.855993321445,
    2.998792987518,3.14159265359),.QUASI_UNIFORM_KNOTS.);
#1311 = CARTESIAN_POINT('',(6.28318530718,0.870584771261));
#1312 = CARTESIAN_POINT('',(6.235585418489,0.870584771261));
#1313 = CARTESIAN_POINT('',(6.140385641107,0.870584771261));
#1314 = CARTESIAN_POINT('',(5.997585975035,0.870584771261));
#1315 = CARTESIAN_POINT('',(5.854786308963,0.870584771261));
#1316 = CARTESIAN_POINT('',(5.711986642891,0.870584771261));
#1317 = CARTESIAN_POINT('',(5.569186976818,0.870584771261));
#1318 = CARTESIAN_POINT('',(5.426387310746,0.870584771261));
#1319 = CARTESIAN_POINT('',(5.283587644674,0.870584771261));
#1320 = CARTESIAN_POINT('',(5.140787978601,0.870584771261));
#1321 = CARTESIAN_POINT('',(4.997988312529,0.870584771261));
#1322 = CARTESIAN_POINT('',(4.855188646457,0.870584771261));
#1323 = CARTESIAN_POINT('',(4.712388980385,0.870584771261));
#1324 = CARTESIAN_POINT('',(4.569589314312,0.870584771261));
#1325 = CARTESIAN_POINT('',(4.42678964824,0.870584771261));
#1326 = CARTESIAN_POINT('',(4.283989982168,0.870584771261));
#1327 = CARTESIAN_POINT('',(4.141190316096,0.870584771261));
#1328 = CARTESIAN_POINT('',(3.998390650023,0.870584771261));
#1329 = CARTESIAN_POINT('',(3.855590983951,0.870584771261));
#1330 = CARTESIAN_POINT('',(3.712791317879,0.870584771261));
#1331 = CARTESIAN_POINT('',(3.569991651807,0.870584771261));
#1332 = CARTESIAN_POINT('',(3.427191985734,0.870584771261));
#1333 = CARTESIAN_POINT('',(3.284392319662,0.870584771261));
#1334 = CARTESIAN_POINT('',(3.189192542281,0.870584771261));
#1335 = CARTESIAN_POINT('',(3.14159265359,0.870584771261));
#1336 = ( GEOMETRIC_REPRESENTATION_CONTEXT(2) 
PARAMETRIC_REPRESENTATION_CONTEXT() REPRESENTATION_CONTEXT('2D SPACE',''
  ) );
#1337 = ORIENTED_EDGE('',*,*,#231,.F.);
#1338 = ADVANCED_FACE('',(#1339),#162,.T.);
#1339 = FACE_BOUND('',#1340,.T.);
#1340 = EDGE_LOOP('',(#1341,#1342,#1343,#1344));
#1341 = ORIENTED_EDGE('',*,*,#138,.T.);
#1342 = ORIENTED_EDGE('',*,*,#1290,.T.);
#1343 = ORIENTED_EDGE('',*,*,#207,.T.);
#1344 = ORIENTED_EDGE('',*,*,#1238,.F.);
#1345 = ADVANCED_FACE('',(#1346),#73,.F.);
#1346 = FACE_BOUND('',#1347,.F.);
#1347 = EDGE_LOOP('',(#1348,#1370,#1371,#1393));
#1348 = ORIENTED_EDGE('',*,*,#1349,.T.);
#1349 = EDGE_CURVE('',#86,#58,#1350,.T.);
#1350 = SURFACE_CURVE('',#1351,(#1356,#1363),.PCURVE_S1.);
#1351 = CIRCLE('',#1352,1.5);
#1352 = AXIS2_PLACEMENT_3D('',#1353,#1354,#1355);
#1353 = CARTESIAN_POINT('',(9.103828772162E-14,0.4,2.341926223421));
#1354 = DIRECTION('',(0.,1.,-2.22044604925E-16));
#1355 = DIRECTION('',(-1.,0.,0.));
#1356 = PCURVE('',#73,#1357);
#1357 = DEFINITIONAL_REPRESENTATION('',(#1358),#1362);
#1358 = LINE('',#1359,#1360);
#1359 = CARTESIAN_POINT('',(6.28318530718,1.E-01));
#1360 = VECTOR('',#1361,1.);
#1361 = DIRECTION('',(-1.,0.));
#1362 = ( GEOMETRIC_REPRESENTATION_CONTEXT(2) 
PARAMETRIC_REPRESENTATION_CONTEXT() REPRESENTATION_CONTEXT('2D SPACE',''
  ) );
#1363 = PCURVE('',#102,#1364);
#1364 = DEFINITIONAL_REPRESENTATION('',(#1365),#1369);
#1365 = CIRCLE('',#1366,1.5);
#1366 = AXIS2_PLACEMENT_2D('',#1367,#1368);
#1367 = CARTESIAN_POINT('',(0.,0.));
#1368 = DIRECTION('',(1.,0.));
#1369 = ( GEOMETRIC_REPRESENTATION_CONTEXT(2) 
PARAMETRIC_REPRESENTATION_CONTEXT() REPRESENTATION_CONTEXT('2D SPACE',''
  ) );
#1370 = ORIENTED_EDGE('',*,*,#57,.F.);
#1371 = ORIENTED_EDGE('',*,*,#1372,.T.);
#1372 = EDGE_CURVE('',#24,#22,#1373,.T.);
#1373 = SURFACE_CURVE('',#1374,(#1379,#1386),.PCURVE_S1.);
#1374 = CIRCLE('',#1375,1.5);
#1375 = AXIS2_PLACEMENT_3D('',#1376,#1377,#1378);
#1376 = CARTESIAN_POINT('',(9.103828772162E-14,0.5,2.341926223421));
#1377 = DIRECTION('',(0.,-1.,2.22044604925E-16));
#1378 = DIRECTION('',(-1.,0.,0.));
#1379 = PCURVE('',#73,#1380);
#1380 = DEFINITIONAL_REPRESENTATION('',(#1381),#1385);
#1381 = LINE('',#1382,#1383);
#1382 = CARTESIAN_POINT('',(0.,0.));
#1383 = VECTOR('',#1384,1.);
#1384 = DIRECTION('',(1.,0.));
#1385 = ( GEOMETRIC_REPRESENTATION_CONTEXT(2) 
PARAMETRIC_REPRESENTATION_CONTEXT() REPRESENTATION_CONTEXT('2D SPACE',''
  ) );
#1386 = PCURVE('',#45,#1387);
#1387 = DEFINITIONAL_REPRESENTATION('',(#1388),#1392);
#1388 = CIRCLE('',#1389,1.5);
#1389 = AXIS2_PLACEMENT_2D('',#1390,#1391);
#1390 = CARTESIAN_POINT('',(-3.6,2.3));
#1391 = DIRECTION('',(-1.,0.));
#1392 = ( GEOMETRIC_REPRESENTATION_CONTEXT(2) 
PARAMETRIC_REPRESENTATION_CONTEXT() REPRESENTATION_CONTEXT('2D SPACE',''
  ) );
#1393 = ORIENTED_EDGE('',*,*,#114,.F.);
#1394 = ADVANCED_FACE('',(#1395),#102,.T.);
#1395 = FACE_BOUND('',#1396,.T.);
#1396 = EDGE_LOOP('',(#1397,#1398));
#1397 = ORIENTED_EDGE('',*,*,#1349,.T.);
#1398 = ORIENTED_EDGE('',*,*,#85,.T.);
#1399 = ADVANCED_FACE('',(#1400,#1448),#45,.F.);
#1400 = FACE_BOUND('',#1401,.T.);
#1401 = EDGE_LOOP('',(#1402,#1403,#1404,#1427));
#1402 = ORIENTED_EDGE('',*,*,#381,.F.);
#1403 = ORIENTED_EDGE('',*,*,#356,.T.);
#1404 = ORIENTED_EDGE('',*,*,#1405,.F.);
#1405 = EDGE_CURVE('',#1406,#329,#1408,.T.);
#1406 = VERTEX_POINT('',#1407);
#1407 = CARTESIAN_POINT('',(3.439936983007,0.5,0.601989240419));
#1408 = SURFACE_CURVE('',#1409,(#1413,#1420),.PCURVE_S1.);
#1409 = LINE('',#1410,#1411);
#1410 = CARTESIAN_POINT('',(3.439936983007,0.5,0.601989240419));
#1411 = VECTOR('',#1412,1.);
#1412 = DIRECTION('',(0.,2.22044604925E-16,1.));
#1413 = PCURVE('',#45,#1414);
#1414 = DEFINITIONAL_REPRESENTATION('',(#1415),#1419);
#1415 = LINE('',#1416,#1417);
#1416 = CARTESIAN_POINT('',(-0.160063016993,0.560063016998));
#1417 = VECTOR('',#1418,1.);
#1418 = DIRECTION('',(0.,1.));
#1419 = ( GEOMETRIC_REPRESENTATION_CONTEXT(2) 
PARAMETRIC_REPRESENTATION_CONTEXT() REPRESENTATION_CONTEXT('2D SPACE',''
  ) );
#1420 = PCURVE('',#344,#1421);
#1421 = DEFINITIONAL_REPRESENTATION('',(#1422),#1426);
#1422 = LINE('',#1423,#1424);
#1423 = CARTESIAN_POINT('',(0.403003930184,-0.977436983004));
#1424 = VECTOR('',#1425,1.);
#1425 = DIRECTION('',(-4.901033699396E-34,1.));
#1426 = ( GEOMETRIC_REPRESENTATION_CONTEXT(2) 
PARAMETRIC_REPRESENTATION_CONTEXT() REPRESENTATION_CONTEXT('2D SPACE',''
  ) );
#1427 = ORIENTED_EDGE('',*,*,#1428,.F.);
#1428 = EDGE_CURVE('',#382,#1406,#1429,.T.);
#1429 = SURFACE_CURVE('',#1430,(#1434,#1441),.PCURVE_S1.);
#1430 = LINE('',#1431,#1432);
#1431 = CARTESIAN_POINT('',(-3.439936983007,0.5,0.601989240419));
#1432 = VECTOR('',#1433,1.);
#1433 = DIRECTION('',(1.,0.,0.));
#1434 = PCURVE('',#45,#1435);
#1435 = DEFINITIONAL_REPRESENTATION('',(#1436),#1440);
#1436 = LINE('',#1437,#1438);
#1437 = CARTESIAN_POINT('',(-7.039936983007,0.560063016998));
#1438 = VECTOR('',#1439,1.);
#1439 = DIRECTION('',(1.,0.));
#1440 = ( GEOMETRIC_REPRESENTATION_CONTEXT(2) 
PARAMETRIC_REPRESENTATION_CONTEXT() REPRESENTATION_CONTEXT('2D SPACE',''
  ) );
#1441 = PCURVE('',#420,#1442);
#1442 = DEFINITIONAL_REPRESENTATION('',(#1443),#1447);
#1443 = LINE('',#1444,#1445);
#1444 = CARTESIAN_POINT('',(0.403003930184,-1.652436983007));
#1445 = VECTOR('',#1446,1.);
#1446 = DIRECTION('',(-4.901033699396E-34,1.));
#1447 = ( GEOMETRIC_REPRESENTATION_CONTEXT(2) 
PARAMETRIC_REPRESENTATION_CONTEXT() REPRESENTATION_CONTEXT('2D SPACE',''
  ) );
#1448 = FACE_BOUND('',#1449,.T.);
#1449 = EDGE_LOOP('',(#1450,#1451));
#1450 = ORIENTED_EDGE('',*,*,#21,.T.);
#1451 = ORIENTED_EDGE('',*,*,#1372,.T.);
#1452 = ADVANCED_FACE('',(#1453),#420,.T.);
#1453 = FACE_BOUND('',#1454,.T.);
#1454 = EDGE_LOOP('',(#1455,#1456,#1479,#1500));
#1455 = ORIENTED_EDGE('',*,*,#1428,.T.);
#1456 = ORIENTED_EDGE('',*,*,#1457,.T.);
#1457 = EDGE_CURVE('',#1406,#1458,#1460,.T.);
#1458 = VERTEX_POINT('',#1459);
#1459 = CARTESIAN_POINT('',(3.575,-0.6,0.466926223426));
#1460 = SURFACE_CURVE('',#1461,(#1465,#1472),.PCURVE_S1.);
#1461 = LINE('',#1462,#1463);
#1462 = CARTESIAN_POINT('',(3.439936983007,0.5,0.601989240419));
#1463 = VECTOR('',#1464,1.);
#1464 = DIRECTION('',(0.120974291151,-0.985256536015,-0.120974291151));
#1465 = PCURVE('',#420,#1466);
#1466 = DEFINITIONAL_REPRESENTATION('',(#1467),#1471);
#1467 = LINE('',#1468,#1469);
#1468 = CARTESIAN_POINT('',(0.403003930184,5.227436983007));
#1469 = VECTOR('',#1470,1.);
#1470 = DIRECTION('',(-0.992655640633,0.120974291151));
#1471 = ( GEOMETRIC_REPRESENTATION_CONTEXT(2) 
PARAMETRIC_REPRESENTATION_CONTEXT() REPRESENTATION_CONTEXT('2D SPACE',''
  ) );
#1472 = PCURVE('',#344,#1473);
#1473 = DEFINITIONAL_REPRESENTATION('',(#1474),#1478);
#1474 = LINE('',#1475,#1476);
#1475 = CARTESIAN_POINT('',(0.403003930184,-0.977436983004));
#1476 = VECTOR('',#1477,1.);
#1477 = DIRECTION('',(-0.992655640633,-0.120974291151));
#1478 = ( GEOMETRIC_REPRESENTATION_CONTEXT(2) 
PARAMETRIC_REPRESENTATION_CONTEXT() REPRESENTATION_CONTEXT('2D SPACE',''
  ) );
#1479 = ORIENTED_EDGE('',*,*,#1480,.F.);
#1480 = EDGE_CURVE('',#405,#1458,#1481,.T.);
#1481 = SURFACE_CURVE('',#1482,(#1486,#1493),.PCURVE_S1.);
#1482 = LINE('',#1483,#1484);
#1483 = CARTESIAN_POINT('',(-3.575,-0.6,0.466926223426));
#1484 = VECTOR('',#1485,1.);
#1485 = DIRECTION('',(1.,0.,0.));
#1486 = PCURVE('',#420,#1487);
#1487 = DEFINITIONAL_REPRESENTATION('',(#1488),#1492);
#1488 = LINE('',#1489,#1490);
#1489 = CARTESIAN_POINT('',(-0.705256877821,-1.7875));
#1490 = VECTOR('',#1491,1.);
#1491 = DIRECTION('',(-4.901033699396E-34,1.));
#1492 = ( GEOMETRIC_REPRESENTATION_CONTEXT(2) 
PARAMETRIC_REPRESENTATION_CONTEXT() REPRESENTATION_CONTEXT('2D SPACE',''
  ) );
#1493 = PCURVE('',#448,#1494);
#1494 = DEFINITIONAL_REPRESENTATION('',(#1495),#1499);
#1495 = LINE('',#1496,#1497);
#1496 = CARTESIAN_POINT('',(-3.575,-4.374999999995));
#1497 = VECTOR('',#1498,1.);
#1498 = DIRECTION('',(1.,0.));
#1499 = ( GEOMETRIC_REPRESENTATION_CONTEXT(2) 
PARAMETRIC_REPRESENTATION_CONTEXT() REPRESENTATION_CONTEXT('2D SPACE',''
  ) );
#1500 = ORIENTED_EDGE('',*,*,#404,.T.);
#1501 = ADVANCED_FACE('',(#1502),#344,.T.);
#1502 = FACE_BOUND('',#1503,.T.);
#1503 = EDGE_LOOP('',(#1504,#1505,#1528,#1556,#1577,#1578));
#1504 = ORIENTED_EDGE('',*,*,#328,.F.);
#1505 = ORIENTED_EDGE('',*,*,#1506,.T.);
#1506 = EDGE_CURVE('',#301,#1507,#1509,.T.);
#1507 = VERTEX_POINT('',#1508);
#1508 = CARTESIAN_POINT('',(3.403101614736,0.8,5.243555332425));
#1509 = SURFACE_CURVE('',#1510,(#1514,#1521),.PCURVE_S1.);
#1510 = LINE('',#1511,#1512);
#1511 = CARTESIAN_POINT('',(3.403101614736,0.8,4.078761591692));
#1512 = VECTOR('',#1513,1.);
#1513 = DIRECTION('',(0.,2.22044604925E-16,1.));
#1514 = PCURVE('',#344,#1515);
#1515 = DEFINITIONAL_REPRESENTATION('',(#1516),#1520);
#1516 = LINE('',#1517,#1518);
#1517 = CARTESIAN_POINT('',(0.705256877821,2.499335368268));
#1518 = VECTOR('',#1519,1.);
#1519 = DIRECTION('',(-4.901033699396E-34,1.));
#1520 = ( GEOMETRIC_REPRESENTATION_CONTEXT(2) 
PARAMETRIC_REPRESENTATION_CONTEXT() REPRESENTATION_CONTEXT('2D SPACE',''
  ) );
#1521 = PCURVE('',#316,#1522);
#1522 = DEFINITIONAL_REPRESENTATION('',(#1523),#1527);
#1523 = LINE('',#1524,#1525);
#1524 = CARTESIAN_POINT('',(3.403101614736,1.386835368271));
#1525 = VECTOR('',#1526,1.);
#1526 = DIRECTION('',(0.,1.));
#1527 = ( GEOMETRIC_REPRESENTATION_CONTEXT(2) 
PARAMETRIC_REPRESENTATION_CONTEXT() REPRESENTATION_CONTEXT('2D SPACE',''
  ) );
#1528 = ORIENTED_EDGE('',*,*,#1529,.T.);
#1529 = EDGE_CURVE('',#1507,#1530,#1532,.T.);
#1530 = VERTEX_POINT('',#1531);
#1531 = CARTESIAN_POINT('',(3.575,-0.6,5.316926223421));
#1532 = SURFACE_CURVE('',#1533,(#1537,#1544),.PCURVE_S1.);
#1533 = LINE('',#1534,#1535);
#1534 = CARTESIAN_POINT('',(3.403101614736,0.8,5.243555332425));
#1535 = VECTOR('',#1536,1.);
#1536 = DIRECTION('',(0.121704801254,-0.991206063359,5.194690859253E-02)
  );
#1537 = PCURVE('',#344,#1538);
#1538 = DEFINITIONAL_REPRESENTATION('',(#1539),#1543);
#1539 = LINE('',#1540,#1541);
#1540 = CARTESIAN_POINT('',(0.705256877821,3.664129109001));
#1541 = VECTOR('',#1542,1.);
#1542 = DIRECTION('',(-0.998649847888,5.194690859253E-02));
#1543 = ( GEOMETRIC_REPRESENTATION_CONTEXT(2) 
PARAMETRIC_REPRESENTATION_CONTEXT() REPRESENTATION_CONTEXT('2D SPACE',''
  ) );
#1544 = PCURVE('',#1545,#1550);
#1545 = PLANE('',#1546);
#1546 = AXIS2_PLACEMENT_3D('',#1547,#1548,#1549);
#1547 = CARTESIAN_POINT('',(1.7875,9.999999999981E-02,5.280240777923));
#1548 = DIRECTION('',(0.,5.233595624294E-02,0.998629534755));
#1549 = DIRECTION('',(0.,-0.998629534755,5.233595624294E-02));
#1550 = DEFINITIONAL_REPRESENTATION('',(#1551),#1555);
#1551 = LINE('',#1552,#1553);
#1552 = CARTESIAN_POINT('',(-0.700960642199,1.615601614736));
#1553 = VECTOR('',#1554,1.);
#1554 = DIRECTION('',(0.992566341033,0.121704801254));
#1555 = ( GEOMETRIC_REPRESENTATION_CONTEXT(2) 
PARAMETRIC_REPRESENTATION_CONTEXT() REPRESENTATION_CONTEXT('2D SPACE',''
  ) );
#1556 = ORIENTED_EDGE('',*,*,#1557,.F.);
#1557 = EDGE_CURVE('',#1458,#1530,#1558,.T.);
#1558 = SURFACE_CURVE('',#1559,(#1563,#1570),.PCURVE_S1.);
#1559 = LINE('',#1560,#1561);
#1560 = CARTESIAN_POINT('',(3.575,-0.6,0.466926223426));
#1561 = VECTOR('',#1562,1.);
#1562 = DIRECTION('',(0.,2.22044604925E-16,1.));
#1563 = PCURVE('',#344,#1564);
#1564 = DEFINITIONAL_REPRESENTATION('',(#1565),#1569);
#1565 = LINE('',#1566,#1567);
#1566 = CARTESIAN_POINT('',(-0.705256877821,-1.112499999998));
#1567 = VECTOR('',#1568,1.);
#1568 = DIRECTION('',(-4.901033699396E-34,1.));
#1569 = ( GEOMETRIC_REPRESENTATION_CONTEXT(2) 
PARAMETRIC_REPRESENTATION_CONTEXT() REPRESENTATION_CONTEXT('2D SPACE',''
  ) );
#1570 = PCURVE('',#448,#1571);
#1571 = DEFINITIONAL_REPRESENTATION('',(#1572),#1576);
#1572 = LINE('',#1573,#1574);
#1573 = CARTESIAN_POINT('',(3.575,-4.374999999995));
#1574 = VECTOR('',#1575,1.);
#1575 = DIRECTION('',(0.,1.));
#1576 = ( GEOMETRIC_REPRESENTATION_CONTEXT(2) 
PARAMETRIC_REPRESENTATION_CONTEXT() REPRESENTATION_CONTEXT('2D SPACE',''
  ) );
#1577 = ORIENTED_EDGE('',*,*,#1457,.F.);
#1578 = ORIENTED_EDGE('',*,*,#1405,.T.);
#1579 = ADVANCED_FACE('',(#1580),#1090,.T.);
#1580 = FACE_BOUND('',#1581,.T.);
#1581 = EDGE_LOOP('',(#1582,#1605,#1633,#1654));
#1582 = ORIENTED_EDGE('',*,*,#1583,.T.);
#1583 = EDGE_CURVE('',#1047,#1584,#1586,.T.);
#1584 = VERTEX_POINT('',#1585);
#1585 = CARTESIAN_POINT('',(-3.6,-0.8,5.331444667565));
#1586 = SURFACE_CURVE('',#1587,(#1591,#1598),.PCURVE_S1.);
#1587 = LINE('',#1588,#1589);
#1588 = CARTESIAN_POINT('',(-3.464936983007,-1.9,5.273796110353));
#1589 = VECTOR('',#1590,1.);
#1590 = DIRECTION('',(-0.121704801254,0.991206063359,5.194690859252E-02)
  );
#1591 = PCURVE('',#1090,#1592);
#1592 = DEFINITIONAL_REPRESENTATION('',(#1593),#1597);
#1593 = LINE('',#1594,#1595);
#1594 = CARTESIAN_POINT('',(0.554130404002,5.231869886932));
#1595 = VECTOR('',#1596,1.);
#1596 = DIRECTION('',(-0.998649847888,5.194690859253E-02));
#1597 = ( GEOMETRIC_REPRESENTATION_CONTEXT(2) 
PARAMETRIC_REPRESENTATION_CONTEXT() REPRESENTATION_CONTEXT('2D SPACE',''
  ) );
#1598 = PCURVE('',#1062,#1599);
#1599 = DEFINITIONAL_REPRESENTATION('',(#1600),#1604);
#1600 = LINE('',#1601,#1602);
#1601 = CARTESIAN_POINT('',(0.650892024899,-3.464936983007));
#1602 = VECTOR('',#1603,1.);
#1603 = DIRECTION('',(-0.992566341033,-0.121704801254));
#1604 = ( GEOMETRIC_REPRESENTATION_CONTEXT(2) 
PARAMETRIC_REPRESENTATION_CONTEXT() REPRESENTATION_CONTEXT('2D SPACE',''
  ) );
#1605 = ORIENTED_EDGE('',*,*,#1606,.T.);
#1606 = EDGE_CURVE('',#1584,#1607,#1609,.T.);
#1607 = VERTEX_POINT('',#1608);
#1608 = CARTESIAN_POINT('',(-3.6,-0.8,4.192622342117E-02));
#1609 = SURFACE_CURVE('',#1610,(#1614,#1621),.PCURVE_S1.);
#1610 = LINE('',#1611,#1612);
#1611 = CARTESIAN_POINT('',(-3.6,-0.8,5.331444667565));
#1612 = VECTOR('',#1613,1.);
#1613 = DIRECTION('',(0.,-2.22044604925E-16,-1.));
#1614 = PCURVE('',#1090,#1615);
#1615 = DEFINITIONAL_REPRESENTATION('',(#1616),#1620);
#1616 = LINE('',#1617,#1618);
#1617 = CARTESIAN_POINT('',(-0.554130404002,5.289518444143));
#1618 = VECTOR('',#1619,1.);
#1619 = DIRECTION('',(0.,-1.));
#1620 = ( GEOMETRIC_REPRESENTATION_CONTEXT(2) 
PARAMETRIC_REPRESENTATION_CONTEXT() REPRESENTATION_CONTEXT('2D SPACE',''
  ) );
#1621 = PCURVE('',#1622,#1627);
#1622 = PLANE('',#1623);
#1623 = AXIS2_PLACEMENT_3D('',#1624,#1625,#1626);
#1624 = CARTESIAN_POINT('',(-3.6,0.8,4.192622342117E-02));
#1625 = DIRECTION('',(-1.,0.,0.));
#1626 = DIRECTION('',(0.,-1.,2.22044604925E-16));
#1627 = DEFINITIONAL_REPRESENTATION('',(#1628),#1632);
#1628 = LINE('',#1629,#1630);
#1629 = CARTESIAN_POINT('',(1.6,5.289518444143));
#1630 = VECTOR('',#1631,1.);
#1631 = DIRECTION('',(0.,-1.));
#1632 = ( GEOMETRIC_REPRESENTATION_CONTEXT(2) 
PARAMETRIC_REPRESENTATION_CONTEXT() REPRESENTATION_CONTEXT('2D SPACE',''
  ) );
#1633 = ORIENTED_EDGE('',*,*,#1634,.T.);
#1634 = EDGE_CURVE('',#1607,#1075,#1635,.T.);
#1635 = SURFACE_CURVE('',#1636,(#1640,#1647),.PCURVE_S1.);
#1636 = LINE('',#1637,#1638);
#1637 = CARTESIAN_POINT('',(-3.6,-0.8,4.192622342117E-02));
#1638 = VECTOR('',#1639,1.);
#1639 = DIRECTION('',(0.121869343405,-0.992546151641,2.203895181111E-16)
  );
#1640 = PCURVE('',#1090,#1641);
#1641 = DEFINITIONAL_REPRESENTATION('',(#1642),#1646);
#1642 = LINE('',#1643,#1644);
#1643 = CARTESIAN_POINT('',(-0.554130404002,0.));
#1644 = VECTOR('',#1645,1.);
#1645 = DIRECTION('',(1.,0.));
#1646 = ( GEOMETRIC_REPRESENTATION_CONTEXT(2) 
PARAMETRIC_REPRESENTATION_CONTEXT() REPRESENTATION_CONTEXT('2D SPACE',''
  ) );
#1647 = PCURVE('',#1118,#1648);
#1648 = DEFINITIONAL_REPRESENTATION('',(#1649),#1653);
#1649 = LINE('',#1650,#1651);
#1650 = CARTESIAN_POINT('',(-1.6,-7.2));
#1651 = VECTOR('',#1652,1.);
#1652 = DIRECTION('',(-0.992546151641,0.121869343405));
#1653 = ( GEOMETRIC_REPRESENTATION_CONTEXT(2) 
PARAMETRIC_REPRESENTATION_CONTEXT() REPRESENTATION_CONTEXT('2D SPACE',''
  ) );
#1654 = ORIENTED_EDGE('',*,*,#1074,.T.);
#1655 = ADVANCED_FACE('',(#1656),#1118,.T.);
#1656 = FACE_BOUND('',#1657,.T.);
#1657 = EDGE_LOOP('',(#1658,#1659,#1682,#1705,#1726));
#1658 = ORIENTED_EDGE('',*,*,#1634,.F.);
#1659 = ORIENTED_EDGE('',*,*,#1660,.F.);
#1660 = EDGE_CURVE('',#1661,#1607,#1663,.T.);
#1661 = VERTEX_POINT('',#1662);
#1662 = CARTESIAN_POINT('',(-3.6,-0.6,4.192622342117E-02));
#1663 = SURFACE_CURVE('',#1664,(#1668,#1675),.PCURVE_S1.);
#1664 = LINE('',#1665,#1666);
#1665 = CARTESIAN_POINT('',(-3.6,-0.6,4.192622342117E-02));
#1666 = VECTOR('',#1667,1.);
#1667 = DIRECTION('',(0.,-1.,2.22044604925E-16));
#1668 = PCURVE('',#1118,#1669);
#1669 = DEFINITIONAL_REPRESENTATION('',(#1670),#1674);
#1670 = LINE('',#1671,#1672);
#1671 = CARTESIAN_POINT('',(-1.4,-7.2));
#1672 = VECTOR('',#1673,1.);
#1673 = DIRECTION('',(-1.,0.));
#1674 = ( GEOMETRIC_REPRESENTATION_CONTEXT(2) 
PARAMETRIC_REPRESENTATION_CONTEXT() REPRESENTATION_CONTEXT('2D SPACE',''
  ) );
#1675 = PCURVE('',#1622,#1676);
#1676 = DEFINITIONAL_REPRESENTATION('',(#1677),#1681);
#1677 = LINE('',#1678,#1679);
#1678 = CARTESIAN_POINT('',(1.4,0.));
#1679 = VECTOR('',#1680,1.);
#1680 = DIRECTION('',(1.,0.));
#1681 = ( GEOMETRIC_REPRESENTATION_CONTEXT(2) 
PARAMETRIC_REPRESENTATION_CONTEXT() REPRESENTATION_CONTEXT('2D SPACE',''
  ) );
#1682 = ORIENTED_EDGE('',*,*,#1683,.T.);
#1683 = EDGE_CURVE('',#1661,#1684,#1686,.T.);
#1684 = VERTEX_POINT('',#1685);
#1685 = CARTESIAN_POINT('',(-2.755,-0.6,4.192622342117E-02));
#1686 = SURFACE_CURVE('',#1687,(#1691,#1698),.PCURVE_S1.);
#1687 = LINE('',#1688,#1689);
#1688 = CARTESIAN_POINT('',(-3.6,-0.6,4.192622342117E-02));
#1689 = VECTOR('',#1690,1.);
#1690 = DIRECTION('',(1.,0.,0.));
#1691 = PCURVE('',#1118,#1692);
#1692 = DEFINITIONAL_REPRESENTATION('',(#1693),#1697);
#1693 = LINE('',#1694,#1695);
#1694 = CARTESIAN_POINT('',(-1.4,-7.2));
#1695 = VECTOR('',#1696,1.);
#1696 = DIRECTION('',(0.,1.));
#1697 = ( GEOMETRIC_REPRESENTATION_CONTEXT(2) 
PARAMETRIC_REPRESENTATION_CONTEXT() REPRESENTATION_CONTEXT('2D SPACE',''
  ) );
#1698 = PCURVE('',#448,#1699);
#1699 = DEFINITIONAL_REPRESENTATION('',(#1700),#1704);
#1700 = LINE('',#1701,#1702);
#1701 = CARTESIAN_POINT('',(-3.6,-4.8));
#1702 = VECTOR('',#1703,1.);
#1703 = DIRECTION('',(1.,0.));
#1704 = ( GEOMETRIC_REPRESENTATION_CONTEXT(2) 
PARAMETRIC_REPRESENTATION_CONTEXT() REPRESENTATION_CONTEXT('2D SPACE',''
  ) );
#1705 = ORIENTED_EDGE('',*,*,#1706,.F.);
#1706 = EDGE_CURVE('',#1103,#1684,#1707,.T.);
#1707 = SURFACE_CURVE('',#1708,(#1712,#1719),.PCURVE_S1.);
#1708 = LINE('',#1709,#1710);
#1709 = CARTESIAN_POINT('',(-2.914619929174,-1.9,4.192622342117E-02));
#1710 = VECTOR('',#1711,1.);
#1711 = DIRECTION('',(0.121869343405,0.992546151641,-2.203895181111E-16)
  );
#1712 = PCURVE('',#1118,#1713);
#1713 = DEFINITIONAL_REPRESENTATION('',(#1714),#1718);
#1714 = LINE('',#1715,#1716);
#1715 = CARTESIAN_POINT('',(-2.7,-6.514619929174));
#1716 = VECTOR('',#1717,1.);
#1717 = DIRECTION('',(0.992546151641,0.121869343405));
#1718 = ( GEOMETRIC_REPRESENTATION_CONTEXT(2) 
PARAMETRIC_REPRESENTATION_CONTEXT() REPRESENTATION_CONTEXT('2D SPACE',''
  ) );
#1719 = PCURVE('',#1146,#1720);
#1720 = DEFINITIONAL_REPRESENTATION('',(#1721),#1725);
#1721 = LINE('',#1722,#1723);
#1722 = CARTESIAN_POINT('',(-0.654881386548,-2.159605827501E-12));
#1723 = VECTOR('',#1724,1.);
#1724 = DIRECTION('',(1.,0.));
#1725 = ( GEOMETRIC_REPRESENTATION_CONTEXT(2) 
PARAMETRIC_REPRESENTATION_CONTEXT() REPRESENTATION_CONTEXT('2D SPACE',''
  ) );
#1726 = ORIENTED_EDGE('',*,*,#1102,.T.);
#1727 = ADVANCED_FACE('',(#1728),#1146,.T.);
#1728 = FACE_BOUND('',#1729,.T.);
#1729 = EDGE_LOOP('',(#1730,#1731,#1754,#1775));
#1730 = ORIENTED_EDGE('',*,*,#1706,.T.);
#1731 = ORIENTED_EDGE('',*,*,#1732,.T.);
#1732 = EDGE_CURVE('',#1684,#1733,#1735,.T.);
#1733 = VERTEX_POINT('',#1734);
#1734 = CARTESIAN_POINT('',(-2.755,-0.6,0.441926223426));
#1735 = SURFACE_CURVE('',#1736,(#1740,#1747),.PCURVE_S1.);
#1736 = LINE('',#1737,#1738);
#1737 = CARTESIAN_POINT('',(-2.755,-0.6,4.192622342117E-02));
#1738 = VECTOR('',#1739,1.);
#1739 = DIRECTION('',(0.,2.22044604925E-16,1.));
#1740 = PCURVE('',#1146,#1741);
#1741 = DEFINITIONAL_REPRESENTATION('',(#1742),#1746);
#1742 = LINE('',#1743,#1744);
#1743 = CARTESIAN_POINT('',(0.654881386548,-2.159605827501E-12));
#1744 = VECTOR('',#1745,1.);
#1745 = DIRECTION('',(0.,1.));
#1746 = ( GEOMETRIC_REPRESENTATION_CONTEXT(2) 
PARAMETRIC_REPRESENTATION_CONTEXT() REPRESENTATION_CONTEXT('2D SPACE',''
  ) );
#1747 = PCURVE('',#448,#1748);
#1748 = DEFINITIONAL_REPRESENTATION('',(#1749),#1753);
#1749 = LINE('',#1750,#1751);
#1750 = CARTESIAN_POINT('',(-2.755,-4.8));
#1751 = VECTOR('',#1752,1.);
#1752 = DIRECTION('',(0.,1.));
#1753 = ( GEOMETRIC_REPRESENTATION_CONTEXT(2) 
PARAMETRIC_REPRESENTATION_CONTEXT() REPRESENTATION_CONTEXT('2D SPACE',''
  ) );
#1754 = ORIENTED_EDGE('',*,*,#1755,.F.);
#1755 = EDGE_CURVE('',#1131,#1733,#1756,.T.);
#1756 = SURFACE_CURVE('',#1757,(#1761,#1768),.PCURVE_S1.);
#1757 = LINE('',#1758,#1759);
#1758 = CARTESIAN_POINT('',(-2.914619929174,-1.9,0.6015461526));
#1759 = VECTOR('',#1760,1.);
#1760 = DIRECTION('',(0.120974291151,0.985256536015,-0.120974291151));
#1761 = PCURVE('',#1146,#1762);
#1762 = DEFINITIONAL_REPRESENTATION('',(#1763),#1767);
#1763 = LINE('',#1764,#1765);
#1764 = CARTESIAN_POINT('',(-0.654881386548,0.559619929176));
#1765 = VECTOR('',#1766,1.);
#1766 = DIRECTION('',(0.992655640633,-0.120974291151));
#1767 = ( GEOMETRIC_REPRESENTATION_CONTEXT(2) 
PARAMETRIC_REPRESENTATION_CONTEXT() REPRESENTATION_CONTEXT('2D SPACE',''
  ) );
#1768 = PCURVE('',#1174,#1769);
#1769 = DEFINITIONAL_REPRESENTATION('',(#1770),#1774);
#1770 = LINE('',#1771,#1772);
#1771 = CARTESIAN_POINT('',(-0.654881386548,-3.337119929174));
#1772 = VECTOR('',#1773,1.);
#1773 = DIRECTION('',(0.992655640633,0.120974291151));
#1774 = ( GEOMETRIC_REPRESENTATION_CONTEXT(2) 
PARAMETRIC_REPRESENTATION_CONTEXT() REPRESENTATION_CONTEXT('2D SPACE',''
  ) );
#1775 = ORIENTED_EDGE('',*,*,#1130,.T.);
#1776 = ADVANCED_FACE('',(#1777),#1202,.T.);
#1777 = FACE_BOUND('',#1778,.T.);
#1778 = EDGE_LOOP('',(#1779,#1802,#1803,#1826));
#1779 = ORIENTED_EDGE('',*,*,#1780,.T.);
#1780 = EDGE_CURVE('',#1781,#1187,#1783,.T.);
#1781 = VERTEX_POINT('',#1782);
#1782 = CARTESIAN_POINT('',(2.755,-0.6,4.192622342117E-02));
#1783 = SURFACE_CURVE('',#1784,(#1788,#1795),.PCURVE_S1.);
#1784 = LINE('',#1785,#1786);
#1785 = CARTESIAN_POINT('',(2.755,-0.6,4.192622342117E-02));
#1786 = VECTOR('',#1787,1.);
#1787 = DIRECTION('',(0.121869343405,-0.992546151641,2.203895181111E-16)
  );
#1788 = PCURVE('',#1202,#1789);
#1789 = DEFINITIONAL_REPRESENTATION('',(#1790),#1794);
#1790 = LINE('',#1791,#1792);
#1791 = CARTESIAN_POINT('',(-0.654881386548,-0.200000000002));
#1792 = VECTOR('',#1793,1.);
#1793 = DIRECTION('',(1.,0.));
#1794 = ( GEOMETRIC_REPRESENTATION_CONTEXT(2) 
PARAMETRIC_REPRESENTATION_CONTEXT() REPRESENTATION_CONTEXT('2D SPACE',''
  ) );
#1795 = PCURVE('',#843,#1796);
#1796 = DEFINITIONAL_REPRESENTATION('',(#1797),#1801);
#1797 = LINE('',#1798,#1799);
#1798 = CARTESIAN_POINT('',(-1.4,-0.845));
#1799 = VECTOR('',#1800,1.);
#1800 = DIRECTION('',(-0.992546151641,0.121869343405));
#1801 = ( GEOMETRIC_REPRESENTATION_CONTEXT(2) 
PARAMETRIC_REPRESENTATION_CONTEXT() REPRESENTATION_CONTEXT('2D SPACE',''
  ) );
#1802 = ORIENTED_EDGE('',*,*,#1186,.T.);
#1803 = ORIENTED_EDGE('',*,*,#1804,.F.);
#1804 = EDGE_CURVE('',#1805,#1159,#1807,.T.);
#1805 = VERTEX_POINT('',#1806);
#1806 = CARTESIAN_POINT('',(2.755,-0.6,0.441926223426));
#1807 = SURFACE_CURVE('',#1808,(#1812,#1819),.PCURVE_S1.);
#1808 = LINE('',#1809,#1810);
#1809 = CARTESIAN_POINT('',(2.755,-0.6,0.441926223426));
#1810 = VECTOR('',#1811,1.);
#1811 = DIRECTION('',(0.120974291151,-0.985256536015,0.120974291151));
#1812 = PCURVE('',#1202,#1813);
#1813 = DEFINITIONAL_REPRESENTATION('',(#1814),#1818);
#1814 = LINE('',#1815,#1816);
#1815 = CARTESIAN_POINT('',(-0.654881386548,0.200000000002));
#1816 = VECTOR('',#1817,1.);
#1817 = DIRECTION('',(0.992655640633,0.120974291151));
#1818 = ( GEOMETRIC_REPRESENTATION_CONTEXT(2) 
PARAMETRIC_REPRESENTATION_CONTEXT() REPRESENTATION_CONTEXT('2D SPACE',''
  ) );
#1819 = PCURVE('',#1174,#1820);
#1820 = DEFINITIONAL_REPRESENTATION('',(#1821),#1825);
#1821 = LINE('',#1822,#1823);
#1822 = CARTESIAN_POINT('',(0.654881386548,2.3325));
#1823 = VECTOR('',#1824,1.);
#1824 = DIRECTION('',(-0.992655640633,0.120974291151));
#1825 = ( GEOMETRIC_REPRESENTATION_CONTEXT(2) 
PARAMETRIC_REPRESENTATION_CONTEXT() REPRESENTATION_CONTEXT('2D SPACE',''
  ) );
#1826 = ORIENTED_EDGE('',*,*,#1827,.T.);
#1827 = EDGE_CURVE('',#1805,#1781,#1828,.T.);
#1828 = SURFACE_CURVE('',#1829,(#1833,#1840),.PCURVE_S1.);
#1829 = LINE('',#1830,#1831);
#1830 = CARTESIAN_POINT('',(2.755,-0.6,0.441926223426));
#1831 = VECTOR('',#1832,1.);
#1832 = DIRECTION('',(2.842171E-13,-2.22044604925E-16,-1.));
#1833 = PCURVE('',#1202,#1834);
#1834 = DEFINITIONAL_REPRESENTATION('',(#1835),#1839);
#1835 = LINE('',#1836,#1837);
#1836 = CARTESIAN_POINT('',(-0.654881386548,0.200000000002));
#1837 = VECTOR('',#1838,1.);
#1838 = DIRECTION('',(3.463735136152E-14,-1.));
#1839 = ( GEOMETRIC_REPRESENTATION_CONTEXT(2) 
PARAMETRIC_REPRESENTATION_CONTEXT() REPRESENTATION_CONTEXT('2D SPACE',''
  ) );
#1840 = PCURVE('',#448,#1841);
#1841 = DEFINITIONAL_REPRESENTATION('',(#1842),#1846);
#1842 = LINE('',#1843,#1844);
#1843 = CARTESIAN_POINT('',(2.755,-4.399999999995));
#1844 = VECTOR('',#1845,1.);
#1845 = DIRECTION('',(2.842171E-13,-1.));
#1846 = ( GEOMETRIC_REPRESENTATION_CONTEXT(2) 
PARAMETRIC_REPRESENTATION_CONTEXT() REPRESENTATION_CONTEXT('2D SPACE',''
  ) );
#1847 = ADVANCED_FACE('',(#1848),#1174,.T.);
#1848 = FACE_BOUND('',#1849,.T.);
#1849 = EDGE_LOOP('',(#1850,#1871,#1872,#1873));
#1850 = ORIENTED_EDGE('',*,*,#1851,.T.);
#1851 = EDGE_CURVE('',#1733,#1805,#1852,.T.);
#1852 = SURFACE_CURVE('',#1853,(#1857,#1864),.PCURVE_S1.);
#1853 = LINE('',#1854,#1855);
#1854 = CARTESIAN_POINT('',(-2.755,-0.6,0.441926223426));
#1855 = VECTOR('',#1856,1.);
#1856 = DIRECTION('',(1.,0.,0.));
#1857 = PCURVE('',#1174,#1858);
#1858 = DEFINITIONAL_REPRESENTATION('',(#1859),#1863);
#1859 = LINE('',#1860,#1861);
#1860 = CARTESIAN_POINT('',(0.654881386548,-3.1775));
#1861 = VECTOR('',#1862,1.);
#1862 = DIRECTION('',(0.,1.));
#1863 = ( GEOMETRIC_REPRESENTATION_CONTEXT(2) 
PARAMETRIC_REPRESENTATION_CONTEXT() REPRESENTATION_CONTEXT('2D SPACE',''
  ) );
#1864 = PCURVE('',#448,#1865);
#1865 = DEFINITIONAL_REPRESENTATION('',(#1866),#1870);
#1866 = LINE('',#1867,#1868);
#1867 = CARTESIAN_POINT('',(-2.755,-4.399999999995));
#1868 = VECTOR('',#1869,1.);
#1869 = DIRECTION('',(1.,0.));
#1870 = ( GEOMETRIC_REPRESENTATION_CONTEXT(2) 
PARAMETRIC_REPRESENTATION_CONTEXT() REPRESENTATION_CONTEXT('2D SPACE',''
  ) );
#1871 = ORIENTED_EDGE('',*,*,#1804,.T.);
#1872 = ORIENTED_EDGE('',*,*,#1158,.T.);
#1873 = ORIENTED_EDGE('',*,*,#1755,.T.);
#1874 = ADVANCED_FACE('',(#1875),#1062,.T.);
#1875 = FACE_BOUND('',#1876,.T.);
#1876 = EDGE_LOOP('',(#1877,#1878,#1879,#1902,#1925));
#1877 = ORIENTED_EDGE('',*,*,#1583,.F.);
#1878 = ORIENTED_EDGE('',*,*,#1046,.T.);
#1879 = ORIENTED_EDGE('',*,*,#1880,.T.);
#1880 = EDGE_CURVE('',#1019,#1881,#1883,.T.);
#1881 = VERTEX_POINT('',#1882);
#1882 = CARTESIAN_POINT('',(-2.65,-0.6,5.341926223421));
#1883 = SURFACE_CURVE('',#1884,(#1888,#1895),.PCURVE_S1.);
#1884 = LINE('',#1885,#1886);
#1885 = CARTESIAN_POINT('',(-2.65,-1.9,5.273796110353));
#1886 = VECTOR('',#1887,1.);
#1887 = DIRECTION('',(0.,0.998629534755,5.233595624294E-02));
#1888 = PCURVE('',#1062,#1889);
#1889 = DEFINITIONAL_REPRESENTATION('',(#1890),#1894);
#1890 = LINE('',#1891,#1892);
#1891 = CARTESIAN_POINT('',(0.650892024899,-2.65));
#1892 = VECTOR('',#1893,1.);
#1893 = DIRECTION('',(-1.,0.));
#1894 = ( GEOMETRIC_REPRESENTATION_CONTEXT(2) 
PARAMETRIC_REPRESENTATION_CONTEXT() REPRESENTATION_CONTEXT('2D SPACE',''
  ) );
#1895 = PCURVE('',#1034,#1896);
#1896 = DEFINITIONAL_REPRESENTATION('',(#1897),#1901);
#1897 = LINE('',#1898,#1899);
#1898 = CARTESIAN_POINT('',(2.7,0.231869886932));
#1899 = VECTOR('',#1900,1.);
#1900 = DIRECTION('',(-0.998629534755,5.233595624294E-02));
#1901 = ( GEOMETRIC_REPRESENTATION_CONTEXT(2) 
PARAMETRIC_REPRESENTATION_CONTEXT() REPRESENTATION_CONTEXT('2D SPACE',''
  ) );
#1902 = ORIENTED_EDGE('',*,*,#1903,.T.);
#1903 = EDGE_CURVE('',#1881,#1904,#1906,.T.);
#1904 = VERTEX_POINT('',#1905);
#1905 = CARTESIAN_POINT('',(-3.6,-0.6,5.341926223421));
#1906 = SURFACE_CURVE('',#1907,(#1911,#1918),.PCURVE_S1.);
#1907 = LINE('',#1908,#1909);
#1908 = CARTESIAN_POINT('',(-2.65,-0.6,5.341926223421));
#1909 = VECTOR('',#1910,1.);
#1910 = DIRECTION('',(-1.,0.,0.));
#1911 = PCURVE('',#1062,#1912);
#1912 = DEFINITIONAL_REPRESENTATION('',(#1913),#1917);
#1913 = LINE('',#1914,#1915);
#1914 = CARTESIAN_POINT('',(-0.650892024899,-2.65));
#1915 = VECTOR('',#1916,1.);
#1916 = DIRECTION('',(0.,-1.));
#1917 = ( GEOMETRIC_REPRESENTATION_CONTEXT(2) 
PARAMETRIC_REPRESENTATION_CONTEXT() REPRESENTATION_CONTEXT('2D SPACE',''
  ) );
#1918 = PCURVE('',#448,#1919);
#1919 = DEFINITIONAL_REPRESENTATION('',(#1920),#1924);
#1920 = LINE('',#1921,#1922);
#1921 = CARTESIAN_POINT('',(-2.65,0.5));
#1922 = VECTOR('',#1923,1.);
#1923 = DIRECTION('',(-1.,0.));
#1924 = ( GEOMETRIC_REPRESENTATION_CONTEXT(2) 
PARAMETRIC_REPRESENTATION_CONTEXT() REPRESENTATION_CONTEXT('2D SPACE',''
  ) );
#1925 = ORIENTED_EDGE('',*,*,#1926,.T.);
#1926 = EDGE_CURVE('',#1904,#1584,#1927,.T.);
#1927 = SURFACE_CURVE('',#1928,(#1932,#1939),.PCURVE_S1.);
#1928 = LINE('',#1929,#1930);
#1929 = CARTESIAN_POINT('',(-3.6,-0.6,5.341926223421));
#1930 = VECTOR('',#1931,1.);
#1931 = DIRECTION('',(0.,-0.998629534755,-5.233595624294E-02));
#1932 = PCURVE('',#1062,#1933);
#1933 = DEFINITIONAL_REPRESENTATION('',(#1934),#1938);
#1934 = LINE('',#1935,#1936);
#1935 = CARTESIAN_POINT('',(-0.650892024899,-3.6));
#1936 = VECTOR('',#1937,1.);
#1937 = DIRECTION('',(1.,0.));
#1938 = ( GEOMETRIC_REPRESENTATION_CONTEXT(2) 
PARAMETRIC_REPRESENTATION_CONTEXT() REPRESENTATION_CONTEXT('2D SPACE',''
  ) );
#1939 = PCURVE('',#1622,#1940);
#1940 = DEFINITIONAL_REPRESENTATION('',(#1941),#1945);
#1941 = LINE('',#1942,#1943);
#1942 = CARTESIAN_POINT('',(1.4,5.3));
#1943 = VECTOR('',#1944,1.);
#1944 = DIRECTION('',(0.998629534755,-5.233595624294E-02));
#1945 = ( GEOMETRIC_REPRESENTATION_CONTEXT(2) 
PARAMETRIC_REPRESENTATION_CONTEXT() REPRESENTATION_CONTEXT('2D SPACE',''
  ) );
#1946 = ADVANCED_FACE('',(#1947),#1622,.T.);
#1947 = FACE_BOUND('',#1948,.T.);
#1948 = EDGE_LOOP('',(#1949,#1950,#1951,#1972));
#1949 = ORIENTED_EDGE('',*,*,#1606,.F.);
#1950 = ORIENTED_EDGE('',*,*,#1926,.F.);
#1951 = ORIENTED_EDGE('',*,*,#1952,.T.);
#1952 = EDGE_CURVE('',#1904,#1661,#1953,.T.);
#1953 = SURFACE_CURVE('',#1954,(#1958,#1965),.PCURVE_S1.);
#1954 = LINE('',#1955,#1956);
#1955 = CARTESIAN_POINT('',(-3.6,-0.6,5.341926223421));
#1956 = VECTOR('',#1957,1.);
#1957 = DIRECTION('',(0.,-2.22044604925E-16,-1.));
#1958 = PCURVE('',#1622,#1959);
#1959 = DEFINITIONAL_REPRESENTATION('',(#1960),#1964);
#1960 = LINE('',#1961,#1962);
#1961 = CARTESIAN_POINT('',(1.4,5.3));
#1962 = VECTOR('',#1963,1.);
#1963 = DIRECTION('',(0.,-1.));
#1964 = ( GEOMETRIC_REPRESENTATION_CONTEXT(2) 
PARAMETRIC_REPRESENTATION_CONTEXT() REPRESENTATION_CONTEXT('2D SPACE',''
  ) );
#1965 = PCURVE('',#448,#1966);
#1966 = DEFINITIONAL_REPRESENTATION('',(#1967),#1971);
#1967 = LINE('',#1968,#1969);
#1968 = CARTESIAN_POINT('',(-3.6,0.5));
#1969 = VECTOR('',#1970,1.);
#1970 = DIRECTION('',(0.,-1.));
#1971 = ( GEOMETRIC_REPRESENTATION_CONTEXT(2) 
PARAMETRIC_REPRESENTATION_CONTEXT() REPRESENTATION_CONTEXT('2D SPACE',''
  ) );
#1972 = ORIENTED_EDGE('',*,*,#1660,.T.);
#1973 = ADVANCED_FACE('',(#1974),#899,.T.);
#1974 = FACE_BOUND('',#1975,.T.);
#1975 = EDGE_LOOP('',(#1976,#1977,#2000,#2023,#2044));
#1976 = ORIENTED_EDGE('',*,*,#883,.F.);
#1977 = ORIENTED_EDGE('',*,*,#1978,.T.);
#1978 = EDGE_CURVE('',#856,#1979,#1981,.T.);
#1979 = VERTEX_POINT('',#1980);
#1980 = CARTESIAN_POINT('',(3.6,-0.6,5.341926223421));
#1981 = SURFACE_CURVE('',#1982,(#1986,#1993),.PCURVE_S1.);
#1982 = LINE('',#1983,#1984);
#1983 = CARTESIAN_POINT('',(3.6,-0.8,5.331444667565));
#1984 = VECTOR('',#1985,1.);
#1985 = DIRECTION('',(0.,0.998629534755,5.233595624294E-02));
#1986 = PCURVE('',#899,#1987);
#1987 = DEFINITIONAL_REPRESENTATION('',(#1988),#1992);
#1988 = LINE('',#1989,#1990);
#1989 = CARTESIAN_POINT('',(-0.450617555699,3.6));
#1990 = VECTOR('',#1991,1.);
#1991 = DIRECTION('',(-1.,0.));
#1992 = ( GEOMETRIC_REPRESENTATION_CONTEXT(2) 
PARAMETRIC_REPRESENTATION_CONTEXT() REPRESENTATION_CONTEXT('2D SPACE',''
  ) );
#1993 = PCURVE('',#871,#1994);
#1994 = DEFINITIONAL_REPRESENTATION('',(#1995),#1999);
#1995 = LINE('',#1996,#1997);
#1996 = CARTESIAN_POINT('',(-1.6,-1.048155585661E-02));
#1997 = VECTOR('',#1998,1.);
#1998 = DIRECTION('',(0.998629534755,5.233595624294E-02));
#1999 = ( GEOMETRIC_REPRESENTATION_CONTEXT(2) 
PARAMETRIC_REPRESENTATION_CONTEXT() REPRESENTATION_CONTEXT('2D SPACE',''
  ) );
#2000 = ORIENTED_EDGE('',*,*,#2001,.T.);
#2001 = EDGE_CURVE('',#1979,#2002,#2004,.T.);
#2002 = VERTEX_POINT('',#2003);
#2003 = CARTESIAN_POINT('',(2.65,-0.6,5.341926223421));
#2004 = SURFACE_CURVE('',#2005,(#2009,#2016),.PCURVE_S1.);
#2005 = LINE('',#2006,#2007);
#2006 = CARTESIAN_POINT('',(3.6,-0.6,5.341926223421));
#2007 = VECTOR('',#2008,1.);
#2008 = DIRECTION('',(-1.,0.,0.));
#2009 = PCURVE('',#899,#2010);
#2010 = DEFINITIONAL_REPRESENTATION('',(#2011),#2015);
#2011 = LINE('',#2012,#2013);
#2012 = CARTESIAN_POINT('',(-0.650892024899,3.6));
#2013 = VECTOR('',#2014,1.);
#2014 = DIRECTION('',(0.,-1.));
#2015 = ( GEOMETRIC_REPRESENTATION_CONTEXT(2) 
PARAMETRIC_REPRESENTATION_CONTEXT() REPRESENTATION_CONTEXT('2D SPACE',''
  ) );
#2016 = PCURVE('',#448,#2017);
#2017 = DEFINITIONAL_REPRESENTATION('',(#2018),#2022);
#2018 = LINE('',#2019,#2020);
#2019 = CARTESIAN_POINT('',(3.6,0.5));
#2020 = VECTOR('',#2021,1.);
#2021 = DIRECTION('',(-1.,0.));
#2022 = ( GEOMETRIC_REPRESENTATION_CONTEXT(2) 
PARAMETRIC_REPRESENTATION_CONTEXT() REPRESENTATION_CONTEXT('2D SPACE',''
  ) );
#2023 = ORIENTED_EDGE('',*,*,#2024,.T.);
#2024 = EDGE_CURVE('',#2002,#940,#2025,.T.);
#2025 = SURFACE_CURVE('',#2026,(#2030,#2037),.PCURVE_S1.);
#2026 = LINE('',#2027,#2028);
#2027 = CARTESIAN_POINT('',(2.65,-0.6,5.341926223421));
#2028 = VECTOR('',#2029,1.);
#2029 = DIRECTION('',(0.,-0.998629534755,-5.233595624294E-02));
#2030 = PCURVE('',#899,#2031);
#2031 = DEFINITIONAL_REPRESENTATION('',(#2032),#2036);
#2032 = LINE('',#2033,#2034);
#2033 = CARTESIAN_POINT('',(-0.650892024899,2.65));
#2034 = VECTOR('',#2035,1.);
#2035 = DIRECTION('',(1.,0.));
#2036 = ( GEOMETRIC_REPRESENTATION_CONTEXT(2) 
PARAMETRIC_REPRESENTATION_CONTEXT() REPRESENTATION_CONTEXT('2D SPACE',''
  ) );
#2037 = PCURVE('',#978,#2038);
#2038 = DEFINITIONAL_REPRESENTATION('',(#2039),#2043);
#2039 = LINE('',#2040,#2041);
#2040 = CARTESIAN_POINT('',(-1.4,0.));
#2041 = VECTOR('',#2042,1.);
#2042 = DIRECTION('',(-0.998629534755,-5.233595624294E-02));
#2043 = ( GEOMETRIC_REPRESENTATION_CONTEXT(2) 
PARAMETRIC_REPRESENTATION_CONTEXT() REPRESENTATION_CONTEXT('2D SPACE',''
  ) );
#2044 = ORIENTED_EDGE('',*,*,#939,.T.);
#2045 = ADVANCED_FACE('',(#2046),#871,.T.);
#2046 = FACE_BOUND('',#2047,.T.);
#2047 = EDGE_LOOP('',(#2048,#2049,#2072,#2093));
#2048 = ORIENTED_EDGE('',*,*,#855,.F.);
#2049 = ORIENTED_EDGE('',*,*,#2050,.F.);
#2050 = EDGE_CURVE('',#2051,#828,#2053,.T.);
#2051 = VERTEX_POINT('',#2052);
#2052 = CARTESIAN_POINT('',(3.6,-0.6,4.192622342117E-02));
#2053 = SURFACE_CURVE('',#2054,(#2058,#2065),.PCURVE_S1.);
#2054 = LINE('',#2055,#2056);
#2055 = CARTESIAN_POINT('',(3.6,-0.6,4.192622342117E-02));
#2056 = VECTOR('',#2057,1.);
#2057 = DIRECTION('',(0.,-1.,2.22044604925E-16));
#2058 = PCURVE('',#871,#2059);
#2059 = DEFINITIONAL_REPRESENTATION('',(#2060),#2064);
#2060 = LINE('',#2061,#2062);
#2061 = CARTESIAN_POINT('',(-1.4,-5.3));
#2062 = VECTOR('',#2063,1.);
#2063 = DIRECTION('',(-1.,0.));
#2064 = ( GEOMETRIC_REPRESENTATION_CONTEXT(2) 
PARAMETRIC_REPRESENTATION_CONTEXT() REPRESENTATION_CONTEXT('2D SPACE',''
  ) );
#2065 = PCURVE('',#843,#2066);
#2066 = DEFINITIONAL_REPRESENTATION('',(#2067),#2071);
#2067 = LINE('',#2068,#2069);
#2068 = CARTESIAN_POINT('',(-1.4,0.));
#2069 = VECTOR('',#2070,1.);
#2070 = DIRECTION('',(-1.,0.));
#2071 = ( GEOMETRIC_REPRESENTATION_CONTEXT(2) 
PARAMETRIC_REPRESENTATION_CONTEXT() REPRESENTATION_CONTEXT('2D SPACE',''
  ) );
#2072 = ORIENTED_EDGE('',*,*,#2073,.T.);
#2073 = EDGE_CURVE('',#2051,#1979,#2074,.T.);
#2074 = SURFACE_CURVE('',#2075,(#2079,#2086),.PCURVE_S1.);
#2075 = LINE('',#2076,#2077);
#2076 = CARTESIAN_POINT('',(3.6,-0.6,4.192622342117E-02));
#2077 = VECTOR('',#2078,1.);
#2078 = DIRECTION('',(0.,2.22044604925E-16,1.));
#2079 = PCURVE('',#871,#2080);
#2080 = DEFINITIONAL_REPRESENTATION('',(#2081),#2085);
#2081 = LINE('',#2082,#2083);
#2082 = CARTESIAN_POINT('',(-1.4,-5.3));
#2083 = VECTOR('',#2084,1.);
#2084 = DIRECTION('',(0.,1.));
#2085 = ( GEOMETRIC_REPRESENTATION_CONTEXT(2) 
PARAMETRIC_REPRESENTATION_CONTEXT() REPRESENTATION_CONTEXT('2D SPACE',''
  ) );
#2086 = PCURVE('',#448,#2087);
#2087 = DEFINITIONAL_REPRESENTATION('',(#2088),#2092);
#2088 = LINE('',#2089,#2090);
#2089 = CARTESIAN_POINT('',(3.6,-4.8));
#2090 = VECTOR('',#2091,1.);
#2091 = DIRECTION('',(0.,1.));
#2092 = ( GEOMETRIC_REPRESENTATION_CONTEXT(2) 
PARAMETRIC_REPRESENTATION_CONTEXT() REPRESENTATION_CONTEXT('2D SPACE',''
  ) );
#2093 = ORIENTED_EDGE('',*,*,#1978,.F.);
#2094 = ADVANCED_FACE('',(#2095),#1006,.T.);
#2095 = FACE_BOUND('',#2096,.T.);
#2096 = EDGE_LOOP('',(#2097,#2120,#2148,#2169));
#2097 = ORIENTED_EDGE('',*,*,#2098,.F.);
#2098 = EDGE_CURVE('',#2099,#963,#2101,.T.);
#2099 = VERTEX_POINT('',#2100);
#2100 = CARTESIAN_POINT('',(2.65,-0.8,5.041926223421));
#2101 = SURFACE_CURVE('',#2102,(#2106,#2113),.PCURVE_S1.);
#2102 = LINE('',#2103,#2104);
#2103 = CARTESIAN_POINT('',(2.65,-0.8,5.041926223421));
#2104 = VECTOR('',#2105,1.);
#2105 = DIRECTION('',(0.,-0.939692620786,-0.342020143326));
#2106 = PCURVE('',#1006,#2107);
#2107 = DEFINITIONAL_REPRESENTATION('',(#2108),#2112);
#2108 = LINE('',#2109,#2110);
#2109 = CARTESIAN_POINT('',(-0.585297774862,-0.475));
#2110 = VECTOR('',#2111,1.);
#2111 = DIRECTION('',(1.,7.087061463556E-33));
#2112 = ( GEOMETRIC_REPRESENTATION_CONTEXT(2) 
PARAMETRIC_REPRESENTATION_CONTEXT() REPRESENTATION_CONTEXT('2D SPACE',''
  ) );
#2113 = PCURVE('',#978,#2114);
#2114 = DEFINITIONAL_REPRESENTATION('',(#2115),#2119);
#2115 = LINE('',#2116,#2117);
#2116 = CARTESIAN_POINT('',(-1.6,-0.3));
#2117 = VECTOR('',#2118,1.);
#2118 = DIRECTION('',(-0.939692620786,-0.342020143326));
#2119 = ( GEOMETRIC_REPRESENTATION_CONTEXT(2) 
PARAMETRIC_REPRESENTATION_CONTEXT() REPRESENTATION_CONTEXT('2D SPACE',''
  ) );
#2120 = ORIENTED_EDGE('',*,*,#2121,.T.);
#2121 = EDGE_CURVE('',#2099,#2122,#2124,.T.);
#2122 = VERTEX_POINT('',#2123);
#2123 = CARTESIAN_POINT('',(-2.65,-0.8,5.041926223421));
#2124 = SURFACE_CURVE('',#2125,(#2129,#2136),.PCURVE_S1.);
#2125 = LINE('',#2126,#2127);
#2126 = CARTESIAN_POINT('',(2.65,-0.8,5.041926223421));
#2127 = VECTOR('',#2128,1.);
#2128 = DIRECTION('',(-1.,0.,0.));
#2129 = PCURVE('',#1006,#2130);
#2130 = DEFINITIONAL_REPRESENTATION('',(#2131),#2135);
#2131 = LINE('',#2132,#2133);
#2132 = CARTESIAN_POINT('',(-0.585297774862,-0.475));
#2133 = VECTOR('',#2134,1.);
#2134 = DIRECTION('',(-5.524127215295E-34,-1.));
#2135 = ( GEOMETRIC_REPRESENTATION_CONTEXT(2) 
PARAMETRIC_REPRESENTATION_CONTEXT() REPRESENTATION_CONTEXT('2D SPACE',''
  ) );
#2136 = PCURVE('',#2137,#2142);
#2137 = PLANE('',#2138);
#2138 = AXIS2_PLACEMENT_3D('',#2139,#2140,#2141);
#2139 = CARTESIAN_POINT('',(2.65,0.8,5.041926223421));
#2140 = DIRECTION('',(0.,-2.22044604925E-16,-1.));
#2141 = DIRECTION('',(0.,1.,-2.22044604925E-16));
#2142 = DEFINITIONAL_REPRESENTATION('',(#2143),#2147);
#2143 = LINE('',#2144,#2145);
#2144 = CARTESIAN_POINT('',(-1.6,0.));
#2145 = VECTOR('',#2146,1.);
#2146 = DIRECTION('',(0.,-1.));
#2147 = ( GEOMETRIC_REPRESENTATION_CONTEXT(2) 
PARAMETRIC_REPRESENTATION_CONTEXT() REPRESENTATION_CONTEXT('2D SPACE',''
  ) );
#2148 = ORIENTED_EDGE('',*,*,#2149,.F.);
#2149 = EDGE_CURVE('',#991,#2122,#2150,.T.);
#2150 = SURFACE_CURVE('',#2151,(#2155,#2162),.PCURVE_S1.);
#2151 = LINE('',#2152,#2153);
#2152 = CARTESIAN_POINT('',(-2.65,-1.9,4.641558965728));
#2153 = VECTOR('',#2154,1.);
#2154 = DIRECTION('',(3.793703E-16,0.939692620786,0.342020143326));
#2155 = PCURVE('',#1006,#2156);
#2156 = DEFINITIONAL_REPRESENTATION('',(#2157),#2161);
#2157 = LINE('',#2158,#2159);
#2158 = CARTESIAN_POINT('',(0.585297774862,-5.775));
#2159 = VECTOR('',#2160,1.);
#2160 = DIRECTION('',(-1.,3.793703E-16));
#2161 = ( GEOMETRIC_REPRESENTATION_CONTEXT(2) 
PARAMETRIC_REPRESENTATION_CONTEXT() REPRESENTATION_CONTEXT('2D SPACE',''
  ) );
#2162 = PCURVE('',#1034,#2163);
#2163 = DEFINITIONAL_REPRESENTATION('',(#2164),#2168);
#2164 = LINE('',#2165,#2166);
#2165 = CARTESIAN_POINT('',(2.7,-0.400367257693));
#2166 = VECTOR('',#2167,1.);
#2167 = DIRECTION('',(-0.939692620786,0.342020143326));
#2168 = ( GEOMETRIC_REPRESENTATION_CONTEXT(2) 
PARAMETRIC_REPRESENTATION_CONTEXT() REPRESENTATION_CONTEXT('2D SPACE',''
  ) );
#2169 = ORIENTED_EDGE('',*,*,#990,.T.);
#2170 = ADVANCED_FACE('',(#2171),#2137,.F.);
#2171 = FACE_BOUND('',#2172,.T.);
#2172 = EDGE_LOOP('',(#2173,#2174,#2197,#2220));
#2173 = ORIENTED_EDGE('',*,*,#2121,.F.);
#2174 = ORIENTED_EDGE('',*,*,#2175,.F.);
#2175 = EDGE_CURVE('',#2176,#2099,#2178,.T.);
#2176 = VERTEX_POINT('',#2177);
#2177 = CARTESIAN_POINT('',(2.65,-0.6,5.041926223421));
#2178 = SURFACE_CURVE('',#2179,(#2183,#2190),.PCURVE_S1.);
#2179 = LINE('',#2180,#2181);
#2180 = CARTESIAN_POINT('',(2.65,-0.6,5.041926223421));
#2181 = VECTOR('',#2182,1.);
#2182 = DIRECTION('',(0.,-1.,2.22044604925E-16));
#2183 = PCURVE('',#2137,#2184);
#2184 = DEFINITIONAL_REPRESENTATION('',(#2185),#2189);
#2185 = LINE('',#2186,#2187);
#2186 = CARTESIAN_POINT('',(-1.4,0.));
#2187 = VECTOR('',#2188,1.);
#2188 = DIRECTION('',(-1.,0.));
#2189 = ( GEOMETRIC_REPRESENTATION_CONTEXT(2) 
PARAMETRIC_REPRESENTATION_CONTEXT() REPRESENTATION_CONTEXT('2D SPACE',''
  ) );
#2190 = PCURVE('',#978,#2191);
#2191 = DEFINITIONAL_REPRESENTATION('',(#2192),#2196);
#2192 = LINE('',#2193,#2194);
#2193 = CARTESIAN_POINT('',(-1.4,-0.3));
#2194 = VECTOR('',#2195,1.);
#2195 = DIRECTION('',(-1.,0.));
#2196 = ( GEOMETRIC_REPRESENTATION_CONTEXT(2) 
PARAMETRIC_REPRESENTATION_CONTEXT() REPRESENTATION_CONTEXT('2D SPACE',''
  ) );
#2197 = ORIENTED_EDGE('',*,*,#2198,.T.);
#2198 = EDGE_CURVE('',#2176,#2199,#2201,.T.);
#2199 = VERTEX_POINT('',#2200);
#2200 = CARTESIAN_POINT('',(-2.65,-0.6,5.041926223421));
#2201 = SURFACE_CURVE('',#2202,(#2206,#2213),.PCURVE_S1.);
#2202 = LINE('',#2203,#2204);
#2203 = CARTESIAN_POINT('',(2.65,-0.6,5.041926223421));
#2204 = VECTOR('',#2205,1.);
#2205 = DIRECTION('',(-1.,0.,0.));
#2206 = PCURVE('',#2137,#2207);
#2207 = DEFINITIONAL_REPRESENTATION('',(#2208),#2212);
#2208 = LINE('',#2209,#2210);
#2209 = CARTESIAN_POINT('',(-1.4,0.));
#2210 = VECTOR('',#2211,1.);
#2211 = DIRECTION('',(0.,-1.));
#2212 = ( GEOMETRIC_REPRESENTATION_CONTEXT(2) 
PARAMETRIC_REPRESENTATION_CONTEXT() REPRESENTATION_CONTEXT('2D SPACE',''
  ) );
#2213 = PCURVE('',#448,#2214);
#2214 = DEFINITIONAL_REPRESENTATION('',(#2215),#2219);
#2215 = LINE('',#2216,#2217);
#2216 = CARTESIAN_POINT('',(2.65,0.2));
#2217 = VECTOR('',#2218,1.);
#2218 = DIRECTION('',(-1.,0.));
#2219 = ( GEOMETRIC_REPRESENTATION_CONTEXT(2) 
PARAMETRIC_REPRESENTATION_CONTEXT() REPRESENTATION_CONTEXT('2D SPACE',''
  ) );
#2220 = ORIENTED_EDGE('',*,*,#2221,.T.);
#2221 = EDGE_CURVE('',#2199,#2122,#2222,.T.);
#2222 = SURFACE_CURVE('',#2223,(#2227,#2234),.PCURVE_S1.);
#2223 = LINE('',#2224,#2225);
#2224 = CARTESIAN_POINT('',(-2.65,-0.6,5.041926223421));
#2225 = VECTOR('',#2226,1.);
#2226 = DIRECTION('',(0.,-1.,2.22044604925E-16));
#2227 = PCURVE('',#2137,#2228);
#2228 = DEFINITIONAL_REPRESENTATION('',(#2229),#2233);
#2229 = LINE('',#2230,#2231);
#2230 = CARTESIAN_POINT('',(-1.4,-5.3));
#2231 = VECTOR('',#2232,1.);
#2232 = DIRECTION('',(-1.,0.));
#2233 = ( GEOMETRIC_REPRESENTATION_CONTEXT(2) 
PARAMETRIC_REPRESENTATION_CONTEXT() REPRESENTATION_CONTEXT('2D SPACE',''
  ) );
#2234 = PCURVE('',#1034,#2235);
#2235 = DEFINITIONAL_REPRESENTATION('',(#2236),#2240);
#2236 = LINE('',#2237,#2238);
#2237 = CARTESIAN_POINT('',(1.4,0.));
#2238 = VECTOR('',#2239,1.);
#2239 = DIRECTION('',(1.,0.));
#2240 = ( GEOMETRIC_REPRESENTATION_CONTEXT(2) 
PARAMETRIC_REPRESENTATION_CONTEXT() REPRESENTATION_CONTEXT('2D SPACE',''
  ) );
#2241 = ADVANCED_FACE('',(#2242),#316,.F.);
#2242 = FACE_BOUND('',#2243,.T.);
#2243 = EDGE_LOOP('',(#2244,#2245,#2246,#2269,#2297,#2325,#2353,#2374));
#2244 = ORIENTED_EDGE('',*,*,#300,.F.);
#2245 = ORIENTED_EDGE('',*,*,#488,.F.);
#2246 = ORIENTED_EDGE('',*,*,#2247,.F.);
#2247 = EDGE_CURVE('',#2248,#461,#2250,.T.);
#2248 = VERTEX_POINT('',#2249);
#2249 = CARTESIAN_POINT('',(-2.846898385264,0.8,5.243555332425));
#2250 = SURFACE_CURVE('',#2251,(#2255,#2262),.PCURVE_S1.);
#2251 = LINE('',#2252,#2253);
#2252 = CARTESIAN_POINT('',(-2.846898385264,0.8,5.243555332425));
#2253 = VECTOR('',#2254,1.);
#2254 = DIRECTION('',(-1.,0.,0.));
#2255 = PCURVE('',#316,#2256);
#2256 = DEFINITIONAL_REPRESENTATION('',(#2257),#2261);
#2257 = LINE('',#2258,#2259);
#2258 = CARTESIAN_POINT('',(-2.846898385264,2.551629109004));
#2259 = VECTOR('',#2260,1.);
#2260 = DIRECTION('',(-1.,0.));
#2261 = ( GEOMETRIC_REPRESENTATION_CONTEXT(2) 
PARAMETRIC_REPRESENTATION_CONTEXT() REPRESENTATION_CONTEXT('2D SPACE',''
  ) );
#2262 = PCURVE('',#476,#2263);
#2263 = DEFINITIONAL_REPRESENTATION('',(#2264),#2268);
#2264 = LINE('',#2265,#2266);
#2265 = CARTESIAN_POINT('',(-0.700960642199,-1.509398385264));
#2266 = VECTOR('',#2267,1.);
#2267 = DIRECTION('',(0.,-1.));
#2268 = ( GEOMETRIC_REPRESENTATION_CONTEXT(2) 
PARAMETRIC_REPRESENTATION_CONTEXT() REPRESENTATION_CONTEXT('2D SPACE',''
  ) );
#2269 = ORIENTED_EDGE('',*,*,#2270,.F.);
#2270 = EDGE_CURVE('',#2271,#2248,#2273,.T.);
#2271 = VERTEX_POINT('',#2272);
#2272 = CARTESIAN_POINT('',(-2.846898385264,0.8,4.568555332425));
#2273 = SURFACE_CURVE('',#2274,(#2278,#2285),.PCURVE_S1.);
#2274 = LINE('',#2275,#2276);
#2275 = CARTESIAN_POINT('',(-2.846898385264,0.8,4.568555332425));
#2276 = VECTOR('',#2277,1.);
#2277 = DIRECTION('',(0.,2.22044604925E-16,1.));
#2278 = PCURVE('',#316,#2279);
#2279 = DEFINITIONAL_REPRESENTATION('',(#2280),#2284);
#2280 = LINE('',#2281,#2282);
#2281 = CARTESIAN_POINT('',(-2.846898385264,1.876629109004));
#2282 = VECTOR('',#2283,1.);
#2283 = DIRECTION('',(0.,1.));
#2284 = ( GEOMETRIC_REPRESENTATION_CONTEXT(2) 
PARAMETRIC_REPRESENTATION_CONTEXT() REPRESENTATION_CONTEXT('2D SPACE',''
  ) );
#2285 = PCURVE('',#2286,#2291);
#2286 = PLANE('',#2287);
#2287 = AXIS2_PLACEMENT_3D('',#2288,#2289,#2290);
#2288 = CARTESIAN_POINT('',(-2.760949192632,9.999999999981E-02,
    3.666926223421));
#2289 = DIRECTION('',(0.992546151641,0.121869343405,-2.706043020887E-17)
  );
#2290 = DIRECTION('',(-0.121869343405,0.992546151641,-2.203895181111E-16
    ));
#2291 = DEFINITIONAL_REPRESENTATION('',(#2292),#2296);
#2292 = LINE('',#2293,#2294);
#2293 = CARTESIAN_POINT('',(0.705256877821,0.901629109004));
#2294 = VECTOR('',#2295,1.);
#2295 = DIRECTION('',(0.,1.));
#2296 = ( GEOMETRIC_REPRESENTATION_CONTEXT(2) 
PARAMETRIC_REPRESENTATION_CONTEXT() REPRESENTATION_CONTEXT('2D SPACE',''
  ) );
#2297 = ORIENTED_EDGE('',*,*,#2298,.F.);
#2298 = EDGE_CURVE('',#2299,#2271,#2301,.T.);
#2299 = VERTEX_POINT('',#2300);
#2300 = CARTESIAN_POINT('',(2.846898385264,0.8,4.568555332425));
#2301 = SURFACE_CURVE('',#2302,(#2306,#2313),.PCURVE_S1.);
#2302 = LINE('',#2303,#2304);
#2303 = CARTESIAN_POINT('',(2.846898385264,0.8,4.568555332425));
#2304 = VECTOR('',#2305,1.);
#2305 = DIRECTION('',(-1.,0.,0.));
#2306 = PCURVE('',#316,#2307);
#2307 = DEFINITIONAL_REPRESENTATION('',(#2308),#2312);
#2308 = LINE('',#2309,#2310);
#2309 = CARTESIAN_POINT('',(2.846898385264,1.876629109004));
#2310 = VECTOR('',#2311,1.);
#2311 = DIRECTION('',(-1.,0.));
#2312 = ( GEOMETRIC_REPRESENTATION_CONTEXT(2) 
PARAMETRIC_REPRESENTATION_CONTEXT() REPRESENTATION_CONTEXT('2D SPACE',''
  ) );
#2313 = PCURVE('',#2314,#2319);
#2314 = PLANE('',#2315);
#2315 = AXIS2_PLACEMENT_3D('',#2316,#2317,#2318);
#2316 = CARTESIAN_POINT('',(1.3375,9.999999999981E-02,4.605240777923));
#2317 = DIRECTION('',(-1.222928E-16,5.233595624294E-02,0.998629534755));
#2318 = DIRECTION('',(1.435425209415E-33,-0.998629534755,
    5.233595624294E-02));
#2319 = DEFINITIONAL_REPRESENTATION('',(#2320),#2324);
#2320 = LINE('',#2321,#2322);
#2321 = CARTESIAN_POINT('',(-0.700960642199,1.509398385264));
#2322 = VECTOR('',#2323,1.);
#2323 = DIRECTION('',(-7.550454454717E-34,-1.));
#2324 = ( GEOMETRIC_REPRESENTATION_CONTEXT(2) 
PARAMETRIC_REPRESENTATION_CONTEXT() REPRESENTATION_CONTEXT('2D SPACE',''
  ) );
#2325 = ORIENTED_EDGE('',*,*,#2326,.F.);
#2326 = EDGE_CURVE('',#2327,#2299,#2329,.T.);
#2327 = VERTEX_POINT('',#2328);
#2328 = CARTESIAN_POINT('',(2.846898385264,0.8,5.243555332425));
#2329 = SURFACE_CURVE('',#2330,(#2334,#2341),.PCURVE_S1.);
#2330 = LINE('',#2331,#2332);
#2331 = CARTESIAN_POINT('',(2.846898385264,0.8,5.243555332425));
#2332 = VECTOR('',#2333,1.);
#2333 = DIRECTION('',(0.,-2.22044604925E-16,-1.));
#2334 = PCURVE('',#316,#2335);
#2335 = DEFINITIONAL_REPRESENTATION('',(#2336),#2340);
#2336 = LINE('',#2337,#2338);
#2337 = CARTESIAN_POINT('',(2.846898385264,2.551629109004));
#2338 = VECTOR('',#2339,1.);
#2339 = DIRECTION('',(0.,-1.));
#2340 = ( GEOMETRIC_REPRESENTATION_CONTEXT(2) 
PARAMETRIC_REPRESENTATION_CONTEXT() REPRESENTATION_CONTEXT('2D SPACE',''
  ) );
#2341 = PCURVE('',#2342,#2347);
#2342 = PLANE('',#2343);
#2343 = AXIS2_PLACEMENT_3D('',#2344,#2345,#2346);
#2344 = CARTESIAN_POINT('',(2.760949192632,9.999999999981E-02,
    3.866926223421));
#2345 = DIRECTION('',(-0.992546151641,0.121869343405,-1.486082302089E-16
    ));
#2346 = DIRECTION('',(-0.121869343405,-0.992546151641,2.203895181111E-16
    ));
#2347 = DEFINITIONAL_REPRESENTATION('',(#2348),#2352);
#2348 = LINE('',#2349,#2350);
#2349 = CARTESIAN_POINT('',(-0.705256877821,1.376629109004));
#2350 = VECTOR('',#2351,1.);
#2351 = DIRECTION('',(4.901033699396E-34,-1.));
#2352 = ( GEOMETRIC_REPRESENTATION_CONTEXT(2) 
PARAMETRIC_REPRESENTATION_CONTEXT() REPRESENTATION_CONTEXT('2D SPACE',''
  ) );
#2353 = ORIENTED_EDGE('',*,*,#2354,.F.);
#2354 = EDGE_CURVE('',#1507,#2327,#2355,.T.);
#2355 = SURFACE_CURVE('',#2356,(#2360,#2367),.PCURVE_S1.);
#2356 = LINE('',#2357,#2358);
#2357 = CARTESIAN_POINT('',(3.403101614736,0.8,5.243555332425));
#2358 = VECTOR('',#2359,1.);
#2359 = DIRECTION('',(-1.,0.,0.));
#2360 = PCURVE('',#316,#2361);
#2361 = DEFINITIONAL_REPRESENTATION('',(#2362),#2366);
#2362 = LINE('',#2363,#2364);
#2363 = CARTESIAN_POINT('',(3.403101614736,2.551629109004));
#2364 = VECTOR('',#2365,1.);
#2365 = DIRECTION('',(-1.,0.));
#2366 = ( GEOMETRIC_REPRESENTATION_CONTEXT(2) 
PARAMETRIC_REPRESENTATION_CONTEXT() REPRESENTATION_CONTEXT('2D SPACE',''
  ) );
#2367 = PCURVE('',#1545,#2368);
#2368 = DEFINITIONAL_REPRESENTATION('',(#2369),#2373);
#2369 = LINE('',#2370,#2371);
#2370 = CARTESIAN_POINT('',(-0.700960642199,1.615601614736));
#2371 = VECTOR('',#2372,1.);
#2372 = DIRECTION('',(0.,-1.));
#2373 = ( GEOMETRIC_REPRESENTATION_CONTEXT(2) 
PARAMETRIC_REPRESENTATION_CONTEXT() REPRESENTATION_CONTEXT('2D SPACE',''
  ) );
#2374 = ORIENTED_EDGE('',*,*,#1506,.F.);
#2375 = ADVANCED_FACE('',(#2376),#1545,.T.);
#2376 = FACE_BOUND('',#2377,.T.);
#2377 = EDGE_LOOP('',(#2378,#2379,#2380,#2403));
#2378 = ORIENTED_EDGE('',*,*,#1529,.F.);
#2379 = ORIENTED_EDGE('',*,*,#2354,.T.);
#2380 = ORIENTED_EDGE('',*,*,#2381,.F.);
#2381 = EDGE_CURVE('',#2382,#2327,#2384,.T.);
#2382 = VERTEX_POINT('',#2383);
#2383 = CARTESIAN_POINT('',(2.675,-0.6,5.316926223421));
#2384 = SURFACE_CURVE('',#2385,(#2389,#2396),.PCURVE_S1.);
#2385 = LINE('',#2386,#2387);
#2386 = CARTESIAN_POINT('',(2.675,-0.6,5.316926223421));
#2387 = VECTOR('',#2388,1.);
#2388 = DIRECTION('',(0.121704801254,0.991206063359,-5.194690859253E-02)
  );
#2389 = PCURVE('',#1545,#2390);
#2390 = DEFINITIONAL_REPRESENTATION('',(#2391),#2395);
#2391 = LINE('',#2392,#2393);
#2392 = CARTESIAN_POINT('',(0.700960642199,0.8875));
#2393 = VECTOR('',#2394,1.);
#2394 = DIRECTION('',(-0.992566341033,0.121704801254));
#2395 = ( GEOMETRIC_REPRESENTATION_CONTEXT(2) 
PARAMETRIC_REPRESENTATION_CONTEXT() REPRESENTATION_CONTEXT('2D SPACE',''
  ) );
#2396 = PCURVE('',#2342,#2397);
#2397 = DEFINITIONAL_REPRESENTATION('',(#2398),#2402);
#2398 = LINE('',#2399,#2400);
#2399 = CARTESIAN_POINT('',(0.705256877821,1.45));
#2400 = VECTOR('',#2401,1.);
#2401 = DIRECTION('',(-0.998649847888,-5.194690859253E-02));
#2402 = ( GEOMETRIC_REPRESENTATION_CONTEXT(2) 
PARAMETRIC_REPRESENTATION_CONTEXT() REPRESENTATION_CONTEXT('2D SPACE',''
  ) );
#2403 = ORIENTED_EDGE('',*,*,#2404,.F.);
#2404 = EDGE_CURVE('',#1530,#2382,#2405,.T.);
#2405 = SURFACE_CURVE('',#2406,(#2410,#2417),.PCURVE_S1.);
#2406 = LINE('',#2407,#2408);
#2407 = CARTESIAN_POINT('',(3.575,-0.6,5.316926223421));
#2408 = VECTOR('',#2409,1.);
#2409 = DIRECTION('',(-1.,0.,0.));
#2410 = PCURVE('',#1545,#2411);
#2411 = DEFINITIONAL_REPRESENTATION('',(#2412),#2416);
#2412 = LINE('',#2413,#2414);
#2413 = CARTESIAN_POINT('',(0.700960642199,1.7875));
#2414 = VECTOR('',#2415,1.);
#2415 = DIRECTION('',(0.,-1.));
#2416 = ( GEOMETRIC_REPRESENTATION_CONTEXT(2) 
PARAMETRIC_REPRESENTATION_CONTEXT() REPRESENTATION_CONTEXT('2D SPACE',''
  ) );
#2417 = PCURVE('',#448,#2418);
#2418 = DEFINITIONAL_REPRESENTATION('',(#2419),#2423);
#2419 = LINE('',#2420,#2421);
#2420 = CARTESIAN_POINT('',(3.575,0.475));
#2421 = VECTOR('',#2422,1.);
#2422 = DIRECTION('',(-1.,0.));
#2423 = ( GEOMETRIC_REPRESENTATION_CONTEXT(2) 
PARAMETRIC_REPRESENTATION_CONTEXT() REPRESENTATION_CONTEXT('2D SPACE',''
  ) );
#2424 = ADVANCED_FACE('',(#2425),#2286,.T.);
#2425 = FACE_BOUND('',#2426,.T.);
#2426 = EDGE_LOOP('',(#2427,#2450,#2473,#2494));
#2427 = ORIENTED_EDGE('',*,*,#2428,.T.);
#2428 = EDGE_CURVE('',#2248,#2429,#2431,.T.);
#2429 = VERTEX_POINT('',#2430);
#2430 = CARTESIAN_POINT('',(-2.675,-0.6,5.316926223421));
#2431 = SURFACE_CURVE('',#2432,(#2436,#2443),.PCURVE_S1.);
#2432 = LINE('',#2433,#2434);
#2433 = CARTESIAN_POINT('',(-2.846898385264,0.8,5.243555332425));
#2434 = VECTOR('',#2435,1.);
#2435 = DIRECTION('',(0.121704801254,-0.991206063359,5.194690859253E-02)
  );
#2436 = PCURVE('',#2286,#2437);
#2437 = DEFINITIONAL_REPRESENTATION('',(#2438),#2442);
#2438 = LINE('',#2439,#2440);
#2439 = CARTESIAN_POINT('',(0.705256877821,1.576629109004));
#2440 = VECTOR('',#2441,1.);
#2441 = DIRECTION('',(-0.998649847888,5.194690859253E-02));
#2442 = ( GEOMETRIC_REPRESENTATION_CONTEXT(2) 
PARAMETRIC_REPRESENTATION_CONTEXT() REPRESENTATION_CONTEXT('2D SPACE',''
  ) );
#2443 = PCURVE('',#476,#2444);
#2444 = DEFINITIONAL_REPRESENTATION('',(#2445),#2449);
#2445 = LINE('',#2446,#2447);
#2446 = CARTESIAN_POINT('',(-0.700960642199,-1.509398385264));
#2447 = VECTOR('',#2448,1.);
#2448 = DIRECTION('',(0.992566341033,0.121704801254));
#2449 = ( GEOMETRIC_REPRESENTATION_CONTEXT(2) 
PARAMETRIC_REPRESENTATION_CONTEXT() REPRESENTATION_CONTEXT('2D SPACE',''
  ) );
#2450 = ORIENTED_EDGE('',*,*,#2451,.F.);
#2451 = EDGE_CURVE('',#2452,#2429,#2454,.T.);
#2452 = VERTEX_POINT('',#2453);
#2453 = CARTESIAN_POINT('',(-2.675,-0.6,4.641926223421));
#2454 = SURFACE_CURVE('',#2455,(#2459,#2466),.PCURVE_S1.);
#2455 = LINE('',#2456,#2457);
#2456 = CARTESIAN_POINT('',(-2.675,-0.6,4.641926223421));
#2457 = VECTOR('',#2458,1.);
#2458 = DIRECTION('',(0.,2.22044604925E-16,1.));
#2459 = PCURVE('',#2286,#2460);
#2460 = DEFINITIONAL_REPRESENTATION('',(#2461),#2465);
#2461 = LINE('',#2462,#2463);
#2462 = CARTESIAN_POINT('',(-0.705256877821,0.975));
#2463 = VECTOR('',#2464,1.);
#2464 = DIRECTION('',(0.,1.));
#2465 = ( GEOMETRIC_REPRESENTATION_CONTEXT(2) 
PARAMETRIC_REPRESENTATION_CONTEXT() REPRESENTATION_CONTEXT('2D SPACE',''
  ) );
#2466 = PCURVE('',#448,#2467);
#2467 = DEFINITIONAL_REPRESENTATION('',(#2468),#2472);
#2468 = LINE('',#2469,#2470);
#2469 = CARTESIAN_POINT('',(-2.675,-0.2));
#2470 = VECTOR('',#2471,1.);
#2471 = DIRECTION('',(0.,1.));
#2472 = ( GEOMETRIC_REPRESENTATION_CONTEXT(2) 
PARAMETRIC_REPRESENTATION_CONTEXT() REPRESENTATION_CONTEXT('2D SPACE',''
  ) );
#2473 = ORIENTED_EDGE('',*,*,#2474,.F.);
#2474 = EDGE_CURVE('',#2271,#2452,#2475,.T.);
#2475 = SURFACE_CURVE('',#2476,(#2480,#2487),.PCURVE_S1.);
#2476 = LINE('',#2477,#2478);
#2477 = CARTESIAN_POINT('',(-2.846898385264,0.8,4.568555332425));
#2478 = VECTOR('',#2479,1.);
#2479 = DIRECTION('',(0.121704801254,-0.991206063359,5.194690859253E-02)
  );
#2480 = PCURVE('',#2286,#2481);
#2481 = DEFINITIONAL_REPRESENTATION('',(#2482),#2486);
#2482 = LINE('',#2483,#2484);
#2483 = CARTESIAN_POINT('',(0.705256877821,0.901629109004));
#2484 = VECTOR('',#2485,1.);
#2485 = DIRECTION('',(-0.998649847888,5.194690859253E-02));
#2486 = ( GEOMETRIC_REPRESENTATION_CONTEXT(2) 
PARAMETRIC_REPRESENTATION_CONTEXT() REPRESENTATION_CONTEXT('2D SPACE',''
  ) );
#2487 = PCURVE('',#2314,#2488);
#2488 = DEFINITIONAL_REPRESENTATION('',(#2489),#2493);
#2489 = LINE('',#2490,#2491);
#2490 = CARTESIAN_POINT('',(-0.700960642199,-4.184398385264));
#2491 = VECTOR('',#2492,1.);
#2492 = DIRECTION('',(0.992566341033,0.121704801254));
#2493 = ( GEOMETRIC_REPRESENTATION_CONTEXT(2) 
PARAMETRIC_REPRESENTATION_CONTEXT() REPRESENTATION_CONTEXT('2D SPACE',''
  ) );
#2494 = ORIENTED_EDGE('',*,*,#2270,.T.);
#2495 = ADVANCED_FACE('',(#2496),#476,.T.);
#2496 = FACE_BOUND('',#2497,.T.);
#2497 = EDGE_LOOP('',(#2498,#2499,#2520,#2521));
#2498 = ORIENTED_EDGE('',*,*,#460,.F.);
#2499 = ORIENTED_EDGE('',*,*,#2500,.F.);
#2500 = EDGE_CURVE('',#2429,#433,#2501,.T.);
#2501 = SURFACE_CURVE('',#2502,(#2506,#2513),.PCURVE_S1.);
#2502 = LINE('',#2503,#2504);
#2503 = CARTESIAN_POINT('',(-2.675,-0.6,5.316926223421));
#2504 = VECTOR('',#2505,1.);
#2505 = DIRECTION('',(-1.,0.,0.));
#2506 = PCURVE('',#476,#2507);
#2507 = DEFINITIONAL_REPRESENTATION('',(#2508),#2512);
#2508 = LINE('',#2509,#2510);
#2509 = CARTESIAN_POINT('',(0.700960642199,-1.3375));
#2510 = VECTOR('',#2511,1.);
#2511 = DIRECTION('',(0.,-1.));
#2512 = ( GEOMETRIC_REPRESENTATION_CONTEXT(2) 
PARAMETRIC_REPRESENTATION_CONTEXT() REPRESENTATION_CONTEXT('2D SPACE',''
  ) );
#2513 = PCURVE('',#448,#2514);
#2514 = DEFINITIONAL_REPRESENTATION('',(#2515),#2519);
#2515 = LINE('',#2516,#2517);
#2516 = CARTESIAN_POINT('',(-2.675,0.475));
#2517 = VECTOR('',#2518,1.);
#2518 = DIRECTION('',(-1.,0.));
#2519 = ( GEOMETRIC_REPRESENTATION_CONTEXT(2) 
PARAMETRIC_REPRESENTATION_CONTEXT() REPRESENTATION_CONTEXT('2D SPACE',''
  ) );
#2520 = ORIENTED_EDGE('',*,*,#2428,.F.);
#2521 = ORIENTED_EDGE('',*,*,#2247,.T.);
#2522 = ADVANCED_FACE('',(#2523),#2342,.T.);
#2523 = FACE_BOUND('',#2524,.T.);
#2524 = EDGE_LOOP('',(#2525,#2526,#2527,#2550));
#2525 = ORIENTED_EDGE('',*,*,#2381,.T.);
#2526 = ORIENTED_EDGE('',*,*,#2326,.T.);
#2527 = ORIENTED_EDGE('',*,*,#2528,.F.);
#2528 = EDGE_CURVE('',#2529,#2299,#2531,.T.);
#2529 = VERTEX_POINT('',#2530);
#2530 = CARTESIAN_POINT('',(2.675,-0.6,4.641926223421));
#2531 = SURFACE_CURVE('',#2532,(#2536,#2543),.PCURVE_S1.);
#2532 = LINE('',#2533,#2534);
#2533 = CARTESIAN_POINT('',(2.675,-0.6,4.641926223421));
#2534 = VECTOR('',#2535,1.);
#2535 = DIRECTION('',(0.121704801254,0.991206063359,-5.194690859253E-02)
  );
#2536 = PCURVE('',#2342,#2537);
#2537 = DEFINITIONAL_REPRESENTATION('',(#2538),#2542);
#2538 = LINE('',#2539,#2540);
#2539 = CARTESIAN_POINT('',(0.705256877821,0.775));
#2540 = VECTOR('',#2541,1.);
#2541 = DIRECTION('',(-0.998649847888,-5.194690859253E-02));
#2542 = ( GEOMETRIC_REPRESENTATION_CONTEXT(2) 
PARAMETRIC_REPRESENTATION_CONTEXT() REPRESENTATION_CONTEXT('2D SPACE',''
  ) );
#2543 = PCURVE('',#2314,#2544);
#2544 = DEFINITIONAL_REPRESENTATION('',(#2545),#2549);
#2545 = LINE('',#2546,#2547);
#2546 = CARTESIAN_POINT('',(0.700960642199,1.3375));
#2547 = VECTOR('',#2548,1.);
#2548 = DIRECTION('',(-0.992566341033,0.121704801254));
#2549 = ( GEOMETRIC_REPRESENTATION_CONTEXT(2) 
PARAMETRIC_REPRESENTATION_CONTEXT() REPRESENTATION_CONTEXT('2D SPACE',''
  ) );
#2550 = ORIENTED_EDGE('',*,*,#2551,.F.);
#2551 = EDGE_CURVE('',#2382,#2529,#2552,.T.);
#2552 = SURFACE_CURVE('',#2553,(#2557,#2564),.PCURVE_S1.);
#2553 = LINE('',#2554,#2555);
#2554 = CARTESIAN_POINT('',(2.675,-0.6,5.316926223421));
#2555 = VECTOR('',#2556,1.);
#2556 = DIRECTION('',(-1.684249E-13,-2.22044604925E-16,-1.));
#2557 = PCURVE('',#2342,#2558);
#2558 = DEFINITIONAL_REPRESENTATION('',(#2559),#2563);
#2559 = LINE('',#2560,#2561);
#2560 = CARTESIAN_POINT('',(0.705256877821,1.45));
#2561 = VECTOR('',#2562,1.);
#2562 = DIRECTION('',(2.052583197608E-14,-1.));
#2563 = ( GEOMETRIC_REPRESENTATION_CONTEXT(2) 
PARAMETRIC_REPRESENTATION_CONTEXT() REPRESENTATION_CONTEXT('2D SPACE',''
  ) );
#2564 = PCURVE('',#448,#2565);
#2565 = DEFINITIONAL_REPRESENTATION('',(#2566),#2570);
#2566 = LINE('',#2567,#2568);
#2567 = CARTESIAN_POINT('',(2.675,0.475));
#2568 = VECTOR('',#2569,1.);
#2569 = DIRECTION('',(-1.684249E-13,-1.));
#2570 = ( GEOMETRIC_REPRESENTATION_CONTEXT(2) 
PARAMETRIC_REPRESENTATION_CONTEXT() REPRESENTATION_CONTEXT('2D SPACE',''
  ) );
#2571 = ADVANCED_FACE('',(#2572),#2314,.T.);
#2572 = FACE_BOUND('',#2573,.T.);
#2573 = EDGE_LOOP('',(#2574,#2595,#2596,#2597));
#2574 = ORIENTED_EDGE('',*,*,#2575,.F.);
#2575 = EDGE_CURVE('',#2529,#2452,#2576,.T.);
#2576 = SURFACE_CURVE('',#2577,(#2581,#2588),.PCURVE_S1.);
#2577 = LINE('',#2578,#2579);
#2578 = CARTESIAN_POINT('',(2.675,-0.6,4.641926223421));
#2579 = VECTOR('',#2580,1.);
#2580 = DIRECTION('',(-1.,0.,0.));
#2581 = PCURVE('',#2314,#2582);
#2582 = DEFINITIONAL_REPRESENTATION('',(#2583),#2587);
#2583 = LINE('',#2584,#2585);
#2584 = CARTESIAN_POINT('',(0.700960642199,1.3375));
#2585 = VECTOR('',#2586,1.);
#2586 = DIRECTION('',(-7.550454454717E-34,-1.));
#2587 = ( GEOMETRIC_REPRESENTATION_CONTEXT(2) 
PARAMETRIC_REPRESENTATION_CONTEXT() REPRESENTATION_CONTEXT('2D SPACE',''
  ) );
#2588 = PCURVE('',#448,#2589);
#2589 = DEFINITIONAL_REPRESENTATION('',(#2590),#2594);
#2590 = LINE('',#2591,#2592);
#2591 = CARTESIAN_POINT('',(2.675,-0.2));
#2592 = VECTOR('',#2593,1.);
#2593 = DIRECTION('',(-1.,0.));
#2594 = ( GEOMETRIC_REPRESENTATION_CONTEXT(2) 
PARAMETRIC_REPRESENTATION_CONTEXT() REPRESENTATION_CONTEXT('2D SPACE',''
  ) );
#2595 = ORIENTED_EDGE('',*,*,#2528,.T.);
#2596 = ORIENTED_EDGE('',*,*,#2298,.T.);
#2597 = ORIENTED_EDGE('',*,*,#2474,.T.);
#2598 = ADVANCED_FACE('',(#2599),#843,.T.);
#2599 = FACE_BOUND('',#2600,.T.);
#2600 = EDGE_LOOP('',(#2601,#2602,#2623,#2624,#2625));
#2601 = ORIENTED_EDGE('',*,*,#1780,.F.);
#2602 = ORIENTED_EDGE('',*,*,#2603,.T.);
#2603 = EDGE_CURVE('',#1781,#2051,#2604,.T.);
#2604 = SURFACE_CURVE('',#2605,(#2609,#2616),.PCURVE_S1.);
#2605 = LINE('',#2606,#2607);
#2606 = CARTESIAN_POINT('',(2.755,-0.6,4.192622342117E-02));
#2607 = VECTOR('',#2608,1.);
#2608 = DIRECTION('',(1.,0.,0.));
#2609 = PCURVE('',#843,#2610);
#2610 = DEFINITIONAL_REPRESENTATION('',(#2611),#2615);
#2611 = LINE('',#2612,#2613);
#2612 = CARTESIAN_POINT('',(-1.4,-0.845));
#2613 = VECTOR('',#2614,1.);
#2614 = DIRECTION('',(0.,1.));
#2615 = ( GEOMETRIC_REPRESENTATION_CONTEXT(2) 
PARAMETRIC_REPRESENTATION_CONTEXT() REPRESENTATION_CONTEXT('2D SPACE',''
  ) );
#2616 = PCURVE('',#448,#2617);
#2617 = DEFINITIONAL_REPRESENTATION('',(#2618),#2622);
#2618 = LINE('',#2619,#2620);
#2619 = CARTESIAN_POINT('',(2.755,-4.8));
#2620 = VECTOR('',#2621,1.);
#2621 = DIRECTION('',(1.,0.));
#2622 = ( GEOMETRIC_REPRESENTATION_CONTEXT(2) 
PARAMETRIC_REPRESENTATION_CONTEXT() REPRESENTATION_CONTEXT('2D SPACE',''
  ) );
#2623 = ORIENTED_EDGE('',*,*,#2050,.T.);
#2624 = ORIENTED_EDGE('',*,*,#827,.F.);
#2625 = ORIENTED_EDGE('',*,*,#1214,.T.);
#2626 = ADVANCED_FACE('',(#2627),#978,.F.);
#2627 = FACE_BOUND('',#2628,.T.);
#2628 = EDGE_LOOP('',(#2629,#2630,#2651,#2652,#2653));
#2629 = ORIENTED_EDGE('',*,*,#2024,.F.);
#2630 = ORIENTED_EDGE('',*,*,#2631,.T.);
#2631 = EDGE_CURVE('',#2002,#2176,#2632,.T.);
#2632 = SURFACE_CURVE('',#2633,(#2637,#2644),.PCURVE_S1.);
#2633 = LINE('',#2634,#2635);
#2634 = CARTESIAN_POINT('',(2.65,-0.6,5.341926223421));
#2635 = VECTOR('',#2636,1.);
#2636 = DIRECTION('',(0.,-2.22044604925E-16,-1.));
#2637 = PCURVE('',#978,#2638);
#2638 = DEFINITIONAL_REPRESENTATION('',(#2639),#2643);
#2639 = LINE('',#2640,#2641);
#2640 = CARTESIAN_POINT('',(-1.4,0.));
#2641 = VECTOR('',#2642,1.);
#2642 = DIRECTION('',(0.,-1.));
#2643 = ( GEOMETRIC_REPRESENTATION_CONTEXT(2) 
PARAMETRIC_REPRESENTATION_CONTEXT() REPRESENTATION_CONTEXT('2D SPACE',''
  ) );
#2644 = PCURVE('',#448,#2645);
#2645 = DEFINITIONAL_REPRESENTATION('',(#2646),#2650);
#2646 = LINE('',#2647,#2648);
#2647 = CARTESIAN_POINT('',(2.65,0.5));
#2648 = VECTOR('',#2649,1.);
#2649 = DIRECTION('',(0.,-1.));
#2650 = ( GEOMETRIC_REPRESENTATION_CONTEXT(2) 
PARAMETRIC_REPRESENTATION_CONTEXT() REPRESENTATION_CONTEXT('2D SPACE',''
  ) );
#2651 = ORIENTED_EDGE('',*,*,#2175,.T.);
#2652 = ORIENTED_EDGE('',*,*,#2098,.T.);
#2653 = ORIENTED_EDGE('',*,*,#962,.F.);
#2654 = ADVANCED_FACE('',(#2655,#2689),#448,.F.);
#2655 = FACE_BOUND('',#2656,.T.);
#2656 = EDGE_LOOP('',(#2657,#2658,#2659,#2660,#2661,#2662,#2663,#2664,
    #2665,#2666,#2667,#2668));
#2657 = ORIENTED_EDGE('',*,*,#2198,.F.);
#2658 = ORIENTED_EDGE('',*,*,#2631,.F.);
#2659 = ORIENTED_EDGE('',*,*,#2001,.F.);
#2660 = ORIENTED_EDGE('',*,*,#2073,.F.);
#2661 = ORIENTED_EDGE('',*,*,#2603,.F.);
#2662 = ORIENTED_EDGE('',*,*,#1827,.F.);
#2663 = ORIENTED_EDGE('',*,*,#1851,.F.);
#2664 = ORIENTED_EDGE('',*,*,#1732,.F.);
#2665 = ORIENTED_EDGE('',*,*,#1683,.F.);
#2666 = ORIENTED_EDGE('',*,*,#1952,.F.);
#2667 = ORIENTED_EDGE('',*,*,#1903,.F.);
#2668 = ORIENTED_EDGE('',*,*,#2669,.F.);
#2669 = EDGE_CURVE('',#2199,#1881,#2670,.T.);
#2670 = SURFACE_CURVE('',#2671,(#2675,#2682),.PCURVE_S1.);
#2671 = LINE('',#2672,#2673);
#2672 = CARTESIAN_POINT('',(-2.65,-0.6,5.041926223421));
#2673 = VECTOR('',#2674,1.);
#2674 = DIRECTION('',(0.,2.22044604925E-16,1.));
#2675 = PCURVE('',#448,#2676);
#2676 = DEFINITIONAL_REPRESENTATION('',(#2677),#2681);
#2677 = LINE('',#2678,#2679);
#2678 = CARTESIAN_POINT('',(-2.65,0.2));
#2679 = VECTOR('',#2680,1.);
#2680 = DIRECTION('',(0.,1.));
#2681 = ( GEOMETRIC_REPRESENTATION_CONTEXT(2) 
PARAMETRIC_REPRESENTATION_CONTEXT() REPRESENTATION_CONTEXT('2D SPACE',''
  ) );
#2682 = PCURVE('',#1034,#2683);
#2683 = DEFINITIONAL_REPRESENTATION('',(#2684),#2688);
#2684 = LINE('',#2685,#2686);
#2685 = CARTESIAN_POINT('',(1.4,0.));
#2686 = VECTOR('',#2687,1.);
#2687 = DIRECTION('',(0.,1.));
#2688 = ( GEOMETRIC_REPRESENTATION_CONTEXT(2) 
PARAMETRIC_REPRESENTATION_CONTEXT() REPRESENTATION_CONTEXT('2D SPACE',''
  ) );
#2689 = FACE_BOUND('',#2690,.T.);
#2690 = EDGE_LOOP('',(#2691,#2692,#2693,#2694,#2695,#2696,#2697,#2698));
#2691 = ORIENTED_EDGE('',*,*,#2451,.T.);
#2692 = ORIENTED_EDGE('',*,*,#2500,.T.);
#2693 = ORIENTED_EDGE('',*,*,#432,.T.);
#2694 = ORIENTED_EDGE('',*,*,#1480,.T.);
#2695 = ORIENTED_EDGE('',*,*,#1557,.T.);
#2696 = ORIENTED_EDGE('',*,*,#2404,.T.);
#2697 = ORIENTED_EDGE('',*,*,#2551,.T.);
#2698 = ORIENTED_EDGE('',*,*,#2575,.T.);
#2699 = ADVANCED_FACE('',(#2700),#1034,.F.);
#2700 = FACE_BOUND('',#2701,.T.);
#2701 = EDGE_LOOP('',(#2702,#2703,#2704,#2705,#2706));
#2702 = ORIENTED_EDGE('',*,*,#1880,.F.);
#2703 = ORIENTED_EDGE('',*,*,#1018,.T.);
#2704 = ORIENTED_EDGE('',*,*,#2149,.T.);
#2705 = ORIENTED_EDGE('',*,*,#2221,.F.);
#2706 = ORIENTED_EDGE('',*,*,#2669,.T.);
#2707 = MANIFOLD_SOLID_BREP('',#2708);
#2708 = CLOSED_SHELL('',(#2709,#2826,#2938,#3050,#3162,#3282,#3394,#3514
    ,#3626,#3746,#3866,#3978,#4095,#4212,#4327,#4442,#4691,#4856,#5089,
    #5352,#5620,#5791,#6020,#6305,#6376,#6638,#6805,#7114,#7235,#7539,
    #7669,#7720,#7770,#7819,#7869,#7999,#8071,#8120,#8170,#8199,#8277,
    #8549,#8576,#8605,#8851,#8860,#8934,#9028,#9056,#9103,#9196,#9293,
    #9321,#9355,#9389,#9439,#9490,#10114,#10121,#10148,#10195,#10202,
    #10776,#10809,#10895,#11060,#11146,#11311,#11339,#11367,#11416,
    #11492,#11541,#11569,#11645,#11694,#11744,#11771,#11798,#11811,
    #11838,#11845,#11872,#11879,#11906,#11933,#11940,#11947,#11974,
    #12001,#12008,#12035,#12062,#12069,#12104,#12111,#12118,#12125,
    #12160,#12167));
#2709 = ADVANCED_FACE('',(#2710),#2725,.F.);
#2710 = FACE_BOUND('',#2711,.F.);
#2711 = EDGE_LOOP('',(#2712,#2748,#2776,#2805));
#2712 = ORIENTED_EDGE('',*,*,#2713,.F.);
#2713 = EDGE_CURVE('',#2714,#2716,#2718,.T.);
#2714 = VERTEX_POINT('',#2715);
#2715 = CARTESIAN_POINT('',(-1.8,-2.1,2.841926223421));
#2716 = VERTEX_POINT('',#2717);
#2717 = CARTESIAN_POINT('',(1.8,-2.1,2.841926223421));
#2718 = SURFACE_CURVE('',#2719,(#2724,#2736),.PCURVE_S1.);
#2719 = CIRCLE('',#2720,1.8);
#2720 = AXIS2_PLACEMENT_3D('',#2721,#2722,#2723);
#2721 = CARTESIAN_POINT('',(2.277067423506E-13,-2.1,2.841926223421));
#2722 = DIRECTION('',(0.,-1.,2.22044604925E-16));
#2723 = DIRECTION('',(1.,0.,0.));
#2724 = PCURVE('',#2725,#2730);
#2725 = CYLINDRICAL_SURFACE('',#2726,1.8);
#2726 = AXIS2_PLACEMENT_3D('',#2727,#2728,#2729);
#2727 = CARTESIAN_POINT('',(2.277067423506E-13,-1.9,2.841926223421));
#2728 = DIRECTION('',(0.,-1.,2.22044604925E-16));
#2729 = DIRECTION('',(1.,0.,0.));
#2730 = DEFINITIONAL_REPRESENTATION('',(#2731),#2735);
#2731 = LINE('',#2732,#2733);
#2732 = CARTESIAN_POINT('',(0.,0.2));
#2733 = VECTOR('',#2734,1.);
#2734 = DIRECTION('',(1.,0.));
#2735 = ( GEOMETRIC_REPRESENTATION_CONTEXT(2) 
PARAMETRIC_REPRESENTATION_CONTEXT() REPRESENTATION_CONTEXT('2D SPACE',''
  ) );
#2736 = PCURVE('',#2737,#2742);
#2737 = PLANE('',#2738);
#2738 = AXIS2_PLACEMENT_3D('',#2739,#2740,#2741);
#2739 = CARTESIAN_POINT('',(1.8,-2.1,2.841926223421));
#2740 = DIRECTION('',(0.,-1.,2.22044604925E-16));
#2741 = DIRECTION('',(1.,0.,0.));
#2742 = DEFINITIONAL_REPRESENTATION('',(#2743),#2747);
#2743 = CIRCLE('',#2744,1.8);
#2744 = AXIS2_PLACEMENT_2D('',#2745,#2746);
#2745 = CARTESIAN_POINT('',(-1.8,0.));
#2746 = DIRECTION('',(1.,0.));
#2747 = ( GEOMETRIC_REPRESENTATION_CONTEXT(2) 
PARAMETRIC_REPRESENTATION_CONTEXT() REPRESENTATION_CONTEXT('2D SPACE',''
  ) );
#2748 = ORIENTED_EDGE('',*,*,#2749,.T.);
#2749 = EDGE_CURVE('',#2714,#2750,#2752,.T.);
#2750 = VERTEX_POINT('',#2751);
#2751 = CARTESIAN_POINT('',(-1.8,-1.9,2.841926223421));
#2752 = SURFACE_CURVE('',#2753,(#2757,#2764),.PCURVE_S1.);
#2753 = LINE('',#2754,#2755);
#2754 = CARTESIAN_POINT('',(-1.8,-2.1,2.841926223421));
#2755 = VECTOR('',#2756,1.);
#2756 = DIRECTION('',(0.,1.,-2.22044604925E-16));
#2757 = PCURVE('',#2725,#2758);
#2758 = DEFINITIONAL_REPRESENTATION('',(#2759),#2763);
#2759 = LINE('',#2760,#2761);
#2760 = CARTESIAN_POINT('',(3.14159265359,0.2));
#2761 = VECTOR('',#2762,1.);
#2762 = DIRECTION('',(0.,-1.));
#2763 = ( GEOMETRIC_REPRESENTATION_CONTEXT(2) 
PARAMETRIC_REPRESENTATION_CONTEXT() REPRESENTATION_CONTEXT('2D SPACE',''
  ) );
#2764 = PCURVE('',#2765,#2770);
#2765 = CYLINDRICAL_SURFACE('',#2766,1.8);
#2766 = AXIS2_PLACEMENT_3D('',#2767,#2768,#2769);
#2767 = CARTESIAN_POINT('',(2.277067423506E-13,-1.9,2.841926223421));
#2768 = DIRECTION('',(0.,-1.,2.22044604925E-16));
#2769 = DIRECTION('',(1.,0.,0.));
#2770 = DEFINITIONAL_REPRESENTATION('',(#2771),#2775);
#2771 = LINE('',#2772,#2773);
#2772 = CARTESIAN_POINT('',(3.14159265359,0.2));
#2773 = VECTOR('',#2774,1.);
#2774 = DIRECTION('',(0.,-1.));
#2775 = ( GEOMETRIC_REPRESENTATION_CONTEXT(2) 
PARAMETRIC_REPRESENTATION_CONTEXT() REPRESENTATION_CONTEXT('2D SPACE',''
  ) );
#2776 = ORIENTED_EDGE('',*,*,#2777,.F.);
#2777 = EDGE_CURVE('',#2778,#2750,#2780,.T.);
#2778 = VERTEX_POINT('',#2779);
#2779 = CARTESIAN_POINT('',(1.8,-1.9,2.841926223421));
#2780 = SURFACE_CURVE('',#2781,(#2786,#2793),.PCURVE_S1.);
#2781 = CIRCLE('',#2782,1.8);
#2782 = AXIS2_PLACEMENT_3D('',#2783,#2784,#2785);
#2783 = CARTESIAN_POINT('',(2.277067423506E-13,-1.9,2.841926223421));
#2784 = DIRECTION('',(0.,1.,-2.22044604925E-16));
#2785 = DIRECTION('',(1.,0.,0.));
#2786 = PCURVE('',#2725,#2787);
#2787 = DEFINITIONAL_REPRESENTATION('',(#2788),#2792);
#2788 = LINE('',#2789,#2790);
#2789 = CARTESIAN_POINT('',(6.28318530718,0.));
#2790 = VECTOR('',#2791,1.);
#2791 = DIRECTION('',(-1.,0.));
#2792 = ( GEOMETRIC_REPRESENTATION_CONTEXT(2) 
PARAMETRIC_REPRESENTATION_CONTEXT() REPRESENTATION_CONTEXT('2D SPACE',''
  ) );
#2793 = PCURVE('',#2794,#2799);
#2794 = PLANE('',#2795);
#2795 = AXIS2_PLACEMENT_3D('',#2796,#2797,#2798);
#2796 = CARTESIAN_POINT('',(-0.863157894737,-1.9,2.862978855));
#2797 = DIRECTION('',(0.,1.,-2.22044604925E-16));
#2798 = DIRECTION('',(-1.,0.,0.));
#2799 = DEFINITIONAL_REPRESENTATION('',(#2800),#2804);
#2800 = CIRCLE('',#2801,1.8);
#2801 = AXIS2_PLACEMENT_2D('',#2802,#2803);
#2802 = CARTESIAN_POINT('',(-0.863157894737,-2.105263157897E-02));
#2803 = DIRECTION('',(-1.,0.));
#2804 = ( GEOMETRIC_REPRESENTATION_CONTEXT(2) 
PARAMETRIC_REPRESENTATION_CONTEXT() REPRESENTATION_CONTEXT('2D SPACE',''
  ) );
#2805 = ORIENTED_EDGE('',*,*,#2806,.T.);
#2806 = EDGE_CURVE('',#2778,#2716,#2807,.T.);
#2807 = SURFACE_CURVE('',#2808,(#2812,#2819),.PCURVE_S1.);
#2808 = LINE('',#2809,#2810);
#2809 = CARTESIAN_POINT('',(1.8,-1.9,2.841926223421));
#2810 = VECTOR('',#2811,1.);
#2811 = DIRECTION('',(0.,-1.,2.22044604925E-16));
#2812 = PCURVE('',#2725,#2813);
#2813 = DEFINITIONAL_REPRESENTATION('',(#2814),#2818);
#2814 = LINE('',#2815,#2816);
#2815 = CARTESIAN_POINT('',(6.28318530718,0.));
#2816 = VECTOR('',#2817,1.);
#2817 = DIRECTION('',(0.,1.));
#2818 = ( GEOMETRIC_REPRESENTATION_CONTEXT(2) 
PARAMETRIC_REPRESENTATION_CONTEXT() REPRESENTATION_CONTEXT('2D SPACE',''
  ) );
#2819 = PCURVE('',#2765,#2820);
#2820 = DEFINITIONAL_REPRESENTATION('',(#2821),#2825);
#2821 = LINE('',#2822,#2823);
#2822 = CARTESIAN_POINT('',(0.,0.));
#2823 = VECTOR('',#2824,1.);
#2824 = DIRECTION('',(0.,1.));
#2825 = ( GEOMETRIC_REPRESENTATION_CONTEXT(2) 
PARAMETRIC_REPRESENTATION_CONTEXT() REPRESENTATION_CONTEXT('2D SPACE',''
  ) );
#2826 = ADVANCED_FACE('',(#2827),#2842,.F.);
#2827 = FACE_BOUND('',#2828,.F.);
#2828 = EDGE_LOOP('',(#2829,#2860,#2888,#2912));
#2829 = ORIENTED_EDGE('',*,*,#2830,.F.);
#2830 = EDGE_CURVE('',#2831,#2833,#2835,.T.);
#2831 = VERTEX_POINT('',#2832);
#2832 = CARTESIAN_POINT('',(-3.2,-2.1,3.241926223421));
#2833 = VERTEX_POINT('',#2834);
#2834 = CARTESIAN_POINT('',(-3.258578643763,-2.1,3.383347579658));
#2835 = SURFACE_CURVE('',#2836,(#2841,#2853),.PCURVE_S1.);
#2836 = CIRCLE('',#2837,0.2);
#2837 = AXIS2_PLACEMENT_3D('',#2838,#2839,#2840);
#2838 = CARTESIAN_POINT('',(-3.4,-2.1,3.241926223421));
#2839 = DIRECTION('',(-2.252983656874E-33,-1.,2.22044604925E-16));
#2840 = DIRECTION('',(0.707106781187,1.570092458684E-16,0.707106781187)
  );
#2841 = PCURVE('',#2842,#2847);
#2842 = CYLINDRICAL_SURFACE('',#2843,0.2);
#2843 = AXIS2_PLACEMENT_3D('',#2844,#2845,#2846);
#2844 = CARTESIAN_POINT('',(-3.4,-1.9,3.241926223421));
#2845 = DIRECTION('',(0.,-1.,2.22044604925E-16));
#2846 = DIRECTION('',(0.707106781187,1.570092458684E-16,0.707106781187)
  );
#2847 = DEFINITIONAL_REPRESENTATION('',(#2848),#2852);
#2848 = LINE('',#2849,#2850);
#2849 = CARTESIAN_POINT('',(-8.881784197001E-16,0.2));
#2850 = VECTOR('',#2851,1.);
#2851 = DIRECTION('',(1.,0.));
#2852 = ( GEOMETRIC_REPRESENTATION_CONTEXT(2) 
PARAMETRIC_REPRESENTATION_CONTEXT() REPRESENTATION_CONTEXT('2D SPACE',''
  ) );
#2853 = PCURVE('',#2737,#2854);
#2854 = DEFINITIONAL_REPRESENTATION('',(#2855),#2859);
#2855 = CIRCLE('',#2856,0.2);
#2856 = AXIS2_PLACEMENT_2D('',#2857,#2858);
#2857 = CARTESIAN_POINT('',(-5.2,0.4));
#2858 = DIRECTION('',(0.707106781187,0.707106781187));
#2859 = ( GEOMETRIC_REPRESENTATION_CONTEXT(2) 
PARAMETRIC_REPRESENTATION_CONTEXT() REPRESENTATION_CONTEXT('2D SPACE',''
  ) );
#2860 = ORIENTED_EDGE('',*,*,#2861,.F.);
#2861 = EDGE_CURVE('',#2862,#2831,#2864,.T.);
#2862 = VERTEX_POINT('',#2863);
#2863 = CARTESIAN_POINT('',(-3.2,-1.9,3.241926223421));
#2864 = SURFACE_CURVE('',#2865,(#2869,#2876),.PCURVE_S1.);
#2865 = LINE('',#2866,#2867);
#2866 = CARTESIAN_POINT('',(-3.2,-1.9,3.241926223421));
#2867 = VECTOR('',#2868,1.);
#2868 = DIRECTION('',(0.,-1.,2.22044604925E-16));
#2869 = PCURVE('',#2842,#2870);
#2870 = DEFINITIONAL_REPRESENTATION('',(#2871),#2875);
#2871 = LINE('',#2872,#2873);
#2872 = CARTESIAN_POINT('',(5.497787143782,0.));
#2873 = VECTOR('',#2874,1.);
#2874 = DIRECTION('',(0.,1.));
#2875 = ( GEOMETRIC_REPRESENTATION_CONTEXT(2) 
PARAMETRIC_REPRESENTATION_CONTEXT() REPRESENTATION_CONTEXT('2D SPACE',''
  ) );
#2876 = PCURVE('',#2877,#2882);
#2877 = PLANE('',#2878);
#2878 = AXIS2_PLACEMENT_3D('',#2879,#2880,#2881);
#2879 = CARTESIAN_POINT('',(-3.2,-1.9,2.241926223421));
#2880 = DIRECTION('',(-1.,0.,0.));
#2881 = DIRECTION('',(0.,-1.,2.22044604925E-16));
#2882 = DEFINITIONAL_REPRESENTATION('',(#2883),#2887);
#2883 = LINE('',#2884,#2885);
#2884 = CARTESIAN_POINT('',(0.,1.));
#2885 = VECTOR('',#2886,1.);
#2886 = DIRECTION('',(1.,0.));
#2887 = ( GEOMETRIC_REPRESENTATION_CONTEXT(2) 
PARAMETRIC_REPRESENTATION_CONTEXT() REPRESENTATION_CONTEXT('2D SPACE',''
  ) );
#2888 = ORIENTED_EDGE('',*,*,#2889,.F.);
#2889 = EDGE_CURVE('',#2890,#2862,#2892,.T.);
#2890 = VERTEX_POINT('',#2891);
#2891 = CARTESIAN_POINT('',(-3.258578643763,-1.9,3.383347579658));
#2892 = SURFACE_CURVE('',#2893,(#2898,#2905),.PCURVE_S1.);
#2893 = CIRCLE('',#2894,0.2);
#2894 = AXIS2_PLACEMENT_3D('',#2895,#2896,#2897);
#2895 = CARTESIAN_POINT('',(-3.4,-1.9,3.241926223421));
#2896 = DIRECTION('',(2.252983656874E-33,1.,-2.22044604925E-16));
#2897 = DIRECTION('',(0.707106781187,1.570092458684E-16,0.707106781187)
  );
#2898 = PCURVE('',#2842,#2899);
#2899 = DEFINITIONAL_REPRESENTATION('',(#2900),#2904);
#2900 = LINE('',#2901,#2902);
#2901 = CARTESIAN_POINT('',(6.28318530718,0.));
#2902 = VECTOR('',#2903,1.);
#2903 = DIRECTION('',(-1.,0.));
#2904 = ( GEOMETRIC_REPRESENTATION_CONTEXT(2) 
PARAMETRIC_REPRESENTATION_CONTEXT() REPRESENTATION_CONTEXT('2D SPACE',''
  ) );
#2905 = PCURVE('',#2794,#2906);
#2906 = DEFINITIONAL_REPRESENTATION('',(#2907),#2911);
#2907 = CIRCLE('',#2908,0.2);
#2908 = AXIS2_PLACEMENT_2D('',#2909,#2910);
#2909 = CARTESIAN_POINT('',(2.536842105263,0.378947368421));
#2910 = DIRECTION('',(-0.707106781187,0.707106781187));
#2911 = ( GEOMETRIC_REPRESENTATION_CONTEXT(2) 
PARAMETRIC_REPRESENTATION_CONTEXT() REPRESENTATION_CONTEXT('2D SPACE',''
  ) );
#2912 = ORIENTED_EDGE('',*,*,#2913,.T.);
#2913 = EDGE_CURVE('',#2890,#2833,#2914,.T.);
#2914 = SURFACE_CURVE('',#2915,(#2919,#2926),.PCURVE_S1.);
#2915 = LINE('',#2916,#2917);
#2916 = CARTESIAN_POINT('',(-3.258578643763,-1.9,3.383347579658));
#2917 = VECTOR('',#2918,1.);
#2918 = DIRECTION('',(0.,-1.,2.22044604925E-16));
#2919 = PCURVE('',#2842,#2920);
#2920 = DEFINITIONAL_REPRESENTATION('',(#2921),#2925);
#2921 = LINE('',#2922,#2923);
#2922 = CARTESIAN_POINT('',(6.28318530718,0.));
#2923 = VECTOR('',#2924,1.);
#2924 = DIRECTION('',(0.,1.));
#2925 = ( GEOMETRIC_REPRESENTATION_CONTEXT(2) 
PARAMETRIC_REPRESENTATION_CONTEXT() REPRESENTATION_CONTEXT('2D SPACE',''
  ) );
#2926 = PCURVE('',#2927,#2932);
#2927 = CYLINDRICAL_SURFACE('',#2928,0.2);
#2928 = AXIS2_PLACEMENT_3D('',#2929,#2930,#2931);
#2929 = CARTESIAN_POINT('',(-3.4,-1.9,3.241926223421));
#2930 = DIRECTION('',(0.,-1.,2.22044604925E-16));
#2931 = DIRECTION('',(0.707106781187,1.570092458684E-16,0.707106781187)
  );
#2932 = DEFINITIONAL_REPRESENTATION('',(#2933),#2937);
#2933 = LINE('',#2934,#2935);
#2934 = CARTESIAN_POINT('',(0.,0.));
#2935 = VECTOR('',#2936,1.);
#2936 = DIRECTION('',(0.,1.));
#2937 = ( GEOMETRIC_REPRESENTATION_CONTEXT(2) 
PARAMETRIC_REPRESENTATION_CONTEXT() REPRESENTATION_CONTEXT('2D SPACE',''
  ) );
#2938 = ADVANCED_FACE('',(#2939),#2954,.F.);
#2939 = FACE_BOUND('',#2940,.F.);
#2940 = EDGE_LOOP('',(#2941,#2972,#3000,#3024));
#2941 = ORIENTED_EDGE('',*,*,#2942,.F.);
#2942 = EDGE_CURVE('',#2943,#2945,#2947,.T.);
#2943 = VERTEX_POINT('',#2944);
#2944 = CARTESIAN_POINT('',(-3.4,-2.1,2.241926223421));
#2945 = VERTEX_POINT('',#2946);
#2946 = CARTESIAN_POINT('',(-3.258578643763,-2.1,2.300504867184));
#2947 = SURFACE_CURVE('',#2948,(#2953,#2965),.PCURVE_S1.);
#2948 = CIRCLE('',#2949,0.2);
#2949 = AXIS2_PLACEMENT_3D('',#2950,#2951,#2952);
#2950 = CARTESIAN_POINT('',(-3.4,-2.1,2.441926223421));
#2951 = DIRECTION('',(2.252983656874E-33,-1.,2.22044604925E-16));
#2952 = DIRECTION('',(0.707106781187,-1.570092458684E-16,-0.707106781187
    ));
#2953 = PCURVE('',#2954,#2959);
#2954 = CYLINDRICAL_SURFACE('',#2955,0.2);
#2955 = AXIS2_PLACEMENT_3D('',#2956,#2957,#2958);
#2956 = CARTESIAN_POINT('',(-3.4,-1.9,2.441926223421));
#2957 = DIRECTION('',(0.,-1.,2.22044604925E-16));
#2958 = DIRECTION('',(0.707106781187,-1.570092458684E-16,-0.707106781187
    ));
#2959 = DEFINITIONAL_REPRESENTATION('',(#2960),#2964);
#2960 = LINE('',#2961,#2962);
#2961 = CARTESIAN_POINT('',(0.,0.2));
#2962 = VECTOR('',#2963,1.);
#2963 = DIRECTION('',(1.,0.));
#2964 = ( GEOMETRIC_REPRESENTATION_CONTEXT(2) 
PARAMETRIC_REPRESENTATION_CONTEXT() REPRESENTATION_CONTEXT('2D SPACE',''
  ) );
#2965 = PCURVE('',#2737,#2966);
#2966 = DEFINITIONAL_REPRESENTATION('',(#2967),#2971);
#2967 = CIRCLE('',#2968,0.2);
#2968 = AXIS2_PLACEMENT_2D('',#2969,#2970);
#2969 = CARTESIAN_POINT('',(-5.2,-0.4));
#2970 = DIRECTION('',(0.707106781187,-0.707106781187));
#2971 = ( GEOMETRIC_REPRESENTATION_CONTEXT(2) 
PARAMETRIC_REPRESENTATION_CONTEXT() REPRESENTATION_CONTEXT('2D SPACE',''
  ) );
#2972 = ORIENTED_EDGE('',*,*,#2973,.F.);
#2973 = EDGE_CURVE('',#2974,#2943,#2976,.T.);
#2974 = VERTEX_POINT('',#2975);
#2975 = CARTESIAN_POINT('',(-3.4,-1.9,2.241926223421));
#2976 = SURFACE_CURVE('',#2977,(#2981,#2988),.PCURVE_S1.);
#2977 = LINE('',#2978,#2979);
#2978 = CARTESIAN_POINT('',(-3.4,-1.9,2.241926223421));
#2979 = VECTOR('',#2980,1.);
#2980 = DIRECTION('',(0.,-1.,2.22044604925E-16));
#2981 = PCURVE('',#2954,#2982);
#2982 = DEFINITIONAL_REPRESENTATION('',(#2983),#2987);
#2983 = LINE('',#2984,#2985);
#2984 = CARTESIAN_POINT('',(5.497787143782,0.));
#2985 = VECTOR('',#2986,1.);
#2986 = DIRECTION('',(0.,1.));
#2987 = ( GEOMETRIC_REPRESENTATION_CONTEXT(2) 
PARAMETRIC_REPRESENTATION_CONTEXT() REPRESENTATION_CONTEXT('2D SPACE',''
  ) );
#2988 = PCURVE('',#2989,#2994);
#2989 = PLANE('',#2990);
#2990 = AXIS2_PLACEMENT_3D('',#2991,#2992,#2993);
#2991 = CARTESIAN_POINT('',(-3.9,-1.9,2.241926223421));
#2992 = DIRECTION('',(0.,2.22044604925E-16,1.));
#2993 = DIRECTION('',(0.,-1.,2.22044604925E-16));
#2994 = DEFINITIONAL_REPRESENTATION('',(#2995),#2999);
#2995 = LINE('',#2996,#2997);
#2996 = CARTESIAN_POINT('',(0.,0.5));
#2997 = VECTOR('',#2998,1.);
#2998 = DIRECTION('',(1.,0.));
#2999 = ( GEOMETRIC_REPRESENTATION_CONTEXT(2) 
PARAMETRIC_REPRESENTATION_CONTEXT() REPRESENTATION_CONTEXT('2D SPACE',''
  ) );
#3000 = ORIENTED_EDGE('',*,*,#3001,.F.);
#3001 = EDGE_CURVE('',#3002,#2974,#3004,.T.);
#3002 = VERTEX_POINT('',#3003);
#3003 = CARTESIAN_POINT('',(-3.258578643763,-1.9,2.300504867184));
#3004 = SURFACE_CURVE('',#3005,(#3010,#3017),.PCURVE_S1.);
#3005 = CIRCLE('',#3006,0.2);
#3006 = AXIS2_PLACEMENT_3D('',#3007,#3008,#3009);
#3007 = CARTESIAN_POINT('',(-3.4,-1.9,2.441926223421));
#3008 = DIRECTION('',(-2.252983656874E-33,1.,-2.22044604925E-16));
#3009 = DIRECTION('',(0.707106781187,-1.570092458684E-16,-0.707106781187
    ));
#3010 = PCURVE('',#2954,#3011);
#3011 = DEFINITIONAL_REPRESENTATION('',(#3012),#3016);
#3012 = LINE('',#3013,#3014);
#3013 = CARTESIAN_POINT('',(6.28318530718,0.));
#3014 = VECTOR('',#3015,1.);
#3015 = DIRECTION('',(-1.,0.));
#3016 = ( GEOMETRIC_REPRESENTATION_CONTEXT(2) 
PARAMETRIC_REPRESENTATION_CONTEXT() REPRESENTATION_CONTEXT('2D SPACE',''
  ) );
#3017 = PCURVE('',#2794,#3018);
#3018 = DEFINITIONAL_REPRESENTATION('',(#3019),#3023);
#3019 = CIRCLE('',#3020,0.2);
#3020 = AXIS2_PLACEMENT_2D('',#3021,#3022);
#3021 = CARTESIAN_POINT('',(2.536842105263,-0.421052631579));
#3022 = DIRECTION('',(-0.707106781187,-0.707106781187));
#3023 = ( GEOMETRIC_REPRESENTATION_CONTEXT(2) 
PARAMETRIC_REPRESENTATION_CONTEXT() REPRESENTATION_CONTEXT('2D SPACE',''
  ) );
#3024 = ORIENTED_EDGE('',*,*,#3025,.T.);
#3025 = EDGE_CURVE('',#3002,#2945,#3026,.T.);
#3026 = SURFACE_CURVE('',#3027,(#3031,#3038),.PCURVE_S1.);
#3027 = LINE('',#3028,#3029);
#3028 = CARTESIAN_POINT('',(-3.258578643763,-1.9,2.300504867184));
#3029 = VECTOR('',#3030,1.);
#3030 = DIRECTION('',(0.,-1.,2.22044604925E-16));
#3031 = PCURVE('',#2954,#3032);
#3032 = DEFINITIONAL_REPRESENTATION('',(#3033),#3037);
#3033 = LINE('',#3034,#3035);
#3034 = CARTESIAN_POINT('',(6.28318530718,0.));
#3035 = VECTOR('',#3036,1.);
#3036 = DIRECTION('',(0.,1.));
#3037 = ( GEOMETRIC_REPRESENTATION_CONTEXT(2) 
PARAMETRIC_REPRESENTATION_CONTEXT() REPRESENTATION_CONTEXT('2D SPACE',''
  ) );
#3038 = PCURVE('',#3039,#3044);
#3039 = CYLINDRICAL_SURFACE('',#3040,0.2);
#3040 = AXIS2_PLACEMENT_3D('',#3041,#3042,#3043);
#3041 = CARTESIAN_POINT('',(-3.4,-1.9,2.441926223421));
#3042 = DIRECTION('',(0.,-1.,2.22044604925E-16));
#3043 = DIRECTION('',(0.707106781187,-1.570092458684E-16,-0.707106781187
    ));
#3044 = DEFINITIONAL_REPRESENTATION('',(#3045),#3049);
#3045 = LINE('',#3046,#3047);
#3046 = CARTESIAN_POINT('',(0.,0.));
#3047 = VECTOR('',#3048,1.);
#3048 = DIRECTION('',(0.,1.));
#3049 = ( GEOMETRIC_REPRESENTATION_CONTEXT(2) 
PARAMETRIC_REPRESENTATION_CONTEXT() REPRESENTATION_CONTEXT('2D SPACE',''
  ) );
#3050 = ADVANCED_FACE('',(#3051),#3066,.F.);
#3051 = FACE_BOUND('',#3052,.F.);
#3052 = EDGE_LOOP('',(#3053,#3084,#3112,#3136));
#3053 = ORIENTED_EDGE('',*,*,#3054,.F.);
#3054 = EDGE_CURVE('',#3055,#3057,#3059,.T.);
#3055 = VERTEX_POINT('',#3056);
#3056 = CARTESIAN_POINT('',(-2.355,-2.1,1.541926223421));
#3057 = VERTEX_POINT('',#3058);
#3058 = CARTESIAN_POINT('',(-2.413578643762,-2.1,1.683347579659));
#3059 = SURFACE_CURVE('',#3060,(#3065,#3077),.PCURVE_S1.);
#3060 = CIRCLE('',#3061,0.2);
#3061 = AXIS2_PLACEMENT_3D('',#3062,#3063,#3064);
#3062 = CARTESIAN_POINT('',(-2.555,-2.1,1.541926223421));
#3063 = DIRECTION('',(-9.47335896082E-33,-1.,2.22044604925E-16));
#3064 = DIRECTION('',(0.707106781187,1.570092458684E-16,0.707106781187)
  );
#3065 = PCURVE('',#3066,#3071);
#3066 = CYLINDRICAL_SURFACE('',#3067,0.2);
#3067 = AXIS2_PLACEMENT_3D('',#3068,#3069,#3070);
#3068 = CARTESIAN_POINT('',(-2.555,-1.9,1.541926223421));
#3069 = DIRECTION('',(0.,-1.,2.22044604925E-16));
#3070 = DIRECTION('',(0.707106781187,1.570092458684E-16,0.707106781187)
  );
#3071 = DEFINITIONAL_REPRESENTATION('',(#3072),#3076);
#3072 = LINE('',#3073,#3074);
#3073 = CARTESIAN_POINT('',(-8.881784197001E-16,0.2));
#3074 = VECTOR('',#3075,1.);
#3075 = DIRECTION('',(1.,0.));
#3076 = ( GEOMETRIC_REPRESENTATION_CONTEXT(2) 
PARAMETRIC_REPRESENTATION_CONTEXT() REPRESENTATION_CONTEXT('2D SPACE',''
  ) );
#3077 = PCURVE('',#2737,#3078);
#3078 = DEFINITIONAL_REPRESENTATION('',(#3079),#3083);
#3079 = CIRCLE('',#3080,0.2);
#3080 = AXIS2_PLACEMENT_2D('',#3081,#3082);
#3081 = CARTESIAN_POINT('',(-4.355,-1.3));
#3082 = DIRECTION('',(0.707106781187,0.707106781187));
#3083 = ( GEOMETRIC_REPRESENTATION_CONTEXT(2) 
PARAMETRIC_REPRESENTATION_CONTEXT() REPRESENTATION_CONTEXT('2D SPACE',''
  ) );
#3084 = ORIENTED_EDGE('',*,*,#3085,.F.);
#3085 = EDGE_CURVE('',#3086,#3055,#3088,.T.);
#3086 = VERTEX_POINT('',#3087);
#3087 = CARTESIAN_POINT('',(-2.355,-1.9,1.541926223421));
#3088 = SURFACE_CURVE('',#3089,(#3093,#3100),.PCURVE_S1.);
#3089 = LINE('',#3090,#3091);
#3090 = CARTESIAN_POINT('',(-2.355,-1.9,1.541926223421));
#3091 = VECTOR('',#3092,1.);
#3092 = DIRECTION('',(0.,-1.,2.22044604925E-16));
#3093 = PCURVE('',#3066,#3094);
#3094 = DEFINITIONAL_REPRESENTATION('',(#3095),#3099);
#3095 = LINE('',#3096,#3097);
#3096 = CARTESIAN_POINT('',(5.497787143782,0.));
#3097 = VECTOR('',#3098,1.);
#3098 = DIRECTION('',(0.,1.));
#3099 = ( GEOMETRIC_REPRESENTATION_CONTEXT(2) 
PARAMETRIC_REPRESENTATION_CONTEXT() REPRESENTATION_CONTEXT('2D SPACE',''
  ) );
#3100 = PCURVE('',#3101,#3106);
#3101 = PLANE('',#3102);
#3102 = AXIS2_PLACEMENT_3D('',#3103,#3104,#3105);
#3103 = CARTESIAN_POINT('',(-2.355,-1.9,0.641926223421));
#3104 = DIRECTION('',(-1.,0.,0.));
#3105 = DIRECTION('',(0.,-1.,2.22044604925E-16));
#3106 = DEFINITIONAL_REPRESENTATION('',(#3107),#3111);
#3107 = LINE('',#3108,#3109);
#3108 = CARTESIAN_POINT('',(0.,0.9));
#3109 = VECTOR('',#3110,1.);
#3110 = DIRECTION('',(1.,0.));
#3111 = ( GEOMETRIC_REPRESENTATION_CONTEXT(2) 
PARAMETRIC_REPRESENTATION_CONTEXT() REPRESENTATION_CONTEXT('2D SPACE',''
  ) );
#3112 = ORIENTED_EDGE('',*,*,#3113,.F.);
#3113 = EDGE_CURVE('',#3114,#3086,#3116,.T.);
#3114 = VERTEX_POINT('',#3115);
#3115 = CARTESIAN_POINT('',(-2.413578643762,-1.9,1.683347579659));
#3116 = SURFACE_CURVE('',#3117,(#3122,#3129),.PCURVE_S1.);
#3117 = CIRCLE('',#3118,0.2);
#3118 = AXIS2_PLACEMENT_3D('',#3119,#3120,#3121);
#3119 = CARTESIAN_POINT('',(-2.555,-1.9,1.541926223421));
#3120 = DIRECTION('',(9.47335896082E-33,1.,-2.22044604925E-16));
#3121 = DIRECTION('',(0.707106781187,1.570092458684E-16,0.707106781187)
  );
#3122 = PCURVE('',#3066,#3123);
#3123 = DEFINITIONAL_REPRESENTATION('',(#3124),#3128);
#3124 = LINE('',#3125,#3126);
#3125 = CARTESIAN_POINT('',(6.28318530718,0.));
#3126 = VECTOR('',#3127,1.);
#3127 = DIRECTION('',(-1.,0.));
#3128 = ( GEOMETRIC_REPRESENTATION_CONTEXT(2) 
PARAMETRIC_REPRESENTATION_CONTEXT() REPRESENTATION_CONTEXT('2D SPACE',''
  ) );
#3129 = PCURVE('',#2794,#3130);
#3130 = DEFINITIONAL_REPRESENTATION('',(#3131),#3135);
#3131 = CIRCLE('',#3132,0.2);
#3132 = AXIS2_PLACEMENT_2D('',#3133,#3134);
#3133 = CARTESIAN_POINT('',(1.691842105263,-1.321052631579));
#3134 = DIRECTION('',(-0.707106781187,0.707106781187));
#3135 = ( GEOMETRIC_REPRESENTATION_CONTEXT(2) 
PARAMETRIC_REPRESENTATION_CONTEXT() REPRESENTATION_CONTEXT('2D SPACE',''
  ) );
#3136 = ORIENTED_EDGE('',*,*,#3137,.T.);
#3137 = EDGE_CURVE('',#3114,#3057,#3138,.T.);
#3138 = SURFACE_CURVE('',#3139,(#3143,#3150),.PCURVE_S1.);
#3139 = LINE('',#3140,#3141);
#3140 = CARTESIAN_POINT('',(-2.413578643762,-1.9,1.683347579659));
#3141 = VECTOR('',#3142,1.);
#3142 = DIRECTION('',(0.,-1.,2.22044604925E-16));
#3143 = PCURVE('',#3066,#3144);
#3144 = DEFINITIONAL_REPRESENTATION('',(#3145),#3149);
#3145 = LINE('',#3146,#3147);
#3146 = CARTESIAN_POINT('',(6.28318530718,0.));
#3147 = VECTOR('',#3148,1.);
#3148 = DIRECTION('',(0.,1.));
#3149 = ( GEOMETRIC_REPRESENTATION_CONTEXT(2) 
PARAMETRIC_REPRESENTATION_CONTEXT() REPRESENTATION_CONTEXT('2D SPACE',''
  ) );
#3150 = PCURVE('',#3151,#3156);
#3151 = CYLINDRICAL_SURFACE('',#3152,0.2);
#3152 = AXIS2_PLACEMENT_3D('',#3153,#3154,#3155);
#3153 = CARTESIAN_POINT('',(-2.555,-1.9,1.541926223421));
#3154 = DIRECTION('',(0.,-1.,2.22044604925E-16));
#3155 = DIRECTION('',(0.707106781187,1.570092458684E-16,0.707106781187)
  );
#3156 = DEFINITIONAL_REPRESENTATION('',(#3157),#3161);
#3157 = LINE('',#3158,#3159);
#3158 = CARTESIAN_POINT('',(0.,0.));
#3159 = VECTOR('',#3160,1.);
#3160 = DIRECTION('',(0.,1.));
#3161 = ( GEOMETRIC_REPRESENTATION_CONTEXT(2) 
PARAMETRIC_REPRESENTATION_CONTEXT() REPRESENTATION_CONTEXT('2D SPACE',''
  ) );
#3162 = ADVANCED_FACE('',(#3163),#3177,.T.);
#3163 = FACE_BOUND('',#3164,.T.);
#3164 = EDGE_LOOP('',(#3165,#3200,#3228,#3256));
#3165 = ORIENTED_EDGE('',*,*,#3166,.F.);
#3166 = EDGE_CURVE('',#3167,#3169,#3171,.T.);
#3167 = VERTEX_POINT('',#3168);
#3168 = CARTESIAN_POINT('',(-2.296421356237,-1.9,0.700504867184));
#3169 = VERTEX_POINT('',#3170);
#3170 = CARTESIAN_POINT('',(-2.296421356237,-2.1,0.700504867184));
#3171 = SURFACE_CURVE('',#3172,(#3176,#3188),.PCURVE_S1.);
#3172 = LINE('',#3173,#3174);
#3173 = CARTESIAN_POINT('',(-2.296421356237,-1.9,0.700504867184));
#3174 = VECTOR('',#3175,1.);
#3175 = DIRECTION('',(0.,-1.,2.22044604925E-16));
#3176 = PCURVE('',#3177,#3182);
#3177 = CYLINDRICAL_SURFACE('',#3178,0.2);
#3178 = AXIS2_PLACEMENT_3D('',#3179,#3180,#3181);
#3179 = CARTESIAN_POINT('',(-2.155,-1.9,0.841926223421));
#3180 = DIRECTION('',(0.,-1.,2.22044604925E-16));
#3181 = DIRECTION('',(-0.707106781187,-1.570092458684E-16,
    -0.707106781187));
#3182 = DEFINITIONAL_REPRESENTATION('',(#3183),#3187);
#3183 = LINE('',#3184,#3185);
#3184 = CARTESIAN_POINT('',(0.,0.));
#3185 = VECTOR('',#3186,1.);
#3186 = DIRECTION('',(0.,1.));
#3187 = ( GEOMETRIC_REPRESENTATION_CONTEXT(2) 
PARAMETRIC_REPRESENTATION_CONTEXT() REPRESENTATION_CONTEXT('2D SPACE',''
  ) );
#3188 = PCURVE('',#3189,#3194);
#3189 = CYLINDRICAL_SURFACE('',#3190,0.2);
#3190 = AXIS2_PLACEMENT_3D('',#3191,#3192,#3193);
#3191 = CARTESIAN_POINT('',(-2.155,-1.9,0.841926223421));
#3192 = DIRECTION('',(0.,-1.,2.22044604925E-16));
#3193 = DIRECTION('',(-0.707106781187,-1.570092458684E-16,
    -0.707106781187));
#3194 = DEFINITIONAL_REPRESENTATION('',(#3195),#3199);
#3195 = LINE('',#3196,#3197);
#3196 = CARTESIAN_POINT('',(6.28318530718,0.));
#3197 = VECTOR('',#3198,1.);
#3198 = DIRECTION('',(0.,1.));
#3199 = ( GEOMETRIC_REPRESENTATION_CONTEXT(2) 
PARAMETRIC_REPRESENTATION_CONTEXT() REPRESENTATION_CONTEXT('2D SPACE',''
  ) );
#3200 = ORIENTED_EDGE('',*,*,#3201,.T.);
#3201 = EDGE_CURVE('',#3167,#3202,#3204,.T.);
#3202 = VERTEX_POINT('',#3203);
#3203 = CARTESIAN_POINT('',(-2.155,-1.9,0.641926223421));
#3204 = SURFACE_CURVE('',#3205,(#3210,#3217),.PCURVE_S1.);
#3205 = CIRCLE('',#3206,0.2);
#3206 = AXIS2_PLACEMENT_3D('',#3207,#3208,#3209);
#3207 = CARTESIAN_POINT('',(-2.155,-1.9,0.841926223421));
#3208 = DIRECTION('',(-9.47335896082E-33,-1.,2.22044604925E-16));
#3209 = DIRECTION('',(-0.707106781187,-1.570092458684E-16,
    -0.707106781187));
#3210 = PCURVE('',#3177,#3211);
#3211 = DEFINITIONAL_REPRESENTATION('',(#3212),#3216);
#3212 = LINE('',#3213,#3214);
#3213 = CARTESIAN_POINT('',(0.,0.));
#3214 = VECTOR('',#3215,1.);
#3215 = DIRECTION('',(1.,0.));
#3216 = ( GEOMETRIC_REPRESENTATION_CONTEXT(2) 
PARAMETRIC_REPRESENTATION_CONTEXT() REPRESENTATION_CONTEXT('2D SPACE',''
  ) );
#3217 = PCURVE('',#2794,#3218);
#3218 = DEFINITIONAL_REPRESENTATION('',(#3219),#3227);
#3219 = ( BOUNDED_CURVE() B_SPLINE_CURVE(2,(#3220,#3221,#3222,#3223,
#3224,#3225,#3226),.UNSPECIFIED.,.T.,.F.) B_SPLINE_CURVE_WITH_KNOTS((1,2
    ,2,2,2,1),(-2.094395102393,0.,2.094395102393,4.188790204786,
6.28318530718,8.377580409573),.UNSPECIFIED.) CURVE() 
GEOMETRIC_REPRESENTATION_ITEM() RATIONAL_B_SPLINE_CURVE((1.,0.5,1.,0.5,
1.,0.5,1.)) REPRESENTATION_ITEM('') );
#3220 = CARTESIAN_POINT('',(1.4332634615,-2.162473987816));
#3221 = CARTESIAN_POINT('',(1.188314487222,-2.407422962095));
#3222 = CARTESIAN_POINT('',(1.098656940005,-2.072816440599));
#3223 = CARTESIAN_POINT('',(1.008999392788,-1.738209919104));
#3224 = CARTESIAN_POINT('',(1.343605914284,-1.827867466321));
#3225 = CARTESIAN_POINT('',(1.678212435779,-1.917525013538));
#3226 = CARTESIAN_POINT('',(1.4332634615,-2.162473987816));
#3227 = ( GEOMETRIC_REPRESENTATION_CONTEXT(2) 
PARAMETRIC_REPRESENTATION_CONTEXT() REPRESENTATION_CONTEXT('2D SPACE',''
  ) );
#3228 = ORIENTED_EDGE('',*,*,#3229,.T.);
#3229 = EDGE_CURVE('',#3202,#3230,#3232,.T.);
#3230 = VERTEX_POINT('',#3231);
#3231 = CARTESIAN_POINT('',(-2.155,-2.1,0.641926223421));
#3232 = SURFACE_CURVE('',#3233,(#3237,#3244),.PCURVE_S1.);
#3233 = LINE('',#3234,#3235);
#3234 = CARTESIAN_POINT('',(-2.155,-1.9,0.641926223421));
#3235 = VECTOR('',#3236,1.);
#3236 = DIRECTION('',(0.,-1.,2.22044604925E-16));
#3237 = PCURVE('',#3177,#3238);
#3238 = DEFINITIONAL_REPRESENTATION('',(#3239),#3243);
#3239 = LINE('',#3240,#3241);
#3240 = CARTESIAN_POINT('',(0.785398163397,0.));
#3241 = VECTOR('',#3242,1.);
#3242 = DIRECTION('',(0.,1.));
#3243 = ( GEOMETRIC_REPRESENTATION_CONTEXT(2) 
PARAMETRIC_REPRESENTATION_CONTEXT() REPRESENTATION_CONTEXT('2D SPACE',''
  ) );
#3244 = PCURVE('',#3245,#3250);
#3245 = PLANE('',#3246);
#3246 = AXIS2_PLACEMENT_3D('',#3247,#3248,#3249);
#3247 = CARTESIAN_POINT('',(2.355,-1.9,0.641926223421));
#3248 = DIRECTION('',(0.,-2.22044604925E-16,-1.));
#3249 = DIRECTION('',(0.,1.,-2.22044604925E-16));
#3250 = DEFINITIONAL_REPRESENTATION('',(#3251),#3255);
#3251 = LINE('',#3252,#3253);
#3252 = CARTESIAN_POINT('',(0.,-4.51));
#3253 = VECTOR('',#3254,1.);
#3254 = DIRECTION('',(-1.,0.));
#3255 = ( GEOMETRIC_REPRESENTATION_CONTEXT(2) 
PARAMETRIC_REPRESENTATION_CONTEXT() REPRESENTATION_CONTEXT('2D SPACE',''
  ) );
#3256 = ORIENTED_EDGE('',*,*,#3257,.T.);
#3257 = EDGE_CURVE('',#3230,#3169,#3258,.T.);
#3258 = SURFACE_CURVE('',#3259,(#3264,#3271),.PCURVE_S1.);
#3259 = CIRCLE('',#3260,0.2);
#3260 = AXIS2_PLACEMENT_3D('',#3261,#3262,#3263);
#3261 = CARTESIAN_POINT('',(-2.155,-2.1,0.841926223421));
#3262 = DIRECTION('',(9.47335896082E-33,1.,-2.22044604925E-16));
#3263 = DIRECTION('',(-0.707106781187,-1.570092458684E-16,
    -0.707106781187));
#3264 = PCURVE('',#3177,#3265);
#3265 = DEFINITIONAL_REPRESENTATION('',(#3266),#3270);
#3266 = LINE('',#3267,#3268);
#3267 = CARTESIAN_POINT('',(6.28318530718,0.2));
#3268 = VECTOR('',#3269,1.);
#3269 = DIRECTION('',(-1.,0.));
#3270 = ( GEOMETRIC_REPRESENTATION_CONTEXT(2) 
PARAMETRIC_REPRESENTATION_CONTEXT() REPRESENTATION_CONTEXT('2D SPACE',''
  ) );
#3271 = PCURVE('',#2737,#3272);
#3272 = DEFINITIONAL_REPRESENTATION('',(#3273),#3281);
#3273 = ( BOUNDED_CURVE() B_SPLINE_CURVE(2,(#3274,#3275,#3276,#3277,
#3278,#3279,#3280),.UNSPECIFIED.,.T.,.F.) B_SPLINE_CURVE_WITH_KNOTS((1,2
    ,2,2,2,1),(-2.094395102393,0.,2.094395102393,4.188790204786,
6.28318530718,8.377580409573),.UNSPECIFIED.) CURVE() 
GEOMETRIC_REPRESENTATION_ITEM() RATIONAL_B_SPLINE_CURVE((1.,0.5,1.,0.5,
1.,0.5,1.)) REPRESENTATION_ITEM('') );
#3274 = CARTESIAN_POINT('',(-4.096421356237,-2.141421356237));
#3275 = CARTESIAN_POINT('',(-4.341370330516,-1.896472381959));
#3276 = CARTESIAN_POINT('',(-4.006763809021,-1.806814834742));
#3277 = CARTESIAN_POINT('',(-3.672157287525,-1.717157287525));
#3278 = CARTESIAN_POINT('',(-3.761814834742,-2.05176380902));
#3279 = CARTESIAN_POINT('',(-3.851472381959,-2.386370330516));
#3280 = CARTESIAN_POINT('',(-4.096421356237,-2.141421356237));
#3281 = ( GEOMETRIC_REPRESENTATION_CONTEXT(2) 
PARAMETRIC_REPRESENTATION_CONTEXT() REPRESENTATION_CONTEXT('2D SPACE',''
  ) );
#3282 = ADVANCED_FACE('',(#3283),#3298,.F.);
#3283 = FACE_BOUND('',#3284,.F.);
#3284 = EDGE_LOOP('',(#3285,#3316,#3344,#3368));
#3285 = ORIENTED_EDGE('',*,*,#3286,.F.);
#3286 = EDGE_CURVE('',#3287,#3289,#3291,.T.);
#3287 = VERTEX_POINT('',#3288);
#3288 = CARTESIAN_POINT('',(-2.5,-2.1,3.941926223421));
#3289 = VERTEX_POINT('',#3290);
#3290 = CARTESIAN_POINT('',(-2.358578643763,-2.1,4.000504867184));
#3291 = SURFACE_CURVE('',#3292,(#3297,#3309),.PCURVE_S1.);
#3292 = CIRCLE('',#3293,0.2);
#3293 = AXIS2_PLACEMENT_3D('',#3294,#3295,#3296);
#3294 = CARTESIAN_POINT('',(-2.5,-2.1,4.141926223421));
#3295 = DIRECTION('',(2.252983656874E-33,-1.,2.22044604925E-16));
#3296 = DIRECTION('',(0.707106781187,-1.570092458684E-16,-0.707106781187
    ));
#3297 = PCURVE('',#3298,#3303);
#3298 = CYLINDRICAL_SURFACE('',#3299,0.2);
#3299 = AXIS2_PLACEMENT_3D('',#3300,#3301,#3302);
#3300 = CARTESIAN_POINT('',(-2.5,-1.9,4.141926223421));
#3301 = DIRECTION('',(0.,-1.,2.22044604925E-16));
#3302 = DIRECTION('',(0.707106781187,-1.570092458684E-16,-0.707106781187
    ));
#3303 = DEFINITIONAL_REPRESENTATION('',(#3304),#3308);
#3304 = LINE('',#3305,#3306);
#3305 = CARTESIAN_POINT('',(0.,0.2));
#3306 = VECTOR('',#3307,1.);
#3307 = DIRECTION('',(1.,0.));
#3308 = ( GEOMETRIC_REPRESENTATION_CONTEXT(2) 
PARAMETRIC_REPRESENTATION_CONTEXT() REPRESENTATION_CONTEXT('2D SPACE',''
  ) );
#3309 = PCURVE('',#2737,#3310);
#3310 = DEFINITIONAL_REPRESENTATION('',(#3311),#3315);
#3311 = CIRCLE('',#3312,0.2);
#3312 = AXIS2_PLACEMENT_2D('',#3313,#3314);
#3313 = CARTESIAN_POINT('',(-4.3,1.3));
#3314 = DIRECTION('',(0.707106781187,-0.707106781187));
#3315 = ( GEOMETRIC_REPRESENTATION_CONTEXT(2) 
PARAMETRIC_REPRESENTATION_CONTEXT() REPRESENTATION_CONTEXT('2D SPACE',''
  ) );
#3316 = ORIENTED_EDGE('',*,*,#3317,.F.);
#3317 = EDGE_CURVE('',#3318,#3287,#3320,.T.);
#3318 = VERTEX_POINT('',#3319);
#3319 = CARTESIAN_POINT('',(-2.5,-1.9,3.941926223421));
#3320 = SURFACE_CURVE('',#3321,(#3325,#3332),.PCURVE_S1.);
#3321 = LINE('',#3322,#3323);
#3322 = CARTESIAN_POINT('',(-2.5,-1.9,3.941926223421));
#3323 = VECTOR('',#3324,1.);
#3324 = DIRECTION('',(0.,-1.,2.22044604925E-16));
#3325 = PCURVE('',#3298,#3326);
#3326 = DEFINITIONAL_REPRESENTATION('',(#3327),#3331);
#3327 = LINE('',#3328,#3329);
#3328 = CARTESIAN_POINT('',(5.497787143782,0.));
#3329 = VECTOR('',#3330,1.);
#3330 = DIRECTION('',(0.,1.));
#3331 = ( GEOMETRIC_REPRESENTATION_CONTEXT(2) 
PARAMETRIC_REPRESENTATION_CONTEXT() REPRESENTATION_CONTEXT('2D SPACE',''
  ) );
#3332 = PCURVE('',#3333,#3338);
#3333 = PLANE('',#3334);
#3334 = AXIS2_PLACEMENT_3D('',#3335,#3336,#3337);
#3335 = CARTESIAN_POINT('',(-3.9,-1.9,3.941926223421));
#3336 = DIRECTION('',(0.,2.22044604925E-16,1.));
#3337 = DIRECTION('',(0.,-1.,2.22044604925E-16));
#3338 = DEFINITIONAL_REPRESENTATION('',(#3339),#3343);
#3339 = LINE('',#3340,#3341);
#3340 = CARTESIAN_POINT('',(0.,1.4));
#3341 = VECTOR('',#3342,1.);
#3342 = DIRECTION('',(1.,0.));
#3343 = ( GEOMETRIC_REPRESENTATION_CONTEXT(2) 
PARAMETRIC_REPRESENTATION_CONTEXT() REPRESENTATION_CONTEXT('2D SPACE',''
  ) );
#3344 = ORIENTED_EDGE('',*,*,#3345,.F.);
#3345 = EDGE_CURVE('',#3346,#3318,#3348,.T.);
#3346 = VERTEX_POINT('',#3347);
#3347 = CARTESIAN_POINT('',(-2.358578643763,-1.9,4.000504867184));
#3348 = SURFACE_CURVE('',#3349,(#3354,#3361),.PCURVE_S1.);
#3349 = CIRCLE('',#3350,0.2);
#3350 = AXIS2_PLACEMENT_3D('',#3351,#3352,#3353);
#3351 = CARTESIAN_POINT('',(-2.5,-1.9,4.141926223421));
#3352 = DIRECTION('',(-2.252983656874E-33,1.,-2.22044604925E-16));
#3353 = DIRECTION('',(0.707106781187,-1.570092458684E-16,-0.707106781187
    ));
#3354 = PCURVE('',#3298,#3355);
#3355 = DEFINITIONAL_REPRESENTATION('',(#3356),#3360);
#3356 = LINE('',#3357,#3358);
#3357 = CARTESIAN_POINT('',(6.28318530718,0.));
#3358 = VECTOR('',#3359,1.);
#3359 = DIRECTION('',(-1.,0.));
#3360 = ( GEOMETRIC_REPRESENTATION_CONTEXT(2) 
PARAMETRIC_REPRESENTATION_CONTEXT() REPRESENTATION_CONTEXT('2D SPACE',''
  ) );
#3361 = PCURVE('',#2794,#3362);
#3362 = DEFINITIONAL_REPRESENTATION('',(#3363),#3367);
#3363 = CIRCLE('',#3364,0.2);
#3364 = AXIS2_PLACEMENT_2D('',#3365,#3366);
#3365 = CARTESIAN_POINT('',(1.636842105263,1.278947368421));
#3366 = DIRECTION('',(-0.707106781187,-0.707106781187));
#3367 = ( GEOMETRIC_REPRESENTATION_CONTEXT(2) 
PARAMETRIC_REPRESENTATION_CONTEXT() REPRESENTATION_CONTEXT('2D SPACE',''
  ) );
#3368 = ORIENTED_EDGE('',*,*,#3369,.T.);
#3369 = EDGE_CURVE('',#3346,#3289,#3370,.T.);
#3370 = SURFACE_CURVE('',#3371,(#3375,#3382),.PCURVE_S1.);
#3371 = LINE('',#3372,#3373);
#3372 = CARTESIAN_POINT('',(-2.358578643763,-1.9,4.000504867184));
#3373 = VECTOR('',#3374,1.);
#3374 = DIRECTION('',(0.,-1.,2.22044604925E-16));
#3375 = PCURVE('',#3298,#3376);
#3376 = DEFINITIONAL_REPRESENTATION('',(#3377),#3381);
#3377 = LINE('',#3378,#3379);
#3378 = CARTESIAN_POINT('',(6.28318530718,0.));
#3379 = VECTOR('',#3380,1.);
#3380 = DIRECTION('',(0.,1.));
#3381 = ( GEOMETRIC_REPRESENTATION_CONTEXT(2) 
PARAMETRIC_REPRESENTATION_CONTEXT() REPRESENTATION_CONTEXT('2D SPACE',''
  ) );
#3382 = PCURVE('',#3383,#3388);
#3383 = CYLINDRICAL_SURFACE('',#3384,0.2);
#3384 = AXIS2_PLACEMENT_3D('',#3385,#3386,#3387);
#3385 = CARTESIAN_POINT('',(-2.5,-1.9,4.141926223421));
#3386 = DIRECTION('',(0.,-1.,2.22044604925E-16));
#3387 = DIRECTION('',(0.707106781187,-1.570092458684E-16,-0.707106781187
    ));
#3388 = DEFINITIONAL_REPRESENTATION('',(#3389),#3393);
#3389 = LINE('',#3390,#3391);
#3390 = CARTESIAN_POINT('',(0.,0.));
#3391 = VECTOR('',#3392,1.);
#3392 = DIRECTION('',(0.,1.));
#3393 = ( GEOMETRIC_REPRESENTATION_CONTEXT(2) 
PARAMETRIC_REPRESENTATION_CONTEXT() REPRESENTATION_CONTEXT('2D SPACE',''
  ) );
#3394 = ADVANCED_FACE('',(#3395),#3409,.T.);
#3395 = FACE_BOUND('',#3396,.T.);
#3396 = EDGE_LOOP('',(#3397,#3432,#3460,#3488));
#3397 = ORIENTED_EDGE('',*,*,#3398,.F.);
#3398 = EDGE_CURVE('',#3399,#3401,#3403,.T.);
#3399 = VERTEX_POINT('',#3400);
#3400 = CARTESIAN_POINT('',(2.296421356237,-1.9,0.700504867184));
#3401 = VERTEX_POINT('',#3402);
#3402 = CARTESIAN_POINT('',(2.296421356237,-2.1,0.700504867184));
#3403 = SURFACE_CURVE('',#3404,(#3408,#3420),.PCURVE_S1.);
#3404 = LINE('',#3405,#3406);
#3405 = CARTESIAN_POINT('',(2.296421356237,-1.9,0.700504867184));
#3406 = VECTOR('',#3407,1.);
#3407 = DIRECTION('',(0.,-1.,2.22044604925E-16));
#3408 = PCURVE('',#3409,#3414);
#3409 = CYLINDRICAL_SURFACE('',#3410,0.2);
#3410 = AXIS2_PLACEMENT_3D('',#3411,#3412,#3413);
#3411 = CARTESIAN_POINT('',(2.155,-1.9,0.841926223421));
#3412 = DIRECTION('',(0.,-1.,2.22044604925E-16));
#3413 = DIRECTION('',(0.707106781187,-1.570092458684E-16,-0.707106781187
    ));
#3414 = DEFINITIONAL_REPRESENTATION('',(#3415),#3419);
#3415 = LINE('',#3416,#3417);
#3416 = CARTESIAN_POINT('',(0.,0.));
#3417 = VECTOR('',#3418,1.);
#3418 = DIRECTION('',(0.,1.));
#3419 = ( GEOMETRIC_REPRESENTATION_CONTEXT(2) 
PARAMETRIC_REPRESENTATION_CONTEXT() REPRESENTATION_CONTEXT('2D SPACE',''
  ) );
#3420 = PCURVE('',#3421,#3426);
#3421 = CYLINDRICAL_SURFACE('',#3422,0.2);
#3422 = AXIS2_PLACEMENT_3D('',#3423,#3424,#3425);
#3423 = CARTESIAN_POINT('',(2.155,-1.9,0.841926223421));
#3424 = DIRECTION('',(0.,-1.,2.22044604925E-16));
#3425 = DIRECTION('',(0.707106781187,-1.570092458684E-16,-0.707106781187
    ));
#3426 = DEFINITIONAL_REPRESENTATION('',(#3427),#3431);
#3427 = LINE('',#3428,#3429);
#3428 = CARTESIAN_POINT('',(6.28318530718,0.));
#3429 = VECTOR('',#3430,1.);
#3430 = DIRECTION('',(0.,1.));
#3431 = ( GEOMETRIC_REPRESENTATION_CONTEXT(2) 
PARAMETRIC_REPRESENTATION_CONTEXT() REPRESENTATION_CONTEXT('2D SPACE',''
  ) );
#3432 = ORIENTED_EDGE('',*,*,#3433,.T.);
#3433 = EDGE_CURVE('',#3399,#3434,#3436,.T.);
#3434 = VERTEX_POINT('',#3435);
#3435 = CARTESIAN_POINT('',(2.355,-1.9,0.841926223421));
#3436 = SURFACE_CURVE('',#3437,(#3442,#3449),.PCURVE_S1.);
#3437 = CIRCLE('',#3438,0.2);
#3438 = AXIS2_PLACEMENT_3D('',#3439,#3440,#3441);
#3439 = CARTESIAN_POINT('',(2.155,-1.9,0.841926223421));
#3440 = DIRECTION('',(9.47335896082E-33,-1.,2.22044604925E-16));
#3441 = DIRECTION('',(0.707106781187,-1.570092458684E-16,-0.707106781187
    ));
#3442 = PCURVE('',#3409,#3443);
#3443 = DEFINITIONAL_REPRESENTATION('',(#3444),#3448);
#3444 = LINE('',#3445,#3446);
#3445 = CARTESIAN_POINT('',(0.,0.));
#3446 = VECTOR('',#3447,1.);
#3447 = DIRECTION('',(1.,0.));
#3448 = ( GEOMETRIC_REPRESENTATION_CONTEXT(2) 
PARAMETRIC_REPRESENTATION_CONTEXT() REPRESENTATION_CONTEXT('2D SPACE',''
  ) );
#3449 = PCURVE('',#2794,#3450);
#3450 = DEFINITIONAL_REPRESENTATION('',(#3451),#3459);
#3451 = ( BOUNDED_CURVE() B_SPLINE_CURVE(2,(#3452,#3453,#3454,#3455,
#3456,#3457,#3458),.UNSPECIFIED.,.T.,.F.) B_SPLINE_CURVE_WITH_KNOTS((1,2
    ,2,2,2,1),(-2.094395102393,0.,2.094395102393,4.188790204786,
6.28318530718,8.377580409573),.UNSPECIFIED.) CURVE() 
GEOMETRIC_REPRESENTATION_ITEM() RATIONAL_B_SPLINE_CURVE((1.,0.5,1.,0.5,
1.,0.5,1.)) REPRESENTATION_ITEM('') );
#3452 = CARTESIAN_POINT('',(-3.159579250974,-2.162473987816));
#3453 = CARTESIAN_POINT('',(-3.404528225252,-1.917525013538));
#3454 = CARTESIAN_POINT('',(-3.069921703757,-1.827867466321));
#3455 = CARTESIAN_POINT('',(-2.735315182262,-1.738209919104));
#3456 = CARTESIAN_POINT('',(-2.824972729479,-2.072816440599));
#3457 = CARTESIAN_POINT('',(-2.914630276696,-2.407422962095));
#3458 = CARTESIAN_POINT('',(-3.159579250974,-2.162473987816));
#3459 = ( GEOMETRIC_REPRESENTATION_CONTEXT(2) 
PARAMETRIC_REPRESENTATION_CONTEXT() REPRESENTATION_CONTEXT('2D SPACE',''
  ) );
#3460 = ORIENTED_EDGE('',*,*,#3461,.T.);
#3461 = EDGE_CURVE('',#3434,#3462,#3464,.T.);
#3462 = VERTEX_POINT('',#3463);
#3463 = CARTESIAN_POINT('',(2.355,-2.1,0.841926223421));
#3464 = SURFACE_CURVE('',#3465,(#3469,#3476),.PCURVE_S1.);
#3465 = LINE('',#3466,#3467);
#3466 = CARTESIAN_POINT('',(2.355,-1.9,0.841926223421));
#3467 = VECTOR('',#3468,1.);
#3468 = DIRECTION('',(0.,-1.,2.22044604925E-16));
#3469 = PCURVE('',#3409,#3470);
#3470 = DEFINITIONAL_REPRESENTATION('',(#3471),#3475);
#3471 = LINE('',#3472,#3473);
#3472 = CARTESIAN_POINT('',(0.785398163397,0.));
#3473 = VECTOR('',#3474,1.);
#3474 = DIRECTION('',(0.,1.));
#3475 = ( GEOMETRIC_REPRESENTATION_CONTEXT(2) 
PARAMETRIC_REPRESENTATION_CONTEXT() REPRESENTATION_CONTEXT('2D SPACE',''
  ) );
#3476 = PCURVE('',#3477,#3482);
#3477 = PLANE('',#3478);
#3478 = AXIS2_PLACEMENT_3D('',#3479,#3480,#3481);
#3479 = CARTESIAN_POINT('',(2.355,-1.9,1.741926223421));
#3480 = DIRECTION('',(1.,0.,0.));
#3481 = DIRECTION('',(0.,1.,-2.22044604925E-16));
#3482 = DEFINITIONAL_REPRESENTATION('',(#3483),#3487);
#3483 = LINE('',#3484,#3485);
#3484 = CARTESIAN_POINT('',(0.,-0.9));
#3485 = VECTOR('',#3486,1.);
#3486 = DIRECTION('',(-1.,0.));
#3487 = ( GEOMETRIC_REPRESENTATION_CONTEXT(2) 
PARAMETRIC_REPRESENTATION_CONTEXT() REPRESENTATION_CONTEXT('2D SPACE',''
  ) );
#3488 = ORIENTED_EDGE('',*,*,#3489,.T.);
#3489 = EDGE_CURVE('',#3462,#3401,#3490,.T.);
#3490 = SURFACE_CURVE('',#3491,(#3496,#3503),.PCURVE_S1.);
#3491 = CIRCLE('',#3492,0.2);
#3492 = AXIS2_PLACEMENT_3D('',#3493,#3494,#3495);
#3493 = CARTESIAN_POINT('',(2.155,-2.1,0.841926223421));
#3494 = DIRECTION('',(-9.47335896082E-33,1.,-2.22044604925E-16));
#3495 = DIRECTION('',(0.707106781187,-1.570092458684E-16,-0.707106781187
    ));
#3496 = PCURVE('',#3409,#3497);
#3497 = DEFINITIONAL_REPRESENTATION('',(#3498),#3502);
#3498 = LINE('',#3499,#3500);
#3499 = CARTESIAN_POINT('',(6.28318530718,0.2));
#3500 = VECTOR('',#3501,1.);
#3501 = DIRECTION('',(-1.,0.));
#3502 = ( GEOMETRIC_REPRESENTATION_CONTEXT(2) 
PARAMETRIC_REPRESENTATION_CONTEXT() REPRESENTATION_CONTEXT('2D SPACE',''
  ) );
#3503 = PCURVE('',#2737,#3504);
#3504 = DEFINITIONAL_REPRESENTATION('',(#3505),#3513);
#3505 = ( BOUNDED_CURVE() B_SPLINE_CURVE(2,(#3506,#3507,#3508,#3509,
#3510,#3511,#3512),.UNSPECIFIED.,.T.,.F.) B_SPLINE_CURVE_WITH_KNOTS((1,2
    ,2,2,2,1),(-2.094395102393,0.,2.094395102393,4.188790204786,
6.28318530718,8.377580409573),.UNSPECIFIED.) CURVE() 
GEOMETRIC_REPRESENTATION_ITEM() RATIONAL_B_SPLINE_CURVE((1.,0.5,1.,0.5,
1.,0.5,1.)) REPRESENTATION_ITEM('') );
#3506 = CARTESIAN_POINT('',(0.496421356237,-2.141421356237));
#3507 = CARTESIAN_POINT('',(0.251472381959,-2.386370330516));
#3508 = CARTESIAN_POINT('',(0.161814834742,-2.05176380902));
#3509 = CARTESIAN_POINT('',(7.215728752517E-02,-1.717157287525));
#3510 = CARTESIAN_POINT('',(0.40676380902,-1.806814834742));
#3511 = CARTESIAN_POINT('',(0.741370330515,-1.896472381959));
#3512 = CARTESIAN_POINT('',(0.496421356237,-2.141421356237));
#3513 = ( GEOMETRIC_REPRESENTATION_CONTEXT(2) 
PARAMETRIC_REPRESENTATION_CONTEXT() REPRESENTATION_CONTEXT('2D SPACE',''
  ) );
#3514 = ADVANCED_FACE('',(#3515),#3530,.F.);
#3515 = FACE_BOUND('',#3516,.F.);
#3516 = EDGE_LOOP('',(#3517,#3548,#3576,#3600));
#3517 = ORIENTED_EDGE('',*,*,#3518,.F.);
#3518 = EDGE_CURVE('',#3519,#3521,#3523,.T.);
#3519 = VERTEX_POINT('',#3520);
#3520 = CARTESIAN_POINT('',(2.555,-2.1,1.741926223421));
#3521 = VERTEX_POINT('',#3522);
#3522 = CARTESIAN_POINT('',(2.413578643763,-2.1,1.683347579659));
#3523 = SURFACE_CURVE('',#3524,(#3529,#3541),.PCURVE_S1.);
#3524 = CIRCLE('',#3525,0.2);
#3525 = AXIS2_PLACEMENT_3D('',#3526,#3527,#3528);
#3526 = CARTESIAN_POINT('',(2.555,-2.1,1.541926223421));
#3527 = DIRECTION('',(2.252983656874E-33,-1.,2.22044604925E-16));
#3528 = DIRECTION('',(-0.707106781187,1.570092458684E-16,0.707106781187)
  );
#3529 = PCURVE('',#3530,#3535);
#3530 = CYLINDRICAL_SURFACE('',#3531,0.2);
#3531 = AXIS2_PLACEMENT_3D('',#3532,#3533,#3534);
#3532 = CARTESIAN_POINT('',(2.555,-1.9,1.541926223421));
#3533 = DIRECTION('',(0.,-1.,2.22044604925E-16));
#3534 = DIRECTION('',(-0.707106781187,1.570092458684E-16,0.707106781187)
  );
#3535 = DEFINITIONAL_REPRESENTATION('',(#3536),#3540);
#3536 = LINE('',#3537,#3538);
#3537 = CARTESIAN_POINT('',(-8.881784197001E-16,0.2));
#3538 = VECTOR('',#3539,1.);
#3539 = DIRECTION('',(1.,0.));
#3540 = ( GEOMETRIC_REPRESENTATION_CONTEXT(2) 
PARAMETRIC_REPRESENTATION_CONTEXT() REPRESENTATION_CONTEXT('2D SPACE',''
  ) );
#3541 = PCURVE('',#2737,#3542);
#3542 = DEFINITIONAL_REPRESENTATION('',(#3543),#3547);
#3543 = CIRCLE('',#3544,0.2);
#3544 = AXIS2_PLACEMENT_2D('',#3545,#3546);
#3545 = CARTESIAN_POINT('',(0.755,-1.3));
#3546 = DIRECTION('',(-0.707106781187,0.707106781187));
#3547 = ( GEOMETRIC_REPRESENTATION_CONTEXT(2) 
PARAMETRIC_REPRESENTATION_CONTEXT() REPRESENTATION_CONTEXT('2D SPACE',''
  ) );
#3548 = ORIENTED_EDGE('',*,*,#3549,.F.);
#3549 = EDGE_CURVE('',#3550,#3519,#3552,.T.);
#3550 = VERTEX_POINT('',#3551);
#3551 = CARTESIAN_POINT('',(2.555,-1.9,1.741926223421));
#3552 = SURFACE_CURVE('',#3553,(#3557,#3564),.PCURVE_S1.);
#3553 = LINE('',#3554,#3555);
#3554 = CARTESIAN_POINT('',(2.555,-1.9,1.741926223421));
#3555 = VECTOR('',#3556,1.);
#3556 = DIRECTION('',(0.,-1.,2.22044604925E-16));
#3557 = PCURVE('',#3530,#3558);
#3558 = DEFINITIONAL_REPRESENTATION('',(#3559),#3563);
#3559 = LINE('',#3560,#3561);
#3560 = CARTESIAN_POINT('',(5.497787143782,0.));
#3561 = VECTOR('',#3562,1.);
#3562 = DIRECTION('',(0.,1.));
#3563 = ( GEOMETRIC_REPRESENTATION_CONTEXT(2) 
PARAMETRIC_REPRESENTATION_CONTEXT() REPRESENTATION_CONTEXT('2D SPACE',''
  ) );
#3564 = PCURVE('',#3565,#3570);
#3565 = PLANE('',#3566);
#3566 = AXIS2_PLACEMENT_3D('',#3567,#3568,#3569);
#3567 = CARTESIAN_POINT('',(2.8,-1.9,1.741926223421));
#3568 = DIRECTION('',(0.,-2.22044604925E-16,-1.));
#3569 = DIRECTION('',(0.,1.,-2.22044604925E-16));
#3570 = DEFINITIONAL_REPRESENTATION('',(#3571),#3575);
#3571 = LINE('',#3572,#3573);
#3572 = CARTESIAN_POINT('',(0.,-0.245));
#3573 = VECTOR('',#3574,1.);
#3574 = DIRECTION('',(-1.,0.));
#3575 = ( GEOMETRIC_REPRESENTATION_CONTEXT(2) 
PARAMETRIC_REPRESENTATION_CONTEXT() REPRESENTATION_CONTEXT('2D SPACE',''
  ) );
#3576 = ORIENTED_EDGE('',*,*,#3577,.F.);
#3577 = EDGE_CURVE('',#3578,#3550,#3580,.T.);
#3578 = VERTEX_POINT('',#3579);
#3579 = CARTESIAN_POINT('',(2.413578643763,-1.9,1.683347579659));
#3580 = SURFACE_CURVE('',#3581,(#3586,#3593),.PCURVE_S1.);
#3581 = CIRCLE('',#3582,0.2);
#3582 = AXIS2_PLACEMENT_3D('',#3583,#3584,#3585);
#3583 = CARTESIAN_POINT('',(2.555,-1.9,1.541926223421));
#3584 = DIRECTION('',(-2.252983656874E-33,1.,-2.22044604925E-16));
#3585 = DIRECTION('',(-0.707106781187,1.570092458684E-16,0.707106781187)
  );
#3586 = PCURVE('',#3530,#3587);
#3587 = DEFINITIONAL_REPRESENTATION('',(#3588),#3592);
#3588 = LINE('',#3589,#3590);
#3589 = CARTESIAN_POINT('',(6.28318530718,0.));
#3590 = VECTOR('',#3591,1.);
#3591 = DIRECTION('',(-1.,0.));
#3592 = ( GEOMETRIC_REPRESENTATION_CONTEXT(2) 
PARAMETRIC_REPRESENTATION_CONTEXT() REPRESENTATION_CONTEXT('2D SPACE',''
  ) );
#3593 = PCURVE('',#2794,#3594);
#3594 = DEFINITIONAL_REPRESENTATION('',(#3595),#3599);
#3595 = CIRCLE('',#3596,0.2);
#3596 = AXIS2_PLACEMENT_2D('',#3597,#3598);
#3597 = CARTESIAN_POINT('',(-3.418157894737,-1.321052631579));
#3598 = DIRECTION('',(0.707106781187,0.707106781187));
#3599 = ( GEOMETRIC_REPRESENTATION_CONTEXT(2) 
PARAMETRIC_REPRESENTATION_CONTEXT() REPRESENTATION_CONTEXT('2D SPACE',''
  ) );
#3600 = ORIENTED_EDGE('',*,*,#3601,.T.);
#3601 = EDGE_CURVE('',#3578,#3521,#3602,.T.);
#3602 = SURFACE_CURVE('',#3603,(#3607,#3614),.PCURVE_S1.);
#3603 = LINE('',#3604,#3605);
#3604 = CARTESIAN_POINT('',(2.413578643763,-1.9,1.683347579659));
#3605 = VECTOR('',#3606,1.);
#3606 = DIRECTION('',(0.,-1.,2.22044604925E-16));
#3607 = PCURVE('',#3530,#3608);
#3608 = DEFINITIONAL_REPRESENTATION('',(#3609),#3613);
#3609 = LINE('',#3610,#3611);
#3610 = CARTESIAN_POINT('',(6.28318530718,0.));
#3611 = VECTOR('',#3612,1.);
#3612 = DIRECTION('',(0.,1.));
#3613 = ( GEOMETRIC_REPRESENTATION_CONTEXT(2) 
PARAMETRIC_REPRESENTATION_CONTEXT() REPRESENTATION_CONTEXT('2D SPACE',''
  ) );
#3614 = PCURVE('',#3615,#3620);
#3615 = CYLINDRICAL_SURFACE('',#3616,0.2);
#3616 = AXIS2_PLACEMENT_3D('',#3617,#3618,#3619);
#3617 = CARTESIAN_POINT('',(2.555,-1.9,1.541926223421));
#3618 = DIRECTION('',(0.,-1.,2.22044604925E-16));
#3619 = DIRECTION('',(-0.707106781187,1.570092458684E-16,0.707106781187)
  );
#3620 = DEFINITIONAL_REPRESENTATION('',(#3621),#3625);
#3621 = LINE('',#3622,#3623);
#3622 = CARTESIAN_POINT('',(0.,0.));
#3623 = VECTOR('',#3624,1.);
#3624 = DIRECTION('',(0.,1.));
#3625 = ( GEOMETRIC_REPRESENTATION_CONTEXT(2) 
PARAMETRIC_REPRESENTATION_CONTEXT() REPRESENTATION_CONTEXT('2D SPACE',''
  ) );
#3626 = ADVANCED_FACE('',(#3627),#3641,.T.);
#3627 = FACE_BOUND('',#3628,.T.);
#3628 = EDGE_LOOP('',(#3629,#3664,#3692,#3720));
#3629 = ORIENTED_EDGE('',*,*,#3630,.F.);
#3630 = EDGE_CURVE('',#3631,#3633,#3635,.T.);
#3631 = VERTEX_POINT('',#3632);
#3632 = CARTESIAN_POINT('',(2.741421356237,-1.9,1.800504867184));
#3633 = VERTEX_POINT('',#3634);
#3634 = CARTESIAN_POINT('',(2.741421356237,-2.1,1.800504867184));
#3635 = SURFACE_CURVE('',#3636,(#3640,#3652),.PCURVE_S1.);
#3636 = LINE('',#3637,#3638);
#3637 = CARTESIAN_POINT('',(2.741421356237,-1.9,1.800504867184));
#3638 = VECTOR('',#3639,1.);
#3639 = DIRECTION('',(0.,-1.,2.22044604925E-16));
#3640 = PCURVE('',#3641,#3646);
#3641 = CYLINDRICAL_SURFACE('',#3642,0.2);
#3642 = AXIS2_PLACEMENT_3D('',#3643,#3644,#3645);
#3643 = CARTESIAN_POINT('',(2.6,-1.9,1.941926223421));
#3644 = DIRECTION('',(0.,-1.,2.22044604925E-16));
#3645 = DIRECTION('',(0.707106781187,-1.570092458684E-16,-0.707106781187
    ));
#3646 = DEFINITIONAL_REPRESENTATION('',(#3647),#3651);
#3647 = LINE('',#3648,#3649);
#3648 = CARTESIAN_POINT('',(0.,0.));
#3649 = VECTOR('',#3650,1.);
#3650 = DIRECTION('',(0.,1.));
#3651 = ( GEOMETRIC_REPRESENTATION_CONTEXT(2) 
PARAMETRIC_REPRESENTATION_CONTEXT() REPRESENTATION_CONTEXT('2D SPACE',''
  ) );
#3652 = PCURVE('',#3653,#3658);
#3653 = CYLINDRICAL_SURFACE('',#3654,0.2);
#3654 = AXIS2_PLACEMENT_3D('',#3655,#3656,#3657);
#3655 = CARTESIAN_POINT('',(2.6,-1.9,1.941926223421));
#3656 = DIRECTION('',(0.,-1.,2.22044604925E-16));
#3657 = DIRECTION('',(0.707106781187,-1.570092458684E-16,-0.707106781187
    ));
#3658 = DEFINITIONAL_REPRESENTATION('',(#3659),#3663);
#3659 = LINE('',#3660,#3661);
#3660 = CARTESIAN_POINT('',(6.28318530718,0.));
#3661 = VECTOR('',#3662,1.);
#3662 = DIRECTION('',(0.,1.));
#3663 = ( GEOMETRIC_REPRESENTATION_CONTEXT(2) 
PARAMETRIC_REPRESENTATION_CONTEXT() REPRESENTATION_CONTEXT('2D SPACE',''
  ) );
#3664 = ORIENTED_EDGE('',*,*,#3665,.T.);
#3665 = EDGE_CURVE('',#3631,#3666,#3668,.T.);
#3666 = VERTEX_POINT('',#3667);
#3667 = CARTESIAN_POINT('',(2.8,-1.9,1.941926223421));
#3668 = SURFACE_CURVE('',#3669,(#3674,#3681),.PCURVE_S1.);
#3669 = CIRCLE('',#3670,0.2);
#3670 = AXIS2_PLACEMENT_3D('',#3671,#3672,#3673);
#3671 = CARTESIAN_POINT('',(2.6,-1.9,1.941926223421));
#3672 = DIRECTION('',(2.252983656874E-33,-1.,2.22044604925E-16));
#3673 = DIRECTION('',(0.707106781187,-1.570092458684E-16,-0.707106781187
    ));
#3674 = PCURVE('',#3641,#3675);
#3675 = DEFINITIONAL_REPRESENTATION('',(#3676),#3680);
#3676 = LINE('',#3677,#3678);
#3677 = CARTESIAN_POINT('',(0.,0.));
#3678 = VECTOR('',#3679,1.);
#3679 = DIRECTION('',(1.,0.));
#3680 = ( GEOMETRIC_REPRESENTATION_CONTEXT(2) 
PARAMETRIC_REPRESENTATION_CONTEXT() REPRESENTATION_CONTEXT('2D SPACE',''
  ) );
#3681 = PCURVE('',#2794,#3682);
#3682 = DEFINITIONAL_REPRESENTATION('',(#3683),#3691);
#3683 = ( BOUNDED_CURVE() B_SPLINE_CURVE(2,(#3684,#3685,#3686,#3687,
#3688,#3689,#3690),.UNSPECIFIED.,.T.,.F.) B_SPLINE_CURVE_WITH_KNOTS((1,2
    ,2,2,2,1),(-2.094395102393,0.,2.094395102393,4.188790204786,
6.28318530718,8.377580409573),.UNSPECIFIED.) CURVE() 
GEOMETRIC_REPRESENTATION_ITEM() RATIONAL_B_SPLINE_CURVE((1.,0.5,1.,0.5,
1.,0.5,1.)) REPRESENTATION_ITEM('') );
#3684 = CARTESIAN_POINT('',(-3.604579250974,-1.062473987816));
#3685 = CARTESIAN_POINT('',(-3.849528225252,-0.817525013538));
#3686 = CARTESIAN_POINT('',(-3.514921703757,-0.727867466321));
#3687 = CARTESIAN_POINT('',(-3.180315182262,-0.638209919104));
#3688 = CARTESIAN_POINT('',(-3.269972729479,-0.972816440599));
#3689 = CARTESIAN_POINT('',(-3.359630276696,-1.307422962095));
#3690 = CARTESIAN_POINT('',(-3.604579250974,-1.062473987816));
#3691 = ( GEOMETRIC_REPRESENTATION_CONTEXT(2) 
PARAMETRIC_REPRESENTATION_CONTEXT() REPRESENTATION_CONTEXT('2D SPACE',''
  ) );
#3692 = ORIENTED_EDGE('',*,*,#3693,.T.);
#3693 = EDGE_CURVE('',#3666,#3694,#3696,.T.);
#3694 = VERTEX_POINT('',#3695);
#3695 = CARTESIAN_POINT('',(2.8,-2.1,1.941926223421));
#3696 = SURFACE_CURVE('',#3697,(#3701,#3708),.PCURVE_S1.);
#3697 = LINE('',#3698,#3699);
#3698 = CARTESIAN_POINT('',(2.8,-1.9,1.941926223421));
#3699 = VECTOR('',#3700,1.);
#3700 = DIRECTION('',(0.,-1.,2.22044604925E-16));
#3701 = PCURVE('',#3641,#3702);
#3702 = DEFINITIONAL_REPRESENTATION('',(#3703),#3707);
#3703 = LINE('',#3704,#3705);
#3704 = CARTESIAN_POINT('',(0.785398163397,0.));
#3705 = VECTOR('',#3706,1.);
#3706 = DIRECTION('',(0.,1.));
#3707 = ( GEOMETRIC_REPRESENTATION_CONTEXT(2) 
PARAMETRIC_REPRESENTATION_CONTEXT() REPRESENTATION_CONTEXT('2D SPACE',''
  ) );
#3708 = PCURVE('',#3709,#3714);
#3709 = PLANE('',#3710);
#3710 = AXIS2_PLACEMENT_3D('',#3711,#3712,#3713);
#3711 = CARTESIAN_POINT('',(2.8,-1.9,3.941926223421));
#3712 = DIRECTION('',(1.,0.,0.));
#3713 = DIRECTION('',(0.,1.,-2.22044604925E-16));
#3714 = DEFINITIONAL_REPRESENTATION('',(#3715),#3719);
#3715 = LINE('',#3716,#3717);
#3716 = CARTESIAN_POINT('',(0.,-2.));
#3717 = VECTOR('',#3718,1.);
#3718 = DIRECTION('',(-1.,0.));
#3719 = ( GEOMETRIC_REPRESENTATION_CONTEXT(2) 
PARAMETRIC_REPRESENTATION_CONTEXT() REPRESENTATION_CONTEXT('2D SPACE',''
  ) );
#3720 = ORIENTED_EDGE('',*,*,#3721,.T.);
#3721 = EDGE_CURVE('',#3694,#3633,#3722,.T.);
#3722 = SURFACE_CURVE('',#3723,(#3728,#3735),.PCURVE_S1.);
#3723 = CIRCLE('',#3724,0.2);
#3724 = AXIS2_PLACEMENT_3D('',#3725,#3726,#3727);
#3725 = CARTESIAN_POINT('',(2.6,-2.1,1.941926223421));
#3726 = DIRECTION('',(-2.252983656874E-33,1.,-2.22044604925E-16));
#3727 = DIRECTION('',(0.707106781187,-1.570092458684E-16,-0.707106781187
    ));
#3728 = PCURVE('',#3641,#3729);
#3729 = DEFINITIONAL_REPRESENTATION('',(#3730),#3734);
#3730 = LINE('',#3731,#3732);
#3731 = CARTESIAN_POINT('',(6.28318530718,0.2));
#3732 = VECTOR('',#3733,1.);
#3733 = DIRECTION('',(-1.,0.));
#3734 = ( GEOMETRIC_REPRESENTATION_CONTEXT(2) 
PARAMETRIC_REPRESENTATION_CONTEXT() REPRESENTATION_CONTEXT('2D SPACE',''
  ) );
#3735 = PCURVE('',#2737,#3736);
#3736 = DEFINITIONAL_REPRESENTATION('',(#3737),#3745);
#3737 = ( BOUNDED_CURVE() B_SPLINE_CURVE(2,(#3738,#3739,#3740,#3741,
#3742,#3743,#3744),.UNSPECIFIED.,.T.,.F.) B_SPLINE_CURVE_WITH_KNOTS((1,2
    ,2,2,2,1),(-2.094395102393,0.,2.094395102393,4.188790204786,
6.28318530718,8.377580409573),.UNSPECIFIED.) CURVE() 
GEOMETRIC_REPRESENTATION_ITEM() RATIONAL_B_SPLINE_CURVE((1.,0.5,1.,0.5,
1.,0.5,1.)) REPRESENTATION_ITEM('') );
#3738 = CARTESIAN_POINT('',(0.941421356237,-1.041421356237));
#3739 = CARTESIAN_POINT('',(0.696472381959,-1.286370330516));
#3740 = CARTESIAN_POINT('',(0.606814834742,-0.95176380902));
#3741 = CARTESIAN_POINT('',(0.517157287525,-0.617157287525));
#3742 = CARTESIAN_POINT('',(0.85176380902,-0.706814834742));
#3743 = CARTESIAN_POINT('',(1.186370330515,-0.796472381959));
#3744 = CARTESIAN_POINT('',(0.941421356237,-1.041421356237));
#3745 = ( GEOMETRIC_REPRESENTATION_CONTEXT(2) 
PARAMETRIC_REPRESENTATION_CONTEXT() REPRESENTATION_CONTEXT('2D SPACE',''
  ) );
#3746 = ADVANCED_FACE('',(#3747),#3761,.T.);
#3747 = FACE_BOUND('',#3748,.T.);
#3748 = EDGE_LOOP('',(#3749,#3784,#3812,#3840));
#3749 = ORIENTED_EDGE('',*,*,#3750,.F.);
#3750 = EDGE_CURVE('',#3751,#3753,#3755,.T.);
#3751 = VERTEX_POINT('',#3752);
#3752 = CARTESIAN_POINT('',(2.741421356237,-1.9,3.883347579658));
#3753 = VERTEX_POINT('',#3754);
#3754 = CARTESIAN_POINT('',(2.741421356237,-2.1,3.883347579658));
#3755 = SURFACE_CURVE('',#3756,(#3760,#3772),.PCURVE_S1.);
#3756 = LINE('',#3757,#3758);
#3757 = CARTESIAN_POINT('',(2.741421356237,-1.9,3.883347579658));
#3758 = VECTOR('',#3759,1.);
#3759 = DIRECTION('',(0.,-1.,2.22044604925E-16));
#3760 = PCURVE('',#3761,#3766);
#3761 = CYLINDRICAL_SURFACE('',#3762,0.2);
#3762 = AXIS2_PLACEMENT_3D('',#3763,#3764,#3765);
#3763 = CARTESIAN_POINT('',(2.6,-1.9,3.741926223421));
#3764 = DIRECTION('',(0.,-1.,2.22044604925E-16));
#3765 = DIRECTION('',(0.707106781187,1.570092458684E-16,0.707106781187)
  );
#3766 = DEFINITIONAL_REPRESENTATION('',(#3767),#3771);
#3767 = LINE('',#3768,#3769);
#3768 = CARTESIAN_POINT('',(0.,0.));
#3769 = VECTOR('',#3770,1.);
#3770 = DIRECTION('',(0.,1.));
#3771 = ( GEOMETRIC_REPRESENTATION_CONTEXT(2) 
PARAMETRIC_REPRESENTATION_CONTEXT() REPRESENTATION_CONTEXT('2D SPACE',''
  ) );
#3772 = PCURVE('',#3773,#3778);
#3773 = CYLINDRICAL_SURFACE('',#3774,0.2);
#3774 = AXIS2_PLACEMENT_3D('',#3775,#3776,#3777);
#3775 = CARTESIAN_POINT('',(2.6,-1.9,3.741926223421));
#3776 = DIRECTION('',(0.,-1.,2.22044604925E-16));
#3777 = DIRECTION('',(0.707106781187,1.570092458684E-16,0.707106781187)
  );
#3778 = DEFINITIONAL_REPRESENTATION('',(#3779),#3783);
#3779 = LINE('',#3780,#3781);
#3780 = CARTESIAN_POINT('',(6.28318530718,0.));
#3781 = VECTOR('',#3782,1.);
#3782 = DIRECTION('',(0.,1.));
#3783 = ( GEOMETRIC_REPRESENTATION_CONTEXT(2) 
PARAMETRIC_REPRESENTATION_CONTEXT() REPRESENTATION_CONTEXT('2D SPACE',''
  ) );
#3784 = ORIENTED_EDGE('',*,*,#3785,.T.);
#3785 = EDGE_CURVE('',#3751,#3786,#3788,.T.);
#3786 = VERTEX_POINT('',#3787);
#3787 = CARTESIAN_POINT('',(2.6,-1.9,3.941926223421));
#3788 = SURFACE_CURVE('',#3789,(#3794,#3801),.PCURVE_S1.);
#3789 = CIRCLE('',#3790,0.2);
#3790 = AXIS2_PLACEMENT_3D('',#3791,#3792,#3793);
#3791 = CARTESIAN_POINT('',(2.6,-1.9,3.741926223421));
#3792 = DIRECTION('',(-2.252983656874E-33,-1.,2.22044604925E-16));
#3793 = DIRECTION('',(0.707106781187,1.570092458684E-16,0.707106781187)
  );
#3794 = PCURVE('',#3761,#3795);
#3795 = DEFINITIONAL_REPRESENTATION('',(#3796),#3800);
#3796 = LINE('',#3797,#3798);
#3797 = CARTESIAN_POINT('',(0.,0.));
#3798 = VECTOR('',#3799,1.);
#3799 = DIRECTION('',(1.,0.));
#3800 = ( GEOMETRIC_REPRESENTATION_CONTEXT(2) 
PARAMETRIC_REPRESENTATION_CONTEXT() REPRESENTATION_CONTEXT('2D SPACE',''
  ) );
#3801 = PCURVE('',#2794,#3802);
#3802 = DEFINITIONAL_REPRESENTATION('',(#3803),#3811);
#3803 = ( BOUNDED_CURVE() B_SPLINE_CURVE(2,(#3804,#3805,#3806,#3807,
#3808,#3809,#3810),.UNSPECIFIED.,.T.,.F.) B_SPLINE_CURVE_WITH_KNOTS((1,2
    ,2,2,2,1),(-2.094395102393,0.,2.094395102393,4.188790204786,
6.28318530718,8.377580409573),.UNSPECIFIED.) CURVE() 
GEOMETRIC_REPRESENTATION_ITEM() RATIONAL_B_SPLINE_CURVE((1.,0.5,1.,0.5,
1.,0.5,1.)) REPRESENTATION_ITEM('') );
#3804 = CARTESIAN_POINT('',(-3.604579250974,1.020368724658));
#3805 = CARTESIAN_POINT('',(-3.359630276696,1.265317698937));
#3806 = CARTESIAN_POINT('',(-3.269972729479,0.930711177441));
#3807 = CARTESIAN_POINT('',(-3.180315182262,0.596104655946));
#3808 = CARTESIAN_POINT('',(-3.514921703757,0.685762203163));
#3809 = CARTESIAN_POINT('',(-3.849528225252,0.77541975038));
#3810 = CARTESIAN_POINT('',(-3.604579250974,1.020368724658));
#3811 = ( GEOMETRIC_REPRESENTATION_CONTEXT(2) 
PARAMETRIC_REPRESENTATION_CONTEXT() REPRESENTATION_CONTEXT('2D SPACE',''
  ) );
#3812 = ORIENTED_EDGE('',*,*,#3813,.T.);
#3813 = EDGE_CURVE('',#3786,#3814,#3816,.T.);
#3814 = VERTEX_POINT('',#3815);
#3815 = CARTESIAN_POINT('',(2.6,-2.1,3.941926223421));
#3816 = SURFACE_CURVE('',#3817,(#3821,#3828),.PCURVE_S1.);
#3817 = LINE('',#3818,#3819);
#3818 = CARTESIAN_POINT('',(2.6,-1.9,3.941926223421));
#3819 = VECTOR('',#3820,1.);
#3820 = DIRECTION('',(0.,-1.,2.22044604925E-16));
#3821 = PCURVE('',#3761,#3822);
#3822 = DEFINITIONAL_REPRESENTATION('',(#3823),#3827);
#3823 = LINE('',#3824,#3825);
#3824 = CARTESIAN_POINT('',(0.785398163397,0.));
#3825 = VECTOR('',#3826,1.);
#3826 = DIRECTION('',(0.,1.));
#3827 = ( GEOMETRIC_REPRESENTATION_CONTEXT(2) 
PARAMETRIC_REPRESENTATION_CONTEXT() REPRESENTATION_CONTEXT('2D SPACE',''
  ) );
#3828 = PCURVE('',#3829,#3834);
#3829 = PLANE('',#3830);
#3830 = AXIS2_PLACEMENT_3D('',#3831,#3832,#3833);
#3831 = CARTESIAN_POINT('',(2.3,-1.9,3.941926223421));
#3832 = DIRECTION('',(0.,2.22044604925E-16,1.));
#3833 = DIRECTION('',(0.,-1.,2.22044604925E-16));
#3834 = DEFINITIONAL_REPRESENTATION('',(#3835),#3839);
#3835 = LINE('',#3836,#3837);
#3836 = CARTESIAN_POINT('',(0.,0.3));
#3837 = VECTOR('',#3838,1.);
#3838 = DIRECTION('',(1.,0.));
#3839 = ( GEOMETRIC_REPRESENTATION_CONTEXT(2) 
PARAMETRIC_REPRESENTATION_CONTEXT() REPRESENTATION_CONTEXT('2D SPACE',''
  ) );
#3840 = ORIENTED_EDGE('',*,*,#3841,.T.);
#3841 = EDGE_CURVE('',#3814,#3753,#3842,.T.);
#3842 = SURFACE_CURVE('',#3843,(#3848,#3855),.PCURVE_S1.);
#3843 = CIRCLE('',#3844,0.2);
#3844 = AXIS2_PLACEMENT_3D('',#3845,#3846,#3847);
#3845 = CARTESIAN_POINT('',(2.6,-2.1,3.741926223421));
#3846 = DIRECTION('',(2.252983656874E-33,1.,-2.22044604925E-16));
#3847 = DIRECTION('',(0.707106781187,1.570092458684E-16,0.707106781187)
  );
#3848 = PCURVE('',#3761,#3849);
#3849 = DEFINITIONAL_REPRESENTATION('',(#3850),#3854);
#3850 = LINE('',#3851,#3852);
#3851 = CARTESIAN_POINT('',(6.28318530718,0.2));
#3852 = VECTOR('',#3853,1.);
#3853 = DIRECTION('',(-1.,0.));
#3854 = ( GEOMETRIC_REPRESENTATION_CONTEXT(2) 
PARAMETRIC_REPRESENTATION_CONTEXT() REPRESENTATION_CONTEXT('2D SPACE',''
  ) );
#3855 = PCURVE('',#2737,#3856);
#3856 = DEFINITIONAL_REPRESENTATION('',(#3857),#3865);
#3857 = ( BOUNDED_CURVE() B_SPLINE_CURVE(2,(#3858,#3859,#3860,#3861,
#3862,#3863,#3864),.UNSPECIFIED.,.T.,.F.) B_SPLINE_CURVE_WITH_KNOTS((1,2
    ,2,2,2,1),(-2.094395102393,0.,2.094395102393,4.188790204786,
6.28318530718,8.377580409573),.UNSPECIFIED.) CURVE() 
GEOMETRIC_REPRESENTATION_ITEM() RATIONAL_B_SPLINE_CURVE((1.,0.5,1.,0.5,
1.,0.5,1.)) REPRESENTATION_ITEM('') );
#3858 = CARTESIAN_POINT('',(0.941421356237,1.041421356237));
#3859 = CARTESIAN_POINT('',(1.186370330515,0.796472381959));
#3860 = CARTESIAN_POINT('',(0.85176380902,0.706814834742));
#3861 = CARTESIAN_POINT('',(0.517157287525,0.617157287525));
#3862 = CARTESIAN_POINT('',(0.606814834742,0.95176380902));
#3863 = CARTESIAN_POINT('',(0.696472381959,1.286370330516));
#3864 = CARTESIAN_POINT('',(0.941421356237,1.041421356237));
#3865 = ( GEOMETRIC_REPRESENTATION_CONTEXT(2) 
PARAMETRIC_REPRESENTATION_CONTEXT() REPRESENTATION_CONTEXT('2D SPACE',''
  ) );
#3866 = ADVANCED_FACE('',(#3867),#3882,.F.);
#3867 = FACE_BOUND('',#3868,.F.);
#3868 = EDGE_LOOP('',(#3869,#3900,#3928,#3952));
#3869 = ORIENTED_EDGE('',*,*,#3870,.F.);
#3870 = EDGE_CURVE('',#3871,#3873,#3875,.T.);
#3871 = VERTEX_POINT('',#3872);
#3872 = CARTESIAN_POINT('',(2.3,-2.1,4.141926223421));
#3873 = VERTEX_POINT('',#3874);
#3874 = CARTESIAN_POINT('',(2.358578643763,-2.1,4.000504867184));
#3875 = SURFACE_CURVE('',#3876,(#3881,#3893),.PCURVE_S1.);
#3876 = CIRCLE('',#3877,0.2);
#3877 = AXIS2_PLACEMENT_3D('',#3878,#3879,#3880);
#3878 = CARTESIAN_POINT('',(2.5,-2.1,4.141926223421));
#3879 = DIRECTION('',(-9.47335896082E-33,-1.,2.22044604925E-16));
#3880 = DIRECTION('',(-0.707106781187,-1.570092458684E-16,
    -0.707106781187));
#3881 = PCURVE('',#3882,#3887);
#3882 = CYLINDRICAL_SURFACE('',#3883,0.2);
#3883 = AXIS2_PLACEMENT_3D('',#3884,#3885,#3886);
#3884 = CARTESIAN_POINT('',(2.5,-1.9,4.141926223421));
#3885 = DIRECTION('',(0.,-1.,2.22044604925E-16));
#3886 = DIRECTION('',(-0.707106781187,-1.570092458684E-16,
    -0.707106781187));
#3887 = DEFINITIONAL_REPRESENTATION('',(#3888),#3892);
#3888 = LINE('',#3889,#3890);
#3889 = CARTESIAN_POINT('',(0.,0.2));
#3890 = VECTOR('',#3891,1.);
#3891 = DIRECTION('',(1.,0.));
#3892 = ( GEOMETRIC_REPRESENTATION_CONTEXT(2) 
PARAMETRIC_REPRESENTATION_CONTEXT() REPRESENTATION_CONTEXT('2D SPACE',''
  ) );
#3893 = PCURVE('',#2737,#3894);
#3894 = DEFINITIONAL_REPRESENTATION('',(#3895),#3899);
#3895 = CIRCLE('',#3896,0.2);
#3896 = AXIS2_PLACEMENT_2D('',#3897,#3898);
#3897 = CARTESIAN_POINT('',(0.7,1.3));
#3898 = DIRECTION('',(-0.707106781187,-0.707106781187));
#3899 = ( GEOMETRIC_REPRESENTATION_CONTEXT(2) 
PARAMETRIC_REPRESENTATION_CONTEXT() REPRESENTATION_CONTEXT('2D SPACE',''
  ) );
#3900 = ORIENTED_EDGE('',*,*,#3901,.F.);
#3901 = EDGE_CURVE('',#3902,#3871,#3904,.T.);
#3902 = VERTEX_POINT('',#3903);
#3903 = CARTESIAN_POINT('',(2.3,-1.9,4.141926223421));
#3904 = SURFACE_CURVE('',#3905,(#3909,#3916),.PCURVE_S1.);
#3905 = LINE('',#3906,#3907);
#3906 = CARTESIAN_POINT('',(2.3,-1.9,4.141926223421));
#3907 = VECTOR('',#3908,1.);
#3908 = DIRECTION('',(0.,-1.,2.22044604925E-16));
#3909 = PCURVE('',#3882,#3910);
#3910 = DEFINITIONAL_REPRESENTATION('',(#3911),#3915);
#3911 = LINE('',#3912,#3913);
#3912 = CARTESIAN_POINT('',(5.497787143782,0.));
#3913 = VECTOR('',#3914,1.);
#3914 = DIRECTION('',(0.,1.));
#3915 = ( GEOMETRIC_REPRESENTATION_CONTEXT(2) 
PARAMETRIC_REPRESENTATION_CONTEXT() REPRESENTATION_CONTEXT('2D SPACE',''
  ) );
#3916 = PCURVE('',#3917,#3922);
#3917 = PLANE('',#3918);
#3918 = AXIS2_PLACEMENT_3D('',#3919,#3920,#3921);
#3919 = CARTESIAN_POINT('',(2.3,-1.9,5.241926223421));
#3920 = DIRECTION('',(1.,0.,0.));
#3921 = DIRECTION('',(0.,1.,-2.22044604925E-16));
#3922 = DEFINITIONAL_REPRESENTATION('',(#3923),#3927);
#3923 = LINE('',#3924,#3925);
#3924 = CARTESIAN_POINT('',(0.,-1.1));
#3925 = VECTOR('',#3926,1.);
#3926 = DIRECTION('',(-1.,0.));
#3927 = ( GEOMETRIC_REPRESENTATION_CONTEXT(2) 
PARAMETRIC_REPRESENTATION_CONTEXT() REPRESENTATION_CONTEXT('2D SPACE',''
  ) );
#3928 = ORIENTED_EDGE('',*,*,#3929,.F.);
#3929 = EDGE_CURVE('',#3930,#3902,#3932,.T.);
#3930 = VERTEX_POINT('',#3931);
#3931 = CARTESIAN_POINT('',(2.358578643763,-1.9,4.000504867184));
#3932 = SURFACE_CURVE('',#3933,(#3938,#3945),.PCURVE_S1.);
#3933 = CIRCLE('',#3934,0.2);
#3934 = AXIS2_PLACEMENT_3D('',#3935,#3936,#3937);
#3935 = CARTESIAN_POINT('',(2.5,-1.9,4.141926223421));
#3936 = DIRECTION('',(9.47335896082E-33,1.,-2.22044604925E-16));
#3937 = DIRECTION('',(-0.707106781187,-1.570092458684E-16,
    -0.707106781187));
#3938 = PCURVE('',#3882,#3939);
#3939 = DEFINITIONAL_REPRESENTATION('',(#3940),#3944);
#3940 = LINE('',#3941,#3942);
#3941 = CARTESIAN_POINT('',(6.28318530718,0.));
#3942 = VECTOR('',#3943,1.);
#3943 = DIRECTION('',(-1.,0.));
#3944 = ( GEOMETRIC_REPRESENTATION_CONTEXT(2) 
PARAMETRIC_REPRESENTATION_CONTEXT() REPRESENTATION_CONTEXT('2D SPACE',''
  ) );
#3945 = PCURVE('',#2794,#3946);
#3946 = DEFINITIONAL_REPRESENTATION('',(#3947),#3951);
#3947 = CIRCLE('',#3948,0.2);
#3948 = AXIS2_PLACEMENT_2D('',#3949,#3950);
#3949 = CARTESIAN_POINT('',(-3.363157894737,1.278947368421));
#3950 = DIRECTION('',(0.707106781187,-0.707106781187));
#3951 = ( GEOMETRIC_REPRESENTATION_CONTEXT(2) 
PARAMETRIC_REPRESENTATION_CONTEXT() REPRESENTATION_CONTEXT('2D SPACE',''
  ) );
#3952 = ORIENTED_EDGE('',*,*,#3953,.T.);
#3953 = EDGE_CURVE('',#3930,#3873,#3954,.T.);
#3954 = SURFACE_CURVE('',#3955,(#3959,#3966),.PCURVE_S1.);
#3955 = LINE('',#3956,#3957);
#3956 = CARTESIAN_POINT('',(2.358578643763,-1.9,4.000504867184));
#3957 = VECTOR('',#3958,1.);
#3958 = DIRECTION('',(0.,-1.,2.22044604925E-16));
#3959 = PCURVE('',#3882,#3960);
#3960 = DEFINITIONAL_REPRESENTATION('',(#3961),#3965);
#3961 = LINE('',#3962,#3963);
#3962 = CARTESIAN_POINT('',(6.28318530718,0.));
#3963 = VECTOR('',#3964,1.);
#3964 = DIRECTION('',(0.,1.));
#3965 = ( GEOMETRIC_REPRESENTATION_CONTEXT(2) 
PARAMETRIC_REPRESENTATION_CONTEXT() REPRESENTATION_CONTEXT('2D SPACE',''
  ) );
#3966 = PCURVE('',#3967,#3972);
#3967 = CYLINDRICAL_SURFACE('',#3968,0.2);
#3968 = AXIS2_PLACEMENT_3D('',#3969,#3970,#3971);
#3969 = CARTESIAN_POINT('',(2.5,-1.9,4.141926223421));
#3970 = DIRECTION('',(0.,-1.,2.22044604925E-16));
#3971 = DIRECTION('',(-0.707106781187,-1.570092458684E-16,
    -0.707106781187));
#3972 = DEFINITIONAL_REPRESENTATION('',(#3973),#3977);
#3973 = LINE('',#3974,#3975);
#3974 = CARTESIAN_POINT('',(0.,0.));
#3975 = VECTOR('',#3976,1.);
#3976 = DIRECTION('',(0.,1.));
#3977 = ( GEOMETRIC_REPRESENTATION_CONTEXT(2) 
PARAMETRIC_REPRESENTATION_CONTEXT() REPRESENTATION_CONTEXT('2D SPACE',''
  ) );
#3978 = ADVANCED_FACE('',(#3979),#3994,.F.);
#3979 = FACE_BOUND('',#3980,.F.);
#3980 = EDGE_LOOP('',(#3981,#4012,#4040,#4069));
#3981 = ORIENTED_EDGE('',*,*,#3982,.F.);
#3982 = EDGE_CURVE('',#3983,#3985,#3987,.T.);
#3983 = VERTEX_POINT('',#3984);
#3984 = CARTESIAN_POINT('',(-3.7,-1.8,3.941926223421));
#3985 = VERTEX_POINT('',#3986);
#3986 = CARTESIAN_POINT('',(-3.670710678119,-1.870710678119,
    3.941926223421));
#3987 = SURFACE_CURVE('',#3988,(#3993,#4005),.PCURVE_S1.);
#3988 = CIRCLE('',#3989,0.1);
#3989 = AXIS2_PLACEMENT_3D('',#3990,#3991,#3992);
#3990 = CARTESIAN_POINT('',(-3.6,-1.8,3.941926223421));
#3991 = DIRECTION('',(2.252983656874E-33,2.22044604925E-16,1.));
#3992 = DIRECTION('',(-0.707106781187,-0.707106781187,1.570092458684E-16
    ));
#3993 = PCURVE('',#3994,#3999);
#3994 = CYLINDRICAL_SURFACE('',#3995,0.1);
#3995 = AXIS2_PLACEMENT_3D('',#3996,#3997,#3998);
#3996 = CARTESIAN_POINT('',(-3.6,-1.8,3.152452539211));
#3997 = DIRECTION('',(0.,2.22044604925E-16,1.));
#3998 = DIRECTION('',(-0.707106781187,-0.707106781187,1.570092458684E-16
    ));
#3999 = DEFINITIONAL_REPRESENTATION('',(#4000),#4004);
#4000 = LINE('',#4001,#4002);
#4001 = CARTESIAN_POINT('',(-1.7763568394E-15,0.78947368421));
#4002 = VECTOR('',#4003,1.);
#4003 = DIRECTION('',(1.,0.));
#4004 = ( GEOMETRIC_REPRESENTATION_CONTEXT(2) 
PARAMETRIC_REPRESENTATION_CONTEXT() REPRESENTATION_CONTEXT('2D SPACE',''
  ) );
#4005 = PCURVE('',#3333,#4006);
#4006 = DEFINITIONAL_REPRESENTATION('',(#4007),#4011);
#4007 = CIRCLE('',#4008,1.E-01);
#4008 = AXIS2_PLACEMENT_2D('',#4009,#4010);
#4009 = CARTESIAN_POINT('',(-0.1,0.3));
#4010 = DIRECTION('',(0.707106781187,-0.707106781187));
#4011 = ( GEOMETRIC_REPRESENTATION_CONTEXT(2) 
PARAMETRIC_REPRESENTATION_CONTEXT() REPRESENTATION_CONTEXT('2D SPACE',''
  ) );
#4012 = ORIENTED_EDGE('',*,*,#4013,.F.);
#4013 = EDGE_CURVE('',#4014,#3983,#4016,.T.);
#4014 = VERTEX_POINT('',#4015);
#4015 = CARTESIAN_POINT('',(-3.7,-1.8,3.441926223421));
#4016 = SURFACE_CURVE('',#4017,(#4021,#4028),.PCURVE_S1.);
#4017 = LINE('',#4018,#4019);
#4018 = CARTESIAN_POINT('',(-3.7,-1.8,3.441926223421));
#4019 = VECTOR('',#4020,1.);
#4020 = DIRECTION('',(0.,2.22044604925E-16,1.));
#4021 = PCURVE('',#3994,#4022);
#4022 = DEFINITIONAL_REPRESENTATION('',(#4023),#4027);
#4023 = LINE('',#4024,#4025);
#4024 = CARTESIAN_POINT('',(5.497787143782,0.28947368421));
#4025 = VECTOR('',#4026,1.);
#4026 = DIRECTION('',(0.,1.));
#4027 = ( GEOMETRIC_REPRESENTATION_CONTEXT(2) 
PARAMETRIC_REPRESENTATION_CONTEXT() REPRESENTATION_CONTEXT('2D SPACE',''
  ) );
#4028 = PCURVE('',#4029,#4034);
#4029 = PLANE('',#4030);
#4030 = AXIS2_PLACEMENT_3D('',#4031,#4032,#4033);
#4031 = CARTESIAN_POINT('',(-3.7,-0.9,3.441926223421));
#4032 = DIRECTION('',(1.,0.,0.));
#4033 = DIRECTION('',(0.,1.,-2.22044604925E-16));
#4034 = DEFINITIONAL_REPRESENTATION('',(#4035),#4039);
#4035 = LINE('',#4036,#4037);
#4036 = CARTESIAN_POINT('',(-0.9,0.));
#4037 = VECTOR('',#4038,1.);
#4038 = DIRECTION('',(0.,1.));
#4039 = ( GEOMETRIC_REPRESENTATION_CONTEXT(2) 
PARAMETRIC_REPRESENTATION_CONTEXT() REPRESENTATION_CONTEXT('2D SPACE',''
  ) );
#4040 = ORIENTED_EDGE('',*,*,#4041,.F.);
#4041 = EDGE_CURVE('',#4042,#4014,#4044,.T.);
#4042 = VERTEX_POINT('',#4043);
#4043 = CARTESIAN_POINT('',(-3.670710678119,-1.870710678119,
    3.441926223421));
#4044 = SURFACE_CURVE('',#4045,(#4050,#4057),.PCURVE_S1.);
#4045 = CIRCLE('',#4046,0.1);
#4046 = AXIS2_PLACEMENT_3D('',#4047,#4048,#4049);
#4047 = CARTESIAN_POINT('',(-3.6,-1.8,3.441926223421));
#4048 = DIRECTION('',(-2.252983656874E-33,-2.22044604925E-16,-1.));
#4049 = DIRECTION('',(-0.707106781187,-0.707106781187,1.570092458684E-16
    ));
#4050 = PCURVE('',#3994,#4051);
#4051 = DEFINITIONAL_REPRESENTATION('',(#4052),#4056);
#4052 = LINE('',#4053,#4054);
#4053 = CARTESIAN_POINT('',(6.28318530718,0.28947368421));
#4054 = VECTOR('',#4055,1.);
#4055 = DIRECTION('',(-1.,0.));
#4056 = ( GEOMETRIC_REPRESENTATION_CONTEXT(2) 
PARAMETRIC_REPRESENTATION_CONTEXT() REPRESENTATION_CONTEXT('2D SPACE',''
  ) );
#4057 = PCURVE('',#4058,#4063);
#4058 = PLANE('',#4059);
#4059 = AXIS2_PLACEMENT_3D('',#4060,#4061,#4062);
#4060 = CARTESIAN_POINT('',(-3.2,-1.9,3.441926223421));
#4061 = DIRECTION('',(0.,-2.22044604925E-16,-1.));
#4062 = DIRECTION('',(0.,1.,-2.22044604925E-16));
#4063 = DEFINITIONAL_REPRESENTATION('',(#4064),#4068);
#4064 = CIRCLE('',#4065,1.E-01);
#4065 = AXIS2_PLACEMENT_2D('',#4066,#4067);
#4066 = CARTESIAN_POINT('',(0.1,-0.4));
#4067 = DIRECTION('',(-0.707106781187,-0.707106781187));
#4068 = ( GEOMETRIC_REPRESENTATION_CONTEXT(2) 
PARAMETRIC_REPRESENTATION_CONTEXT() REPRESENTATION_CONTEXT('2D SPACE',''
  ) );
#4069 = ORIENTED_EDGE('',*,*,#4070,.T.);
#4070 = EDGE_CURVE('',#4042,#3985,#4071,.T.);
#4071 = SURFACE_CURVE('',#4072,(#4076,#4083),.PCURVE_S1.);
#4072 = LINE('',#4073,#4074);
#4073 = CARTESIAN_POINT('',(-3.670710678119,-1.870710678119,
    3.441926223421));
#4074 = VECTOR('',#4075,1.);
#4075 = DIRECTION('',(0.,2.22044604925E-16,1.));
#4076 = PCURVE('',#3994,#4077);
#4077 = DEFINITIONAL_REPRESENTATION('',(#4078),#4082);
#4078 = LINE('',#4079,#4080);
#4079 = CARTESIAN_POINT('',(6.28318530718,0.28947368421));
#4080 = VECTOR('',#4081,1.);
#4081 = DIRECTION('',(0.,1.));
#4082 = ( GEOMETRIC_REPRESENTATION_CONTEXT(2) 
PARAMETRIC_REPRESENTATION_CONTEXT() REPRESENTATION_CONTEXT('2D SPACE',''
  ) );
#4083 = PCURVE('',#4084,#4089);
#4084 = CYLINDRICAL_SURFACE('',#4085,0.1);
#4085 = AXIS2_PLACEMENT_3D('',#4086,#4087,#4088);
#4086 = CARTESIAN_POINT('',(-3.6,-1.8,3.152452539211));
#4087 = DIRECTION('',(0.,2.22044604925E-16,1.));
#4088 = DIRECTION('',(-0.707106781187,-0.707106781187,1.570092458684E-16
    ));
#4089 = DEFINITIONAL_REPRESENTATION('',(#4090),#4094);
#4090 = LINE('',#4091,#4092);
#4091 = CARTESIAN_POINT('',(0.,0.28947368421));
#4092 = VECTOR('',#4093,1.);
#4093 = DIRECTION('',(0.,1.));
#4094 = ( GEOMETRIC_REPRESENTATION_CONTEXT(2) 
PARAMETRIC_REPRESENTATION_CONTEXT() REPRESENTATION_CONTEXT('2D SPACE',''
  ) );
#4095 = ADVANCED_FACE('',(#4096),#4111,.F.);
#4096 = FACE_BOUND('',#4097,.F.);
#4097 = EDGE_LOOP('',(#4098,#4129,#4157,#4186));
#4098 = ORIENTED_EDGE('',*,*,#4099,.F.);
#4099 = EDGE_CURVE('',#4100,#4102,#4104,.T.);
#4100 = VERTEX_POINT('',#4101);
#4101 = CARTESIAN_POINT('',(-3.7,-1.8,2.241926223421));
#4102 = VERTEX_POINT('',#4103);
#4103 = CARTESIAN_POINT('',(-3.670710678119,-1.870710678119,
    2.241926223421));
#4104 = SURFACE_CURVE('',#4105,(#4110,#4122),.PCURVE_S1.);
#4105 = CIRCLE('',#4106,0.1);
#4106 = AXIS2_PLACEMENT_3D('',#4107,#4108,#4109);
#4107 = CARTESIAN_POINT('',(-3.6,-1.8,2.241926223421));
#4108 = DIRECTION('',(2.252983656874E-33,2.22044604925E-16,1.));
#4109 = DIRECTION('',(-0.707106781187,-0.707106781187,1.570092458684E-16
    ));
#4110 = PCURVE('',#4111,#4116);
#4111 = CYLINDRICAL_SURFACE('',#4112,0.1);
#4112 = AXIS2_PLACEMENT_3D('',#4113,#4114,#4115);
#4113 = CARTESIAN_POINT('',(-3.6,-1.8,2.302452539211));
#4114 = DIRECTION('',(0.,2.22044604925E-16,1.));
#4115 = DIRECTION('',(-0.707106781187,-0.707106781187,1.570092458684E-16
    ));
#4116 = DEFINITIONAL_REPRESENTATION('',(#4117),#4121);
#4117 = LINE('',#4118,#4119);
#4118 = CARTESIAN_POINT('',(-1.7763568394E-15,-6.052631578944E-02));
#4119 = VECTOR('',#4120,1.);
#4120 = DIRECTION('',(1.,0.));
#4121 = ( GEOMETRIC_REPRESENTATION_CONTEXT(2) 
PARAMETRIC_REPRESENTATION_CONTEXT() REPRESENTATION_CONTEXT('2D SPACE',''
  ) );
#4122 = PCURVE('',#2989,#4123);
#4123 = DEFINITIONAL_REPRESENTATION('',(#4124),#4128);
#4124 = CIRCLE('',#4125,1.E-01);
#4125 = AXIS2_PLACEMENT_2D('',#4126,#4127);
#4126 = CARTESIAN_POINT('',(-0.1,0.3));
#4127 = DIRECTION('',(0.707106781187,-0.707106781187));
#4128 = ( GEOMETRIC_REPRESENTATION_CONTEXT(2) 
PARAMETRIC_REPRESENTATION_CONTEXT() REPRESENTATION_CONTEXT('2D SPACE',''
  ) );
#4129 = ORIENTED_EDGE('',*,*,#4130,.F.);
#4130 = EDGE_CURVE('',#4131,#4100,#4133,.T.);
#4131 = VERTEX_POINT('',#4132);
#4132 = CARTESIAN_POINT('',(-3.7,-1.8,1.741926223421));
#4133 = SURFACE_CURVE('',#4134,(#4138,#4145),.PCURVE_S1.);
#4134 = LINE('',#4135,#4136);
#4135 = CARTESIAN_POINT('',(-3.7,-1.8,1.741926223421));
#4136 = VECTOR('',#4137,1.);
#4137 = DIRECTION('',(0.,2.22044604925E-16,1.));
#4138 = PCURVE('',#4111,#4139);
#4139 = DEFINITIONAL_REPRESENTATION('',(#4140),#4144);
#4140 = LINE('',#4141,#4142);
#4141 = CARTESIAN_POINT('',(5.497787143782,-0.560526315789));
#4142 = VECTOR('',#4143,1.);
#4143 = DIRECTION('',(0.,1.));
#4144 = ( GEOMETRIC_REPRESENTATION_CONTEXT(2) 
PARAMETRIC_REPRESENTATION_CONTEXT() REPRESENTATION_CONTEXT('2D SPACE',''
  ) );
#4145 = PCURVE('',#4146,#4151);
#4146 = PLANE('',#4147);
#4147 = AXIS2_PLACEMENT_3D('',#4148,#4149,#4150);
#4148 = CARTESIAN_POINT('',(-3.7,-0.9,1.741926223421));
#4149 = DIRECTION('',(1.,0.,0.));
#4150 = DIRECTION('',(0.,1.,-2.22044604925E-16));
#4151 = DEFINITIONAL_REPRESENTATION('',(#4152),#4156);
#4152 = LINE('',#4153,#4154);
#4153 = CARTESIAN_POINT('',(-0.9,0.));
#4154 = VECTOR('',#4155,1.);
#4155 = DIRECTION('',(0.,1.));
#4156 = ( GEOMETRIC_REPRESENTATION_CONTEXT(2) 
PARAMETRIC_REPRESENTATION_CONTEXT() REPRESENTATION_CONTEXT('2D SPACE',''
  ) );
#4157 = ORIENTED_EDGE('',*,*,#4158,.F.);
#4158 = EDGE_CURVE('',#4159,#4131,#4161,.T.);
#4159 = VERTEX_POINT('',#4160);
#4160 = CARTESIAN_POINT('',(-3.670710678119,-1.870710678119,
    1.741926223421));
#4161 = SURFACE_CURVE('',#4162,(#4167,#4174),.PCURVE_S1.);
#4162 = CIRCLE('',#4163,0.1);
#4163 = AXIS2_PLACEMENT_3D('',#4164,#4165,#4166);
#4164 = CARTESIAN_POINT('',(-3.6,-1.8,1.741926223421));
#4165 = DIRECTION('',(-2.252983656874E-33,-2.22044604925E-16,-1.));
#4166 = DIRECTION('',(-0.707106781187,-0.707106781187,1.570092458684E-16
    ));
#4167 = PCURVE('',#4111,#4168);
#4168 = DEFINITIONAL_REPRESENTATION('',(#4169),#4173);
#4169 = LINE('',#4170,#4171);
#4170 = CARTESIAN_POINT('',(6.28318530718,-0.560526315789));
#4171 = VECTOR('',#4172,1.);
#4172 = DIRECTION('',(-1.,0.));
#4173 = ( GEOMETRIC_REPRESENTATION_CONTEXT(2) 
PARAMETRIC_REPRESENTATION_CONTEXT() REPRESENTATION_CONTEXT('2D SPACE',''
  ) );
#4174 = PCURVE('',#4175,#4180);
#4175 = PLANE('',#4176);
#4176 = AXIS2_PLACEMENT_3D('',#4177,#4178,#4179);
#4177 = CARTESIAN_POINT('',(-2.355,-1.9,1.741926223421));
#4178 = DIRECTION('',(0.,-2.22044604925E-16,-1.));
#4179 = DIRECTION('',(0.,1.,-2.22044604925E-16));
#4180 = DEFINITIONAL_REPRESENTATION('',(#4181),#4185);
#4181 = CIRCLE('',#4182,1.E-01);
#4182 = AXIS2_PLACEMENT_2D('',#4183,#4184);
#4183 = CARTESIAN_POINT('',(0.1,-1.245));
#4184 = DIRECTION('',(-0.707106781187,-0.707106781187));
#4185 = ( GEOMETRIC_REPRESENTATION_CONTEXT(2) 
PARAMETRIC_REPRESENTATION_CONTEXT() REPRESENTATION_CONTEXT('2D SPACE',''
  ) );
#4186 = ORIENTED_EDGE('',*,*,#4187,.T.);
#4187 = EDGE_CURVE('',#4159,#4102,#4188,.T.);
#4188 = SURFACE_CURVE('',#4189,(#4193,#4200),.PCURVE_S1.);
#4189 = LINE('',#4190,#4191);
#4190 = CARTESIAN_POINT('',(-3.670710678119,-1.870710678119,
    1.741926223421));
#4191 = VECTOR('',#4192,1.);
#4192 = DIRECTION('',(0.,2.22044604925E-16,1.));
#4193 = PCURVE('',#4111,#4194);
#4194 = DEFINITIONAL_REPRESENTATION('',(#4195),#4199);
#4195 = LINE('',#4196,#4197);
#4196 = CARTESIAN_POINT('',(6.28318530718,-0.560526315789));
#4197 = VECTOR('',#4198,1.);
#4198 = DIRECTION('',(0.,1.));
#4199 = ( GEOMETRIC_REPRESENTATION_CONTEXT(2) 
PARAMETRIC_REPRESENTATION_CONTEXT() REPRESENTATION_CONTEXT('2D SPACE',''
  ) );
#4200 = PCURVE('',#4201,#4206);
#4201 = CYLINDRICAL_SURFACE('',#4202,0.1);
#4202 = AXIS2_PLACEMENT_3D('',#4203,#4204,#4205);
#4203 = CARTESIAN_POINT('',(-3.6,-1.8,2.302452539211));
#4204 = DIRECTION('',(0.,2.22044604925E-16,1.));
#4205 = DIRECTION('',(-0.707106781187,-0.707106781187,1.570092458684E-16
    ));
#4206 = DEFINITIONAL_REPRESENTATION('',(#4207),#4211);
#4207 = LINE('',#4208,#4209);
#4208 = CARTESIAN_POINT('',(0.,-0.560526315789));
#4209 = VECTOR('',#4210,1.);
#4210 = DIRECTION('',(0.,1.));
#4211 = ( GEOMETRIC_REPRESENTATION_CONTEXT(2) 
PARAMETRIC_REPRESENTATION_CONTEXT() REPRESENTATION_CONTEXT('2D SPACE',''
  ) );
#4212 = ADVANCED_FACE('',(#4213),#4227,.T.);
#4213 = FACE_BOUND('',#4214,.T.);
#4214 = EDGE_LOOP('',(#4215,#4250,#4278,#4301));
#4215 = ORIENTED_EDGE('',*,*,#4216,.F.);
#4216 = EDGE_CURVE('',#4217,#4219,#4221,.T.);
#4217 = VERTEX_POINT('',#4218);
#4218 = CARTESIAN_POINT('',(-3.812132034356,-2.012132034356,
    3.441926223421));
#4219 = VERTEX_POINT('',#4220);
#4220 = CARTESIAN_POINT('',(-3.812132034356,-2.012132034356,
    3.941926223421));
#4221 = SURFACE_CURVE('',#4222,(#4226,#4238),.PCURVE_S1.);
#4222 = LINE('',#4223,#4224);
#4223 = CARTESIAN_POINT('',(-3.812132034356,-2.012132034356,
    3.441926223421));
#4224 = VECTOR('',#4225,1.);
#4225 = DIRECTION('',(0.,2.22044604925E-16,1.));
#4226 = PCURVE('',#4227,#4232);
#4227 = CYLINDRICAL_SURFACE('',#4228,0.3);
#4228 = AXIS2_PLACEMENT_3D('',#4229,#4230,#4231);
#4229 = CARTESIAN_POINT('',(-3.6,-1.8,3.141926223421));
#4230 = DIRECTION('',(0.,2.22044604925E-16,1.));
#4231 = DIRECTION('',(-0.707106781187,-0.707106781187,1.570092458684E-16
    ));
#4232 = DEFINITIONAL_REPRESENTATION('',(#4233),#4237);
#4233 = LINE('',#4234,#4235);
#4234 = CARTESIAN_POINT('',(0.,0.3));
#4235 = VECTOR('',#4236,1.);
#4236 = DIRECTION('',(0.,1.));
#4237 = ( GEOMETRIC_REPRESENTATION_CONTEXT(2) 
PARAMETRIC_REPRESENTATION_CONTEXT() REPRESENTATION_CONTEXT('2D SPACE',''
  ) );
#4238 = PCURVE('',#4239,#4244);
#4239 = CYLINDRICAL_SURFACE('',#4240,0.3);
#4240 = AXIS2_PLACEMENT_3D('',#4241,#4242,#4243);
#4241 = CARTESIAN_POINT('',(-3.6,-1.8,3.141926223421));
#4242 = DIRECTION('',(0.,2.22044604925E-16,1.));
#4243 = DIRECTION('',(-0.707106781187,-0.707106781187,1.570092458684E-16
    ));
#4244 = DEFINITIONAL_REPRESENTATION('',(#4245),#4249);
#4245 = LINE('',#4246,#4247);
#4246 = CARTESIAN_POINT('',(6.28318530718,0.3));
#4247 = VECTOR('',#4248,1.);
#4248 = DIRECTION('',(0.,1.));
#4249 = ( GEOMETRIC_REPRESENTATION_CONTEXT(2) 
PARAMETRIC_REPRESENTATION_CONTEXT() REPRESENTATION_CONTEXT('2D SPACE',''
  ) );
#4250 = ORIENTED_EDGE('',*,*,#4251,.T.);
#4251 = EDGE_CURVE('',#4217,#4252,#4254,.T.);
#4252 = VERTEX_POINT('',#4253);
#4253 = CARTESIAN_POINT('',(-3.6,-2.1,3.441926223421));
#4254 = SURFACE_CURVE('',#4255,(#4260,#4267),.PCURVE_S1.);
#4255 = CIRCLE('',#4256,0.3);
#4256 = AXIS2_PLACEMENT_3D('',#4257,#4258,#4259);
#4257 = CARTESIAN_POINT('',(-3.6,-1.8,3.441926223421));
#4258 = DIRECTION('',(2.252983656874E-33,2.22044604925E-16,1.));
#4259 = DIRECTION('',(-0.707106781187,-0.707106781187,1.570092458684E-16
    ));
#4260 = PCURVE('',#4227,#4261);
#4261 = DEFINITIONAL_REPRESENTATION('',(#4262),#4266);
#4262 = LINE('',#4263,#4264);
#4263 = CARTESIAN_POINT('',(0.,0.3));
#4264 = VECTOR('',#4265,1.);
#4265 = DIRECTION('',(1.,0.));
#4266 = ( GEOMETRIC_REPRESENTATION_CONTEXT(2) 
PARAMETRIC_REPRESENTATION_CONTEXT() REPRESENTATION_CONTEXT('2D SPACE',''
  ) );
#4267 = PCURVE('',#4058,#4268);
#4268 = DEFINITIONAL_REPRESENTATION('',(#4269),#4277);
#4269 = ( BOUNDED_CURVE() B_SPLINE_CURVE(2,(#4270,#4271,#4272,#4273,
#4274,#4275,#4276),.UNSPECIFIED.,.T.,.F.) B_SPLINE_CURVE_WITH_KNOTS((1,2
    ,2,2,2,1),(-2.094395102393,0.,2.094395102393,4.188790204786,
6.28318530718,8.377580409573),.UNSPECIFIED.) CURVE() 
GEOMETRIC_REPRESENTATION_ITEM() RATIONAL_B_SPLINE_CURVE((1.,0.5,1.,0.5,
1.,0.5,1.)) REPRESENTATION_ITEM('') );
#4270 = CARTESIAN_POINT('',(-0.112132034356,-0.612132034356));
#4271 = CARTESIAN_POINT('',(-0.479555495773,-0.244708572938));
#4272 = CARTESIAN_POINT('',(2.235428646924E-02,-0.110222252113));
#4273 = CARTESIAN_POINT('',(0.524264068712,2.426406871211E-02));
#4274 = CARTESIAN_POINT('',(0.389777747887,-0.477645713531));
#4275 = CARTESIAN_POINT('',(0.255291427062,-0.979555495773));
#4276 = CARTESIAN_POINT('',(-0.112132034356,-0.612132034356));
#4277 = ( GEOMETRIC_REPRESENTATION_CONTEXT(2) 
PARAMETRIC_REPRESENTATION_CONTEXT() REPRESENTATION_CONTEXT('2D SPACE',''
  ) );
#4278 = ORIENTED_EDGE('',*,*,#4279,.T.);
#4279 = EDGE_CURVE('',#4252,#4280,#4282,.T.);
#4280 = VERTEX_POINT('',#4281);
#4281 = CARTESIAN_POINT('',(-3.6,-2.1,3.941926223421));
#4282 = SURFACE_CURVE('',#4283,(#4287,#4294),.PCURVE_S1.);
#4283 = LINE('',#4284,#4285);
#4284 = CARTESIAN_POINT('',(-3.6,-2.1,3.441926223421));
#4285 = VECTOR('',#4286,1.);
#4286 = DIRECTION('',(0.,2.22044604925E-16,1.));
#4287 = PCURVE('',#4227,#4288);
#4288 = DEFINITIONAL_REPRESENTATION('',(#4289),#4293);
#4289 = LINE('',#4290,#4291);
#4290 = CARTESIAN_POINT('',(0.785398163397,0.3));
#4291 = VECTOR('',#4292,1.);
#4292 = DIRECTION('',(0.,1.));
#4293 = ( GEOMETRIC_REPRESENTATION_CONTEXT(2) 
PARAMETRIC_REPRESENTATION_CONTEXT() REPRESENTATION_CONTEXT('2D SPACE',''
  ) );
#4294 = PCURVE('',#2737,#4295);
#4295 = DEFINITIONAL_REPRESENTATION('',(#4296),#4300);
#4296 = LINE('',#4297,#4298);
#4297 = CARTESIAN_POINT('',(-5.4,0.6));
#4298 = VECTOR('',#4299,1.);
#4299 = DIRECTION('',(0.,1.));
#4300 = ( GEOMETRIC_REPRESENTATION_CONTEXT(2) 
PARAMETRIC_REPRESENTATION_CONTEXT() REPRESENTATION_CONTEXT('2D SPACE',''
  ) );
#4301 = ORIENTED_EDGE('',*,*,#4302,.T.);
#4302 = EDGE_CURVE('',#4280,#4219,#4303,.T.);
#4303 = SURFACE_CURVE('',#4304,(#4309,#4316),.PCURVE_S1.);
#4304 = CIRCLE('',#4305,0.3);
#4305 = AXIS2_PLACEMENT_3D('',#4306,#4307,#4308);
#4306 = CARTESIAN_POINT('',(-3.6,-1.8,3.941926223421));
#4307 = DIRECTION('',(-2.252983656874E-33,-2.22044604925E-16,-1.));
#4308 = DIRECTION('',(-0.707106781187,-0.707106781187,1.570092458684E-16
    ));
#4309 = PCURVE('',#4227,#4310);
#4310 = DEFINITIONAL_REPRESENTATION('',(#4311),#4315);
#4311 = LINE('',#4312,#4313);
#4312 = CARTESIAN_POINT('',(6.28318530718,0.8));
#4313 = VECTOR('',#4314,1.);
#4314 = DIRECTION('',(-1.,0.));
#4315 = ( GEOMETRIC_REPRESENTATION_CONTEXT(2) 
PARAMETRIC_REPRESENTATION_CONTEXT() REPRESENTATION_CONTEXT('2D SPACE',''
  ) );
#4316 = PCURVE('',#3333,#4317);
#4317 = DEFINITIONAL_REPRESENTATION('',(#4318),#4326);
#4318 = ( BOUNDED_CURVE() B_SPLINE_CURVE(2,(#4319,#4320,#4321,#4322,
#4323,#4324,#4325),.UNSPECIFIED.,.T.,.F.) B_SPLINE_CURVE_WITH_KNOTS((1,2
    ,2,2,2,1),(-2.094395102393,0.,2.094395102393,4.188790204786,
6.28318530718,8.377580409573),.UNSPECIFIED.) CURVE() 
GEOMETRIC_REPRESENTATION_ITEM() RATIONAL_B_SPLINE_CURVE((1.,0.5,1.,0.5,
1.,0.5,1.)) REPRESENTATION_ITEM('') );
#4319 = CARTESIAN_POINT('',(0.112132034356,8.786796564404E-02));
#4320 = CARTESIAN_POINT('',(-0.255291427062,-0.279555495773));
#4321 = CARTESIAN_POINT('',(-0.389777747887,0.222354286469));
#4322 = CARTESIAN_POINT('',(-0.524264068712,0.724264068712));
#4323 = CARTESIAN_POINT('',(-2.235428646924E-02,0.589777747887));
#4324 = CARTESIAN_POINT('',(0.479555495773,0.455291427062));
#4325 = CARTESIAN_POINT('',(0.112132034356,8.786796564404E-02));
#4326 = ( GEOMETRIC_REPRESENTATION_CONTEXT(2) 
PARAMETRIC_REPRESENTATION_CONTEXT() REPRESENTATION_CONTEXT('2D SPACE',''
  ) );
#4327 = ADVANCED_FACE('',(#4328),#4342,.T.);
#4328 = FACE_BOUND('',#4329,.T.);
#4329 = EDGE_LOOP('',(#4330,#4365,#4393,#4416));
#4330 = ORIENTED_EDGE('',*,*,#4331,.F.);
#4331 = EDGE_CURVE('',#4332,#4334,#4336,.T.);
#4332 = VERTEX_POINT('',#4333);
#4333 = CARTESIAN_POINT('',(-3.812132034356,-2.012132034356,
    1.741926223421));
#4334 = VERTEX_POINT('',#4335);
#4335 = CARTESIAN_POINT('',(-3.812132034356,-2.012132034356,
    2.241926223421));
#4336 = SURFACE_CURVE('',#4337,(#4341,#4353),.PCURVE_S1.);
#4337 = LINE('',#4338,#4339);
#4338 = CARTESIAN_POINT('',(-3.812132034356,-2.012132034356,
    1.741926223421));
#4339 = VECTOR('',#4340,1.);
#4340 = DIRECTION('',(0.,2.22044604925E-16,1.));
#4341 = PCURVE('',#4342,#4347);
#4342 = CYLINDRICAL_SURFACE('',#4343,0.3);
#4343 = AXIS2_PLACEMENT_3D('',#4344,#4345,#4346);
#4344 = CARTESIAN_POINT('',(-3.6,-1.8,2.291926223421));
#4345 = DIRECTION('',(-1.224606E-16,2.22044604925E-16,1.));
#4346 = DIRECTION('',(-0.707106781187,-0.707106781187,7.04165251802E-17)
  );
#4347 = DEFINITIONAL_REPRESENTATION('',(#4348),#4352);
#4348 = LINE('',#4349,#4350);
#4349 = CARTESIAN_POINT('',(0.,-0.55));
#4350 = VECTOR('',#4351,1.);
#4351 = DIRECTION('',(0.,1.));
#4352 = ( GEOMETRIC_REPRESENTATION_CONTEXT(2) 
PARAMETRIC_REPRESENTATION_CONTEXT() REPRESENTATION_CONTEXT('2D SPACE',''
  ) );
#4353 = PCURVE('',#4354,#4359);
#4354 = CYLINDRICAL_SURFACE('',#4355,0.3);
#4355 = AXIS2_PLACEMENT_3D('',#4356,#4357,#4358);
#4356 = CARTESIAN_POINT('',(-3.6,-1.8,2.291926223421));
#4357 = DIRECTION('',(-1.224606E-16,2.22044604925E-16,1.));
#4358 = DIRECTION('',(-0.707106781187,-0.707106781187,7.04165251802E-17)
  );
#4359 = DEFINITIONAL_REPRESENTATION('',(#4360),#4364);
#4360 = LINE('',#4361,#4362);
#4361 = CARTESIAN_POINT('',(6.28318530718,-0.55));
#4362 = VECTOR('',#4363,1.);
#4363 = DIRECTION('',(0.,1.));
#4364 = ( GEOMETRIC_REPRESENTATION_CONTEXT(2) 
PARAMETRIC_REPRESENTATION_CONTEXT() REPRESENTATION_CONTEXT('2D SPACE',''
  ) );
#4365 = ORIENTED_EDGE('',*,*,#4366,.T.);
#4366 = EDGE_CURVE('',#4332,#4367,#4369,.T.);
#4367 = VERTEX_POINT('',#4368);
#4368 = CARTESIAN_POINT('',(-3.6,-2.1,1.741926223421));
#4369 = SURFACE_CURVE('',#4370,(#4375,#4382),.PCURVE_S1.);
#4370 = CIRCLE('',#4371,0.3);
#4371 = AXIS2_PLACEMENT_3D('',#4372,#4373,#4374);
#4372 = CARTESIAN_POINT('',(-3.6,-1.8,1.741926223421));
#4373 = DIRECTION('',(2.252983656874E-33,2.22044604925E-16,1.));
#4374 = DIRECTION('',(-0.707106781187,-0.707106781187,1.570092458684E-16
    ));
#4375 = PCURVE('',#4342,#4376);
#4376 = DEFINITIONAL_REPRESENTATION('',(#4377),#4381);
#4377 = LINE('',#4378,#4379);
#4378 = CARTESIAN_POINT('',(0.,-0.55));
#4379 = VECTOR('',#4380,1.);
#4380 = DIRECTION('',(1.,0.));
#4381 = ( GEOMETRIC_REPRESENTATION_CONTEXT(2) 
PARAMETRIC_REPRESENTATION_CONTEXT() REPRESENTATION_CONTEXT('2D SPACE',''
  ) );
#4382 = PCURVE('',#4175,#4383);
#4383 = DEFINITIONAL_REPRESENTATION('',(#4384),#4392);
#4384 = ( BOUNDED_CURVE() B_SPLINE_CURVE(2,(#4385,#4386,#4387,#4388,
#4389,#4390,#4391),.UNSPECIFIED.,.T.,.F.) B_SPLINE_CURVE_WITH_KNOTS((1,2
    ,2,2,2,1),(-2.094395102393,0.,2.094395102393,4.188790204786,
6.28318530718,8.377580409573),.UNSPECIFIED.) CURVE() 
GEOMETRIC_REPRESENTATION_ITEM() RATIONAL_B_SPLINE_CURVE((1.,0.5,1.,0.5,
1.,0.5,1.)) REPRESENTATION_ITEM('') );
#4385 = CARTESIAN_POINT('',(-0.112132034356,-1.457132034356));
#4386 = CARTESIAN_POINT('',(-0.479555495773,-1.089708572939));
#4387 = CARTESIAN_POINT('',(2.235428646924E-02,-0.955222252113));
#4388 = CARTESIAN_POINT('',(0.524264068712,-0.820735931288));
#4389 = CARTESIAN_POINT('',(0.389777747887,-1.322645713531));
#4390 = CARTESIAN_POINT('',(0.255291427062,-1.824555495774));
#4391 = CARTESIAN_POINT('',(-0.112132034356,-1.457132034356));
#4392 = ( GEOMETRIC_REPRESENTATION_CONTEXT(2) 
PARAMETRIC_REPRESENTATION_CONTEXT() REPRESENTATION_CONTEXT('2D SPACE',''
  ) );
#4393 = ORIENTED_EDGE('',*,*,#4394,.T.);
#4394 = EDGE_CURVE('',#4367,#4395,#4397,.T.);
#4395 = VERTEX_POINT('',#4396);
#4396 = CARTESIAN_POINT('',(-3.6,-2.1,2.241926223421));
#4397 = SURFACE_CURVE('',#4398,(#4402,#4409),.PCURVE_S1.);
#4398 = LINE('',#4399,#4400);
#4399 = CARTESIAN_POINT('',(-3.6,-2.1,1.741926223421));
#4400 = VECTOR('',#4401,1.);
#4401 = DIRECTION('',(0.,2.22044604925E-16,1.));
#4402 = PCURVE('',#4342,#4403);
#4403 = DEFINITIONAL_REPRESENTATION('',(#4404),#4408);
#4404 = LINE('',#4405,#4406);
#4405 = CARTESIAN_POINT('',(0.785398163397,-0.55));
#4406 = VECTOR('',#4407,1.);
#4407 = DIRECTION('',(0.,1.));
#4408 = ( GEOMETRIC_REPRESENTATION_CONTEXT(2) 
PARAMETRIC_REPRESENTATION_CONTEXT() REPRESENTATION_CONTEXT('2D SPACE',''
  ) );
#4409 = PCURVE('',#2737,#4410);
#4410 = DEFINITIONAL_REPRESENTATION('',(#4411),#4415);
#4411 = LINE('',#4412,#4413);
#4412 = CARTESIAN_POINT('',(-5.4,-1.1));
#4413 = VECTOR('',#4414,1.);
#4414 = DIRECTION('',(0.,1.));
#4415 = ( GEOMETRIC_REPRESENTATION_CONTEXT(2) 
PARAMETRIC_REPRESENTATION_CONTEXT() REPRESENTATION_CONTEXT('2D SPACE',''
  ) );
#4416 = ORIENTED_EDGE('',*,*,#4417,.T.);
#4417 = EDGE_CURVE('',#4395,#4334,#4418,.T.);
#4418 = SURFACE_CURVE('',#4419,(#4424,#4431),.PCURVE_S1.);
#4419 = CIRCLE('',#4420,0.3);
#4420 = AXIS2_PLACEMENT_3D('',#4421,#4422,#4423);
#4421 = CARTESIAN_POINT('',(-3.6,-1.8,2.241926223421));
#4422 = DIRECTION('',(-2.252983656874E-33,-2.22044604925E-16,-1.));
#4423 = DIRECTION('',(-0.707106781187,-0.707106781187,1.570092458684E-16
    ));
#4424 = PCURVE('',#4342,#4425);
#4425 = DEFINITIONAL_REPRESENTATION('',(#4426),#4430);
#4426 = LINE('',#4427,#4428);
#4427 = CARTESIAN_POINT('',(6.28318530718,-4.999999999996E-02));
#4428 = VECTOR('',#4429,1.);
#4429 = DIRECTION('',(-1.,1.413579858428E-16));
#4430 = ( GEOMETRIC_REPRESENTATION_CONTEXT(2) 
PARAMETRIC_REPRESENTATION_CONTEXT() REPRESENTATION_CONTEXT('2D SPACE',''
  ) );
#4431 = PCURVE('',#2989,#4432);
#4432 = DEFINITIONAL_REPRESENTATION('',(#4433),#4441);
#4433 = ( BOUNDED_CURVE() B_SPLINE_CURVE(2,(#4434,#4435,#4436,#4437,
#4438,#4439,#4440),.UNSPECIFIED.,.T.,.F.) B_SPLINE_CURVE_WITH_KNOTS((1,2
    ,2,2,2,1),(-2.094395102393,0.,2.094395102393,4.188790204786,
6.28318530718,8.377580409573),.UNSPECIFIED.) CURVE() 
GEOMETRIC_REPRESENTATION_ITEM() RATIONAL_B_SPLINE_CURVE((1.,0.5,1.,0.5,
1.,0.5,1.)) REPRESENTATION_ITEM('') );
#4434 = CARTESIAN_POINT('',(0.112132034356,8.786796564404E-02));
#4435 = CARTESIAN_POINT('',(-0.255291427062,-0.279555495773));
#4436 = CARTESIAN_POINT('',(-0.389777747887,0.222354286469));
#4437 = CARTESIAN_POINT('',(-0.524264068712,0.724264068712));
#4438 = CARTESIAN_POINT('',(-2.235428646924E-02,0.589777747887));
#4439 = CARTESIAN_POINT('',(0.479555495773,0.455291427062));
#4440 = CARTESIAN_POINT('',(0.112132034356,8.786796564404E-02));
#4441 = ( GEOMETRIC_REPRESENTATION_CONTEXT(2) 
PARAMETRIC_REPRESENTATION_CONTEXT() REPRESENTATION_CONTEXT('2D SPACE',''
  ) );
#4442 = ADVANCED_FACE('',(#4443),#4458,.F.);
#4443 = FACE_BOUND('',#4444,.F.);
#4444 = EDGE_LOOP('',(#4445,#4481,#4509,#4559,#4636,#4665));
#4445 = ORIENTED_EDGE('',*,*,#4446,.T.);
#4446 = EDGE_CURVE('',#4447,#4449,#4451,.T.);
#4447 = VERTEX_POINT('',#4448);
#4448 = CARTESIAN_POINT('',(-1.3,-0.65,5.041926223421));
#4449 = VERTEX_POINT('',#4450);
#4450 = CARTESIAN_POINT('',(-1.4,-0.55,5.041926223421));
#4451 = SURFACE_CURVE('',#4452,(#4457,#4469),.PCURVE_S1.);
#4452 = CIRCLE('',#4453,9.999999999997E-02);
#4453 = AXIS2_PLACEMENT_3D('',#4454,#4455,#4456);
#4454 = CARTESIAN_POINT('',(-1.4,-0.65,5.041926223421));
#4455 = DIRECTION('',(0.,2.22044604925E-16,1.));
#4456 = DIRECTION('',(-1.,0.,0.));
#4457 = PCURVE('',#4458,#4463);
#4458 = CYLINDRICAL_SURFACE('',#4459,9.999999999997E-02);
#4459 = AXIS2_PLACEMENT_3D('',#4460,#4461,#4462);
#4460 = CARTESIAN_POINT('',(-1.4,-0.65,5.041926223421));
#4461 = DIRECTION('',(0.,2.22044604925E-16,1.));
#4462 = DIRECTION('',(-1.,0.,0.));
#4463 = DEFINITIONAL_REPRESENTATION('',(#4464),#4468);
#4464 = LINE('',#4465,#4466);
#4465 = CARTESIAN_POINT('',(0.,0.));
#4466 = VECTOR('',#4467,1.);
#4467 = DIRECTION('',(1.,0.));
#4468 = ( GEOMETRIC_REPRESENTATION_CONTEXT(2) 
PARAMETRIC_REPRESENTATION_CONTEXT() REPRESENTATION_CONTEXT('2D SPACE',''
  ) );
#4469 = PCURVE('',#4470,#4475);
#4470 = PLANE('',#4471);
#4471 = AXIS2_PLACEMENT_3D('',#4472,#4473,#4474);
#4472 = CARTESIAN_POINT('',(-1.173505737029E-13,-0.7,5.041926223421));
#4473 = DIRECTION('',(0.,2.22044604925E-16,1.));
#4474 = DIRECTION('',(0.,-1.,2.22044604925E-16));
#4475 = DEFINITIONAL_REPRESENTATION('',(#4476),#4480);
#4476 = CIRCLE('',#4477,9.999999999997E-02);
#4477 = AXIS2_PLACEMENT_2D('',#4478,#4479);
#4478 = CARTESIAN_POINT('',(-4.999999999999E-02,-1.4));
#4479 = DIRECTION('',(0.,-1.));
#4480 = ( GEOMETRIC_REPRESENTATION_CONTEXT(2) 
PARAMETRIC_REPRESENTATION_CONTEXT() REPRESENTATION_CONTEXT('2D SPACE',''
  ) );
#4481 = ORIENTED_EDGE('',*,*,#4482,.T.);
#4482 = EDGE_CURVE('',#4449,#4483,#4485,.T.);
#4483 = VERTEX_POINT('',#4484);
#4484 = CARTESIAN_POINT('',(-1.4,-0.55,5.234825829958));
#4485 = SURFACE_CURVE('',#4486,(#4490,#4497),.PCURVE_S1.);
#4486 = LINE('',#4487,#4488);
#4487 = CARTESIAN_POINT('',(-1.4,-0.55,5.041926223421));
#4488 = VECTOR('',#4489,1.);
#4489 = DIRECTION('',(0.,2.22044604925E-16,1.));
#4490 = PCURVE('',#4458,#4491);
#4491 = DEFINITIONAL_REPRESENTATION('',(#4492),#4496);
#4492 = LINE('',#4493,#4494);
#4493 = CARTESIAN_POINT('',(4.712388980385,0.));
#4494 = VECTOR('',#4495,1.);
#4495 = DIRECTION('',(0.,1.));
#4496 = ( GEOMETRIC_REPRESENTATION_CONTEXT(2) 
PARAMETRIC_REPRESENTATION_CONTEXT() REPRESENTATION_CONTEXT('2D SPACE',''
  ) );
#4497 = PCURVE('',#4498,#4503);
#4498 = PLANE('',#4499);
#4499 = AXIS2_PLACEMENT_3D('',#4500,#4501,#4502);
#4500 = CARTESIAN_POINT('',(-1.782836101733,-0.55,4.985768767163));
#4501 = DIRECTION('',(0.,1.,-2.22044604925E-16));
#4502 = DIRECTION('',(-0.99995425939,2.123739432811E-18,
    9.56447211824E-03));
#4503 = DEFINITIONAL_REPRESENTATION('',(#4504),#4508);
#4504 = LINE('',#4505,#4506);
#4505 = CARTESIAN_POINT('',(-0.382281474152,5.98165128024E-02));
#4506 = VECTOR('',#4507,1.);
#4507 = DIRECTION('',(9.56447211824E-03,0.99995425939));
#4508 = ( GEOMETRIC_REPRESENTATION_CONTEXT(2) 
PARAMETRIC_REPRESENTATION_CONTEXT() REPRESENTATION_CONTEXT('2D SPACE',''
  ) );
#4509 = ORIENTED_EDGE('',*,*,#4510,.T.);
#4510 = EDGE_CURVE('',#4483,#4511,#4513,.T.);
#4511 = VERTEX_POINT('',#4512);
#4512 = CARTESIAN_POINT('',(-1.398713760745,-0.550008272442,
    5.235069284272));
#4513 = SURFACE_CURVE('',#4514,(#4519,#4525),.PCURVE_S1.);
#4514 = B_SPLINE_CURVE_WITH_KNOTS('',3,(#4515,#4516,#4517,#4518),
  .UNSPECIFIED.,.F.,.F.,(4,4),(-0.151173668987,-0.149867505838),
  .PIECEWISE_BEZIER_KNOTS.);
#4515 = CARTESIAN_POINT('',(-1.4,-0.55,5.234825829958));
#4516 = CARTESIAN_POINT('',(-1.399572340844,-0.55,5.234907500697));
#4517 = CARTESIAN_POINT('',(-1.399143570417,-0.550002743604,
    5.234988659875));
#4518 = CARTESIAN_POINT('',(-1.398713760745,-0.550008272442,
    5.235069284272));
#4519 = PCURVE('',#4458,#4520);
#4520 = DEFINITIONAL_REPRESENTATION('',(#4521),#4524);
#4521 = B_SPLINE_CURVE_WITH_KNOTS('',1,(#4522,#4523),.UNSPECIFIED.,.F.,
  .F.,(2,2),(-0.151173668987,-0.149867505838),.PIECEWISE_BEZIER_KNOTS.);
#4522 = CARTESIAN_POINT('',(4.712388980385,0.192899606536));
#4523 = CARTESIAN_POINT('',(4.69952623314,0.193143060851));
#4524 = ( GEOMETRIC_REPRESENTATION_CONTEXT(2) 
PARAMETRIC_REPRESENTATION_CONTEXT() REPRESENTATION_CONTEXT('2D SPACE',''
  ) );
#4525 = PCURVE('',#4526,#4531);
#4526 = CYLINDRICAL_SURFACE('',#4527,0.4);
#4527 = AXIS2_PLACEMENT_3D('',#4528,#4529,#4530);
#4528 = CARTESIAN_POINT('',(-1.324967345885,-1.225,4.841926223421));
#4529 = DIRECTION('',(0.,1.,-2.22044604925E-16));
#4530 = DIRECTION('',(-0.184366045352,2.182382387226E-16,0.982857650589)
  );
#4531 = DEFINITIONAL_REPRESENTATION('',(#4532),#4558);
#4532 = B_SPLINE_CURVE_WITH_KNOTS('',3,(#4533,#4534,#4535,#4536,#4537,
    #4538,#4539,#4540,#4541,#4542,#4543,#4544,#4545,#4546,#4547,#4548,
    #4549,#4550,#4551,#4552,#4553,#4554,#4555,#4556,#4557),
  .UNSPECIFIED.,.F.,.F.,(4,1,1,1,1,1,1,1,1,1,1,1,1,1,1,1,1,1,1,1,1,1,4),
  (-0.151173668987,-0.151114297935,-0.151054926882,-0.15099555583,
    -0.150936184778,-0.150876813726,-0.150817442674,-0.150758071621,
    -0.150698700569,-0.150639329517,-0.150579958465,-0.150520587412,
    -0.15046121636,-0.150401845308,-0.150342474256,-0.150283103204,
    -0.150223732151,-0.150164361099,-0.150104990047,-0.150045618995,
    -0.149986247943,-0.14992687689,-0.149867505838),
  .QUASI_UNIFORM_KNOTS.);
#4533 = CARTESIAN_POINT('',(6.279912622679,0.675));
#4534 = CARTESIAN_POINT('',(6.279962098556,0.675));
#4535 = CARTESIAN_POINT('',(6.280061060594,0.674999988663));
#4536 = CARTESIAN_POINT('',(6.280209534405,0.674999937622));
#4537 = CARTESIAN_POINT('',(6.280358038865,0.674999852522));
#4538 = CARTESIAN_POINT('',(6.280506573873,0.674999733341));
#4539 = CARTESIAN_POINT('',(6.280655139325,0.674999580054));
#4540 = CARTESIAN_POINT('',(6.28080373512,0.674999392639));
#4541 = CARTESIAN_POINT('',(6.280952361155,0.67499917107));
#4542 = CARTESIAN_POINT('',(6.281101017326,0.674998915326));
#4543 = CARTESIAN_POINT('',(6.281249703533,0.674998625383));
#4544 = CARTESIAN_POINT('',(6.281398419672,0.674998301217));
#4545 = CARTESIAN_POINT('',(6.281547165641,0.674997942805));
#4546 = CARTESIAN_POINT('',(6.281695941337,0.674997550123));
#4547 = CARTESIAN_POINT('',(6.281844746658,0.674997123148));
#4548 = CARTESIAN_POINT('',(6.281993581502,0.674996661857));
#4549 = CARTESIAN_POINT('',(6.282142445766,0.674996166225));
#4550 = CARTESIAN_POINT('',(6.282291339344,0.67499563623));
#4551 = CARTESIAN_POINT('',(6.282440262149,0.674995071848));
#4552 = CARTESIAN_POINT('',(6.282589214021,0.674994473056));
#4553 = CARTESIAN_POINT('',(6.282738195076,0.67499383983));
#4554 = CARTESIAN_POINT('',(6.28288720439,0.674993172146));
#4555 = CARTESIAN_POINT('',(6.283036244931,0.674992469982));
#4556 = CARTESIAN_POINT('',(6.283135618402,0.674991978869));
#4557 = CARTESIAN_POINT('',(6.28318530718,0.674991727559));
#4558 = ( GEOMETRIC_REPRESENTATION_CONTEXT(2) 
PARAMETRIC_REPRESENTATION_CONTEXT() REPRESENTATION_CONTEXT('2D SPACE',''
  ) );
#4559 = ORIENTED_EDGE('',*,*,#4560,.T.);
#4560 = EDGE_CURVE('',#4511,#4561,#4563,.T.);
#4561 = VERTEX_POINT('',#4562);
#4562 = CARTESIAN_POINT('',(-1.324967345885,-0.583893261944,
    5.241926223421));
#4563 = SURFACE_CURVE('',#4564,(#4573,#4602),.PCURVE_S1.);
#4564 = B_SPLINE_CURVE_WITH_KNOTS('',3,(#4565,#4566,#4567,#4568,#4569,
    #4570,#4571,#4572),.UNSPECIFIED.,.F.,.F.,(4,2,2,4),(-0.149867505838,
    -0.113321292935,-7.546891688314E-02,-6.910421298908E-02),
  .UNSPECIFIED.);
#4565 = CARTESIAN_POINT('',(-1.398713760745,-0.550008272442,
    5.235069284272));
#4566 = CARTESIAN_POINT('',(-1.386687762468,-0.550162968349,
    5.237325140591));
#4567 = CARTESIAN_POINT('',(-1.373842359361,-0.552627423477,
    5.239108928829));
#4568 = CARTESIAN_POINT('',(-1.349613825267,-0.562599050512,
    5.241358087664));
#4569 = CARTESIAN_POINT('',(-1.338303063863,-0.570296307088,
    5.241803639225));
#4570 = CARTESIAN_POINT('',(-1.327869270741,-0.580705998284,
    5.24191851672));
#4571 = CARTESIAN_POINT('',(-1.326398215302,-0.582269192549,
    5.241926223421));
#4572 = CARTESIAN_POINT('',(-1.324967345885,-0.583893261944,
    5.241926223421));
#4573 = PCURVE('',#4458,#4574);
#4574 = DEFINITIONAL_REPRESENTATION('',(#4575),#4601);
#4575 = B_SPLINE_CURVE_WITH_KNOTS('',3,(#4576,#4577,#4578,#4579,#4580,
    #4581,#4582,#4583,#4584,#4585,#4586,#4587,#4588,#4589,#4590,#4591,
    #4592,#4593,#4594,#4595,#4596,#4597,#4598,#4599,#4600),
  .UNSPECIFIED.,.F.,.F.,(4,1,1,1,1,1,1,1,1,1,1,1,1,1,1,1,1,1,1,1,1,1,4),
  (-0.149867505838,-0.146196447072,-0.142525388306,-0.138854329541,
    -0.135183270775,-0.131512212009,-0.127841153243,-0.124170094477,
    -0.120499035711,-0.116827976945,-0.113156918179,-0.109485859414,
    -0.105814800648,-0.102143741882,-9.847268311601E-02,
    -9.480162435015E-02,-9.113056558428E-02,-8.745950681841E-02,
    -8.378844805255E-02,-8.011738928668E-02,-7.644633052081E-02,
    -7.277527175494E-02,-6.910421298908E-02),.QUASI_UNIFORM_KNOTS.);
#4576 = CARTESIAN_POINT('',(4.69952623314,0.193143060851));
#4577 = CARTESIAN_POINT('',(4.687445276352,0.193369661105));
#4578 = CARTESIAN_POINT('',(4.663111505121,0.193813335131));
#4579 = CARTESIAN_POINT('',(4.626149177917,0.194449008588));
#4580 = CARTESIAN_POINT('',(4.588778669475,0.195053586368));
#4581 = CARTESIAN_POINT('',(4.551054916125,0.195625810211));
#4582 = CARTESIAN_POINT('',(4.513032606445,0.196164422469));
#4583 = CARTESIAN_POINT('',(4.474765358504,0.196668163215));
#4584 = CARTESIAN_POINT('',(4.436304598361,0.197135781031));
#4585 = CARTESIAN_POINT('',(4.397698547357,0.19756599274));
#4586 = CARTESIAN_POINT('',(4.358991012647,0.197957633686));
#4587 = CARTESIAN_POINT('',(4.320220940958,0.198309096891));
#4588 = CARTESIAN_POINT('',(4.281419322718,0.198620436475));
#4589 = CARTESIAN_POINT('',(4.242618975487,0.198894558904));
#4590 = CARTESIAN_POINT('',(4.203860201324,0.199133125175));
#4591 = CARTESIAN_POINT('',(4.165187964863,0.19933812995));
#4592 = CARTESIAN_POINT('',(4.126651245899,0.199511478704));
#4593 = CARTESIAN_POINT('',(4.088302276003,0.199655099996));
#4594 = CARTESIAN_POINT('',(4.050193819457,0.199770919232));
#4595 = CARTESIAN_POINT('',(4.012384277119,0.199860851345));
#4596 = CARTESIAN_POINT('',(3.974913486466,0.19992685632));
#4597 = CARTESIAN_POINT('',(3.937888102163,0.199970724403));
#4598 = CARTESIAN_POINT('',(3.901158299488,0.199994879739));
#4599 = CARTESIAN_POINT('',(3.876384974526,0.199999836566));
#4600 = CARTESIAN_POINT('',(3.863833079312,0.2));
#4601 = ( GEOMETRIC_REPRESENTATION_CONTEXT(2) 
PARAMETRIC_REPRESENTATION_CONTEXT() REPRESENTATION_CONTEXT('2D SPACE',''
  ) );
#4602 = PCURVE('',#4603,#4608);
#4603 = CYLINDRICAL_SURFACE('',#4604,0.4);
#4604 = AXIS2_PLACEMENT_3D('',#4605,#4606,#4607);
#4605 = CARTESIAN_POINT('',(-1.324967345885,-1.225,4.841926223421));
#4606 = DIRECTION('',(0.,1.,-2.22044604925E-16));
#4607 = DIRECTION('',(-0.184366045352,2.182382387226E-16,0.982857650589)
  );
#4608 = DEFINITIONAL_REPRESENTATION('',(#4609),#4635);
#4609 = B_SPLINE_CURVE_WITH_KNOTS('',3,(#4610,#4611,#4612,#4613,#4614,
    #4615,#4616,#4617,#4618,#4619,#4620,#4621,#4622,#4623,#4624,#4625,
    #4626,#4627,#4628,#4629,#4630,#4631,#4632,#4633,#4634),
  .UNSPECIFIED.,.F.,.F.,(4,1,1,1,1,1,1,1,1,1,1,1,1,1,1,1,1,1,1,1,1,1,4),
  (-0.149867505838,-0.146196447072,-0.142525388306,-0.138854329541,
    -0.135183270775,-0.131512212009,-0.127841153243,-0.124170094477,
    -0.120499035711,-0.116827976945,-0.113156918179,-0.109485859414,
    -0.105814800648,-0.102143741882,-9.847268311601E-02,
    -9.480162435015E-02,-9.113056558428E-02,-8.745950681841E-02,
    -8.378844805255E-02,-8.011738928668E-02,-7.644633052081E-02,
    -7.277527175494E-02,-6.910421298908E-02),.QUASI_UNIFORM_KNOTS.);
#4610 = CARTESIAN_POINT('',(0.,0.674991727559));
#4611 = CARTESIAN_POINT('',(3.072692174853E-03,0.67497618839));
#4612 = CARTESIAN_POINT('',(9.254342414664E-03,0.674898498387));
#4613 = CARTESIAN_POINT('',(1.860953889909E-02,0.674641373898));
#4614 = CARTESIAN_POINT('',(2.802141766551E-02,0.674242905428));
#4615 = CARTESIAN_POINT('',(3.746380791107E-02,0.673702338512));
#4616 = CARTESIAN_POINT('',(4.691049386513E-02,0.67301891856));
#4617 = CARTESIAN_POINT('',(5.633522126139E-02,0.672191891457));
#4618 = CARTESIAN_POINT('',(6.571172815602E-02,0.671220501311));
#4619 = CARTESIAN_POINT('',(7.501376238801E-02,0.670103998865));
#4620 = CARTESIAN_POINT('',(8.421512610307E-02,0.668841610095));
#4621 = CARTESIAN_POINT('',(9.328961787919E-02,0.667432653413));
#4622 = CARTESIAN_POINT('',(0.102211344508,0.665876098598));
#4623 = CARTESIAN_POINT('',(0.110963101475,0.664179489292));
#4624 = CARTESIAN_POINT('',(0.119527322841,0.662350588107));
#4625 = CARTESIAN_POINT('',(0.127886365545,0.660397100431));
#4626 = CARTESIAN_POINT('',(0.136022474711,0.65832674158));
#4627 = CARTESIAN_POINT('',(0.143917729611,0.656147244389));
#4628 = CARTESIAN_POINT('',(0.151554378499,0.653866261677));
#4629 = CARTESIAN_POINT('',(0.158913628606,0.651491748815));
#4630 = CARTESIAN_POINT('',(0.165980216789,0.649030530985));
#4631 = CARTESIAN_POINT('',(0.172725391769,0.646493651567));
#4632 = CARTESIAN_POINT('',(0.179170458188,0.643876411338));
#4633 = CARTESIAN_POINT('',(0.183350266683,0.642047700644));
#4634 = CARTESIAN_POINT('',(0.185426811597,0.641106738056));
#4635 = ( GEOMETRIC_REPRESENTATION_CONTEXT(2) 
PARAMETRIC_REPRESENTATION_CONTEXT() REPRESENTATION_CONTEXT('2D SPACE',''
  ) );
#4636 = ORIENTED_EDGE('',*,*,#4637,.F.);
#4637 = EDGE_CURVE('',#4638,#4561,#4640,.T.);
#4638 = VERTEX_POINT('',#4639);
#4639 = CARTESIAN_POINT('',(-1.3,-0.65,5.241926223421));
#4640 = SURFACE_CURVE('',#4641,(#4646,#4653),.PCURVE_S1.);
#4641 = CIRCLE('',#4642,9.999999999997E-02);
#4642 = AXIS2_PLACEMENT_3D('',#4643,#4644,#4645);
#4643 = CARTESIAN_POINT('',(-1.4,-0.65,5.241926223421));
#4644 = DIRECTION('',(0.,2.22044604925E-16,1.));
#4645 = DIRECTION('',(-1.,0.,0.));
#4646 = PCURVE('',#4458,#4647);
#4647 = DEFINITIONAL_REPRESENTATION('',(#4648),#4652);
#4648 = LINE('',#4649,#4650);
#4649 = CARTESIAN_POINT('',(0.,0.2));
#4650 = VECTOR('',#4651,1.);
#4651 = DIRECTION('',(1.,0.));
#4652 = ( GEOMETRIC_REPRESENTATION_CONTEXT(2) 
PARAMETRIC_REPRESENTATION_CONTEXT() REPRESENTATION_CONTEXT('2D SPACE',''
  ) );
#4653 = PCURVE('',#4654,#4659);
#4654 = PLANE('',#4655);
#4655 = AXIS2_PLACEMENT_3D('',#4656,#4657,#4658);
#4656 = CARTESIAN_POINT('',(-2.355,-1.9,5.241926223421));
#4657 = DIRECTION('',(0.,2.22044604925E-16,1.));
#4658 = DIRECTION('',(0.,-1.,2.22044604925E-16));
#4659 = DEFINITIONAL_REPRESENTATION('',(#4660),#4664);
#4660 = CIRCLE('',#4661,9.999999999997E-02);
#4661 = AXIS2_PLACEMENT_2D('',#4662,#4663);
#4662 = CARTESIAN_POINT('',(-1.25,0.955));
#4663 = DIRECTION('',(0.,-1.));
#4664 = ( GEOMETRIC_REPRESENTATION_CONTEXT(2) 
PARAMETRIC_REPRESENTATION_CONTEXT() REPRESENTATION_CONTEXT('2D SPACE',''
  ) );
#4665 = ORIENTED_EDGE('',*,*,#4666,.T.);
#4666 = EDGE_CURVE('',#4638,#4447,#4667,.T.);
#4667 = SURFACE_CURVE('',#4668,(#4672,#4679),.PCURVE_S1.);
#4668 = LINE('',#4669,#4670);
#4669 = CARTESIAN_POINT('',(-1.3,-0.65,5.241926223421));
#4670 = VECTOR('',#4671,1.);
#4671 = DIRECTION('',(0.,-2.22044604925E-16,-1.));
#4672 = PCURVE('',#4458,#4673);
#4673 = DEFINITIONAL_REPRESENTATION('',(#4674),#4678);
#4674 = LINE('',#4675,#4676);
#4675 = CARTESIAN_POINT('',(3.14159265359,0.2));
#4676 = VECTOR('',#4677,1.);
#4677 = DIRECTION('',(0.,-1.));
#4678 = ( GEOMETRIC_REPRESENTATION_CONTEXT(2) 
PARAMETRIC_REPRESENTATION_CONTEXT() REPRESENTATION_CONTEXT('2D SPACE',''
  ) );
#4679 = PCURVE('',#4680,#4685);
#4680 = CYLINDRICAL_SURFACE('',#4681,9.999999999997E-02);
#4681 = AXIS2_PLACEMENT_3D('',#4682,#4683,#4684);
#4682 = CARTESIAN_POINT('',(-1.4,-0.65,5.041926223421));
#4683 = DIRECTION('',(0.,2.22044604925E-16,1.));
#4684 = DIRECTION('',(-1.,0.,0.));
#4685 = DEFINITIONAL_REPRESENTATION('',(#4686),#4690);
#4686 = LINE('',#4687,#4688);
#4687 = CARTESIAN_POINT('',(3.14159265359,0.2));
#4688 = VECTOR('',#4689,1.);
#4689 = DIRECTION('',(0.,-1.));
#4690 = ( GEOMETRIC_REPRESENTATION_CONTEXT(2) 
PARAMETRIC_REPRESENTATION_CONTEXT() REPRESENTATION_CONTEXT('2D SPACE',''
  ) );
#4691 = ADVANCED_FACE('',(#4692),#4711,.F.);
#4692 = FACE_BOUND('',#4693,.F.);
#4693 = EDGE_LOOP('',(#4694,#4778,#4801,#4830));
#4694 = ORIENTED_EDGE('',*,*,#4695,.T.);
#4695 = EDGE_CURVE('',#4696,#4698,#4700,.T.);
#4696 = VERTEX_POINT('',#4697);
#4697 = CARTESIAN_POINT('',(-1.483611555818,-1.870710678136,
    5.012636901522));
#4698 = VERTEX_POINT('',#4699);
#4699 = CARTESIAN_POINT('',(-1.49364916731,-1.8,5.041926223421));
#4700 = SURFACE_CURVE('',#4701,(#4710,#4744),.PCURVE_S1.);
#4701 = B_SPLINE_CURVE_WITH_KNOTS('',3,(#4702,#4703,#4704,#4705,#4706,
    #4707,#4708,#4709),.UNSPECIFIED.,.F.,.F.,(4,2,2,4),(0.53637081011,
    0.54110799533,0.576888970664,0.612669945998),.UNSPECIFIED.);
#4702 = CARTESIAN_POINT('',(-1.483611555818,-1.870710678136,
    5.012636901522));
#4703 = CARTESIAN_POINT('',(-1.484093863181,-1.869593791233,
    5.013753788426));
#4704 = CARTESIAN_POINT('',(-1.484545877079,-1.868465776959,
    5.014828577204));
#4705 = CARTESIAN_POINT('',(-1.488150774111,-1.858843366623,
    5.023593702323));
#4706 = CARTESIAN_POINT('',(-1.490388518871,-1.8481251234,5.03048462466)
  );
#4707 = CARTESIAN_POINT('',(-1.493106855134,-1.824663758412,
    5.039651956463));
#4708 = CARTESIAN_POINT('',(-1.49364916731,-1.811926991778,
    5.041926223421));
#4709 = CARTESIAN_POINT('',(-1.49364916731,-1.8,5.041926223421));
#4710 = PCURVE('',#4711,#4716);
#4711 = CYLINDRICAL_SURFACE('',#4712,0.1);
#4712 = AXIS2_PLACEMENT_3D('',#4713,#4714,#4715);
#4713 = CARTESIAN_POINT('',(-0.431578947368,-1.8,4.941926223421));
#4714 = DIRECTION('',(1.,0.,0.));
#4715 = DIRECTION('',(0.,-0.707106781187,0.707106781187));
#4716 = DEFINITIONAL_REPRESENTATION('',(#4717),#4743);
#4717 = B_SPLINE_CURVE_WITH_KNOTS('',3,(#4718,#4719,#4720,#4721,#4722,
    #4723,#4724,#4725,#4726,#4727,#4728,#4729,#4730,#4731,#4732,#4733,
    #4734,#4735,#4736,#4737,#4738,#4739,#4740,#4741,#4742),
  .UNSPECIFIED.,.F.,.F.,(4,1,1,1,1,1,1,1,1,1,1,1,1,1,1,1,1,1,1,1,1,1,4),
  (0.53637081011,0.539838952651,0.543307095191,0.546775237731,
    0.550243380272,0.553711522812,0.557179665352,0.560647807893,
    0.564115950433,0.567584092974,0.571052235514,0.574520378054,
    0.577988520595,0.581456663135,0.584924805675,0.588392948216,
    0.591861090756,0.595329233296,0.598797375837,0.602265518377,
    0.605733660918,0.609201803458,0.612669945998),
  .QUASI_UNIFORM_KNOTS.);
#4718 = CARTESIAN_POINT('',(6.28318530718,-1.05203260845));
#4719 = CARTESIAN_POINT('',(6.271521315323,-1.052387917034));
#4720 = CARTESIAN_POINT('',(6.248774871173,-1.05305832579));
#4721 = CARTESIAN_POINT('',(6.215408917425,-1.05397261474));
#4722 = CARTESIAN_POINT('',(6.181292763236,-1.054839156367));
#4723 = CARTESIAN_POINT('',(6.146718019141,-1.055651562221));
#4724 = CARTESIAN_POINT('',(6.11168190651,-1.056412009067));
#4725 = CARTESIAN_POINT('',(6.076260735766,-1.057120378264));
#4726 = CARTESIAN_POINT('',(6.040508767094,-1.057777167575));
#4727 = CARTESIAN_POINT('',(6.004484158727,-1.058382704555));
#4728 = CARTESIAN_POINT('',(5.968240847436,-1.058937381182));
#4729 = CARTESIAN_POINT('',(5.931829426637,-1.059441501954));
#4730 = CARTESIAN_POINT('',(5.895296062209,-1.059895656866));
#4731 = CARTESIAN_POINT('',(5.858680354835,-1.060299381405));
#4732 = CARTESIAN_POINT('',(5.822020798433,-1.060657228838));
#4733 = CARTESIAN_POINT('',(5.785356117018,-1.060971088796));
#4734 = CARTESIAN_POINT('',(5.748729933963,-1.061242356903));
#4735 = CARTESIAN_POINT('',(5.712189943994,-1.061472561153));
#4736 = CARTESIAN_POINT('',(5.675787000031,-1.061663194069));
#4737 = CARTESIAN_POINT('',(5.639574174753,-1.061815757682));
#4738 = CARTESIAN_POINT('',(5.603605832707,-1.061931751473));
#4739 = CARTESIAN_POINT('',(5.567936631114,-1.062012675607));
#4740 = CARTESIAN_POINT('',(5.532620874622,-1.062060030066));
#4741 = CARTESIAN_POINT('',(5.509347452931,-1.062070219942));
#4742 = CARTESIAN_POINT('',(5.497787143782,-1.062070219942));
#4743 = ( GEOMETRIC_REPRESENTATION_CONTEXT(2) 
PARAMETRIC_REPRESENTATION_CONTEXT() REPRESENTATION_CONTEXT('2D SPACE',''
  ) );
#4744 = PCURVE('',#4745,#4750);
#4745 = CYLINDRICAL_SURFACE('',#4746,0.2);
#4746 = AXIS2_PLACEMENT_3D('',#4747,#4748,#4749);
#4747 = CARTESIAN_POINT('',(-1.3,-2.1,5.091926223421));
#4748 = DIRECTION('',(0.,1.,-2.22044604925E-16));
#4749 = DIRECTION('',(-0.707106781187,-1.570092458684E-16,
    -0.707106781187));
#4750 = DEFINITIONAL_REPRESENTATION('',(#4751),#4777);
#4751 = B_SPLINE_CURVE_WITH_KNOTS('',3,(#4752,#4753,#4754,#4755,#4756,
    #4757,#4758,#4759,#4760,#4761,#4762,#4763,#4764,#4765,#4766,#4767,
    #4768,#4769,#4770,#4771,#4772,#4773,#4774,#4775,#4776),
  .UNSPECIFIED.,.F.,.F.,(4,1,1,1,1,1,1,1,1,1,1,1,1,1,1,1,1,1,1,1,1,1,4),
  (0.53637081011,0.539838952651,0.543307095191,0.546775237731,
    0.550243380272,0.553711522812,0.557179665352,0.560647807893,
    0.564115950433,0.567584092974,0.571052235514,0.574520378054,
    0.577988520595,0.581456663135,0.584924805675,0.588392948216,
    0.591861090756,0.595329233296,0.598797375837,0.602265518377,
    0.605733660918,0.609201803458,0.612669945998),
  .QUASI_UNIFORM_KNOTS.);
#4752 = CARTESIAN_POINT('',(0.377755119252,0.229289321864));
#4753 = CARTESIAN_POINT('',(0.382240531987,0.230115045992));
#4754 = CARTESIAN_POINT('',(0.390828098856,0.231750658188));
#4755 = CARTESIAN_POINT('',(0.402903428284,0.234228450761));
#4756 = CARTESIAN_POINT('',(0.414702382332,0.236840738276));
#4757 = CARTESIAN_POINT('',(0.426103989504,0.239563807682));
#4758 = CARTESIAN_POINT('',(0.437096289624,0.24239564145));
#4759 = CARTESIAN_POINT('',(0.447637602431,0.24532840889));
#4760 = CARTESIAN_POINT('',(0.457693772865,0.248355836444));
#4761 = CARTESIAN_POINT('',(0.467228218847,0.251471235177));
#4762 = CARTESIAN_POINT('',(0.476204751816,0.254668020539));
#4763 = CARTESIAN_POINT('',(0.484586460947,0.257939605813));
#4764 = CARTESIAN_POINT('',(0.492337526904,0.261279308563));
#4765 = CARTESIAN_POINT('',(0.499417212804,0.264680831399));
#4766 = CARTESIAN_POINT('',(0.505804784064,0.268136218671));
#4767 = CARTESIAN_POINT('',(0.511507985566,0.271635171389));
#4768 = CARTESIAN_POINT('',(0.516528746268,0.275167869481));
#4769 = CARTESIAN_POINT('',(0.520870518888,0.278724364549));
#4770 = CARTESIAN_POINT('',(0.524536281214,0.282294742581));
#4771 = CARTESIAN_POINT('',(0.527529052567,0.285869080351));
#4772 = CARTESIAN_POINT('',(0.529851748876,0.289437457101));
#4773 = CARTESIAN_POINT('',(0.53150722709,0.292989951413));
#4774 = CARTESIAN_POINT('',(0.532498290758,0.296516642045));
#4775 = CARTESIAN_POINT('',(0.532717908277,0.298843952487));
#4776 = CARTESIAN_POINT('',(0.532717908255,0.3));
#4777 = ( GEOMETRIC_REPRESENTATION_CONTEXT(2) 
PARAMETRIC_REPRESENTATION_CONTEXT() REPRESENTATION_CONTEXT('2D SPACE',''
  ) );
#4778 = ORIENTED_EDGE('',*,*,#4779,.F.);
#4779 = EDGE_CURVE('',#4780,#4698,#4782,.T.);
#4780 = VERTEX_POINT('',#4781);
#4781 = CARTESIAN_POINT('',(-2.3,-1.8,5.041926223421));
#4782 = SURFACE_CURVE('',#4783,(#4787,#4794),.PCURVE_S1.);
#4783 = LINE('',#4784,#4785);
#4784 = CARTESIAN_POINT('',(-2.3,-1.8,5.041926223421));
#4785 = VECTOR('',#4786,1.);
#4786 = DIRECTION('',(1.,0.,0.));
#4787 = PCURVE('',#4711,#4788);
#4788 = DEFINITIONAL_REPRESENTATION('',(#4789),#4793);
#4789 = LINE('',#4790,#4791);
#4790 = CARTESIAN_POINT('',(5.497787143782,-1.868421052631));
#4791 = VECTOR('',#4792,1.);
#4792 = DIRECTION('',(0.,1.));
#4793 = ( GEOMETRIC_REPRESENTATION_CONTEXT(2) 
PARAMETRIC_REPRESENTATION_CONTEXT() REPRESENTATION_CONTEXT('2D SPACE',''
  ) );
#4794 = PCURVE('',#4470,#4795);
#4795 = DEFINITIONAL_REPRESENTATION('',(#4796),#4800);
#4796 = LINE('',#4797,#4798);
#4797 = CARTESIAN_POINT('',(1.1,-2.3));
#4798 = VECTOR('',#4799,1.);
#4799 = DIRECTION('',(0.,1.));
#4800 = ( GEOMETRIC_REPRESENTATION_CONTEXT(2) 
PARAMETRIC_REPRESENTATION_CONTEXT() REPRESENTATION_CONTEXT('2D SPACE',''
  ) );
#4801 = ORIENTED_EDGE('',*,*,#4802,.F.);
#4802 = EDGE_CURVE('',#4803,#4780,#4805,.T.);
#4803 = VERTEX_POINT('',#4804);
#4804 = CARTESIAN_POINT('',(-2.3,-1.870710678119,5.01263690154));
#4805 = SURFACE_CURVE('',#4806,(#4811,#4818),.PCURVE_S1.);
#4806 = CIRCLE('',#4807,0.1);
#4807 = AXIS2_PLACEMENT_3D('',#4808,#4809,#4810);
#4808 = CARTESIAN_POINT('',(-2.3,-1.8,4.941926223421));
#4809 = DIRECTION('',(-1.,0.,0.));
#4810 = DIRECTION('',(0.,-0.707106781187,0.707106781187));
#4811 = PCURVE('',#4711,#4812);
#4812 = DEFINITIONAL_REPRESENTATION('',(#4813),#4817);
#4813 = LINE('',#4814,#4815);
#4814 = CARTESIAN_POINT('',(6.28318530718,-1.868421052632));
#4815 = VECTOR('',#4816,1.);
#4816 = DIRECTION('',(-1.,0.));
#4817 = ( GEOMETRIC_REPRESENTATION_CONTEXT(2) 
PARAMETRIC_REPRESENTATION_CONTEXT() REPRESENTATION_CONTEXT('2D SPACE',''
  ) );
#4818 = PCURVE('',#4819,#4824);
#4819 = PLANE('',#4820);
#4820 = AXIS2_PLACEMENT_3D('',#4821,#4822,#4823);
#4821 = CARTESIAN_POINT('',(-2.3,-1.9,3.941926223421));
#4822 = DIRECTION('',(-1.,0.,0.));
#4823 = DIRECTION('',(0.,-1.,2.22044604925E-16));
#4824 = DEFINITIONAL_REPRESENTATION('',(#4825),#4829);
#4825 = CIRCLE('',#4826,0.1);
#4826 = AXIS2_PLACEMENT_2D('',#4827,#4828);
#4827 = CARTESIAN_POINT('',(-0.1,1.));
#4828 = DIRECTION('',(0.707106781187,0.707106781187));
#4829 = ( GEOMETRIC_REPRESENTATION_CONTEXT(2) 
PARAMETRIC_REPRESENTATION_CONTEXT() REPRESENTATION_CONTEXT('2D SPACE',''
  ) );
#4830 = ORIENTED_EDGE('',*,*,#4831,.T.);
#4831 = EDGE_CURVE('',#4803,#4696,#4832,.T.);
#4832 = SURFACE_CURVE('',#4833,(#4837,#4844),.PCURVE_S1.);
#4833 = LINE('',#4834,#4835);
#4834 = CARTESIAN_POINT('',(-2.3,-1.870710678119,5.01263690154));
#4835 = VECTOR('',#4836,1.);
#4836 = DIRECTION('',(1.,-2.15308E-11,-2.153134E-11));
#4837 = PCURVE('',#4711,#4838);
#4838 = DEFINITIONAL_REPRESENTATION('',(#4839),#4843);
#4839 = LINE('',#4840,#4841);
#4840 = CARTESIAN_POINT('',(6.28318530718,-1.868421052632));
#4841 = VECTOR('',#4842,1.);
#4842 = DIRECTION('',(0.,1.));
#4843 = ( GEOMETRIC_REPRESENTATION_CONTEXT(2) 
PARAMETRIC_REPRESENTATION_CONTEXT() REPRESENTATION_CONTEXT('2D SPACE',''
  ) );
#4844 = PCURVE('',#4845,#4850);
#4845 = CYLINDRICAL_SURFACE('',#4846,0.1);
#4846 = AXIS2_PLACEMENT_3D('',#4847,#4848,#4849);
#4847 = CARTESIAN_POINT('',(-0.431578947368,-1.8,4.941926223421));
#4848 = DIRECTION('',(1.,0.,0.));
#4849 = DIRECTION('',(0.,-0.707106781187,0.707106781187));
#4850 = DEFINITIONAL_REPRESENTATION('',(#4851),#4855);
#4851 = LINE('',#4852,#4853);
#4852 = CARTESIAN_POINT('',(0.,-1.868421052632));
#4853 = VECTOR('',#4854,1.);
#4854 = DIRECTION('',(0.,1.));
#4855 = ( GEOMETRIC_REPRESENTATION_CONTEXT(2) 
PARAMETRIC_REPRESENTATION_CONTEXT() REPRESENTATION_CONTEXT('2D SPACE',''
  ) );
#4856 = ADVANCED_FACE('',(#4857),#4872,.F.);
#4857 = FACE_BOUND('',#4858,.F.);
#4858 = EDGE_LOOP('',(#4859,#4890,#4913,#4988,#5063));
#4859 = ORIENTED_EDGE('',*,*,#4860,.F.);
#4860 = EDGE_CURVE('',#4861,#4863,#4865,.T.);
#4861 = VERTEX_POINT('',#4862);
#4862 = CARTESIAN_POINT('',(2.3,-1.8,5.041926223421));
#4863 = VERTEX_POINT('',#4864);
#4864 = CARTESIAN_POINT('',(2.3,-1.870710678119,5.01263690154));
#4865 = SURFACE_CURVE('',#4866,(#4871,#4883),.PCURVE_S1.);
#4866 = CIRCLE('',#4867,0.1);
#4867 = AXIS2_PLACEMENT_3D('',#4868,#4869,#4870);
#4868 = CARTESIAN_POINT('',(2.3,-1.8,4.941926223421));
#4869 = DIRECTION('',(1.,0.,0.));
#4870 = DIRECTION('',(0.,-0.707106781187,0.707106781187));
#4871 = PCURVE('',#4872,#4877);
#4872 = CYLINDRICAL_SURFACE('',#4873,0.1);
#4873 = AXIS2_PLACEMENT_3D('',#4874,#4875,#4876);
#4874 = CARTESIAN_POINT('',(-0.431578947368,-1.8,4.941926223421));
#4875 = DIRECTION('',(1.,0.,0.));
#4876 = DIRECTION('',(0.,-0.707106781187,0.707106781187));
#4877 = DEFINITIONAL_REPRESENTATION('',(#4878),#4882);
#4878 = LINE('',#4879,#4880);
#4879 = CARTESIAN_POINT('',(0.,2.731578947368));
#4880 = VECTOR('',#4881,1.);
#4881 = DIRECTION('',(1.,0.));
#4882 = ( GEOMETRIC_REPRESENTATION_CONTEXT(2) 
PARAMETRIC_REPRESENTATION_CONTEXT() REPRESENTATION_CONTEXT('2D SPACE',''
  ) );
#4883 = PCURVE('',#3917,#4884);
#4884 = DEFINITIONAL_REPRESENTATION('',(#4885),#4889);
#4885 = CIRCLE('',#4886,0.1);
#4886 = AXIS2_PLACEMENT_2D('',#4887,#4888);
#4887 = CARTESIAN_POINT('',(0.1,-0.3));
#4888 = DIRECTION('',(-0.707106781187,0.707106781187));
#4889 = ( GEOMETRIC_REPRESENTATION_CONTEXT(2) 
PARAMETRIC_REPRESENTATION_CONTEXT() REPRESENTATION_CONTEXT('2D SPACE',''
  ) );
#4890 = ORIENTED_EDGE('',*,*,#4891,.T.);
#4891 = EDGE_CURVE('',#4861,#4892,#4894,.T.);
#4892 = VERTEX_POINT('',#4893);
#4893 = CARTESIAN_POINT('',(1.432287565553,-1.8,5.041926223421));
#4894 = SURFACE_CURVE('',#4895,(#4899,#4906),.PCURVE_S1.);
#4895 = LINE('',#4896,#4897);
#4896 = CARTESIAN_POINT('',(2.3,-1.8,5.041926223421));
#4897 = VECTOR('',#4898,1.);
#4898 = DIRECTION('',(-1.,0.,0.));
#4899 = PCURVE('',#4872,#4900);
#4900 = DEFINITIONAL_REPRESENTATION('',(#4901),#4905);
#4901 = LINE('',#4902,#4903);
#4902 = CARTESIAN_POINT('',(5.497787143782,2.731578947369));
#4903 = VECTOR('',#4904,1.);
#4904 = DIRECTION('',(0.,-1.));
#4905 = ( GEOMETRIC_REPRESENTATION_CONTEXT(2) 
PARAMETRIC_REPRESENTATION_CONTEXT() REPRESENTATION_CONTEXT('2D SPACE',''
  ) );
#4906 = PCURVE('',#4470,#4907);
#4907 = DEFINITIONAL_REPRESENTATION('',(#4908),#4912);
#4908 = LINE('',#4909,#4910);
#4909 = CARTESIAN_POINT('',(1.1,2.3));
#4910 = VECTOR('',#4911,1.);
#4911 = DIRECTION('',(0.,-1.));
#4912 = ( GEOMETRIC_REPRESENTATION_CONTEXT(2) 
PARAMETRIC_REPRESENTATION_CONTEXT() REPRESENTATION_CONTEXT('2D SPACE',''
  ) );
#4913 = ORIENTED_EDGE('',*,*,#4914,.T.);
#4914 = EDGE_CURVE('',#4892,#4915,#4917,.T.);
#4915 = VERTEX_POINT('',#4916);
#4916 = CARTESIAN_POINT('',(1.441421356239,-1.808578643765,
    5.041557578281));
#4917 = SURFACE_CURVE('',#4918,(#4925,#4954),.PCURVE_S1.);
#4918 = B_SPLINE_CURVE_WITH_KNOTS('',3,(#4919,#4920,#4921,#4922,#4923,
    #4924),.UNSPECIFIED.,.F.,.F.,(4,2,4),(1.059026112148,1.065310875908,
    1.071436727016),.UNSPECIFIED.);
#4919 = CARTESIAN_POINT('',(1.432287565553,-1.8,5.041926223421));
#4920 = CARTESIAN_POINT('',(1.43387021324,-1.801395764064,5.041926223421
    ));
#4921 = CARTESIAN_POINT('',(1.43542502144,-1.80281152032,5.041896994854)
  );
#4922 = CARTESIAN_POINT('',(1.438438585897,-1.805643067472,
    5.041776675242));
#4923 = CARTESIAN_POINT('',(1.439932274435,-1.807089561961,
    5.041685793965));
#4924 = CARTESIAN_POINT('',(1.441421356239,-1.808578643765,
    5.041557578281));
#4925 = PCURVE('',#4872,#4926);
#4926 = DEFINITIONAL_REPRESENTATION('',(#4927),#4953);
#4927 = B_SPLINE_CURVE_WITH_KNOTS('',3,(#4928,#4929,#4930,#4931,#4932,
    #4933,#4934,#4935,#4936,#4937,#4938,#4939,#4940,#4941,#4942,#4943,
    #4944,#4945,#4946,#4947,#4948,#4949,#4950,#4951,#4952),
  .UNSPECIFIED.,.F.,.F.,(4,1,1,1,1,1,1,1,1,1,1,1,1,1,1,1,1,1,1,1,1,1,4),
  (1.059026112148,1.059590231006,1.060154349863,1.060718468721,
    1.061282587579,1.061846706436,1.062410825294,1.062974944152,
    1.063539063009,1.064103181867,1.064667300725,1.065231419582,
    1.06579553844,1.066359657297,1.066923776155,1.067487895013,
    1.06805201387,1.068616132728,1.069180251586,1.069744370443,
    1.070308489301,1.070872608159,1.071436727016),
  .QUASI_UNIFORM_KNOTS.);
#4928 = CARTESIAN_POINT('',(5.497787143782,1.863866512922));
#4929 = CARTESIAN_POINT('',(5.499039978258,1.864008570991));
#4930 = CARTESIAN_POINT('',(5.501548868423,1.864292238534));
#4931 = CARTESIAN_POINT('',(5.505321841605,1.864716390191));
#4932 = CARTESIAN_POINT('',(5.509104426652,1.865139188311));
#4933 = CARTESIAN_POINT('',(5.512896598792,1.865560629036));
#4934 = CARTESIAN_POINT('',(5.51669833327,1.865980708435));
#4935 = CARTESIAN_POINT('',(5.520509608844,1.866399422854));
#4936 = CARTESIAN_POINT('',(5.524330395135,1.866816767588));
#4937 = CARTESIAN_POINT('',(5.528160699759,1.867232741874));
#4938 = CARTESIAN_POINT('',(5.532000392494,1.867647330226));
#4939 = CARTESIAN_POINT('',(5.53584986151,1.868060572107));
#4940 = CARTESIAN_POINT('',(5.539707564331,1.868472301904));
#4941 = CARTESIAN_POINT('',(5.543579167786,1.868883119368));
#4942 = CARTESIAN_POINT('',(5.547478955904,1.869294512477));
#4943 = CARTESIAN_POINT('',(5.551403077815,1.86970604554));
#4944 = CARTESIAN_POINT('',(5.555352287777,1.870117771097));
#4945 = CARTESIAN_POINT('',(5.559326108935,1.870529610866));
#4946 = CARTESIAN_POINT('',(5.563324397185,1.870941521619));
#4947 = CARTESIAN_POINT('',(5.567346922187,1.871353450734));
#4948 = CARTESIAN_POINT('',(5.571393479661,1.871765348108));
#4949 = CARTESIAN_POINT('',(5.575463861424,1.872177162963));
#4950 = CARTESIAN_POINT('',(5.579557863176,1.8725888447));
#4951 = CARTESIAN_POINT('',(5.582302810097,1.872863176683));
#4952 = CARTESIAN_POINT('',(5.583679152961,1.873000303608));
#4953 = ( GEOMETRIC_REPRESENTATION_CONTEXT(2) 
PARAMETRIC_REPRESENTATION_CONTEXT() REPRESENTATION_CONTEXT('2D SPACE',''
  ) );
#4954 = PCURVE('',#4955,#4960);
#4955 = CYLINDRICAL_SURFACE('',#4956,0.2);
#4956 = AXIS2_PLACEMENT_3D('',#4957,#4958,#4959);
#4957 = CARTESIAN_POINT('',(1.3,-1.95,4.891926223421));
#4958 = DIRECTION('',(-1.224606E-16,2.22044604925E-16,1.));
#4959 = DIRECTION('',(0.707106781187,0.707106781187,-7.04165251802E-17)
  );
#4960 = DEFINITIONAL_REPRESENTATION('',(#4961),#4987);
#4961 = B_SPLINE_CURVE_WITH_KNOTS('',3,(#4962,#4963,#4964,#4965,#4966,
    #4967,#4968,#4969,#4970,#4971,#4972,#4973,#4974,#4975,#4976,#4977,
    #4978,#4979,#4980,#4981,#4982,#4983,#4984,#4985,#4986),
  .UNSPECIFIED.,.F.,.F.,(4,1,1,1,1,1,1,1,1,1,1,1,1,1,1,1,1,1,1,1,1,1,4),
  (1.059026112148,1.059590231006,1.060154349863,1.060718468721,
    1.061282587579,1.061846706436,1.062410825294,1.062974944152,
    1.063539063009,1.064103181867,1.064667300725,1.065231419582,
    1.06579553844,1.066359657297,1.066923776155,1.067487895013,
    1.06805201387,1.068616132728,1.069180251586,1.069744370443,
    1.070308489301,1.070872608159,1.071436727016),
  .QUASI_UNIFORM_KNOTS.);
#4962 = CARTESIAN_POINT('',(6.266391558403E-02,0.15));
#4963 = CARTESIAN_POINT('',(6.171686179808E-02,0.15));
#4964 = CARTESIAN_POINT('',(5.982337102598E-02,0.149999529022));
#4965 = CARTESIAN_POINT('',(5.698500349046E-02,0.149997398889));
#4966 = CARTESIAN_POINT('',(5.414852280075E-02,0.149993834361));
#4967 = CARTESIAN_POINT('',(5.131394718014E-02,0.149988824706));
#4968 = CARTESIAN_POINT('',(4.848129546242E-02,0.149982359197));
#4969 = CARTESIAN_POINT('',(4.565058463672E-02,0.149974427093));
#4970 = CARTESIAN_POINT('',(4.282183904455E-02,0.149965017697));
#4971 = CARTESIAN_POINT('',(3.99950560333E-02,0.149954120158));
#4972 = CARTESIAN_POINT('',(3.717033413208E-02,0.149941724197));
#4973 = CARTESIAN_POINT('',(3.43473946815E-02,0.149927817398));
#4974 = CARTESIAN_POINT('',(3.152736712531E-02,0.149912395318));
#4975 = CARTESIAN_POINT('',(2.870612620093E-02,0.149895423761));
#4976 = CARTESIAN_POINT('',(2.587336521263E-02,0.149876814303));
#4977 = CARTESIAN_POINT('',(2.303199095882E-02,0.149856554825));
#4978 = CARTESIAN_POINT('',(2.018155632361E-02,0.149834613862));
#4979 = CARTESIAN_POINT('',(1.732251243225E-02,0.149810965133));
#4980 = CARTESIAN_POINT('',(1.445506926269E-02,0.14978558097));
#4981 = CARTESIAN_POINT('',(1.15795009152E-02,0.149758434074));
#4982 = CARTESIAN_POINT('',(8.696063791242E-03,0.149729497049));
#4983 = CARTESIAN_POINT('',(5.805018475101E-03,0.149698742523));
#4984 = CARTESIAN_POINT('',(2.906623893479E-03,0.14966614312));
#4985 = CARTESIAN_POINT('',(9.696337368569E-04,0.149643162016));
#4986 = CARTESIAN_POINT('',(0.,0.149631354859));
#4987 = ( GEOMETRIC_REPRESENTATION_CONTEXT(2) 
PARAMETRIC_REPRESENTATION_CONTEXT() REPRESENTATION_CONTEXT('2D SPACE',''
  ) );
#4988 = ORIENTED_EDGE('',*,*,#4989,.T.);
#4989 = EDGE_CURVE('',#4915,#4990,#4992,.T.);
#4990 = VERTEX_POINT('',#4991);
#4991 = CARTESIAN_POINT('',(1.483611555818,-1.870710678101,
    5.012636901558));
#4992 = SURFACE_CURVE('',#4993,(#5000,#5029),.PCURVE_S1.);
#4993 = B_SPLINE_CURVE_WITH_KNOTS('',3,(#4994,#4995,#4996,#4997,#4998,
    #4999),.UNSPECIFIED.,.F.,.F.,(4,2,4),(1.071436727016,1.121769559932,
    1.149040756109),.UNSPECIFIED.);
#4994 = CARTESIAN_POINT('',(1.441421356239,-1.808578643765,
    5.041557578281));
#4995 = CARTESIAN_POINT('',(1.453656342743,-1.820813630269,
    5.040504098773));
#4996 = CARTESIAN_POINT('',(1.465199099014,-1.836261836606,
    5.036313567591));
#4997 = CARTESIAN_POINT('',(1.476900333506,-1.856336002731,
    5.024944183638));
#4998 = CARTESIAN_POINT('',(1.480834991657,-1.864280943891,
    5.019066635765));
#4999 = CARTESIAN_POINT('',(1.483611555818,-1.870710678101,
    5.012636901558));
#5000 = PCURVE('',#4872,#5001);
#5001 = DEFINITIONAL_REPRESENTATION('',(#5002),#5028);
#5002 = B_SPLINE_CURVE_WITH_KNOTS('',3,(#5003,#5004,#5005,#5006,#5007,
    #5008,#5009,#5010,#5011,#5012,#5013,#5014,#5015,#5016,#5017,#5018,
    #5019,#5020,#5021,#5022,#5023,#5024,#5025,#5026,#5027),
  .UNSPECIFIED.,.F.,.F.,(4,1,1,1,1,1,1,1,1,1,1,1,1,1,1,1,1,1,1,1,1,1,4),
  (1.071436727016,1.074964182884,1.078491638752,1.08201909462,
    1.085546550488,1.089074006356,1.092601462223,1.096128918091,
    1.099656373959,1.103183829827,1.106711285695,1.110238741562,
    1.11376619743,1.117293653298,1.120821109166,1.124348565034,
    1.127876020902,1.131403476769,1.134930932637,1.138458388505,
    1.141985844373,1.145513300241,1.149040756109),
  .QUASI_UNIFORM_KNOTS.);
#5003 = CARTESIAN_POINT('',(5.583679152961,1.873000303608));
#5004 = CARTESIAN_POINT('',(5.592285317411,1.87385776329));
#5005 = CARTESIAN_POINT('',(5.609839162949,1.87556588278));
#5006 = CARTESIAN_POINT('',(5.63710604061,1.878100926889));
#5007 = CARTESIAN_POINT('',(5.665221299941,1.880602100379));
#5008 = CARTESIAN_POINT('',(5.694094718186,1.883062667745));
#5009 = CARTESIAN_POINT('',(5.723634866088,1.88547589352));
#5010 = CARTESIAN_POINT('',(5.753749434971,1.887835042102));
#5011 = CARTESIAN_POINT('',(5.784346050838,1.890133378386));
#5012 = CARTESIAN_POINT('',(5.815333076858,1.892364165408));
#5013 = CARTESIAN_POINT('',(5.846620753765,1.894520673157));
#5014 = CARTESIAN_POINT('',(5.878121555879,1.896596145656));
#5015 = CARTESIAN_POINT('',(5.909753664648,1.898583923844));
#5016 = CARTESIAN_POINT('',(5.941432835018,1.900476986969));
#5017 = CARTESIAN_POINT('',(5.973107425152,1.902269664118));
#5018 = CARTESIAN_POINT('',(6.004632032542,1.903951246712));
#5019 = CARTESIAN_POINT('',(6.036243032982,1.905529827003));
#5020 = CARTESIAN_POINT('',(6.069685195372,1.907099275376));
#5021 = CARTESIAN_POINT('',(6.104204188124,1.908624059849));
#5022 = CARTESIAN_POINT('',(6.139598454699,1.910097554227));
#5023 = CARTESIAN_POINT('',(6.175515180588,1.911505387019));
#5024 = CARTESIAN_POINT('',(6.211644533608,1.91283526213));
#5025 = CARTESIAN_POINT('',(6.247671648447,1.914074327174));
#5026 = CARTESIAN_POINT('',(6.27142495196,1.914831362081));
#5027 = CARTESIAN_POINT('',(6.28318530718,1.915190503187));
#5028 = ( GEOMETRIC_REPRESENTATION_CONTEXT(2) 
PARAMETRIC_REPRESENTATION_CONTEXT() REPRESENTATION_CONTEXT('2D SPACE',''
  ) );
#5029 = PCURVE('',#5030,#5035);
#5030 = CYLINDRICAL_SURFACE('',#5031,0.2);
#5031 = AXIS2_PLACEMENT_3D('',#5032,#5033,#5034);
#5032 = CARTESIAN_POINT('',(1.3,-1.95,4.891926223421));
#5033 = DIRECTION('',(-1.224606E-16,2.22044604925E-16,1.));
#5034 = DIRECTION('',(0.707106781187,0.707106781187,-7.04165251802E-17)
  );
#5035 = DEFINITIONAL_REPRESENTATION('',(#5036),#5062);
#5036 = B_SPLINE_CURVE_WITH_KNOTS('',3,(#5037,#5038,#5039,#5040,#5041,
    #5042,#5043,#5044,#5045,#5046,#5047,#5048,#5049,#5050,#5051,#5052,
    #5053,#5054,#5055,#5056,#5057,#5058,#5059,#5060,#5061),
  .UNSPECIFIED.,.F.,.F.,(4,1,1,1,1,1,1,1,1,1,1,1,1,1,1,1,1,1,1,1,1,1,4),
  (1.071436727016,1.074964182884,1.078491638752,1.08201909462,
    1.085546550488,1.089074006356,1.092601462223,1.096128918091,
    1.099656373959,1.103183829827,1.106711285695,1.110238741562,
    1.11376619743,1.117293653298,1.120821109166,1.124348565034,
    1.127876020902,1.131403476769,1.134930932637,1.138458388505,
    1.141985844373,1.145513300241,1.149040756109),
  .QUASI_UNIFORM_KNOTS.);
#5037 = CARTESIAN_POINT('',(6.28318530718,0.149631354859));
#5038 = CARTESIAN_POINT('',(6.277122279724,0.149557524275));
#5039 = CARTESIAN_POINT('',(6.264908181068,0.149379047402));
#5040 = CARTESIAN_POINT('',(6.246380255131,0.149018789083));
#5041 = CARTESIAN_POINT('',(6.227702334041,0.148565891857));
#5042 = CARTESIAN_POINT('',(6.208933197263,0.148020259833));
#5043 = CARTESIAN_POINT('',(6.190132711255,0.147381797087));
#5044 = CARTESIAN_POINT('',(6.171361812564,0.146650407831));
#5045 = CARTESIAN_POINT('',(6.152682214858,0.145825995758));
#5046 = CARTESIAN_POINT('',(6.134156200193,0.144908466503));
#5047 = CARTESIAN_POINT('',(6.115846281171,0.143897718452));
#5048 = CARTESIAN_POINT('',(6.097815288905,0.142793677047));
#5049 = CARTESIAN_POINT('',(6.080124942935,0.141596166753));
#5050 = CARTESIAN_POINT('',(6.062840184991,0.140305388886));
#5051 = CARTESIAN_POINT('',(6.046012150959,0.138920138337));
#5052 = CARTESIAN_POINT('',(6.029741055043,0.137444458844));
#5053 = CARTESIAN_POINT('',(6.01394106277,0.135862805185));
#5054 = CARTESIAN_POINT('',(5.997743558653,0.134086979519));
#5055 = CARTESIAN_POINT('',(5.981531835574,0.1321568923));
#5056 = CARTESIAN_POINT('',(5.965410923827,0.130083746048));
#5057 = CARTESIAN_POINT('',(5.949561674079,0.127886435566));
#5058 = CARTESIAN_POINT('',(5.934145265104,0.125581794462));
#5059 = CARTESIAN_POINT('',(5.919328287661,0.123187208832));
#5060 = CARTESIAN_POINT('',(5.909959646402,0.12154234696));
#5061 = CARTESIAN_POINT('',(5.905430187928,0.120710678136));
#5062 = ( GEOMETRIC_REPRESENTATION_CONTEXT(2) 
PARAMETRIC_REPRESENTATION_CONTEXT() REPRESENTATION_CONTEXT('2D SPACE',''
  ) );
#5063 = ORIENTED_EDGE('',*,*,#5064,.T.);
#5064 = EDGE_CURVE('',#4990,#4863,#5065,.T.);
#5065 = SURFACE_CURVE('',#5066,(#5070,#5077),.PCURVE_S1.);
#5066 = LINE('',#5067,#5068);
#5067 = CARTESIAN_POINT('',(1.483611555818,-1.870710678101,
    5.012636901558));
#5068 = VECTOR('',#5069,1.);
#5069 = DIRECTION('',(1.,-2.1531E-11,-2.15308E-11));
#5070 = PCURVE('',#4872,#5071);
#5071 = DEFINITIONAL_REPRESENTATION('',(#5072),#5076);
#5072 = LINE('',#5073,#5074);
#5073 = CARTESIAN_POINT('',(6.28318530718,1.915190503187));
#5074 = VECTOR('',#5075,1.);
#5075 = DIRECTION('',(0.,1.));
#5076 = ( GEOMETRIC_REPRESENTATION_CONTEXT(2) 
PARAMETRIC_REPRESENTATION_CONTEXT() REPRESENTATION_CONTEXT('2D SPACE',''
  ) );
#5077 = PCURVE('',#5078,#5083);
#5078 = CYLINDRICAL_SURFACE('',#5079,0.1);
#5079 = AXIS2_PLACEMENT_3D('',#5080,#5081,#5082);
#5080 = CARTESIAN_POINT('',(-0.431578947368,-1.8,4.941926223421));
#5081 = DIRECTION('',(1.,0.,0.));
#5082 = DIRECTION('',(0.,-0.707106781187,0.707106781187));
#5083 = DEFINITIONAL_REPRESENTATION('',(#5084),#5088);
#5084 = LINE('',#5085,#5086);
#5085 = CARTESIAN_POINT('',(0.,1.915190503187));
#5086 = VECTOR('',#5087,1.);
#5087 = DIRECTION('',(0.,1.));
#5088 = ( GEOMETRIC_REPRESENTATION_CONTEXT(2) 
PARAMETRIC_REPRESENTATION_CONTEXT() REPRESENTATION_CONTEXT('2D SPACE',''
  ) );
#5089 = ADVANCED_FACE('',(#5090),#5104,.T.);
#5090 = FACE_BOUND('',#5091,.T.);
#5091 = EDGE_LOOP('',(#5092,#5127,#5155,#5178,#5251,#5325));
#5092 = ORIENTED_EDGE('',*,*,#5093,.F.);
#5093 = EDGE_CURVE('',#5094,#5096,#5098,.T.);
#5094 = VERTEX_POINT('',#5095);
#5095 = CARTESIAN_POINT('',(-2.3,-2.012132034356,5.154058257777));
#5096 = VERTEX_POINT('',#5097);
#5097 = CARTESIAN_POINT('',(-1.5,-2.012132034356,5.154058257777));
#5098 = SURFACE_CURVE('',#5099,(#5103,#5115),.PCURVE_S1.);
#5099 = LINE('',#5100,#5101);
#5100 = CARTESIAN_POINT('',(-2.3,-2.012132034356,5.154058257777));
#5101 = VECTOR('',#5102,1.);
#5102 = DIRECTION('',(1.,0.,0.));
#5103 = PCURVE('',#5104,#5109);
#5104 = CYLINDRICAL_SURFACE('',#5105,0.3);
#5105 = AXIS2_PLACEMENT_3D('',#5106,#5107,#5108);
#5106 = CARTESIAN_POINT('',(-0.2775,-1.8,4.941926223421));
#5107 = DIRECTION('',(1.,0.,0.));
#5108 = DIRECTION('',(0.,-0.707106781187,0.707106781187));
#5109 = DEFINITIONAL_REPRESENTATION('',(#5110),#5114);
#5110 = LINE('',#5111,#5112);
#5111 = CARTESIAN_POINT('',(0.,-2.0225));
#5112 = VECTOR('',#5113,1.);
#5113 = DIRECTION('',(0.,1.));
#5114 = ( GEOMETRIC_REPRESENTATION_CONTEXT(2) 
PARAMETRIC_REPRESENTATION_CONTEXT() REPRESENTATION_CONTEXT('2D SPACE',''
  ) );
#5115 = PCURVE('',#5116,#5121);
#5116 = CYLINDRICAL_SURFACE('',#5117,0.3);
#5117 = AXIS2_PLACEMENT_3D('',#5118,#5119,#5120);
#5118 = CARTESIAN_POINT('',(-0.2775,-1.8,4.941926223421));
#5119 = DIRECTION('',(1.,0.,0.));
#5120 = DIRECTION('',(0.,-0.707106781187,0.707106781187));
#5121 = DEFINITIONAL_REPRESENTATION('',(#5122),#5126);
#5122 = LINE('',#5123,#5124);
#5123 = CARTESIAN_POINT('',(6.28318530718,-2.0225));
#5124 = VECTOR('',#5125,1.);
#5125 = DIRECTION('',(0.,1.));
#5126 = ( GEOMETRIC_REPRESENTATION_CONTEXT(2) 
PARAMETRIC_REPRESENTATION_CONTEXT() REPRESENTATION_CONTEXT('2D SPACE',''
  ) );
#5127 = ORIENTED_EDGE('',*,*,#5128,.T.);
#5128 = EDGE_CURVE('',#5094,#5129,#5131,.T.);
#5129 = VERTEX_POINT('',#5130);
#5130 = CARTESIAN_POINT('',(-2.3,-2.1,4.941926223421));
#5131 = SURFACE_CURVE('',#5132,(#5137,#5144),.PCURVE_S1.);
#5132 = CIRCLE('',#5133,0.3);
#5133 = AXIS2_PLACEMENT_3D('',#5134,#5135,#5136);
#5134 = CARTESIAN_POINT('',(-2.3,-1.8,4.941926223421));
#5135 = DIRECTION('',(1.,0.,0.));
#5136 = DIRECTION('',(0.,-0.707106781187,0.707106781187));
#5137 = PCURVE('',#5104,#5138);
#5138 = DEFINITIONAL_REPRESENTATION('',(#5139),#5143);
#5139 = LINE('',#5140,#5141);
#5140 = CARTESIAN_POINT('',(0.,-2.0225));
#5141 = VECTOR('',#5142,1.);
#5142 = DIRECTION('',(1.,0.));
#5143 = ( GEOMETRIC_REPRESENTATION_CONTEXT(2) 
PARAMETRIC_REPRESENTATION_CONTEXT() REPRESENTATION_CONTEXT('2D SPACE',''
  ) );
#5144 = PCURVE('',#4819,#5145);
#5145 = DEFINITIONAL_REPRESENTATION('',(#5146),#5154);
#5146 = ( BOUNDED_CURVE() B_SPLINE_CURVE(2,(#5147,#5148,#5149,#5150,
#5151,#5152,#5153),.UNSPECIFIED.,.T.,.F.) B_SPLINE_CURVE_WITH_KNOTS((1,2
    ,2,2,2,1),(-2.094395102393,0.,2.094395102393,4.188790204786,
6.28318530718,8.377580409573),.UNSPECIFIED.) CURVE() 
GEOMETRIC_REPRESENTATION_ITEM() RATIONAL_B_SPLINE_CURVE((1.,0.5,1.,0.5,
1.,0.5,1.)) REPRESENTATION_ITEM('') );
#5147 = CARTESIAN_POINT('',(0.112132034356,1.212132034356));
#5148 = CARTESIAN_POINT('',(0.479555495773,0.844708572939));
#5149 = CARTESIAN_POINT('',(-2.235428646924E-02,0.710222252113));
#5150 = CARTESIAN_POINT('',(-0.524264068712,0.575735931288));
#5151 = CARTESIAN_POINT('',(-0.389777747887,1.077645713531));
#5152 = CARTESIAN_POINT('',(-0.255291427062,1.579555495774));
#5153 = CARTESIAN_POINT('',(0.112132034356,1.212132034356));
#5154 = ( GEOMETRIC_REPRESENTATION_CONTEXT(2) 
PARAMETRIC_REPRESENTATION_CONTEXT() REPRESENTATION_CONTEXT('2D SPACE',''
  ) );
#5155 = ORIENTED_EDGE('',*,*,#5156,.T.);
#5156 = EDGE_CURVE('',#5129,#5157,#5159,.T.);
#5157 = VERTEX_POINT('',#5158);
#5158 = CARTESIAN_POINT('',(-1.432287565553,-2.1,4.941926223422));
#5159 = SURFACE_CURVE('',#5160,(#5164,#5171),.PCURVE_S1.);
#5160 = LINE('',#5161,#5162);
#5161 = CARTESIAN_POINT('',(-2.3,-2.1,4.941926223421));
#5162 = VECTOR('',#5163,1.);
#5163 = DIRECTION('',(1.,5.443399064831E-29,2.451489E-13));
#5164 = PCURVE('',#5104,#5165);
#5165 = DEFINITIONAL_REPRESENTATION('',(#5166),#5170);
#5166 = LINE('',#5167,#5168);
#5167 = CARTESIAN_POINT('',(0.785398163397,-2.0225));
#5168 = VECTOR('',#5169,1.);
#5169 = DIRECTION('',(-8.178453242899E-13,1.));
#5170 = ( GEOMETRIC_REPRESENTATION_CONTEXT(2) 
PARAMETRIC_REPRESENTATION_CONTEXT() REPRESENTATION_CONTEXT('2D SPACE',''
  ) );
#5171 = PCURVE('',#2737,#5172);
#5172 = DEFINITIONAL_REPRESENTATION('',(#5173),#5177);
#5173 = LINE('',#5174,#5175);
#5174 = CARTESIAN_POINT('',(-4.1,2.1));
#5175 = VECTOR('',#5176,1.);
#5176 = DIRECTION('',(1.,2.451489E-13));
#5177 = ( GEOMETRIC_REPRESENTATION_CONTEXT(2) 
PARAMETRIC_REPRESENTATION_CONTEXT() REPRESENTATION_CONTEXT('2D SPACE',''
  ) );
#5178 = ORIENTED_EDGE('',*,*,#5179,.F.);
#5179 = EDGE_CURVE('',#5180,#5157,#5182,.T.);
#5180 = VERTEX_POINT('',#5181);
#5181 = CARTESIAN_POINT('',(-1.441421356237,-2.099877319701,
    4.950504867184));
#5182 = SURFACE_CURVE('',#5183,(#5188,#5217),.PCURVE_S1.);
#5183 = B_SPLINE_CURVE_WITH_KNOTS('',3,(#5184,#5185,#5186,#5187),
  .UNSPECIFIED.,.F.,.F.,(4,4),(0.471385853792,0.483256981475),
  .PIECEWISE_BEZIER_KNOTS.);
#5184 = CARTESIAN_POINT('',(-1.441421356237,-2.099877319701,
    4.950504867184));
#5185 = CARTESIAN_POINT('',(-1.438448140928,-2.099962375,4.947531651875)
  );
#5186 = CARTESIAN_POINT('',(-1.435396535099,-2.1,4.944668076839));
#5187 = CARTESIAN_POINT('',(-1.432287565553,-2.1,4.941926223422));
#5188 = PCURVE('',#5104,#5189);
#5189 = DEFINITIONAL_REPRESENTATION('',(#5190),#5216);
#5190 = B_SPLINE_CURVE_WITH_KNOTS('',3,(#5191,#5192,#5193,#5194,#5195,
    #5196,#5197,#5198,#5199,#5200,#5201,#5202,#5203,#5204,#5205,#5206,
    #5207,#5208,#5209,#5210,#5211,#5212,#5213,#5214,#5215),
  .UNSPECIFIED.,.F.,.F.,(4,1,1,1,1,1,1,1,1,1,1,1,1,1,1,1,1,1,1,1,1,1,4),
  (0.471385853792,0.471925450505,0.472465047218,0.473004643931,
    0.473544240643,0.474083837356,0.474623434069,0.475163030782,
    0.475702627495,0.476242224208,0.476781820921,0.477321417634,
    0.477861014346,0.478400611059,0.478940207772,0.479479804485,
    0.480019401198,0.480558997911,0.481098594624,0.481638191336,
    0.482177788049,0.482717384762,0.483256981475),
  .QUASI_UNIFORM_KNOTS.);
#5191 = CARTESIAN_POINT('',(0.75679878566,-1.163921356237));
#5192 = CARTESIAN_POINT('',(0.757249457119,-1.163786210087));
#5193 = CARTESIAN_POINT('',(0.758149271792,-1.163515593858));
#5194 = CARTESIAN_POINT('',(0.759494389307,-1.16310870958));
#5195 = CARTESIAN_POINT('',(0.760834882586,-1.162700877216));
#5196 = CARTESIAN_POINT('',(0.762170731816,-1.162292108613));
#5197 = CARTESIAN_POINT('',(0.763501917136,-1.16188241562));
#5198 = CARTESIAN_POINT('',(0.764828418634,-1.161471810085));
#5199 = CARTESIAN_POINT('',(0.766150216348,-1.161060303857));
#5200 = CARTESIAN_POINT('',(0.767467290264,-1.160647908784));
#5201 = CARTESIAN_POINT('',(0.768779620319,-1.160234636714));
#5202 = CARTESIAN_POINT('',(0.770087186398,-1.159820499495));
#5203 = CARTESIAN_POINT('',(0.77138996834,-1.159405508976));
#5204 = CARTESIAN_POINT('',(0.772687945933,-1.158989677005));
#5205 = CARTESIAN_POINT('',(0.773981098915,-1.158573015431));
#5206 = CARTESIAN_POINT('',(0.775269406979,-1.158155536102));
#5207 = CARTESIAN_POINT('',(0.776552849768,-1.157737250865));
#5208 = CARTESIAN_POINT('',(0.777831406877,-1.15731817157));
#5209 = CARTESIAN_POINT('',(0.779105057855,-1.156898310065));
#5210 = CARTESIAN_POINT('',(0.780373782202,-1.156477678197));
#5211 = CARTESIAN_POINT('',(0.781637559375,-1.156056287816));
#5212 = CARTESIAN_POINT('',(0.782896368781,-1.15563415077));
#5213 = CARTESIAN_POINT('',(0.784150189786,-1.155211278906));
#5214 = CARTESIAN_POINT('',(0.784982731057,-1.154928882351));
#5215 = CARTESIAN_POINT('',(0.785398163397,-1.154787565554));
#5216 = ( GEOMETRIC_REPRESENTATION_CONTEXT(2) 
PARAMETRIC_REPRESENTATION_CONTEXT() REPRESENTATION_CONTEXT('2D SPACE',''
  ) );
#5217 = PCURVE('',#5218,#5223);
#5218 = CYLINDRICAL_SURFACE('',#5219,0.2);
#5219 = AXIS2_PLACEMENT_3D('',#5220,#5221,#5222);
#5220 = CARTESIAN_POINT('',(-1.3,-2.1,5.091926223421));
#5221 = DIRECTION('',(0.,1.,-2.22044604925E-16));
#5222 = DIRECTION('',(-0.707106781187,-1.570092458684E-16,
    -0.707106781187));
#5223 = DEFINITIONAL_REPRESENTATION('',(#5224),#5250);
#5224 = B_SPLINE_CURVE_WITH_KNOTS('',3,(#5225,#5226,#5227,#5228,#5229,
    #5230,#5231,#5232,#5233,#5234,#5235,#5236,#5237,#5238,#5239,#5240,
    #5241,#5242,#5243,#5244,#5245,#5246,#5247,#5248,#5249),
  .UNSPECIFIED.,.F.,.F.,(4,1,1,1,1,1,1,1,1,1,1,1,1,1,1,1,1,1,1,1,1,1,4),
  (0.471385853792,0.471925450505,0.472465047218,0.473004643931,
    0.473544240643,0.474083837356,0.474623434069,0.475163030782,
    0.475702627495,0.476242224208,0.476781820921,0.477321417634,
    0.477861014346,0.478400611059,0.478940207772,0.479479804485,
    0.480019401198,0.480558997911,0.481098594624,0.481638191336,
    0.482177788049,0.482717384762,0.483256981475),
  .QUASI_UNIFORM_KNOTS.);
#5225 = CARTESIAN_POINT('',(6.28318530718,1.22680298771E-04));
#5226 = CARTESIAN_POINT('',(6.282229679596,1.188141488349E-04));
#5227 = CARTESIAN_POINT('',(6.280318880936,1.112778419313E-04));
#5228 = CARTESIAN_POINT('',(6.277454094881,1.005558353327E-04));
#5229 = CARTESIAN_POINT('',(6.27459076313,9.041075734153E-05));
#5230 = CARTESIAN_POINT('',(6.271728928226,8.083708280865E-05));
#5231 = CARTESIAN_POINT('',(6.268868632826,7.182928658465E-05));
#5232 = CARTESIAN_POINT('',(6.266009919708,6.338184352037E-05));
#5233 = CARTESIAN_POINT('',(6.263152831765,5.548922846642E-05));
#5234 = CARTESIAN_POINT('',(6.260297412003,4.814591627365E-05));
#5235 = CARTESIAN_POINT('',(6.257443703533,4.134638179267E-05));
#5236 = CARTESIAN_POINT('',(6.254591749568,3.508509987427E-05));
#5237 = CARTESIAN_POINT('',(6.251741593419,2.935654536911E-05));
#5238 = CARTESIAN_POINT('',(6.248893278494,2.415519312803E-05));
#5239 = CARTESIAN_POINT('',(6.246046848287,1.94755180016E-05));
#5240 = CARTESIAN_POINT('',(6.243202346379,1.531199484072E-05));
#5241 = CARTESIAN_POINT('',(6.24035981643,1.165909849591E-05));
#5242 = CARTESIAN_POINT('',(6.237519302181,8.51130381807E-06));
#5243 = CARTESIAN_POINT('',(6.234680847442,5.863085657809E-06));
#5244 = CARTESIAN_POINT('',(6.231844496091,3.708918865947E-06));
#5245 = CARTESIAN_POINT('',(6.229010292073,2.043278293145E-06));
#5246 = CARTESIAN_POINT('',(6.226178279391,8.606387900708E-07));
#5247 = CARTESIAN_POINT('',(6.223348502101,1.554752076135E-07));
#5248 = CARTESIAN_POINT('',(6.221463503585,1.079706455413E-16));
#5249 = CARTESIAN_POINT('',(6.220521391597,0.));
#5250 = ( GEOMETRIC_REPRESENTATION_CONTEXT(2) 
PARAMETRIC_REPRESENTATION_CONTEXT() REPRESENTATION_CONTEXT('2D SPACE',''
  ) );
#5251 = ORIENTED_EDGE('',*,*,#5252,.F.);
#5252 = EDGE_CURVE('',#5253,#5180,#5255,.T.);
#5253 = VERTEX_POINT('',#5254);
#5254 = CARTESIAN_POINT('',(-1.5,-2.059807621136,5.091926223421));
#5255 = SURFACE_CURVE('',#5256,(#5267,#5296),.PCURVE_S1.);
#5256 = B_SPLINE_CURVE_WITH_KNOTS('',3,(#5257,#5258,#5259,#5260,#5261,
    #5262,#5263,#5264,#5265,#5266),.UNSPECIFIED.,.F.,.F.,(4,2,2,2,4),(
    0.315687229004,0.328194228175,0.390189604126,0.447542263768,
    0.471385853792),.UNSPECIFIED.);
#5257 = CARTESIAN_POINT('',(-1.5,-2.059807621136,5.091926223421));
#5258 = CARTESIAN_POINT('',(-1.5,-2.06204066612,5.088058476052));
#5259 = CARTESIAN_POINT('',(-1.499887534559,-2.064190818254,
    5.084134267146));
#5260 = CARTESIAN_POINT('',(-1.498498739608,-2.076441342309,
    5.060541274094));
#5261 = CARTESIAN_POINT('',(-1.494160259832,-2.084200893171,
    5.039940560479));
#5262 = CARTESIAN_POINT('',(-1.480535491217,-2.094079504042,
    5.003892811055));
#5263 = CARTESIAN_POINT('',(-1.470753068437,-2.097218442654,
    4.985804956242));
#5264 = CARTESIAN_POINT('',(-1.453045608452,-2.099342632001,
    4.962893880408));
#5265 = CARTESIAN_POINT('',(-1.447393166901,-2.099706483053,
    4.956476677848));
#5266 = CARTESIAN_POINT('',(-1.441421356237,-2.099877319701,
    4.950504867184));
#5267 = PCURVE('',#5104,#5268);
#5268 = DEFINITIONAL_REPRESENTATION('',(#5269),#5295);
#5269 = B_SPLINE_CURVE_WITH_KNOTS('',3,(#5270,#5271,#5272,#5273,#5274,
    #5275,#5276,#5277,#5278,#5279,#5280,#5281,#5282,#5283,#5284,#5285,
    #5286,#5287,#5288,#5289,#5290,#5291,#5292,#5293,#5294),
  .UNSPECIFIED.,.F.,.F.,(4,1,1,1,1,1,1,1,1,1,1,1,1,1,1,1,1,1,1,1,1,1,4),
  (0.315687229004,0.322764439221,0.329841649439,0.336918859657,
    0.343996069874,0.351073280092,0.35815049031,0.365227700527,
    0.372304910745,0.379382120963,0.38645933118,0.393536541398,
    0.400613751616,0.407690961833,0.414768172051,0.421845382268,
    0.428922592486,0.435999802704,0.443077012921,0.450154223139,
    0.457231433357,0.464308643574,0.471385853792),
  .QUASI_UNIFORM_KNOTS.);
#5270 = CARTESIAN_POINT('',(0.261799387799,-1.2225));
#5271 = CARTESIAN_POINT('',(0.270223605785,-1.222499226784));
#5272 = CARTESIAN_POINT('',(0.287087069802,-1.222427871606));
#5273 = CARTESIAN_POINT('',(0.312364140469,-1.222096481586));
#5274 = CARTESIAN_POINT('',(0.337558374845,-1.221519379111));
#5275 = CARTESIAN_POINT('',(0.362610317015,-1.22069769364));
#5276 = CARTESIAN_POINT('',(0.387456236338,-1.219636150451));
#5277 = CARTESIAN_POINT('',(0.412030837735,-1.218338493509));
#5278 = CARTESIAN_POINT('',(0.436266354286,-1.216808796215));
#5279 = CARTESIAN_POINT('',(0.460096273609,-1.215050795539));
#5280 = CARTESIAN_POINT('',(0.483444083307,-1.213069244745));
#5281 = CARTESIAN_POINT('',(0.506267144648,-1.210865168341));
#5282 = CARTESIAN_POINT('',(0.52839477514,-1.208453489574));
#5283 = CARTESIAN_POINT('',(0.550634271373,-1.205742836238));
#5284 = CARTESIAN_POINT('',(0.572828915791,-1.202746729586));
#5285 = CARTESIAN_POINT('',(0.594910266446,-1.199468839131));
#5286 = CARTESIAN_POINT('',(0.616784231859,-1.195915455183));
#5287 = CARTESIAN_POINT('',(0.638362474731,-1.192092236608));
#5288 = CARTESIAN_POINT('',(0.659553561981,-1.188004747248));
#5289 = CARTESIAN_POINT('',(0.680269719161,-1.183659562493));
#5290 = CARTESIAN_POINT('',(0.70041118958,-1.179059306554));
#5291 = CARTESIAN_POINT('',(0.719940529488,-1.174226139957));
#5292 = CARTESIAN_POINT('',(0.73880150991,-1.169182725891));
#5293 = CARTESIAN_POINT('',(0.750887781602,-1.165693898015));
#5294 = CARTESIAN_POINT('',(0.75679878566,-1.163921356237));
#5295 = ( GEOMETRIC_REPRESENTATION_CONTEXT(2) 
PARAMETRIC_REPRESENTATION_CONTEXT() REPRESENTATION_CONTEXT('2D SPACE',''
  ) );
#5296 = PCURVE('',#4745,#5297);
#5297 = DEFINITIONAL_REPRESENTATION('',(#5298),#5324);
#5298 = B_SPLINE_CURVE_WITH_KNOTS('',3,(#5299,#5300,#5301,#5302,#5303,
    #5304,#5305,#5306,#5307,#5308,#5309,#5310,#5311,#5312,#5313,#5314,
    #5315,#5316,#5317,#5318,#5319,#5320,#5321,#5322,#5323),
  .UNSPECIFIED.,.F.,.F.,(4,1,1,1,1,1,1,1,1,1,1,1,1,1,1,1,1,1,1,1,1,1,4),
  (0.315687229004,0.322764439221,0.329841649439,0.336918859657,
    0.343996069874,0.351073280092,0.35815049031,0.365227700527,
    0.372304910745,0.379382120963,0.38645933118,0.393536541398,
    0.400613751616,0.407690961833,0.414768172051,0.421845382268,
    0.428922592486,0.435999802704,0.443077012921,0.450154223139,
    0.457231433357,0.464308643574,0.471385853792),
  .QUASI_UNIFORM_KNOTS.);
#5299 = CARTESIAN_POINT('',(0.785398163397,4.019237886467E-02));
#5300 = CARTESIAN_POINT('',(0.774453022114,3.89291992029E-02));
#5301 = CARTESIAN_POINT('',(0.75238837123,3.645477315288E-02));
#5302 = CARTESIAN_POINT('',(0.718821316023,3.291354245238E-02));
#5303 = CARTESIAN_POINT('',(0.684827820069,2.956187990311E-02));
#5304 = CARTESIAN_POINT('',(0.650484379272,2.640301600213E-02));
#5305 = CARTESIAN_POINT('',(0.615880537639,2.343827988162E-02));
#5306 = CARTESIAN_POINT('',(0.581105216631,2.066949690334E-02));
#5307 = CARTESIAN_POINT('',(0.546250056722,1.809840887561E-02));
#5308 = CARTESIAN_POINT('',(0.511402437412,1.572659559097E-02));
#5309 = CARTESIAN_POINT('',(0.476662377623,1.355636845846E-02));
#5310 = CARTESIAN_POINT('',(0.442074136922,1.158727443692E-02));
#5311 = CARTESIAN_POINT('',(0.407875329633,9.829186669507E-03));
#5312 = CARTESIAN_POINT('',(0.37278838596,8.213998591329E-03));
#5313 = CARTESIAN_POINT('',(0.337027212724,6.747369728472E-03));
#5314 = CARTESIAN_POINT('',(0.300666170908,5.428212545363E-03));
#5315 = CARTESIAN_POINT('',(0.26381615831,4.25726733245E-03));
#5316 = CARTESIAN_POINT('',(0.226575535657,3.234710137759E-03));
#5317 = CARTESIAN_POINT('',(0.189041270343,2.361146152982E-03));
#5318 = CARTESIAN_POINT('',(0.151303744631,1.636028237567E-03));
#5319 = CARTESIAN_POINT('',(0.113446458694,1.062989436273E-03));
#5320 = CARTESIAN_POINT('',(7.554000512928E-02,6.245225665178E-04));
#5321 = CARTESIAN_POINT('',(3.767986736038E-02,3.087986388807E-04));
#5322 = CARTESIAN_POINT('',(1.253375044395E-02,1.733877163274E-04));
#5323 = CARTESIAN_POINT('',(0.,1.22680298771E-04));
#5324 = ( GEOMETRIC_REPRESENTATION_CONTEXT(2) 
PARAMETRIC_REPRESENTATION_CONTEXT() REPRESENTATION_CONTEXT('2D SPACE',''
  ) );
#5325 = ORIENTED_EDGE('',*,*,#5326,.T.);
#5326 = EDGE_CURVE('',#5253,#5096,#5327,.T.);
#5327 = SURFACE_CURVE('',#5328,(#5333,#5340),.PCURVE_S1.);
#5328 = CIRCLE('',#5329,0.3);
#5329 = AXIS2_PLACEMENT_3D('',#5330,#5331,#5332);
#5330 = CARTESIAN_POINT('',(-1.5,-1.8,4.941926223421));
#5331 = DIRECTION('',(-1.,0.,0.));
#5332 = DIRECTION('',(0.,-0.707106781187,0.707106781187));
#5333 = PCURVE('',#5104,#5334);
#5334 = DEFINITIONAL_REPRESENTATION('',(#5335),#5339);
#5335 = LINE('',#5336,#5337);
#5336 = CARTESIAN_POINT('',(6.28318530718,-1.2225));
#5337 = VECTOR('',#5338,1.);
#5338 = DIRECTION('',(-1.,0.));
#5339 = ( GEOMETRIC_REPRESENTATION_CONTEXT(2) 
PARAMETRIC_REPRESENTATION_CONTEXT() REPRESENTATION_CONTEXT('2D SPACE',''
  ) );
#5340 = PCURVE('',#5341,#5346);
#5341 = PLANE('',#5342);
#5342 = AXIS2_PLACEMENT_3D('',#5343,#5344,#5345);
#5343 = CARTESIAN_POINT('',(-1.5,-2.1,5.241926223421));
#5344 = DIRECTION('',(-1.,0.,0.));
#5345 = DIRECTION('',(0.,-1.,2.22044604925E-16));
#5346 = DEFINITIONAL_REPRESENTATION('',(#5347),#5351);
#5347 = CIRCLE('',#5348,0.3);
#5348 = AXIS2_PLACEMENT_2D('',#5349,#5350);
#5349 = CARTESIAN_POINT('',(-0.3,-0.3));
#5350 = DIRECTION('',(0.707106781187,0.707106781187));
#5351 = ( GEOMETRIC_REPRESENTATION_CONTEXT(2) 
PARAMETRIC_REPRESENTATION_CONTEXT() REPRESENTATION_CONTEXT('2D SPACE',''
  ) );
#5352 = ADVANCED_FACE('',(#5353),#5367,.T.);
#5353 = FACE_BOUND('',#5354,.T.);
#5354 = EDGE_LOOP('',(#5355,#5390,#5419,#5498,#5571,#5594));
#5355 = ORIENTED_EDGE('',*,*,#5356,.F.);
#5356 = EDGE_CURVE('',#5357,#5359,#5361,.T.);
#5357 = VERTEX_POINT('',#5358);
#5358 = CARTESIAN_POINT('',(1.5,-2.012132034356,5.154058257777));
#5359 = VERTEX_POINT('',#5360);
#5360 = CARTESIAN_POINT('',(2.3,-2.012132034356,5.154058257777));
#5361 = SURFACE_CURVE('',#5362,(#5366,#5378),.PCURVE_S1.);
#5362 = LINE('',#5363,#5364);
#5363 = CARTESIAN_POINT('',(1.5,-2.012132034356,5.154058257777));
#5364 = VECTOR('',#5365,1.);
#5365 = DIRECTION('',(1.,0.,0.));
#5366 = PCURVE('',#5367,#5372);
#5367 = CYLINDRICAL_SURFACE('',#5368,0.3);
#5368 = AXIS2_PLACEMENT_3D('',#5369,#5370,#5371);
#5369 = CARTESIAN_POINT('',(-0.2775,-1.8,4.941926223421));
#5370 = DIRECTION('',(1.,0.,0.));
#5371 = DIRECTION('',(0.,-0.707106781187,0.707106781187));
#5372 = DEFINITIONAL_REPRESENTATION('',(#5373),#5377);
#5373 = LINE('',#5374,#5375);
#5374 = CARTESIAN_POINT('',(0.,1.7775));
#5375 = VECTOR('',#5376,1.);
#5376 = DIRECTION('',(0.,1.));
#5377 = ( GEOMETRIC_REPRESENTATION_CONTEXT(2) 
PARAMETRIC_REPRESENTATION_CONTEXT() REPRESENTATION_CONTEXT('2D SPACE',''
  ) );
#5378 = PCURVE('',#5379,#5384);
#5379 = CYLINDRICAL_SURFACE('',#5380,0.3);
#5380 = AXIS2_PLACEMENT_3D('',#5381,#5382,#5383);
#5381 = CARTESIAN_POINT('',(-0.2775,-1.8,4.941926223421));
#5382 = DIRECTION('',(1.,0.,0.));
#5383 = DIRECTION('',(0.,-0.707106781187,0.707106781187));
#5384 = DEFINITIONAL_REPRESENTATION('',(#5385),#5389);
#5385 = LINE('',#5386,#5387);
#5386 = CARTESIAN_POINT('',(6.28318530718,1.7775));
#5387 = VECTOR('',#5388,1.);
#5388 = DIRECTION('',(0.,1.));
#5389 = ( GEOMETRIC_REPRESENTATION_CONTEXT(2) 
PARAMETRIC_REPRESENTATION_CONTEXT() REPRESENTATION_CONTEXT('2D SPACE',''
  ) );
#5390 = ORIENTED_EDGE('',*,*,#5391,.T.);
#5391 = EDGE_CURVE('',#5357,#5392,#5394,.T.);
#5392 = VERTEX_POINT('',#5393);
#5393 = CARTESIAN_POINT('',(1.5,-2.059807621136,5.091926223421));
#5394 = SURFACE_CURVE('',#5395,(#5400,#5407),.PCURVE_S1.);
#5395 = CIRCLE('',#5396,0.3);
#5396 = AXIS2_PLACEMENT_3D('',#5397,#5398,#5399);
#5397 = CARTESIAN_POINT('',(1.5,-1.8,4.941926223421));
#5398 = DIRECTION('',(1.,0.,0.));
#5399 = DIRECTION('',(0.,-0.707106781187,0.707106781187));
#5400 = PCURVE('',#5367,#5401);
#5401 = DEFINITIONAL_REPRESENTATION('',(#5402),#5406);
#5402 = LINE('',#5403,#5404);
#5403 = CARTESIAN_POINT('',(0.,1.7775));
#5404 = VECTOR('',#5405,1.);
#5405 = DIRECTION('',(1.,0.));
#5406 = ( GEOMETRIC_REPRESENTATION_CONTEXT(2) 
PARAMETRIC_REPRESENTATION_CONTEXT() REPRESENTATION_CONTEXT('2D SPACE',''
  ) );
#5407 = PCURVE('',#5408,#5413);
#5408 = PLANE('',#5409);
#5409 = AXIS2_PLACEMENT_3D('',#5410,#5411,#5412);
#5410 = CARTESIAN_POINT('',(1.5,-2.1,4.891926223421));
#5411 = DIRECTION('',(1.,0.,0.));
#5412 = DIRECTION('',(0.,1.,-2.22044604925E-16));
#5413 = DEFINITIONAL_REPRESENTATION('',(#5414),#5418);
#5414 = CIRCLE('',#5415,0.3);
#5415 = AXIS2_PLACEMENT_2D('',#5416,#5417);
#5416 = CARTESIAN_POINT('',(0.3,5.E-02));
#5417 = DIRECTION('',(-0.707106781187,0.707106781187));
#5418 = ( GEOMETRIC_REPRESENTATION_CONTEXT(2) 
PARAMETRIC_REPRESENTATION_CONTEXT() REPRESENTATION_CONTEXT('2D SPACE',''
  ) );
#5419 = ORIENTED_EDGE('',*,*,#5420,.F.);
#5420 = EDGE_CURVE('',#5421,#5392,#5423,.T.);
#5421 = VERTEX_POINT('',#5422);
#5422 = CARTESIAN_POINT('',(1.441421356237,-2.099877319701,
    4.950504867184));
#5423 = SURFACE_CURVE('',#5424,(#5435,#5464),.PCURVE_S1.);
#5424 = B_SPLINE_CURVE_WITH_KNOTS('',3,(#5425,#5426,#5427,#5428,#5429,
    #5430,#5431,#5432,#5433,#5434),.UNSPECIFIED.,.F.,.F.,(4,2,2,2,4),(
    0.771187757405,0.795031347428,0.85238400707,0.914379383021,
    0.926886382193),.UNSPECIFIED.);
#5425 = CARTESIAN_POINT('',(1.441421356237,-2.099877319701,
    4.950504867184));
#5426 = CARTESIAN_POINT('',(1.447393166901,-2.099706483053,
    4.956476677848));
#5427 = CARTESIAN_POINT('',(1.453045608452,-2.099342632001,
    4.962893880408));
#5428 = CARTESIAN_POINT('',(1.470753068438,-2.097218442654,
    4.985804956242));
#5429 = CARTESIAN_POINT('',(1.480535491218,-2.094079504042,
    5.003892811055));
#5430 = CARTESIAN_POINT('',(1.494160259832,-2.084200893171,
    5.039940560479));
#5431 = CARTESIAN_POINT('',(1.498498739608,-2.076441342309,
    5.060541274094));
#5432 = CARTESIAN_POINT('',(1.499887534559,-2.064190818254,
    5.084134267146));
#5433 = CARTESIAN_POINT('',(1.5,-2.06204066612,5.088058476052));
#5434 = CARTESIAN_POINT('',(1.5,-2.059807621136,5.091926223421));
#5435 = PCURVE('',#5367,#5436);
#5436 = DEFINITIONAL_REPRESENTATION('',(#5437),#5463);
#5437 = B_SPLINE_CURVE_WITH_KNOTS('',3,(#5438,#5439,#5440,#5441,#5442,
    #5443,#5444,#5445,#5446,#5447,#5448,#5449,#5450,#5451,#5452,#5453,
    #5454,#5455,#5456,#5457,#5458,#5459,#5460,#5461,#5462),
  .UNSPECIFIED.,.F.,.F.,(4,1,1,1,1,1,1,1,1,1,1,1,1,1,1,1,1,1,1,1,1,1,4),
  (0.771187757405,0.778264967622,0.78534217784,0.792419388058,
    0.799496598275,0.806573808493,0.813651018711,0.820728228928,
    0.827805439146,0.834882649363,0.841959859581,0.849037069799,
    0.856114280016,0.863191490234,0.870268700452,0.877345910669,
    0.884423120887,0.891500331105,0.898577541322,0.90565475154,
    0.912731961758,0.919809171975,0.926886382193),
  .QUASI_UNIFORM_KNOTS.);
#5438 = CARTESIAN_POINT('',(0.75679878566,1.718921356237));
#5439 = CARTESIAN_POINT('',(0.750887781602,1.720693898015));
#5440 = CARTESIAN_POINT('',(0.73880150991,1.724182725891));
#5441 = CARTESIAN_POINT('',(0.719940529488,1.729226139957));
#5442 = CARTESIAN_POINT('',(0.70041118958,1.734059306554));
#5443 = CARTESIAN_POINT('',(0.680269719161,1.738659562492));
#5444 = CARTESIAN_POINT('',(0.659553561981,1.743004747247));
#5445 = CARTESIAN_POINT('',(0.638362474731,1.747092236608));
#5446 = CARTESIAN_POINT('',(0.616784231859,1.750915455182));
#5447 = CARTESIAN_POINT('',(0.594910266446,1.754468839131));
#5448 = CARTESIAN_POINT('',(0.572828915791,1.757746729586));
#5449 = CARTESIAN_POINT('',(0.550634271373,1.760742836238));
#5450 = CARTESIAN_POINT('',(0.52839477514,1.763453489574));
#5451 = CARTESIAN_POINT('',(0.506267144648,1.765865168341));
#5452 = CARTESIAN_POINT('',(0.483444083307,1.768069244745));
#5453 = CARTESIAN_POINT('',(0.460096273609,1.770050795538));
#5454 = CARTESIAN_POINT('',(0.436266354286,1.771808796215));
#5455 = CARTESIAN_POINT('',(0.412030837735,1.773338493508));
#5456 = CARTESIAN_POINT('',(0.387456236338,1.774636150451));
#5457 = CARTESIAN_POINT('',(0.362610317015,1.77569769364));
#5458 = CARTESIAN_POINT('',(0.337558374845,1.776519379111));
#5459 = CARTESIAN_POINT('',(0.312364140469,1.777096481585));
#5460 = CARTESIAN_POINT('',(0.287087069802,1.777427871606));
#5461 = CARTESIAN_POINT('',(0.270223605785,1.777499226784));
#5462 = CARTESIAN_POINT('',(0.261799387799,1.7775));
#5463 = ( GEOMETRIC_REPRESENTATION_CONTEXT(2) 
PARAMETRIC_REPRESENTATION_CONTEXT() REPRESENTATION_CONTEXT('2D SPACE',''
  ) );
#5464 = PCURVE('',#5465,#5470);
#5465 = CYLINDRICAL_SURFACE('',#5466,0.2);
#5466 = AXIS2_PLACEMENT_3D('',#5467,#5468,#5469);
#5467 = CARTESIAN_POINT('',(1.3,-2.1,5.091926223421));
#5468 = DIRECTION('',(0.,1.,-2.22044604925E-16));
#5469 = DIRECTION('',(0.707106781187,-1.570092458684E-16,-0.707106781187
    ));
#5470 = DEFINITIONAL_REPRESENTATION('',(#5471),#5497);
#5471 = B_SPLINE_CURVE_WITH_KNOTS('',3,(#5472,#5473,#5474,#5475,#5476,
    #5477,#5478,#5479,#5480,#5481,#5482,#5483,#5484,#5485,#5486,#5487,
    #5488,#5489,#5490,#5491,#5492,#5493,#5494,#5495,#5496),
  .UNSPECIFIED.,.F.,.F.,(4,1,1,1,1,1,1,1,1,1,1,1,1,1,1,1,1,1,1,1,1,1,4),
  (0.771187757405,0.778264967622,0.78534217784,0.792419388058,
    0.799496598275,0.806573808493,0.813651018711,0.820728228928,
    0.827805439146,0.834882649363,0.841959859581,0.849037069799,
    0.856114280016,0.863191490234,0.870268700452,0.877345910669,
    0.884423120887,0.891500331105,0.898577541322,0.90565475154,
    0.912731961758,0.919809171975,0.926886382193),
  .QUASI_UNIFORM_KNOTS.);
#5472 = CARTESIAN_POINT('',(6.28318530718,1.22680298771E-04));
#5473 = CARTESIAN_POINT('',(6.270651556736,1.733877163273E-04));
#5474 = CARTESIAN_POINT('',(6.245505439819,3.087986388806E-04));
#5475 = CARTESIAN_POINT('',(6.20764530205,6.245225665177E-04));
#5476 = CARTESIAN_POINT('',(6.169738848485,1.062989436273E-03));
#5477 = CARTESIAN_POINT('',(6.131881562548,1.636028237567E-03));
#5478 = CARTESIAN_POINT('',(6.094144036837,2.361146152982E-03));
#5479 = CARTESIAN_POINT('',(6.056609771523,3.234710137759E-03));
#5480 = CARTESIAN_POINT('',(6.019369148869,4.25726733245E-03));
#5481 = CARTESIAN_POINT('',(5.982519136272,5.428212545362E-03));
#5482 = CARTESIAN_POINT('',(5.946158094455,6.747369728471E-03));
#5483 = CARTESIAN_POINT('',(5.91039692122,8.213998591329E-03));
#5484 = CARTESIAN_POINT('',(5.875309977547,9.829186669507E-03));
#5485 = CARTESIAN_POINT('',(5.841111170258,1.158727443692E-02));
#5486 = CARTESIAN_POINT('',(5.806522929557,1.355636845846E-02));
#5487 = CARTESIAN_POINT('',(5.771782869768,1.572659559097E-02));
#5488 = CARTESIAN_POINT('',(5.736935250458,1.809840887561E-02));
#5489 = CARTESIAN_POINT('',(5.702080090549,2.066949690334E-02));
#5490 = CARTESIAN_POINT('',(5.66730476954,2.343827988162E-02));
#5491 = CARTESIAN_POINT('',(5.632700927907,2.640301600213E-02));
#5492 = CARTESIAN_POINT('',(5.598357487111,2.956187990311E-02));
#5493 = CARTESIAN_POINT('',(5.564363991157,3.291354245238E-02));
#5494 = CARTESIAN_POINT('',(5.53079693595,3.645477315288E-02));
#5495 = CARTESIAN_POINT('',(5.508732285066,3.89291992029E-02));
#5496 = CARTESIAN_POINT('',(5.497787143782,4.019237886467E-02));
#5497 = ( GEOMETRIC_REPRESENTATION_CONTEXT(2) 
PARAMETRIC_REPRESENTATION_CONTEXT() REPRESENTATION_CONTEXT('2D SPACE',''
  ) );
#5498 = ORIENTED_EDGE('',*,*,#5499,.F.);
#5499 = EDGE_CURVE('',#5500,#5421,#5502,.T.);
#5500 = VERTEX_POINT('',#5501);
#5501 = CARTESIAN_POINT('',(1.432287565554,-2.1,4.941926223422));
#5502 = SURFACE_CURVE('',#5503,(#5508,#5537),.PCURVE_S1.);
#5503 = B_SPLINE_CURVE_WITH_KNOTS('',3,(#5504,#5505,#5506,#5507),
  .UNSPECIFIED.,.F.,.F.,(4,4),(0.759316629722,0.771187757405),
  .PIECEWISE_BEZIER_KNOTS.);
#5504 = CARTESIAN_POINT('',(1.432287565554,-2.1,4.941926223422));
#5505 = CARTESIAN_POINT('',(1.435396535099,-2.1,4.944668076839));
#5506 = CARTESIAN_POINT('',(1.438448140928,-2.099962375,4.947531651875)
  );
#5507 = CARTESIAN_POINT('',(1.441421356237,-2.099877319701,
    4.950504867184));
#5508 = PCURVE('',#5367,#5509);
#5509 = DEFINITIONAL_REPRESENTATION('',(#5510),#5536);
#5510 = B_SPLINE_CURVE_WITH_KNOTS('',3,(#5511,#5512,#5513,#5514,#5515,
    #5516,#5517,#5518,#5519,#5520,#5521,#5522,#5523,#5524,#5525,#5526,
    #5527,#5528,#5529,#5530,#5531,#5532,#5533,#5534,#5535),
  .UNSPECIFIED.,.F.,.F.,(4,1,1,1,1,1,1,1,1,1,1,1,1,1,1,1,1,1,1,1,1,1,4),
  (0.759316629722,0.759856226435,0.760395823147,0.76093541986,
    0.761475016573,0.762014613286,0.762554209999,0.763093806712,
    0.763633403425,0.764173000137,0.76471259685,0.765252193563,
    0.765791790276,0.766331386989,0.766870983702,0.767410580415,
    0.767950177127,0.76848977384,0.769029370553,0.769568967266,
    0.770108563979,0.770648160692,0.771187757405),
  .QUASI_UNIFORM_KNOTS.);
#5511 = CARTESIAN_POINT('',(0.785398163397,1.709787565553));
#5512 = CARTESIAN_POINT('',(0.784982731057,1.709928882351));
#5513 = CARTESIAN_POINT('',(0.784150189786,1.710211278906));
#5514 = CARTESIAN_POINT('',(0.782896368781,1.710634150769));
#5515 = CARTESIAN_POINT('',(0.781637559375,1.711056287816));
#5516 = CARTESIAN_POINT('',(0.780373782202,1.711477678197));
#5517 = CARTESIAN_POINT('',(0.779105057855,1.711898310065));
#5518 = CARTESIAN_POINT('',(0.777831406877,1.71231817157));
#5519 = CARTESIAN_POINT('',(0.776552849768,1.712737250865));
#5520 = CARTESIAN_POINT('',(0.775269406979,1.713155536102));
#5521 = CARTESIAN_POINT('',(0.773981098915,1.713573015431));
#5522 = CARTESIAN_POINT('',(0.772687945933,1.713989677005));
#5523 = CARTESIAN_POINT('',(0.77138996834,1.714405508976));
#5524 = CARTESIAN_POINT('',(0.770087186398,1.714820499495));
#5525 = CARTESIAN_POINT('',(0.768779620319,1.715234636713));
#5526 = CARTESIAN_POINT('',(0.767467290264,1.715647908783));
#5527 = CARTESIAN_POINT('',(0.766150216348,1.716060303857));
#5528 = CARTESIAN_POINT('',(0.764828418634,1.716471810085));
#5529 = CARTESIAN_POINT('',(0.763501917136,1.71688241562));
#5530 = CARTESIAN_POINT('',(0.762170731816,1.717292108613));
#5531 = CARTESIAN_POINT('',(0.760834882586,1.717700877216));
#5532 = CARTESIAN_POINT('',(0.759494389307,1.71810870958));
#5533 = CARTESIAN_POINT('',(0.758149271792,1.718515593858));
#5534 = CARTESIAN_POINT('',(0.757249457119,1.718786210087));
#5535 = CARTESIAN_POINT('',(0.75679878566,1.718921356237));
#5536 = ( GEOMETRIC_REPRESENTATION_CONTEXT(2) 
PARAMETRIC_REPRESENTATION_CONTEXT() REPRESENTATION_CONTEXT('2D SPACE',''
  ) );
#5537 = PCURVE('',#5538,#5543);
#5538 = CYLINDRICAL_SURFACE('',#5539,0.2);
#5539 = AXIS2_PLACEMENT_3D('',#5540,#5541,#5542);
#5540 = CARTESIAN_POINT('',(1.3,-2.1,5.091926223421));
#5541 = DIRECTION('',(0.,1.,-2.22044604925E-16));
#5542 = DIRECTION('',(0.707106781187,-1.570092458684E-16,-0.707106781187
    ));
#5543 = DEFINITIONAL_REPRESENTATION('',(#5544),#5570);
#5544 = B_SPLINE_CURVE_WITH_KNOTS('',3,(#5545,#5546,#5547,#5548,#5549,
    #5550,#5551,#5552,#5553,#5554,#5555,#5556,#5557,#5558,#5559,#5560,
    #5561,#5562,#5563,#5564,#5565,#5566,#5567,#5568,#5569),
  .UNSPECIFIED.,.F.,.F.,(4,1,1,1,1,1,1,1,1,1,1,1,1,1,1,1,1,1,1,1,1,1,4),
  (0.759316629722,0.759856226435,0.760395823147,0.76093541986,
    0.761475016573,0.762014613286,0.762554209999,0.763093806712,
    0.763633403425,0.764173000137,0.76471259685,0.765252193563,
    0.765791790276,0.766331386989,0.766870983702,0.767410580415,
    0.767950177127,0.76848977384,0.769029370553,0.769568967266,
    0.770108563979,0.770648160692,0.771187757405),
  .QUASI_UNIFORM_KNOTS.);
#5545 = CARTESIAN_POINT('',(6.266391558238E-02,0.));
#5546 = CARTESIAN_POINT('',(6.172180359478E-02,9.091205056163E-17));
#5547 = CARTESIAN_POINT('',(5.983680507907E-02,1.554752075919E-07));
#5548 = CARTESIAN_POINT('',(5.700702778891E-02,8.606387900887E-07));
#5549 = CARTESIAN_POINT('',(5.417501510701E-02,2.043278293096E-06));
#5550 = CARTESIAN_POINT('',(5.134081108863E-02,3.708918865959E-06));
#5551 = CARTESIAN_POINT('',(4.850445973808E-02,5.863085657808E-06));
#5552 = CARTESIAN_POINT('',(4.566600499847E-02,8.511303818062E-06));
#5553 = CARTESIAN_POINT('',(4.282549074915E-02,1.165909849594E-05));
#5554 = CARTESIAN_POINT('',(3.998296080107E-02,1.531199484068E-05));
#5555 = CARTESIAN_POINT('',(3.713845889262E-02,1.947551800163E-05));
#5556 = CARTESIAN_POINT('',(3.429202868544E-02,2.415519312801E-05));
#5557 = CARTESIAN_POINT('',(3.144371376013E-02,2.935654536916E-05));
#5558 = CARTESIAN_POINT('',(2.859355761197E-02,3.508509987425E-05));
#5559 = CARTESIAN_POINT('',(2.57416036467E-02,4.13463817927E-05));
#5560 = CARTESIAN_POINT('',(2.288789517617E-02,4.814591627361E-05));
#5561 = CARTESIAN_POINT('',(2.003247541417E-02,5.548922846649E-05));
#5562 = CARTESIAN_POINT('',(1.717538747191E-02,6.338184352033E-05));
#5563 = CARTESIAN_POINT('',(1.431667435404E-02,7.182928658467E-05));
#5564 = CARTESIAN_POINT('',(1.145637895381E-02,8.08370828086E-05));
#5565 = CARTESIAN_POINT('',(8.59454405006E-03,9.041075734152E-05));
#5566 = CARTESIAN_POINT('',(5.73121229842E-03,1.005558353326E-04));
#5567 = CARTESIAN_POINT('',(2.86642624364E-03,1.112778419313E-04));
#5568 = CARTESIAN_POINT('',(9.556275832027E-04,1.188141488349E-04));
#5569 = CARTESIAN_POINT('',(0.,1.22680298771E-04));
#5570 = ( GEOMETRIC_REPRESENTATION_CONTEXT(2) 
PARAMETRIC_REPRESENTATION_CONTEXT() REPRESENTATION_CONTEXT('2D SPACE',''
  ) );
#5571 = ORIENTED_EDGE('',*,*,#5572,.T.);
#5572 = EDGE_CURVE('',#5500,#5573,#5575,.T.);
#5573 = VERTEX_POINT('',#5574);
#5574 = CARTESIAN_POINT('',(2.3,-2.1,4.941926223421));
#5575 = SURFACE_CURVE('',#5576,(#5580,#5587),.PCURVE_S1.);
#5576 = LINE('',#5577,#5578);
#5577 = CARTESIAN_POINT('',(1.432287565554,-2.1,4.941926223422));
#5578 = VECTOR('',#5579,1.);
#5579 = DIRECTION('',(1.,-5.432034821951E-29,-2.446371E-13));
#5580 = PCURVE('',#5367,#5581);
#5581 = DEFINITIONAL_REPRESENTATION('',(#5582),#5586);
#5582 = LINE('',#5583,#5584);
#5583 = CARTESIAN_POINT('',(0.785398163397,1.709787565553));
#5584 = VECTOR('',#5585,1.);
#5585 = DIRECTION('',(8.155422554796E-13,1.));
#5586 = ( GEOMETRIC_REPRESENTATION_CONTEXT(2) 
PARAMETRIC_REPRESENTATION_CONTEXT() REPRESENTATION_CONTEXT('2D SPACE',''
  ) );
#5587 = PCURVE('',#2737,#5588);
#5588 = DEFINITIONAL_REPRESENTATION('',(#5589),#5593);
#5589 = LINE('',#5590,#5591);
#5590 = CARTESIAN_POINT('',(-0.367712434447,2.1));
#5591 = VECTOR('',#5592,1.);
#5592 = DIRECTION('',(1.,-2.446371E-13));
#5593 = ( GEOMETRIC_REPRESENTATION_CONTEXT(2) 
PARAMETRIC_REPRESENTATION_CONTEXT() REPRESENTATION_CONTEXT('2D SPACE',''
  ) );
#5594 = ORIENTED_EDGE('',*,*,#5595,.T.);
#5595 = EDGE_CURVE('',#5573,#5359,#5596,.T.);
#5596 = SURFACE_CURVE('',#5597,(#5602,#5609),.PCURVE_S1.);
#5597 = CIRCLE('',#5598,0.3);
#5598 = AXIS2_PLACEMENT_3D('',#5599,#5600,#5601);
#5599 = CARTESIAN_POINT('',(2.3,-1.8,4.941926223421));
#5600 = DIRECTION('',(-1.,0.,0.));
#5601 = DIRECTION('',(0.,-0.707106781187,0.707106781187));
#5602 = PCURVE('',#5367,#5603);
#5603 = DEFINITIONAL_REPRESENTATION('',(#5604),#5608);
#5604 = LINE('',#5605,#5606);
#5605 = CARTESIAN_POINT('',(6.28318530718,2.5775));
#5606 = VECTOR('',#5607,1.);
#5607 = DIRECTION('',(-1.,0.));
#5608 = ( GEOMETRIC_REPRESENTATION_CONTEXT(2) 
PARAMETRIC_REPRESENTATION_CONTEXT() REPRESENTATION_CONTEXT('2D SPACE',''
  ) );
#5609 = PCURVE('',#3917,#5610);
#5610 = DEFINITIONAL_REPRESENTATION('',(#5611),#5619);
#5611 = ( BOUNDED_CURVE() B_SPLINE_CURVE(2,(#5612,#5613,#5614,#5615,
#5616,#5617,#5618),.UNSPECIFIED.,.T.,.F.) B_SPLINE_CURVE_WITH_KNOTS((1,2
    ,2,2,2,1),(-2.094395102393,0.,2.094395102393,4.188790204786,
6.28318530718,8.377580409573),.UNSPECIFIED.) CURVE() 
GEOMETRIC_REPRESENTATION_ITEM() RATIONAL_B_SPLINE_CURVE((1.,0.5,1.,0.5,
1.,0.5,1.)) REPRESENTATION_ITEM('') );
#5612 = CARTESIAN_POINT('',(-0.112132034356,-8.786796564404E-02));
#5613 = CARTESIAN_POINT('',(0.255291427062,0.279555495773));
#5614 = CARTESIAN_POINT('',(0.389777747887,-0.222354286469));
#5615 = CARTESIAN_POINT('',(0.524264068712,-0.724264068712));
#5616 = CARTESIAN_POINT('',(2.235428646924E-02,-0.589777747887));
#5617 = CARTESIAN_POINT('',(-0.479555495773,-0.455291427062));
#5618 = CARTESIAN_POINT('',(-0.112132034356,-8.786796564404E-02));
#5619 = ( GEOMETRIC_REPRESENTATION_CONTEXT(2) 
PARAMETRIC_REPRESENTATION_CONTEXT() REPRESENTATION_CONTEXT('2D SPACE',''
  ) );
#5620 = ADVANCED_FACE('',(#5621),#5218,.F.);
#5621 = FACE_BOUND('',#5622,.F.);
#5622 = EDGE_LOOP('',(#5623,#5695,#5719,#5747,#5769,#5770));
#5623 = ORIENTED_EDGE('',*,*,#5624,.F.);
#5624 = EDGE_CURVE('',#5625,#5627,#5629,.T.);
#5625 = VERTEX_POINT('',#5626);
#5626 = CARTESIAN_POINT('',(-1.432287565553,-1.9,4.941926223421));
#5627 = VERTEX_POINT('',#5628);
#5628 = CARTESIAN_POINT('',(-1.441421356239,-1.89963135486,
    4.950504867186));
#5629 = SURFACE_CURVE('',#5630,(#5637,#5666),.PCURVE_S1.);
#5630 = B_SPLINE_CURVE_WITH_KNOTS('',3,(#5631,#5632,#5633,#5634,#5635,
    #5636),.UNSPECIFIED.,.F.,.F.,(4,2,4),(0.44635616615,0.452640929909,
    0.458766781018),.UNSPECIFIED.);
#5631 = CARTESIAN_POINT('',(-1.432287565553,-1.9,4.941926223421));
#5632 = CARTESIAN_POINT('',(-1.43387021324,-1.9,4.943321987485));
#5633 = CARTESIAN_POINT('',(-1.435425021439,-1.899970771433,
    4.944737743741));
#5634 = CARTESIAN_POINT('',(-1.438438585897,-1.89985045182,
    4.947569290893));
#5635 = CARTESIAN_POINT('',(-1.439932274435,-1.899759570544,
    4.949015785382));
#5636 = CARTESIAN_POINT('',(-1.441421356239,-1.89963135486,
    4.950504867186));
#5637 = PCURVE('',#5218,#5638);
#5638 = DEFINITIONAL_REPRESENTATION('',(#5639),#5665);
#5639 = B_SPLINE_CURVE_WITH_KNOTS('',3,(#5640,#5641,#5642,#5643,#5644,
    #5645,#5646,#5647,#5648,#5649,#5650,#5651,#5652,#5653,#5654,#5655,
    #5656,#5657,#5658,#5659,#5660,#5661,#5662,#5663,#5664),
  .UNSPECIFIED.,.F.,.F.,(4,1,1,1,1,1,1,1,1,1,1,1,1,1,1,1,1,1,1,1,1,1,4),
  (0.44635616615,0.446920285007,0.447484403865,0.448048522723,
    0.44861264158,0.449176760438,0.449740879296,0.450304998153,
    0.450869117011,0.451433235869,0.451997354726,0.452561473584,
    0.453125592442,0.453689711299,0.454253830157,0.454817949015,
    0.455382067872,0.45594618673,0.456510305588,0.457074424445,
    0.457638543303,0.45820266216,0.458766781018),.QUASI_UNIFORM_KNOTS.);
#5640 = CARTESIAN_POINT('',(6.220521391596,0.2));
#5641 = CARTESIAN_POINT('',(6.221468445382,0.2));
#5642 = CARTESIAN_POINT('',(6.223361936154,0.200000470978));
#5643 = CARTESIAN_POINT('',(6.226200303689,0.200002601111));
#5644 = CARTESIAN_POINT('',(6.229036784379,0.200006165639));
#5645 = CARTESIAN_POINT('',(6.231871359999,0.200011175294));
#5646 = CARTESIAN_POINT('',(6.234704011717,0.200017640803));
#5647 = CARTESIAN_POINT('',(6.237534722543,0.200025572907));
#5648 = CARTESIAN_POINT('',(6.240363468135,0.200034982303));
#5649 = CARTESIAN_POINT('',(6.243190251146,0.200045879842));
#5650 = CARTESIAN_POINT('',(6.246014973048,0.200058275803));
#5651 = CARTESIAN_POINT('',(6.248837912498,0.200072182602));
#5652 = CARTESIAN_POINT('',(6.251657940054,0.200087604682));
#5653 = CARTESIAN_POINT('',(6.254479180979,0.200104576239));
#5654 = CARTESIAN_POINT('',(6.257311941967,0.200123185697));
#5655 = CARTESIAN_POINT('',(6.260153316221,0.200143445175));
#5656 = CARTESIAN_POINT('',(6.263003750856,0.200165386138));
#5657 = CARTESIAN_POINT('',(6.265862794747,0.200189034867));
#5658 = CARTESIAN_POINT('',(6.268730237917,0.20021441903));
#5659 = CARTESIAN_POINT('',(6.271605806264,0.200241565926));
#5660 = CARTESIAN_POINT('',(6.274489243388,0.200270502951));
#5661 = CARTESIAN_POINT('',(6.277380288704,0.200301257477));
#5662 = CARTESIAN_POINT('',(6.280278683286,0.20033385688));
#5663 = CARTESIAN_POINT('',(6.282215673443,0.200356837984));
#5664 = CARTESIAN_POINT('',(6.28318530718,0.200368645141));
#5665 = ( GEOMETRIC_REPRESENTATION_CONTEXT(2) 
PARAMETRIC_REPRESENTATION_CONTEXT() REPRESENTATION_CONTEXT('2D SPACE',''
  ) );
#5666 = PCURVE('',#4845,#5667);
#5667 = DEFINITIONAL_REPRESENTATION('',(#5668),#5694);
#5668 = B_SPLINE_CURVE_WITH_KNOTS('',3,(#5669,#5670,#5671,#5672,#5673,
    #5674,#5675,#5676,#5677,#5678,#5679,#5680,#5681,#5682,#5683,#5684,
    #5685,#5686,#5687,#5688,#5689,#5690,#5691,#5692,#5693),
  .UNSPECIFIED.,.F.,.F.,(4,1,1,1,1,1,1,1,1,1,1,1,1,1,1,1,1,1,1,1,1,1,4),
  (0.44635616615,0.446920285007,0.447484403865,0.448048522723,
    0.44861264158,0.449176760438,0.449740879296,0.450304998153,
    0.450869117011,0.451433235869,0.451997354726,0.452561473584,
    0.453125592442,0.453689711299,0.454253830157,0.454817949015,
    0.455382067872,0.45594618673,0.456510305588,0.457074424445,
    0.457638543303,0.45820266216,0.458766781018),.QUASI_UNIFORM_KNOTS.);
#5669 = CARTESIAN_POINT('',(0.785398163397,-1.000708618185));
#5670 = CARTESIAN_POINT('',(0.784145328921,-1.000850676254));
#5671 = CARTESIAN_POINT('',(0.781636438757,-1.001134343797));
#5672 = CARTESIAN_POINT('',(0.777863465574,-1.001558495453));
#5673 = CARTESIAN_POINT('',(0.774080880527,-1.001981293573));
#5674 = CARTESIAN_POINT('',(0.770288708388,-1.002402734299));
#5675 = CARTESIAN_POINT('',(0.76648697391,-1.002822813697));
#5676 = CARTESIAN_POINT('',(0.762675698336,-1.003241528117));
#5677 = CARTESIAN_POINT('',(0.758854912044,-1.003658872851));
#5678 = CARTESIAN_POINT('',(0.755024607421,-1.004074847137));
#5679 = CARTESIAN_POINT('',(0.751184914686,-1.004489435488));
#5680 = CARTESIAN_POINT('',(0.74733544567,-1.00490267737));
#5681 = CARTESIAN_POINT('',(0.743477742848,-1.005314407167));
#5682 = CARTESIAN_POINT('',(0.739606139394,-1.005725224631));
#5683 = CARTESIAN_POINT('',(0.735706351275,-1.00613661774));
#5684 = CARTESIAN_POINT('',(0.731782229364,-1.006548150803));
#5685 = CARTESIAN_POINT('',(0.727833019403,-1.00695987636));
#5686 = CARTESIAN_POINT('',(0.723859198244,-1.007371716129));
#5687 = CARTESIAN_POINT('',(0.719860909995,-1.007783626882));
#5688 = CARTESIAN_POINT('',(0.715838384993,-1.008195555997));
#5689 = CARTESIAN_POINT('',(0.711791827519,-1.008607453371));
#5690 = CARTESIAN_POINT('',(0.707721445755,-1.009019268226));
#5691 = CARTESIAN_POINT('',(0.703627444003,-1.009430949963));
#5692 = CARTESIAN_POINT('',(0.700882497083,-1.009705281945));
#5693 = CARTESIAN_POINT('',(0.699506154218,-1.00984240887));
#5694 = ( GEOMETRIC_REPRESENTATION_CONTEXT(2) 
PARAMETRIC_REPRESENTATION_CONTEXT() REPRESENTATION_CONTEXT('2D SPACE',''
  ) );
#5695 = ORIENTED_EDGE('',*,*,#5696,.F.);
#5696 = EDGE_CURVE('',#5697,#5625,#5699,.T.);
#5697 = VERTEX_POINT('',#5698);
#5698 = CARTESIAN_POINT('',(-1.3,-1.9,4.891926223421));
#5699 = SURFACE_CURVE('',#5700,(#5705,#5712),.PCURVE_S1.);
#5700 = CIRCLE('',#5701,0.2);
#5701 = AXIS2_PLACEMENT_3D('',#5702,#5703,#5704);
#5702 = CARTESIAN_POINT('',(-1.3,-1.9,5.091926223421));
#5703 = DIRECTION('',(2.252983656874E-33,1.,-2.22044604925E-16));
#5704 = DIRECTION('',(-0.707106781187,-1.570092458684E-16,
    -0.707106781187));
#5705 = PCURVE('',#5218,#5706);
#5706 = DEFINITIONAL_REPRESENTATION('',(#5707),#5711);
#5707 = LINE('',#5708,#5709);
#5708 = CARTESIAN_POINT('',(0.,0.2));
#5709 = VECTOR('',#5710,1.);
#5710 = DIRECTION('',(1.,0.));
#5711 = ( GEOMETRIC_REPRESENTATION_CONTEXT(2) 
PARAMETRIC_REPRESENTATION_CONTEXT() REPRESENTATION_CONTEXT('2D SPACE',''
  ) );
#5712 = PCURVE('',#2794,#5713);
#5713 = DEFINITIONAL_REPRESENTATION('',(#5714),#5718);
#5714 = CIRCLE('',#5715,0.2);
#5715 = AXIS2_PLACEMENT_2D('',#5716,#5717);
#5716 = CARTESIAN_POINT('',(0.436842105263,2.228947368421));
#5717 = DIRECTION('',(0.707106781187,-0.707106781187));
#5718 = ( GEOMETRIC_REPRESENTATION_CONTEXT(2) 
PARAMETRIC_REPRESENTATION_CONTEXT() REPRESENTATION_CONTEXT('2D SPACE',''
  ) );
#5719 = ORIENTED_EDGE('',*,*,#5720,.F.);
#5720 = EDGE_CURVE('',#5721,#5697,#5723,.T.);
#5721 = VERTEX_POINT('',#5722);
#5722 = CARTESIAN_POINT('',(-1.3,-2.1,4.891926223421));
#5723 = SURFACE_CURVE('',#5724,(#5728,#5735),.PCURVE_S1.);
#5724 = LINE('',#5725,#5726);
#5725 = CARTESIAN_POINT('',(-1.3,-2.1,4.891926223421));
#5726 = VECTOR('',#5727,1.);
#5727 = DIRECTION('',(0.,1.,-2.22044604925E-16));
#5728 = PCURVE('',#5218,#5729);
#5729 = DEFINITIONAL_REPRESENTATION('',(#5730),#5734);
#5730 = LINE('',#5731,#5732);
#5731 = CARTESIAN_POINT('',(5.497787143782,0.));
#5732 = VECTOR('',#5733,1.);
#5733 = DIRECTION('',(0.,1.));
#5734 = ( GEOMETRIC_REPRESENTATION_CONTEXT(2) 
PARAMETRIC_REPRESENTATION_CONTEXT() REPRESENTATION_CONTEXT('2D SPACE',''
  ) );
#5735 = PCURVE('',#5736,#5741);
#5736 = PLANE('',#5737);
#5737 = AXIS2_PLACEMENT_3D('',#5738,#5739,#5740);
#5738 = CARTESIAN_POINT('',(-1.5,-2.1,4.891926223421));
#5739 = DIRECTION('',(0.,-2.22044604925E-16,-1.));
#5740 = DIRECTION('',(0.,1.,-2.22044604925E-16));
#5741 = DEFINITIONAL_REPRESENTATION('',(#5742),#5746);
#5742 = LINE('',#5743,#5744);
#5743 = CARTESIAN_POINT('',(0.,0.2));
#5744 = VECTOR('',#5745,1.);
#5745 = DIRECTION('',(1.,0.));
#5746 = ( GEOMETRIC_REPRESENTATION_CONTEXT(2) 
PARAMETRIC_REPRESENTATION_CONTEXT() REPRESENTATION_CONTEXT('2D SPACE',''
  ) );
#5747 = ORIENTED_EDGE('',*,*,#5748,.F.);
#5748 = EDGE_CURVE('',#5157,#5721,#5749,.T.);
#5749 = SURFACE_CURVE('',#5750,(#5755,#5762),.PCURVE_S1.);
#5750 = CIRCLE('',#5751,0.2);
#5751 = AXIS2_PLACEMENT_3D('',#5752,#5753,#5754);
#5752 = CARTESIAN_POINT('',(-1.3,-2.1,5.091926223421));
#5753 = DIRECTION('',(-2.252983656874E-33,-1.,2.22044604925E-16));
#5754 = DIRECTION('',(-0.707106781187,-1.570092458684E-16,
    -0.707106781187));
#5755 = PCURVE('',#5218,#5756);
#5756 = DEFINITIONAL_REPRESENTATION('',(#5757),#5761);
#5757 = LINE('',#5758,#5759);
#5758 = CARTESIAN_POINT('',(6.28318530718,0.));
#5759 = VECTOR('',#5760,1.);
#5760 = DIRECTION('',(-1.,0.));
#5761 = ( GEOMETRIC_REPRESENTATION_CONTEXT(2) 
PARAMETRIC_REPRESENTATION_CONTEXT() REPRESENTATION_CONTEXT('2D SPACE',''
  ) );
#5762 = PCURVE('',#2737,#5763);
#5763 = DEFINITIONAL_REPRESENTATION('',(#5764),#5768);
#5764 = CIRCLE('',#5765,0.2);
#5765 = AXIS2_PLACEMENT_2D('',#5766,#5767);
#5766 = CARTESIAN_POINT('',(-3.1,2.25));
#5767 = DIRECTION('',(-0.707106781187,-0.707106781187));
#5768 = ( GEOMETRIC_REPRESENTATION_CONTEXT(2) 
PARAMETRIC_REPRESENTATION_CONTEXT() REPRESENTATION_CONTEXT('2D SPACE',''
  ) );
#5769 = ORIENTED_EDGE('',*,*,#5179,.F.);
#5770 = ORIENTED_EDGE('',*,*,#5771,.T.);
#5771 = EDGE_CURVE('',#5180,#5627,#5772,.T.);
#5772 = SURFACE_CURVE('',#5773,(#5777,#5784),.PCURVE_S1.);
#5773 = LINE('',#5774,#5775);
#5774 = CARTESIAN_POINT('',(-1.441421356237,-2.099877319701,
    4.950504867184));
#5775 = VECTOR('',#5776,1.);
#5776 = DIRECTION('',(-8.803234E-12,1.,8.801902955395E-12));
#5777 = PCURVE('',#5218,#5778);
#5778 = DEFINITIONAL_REPRESENTATION('',(#5779),#5783);
#5779 = LINE('',#5780,#5781);
#5780 = CARTESIAN_POINT('',(6.28318530718,1.22680298771E-04));
#5781 = VECTOR('',#5782,1.);
#5782 = DIRECTION('',(0.,1.));
#5783 = ( GEOMETRIC_REPRESENTATION_CONTEXT(2) 
PARAMETRIC_REPRESENTATION_CONTEXT() REPRESENTATION_CONTEXT('2D SPACE',''
  ) );
#5784 = PCURVE('',#4745,#5785);
#5785 = DEFINITIONAL_REPRESENTATION('',(#5786),#5790);
#5786 = LINE('',#5787,#5788);
#5787 = CARTESIAN_POINT('',(0.,1.22680298771E-04));
#5788 = VECTOR('',#5789,1.);
#5789 = DIRECTION('',(0.,1.));
#5790 = ( GEOMETRIC_REPRESENTATION_CONTEXT(2) 
PARAMETRIC_REPRESENTATION_CONTEXT() REPRESENTATION_CONTEXT('2D SPACE',''
  ) );
#5791 = ADVANCED_FACE('',(#5792),#5807,.F.);
#5792 = FACE_BOUND('',#5793,.F.);
#5793 = EDGE_LOOP('',(#5794,#5829,#5897,#5920,#5994));
#5794 = ORIENTED_EDGE('',*,*,#5795,.F.);
#5795 = EDGE_CURVE('',#5796,#5798,#5800,.T.);
#5796 = VERTEX_POINT('',#5797);
#5797 = CARTESIAN_POINT('',(-1.49364916731,-1.9,5.041926223421));
#5798 = VERTEX_POINT('',#5799);
#5799 = CARTESIAN_POINT('',(-1.441421356237,-1.808578643763,
    5.041926223421));
#5800 = SURFACE_CURVE('',#5801,(#5806,#5818),.PCURVE_S1.);
#5801 = CIRCLE('',#5802,0.2);
#5802 = AXIS2_PLACEMENT_3D('',#5803,#5804,#5805);
#5803 = CARTESIAN_POINT('',(-1.3,-1.95,5.041926223421));
#5804 = DIRECTION('',(2.252983656874E-33,-2.22044604925E-16,-1.));
#5805 = DIRECTION('',(-0.707106781187,0.707106781187,-1.570092458684E-16
    ));
#5806 = PCURVE('',#5807,#5812);
#5807 = CYLINDRICAL_SURFACE('',#5808,0.2);
#5808 = AXIS2_PLACEMENT_3D('',#5809,#5810,#5811);
#5809 = CARTESIAN_POINT('',(-1.3,-1.95,5.066926223421));
#5810 = DIRECTION('',(0.,-2.22044604925E-16,-1.));
#5811 = DIRECTION('',(-0.707106781187,0.707106781187,-1.570092458684E-16
    ));
#5812 = DEFINITIONAL_REPRESENTATION('',(#5813),#5817);
#5813 = LINE('',#5814,#5815);
#5814 = CARTESIAN_POINT('',(0.,2.5E-02));
#5815 = VECTOR('',#5816,1.);
#5816 = DIRECTION('',(1.,0.));
#5817 = ( GEOMETRIC_REPRESENTATION_CONTEXT(2) 
PARAMETRIC_REPRESENTATION_CONTEXT() REPRESENTATION_CONTEXT('2D SPACE',''
  ) );
#5818 = PCURVE('',#4470,#5819);
#5819 = DEFINITIONAL_REPRESENTATION('',(#5820),#5828);
#5820 = ( BOUNDED_CURVE() B_SPLINE_CURVE(2,(#5821,#5822,#5823,#5824,
#5825,#5826,#5827),.UNSPECIFIED.,.T.,.F.) B_SPLINE_CURVE_WITH_KNOTS((1,2
    ,2,2,2,1),(-2.094395102393,0.,2.094395102393,4.188790204786,
6.28318530718,8.377580409573),.UNSPECIFIED.) CURVE() 
GEOMETRIC_REPRESENTATION_ITEM() RATIONAL_B_SPLINE_CURVE((1.,0.5,1.,0.5,
1.,0.5,1.)) REPRESENTATION_ITEM('') );
#5821 = CARTESIAN_POINT('',(1.108578643763,-1.441421356237));
#5822 = CARTESIAN_POINT('',(0.863629669484,-1.196472381959));
#5823 = CARTESIAN_POINT('',(1.198236190979,-1.106814834742));
#5824 = CARTESIAN_POINT('',(1.532842712475,-1.017157287525));
#5825 = CARTESIAN_POINT('',(1.443185165258,-1.35176380902));
#5826 = CARTESIAN_POINT('',(1.353527618041,-1.686370330515));
#5827 = CARTESIAN_POINT('',(1.108578643763,-1.441421356237));
#5828 = ( GEOMETRIC_REPRESENTATION_CONTEXT(2) 
PARAMETRIC_REPRESENTATION_CONTEXT() REPRESENTATION_CONTEXT('2D SPACE',''
  ) );
#5829 = ORIENTED_EDGE('',*,*,#5830,.T.);
#5830 = EDGE_CURVE('',#5796,#5831,#5833,.T.);
#5831 = VERTEX_POINT('',#5832);
#5832 = CARTESIAN_POINT('',(-1.5,-1.95,5.091926223421));
#5833 = SURFACE_CURVE('',#5834,(#5839,#5868),.PCURVE_S1.);
#5834 = ELLIPSE('',#5835,0.282842712475,0.2);
#5835 = AXIS2_PLACEMENT_3D('',#5836,#5837,#5838);
#5836 = CARTESIAN_POINT('',(-1.3,-1.95,5.091926223421));
#5837 = DIRECTION('',(3.324240347444E-32,0.707106781187,0.707106781187)
  );
#5838 = DIRECTION('',(-1.471962E-16,0.707106781187,-0.707106781187));
#5839 = PCURVE('',#5807,#5840);
#5840 = DEFINITIONAL_REPRESENTATION('',(#5841),#5867);
#5841 = B_SPLINE_CURVE_WITH_KNOTS('',3,(#5842,#5843,#5844,#5845,#5846,
    #5847,#5848,#5849,#5850,#5851,#5852,#5853,#5854,#5855,#5856,#5857,
    #5858,#5859,#5860,#5861,#5862,#5863,#5864,#5865,#5866),
  .UNSPECIFIED.,.F.,.F.,(4,1,1,1,1,1,1,1,1,1,1,1,1,1,1,1,1,1,1,1,1,1,4),
  (1.318116071653,1.329601537796,1.341087003938,1.352572470081,
    1.364057936224,1.375543402367,1.38702886851,1.398514334653,
    1.409999800795,1.421485266938,1.432970733081,1.444456199224,
    1.455941665367,1.46742713151,1.478912597652,1.490398063795,
    1.501883529938,1.513368996081,1.524854462224,1.536339928366,
    1.547825394509,1.559310860652,1.570796326795),
  .QUASI_UNIFORM_KNOTS.);
#5842 = CARTESIAN_POINT('',(5.750467398924,2.5E-02));
#5843 = CARTESIAN_POINT('',(5.74663891021,2.425861641705E-02));
#5844 = CARTESIAN_POINT('',(5.738981932781,2.277365039062E-02));
#5845 = CARTESIAN_POINT('',(5.727496466639,2.053989950552E-02));
#5846 = CARTESIAN_POINT('',(5.716011000496,1.830014119699E-02));
#5847 = CARTESIAN_POINT('',(5.704525534353,1.605467098646E-02));
#5848 = CARTESIAN_POINT('',(5.69304006821,1.380378506658E-02));
#5849 = CARTESIAN_POINT('',(5.681554602067,1.154778036646E-02));
#5850 = CARTESIAN_POINT('',(5.670069135924,9.286954484557E-03));
#5851 = CARTESIAN_POINT('',(5.658583669782,7.021605656867E-03));
#5852 = CARTESIAN_POINT('',(5.647098203639,4.752032715623E-03));
#5853 = CARTESIAN_POINT('',(5.635612737496,2.478535050389E-03));
#5854 = CARTESIAN_POINT('',(5.624127271353,2.014125684263E-04));
#5855 = CARTESIAN_POINT('',(5.61264180521,-2.07903434483E-03));
#5856 = CARTESIAN_POINT('',(5.601156339068,-4.362504865406E-03));
#5857 = CARTESIAN_POINT('',(5.589670872925,-6.648697770471E-03));
#5858 = CARTESIAN_POINT('',(5.578185406782,-8.937311478071E-03));
#5859 = CARTESIAN_POINT('',(5.566699940639,-1.122804408691E-02));
#5860 = CARTESIAN_POINT('',(5.555214474496,-1.35205934162E-02));
#5861 = CARTESIAN_POINT('',(5.543729008353,-1.581465704541E-02));
#5862 = CARTESIAN_POINT('',(5.532243542211,-1.810993235459E-02));
#5863 = CARTESIAN_POINT('',(5.520758076068,-2.040611656267E-02));
#5864 = CARTESIAN_POINT('',(5.509272609925,-2.270290677355E-02));
#5865 = CARTESIAN_POINT('',(5.501615632496,-2.423430225315E-02));
#5866 = CARTESIAN_POINT('',(5.497787143782,-2.5E-02));
#5867 = ( GEOMETRIC_REPRESENTATION_CONTEXT(2) 
PARAMETRIC_REPRESENTATION_CONTEXT() REPRESENTATION_CONTEXT('2D SPACE',''
  ) );
#5868 = PCURVE('',#4745,#5869);
#5869 = DEFINITIONAL_REPRESENTATION('',(#5870),#5896);
#5870 = B_SPLINE_CURVE_WITH_KNOTS('',3,(#5871,#5872,#5873,#5874,#5875,
    #5876,#5877,#5878,#5879,#5880,#5881,#5882,#5883,#5884,#5885,#5886,
    #5887,#5888,#5889,#5890,#5891,#5892,#5893,#5894,#5895),
  .UNSPECIFIED.,.F.,.F.,(4,1,1,1,1,1,1,1,1,1,1,1,1,1,1,1,1,1,1,1,1,1,4),
  (1.318116071653,1.329601537796,1.341087003938,1.352572470081,
    1.364057936224,1.375543402367,1.38702886851,1.398514334653,
    1.409999800795,1.421485266938,1.432970733081,1.444456199224,
    1.455941665367,1.46742713151,1.478912597652,1.490398063795,
    1.501883529938,1.513368996081,1.524854462224,1.536339928366,
    1.547825394509,1.559310860652,1.570796326795),
  .QUASI_UNIFORM_KNOTS.);
#5871 = CARTESIAN_POINT('',(0.532717908255,0.2));
#5872 = CARTESIAN_POINT('',(0.53654639697,0.199258616417));
#5873 = CARTESIAN_POINT('',(0.544203374398,0.197773650391));
#5874 = CARTESIAN_POINT('',(0.555688840541,0.195539899506));
#5875 = CARTESIAN_POINT('',(0.567174306684,0.193300141197));
#5876 = CARTESIAN_POINT('',(0.578659772827,0.191054670986));
#5877 = CARTESIAN_POINT('',(0.590145238969,0.188803785067));
#5878 = CARTESIAN_POINT('',(0.601630705112,0.186547780366));
#5879 = CARTESIAN_POINT('',(0.613116171255,0.184286954485));
#5880 = CARTESIAN_POINT('',(0.624601637398,0.182021605657));
#5881 = CARTESIAN_POINT('',(0.636087103541,0.179752032716));
#5882 = CARTESIAN_POINT('',(0.647572569684,0.17747853505));
#5883 = CARTESIAN_POINT('',(0.659058035826,0.175201412568));
#5884 = CARTESIAN_POINT('',(0.670543501969,0.172920965655));
#5885 = CARTESIAN_POINT('',(0.682028968112,0.170637495135));
#5886 = CARTESIAN_POINT('',(0.693514434255,0.16835130223));
#5887 = CARTESIAN_POINT('',(0.704999900398,0.166062688522));
#5888 = CARTESIAN_POINT('',(0.716485366541,0.163771955913));
#5889 = CARTESIAN_POINT('',(0.727970832683,0.161479406584));
#5890 = CARTESIAN_POINT('',(0.739456298826,0.159185342955));
#5891 = CARTESIAN_POINT('',(0.750941764969,0.156890067645));
#5892 = CARTESIAN_POINT('',(0.762427231112,0.154593883437));
#5893 = CARTESIAN_POINT('',(0.773912697255,0.152297093226));
#5894 = CARTESIAN_POINT('',(0.781569674683,0.150765697747));
#5895 = CARTESIAN_POINT('',(0.785398163397,0.15));
#5896 = ( GEOMETRIC_REPRESENTATION_CONTEXT(2) 
PARAMETRIC_REPRESENTATION_CONTEXT() REPRESENTATION_CONTEXT('2D SPACE',''
  ) );
#5897 = ORIENTED_EDGE('',*,*,#5898,.F.);
#5898 = EDGE_CURVE('',#5899,#5831,#5901,.T.);
#5899 = VERTEX_POINT('',#5900);
#5900 = CARTESIAN_POINT('',(-1.5,-1.95,5.201733844557));
#5901 = SURFACE_CURVE('',#5902,(#5906,#5913),.PCURVE_S1.);
#5902 = LINE('',#5903,#5904);
#5903 = CARTESIAN_POINT('',(-1.5,-1.95,5.201733844557));
#5904 = VECTOR('',#5905,1.);
#5905 = DIRECTION('',(0.,-2.22044604925E-16,-1.));
#5906 = PCURVE('',#5807,#5907);
#5907 = DEFINITIONAL_REPRESENTATION('',(#5908),#5912);
#5908 = LINE('',#5909,#5910);
#5909 = CARTESIAN_POINT('',(5.497787143782,-0.134807621135));
#5910 = VECTOR('',#5911,1.);
#5911 = DIRECTION('',(0.,1.));
#5912 = ( GEOMETRIC_REPRESENTATION_CONTEXT(2) 
PARAMETRIC_REPRESENTATION_CONTEXT() REPRESENTATION_CONTEXT('2D SPACE',''
  ) );
#5913 = PCURVE('',#5341,#5914);
#5914 = DEFINITIONAL_REPRESENTATION('',(#5915),#5919);
#5915 = LINE('',#5916,#5917);
#5916 = CARTESIAN_POINT('',(-0.15,-4.019237886466E-02));
#5917 = VECTOR('',#5918,1.);
#5918 = DIRECTION('',(0.,-1.));
#5919 = ( GEOMETRIC_REPRESENTATION_CONTEXT(2) 
PARAMETRIC_REPRESENTATION_CONTEXT() REPRESENTATION_CONTEXT('2D SPACE',''
  ) );
#5920 = ORIENTED_EDGE('',*,*,#5921,.F.);
#5921 = EDGE_CURVE('',#5922,#5899,#5924,.T.);
#5922 = VERTEX_POINT('',#5923);
#5923 = CARTESIAN_POINT('',(-1.441421356237,-1.808578643763,
    5.241803543123));
#5924 = SURFACE_CURVE('',#5925,(#5936,#5965),.PCURVE_S1.);
#5925 = B_SPLINE_CURVE_WITH_KNOTS('',3,(#5926,#5927,#5928,#5929,#5930,
    #5931,#5932,#5933,#5934,#5935),.UNSPECIFIED.,.F.,.F.,(4,2,2,2,4),(
    0.771187757405,0.795031347428,0.85238400707,0.914379383021,
    0.926886382193),.UNSPECIFIED.);
#5926 = CARTESIAN_POINT('',(-1.441421356237,-1.808578643763,
    5.241803543123));
#5927 = CARTESIAN_POINT('',(-1.447393166901,-1.814550454427,
    5.241632706474));
#5928 = CARTESIAN_POINT('',(-1.453045608452,-1.820967656987,
    5.241268855423));
#5929 = CARTESIAN_POINT('',(-1.470753068437,-1.843878732821,
    5.239144666075));
#5930 = CARTESIAN_POINT('',(-1.480535491217,-1.861966587634,
    5.236005727463));
#5931 = CARTESIAN_POINT('',(-1.494160259832,-1.898014337058,
    5.226127116592));
#5932 = CARTESIAN_POINT('',(-1.498498739608,-1.918615050673,
    5.21836756573));
#5933 = CARTESIAN_POINT('',(-1.499887534559,-1.942208043725,
    5.206117041675));
#5934 = CARTESIAN_POINT('',(-1.5,-1.946132252631,5.203966889541));
#5935 = CARTESIAN_POINT('',(-1.5,-1.95,5.201733844557));
#5936 = PCURVE('',#5807,#5937);
#5937 = DEFINITIONAL_REPRESENTATION('',(#5938),#5964);
#5938 = B_SPLINE_CURVE_WITH_KNOTS('',3,(#5939,#5940,#5941,#5942,#5943,
    #5944,#5945,#5946,#5947,#5948,#5949,#5950,#5951,#5952,#5953,#5954,
    #5955,#5956,#5957,#5958,#5959,#5960,#5961,#5962,#5963),
  .UNSPECIFIED.,.F.,.F.,(4,1,1,1,1,1,1,1,1,1,1,1,1,1,1,1,1,1,1,1,1,1,4),
  (0.771187757405,0.778264967622,0.78534217784,0.792419388058,
    0.799496598275,0.806573808493,0.813651018711,0.820728228928,
    0.827805439146,0.834882649363,0.841959859581,0.849037069799,
    0.856114280016,0.863191490234,0.870268700452,0.877345910669,
    0.884423120887,0.891500331105,0.898577541322,0.90565475154,
    0.912731961758,0.919809171975,0.926886382193),
  .QUASI_UNIFORM_KNOTS.);
#5939 = CARTESIAN_POINT('',(6.28318530718,-0.174877319701));
#5940 = CARTESIAN_POINT('',(6.270651556736,-0.174826612284));
#5941 = CARTESIAN_POINT('',(6.245505439819,-0.174691201361));
#5942 = CARTESIAN_POINT('',(6.20764530205,-0.174375477433));
#5943 = CARTESIAN_POINT('',(6.169738848485,-0.173937010564));
#5944 = CARTESIAN_POINT('',(6.131881562548,-0.173363971762));
#5945 = CARTESIAN_POINT('',(6.094144036837,-0.172638853847));
#5946 = CARTESIAN_POINT('',(6.056609771523,-0.171765289862));
#5947 = CARTESIAN_POINT('',(6.019369148869,-0.170742732668));
#5948 = CARTESIAN_POINT('',(5.982519136272,-0.169571787455));
#5949 = CARTESIAN_POINT('',(5.946158094455,-0.168252630272));
#5950 = CARTESIAN_POINT('',(5.91039692122,-0.166786001409));
#5951 = CARTESIAN_POINT('',(5.875309977547,-0.16517081333));
#5952 = CARTESIAN_POINT('',(5.841111170258,-0.163412725563));
#5953 = CARTESIAN_POINT('',(5.806522929557,-0.161443631542));
#5954 = CARTESIAN_POINT('',(5.771782869768,-0.159273404409));
#5955 = CARTESIAN_POINT('',(5.736935250458,-0.156901591124));
#5956 = CARTESIAN_POINT('',(5.702080090549,-0.154330503097));
#5957 = CARTESIAN_POINT('',(5.66730476954,-0.151561720118));
#5958 = CARTESIAN_POINT('',(5.632700927907,-0.148596983998));
#5959 = CARTESIAN_POINT('',(5.598357487111,-0.145438120097));
#5960 = CARTESIAN_POINT('',(5.564363991157,-0.142086457548));
#5961 = CARTESIAN_POINT('',(5.53079693595,-0.138545226847));
#5962 = CARTESIAN_POINT('',(5.508732285066,-0.136070800797));
#5963 = CARTESIAN_POINT('',(5.497787143782,-0.134807621135));
#5964 = ( GEOMETRIC_REPRESENTATION_CONTEXT(2) 
PARAMETRIC_REPRESENTATION_CONTEXT() REPRESENTATION_CONTEXT('2D SPACE',''
  ) );
#5965 = PCURVE('',#5116,#5966);
#5966 = DEFINITIONAL_REPRESENTATION('',(#5967),#5993);
#5967 = B_SPLINE_CURVE_WITH_KNOTS('',3,(#5968,#5969,#5970,#5971,#5972,
    #5973,#5974,#5975,#5976,#5977,#5978,#5979,#5980,#5981,#5982,#5983,
    #5984,#5985,#5986,#5987,#5988,#5989,#5990,#5991,#5992),
  .UNSPECIFIED.,.F.,.F.,(4,1,1,1,1,1,1,1,1,1,1,1,1,1,1,1,1,1,1,1,1,1,4),
  (0.771187757405,0.778264967622,0.78534217784,0.792419388058,
    0.799496598275,0.806573808493,0.813651018711,0.820728228928,
    0.827805439146,0.834882649363,0.841959859581,0.849037069799,
    0.856114280016,0.863191490234,0.870268700452,0.877345910669,
    0.884423120887,0.891500331105,0.898577541322,0.90565475154,
    0.912731961758,0.919809171975,0.926886382193),
  .QUASI_UNIFORM_KNOTS.);
#5968 = CARTESIAN_POINT('',(5.52638652152,-1.163921356237));
#5969 = CARTESIAN_POINT('',(5.532297525577,-1.165693898015));
#5970 = CARTESIAN_POINT('',(5.544383797269,-1.169182725891));
#5971 = CARTESIAN_POINT('',(5.563244777691,-1.174226139957));
#5972 = CARTESIAN_POINT('',(5.5827741176,-1.179059306554));
#5973 = CARTESIAN_POINT('',(5.602915588019,-1.183659562493));
#5974 = CARTESIAN_POINT('',(5.623631745199,-1.188004747248));
#5975 = CARTESIAN_POINT('',(5.644822832448,-1.192092236608));
#5976 = CARTESIAN_POINT('',(5.666401075321,-1.195915455183));
#5977 = CARTESIAN_POINT('',(5.688275040733,-1.199468839131));
#5978 = CARTESIAN_POINT('',(5.710356391388,-1.202746729586));
#5979 = CARTESIAN_POINT('',(5.732551035807,-1.205742836238));
#5980 = CARTESIAN_POINT('',(5.75479053204,-1.208453489574));
#5981 = CARTESIAN_POINT('',(5.776918162532,-1.210865168341));
#5982 = CARTESIAN_POINT('',(5.799741223873,-1.213069244745));
#5983 = CARTESIAN_POINT('',(5.82308903357,-1.215050795539));
#5984 = CARTESIAN_POINT('',(5.846918952893,-1.216808796215));
#5985 = CARTESIAN_POINT('',(5.871154469445,-1.218338493509));
#5986 = CARTESIAN_POINT('',(5.895729070842,-1.219636150451));
#5987 = CARTESIAN_POINT('',(5.920574990164,-1.22069769364));
#5988 = CARTESIAN_POINT('',(5.945626932335,-1.221519379111));
#5989 = CARTESIAN_POINT('',(5.970821166711,-1.222096481586));
#5990 = CARTESIAN_POINT('',(5.996098237378,-1.222427871606));
#5991 = CARTESIAN_POINT('',(6.012961701395,-1.222499226784));
#5992 = CARTESIAN_POINT('',(6.02138591938,-1.2225));
#5993 = ( GEOMETRIC_REPRESENTATION_CONTEXT(2) 
PARAMETRIC_REPRESENTATION_CONTEXT() REPRESENTATION_CONTEXT('2D SPACE',''
  ) );
#5994 = ORIENTED_EDGE('',*,*,#5995,.T.);
#5995 = EDGE_CURVE('',#5922,#5798,#5996,.T.);
#5996 = SURFACE_CURVE('',#5997,(#6001,#6008),.PCURVE_S1.);
#5997 = LINE('',#5998,#5999);
#5998 = CARTESIAN_POINT('',(-1.441421356237,-1.808578643763,
    5.241803543123));
#5999 = VECTOR('',#6000,1.);
#6000 = DIRECTION('',(0.,-2.22044604925E-16,-1.));
#6001 = PCURVE('',#5807,#6002);
#6002 = DEFINITIONAL_REPRESENTATION('',(#6003),#6007);
#6003 = LINE('',#6004,#6005);
#6004 = CARTESIAN_POINT('',(6.28318530718,-0.174877319701));
#6005 = VECTOR('',#6006,1.);
#6006 = DIRECTION('',(0.,1.));
#6007 = ( GEOMETRIC_REPRESENTATION_CONTEXT(2) 
PARAMETRIC_REPRESENTATION_CONTEXT() REPRESENTATION_CONTEXT('2D SPACE',''
  ) );
#6008 = PCURVE('',#6009,#6014);
#6009 = CYLINDRICAL_SURFACE('',#6010,0.2);
#6010 = AXIS2_PLACEMENT_3D('',#6011,#6012,#6013);
#6011 = CARTESIAN_POINT('',(-1.3,-1.95,5.066926223421));
#6012 = DIRECTION('',(0.,-2.22044604925E-16,-1.));
#6013 = DIRECTION('',(-0.707106781187,0.707106781187,-1.570092458684E-16
    ));
#6014 = DEFINITIONAL_REPRESENTATION('',(#6015),#6019);
#6015 = LINE('',#6016,#6017);
#6016 = CARTESIAN_POINT('',(0.,-0.174877319701));
#6017 = VECTOR('',#6018,1.);
#6018 = DIRECTION('',(0.,1.));
#6019 = ( GEOMETRIC_REPRESENTATION_CONTEXT(2) 
PARAMETRIC_REPRESENTATION_CONTEXT() REPRESENTATION_CONTEXT('2D SPACE',''
  ) );
#6020 = ADVANCED_FACE('',(#6021),#5030,.F.);
#6021 = FACE_BOUND('',#6022,.F.);
#6022 = EDGE_LOOP('',(#6023,#6099,#6122,#6190,#6213,#6283,#6284));
#6023 = ORIENTED_EDGE('',*,*,#6024,.F.);
#6024 = EDGE_CURVE('',#6025,#6027,#6029,.T.);
#6025 = VERTEX_POINT('',#6026);
#6026 = CARTESIAN_POINT('',(1.5,-1.95,5.201733844557));
#6027 = VERTEX_POINT('',#6028);
#6028 = CARTESIAN_POINT('',(1.441421356237,-1.808578643763,
    5.241803543123));
#6029 = SURFACE_CURVE('',#6030,(#6041,#6070),.PCURVE_S1.);
#6030 = B_SPLINE_CURVE_WITH_KNOTS('',3,(#6031,#6032,#6033,#6034,#6035,
    #6036,#6037,#6038,#6039,#6040),.UNSPECIFIED.,.F.,.F.,(4,2,2,2,4),(
    1.5582608402,1.570767839372,1.632763215323,1.690115874965,
    1.713959464989),.UNSPECIFIED.);
#6031 = CARTESIAN_POINT('',(1.5,-1.95,5.201733844557));
#6032 = CARTESIAN_POINT('',(1.5,-1.946132252631,5.203966889541));
#6033 = CARTESIAN_POINT('',(1.499887534559,-1.942208043725,
    5.206117041675));
#6034 = CARTESIAN_POINT('',(1.498498739608,-1.918615050673,5.21836756573
    ));
#6035 = CARTESIAN_POINT('',(1.494160259832,-1.898014337058,
    5.226127116592));
#6036 = CARTESIAN_POINT('',(1.480535491218,-1.861966587634,
    5.236005727463));
#6037 = CARTESIAN_POINT('',(1.470753068438,-1.843878732821,
    5.239144666075));
#6038 = CARTESIAN_POINT('',(1.453045608452,-1.820967656987,
    5.241268855423));
#6039 = CARTESIAN_POINT('',(1.447393166901,-1.814550454427,
    5.241632706474));
#6040 = CARTESIAN_POINT('',(1.441421356237,-1.808578643763,
    5.241803543123));
#6041 = PCURVE('',#5030,#6042);
#6042 = DEFINITIONAL_REPRESENTATION('',(#6043),#6069);
#6043 = B_SPLINE_CURVE_WITH_KNOTS('',3,(#6044,#6045,#6046,#6047,#6048,
    #6049,#6050,#6051,#6052,#6053,#6054,#6055,#6056,#6057,#6058,#6059,
    #6060,#6061,#6062,#6063,#6064,#6065,#6066,#6067,#6068),
  .UNSPECIFIED.,.F.,.F.,(4,1,1,1,1,1,1,1,1,1,1,1,1,1,1,1,1,1,1,1,1,1,4),
  (1.5582608402,1.565338050418,1.572415260636,1.579492470853,
    1.586569681071,1.593646891289,1.600724101506,1.607801311724,
    1.614878521942,1.621955732159,1.629032942377,1.636110152595,
    1.643187362812,1.65026457303,1.657341783247,1.664418993465,
    1.671496203683,1.6785734139,1.685650624118,1.692727834336,
    1.699805044553,1.706882254771,1.713959464989),
  .QUASI_UNIFORM_KNOTS.);
#6044 = CARTESIAN_POINT('',(5.497787143782,0.309807621135));
#6045 = CARTESIAN_POINT('',(5.508732285066,0.311070800797));
#6046 = CARTESIAN_POINT('',(5.53079693595,0.313545226847));
#6047 = CARTESIAN_POINT('',(5.564363991157,0.317086457548));
#6048 = CARTESIAN_POINT('',(5.598357487111,0.320438120097));
#6049 = CARTESIAN_POINT('',(5.632700927907,0.323596983998));
#6050 = CARTESIAN_POINT('',(5.66730476954,0.326561720118));
#6051 = CARTESIAN_POINT('',(5.702080090549,0.329330503097));
#6052 = CARTESIAN_POINT('',(5.736935250458,0.331901591124));
#6053 = CARTESIAN_POINT('',(5.771782869768,0.334273404409));
#6054 = CARTESIAN_POINT('',(5.806522929557,0.336443631542));
#6055 = CARTESIAN_POINT('',(5.841111170258,0.338412725563));
#6056 = CARTESIAN_POINT('',(5.875309977547,0.34017081333));
#6057 = CARTESIAN_POINT('',(5.91039692122,0.341786001409));
#6058 = CARTESIAN_POINT('',(5.946158094455,0.343252630272));
#6059 = CARTESIAN_POINT('',(5.982519136272,0.344571787455));
#6060 = CARTESIAN_POINT('',(6.019369148869,0.345742732668));
#6061 = CARTESIAN_POINT('',(6.056609771523,0.346765289862));
#6062 = CARTESIAN_POINT('',(6.094144036837,0.347638853847));
#6063 = CARTESIAN_POINT('',(6.131881562548,0.348363971762));
#6064 = CARTESIAN_POINT('',(6.169738848485,0.348937010564));
#6065 = CARTESIAN_POINT('',(6.20764530205,0.349375477433));
#6066 = CARTESIAN_POINT('',(6.245505439819,0.349691201361));
#6067 = CARTESIAN_POINT('',(6.270651556736,0.349826612284));
#6068 = CARTESIAN_POINT('',(6.28318530718,0.349877319701));
#6069 = ( GEOMETRIC_REPRESENTATION_CONTEXT(2) 
PARAMETRIC_REPRESENTATION_CONTEXT() REPRESENTATION_CONTEXT('2D SPACE',''
  ) );
#6070 = PCURVE('',#5379,#6071);
#6071 = DEFINITIONAL_REPRESENTATION('',(#6072),#6098);
#6072 = B_SPLINE_CURVE_WITH_KNOTS('',3,(#6073,#6074,#6075,#6076,#6077,
    #6078,#6079,#6080,#6081,#6082,#6083,#6084,#6085,#6086,#6087,#6088,
    #6089,#6090,#6091,#6092,#6093,#6094,#6095,#6096,#6097),
  .UNSPECIFIED.,.F.,.F.,(4,1,1,1,1,1,1,1,1,1,1,1,1,1,1,1,1,1,1,1,1,1,4),
  (1.5582608402,1.565338050418,1.572415260636,1.579492470853,
    1.586569681071,1.593646891289,1.600724101506,1.607801311724,
    1.614878521942,1.621955732159,1.629032942377,1.636110152595,
    1.643187362812,1.65026457303,1.657341783247,1.664418993465,
    1.671496203683,1.6785734139,1.685650624118,1.692727834336,
    1.699805044553,1.706882254771,1.713959464989),
  .QUASI_UNIFORM_KNOTS.);
#6073 = CARTESIAN_POINT('',(6.02138591938,1.7775));
#6074 = CARTESIAN_POINT('',(6.012961701395,1.777499226784));
#6075 = CARTESIAN_POINT('',(5.996098237378,1.777427871606));
#6076 = CARTESIAN_POINT('',(5.970821166711,1.777096481585));
#6077 = CARTESIAN_POINT('',(5.945626932335,1.776519379111));
#6078 = CARTESIAN_POINT('',(5.920574990164,1.77569769364));
#6079 = CARTESIAN_POINT('',(5.895729070842,1.774636150451));
#6080 = CARTESIAN_POINT('',(5.871154469445,1.773338493508));
#6081 = CARTESIAN_POINT('',(5.846918952893,1.771808796215));
#6082 = CARTESIAN_POINT('',(5.82308903357,1.770050795538));
#6083 = CARTESIAN_POINT('',(5.799741223873,1.768069244745));
#6084 = CARTESIAN_POINT('',(5.776918162532,1.765865168341));
#6085 = CARTESIAN_POINT('',(5.75479053204,1.763453489574));
#6086 = CARTESIAN_POINT('',(5.732551035807,1.760742836238));
#6087 = CARTESIAN_POINT('',(5.710356391388,1.757746729586));
#6088 = CARTESIAN_POINT('',(5.688275040733,1.754468839131));
#6089 = CARTESIAN_POINT('',(5.666401075321,1.750915455182));
#6090 = CARTESIAN_POINT('',(5.644822832448,1.747092236608));
#6091 = CARTESIAN_POINT('',(5.623631745199,1.743004747247));
#6092 = CARTESIAN_POINT('',(5.602915588019,1.738659562492));
#6093 = CARTESIAN_POINT('',(5.5827741176,1.734059306554));
#6094 = CARTESIAN_POINT('',(5.563244777691,1.729226139957));
#6095 = CARTESIAN_POINT('',(5.544383797269,1.724182725891));
#6096 = CARTESIAN_POINT('',(5.532297525577,1.720693898015));
#6097 = CARTESIAN_POINT('',(5.52638652152,1.718921356237));
#6098 = ( GEOMETRIC_REPRESENTATION_CONTEXT(2) 
PARAMETRIC_REPRESENTATION_CONTEXT() REPRESENTATION_CONTEXT('2D SPACE',''
  ) );
#6099 = ORIENTED_EDGE('',*,*,#6100,.F.);
#6100 = EDGE_CURVE('',#6101,#6025,#6103,.T.);
#6101 = VERTEX_POINT('',#6102);
#6102 = CARTESIAN_POINT('',(1.5,-1.95,5.091926223421));
#6103 = SURFACE_CURVE('',#6104,(#6108,#6115),.PCURVE_S1.);
#6104 = LINE('',#6105,#6106);
#6105 = CARTESIAN_POINT('',(1.5,-1.95,5.091926223421));
#6106 = VECTOR('',#6107,1.);
#6107 = DIRECTION('',(0.,2.22044604925E-16,1.));
#6108 = PCURVE('',#5030,#6109);
#6109 = DEFINITIONAL_REPRESENTATION('',(#6110),#6114);
#6110 = LINE('',#6111,#6112);
#6111 = CARTESIAN_POINT('',(5.497787143782,0.2));
#6112 = VECTOR('',#6113,1.);
#6113 = DIRECTION('',(0.,1.));
#6114 = ( GEOMETRIC_REPRESENTATION_CONTEXT(2) 
PARAMETRIC_REPRESENTATION_CONTEXT() REPRESENTATION_CONTEXT('2D SPACE',''
  ) );
#6115 = PCURVE('',#5408,#6116);
#6116 = DEFINITIONAL_REPRESENTATION('',(#6117),#6121);
#6117 = LINE('',#6118,#6119);
#6118 = CARTESIAN_POINT('',(0.15,0.2));
#6119 = VECTOR('',#6120,1.);
#6120 = DIRECTION('',(0.,1.));
#6121 = ( GEOMETRIC_REPRESENTATION_CONTEXT(2) 
PARAMETRIC_REPRESENTATION_CONTEXT() REPRESENTATION_CONTEXT('2D SPACE',''
  ) );
#6122 = ORIENTED_EDGE('',*,*,#6123,.F.);
#6123 = EDGE_CURVE('',#6124,#6101,#6126,.T.);
#6124 = VERTEX_POINT('',#6125);
#6125 = CARTESIAN_POINT('',(1.493649167311,-1.9,5.041926223421));
#6126 = SURFACE_CURVE('',#6127,(#6132,#6161),.PCURVE_S1.);
#6127 = ELLIPSE('',#6128,0.282842712475,0.2);
#6128 = AXIS2_PLACEMENT_3D('',#6129,#6130,#6131);
#6129 = CARTESIAN_POINT('',(1.3,-1.95,5.091926223421));
#6130 = DIRECTION('',(-1.018980400447E-31,-0.707106781187,
    -0.707106781187));
#6131 = DIRECTION('',(-1.2757E-15,0.707106781187,-0.707106781187));
#6132 = PCURVE('',#5030,#6133);
#6133 = DEFINITIONAL_REPRESENTATION('',(#6134),#6160);
#6134 = B_SPLINE_CURVE_WITH_KNOTS('',3,(#6135,#6136,#6137,#6138,#6139,
    #6140,#6141,#6142,#6143,#6144,#6145,#6146,#6147,#6148,#6149,#6150,
    #6151,#6152,#6153,#6154,#6155,#6156,#6157,#6158,#6159),
  .UNSPECIFIED.,.F.,.F.,(4,1,1,1,1,1,1,1,1,1,1,1,1,1,1,1,1,1,1,1,1,1,4),
  (1.318116071653,1.329601537796,1.341087003938,1.352572470081,
    1.364057936224,1.375543402367,1.38702886851,1.398514334653,
    1.409999800795,1.421485266938,1.432970733081,1.444456199224,
    1.455941665367,1.467427131509,1.478912597652,1.490398063795,
    1.501883529938,1.513368996081,1.524854462224,1.536339928366,
    1.547825394509,1.559310860652,1.570796326795),
  .QUASI_UNIFORM_KNOTS.);
#6135 = CARTESIAN_POINT('',(5.750467398924,0.15));
#6136 = CARTESIAN_POINT('',(5.74663891021,0.150741383583));
#6137 = CARTESIAN_POINT('',(5.738981932781,0.152226349609));
#6138 = CARTESIAN_POINT('',(5.727496466639,0.154460100494));
#6139 = CARTESIAN_POINT('',(5.716011000496,0.156699858803));
#6140 = CARTESIAN_POINT('',(5.704525534353,0.158945329014));
#6141 = CARTESIAN_POINT('',(5.69304006821,0.161196214933));
#6142 = CARTESIAN_POINT('',(5.681554602067,0.163452219634));
#6143 = CARTESIAN_POINT('',(5.670069135924,0.165713045515));
#6144 = CARTESIAN_POINT('',(5.658583669782,0.167978394343));
#6145 = CARTESIAN_POINT('',(5.647098203639,0.170247967284));
#6146 = CARTESIAN_POINT('',(5.635612737496,0.17252146495));
#6147 = CARTESIAN_POINT('',(5.624127271353,0.174798587432));
#6148 = CARTESIAN_POINT('',(5.61264180521,0.177079034345));
#6149 = CARTESIAN_POINT('',(5.601156339068,0.179362504865));
#6150 = CARTESIAN_POINT('',(5.589670872925,0.18164869777));
#6151 = CARTESIAN_POINT('',(5.578185406782,0.183937311478));
#6152 = CARTESIAN_POINT('',(5.566699940639,0.186228044087));
#6153 = CARTESIAN_POINT('',(5.555214474496,0.188520593416));
#6154 = CARTESIAN_POINT('',(5.543729008353,0.190814657045));
#6155 = CARTESIAN_POINT('',(5.532243542211,0.193109932355));
#6156 = CARTESIAN_POINT('',(5.520758076068,0.195406116563));
#6157 = CARTESIAN_POINT('',(5.509272609925,0.197702906774));
#6158 = CARTESIAN_POINT('',(5.501615632496,0.199234302253));
#6159 = CARTESIAN_POINT('',(5.497787143782,0.2));
#6160 = ( GEOMETRIC_REPRESENTATION_CONTEXT(2) 
PARAMETRIC_REPRESENTATION_CONTEXT() REPRESENTATION_CONTEXT('2D SPACE',''
  ) );
#6161 = PCURVE('',#5465,#6162);
#6162 = DEFINITIONAL_REPRESENTATION('',(#6163),#6189);
#6163 = B_SPLINE_CURVE_WITH_KNOTS('',3,(#6164,#6165,#6166,#6167,#6168,
    #6169,#6170,#6171,#6172,#6173,#6174,#6175,#6176,#6177,#6178,#6179,
    #6180,#6181,#6182,#6183,#6184,#6185,#6186,#6187,#6188),
  .UNSPECIFIED.,.F.,.F.,(4,1,1,1,1,1,1,1,1,1,1,1,1,1,1,1,1,1,1,1,1,1,4),
  (1.318116071653,1.329601537796,1.341087003938,1.352572470081,
    1.364057936224,1.375543402367,1.38702886851,1.398514334653,
    1.409999800795,1.421485266938,1.432970733081,1.444456199224,
    1.455941665367,1.467427131509,1.478912597652,1.490398063795,
    1.501883529938,1.513368996081,1.524854462224,1.536339928366,
    1.547825394509,1.559310860652,1.570796326795),
  .QUASI_UNIFORM_KNOTS.);
#6164 = CARTESIAN_POINT('',(5.750467398924,0.2));
#6165 = CARTESIAN_POINT('',(5.74663891021,0.199258616417));
#6166 = CARTESIAN_POINT('',(5.738981932781,0.197773650391));
#6167 = CARTESIAN_POINT('',(5.727496466639,0.195539899506));
#6168 = CARTESIAN_POINT('',(5.716011000496,0.193300141197));
#6169 = CARTESIAN_POINT('',(5.704525534353,0.191054670986));
#6170 = CARTESIAN_POINT('',(5.69304006821,0.188803785067));
#6171 = CARTESIAN_POINT('',(5.681554602067,0.186547780366));
#6172 = CARTESIAN_POINT('',(5.670069135924,0.184286954485));
#6173 = CARTESIAN_POINT('',(5.658583669782,0.182021605657));
#6174 = CARTESIAN_POINT('',(5.647098203639,0.179752032716));
#6175 = CARTESIAN_POINT('',(5.635612737496,0.17747853505));
#6176 = CARTESIAN_POINT('',(5.624127271353,0.175201412568));
#6177 = CARTESIAN_POINT('',(5.61264180521,0.172920965655));
#6178 = CARTESIAN_POINT('',(5.601156339068,0.170637495135));
#6179 = CARTESIAN_POINT('',(5.589670872925,0.16835130223));
#6180 = CARTESIAN_POINT('',(5.578185406782,0.166062688522));
#6181 = CARTESIAN_POINT('',(5.566699940639,0.163771955913));
#6182 = CARTESIAN_POINT('',(5.555214474496,0.161479406584));
#6183 = CARTESIAN_POINT('',(5.543729008353,0.159185342955));
#6184 = CARTESIAN_POINT('',(5.532243542211,0.156890067645));
#6185 = CARTESIAN_POINT('',(5.520758076068,0.154593883437));
#6186 = CARTESIAN_POINT('',(5.509272609925,0.152297093226));
#6187 = CARTESIAN_POINT('',(5.501615632496,0.150765697747));
#6188 = CARTESIAN_POINT('',(5.497787143782,0.15));
#6189 = ( GEOMETRIC_REPRESENTATION_CONTEXT(2) 
PARAMETRIC_REPRESENTATION_CONTEXT() REPRESENTATION_CONTEXT('2D SPACE',''
  ) );
#6190 = ORIENTED_EDGE('',*,*,#6191,.F.);
#6191 = EDGE_CURVE('',#6192,#6124,#6194,.T.);
#6192 = VERTEX_POINT('',#6193);
#6193 = CARTESIAN_POINT('',(1.493649167311,-1.9,4.941926223421));
#6194 = SURFACE_CURVE('',#6195,(#6199,#6206),.PCURVE_S1.);
#6195 = LINE('',#6196,#6197);
#6196 = CARTESIAN_POINT('',(1.493649167311,-1.9,4.941926223421));
#6197 = VECTOR('',#6198,1.);
#6198 = DIRECTION('',(0.,2.22044604925E-16,1.));
#6199 = PCURVE('',#5030,#6200);
#6200 = DEFINITIONAL_REPRESENTATION('',(#6201),#6205);
#6201 = LINE('',#6202,#6203);
#6202 = CARTESIAN_POINT('',(5.750467398924,5.E-02));
#6203 = VECTOR('',#6204,1.);
#6204 = DIRECTION('',(0.,1.));
#6205 = ( GEOMETRIC_REPRESENTATION_CONTEXT(2) 
PARAMETRIC_REPRESENTATION_CONTEXT() REPRESENTATION_CONTEXT('2D SPACE',''
  ) );
#6206 = PCURVE('',#2794,#6207);
#6207 = DEFINITIONAL_REPRESENTATION('',(#6208),#6212);
#6208 = LINE('',#6209,#6210);
#6209 = CARTESIAN_POINT('',(-2.356807062047,2.078947368421));
#6210 = VECTOR('',#6211,1.);
#6211 = DIRECTION('',(0.,1.));
#6212 = ( GEOMETRIC_REPRESENTATION_CONTEXT(2) 
PARAMETRIC_REPRESENTATION_CONTEXT() REPRESENTATION_CONTEXT('2D SPACE',''
  ) );
#6213 = ORIENTED_EDGE('',*,*,#6214,.F.);
#6214 = EDGE_CURVE('',#4990,#6192,#6215,.T.);
#6215 = SURFACE_CURVE('',#6216,(#6225,#6254),.PCURVE_S1.);
#6216 = B_SPLINE_CURVE_WITH_KNOTS('',3,(#6217,#6218,#6219,#6220,#6221,
    #6222,#6223,#6224),.UNSPECIFIED.,.F.,.F.,(4,2,2,4),(1.149040756109,
    1.153777941328,1.189558916662,1.225339891997),.UNSPECIFIED.);
#6217 = CARTESIAN_POINT('',(1.483611555818,-1.870710678101,
    5.012636901558));
#6218 = CARTESIAN_POINT('',(1.484093863181,-1.871827565005,
    5.011520014654));
#6219 = CARTESIAN_POINT('',(1.48454587708,-1.872902353783,5.01039200038)
  );
#6220 = CARTESIAN_POINT('',(1.488150774111,-1.881667478902,
    5.000769590044));
#6221 = CARTESIAN_POINT('',(1.490388518871,-1.888558401239,
    4.990051346821));
#6222 = CARTESIAN_POINT('',(1.493106855135,-1.897725733042,
    4.966589981833));
#6223 = CARTESIAN_POINT('',(1.493649167311,-1.9,4.953853215199));
#6224 = CARTESIAN_POINT('',(1.493649167311,-1.9,4.941926223421));
#6225 = PCURVE('',#5030,#6226);
#6226 = DEFINITIONAL_REPRESENTATION('',(#6227),#6253);
#6227 = B_SPLINE_CURVE_WITH_KNOTS('',3,(#6228,#6229,#6230,#6231,#6232,
    #6233,#6234,#6235,#6236,#6237,#6238,#6239,#6240,#6241,#6242,#6243,
    #6244,#6245,#6246,#6247,#6248,#6249,#6250,#6251,#6252),
  .UNSPECIFIED.,.F.,.F.,(4,1,1,1,1,1,1,1,1,1,1,1,1,1,1,1,1,1,1,1,1,1,4),
  (1.149040756109,1.152508898649,1.155977041189,1.15944518373,
    1.16291332627,1.16638146881,1.169849611351,1.173317753891,
    1.176785896431,1.180254038972,1.183722181512,1.187190324053,
    1.190658466593,1.194126609133,1.197594751674,1.201062894214,
    1.204531036754,1.207999179295,1.211467321835,1.214935464375,
    1.218403606916,1.221871749456,1.225339891997),
  .QUASI_UNIFORM_KNOTS.);
#6228 = CARTESIAN_POINT('',(5.905430187928,0.120710678136));
#6229 = CARTESIAN_POINT('',(5.900944775193,0.119884954008));
#6230 = CARTESIAN_POINT('',(5.892357208324,0.118249341812));
#6231 = CARTESIAN_POINT('',(5.880281878896,0.115771549239));
#6232 = CARTESIAN_POINT('',(5.868482924847,0.113159261724));
#6233 = CARTESIAN_POINT('',(5.857081317675,0.110436192318));
#6234 = CARTESIAN_POINT('',(5.846089017556,0.10760435855));
#6235 = CARTESIAN_POINT('',(5.835547704748,0.10467159111));
#6236 = CARTESIAN_POINT('',(5.825491534314,0.101644163556));
#6237 = CARTESIAN_POINT('',(5.815957088333,9.85287648232E-02));
#6238 = CARTESIAN_POINT('',(5.806980555363,9.533197946149E-02));
#6239 = CARTESIAN_POINT('',(5.798598846233,9.206039418737E-02));
#6240 = CARTESIAN_POINT('',(5.790847780276,8.872069143734E-02));
#6241 = CARTESIAN_POINT('',(5.783768094376,8.531916860078E-02));
#6242 = CARTESIAN_POINT('',(5.777380523115,8.18637813288E-02));
#6243 = CARTESIAN_POINT('',(5.771677321614,7.836482861108E-02));
#6244 = CARTESIAN_POINT('',(5.766656560912,7.483213051941E-02));
#6245 = CARTESIAN_POINT('',(5.762314788292,7.127563545122E-02));
#6246 = CARTESIAN_POINT('',(5.758649025965,6.77052574192E-02));
#6247 = CARTESIAN_POINT('',(5.755656254612,6.413091964939E-02));
#6248 = CARTESIAN_POINT('',(5.753333558303,6.056254289913E-02));
#6249 = CARTESIAN_POINT('',(5.75167808009,5.701004858726E-02));
#6250 = CARTESIAN_POINT('',(5.750687016422,5.34833579553E-02));
#6251 = CARTESIAN_POINT('',(5.750467398902,5.115604751346E-02));
#6252 = CARTESIAN_POINT('',(5.750467398924,5.E-02));
#6253 = ( GEOMETRIC_REPRESENTATION_CONTEXT(2) 
PARAMETRIC_REPRESENTATION_CONTEXT() REPRESENTATION_CONTEXT('2D SPACE',''
  ) );
#6254 = PCURVE('',#5078,#6255);
#6255 = DEFINITIONAL_REPRESENTATION('',(#6256),#6282);
#6256 = B_SPLINE_CURVE_WITH_KNOTS('',3,(#6257,#6258,#6259,#6260,#6261,
    #6262,#6263,#6264,#6265,#6266,#6267,#6268,#6269,#6270,#6271,#6272,
    #6273,#6274,#6275,#6276,#6277,#6278,#6279,#6280,#6281),
  .UNSPECIFIED.,.F.,.F.,(4,1,1,1,1,1,1,1,1,1,1,1,1,1,1,1,1,1,1,1,1,1,4),
  (1.149040756109,1.152508898649,1.155977041189,1.15944518373,
    1.16291332627,1.16638146881,1.169849611351,1.173317753891,
    1.176785896431,1.180254038972,1.183722181512,1.187190324053,
    1.190658466593,1.194126609133,1.197594751674,1.201062894214,
    1.204531036754,1.207999179295,1.211467321835,1.214935464375,
    1.218403606916,1.221871749456,1.225339891997),
  .QUASI_UNIFORM_KNOTS.);
#6257 = CARTESIAN_POINT('',(0.,1.915190503187));
#6258 = CARTESIAN_POINT('',(1.166399185701E-02,1.915545811772));
#6259 = CARTESIAN_POINT('',(3.44104360066E-02,1.916216220527));
#6260 = CARTESIAN_POINT('',(6.777638975451E-02,1.917130509477));
#6261 = CARTESIAN_POINT('',(0.101892543943,1.917997051104));
#6262 = CARTESIAN_POINT('',(0.136467288038,1.918809456958));
#6263 = CARTESIAN_POINT('',(0.17150340067,1.919569903804));
#6264 = CARTESIAN_POINT('',(0.206924571414,1.920278273002));
#6265 = CARTESIAN_POINT('',(0.242676540086,1.920935062312));
#6266 = CARTESIAN_POINT('',(0.278701148452,1.921540599292));
#6267 = CARTESIAN_POINT('',(0.314944459744,1.922095275919));
#6268 = CARTESIAN_POINT('',(0.351355880542,1.922599396691));
#6269 = CARTESIAN_POINT('',(0.387889244971,1.923053551603));
#6270 = CARTESIAN_POINT('',(0.424504952345,1.923457276142));
#6271 = CARTESIAN_POINT('',(0.461164508747,1.923815123576));
#6272 = CARTESIAN_POINT('',(0.497829190162,1.924128983533));
#6273 = CARTESIAN_POINT('',(0.534455373217,1.92440025164));
#6274 = CARTESIAN_POINT('',(0.570995363185,1.92463045589));
#6275 = CARTESIAN_POINT('',(0.607398307149,1.924821088807));
#6276 = CARTESIAN_POINT('',(0.643611132427,1.924973652419));
#6277 = CARTESIAN_POINT('',(0.679579474473,1.925089646211));
#6278 = CARTESIAN_POINT('',(0.715248676065,1.925170570345));
#6279 = CARTESIAN_POINT('',(0.750564432557,1.925217924803));
#6280 = CARTESIAN_POINT('',(0.773837854249,1.925228114679));
#6281 = CARTESIAN_POINT('',(0.785398163397,1.925228114679));
#6282 = ( GEOMETRIC_REPRESENTATION_CONTEXT(2) 
PARAMETRIC_REPRESENTATION_CONTEXT() REPRESENTATION_CONTEXT('2D SPACE',''
  ) );
#6283 = ORIENTED_EDGE('',*,*,#4989,.F.);
#6284 = ORIENTED_EDGE('',*,*,#6285,.T.);
#6285 = EDGE_CURVE('',#4915,#6027,#6286,.T.);
#6286 = SURFACE_CURVE('',#6287,(#6291,#6298),.PCURVE_S1.);
#6287 = LINE('',#6288,#6289);
#6288 = CARTESIAN_POINT('',(1.441421356239,-1.808578643765,
    5.041557578281));
#6289 = VECTOR('',#6290,1.);
#6290 = DIRECTION('',(-8.804343E-12,8.803456044605E-12,1.));
#6291 = PCURVE('',#5030,#6292);
#6292 = DEFINITIONAL_REPRESENTATION('',(#6293),#6297);
#6293 = LINE('',#6294,#6295);
#6294 = CARTESIAN_POINT('',(6.28318530718,0.149631354859));
#6295 = VECTOR('',#6296,1.);
#6296 = DIRECTION('',(0.,1.));
#6297 = ( GEOMETRIC_REPRESENTATION_CONTEXT(2) 
PARAMETRIC_REPRESENTATION_CONTEXT() REPRESENTATION_CONTEXT('2D SPACE',''
  ) );
#6298 = PCURVE('',#4955,#6299);
#6299 = DEFINITIONAL_REPRESENTATION('',(#6300),#6304);
#6300 = LINE('',#6301,#6302);
#6301 = CARTESIAN_POINT('',(0.,0.149631354859));
#6302 = VECTOR('',#6303,1.);
#6303 = DIRECTION('',(0.,1.));
#6304 = ( GEOMETRIC_REPRESENTATION_CONTEXT(2) 
PARAMETRIC_REPRESENTATION_CONTEXT() REPRESENTATION_CONTEXT('2D SPACE',''
  ) );
#6305 = ADVANCED_FACE('',(#6306),#5465,.F.);
#6306 = FACE_BOUND('',#6307,.F.);
#6307 = EDGE_LOOP('',(#6308,#6332,#6333,#6354,#6355));
#6308 = ORIENTED_EDGE('',*,*,#6309,.F.);
#6309 = EDGE_CURVE('',#6124,#6310,#6312,.T.);
#6310 = VERTEX_POINT('',#6311);
#6311 = CARTESIAN_POINT('',(1.441421356237,-1.9,4.950504867184));
#6312 = SURFACE_CURVE('',#6313,(#6318,#6325),.PCURVE_S1.);
#6313 = CIRCLE('',#6314,0.2);
#6314 = AXIS2_PLACEMENT_3D('',#6315,#6316,#6317);
#6315 = CARTESIAN_POINT('',(1.3,-1.9,5.091926223421));
#6316 = DIRECTION('',(-9.47335896082E-33,1.,-2.22044604925E-16));
#6317 = DIRECTION('',(0.707106781187,-1.570092458684E-16,-0.707106781187
    ));
#6318 = PCURVE('',#5465,#6319);
#6319 = DEFINITIONAL_REPRESENTATION('',(#6320),#6324);
#6320 = LINE('',#6321,#6322);
#6321 = CARTESIAN_POINT('',(0.,0.2));
#6322 = VECTOR('',#6323,1.);
#6323 = DIRECTION('',(1.,0.));
#6324 = ( GEOMETRIC_REPRESENTATION_CONTEXT(2) 
PARAMETRIC_REPRESENTATION_CONTEXT() REPRESENTATION_CONTEXT('2D SPACE',''
  ) );
#6325 = PCURVE('',#2794,#6326);
#6326 = DEFINITIONAL_REPRESENTATION('',(#6327),#6331);
#6327 = CIRCLE('',#6328,0.2);
#6328 = AXIS2_PLACEMENT_2D('',#6329,#6330);
#6329 = CARTESIAN_POINT('',(-2.163157894737,2.228947368421));
#6330 = DIRECTION('',(-0.707106781187,-0.707106781187));
#6331 = ( GEOMETRIC_REPRESENTATION_CONTEXT(2) 
PARAMETRIC_REPRESENTATION_CONTEXT() REPRESENTATION_CONTEXT('2D SPACE',''
  ) );
#6332 = ORIENTED_EDGE('',*,*,#6123,.T.);
#6333 = ORIENTED_EDGE('',*,*,#6334,.F.);
#6334 = EDGE_CURVE('',#5392,#6101,#6335,.T.);
#6335 = SURFACE_CURVE('',#6336,(#6340,#6347),.PCURVE_S1.);
#6336 = LINE('',#6337,#6338);
#6337 = CARTESIAN_POINT('',(1.5,-2.059807621136,5.091926223421));
#6338 = VECTOR('',#6339,1.);
#6339 = DIRECTION('',(0.,1.,-2.22044604925E-16));
#6340 = PCURVE('',#5465,#6341);
#6341 = DEFINITIONAL_REPRESENTATION('',(#6342),#6346);
#6342 = LINE('',#6343,#6344);
#6343 = CARTESIAN_POINT('',(5.497787143782,4.019237886467E-02));
#6344 = VECTOR('',#6345,1.);
#6345 = DIRECTION('',(0.,1.));
#6346 = ( GEOMETRIC_REPRESENTATION_CONTEXT(2) 
PARAMETRIC_REPRESENTATION_CONTEXT() REPRESENTATION_CONTEXT('2D SPACE',''
  ) );
#6347 = PCURVE('',#5408,#6348);
#6348 = DEFINITIONAL_REPRESENTATION('',(#6349),#6353);
#6349 = LINE('',#6350,#6351);
#6350 = CARTESIAN_POINT('',(4.019237886467E-02,0.2));
#6351 = VECTOR('',#6352,1.);
#6352 = DIRECTION('',(1.,0.));
#6353 = ( GEOMETRIC_REPRESENTATION_CONTEXT(2) 
PARAMETRIC_REPRESENTATION_CONTEXT() REPRESENTATION_CONTEXT('2D SPACE',''
  ) );
#6354 = ORIENTED_EDGE('',*,*,#5420,.F.);
#6355 = ORIENTED_EDGE('',*,*,#6356,.T.);
#6356 = EDGE_CURVE('',#5421,#6310,#6357,.T.);
#6357 = SURFACE_CURVE('',#6358,(#6362,#6369),.PCURVE_S1.);
#6358 = LINE('',#6359,#6360);
#6359 = CARTESIAN_POINT('',(1.441421356237,-2.099877319701,
    4.950504867184));
#6360 = VECTOR('',#6361,1.);
#6361 = DIRECTION('',(0.,1.,-2.22044604925E-16));
#6362 = PCURVE('',#5465,#6363);
#6363 = DEFINITIONAL_REPRESENTATION('',(#6364),#6368);
#6364 = LINE('',#6365,#6366);
#6365 = CARTESIAN_POINT('',(6.28318530718,1.22680298771E-04));
#6366 = VECTOR('',#6367,1.);
#6367 = DIRECTION('',(0.,1.));
#6368 = ( GEOMETRIC_REPRESENTATION_CONTEXT(2) 
PARAMETRIC_REPRESENTATION_CONTEXT() REPRESENTATION_CONTEXT('2D SPACE',''
  ) );
#6369 = PCURVE('',#5538,#6370);
#6370 = DEFINITIONAL_REPRESENTATION('',(#6371),#6375);
#6371 = LINE('',#6372,#6373);
#6372 = CARTESIAN_POINT('',(0.,1.22680298771E-04));
#6373 = VECTOR('',#6374,1.);
#6374 = DIRECTION('',(0.,1.));
#6375 = ( GEOMETRIC_REPRESENTATION_CONTEXT(2) 
PARAMETRIC_REPRESENTATION_CONTEXT() REPRESENTATION_CONTEXT('2D SPACE',''
  ) );
#6376 = ADVANCED_FACE('',(#6377),#6392,.F.);
#6377 = FACE_BOUND('',#6378,.F.);
#6378 = EDGE_LOOP('',(#6379,#6410,#6487,#6560,#6588,#6612));
#6379 = ORIENTED_EDGE('',*,*,#6380,.F.);
#6380 = EDGE_CURVE('',#6381,#6383,#6385,.T.);
#6381 = VERTEX_POINT('',#6382);
#6382 = CARTESIAN_POINT('',(1.320999639479,-0.588689780317,
    5.241926223421));
#6383 = VERTEX_POINT('',#6384);
#6384 = CARTESIAN_POINT('',(1.299999999999,-0.65,5.241926223421));
#6385 = SURFACE_CURVE('',#6386,(#6391,#6403),.PCURVE_S1.);
#6386 = CIRCLE('',#6387,9.999999999997E-02);
#6387 = AXIS2_PLACEMENT_3D('',#6388,#6389,#6390);
#6388 = CARTESIAN_POINT('',(1.399999999999,-0.65,5.241926223421));
#6389 = DIRECTION('',(0.,2.22044604925E-16,1.));
#6390 = DIRECTION('',(-1.,0.,0.));
#6391 = PCURVE('',#6392,#6397);
#6392 = CYLINDRICAL_SURFACE('',#6393,9.999999999997E-02);
#6393 = AXIS2_PLACEMENT_3D('',#6394,#6395,#6396);
#6394 = CARTESIAN_POINT('',(1.399999999999,-0.65,5.041926223421));
#6395 = DIRECTION('',(0.,2.22044604925E-16,1.));
#6396 = DIRECTION('',(-1.,0.,0.));
#6397 = DEFINITIONAL_REPRESENTATION('',(#6398),#6402);
#6398 = LINE('',#6399,#6400);
#6399 = CARTESIAN_POINT('',(0.,0.2));
#6400 = VECTOR('',#6401,1.);
#6401 = DIRECTION('',(1.,0.));
#6402 = ( GEOMETRIC_REPRESENTATION_CONTEXT(2) 
PARAMETRIC_REPRESENTATION_CONTEXT() REPRESENTATION_CONTEXT('2D SPACE',''
  ) );
#6403 = PCURVE('',#4654,#6404);
#6404 = DEFINITIONAL_REPRESENTATION('',(#6405),#6409);
#6405 = CIRCLE('',#6406,9.999999999997E-02);
#6406 = AXIS2_PLACEMENT_2D('',#6407,#6408);
#6407 = CARTESIAN_POINT('',(-1.25,3.754999999999));
#6408 = DIRECTION('',(0.,-1.));
#6409 = ( GEOMETRIC_REPRESENTATION_CONTEXT(2) 
PARAMETRIC_REPRESENTATION_CONTEXT() REPRESENTATION_CONTEXT('2D SPACE',''
  ) );
#6410 = ORIENTED_EDGE('',*,*,#6411,.T.);
#6411 = EDGE_CURVE('',#6381,#6412,#6414,.T.);
#6412 = VERTEX_POINT('',#6413);
#6413 = CARTESIAN_POINT('',(1.398502890252,-0.550011207316,
    5.234345955494));
#6414 = SURFACE_CURVE('',#6415,(#6424,#6453),.PCURVE_S1.);
#6415 = B_SPLINE_CURVE_WITH_KNOTS('',3,(#6416,#6417,#6418,#6419,#6420,
    #6421,#6422,#6423),.UNSPECIFIED.,.F.,.F.,(4,2,2,4),(
    6.304770028113E-02,7.545414520084E-02,0.113347144852,0.149717492434)
  ,.UNSPECIFIED.);
#6416 = CARTESIAN_POINT('',(1.320999639479,-0.588689780317,
    5.241926223421));
#6417 = CARTESIAN_POINT('',(1.323625306374,-0.58530651677,5.241926223421
    ));
#6418 = CARTESIAN_POINT('',(1.326434915039,-0.582137810693,
    5.241900007909));
#6419 = CARTESIAN_POINT('',(1.338301450488,-0.570295569733,
    5.241651878507));
#6420 = CARTESIAN_POINT('',(1.349621178923,-0.562594355246,
    5.241093424328));
#6421 = CARTESIAN_POINT('',(1.373786316144,-0.552652092047,
    5.238606338547));
#6422 = CARTESIAN_POINT('',(1.386548369297,-0.550190199675,
    5.236706984157));
#6423 = CARTESIAN_POINT('',(1.398502890252,-0.550011207316,
    5.234345955494));
#6424 = PCURVE('',#6392,#6425);
#6425 = DEFINITIONAL_REPRESENTATION('',(#6426),#6452);
#6426 = B_SPLINE_CURVE_WITH_KNOTS('',3,(#6427,#6428,#6429,#6430,#6431,
    #6432,#6433,#6434,#6435,#6436,#6437,#6438,#6439,#6440,#6441,#6442,
    #6443,#6444,#6445,#6446,#6447,#6448,#6449,#6450,#6451),
  .UNSPECIFIED.,.F.,.F.,(4,1,1,1,1,1,1,1,1,1,1,1,1,1,1,1,1,1,1,1,1,1,4),
  (6.304770028113E-02,6.698723628809E-02,7.092677229506E-02,
    7.486630830203E-02,7.8805844309E-02,8.274538031596E-02,
    8.668491632293E-02,9.06244523299E-02,9.456398833686E-02,
    9.850352434383E-02,0.102443060351,0.106382596358,0.110322132365,
    0.114261668372,0.118201204379,0.122140740386,0.126080276393,
    0.1300198124,0.133959348407,0.137898884414,0.14183842042,
    0.145777956427,0.149717492434),.QUASI_UNIFORM_KNOTS.);
#6427 = CARTESIAN_POINT('',(5.623203858037,0.2));
#6428 = CARTESIAN_POINT('',(5.609605342566,0.2));
#6429 = CARTESIAN_POINT('',(5.582524833245,0.199994722864));
#6430 = CARTESIAN_POINT('',(5.542288531917,0.199969204889));
#6431 = CARTESIAN_POINT('',(5.502603618912,0.1999246577));
#6432 = CARTESIAN_POINT('',(5.463174922321,0.199858450628));
#6433 = CARTESIAN_POINT('',(5.423069900361,0.19976569539));
#6434 = CARTESIAN_POINT('',(5.382599828383,0.199644751311));
#6435 = CARTESIAN_POINT('',(5.341765241966,0.1994931595));
#6436 = CARTESIAN_POINT('',(5.300651242328,0.199308679918));
#6437 = CARTESIAN_POINT('',(5.259319714221,0.199089015333));
#6438 = CARTESIAN_POINT('',(5.217836247634,0.198831878431));
#6439 = CARTESIAN_POINT('',(5.176261013007,0.198534999414));
#6440 = CARTESIAN_POINT('',(5.134649054408,0.198196028506));
#6441 = CARTESIAN_POINT('',(5.093049135212,0.197812918333));
#6442 = CARTESIAN_POINT('',(5.051499133546,0.197382237773));
#6443 = CARTESIAN_POINT('',(5.010040572803,0.196905658938));
#6444 = CARTESIAN_POINT('',(4.968724249847,0.196384857255));
#6445 = CARTESIAN_POINT('',(4.927606998912,0.195821507263));
#6446 = CARTESIAN_POINT('',(4.886750708968,0.195217283737));
#6447 = CARTESIAN_POINT('',(4.84622070129,0.194573861393));
#6448 = CARTESIAN_POINT('',(4.806084193244,0.193892914958));
#6449 = CARTESIAN_POINT('',(4.766409062419,0.19317611916));
#6450 = CARTESIAN_POINT('',(4.740310737736,0.192675472203));
#6451 = CARTESIAN_POINT('',(4.727360637172,0.192419732072));
#6452 = ( GEOMETRIC_REPRESENTATION_CONTEXT(2) 
PARAMETRIC_REPRESENTATION_CONTEXT() REPRESENTATION_CONTEXT('2D SPACE',''
  ) );
#6453 = PCURVE('',#6454,#6459);
#6454 = CYLINDRICAL_SURFACE('',#6455,0.4);
#6455 = AXIS2_PLACEMENT_3D('',#6456,#6457,#6458);
#6456 = CARTESIAN_POINT('',(1.320999639479,-0.65,4.841926223421));
#6457 = DIRECTION('',(0.,-1.,2.22044604925E-16));
#6458 = DIRECTION('',(0.193758126932,2.178367109319E-16,0.981049330181)
  );
#6459 = DEFINITIONAL_REPRESENTATION('',(#6460),#6486);
#6460 = B_SPLINE_CURVE_WITH_KNOTS('',3,(#6461,#6462,#6463,#6464,#6465,
    #6466,#6467,#6468,#6469,#6470,#6471,#6472,#6473,#6474,#6475,#6476,
    #6477,#6478,#6479,#6480,#6481,#6482,#6483,#6484,#6485),
  .UNSPECIFIED.,.F.,.F.,(4,1,1,1,1,1,1,1,1,1,1,1,1,1,1,1,1,1,1,1,1,1,4),
  (6.304770028113E-02,6.698723628809E-02,7.092677229506E-02,
    7.486630830203E-02,7.8805844309E-02,8.274538031596E-02,
    8.668491632293E-02,9.06244523299E-02,9.456398833686E-02,
    9.850352434383E-02,0.102443060351,0.106382596358,0.110322132365,
    0.114261668372,0.118201204379,0.122140740386,0.126080276393,
    0.1300198124,0.133959348407,0.137898884414,0.14183842042,
    0.145777956427,0.149717492434),.QUASI_UNIFORM_KNOTS.);
#6461 = CARTESIAN_POINT('',(0.194991429547,-6.131021968347E-02));
#6462 = CARTESIAN_POINT('',(0.192907042749,-6.238453941402E-02));
#6463 = CARTESIAN_POINT('',(0.18864625584,-6.448966690396E-02));
#6464 = CARTESIAN_POINT('',(0.182004362549,-6.751263039967E-02));
#6465 = CARTESIAN_POINT('',(0.175162491076,-7.038789946615E-02));
#6466 = CARTESIAN_POINT('',(0.168082449113,-7.313321943807E-02));
#6467 = CARTESIAN_POINT('',(0.160597441229,-7.580406304173E-02));
#6468 = CARTESIAN_POINT('',(0.152776921089,-7.837479893731E-02));
#6469 = CARTESIAN_POINT('',(0.144630667022,-8.084025753815E-02));
#6470 = CARTESIAN_POINT('',(0.136184339157,-8.318978775478E-02));
#6471 = CARTESIAN_POINT('',(0.127459214378,-8.541420275587E-02));
#6472 = CARTESIAN_POINT('',(0.118477614121,-8.750394018025E-02));
#6473 = CARTESIAN_POINT('',(0.109261366641,-8.944947552804E-02));
#6474 = CARTESIAN_POINT('',(9.983242351237E-02,-9.124150838402E-02));
#6475 = CARTESIAN_POINT('',(9.021181140788E-02,-9.286980413306E-02));
#6476 = CARTESIAN_POINT('',(8.042324180847E-02,-9.432792938819E-02));
#6477 = CARTESIAN_POINT('',(7.049998872679E-02,-9.561800695781E-02));
#6478 = CARTESIAN_POINT('',(6.04741048706E-02,-9.6740670898E-02));
#6479 = CARTESIAN_POINT('',(5.037805959119E-02,-9.769695417484E-02));
#6480 = CARTESIAN_POINT('',(4.024426092378E-02,-9.848778286677E-02));
#6481 = CARTESIAN_POINT('',(3.01051423005E-02,-9.911411169275E-02));
#6482 = CARTESIAN_POINT('',(1.99930911625E-02,-9.957688769733E-02));
#6483 = CARTESIAN_POINT('',(9.940438871357E-03,-9.987705998214E-02));
#6484 = CARTESIAN_POINT('',(3.299723703709E-03,-9.996940472402E-02));
#6485 = CARTESIAN_POINT('',(0.,-9.998879268397E-02));
#6486 = ( GEOMETRIC_REPRESENTATION_CONTEXT(2) 
PARAMETRIC_REPRESENTATION_CONTEXT() REPRESENTATION_CONTEXT('2D SPACE',''
  ) );
#6487 = ORIENTED_EDGE('',*,*,#6488,.T.);
#6488 = EDGE_CURVE('',#6412,#6489,#6491,.T.);
#6489 = VERTEX_POINT('',#6490);
#6490 = CARTESIAN_POINT('',(1.4,-0.55,5.234047305534));
#6491 = SURFACE_CURVE('',#6492,(#6497,#6526),.PCURVE_S1.);
#6492 = B_SPLINE_CURVE_WITH_KNOTS('',3,(#6493,#6494,#6495,#6496),
  .UNSPECIFIED.,.F.,.F.,(4,4),(0.149717492434,0.151240144503),
  .PIECEWISE_BEZIER_KNOTS.);
#6493 = CARTESIAN_POINT('',(1.398502890252,-0.550011207316,
    5.234345955494));
#6494 = CARTESIAN_POINT('',(1.399003368726,-0.550003713764,
    5.234247110544));
#6495 = CARTESIAN_POINT('',(1.399502446685,-0.55,5.234147547253));
#6496 = CARTESIAN_POINT('',(1.4,-0.55,5.234047305534));
#6497 = PCURVE('',#6392,#6498);
#6498 = DEFINITIONAL_REPRESENTATION('',(#6499),#6525);
#6499 = B_SPLINE_CURVE_WITH_KNOTS('',3,(#6500,#6501,#6502,#6503,#6504,
    #6505,#6506,#6507,#6508,#6509,#6510,#6511,#6512,#6513,#6514,#6515,
    #6516,#6517,#6518,#6519,#6520,#6521,#6522,#6523,#6524),
  .UNSPECIFIED.,.F.,.F.,(4,1,1,1,1,1,1,1,1,1,1,1,1,1,1,1,1,1,1,1,1,1,4),
  (0.149717492434,0.149786703892,0.14985591535,0.149925126807,
    0.149994338265,0.150063549723,0.15013276118,0.150201972638,
    0.150271184096,0.150340395553,0.150409607011,0.150478818469,
    0.150548029927,0.150617241384,0.150686452842,0.1507556643,
    0.150824875757,0.150894087215,0.150963298673,0.15103251013,
    0.151101721588,0.151170933046,0.151240144503),
  .QUASI_UNIFORM_KNOTS.);
#6500 = CARTESIAN_POINT('',(4.727360637172,0.192419732072));
#6501 = CARTESIAN_POINT('',(4.727133121458,0.19241523912));
#6502 = CARTESIAN_POINT('',(4.726678150235,0.192406250247));
#6503 = CARTESIAN_POINT('',(4.725995874388,0.192392758055));
#6504 = CARTESIAN_POINT('',(4.725313779908,0.192379257003));
#6505 = CARTESIAN_POINT('',(4.724631867169,0.192365747114));
#6506 = CARTESIAN_POINT('',(4.723950136552,0.192352228409));
#6507 = CARTESIAN_POINT('',(4.723268588432,0.192338700912));
#6508 = CARTESIAN_POINT('',(4.72258722319,0.192325164645));
#6509 = CARTESIAN_POINT('',(4.721906041203,0.19231161963));
#6510 = CARTESIAN_POINT('',(4.721225042853,0.19229806589));
#6511 = CARTESIAN_POINT('',(4.720544228519,0.192284503447));
#6512 = CARTESIAN_POINT('',(4.719863598582,0.192270932324));
#6513 = CARTESIAN_POINT('',(4.719183153423,0.192257352543));
#6514 = CARTESIAN_POINT('',(4.718502893424,0.192243764128));
#6515 = CARTESIAN_POINT('',(4.717822818968,0.192230167099));
#6516 = CARTESIAN_POINT('',(4.717142930436,0.192216561481));
#6517 = CARTESIAN_POINT('',(4.716463228214,0.192202947295));
#6518 = CARTESIAN_POINT('',(4.715783712683,0.192189324563));
#6519 = CARTESIAN_POINT('',(4.715104384229,0.192175693309));
#6520 = CARTESIAN_POINT('',(4.714425243236,0.192162053555));
#6521 = CARTESIAN_POINT('',(4.71374629009,0.192148405322));
#6522 = CARTESIAN_POINT('',(4.713067525176,0.192134748635));
#6523 = CARTESIAN_POINT('',(4.71261514098,0.192125638555));
#6524 = CARTESIAN_POINT('',(4.712388980382,0.192121082113));
#6525 = ( GEOMETRIC_REPRESENTATION_CONTEXT(2) 
PARAMETRIC_REPRESENTATION_CONTEXT() REPRESENTATION_CONTEXT('2D SPACE',''
  ) );
#6526 = PCURVE('',#6527,#6532);
#6527 = CYLINDRICAL_SURFACE('',#6528,0.4);
#6528 = AXIS2_PLACEMENT_3D('',#6529,#6530,#6531);
#6529 = CARTESIAN_POINT('',(1.320999639479,-0.65,4.841926223421));
#6530 = DIRECTION('',(0.,-1.,2.22044604925E-16));
#6531 = DIRECTION('',(0.193758126932,2.178367109319E-16,0.981049330181)
  );
#6532 = DEFINITIONAL_REPRESENTATION('',(#6533),#6559);
#6533 = B_SPLINE_CURVE_WITH_KNOTS('',3,(#6534,#6535,#6536,#6537,#6538,
    #6539,#6540,#6541,#6542,#6543,#6544,#6545,#6546,#6547,#6548,#6549,
    #6550,#6551,#6552,#6553,#6554,#6555,#6556,#6557,#6558),
  .UNSPECIFIED.,.F.,.F.,(4,1,1,1,1,1,1,1,1,1,1,1,1,1,1,1,1,1,1,1,1,1,4),
  (0.149717492434,0.149786703892,0.14985591535,0.149925126807,
    0.149994338265,0.150063549723,0.15013276118,0.150201972638,
    0.150271184096,0.150340395553,0.150409607011,0.150478818469,
    0.150548029927,0.150617241384,0.150686452842,0.1507556643,
    0.150824875757,0.150894087215,0.150963298673,0.15103251013,
    0.151101721588,0.151170933046,0.151240144503),
  .QUASI_UNIFORM_KNOTS.);
#6534 = CARTESIAN_POINT('',(6.28318530718,-9.998879268397E-02));
#6535 = CARTESIAN_POINT('',(6.283127336034,-9.998913329996E-02));
#6536 = CARTESIAN_POINT('',(6.283011406498,-9.998979891299E-02));
#6537 = CARTESIAN_POINT('',(6.28283755064,-9.999075051287E-02));
#6538 = CARTESIAN_POINT('',(6.282663733404,-9.999165533028E-02));
#6539 = CARTESIAN_POINT('',(6.282489954968,-9.999251340242E-02));
#6540 = CARTESIAN_POINT('',(6.28231621551,-9.999332476651E-02));
#6541 = CARTESIAN_POINT('',(6.282142515205,-9.999408945974E-02));
#6542 = CARTESIAN_POINT('',(6.281968854233,-9.999480751932E-02));
#6543 = CARTESIAN_POINT('',(6.281795232768,-9.999547898245E-02));
#6544 = CARTESIAN_POINT('',(6.28162165099,-9.999610388634E-02));
#6545 = CARTESIAN_POINT('',(6.281448109075,-9.999668226818E-02));
#6546 = CARTESIAN_POINT('',(6.281274607201,-9.999721416519E-02));
#6547 = CARTESIAN_POINT('',(6.281101145544,-9.999769961456E-02));
#6548 = CARTESIAN_POINT('',(6.280927724283,-9.99981386535E-02));
#6549 = CARTESIAN_POINT('',(6.280754343593,-9.99985313192E-02));
#6550 = CARTESIAN_POINT('',(6.280581003654,-9.999887764889E-02));
#6551 = CARTESIAN_POINT('',(6.280407704641,-9.999917767975E-02));
#6552 = CARTESIAN_POINT('',(6.280234446732,-9.999943144899E-02));
#6553 = CARTESIAN_POINT('',(6.280061230105,-9.999963899382E-02));
#6554 = CARTESIAN_POINT('',(6.279888054936,-9.999980035143E-02));
#6555 = CARTESIAN_POINT('',(6.279714921404,-9.999991555904E-02));
#6556 = CARTESIAN_POINT('',(6.279541829685,-9.999998465384E-02));
#6557 = CARTESIAN_POINT('',(6.279426463199,-9.999999999997E-02));
#6558 = CARTESIAN_POINT('',(6.279368786984,-9.999999999997E-02));
#6559 = ( GEOMETRIC_REPRESENTATION_CONTEXT(2) 
PARAMETRIC_REPRESENTATION_CONTEXT() REPRESENTATION_CONTEXT('2D SPACE',''
  ) );
#6560 = ORIENTED_EDGE('',*,*,#6561,.F.);
#6561 = EDGE_CURVE('',#6562,#6489,#6564,.T.);
#6562 = VERTEX_POINT('',#6563);
#6563 = CARTESIAN_POINT('',(1.4,-0.55,5.041926223421));
#6564 = SURFACE_CURVE('',#6565,(#6569,#6576),.PCURVE_S1.);
#6565 = LINE('',#6566,#6567);
#6566 = CARTESIAN_POINT('',(1.4,-0.55,5.041926223421));
#6567 = VECTOR('',#6568,1.);
#6568 = DIRECTION('',(0.,2.22044604925E-16,1.));
#6569 = PCURVE('',#6392,#6570);
#6570 = DEFINITIONAL_REPRESENTATION('',(#6571),#6575);
#6571 = LINE('',#6572,#6573);
#6572 = CARTESIAN_POINT('',(4.712388980382,0.));
#6573 = VECTOR('',#6574,1.);
#6574 = DIRECTION('',(0.,1.));
#6575 = ( GEOMETRIC_REPRESENTATION_CONTEXT(2) 
PARAMETRIC_REPRESENTATION_CONTEXT() REPRESENTATION_CONTEXT('2D SPACE',''
  ) );
#6576 = PCURVE('',#6577,#6582);
#6577 = PLANE('',#6578);
#6578 = AXIS2_PLACEMENT_3D('',#6579,#6580,#6581);
#6579 = CARTESIAN_POINT('',(2.155732522284,-0.55,4.715059212204));
#6580 = DIRECTION('',(0.,1.,-2.22044604925E-16));
#6581 = DIRECTION('',(0.99995425939,-2.123739432811E-18,
    -9.56447211824E-03));
#6582 = DEFINITIONAL_REPRESENTATION('',(#6583),#6587);
#6583 = LINE('',#6584,#6585);
#6584 = CARTESIAN_POINT('',(-0.758824265034,-0.319623877483));
#6585 = VECTOR('',#6586,1.);
#6586 = DIRECTION('',(-9.56447211824E-03,-0.99995425939));
#6587 = ( GEOMETRIC_REPRESENTATION_CONTEXT(2) 
PARAMETRIC_REPRESENTATION_CONTEXT() REPRESENTATION_CONTEXT('2D SPACE',''
  ) );
#6588 = ORIENTED_EDGE('',*,*,#6589,.T.);
#6589 = EDGE_CURVE('',#6562,#6590,#6592,.T.);
#6590 = VERTEX_POINT('',#6591);
#6591 = CARTESIAN_POINT('',(1.299999999999,-0.65,5.041926223421));
#6592 = SURFACE_CURVE('',#6593,(#6598,#6605),.PCURVE_S1.);
#6593 = CIRCLE('',#6594,9.999999999997E-02);
#6594 = AXIS2_PLACEMENT_3D('',#6595,#6596,#6597);
#6595 = CARTESIAN_POINT('',(1.399999999999,-0.65,5.041926223421));
#6596 = DIRECTION('',(0.,2.22044604925E-16,1.));
#6597 = DIRECTION('',(-1.,0.,0.));
#6598 = PCURVE('',#6392,#6599);
#6599 = DEFINITIONAL_REPRESENTATION('',(#6600),#6604);
#6600 = LINE('',#6601,#6602);
#6601 = CARTESIAN_POINT('',(0.,0.));
#6602 = VECTOR('',#6603,1.);
#6603 = DIRECTION('',(1.,0.));
#6604 = ( GEOMETRIC_REPRESENTATION_CONTEXT(2) 
PARAMETRIC_REPRESENTATION_CONTEXT() REPRESENTATION_CONTEXT('2D SPACE',''
  ) );
#6605 = PCURVE('',#4470,#6606);
#6606 = DEFINITIONAL_REPRESENTATION('',(#6607),#6611);
#6607 = CIRCLE('',#6608,9.999999999997E-02);
#6608 = AXIS2_PLACEMENT_2D('',#6609,#6610);
#6609 = CARTESIAN_POINT('',(-4.999999999999E-02,1.399999999999));
#6610 = DIRECTION('',(0.,-1.));
#6611 = ( GEOMETRIC_REPRESENTATION_CONTEXT(2) 
PARAMETRIC_REPRESENTATION_CONTEXT() REPRESENTATION_CONTEXT('2D SPACE',''
  ) );
#6612 = ORIENTED_EDGE('',*,*,#6613,.T.);
#6613 = EDGE_CURVE('',#6590,#6383,#6614,.T.);
#6614 = SURFACE_CURVE('',#6615,(#6619,#6626),.PCURVE_S1.);
#6615 = LINE('',#6616,#6617);
#6616 = CARTESIAN_POINT('',(1.299999999999,-0.65,5.041926223421));
#6617 = VECTOR('',#6618,1.);
#6618 = DIRECTION('',(0.,2.22044604925E-16,1.));
#6619 = PCURVE('',#6392,#6620);
#6620 = DEFINITIONAL_REPRESENTATION('',(#6621),#6625);
#6621 = LINE('',#6622,#6623);
#6622 = CARTESIAN_POINT('',(6.28318530718,0.));
#6623 = VECTOR('',#6624,1.);
#6624 = DIRECTION('',(0.,1.));
#6625 = ( GEOMETRIC_REPRESENTATION_CONTEXT(2) 
PARAMETRIC_REPRESENTATION_CONTEXT() REPRESENTATION_CONTEXT('2D SPACE',''
  ) );
#6626 = PCURVE('',#6627,#6632);
#6627 = CYLINDRICAL_SURFACE('',#6628,9.999999999997E-02);
#6628 = AXIS2_PLACEMENT_3D('',#6629,#6630,#6631);
#6629 = CARTESIAN_POINT('',(1.399999999999,-0.65,5.041926223421));
#6630 = DIRECTION('',(0.,2.22044604925E-16,1.));
#6631 = DIRECTION('',(-1.,0.,0.));
#6632 = DEFINITIONAL_REPRESENTATION('',(#6633),#6637);
#6633 = LINE('',#6634,#6635);
#6634 = CARTESIAN_POINT('',(0.,0.));
#6635 = VECTOR('',#6636,1.);
#6636 = DIRECTION('',(0.,1.));
#6637 = ( GEOMETRIC_REPRESENTATION_CONTEXT(2) 
PARAMETRIC_REPRESENTATION_CONTEXT() REPRESENTATION_CONTEXT('2D SPACE',''
  ) );
#6638 = ADVANCED_FACE('',(#6639),#6454,.T.);
#6639 = FACE_BOUND('',#6640,.T.);
#6640 = EDGE_LOOP('',(#6641,#6708,#6783,#6804));
#6641 = ORIENTED_EDGE('',*,*,#6642,.F.);
#6642 = EDGE_CURVE('',#6643,#6412,#6645,.T.);
#6643 = VERTEX_POINT('',#6644);
#6644 = CARTESIAN_POINT('',(1.398502890246,0.59483250582,5.234345955495)
  );
#6645 = SURFACE_CURVE('',#6646,(#6650,#6679),.PCURVE_S1.);
#6646 = LINE('',#6647,#6648);
#6647 = CARTESIAN_POINT('',(1.398502890246,0.59483250582,5.234345955495)
  );
#6648 = VECTOR('',#6649,1.);
#6649 = DIRECTION('',(4.570282E-12,-1.,-9.024300553951E-13));
#6650 = PCURVE('',#6454,#6651);
#6651 = DEFINITIONAL_REPRESENTATION('',(#6652),#6678);
#6652 = B_SPLINE_CURVE_WITH_KNOTS('',3,(#6653,#6654,#6655,#6656,#6657,
    #6658,#6659,#6660,#6661,#6662,#6663,#6664,#6665,#6666,#6667,#6668,
    #6669,#6670,#6671,#6672,#6673,#6674,#6675,#6676,#6677),
  .UNSPECIFIED.,.F.,.F.,(4,1,1,1,1,1,1,1,1,1,1,1,1,1,1,1,1,1,1,1,1,1,4),
  (0.,5.203835059712E-02,0.104076701194,0.156115051791,0.208153402388,
    0.260191752986,0.312230103583,0.36426845418,0.416306804777,
    0.468345155374,0.520383505971,0.572421856568,0.624460207165,
    0.676498557763,0.72853690836,0.780575258957,0.832613609554,
    0.884651960151,0.936690310748,0.988728661345,1.040767011942,
    1.09280536254,1.144843713137),.QUASI_UNIFORM_KNOTS.);
#6653 = CARTESIAN_POINT('',(0.,-1.244832505821));
#6654 = CARTESIAN_POINT('',(7.945681150071E-12,-1.227486388955));
#6655 = CARTESIAN_POINT('',(1.513280511264E-11,-1.192794155224));
#6656 = CARTESIAN_POINT('',(1.147557956831E-11,-1.140755804626));
#6657 = CARTESIAN_POINT('',(1.16867051731E-11,-1.088717454029));
#6658 = CARTESIAN_POINT('',(1.086233766963E-11,-1.036679103432));
#6659 = CARTESIAN_POINT('',(1.031492211913E-11,-0.984640752835));
#6660 = CARTESIAN_POINT('',(9.691861195922E-12,-0.932602402238));
#6661 = CARTESIAN_POINT('',(9.091099141492E-12,-0.880564051641));
#6662 = CARTESIAN_POINT('',(8.483448322818E-12,-0.828525701044));
#6663 = CARTESIAN_POINT('',(7.877723023272E-12,-0.776487350447));
#6664 = CARTESIAN_POINT('',(7.271184411459E-12,-0.724448999849));
#6665 = CARTESIAN_POINT('',(6.665973529588E-12,-0.672410649252));
#6666 = CARTESIAN_POINT('',(6.059595709285E-12,-0.620372298655));
#6667 = CARTESIAN_POINT('',(5.453227243697E-12,-0.568333948058));
#6668 = CARTESIAN_POINT('',(4.847988297679E-12,-0.516295597461));
#6669 = CARTESIAN_POINT('',(4.24155258774E-12,-0.464257246864));
#6670 = CARTESIAN_POINT('',(3.635443744842E-12,-0.412218896267));
#6671 = CARTESIAN_POINT('',(3.029224197702E-12,-0.36018054567));
#6672 = CARTESIAN_POINT('',(2.42312060049E-12,-0.308142195072));
#6673 = CARTESIAN_POINT('',(1.816663907806E-12,-0.256103844475));
#6674 = CARTESIAN_POINT('',(1.21150364708E-12,-0.204065493878));
#6675 = CARTESIAN_POINT('',(6.048414230704E-13,-0.152027143281));
#6676 = CARTESIAN_POINT('',(2.013204417987E-13,-0.11733490955));
#6677 = CARTESIAN_POINT('',(0.,-9.998879268397E-02));
#6678 = ( GEOMETRIC_REPRESENTATION_CONTEXT(2) 
PARAMETRIC_REPRESENTATION_CONTEXT() REPRESENTATION_CONTEXT('2D SPACE',''
  ) );
#6679 = PCURVE('',#6527,#6680);
#6680 = DEFINITIONAL_REPRESENTATION('',(#6681),#6707);
#6681 = B_SPLINE_CURVE_WITH_KNOTS('',3,(#6682,#6683,#6684,#6685,#6686,
    #6687,#6688,#6689,#6690,#6691,#6692,#6693,#6694,#6695,#6696,#6697,
    #6698,#6699,#6700,#6701,#6702,#6703,#6704,#6705,#6706),
  .UNSPECIFIED.,.F.,.F.,(4,1,1,1,1,1,1,1,1,1,1,1,1,1,1,1,1,1,1,1,1,1,4),
  (0.,5.203835059712E-02,0.104076701194,0.156115051791,0.208153402388,
    0.260191752986,0.312230103583,0.36426845418,0.416306804777,
    0.468345155374,0.520383505971,0.572421856568,0.624460207165,
    0.676498557763,0.72853690836,0.780575258957,0.832613609554,
    0.884651960151,0.936690310748,0.988728661345,1.040767011942,
    1.09280536254,1.144843713137),.QUASI_UNIFORM_KNOTS.);
#6682 = CARTESIAN_POINT('',(6.28318530718,-1.244832505821));
#6683 = CARTESIAN_POINT('',(6.283185307188,-1.227486388955));
#6684 = CARTESIAN_POINT('',(6.283185307195,-1.192794155224));
#6685 = CARTESIAN_POINT('',(6.283185307191,-1.140755804626));
#6686 = CARTESIAN_POINT('',(6.283185307191,-1.088717454029));
#6687 = CARTESIAN_POINT('',(6.28318530719,-1.036679103432));
#6688 = CARTESIAN_POINT('',(6.28318530719,-0.984640752835));
#6689 = CARTESIAN_POINT('',(6.283185307189,-0.932602402238));
#6690 = CARTESIAN_POINT('',(6.283185307189,-0.880564051641));
#6691 = CARTESIAN_POINT('',(6.283185307188,-0.828525701044));
#6692 = CARTESIAN_POINT('',(6.283185307187,-0.776487350447));
#6693 = CARTESIAN_POINT('',(6.283185307187,-0.724448999849));
#6694 = CARTESIAN_POINT('',(6.283185307186,-0.672410649252));
#6695 = CARTESIAN_POINT('',(6.283185307186,-0.620372298655));
#6696 = CARTESIAN_POINT('',(6.283185307185,-0.568333948058));
#6697 = CARTESIAN_POINT('',(6.283185307184,-0.516295597461));
#6698 = CARTESIAN_POINT('',(6.283185307184,-0.464257246864));
#6699 = CARTESIAN_POINT('',(6.283185307183,-0.412218896267));
#6700 = CARTESIAN_POINT('',(6.283185307183,-0.36018054567));
#6701 = CARTESIAN_POINT('',(6.283185307182,-0.308142195072));
#6702 = CARTESIAN_POINT('',(6.283185307181,-0.256103844475));
#6703 = CARTESIAN_POINT('',(6.283185307181,-0.204065493878));
#6704 = CARTESIAN_POINT('',(6.28318530718,-0.152027143281));
#6705 = CARTESIAN_POINT('',(6.28318530718,-0.11733490955));
#6706 = CARTESIAN_POINT('',(6.28318530718,-9.998879268397E-02));
#6707 = ( GEOMETRIC_REPRESENTATION_CONTEXT(2) 
PARAMETRIC_REPRESENTATION_CONTEXT() REPRESENTATION_CONTEXT('2D SPACE',''
  ) );
#6708 = ORIENTED_EDGE('',*,*,#6709,.F.);
#6709 = EDGE_CURVE('',#6710,#6643,#6712,.T.);
#6710 = VERTEX_POINT('',#6711);
#6711 = CARTESIAN_POINT('',(1.320999639479,0.599634237984,5.241926223421
    ));
#6712 = SURFACE_CURVE('',#6713,(#6720,#6749),.PCURVE_S1.);
#6713 = B_SPLINE_CURVE_WITH_KNOTS('',3,(#6714,#6715,#6716,#6717,#6718,
    #6719),.UNSPECIFIED.,.F.,.F.,(4,2,4),(1.686533929669,1.688072268964,
    1.760655434733),.UNSPECIFIED.);
#6714 = CARTESIAN_POINT('',(1.320999639479,0.599634237984,5.241926223421
    ));
#6715 = CARTESIAN_POINT('',(1.321542160837,0.599620682509,5.241926223421
    ));
#6716 = CARTESIAN_POINT('',(1.322084667991,0.599606738945,5.241925119688
    ));
#6717 = CARTESIAN_POINT('',(1.348223132062,0.598916118511,5.241818766661
    ));
#6718 = CARTESIAN_POINT('',(1.373796518584,0.597352180734,5.239225486165
    ));
#6719 = CARTESIAN_POINT('',(1.398502890246,0.59483250582,5.234345955495)
  );
#6720 = PCURVE('',#6454,#6721);
#6721 = DEFINITIONAL_REPRESENTATION('',(#6722),#6748);
#6722 = B_SPLINE_CURVE_WITH_KNOTS('',3,(#6723,#6724,#6725,#6726,#6727,
    #6728,#6729,#6730,#6731,#6732,#6733,#6734,#6735,#6736,#6737,#6738,
    #6739,#6740,#6741,#6742,#6743,#6744,#6745,#6746,#6747),
  .UNSPECIFIED.,.F.,.F.,(4,1,1,1,1,1,1,1,1,1,1,1,1,1,1,1,1,1,1,1,1,1,4),
  (1.686533929669,1.68990308899,1.693272248311,1.696641407632,
    1.700010566953,1.703379726274,1.706748885595,1.710118044916,
    1.713487204237,1.716856363559,1.72022552288,1.723594682201,
    1.726963841522,1.730333000843,1.733702160164,1.737071319485,
    1.740440478806,1.743809638128,1.747178797449,1.75054795677,
    1.753917116091,1.757286275412,1.760655434733),
  .QUASI_UNIFORM_KNOTS.);
#6723 = CARTESIAN_POINT('',(0.194991429547,-1.249634237984));
#6724 = CARTESIAN_POINT('',(0.192021028654,-1.249604574202));
#6725 = CARTESIAN_POINT('',(0.18608033526,-1.249541445962));
#6726 = CARTESIAN_POINT('',(0.177170086544,-1.24943528629));
#6727 = CARTESIAN_POINT('',(0.168261047461,-1.24931758015));
#6728 = CARTESIAN_POINT('',(0.159353804042,-1.249188296946));
#6729 = CARTESIAN_POINT('',(0.150448908678,-1.249047393073));
#6730 = CARTESIAN_POINT('',(0.14154693323,-1.248894828409));
#6731 = CARTESIAN_POINT('',(0.132648453939,-1.248730561901));
#6732 = CARTESIAN_POINT('',(0.1237540546,-1.248554552742));
#6733 = CARTESIAN_POINT('',(0.114864324841,-1.248366760063));
#6734 = CARTESIAN_POINT('',(0.105979859708,-1.248167143009));
#6735 = CARTESIAN_POINT('',(9.71012589002E-02,-1.247955660723));
#6736 = CARTESIAN_POINT('',(8.82291260931E-02,-1.247732272347));
#6737 = CARTESIAN_POINT('',(7.93640682431E-02,-1.247496937025));
#6738 = CARTESIAN_POINT('',(7.050669489404E-02,-1.247249613898));
#6739 = CARTESIAN_POINT('',(6.165761748591E-02,-1.246990262111));
#6740 = CARTESIAN_POINT('',(5.281744866506E-02,-1.246718840804));
#6741 = CARTESIAN_POINT('',(4.398680160031E-02,-1.246435309122));
#6742 = CARTESIAN_POINT('',(3.516628929239E-02,-1.246139626208));
#6743 = CARTESIAN_POINT('',(2.635652392741E-02,-1.245831751202));
#6744 = CARTESIAN_POINT('',(1.755811608929E-02,-1.24551164325));
#6745 = CARTESIAN_POINT('',(8.771674525438E-03,-1.245179261493));
#6746 = CARTESIAN_POINT('',(2.922427427189E-03,-1.24494946388));
#6747 = CARTESIAN_POINT('',(0.,-1.244832505821));
#6748 = ( GEOMETRIC_REPRESENTATION_CONTEXT(2) 
PARAMETRIC_REPRESENTATION_CONTEXT() REPRESENTATION_CONTEXT('2D SPACE',''
  ) );
#6749 = PCURVE('',#6750,#6755);
#6750 = CYLINDRICAL_SURFACE('',#6751,1.);
#6751 = AXIS2_PLACEMENT_3D('',#6752,#6753,#6754);
#6752 = CARTESIAN_POINT('',(1.07424217704,-0.4,4.718137431491));
#6753 = DIRECTION('',(0.383457482808,2.050711889843E-16,0.923558530294)
  );
#6754 = DIRECTION('',(0.653054499594,0.707106781187,-0.27114538639));
#6755 = DEFINITIONAL_REPRESENTATION('',(#6756),#6782);
#6756 = B_SPLINE_CURVE_WITH_KNOTS('',3,(#6757,#6758,#6759,#6760,#6761,
    #6762,#6763,#6764,#6765,#6766,#6767,#6768,#6769,#6770,#6771,#6772,
    #6773,#6774,#6775,#6776,#6777,#6778,#6779,#6780,#6781),
  .UNSPECIFIED.,.F.,.F.,(4,1,1,1,1,1,1,1,1,1,1,1,1,1,1,1,1,1,1,1,1,1,4),
  (1.686533929669,1.68990308899,1.693272248311,1.696641407632,
    1.700010566953,1.703379726274,1.706748885595,1.710118044916,
    1.713487204237,1.716856363559,1.72022552288,1.723594682201,
    1.726963841522,1.730333000843,1.733702160164,1.737071319485,
    1.740440478806,1.743809638128,1.747178797449,1.75054795677,
    1.753917116091,1.757286275412,1.760655434733),
  .QUASI_UNIFORM_KNOTS.);
#6757 = CARTESIAN_POINT('',(0.758350637992,0.57837060227));
#6758 = CARTESIAN_POINT('',(0.757252916543,0.578826248103));
#6759 = CARTESIAN_POINT('',(0.755053303884,0.57972762702));
#6760 = CARTESIAN_POINT('',(0.751741806011,0.581049850493));
#6761 = CARTESIAN_POINT('',(0.748418634307,0.582342108324));
#6762 = CARTESIAN_POINT('',(0.745084282526,0.583604329064));
#6763 = CARTESIAN_POINT('',(0.741739220595,0.584836428056));
#6764 = CARTESIAN_POINT('',(0.738383924699,0.586038324184));
#6765 = CARTESIAN_POINT('',(0.735018869161,0.58720993538));
#6766 = CARTESIAN_POINT('',(0.731644528551,0.588351179834));
#6767 = CARTESIAN_POINT('',(0.728261377053,0.589461975666));
#6768 = CARTESIAN_POINT('',(0.724869888567,0.590542241014));
#6769 = CARTESIAN_POINT('',(0.721470536617,0.591591894012));
#6770 = CARTESIAN_POINT('',(0.718063794297,0.592610852795));
#6771 = CARTESIAN_POINT('',(0.714650134221,0.593599035497));
#6772 = CARTESIAN_POINT('',(0.71123002846,0.594556360253));
#6773 = CARTESIAN_POINT('',(0.707803948488,0.595482745198));
#6774 = CARTESIAN_POINT('',(0.704372365119,0.596378108466));
#6775 = CARTESIAN_POINT('',(0.700935748456,0.597242368191));
#6776 = CARTESIAN_POINT('',(0.697494567822,0.59807544251));
#6777 = CARTESIAN_POINT('',(0.694049291715,0.598877249556));
#6778 = CARTESIAN_POINT('',(0.690600387712,0.599647707463));
#6779 = CARTESIAN_POINT('',(0.687148322543,0.600386734367));
#6780 = CARTESIAN_POINT('',(0.684845148538,0.600858410391));
#6781 = CARTESIAN_POINT('',(0.683693189849,0.601088982613));
#6782 = ( GEOMETRIC_REPRESENTATION_CONTEXT(2) 
PARAMETRIC_REPRESENTATION_CONTEXT() REPRESENTATION_CONTEXT('2D SPACE',''
  ) );
#6783 = ORIENTED_EDGE('',*,*,#6784,.T.);
#6784 = EDGE_CURVE('',#6710,#6381,#6785,.T.);
#6785 = SURFACE_CURVE('',#6786,(#6790,#6797),.PCURVE_S1.);
#6786 = LINE('',#6787,#6788);
#6787 = CARTESIAN_POINT('',(1.320999639479,0.599634237984,5.241926223421
    ));
#6788 = VECTOR('',#6789,1.);
#6789 = DIRECTION('',(0.,-1.,2.22044604925E-16));
#6790 = PCURVE('',#6454,#6791);
#6791 = DEFINITIONAL_REPRESENTATION('',(#6792),#6796);
#6792 = LINE('',#6793,#6794);
#6793 = CARTESIAN_POINT('',(0.194991429547,-1.249634237984));
#6794 = VECTOR('',#6795,1.);
#6795 = DIRECTION('',(0.,1.));
#6796 = ( GEOMETRIC_REPRESENTATION_CONTEXT(2) 
PARAMETRIC_REPRESENTATION_CONTEXT() REPRESENTATION_CONTEXT('2D SPACE',''
  ) );
#6797 = PCURVE('',#4654,#6798);
#6798 = DEFINITIONAL_REPRESENTATION('',(#6799),#6803);
#6799 = LINE('',#6800,#6801);
#6800 = CARTESIAN_POINT('',(-2.499634237984,3.675999639479));
#6801 = VECTOR('',#6802,1.);
#6802 = DIRECTION('',(1.,0.));
#6803 = ( GEOMETRIC_REPRESENTATION_CONTEXT(2) 
PARAMETRIC_REPRESENTATION_CONTEXT() REPRESENTATION_CONTEXT('2D SPACE',''
  ) );
#6804 = ORIENTED_EDGE('',*,*,#6411,.T.);
#6805 = ADVANCED_FACE('',(#6806),#6750,.T.);
#6806 = FACE_BOUND('',#6807,.T.);
#6807 = EDGE_LOOP('',(#6808,#6838,#6893,#6939,#6967,#6992,#6993,#7061));
#6808 = ORIENTED_EDGE('',*,*,#6809,.F.);
#6809 = EDGE_CURVE('',#6810,#6812,#6814,.T.);
#6810 = VERTEX_POINT('',#6811);
#6811 = CARTESIAN_POINT('',(1.884829310891,0.307106781186,4.82640988069)
  );
#6812 = VERTEX_POINT('',#6813);
#6813 = CARTESIAN_POINT('',(1.961520807452,0.307106781186,5.011121586749
    ));
#6814 = SURFACE_CURVE('',#6815,(#6819,#6826),.PCURVE_S1.);
#6815 = LINE('',#6816,#6817);
#6816 = CARTESIAN_POINT('',(1.884829310891,0.307106781186,4.82640988069)
  );
#6817 = VECTOR('',#6818,1.);
#6818 = DIRECTION('',(0.383457482808,2.425517188984E-15,0.923558530294)
  );
#6819 = PCURVE('',#6750,#6820);
#6820 = DEFINITIONAL_REPRESENTATION('',(#6821),#6825);
#6821 = LINE('',#6822,#6823);
#6822 = CARTESIAN_POINT('',(0.,0.410821645996));
#6823 = VECTOR('',#6824,1.);
#6824 = DIRECTION('',(0.,1.));
#6825 = ( GEOMETRIC_REPRESENTATION_CONTEXT(2) 
PARAMETRIC_REPRESENTATION_CONTEXT() REPRESENTATION_CONTEXT('2D SPACE',''
  ) );
#6826 = PCURVE('',#6827,#6832);
#6827 = CYLINDRICAL_SURFACE('',#6828,1.);
#6828 = AXIS2_PLACEMENT_3D('',#6829,#6830,#6831);
#6829 = CARTESIAN_POINT('',(1.07424217704,-0.4,4.718137431491));
#6830 = DIRECTION('',(0.383457482808,2.050711889843E-16,0.923558530294)
  );
#6831 = DIRECTION('',(0.653054499594,0.707106781187,-0.27114538639));
#6832 = DEFINITIONAL_REPRESENTATION('',(#6833),#6837);
#6833 = LINE('',#6834,#6835);
#6834 = CARTESIAN_POINT('',(6.28318530718,0.410821645996));
#6835 = VECTOR('',#6836,1.);
#6836 = DIRECTION('',(0.,1.));
#6837 = ( GEOMETRIC_REPRESENTATION_CONTEXT(2) 
PARAMETRIC_REPRESENTATION_CONTEXT() REPRESENTATION_CONTEXT('2D SPACE',''
  ) );
#6838 = ORIENTED_EDGE('',*,*,#6839,.T.);
#6839 = EDGE_CURVE('',#6810,#6840,#6842,.T.);
#6840 = VERTEX_POINT('',#6841);
#6841 = CARTESIAN_POINT('',(1.360503142515,0.590120440051,5.041926223421
    ));
#6842 = SURFACE_CURVE('',#6843,(#6848,#6877),.PCURVE_S1.);
#6843 = ELLIPSE('',#6844,1.000006316182,1.);
#6844 = AXIS2_PLACEMENT_3D('',#6845,#6846,#6847);
#6845 = CARTESIAN_POINT('',(1.230811103854,-0.4,5.09523417473));
#6846 = DIRECTION('',(0.380172561287,2.05372513772E-16,0.924915576496));
#6847 = DIRECTION('',(0.924915576496,-1.757741441527E-11,-0.380172561287
    ));
#6848 = PCURVE('',#6750,#6849);
#6849 = DEFINITIONAL_REPRESENTATION('',(#6850),#6876);
#6850 = B_SPLINE_CURVE_WITH_KNOTS('',3,(#6851,#6852,#6853,#6854,#6855,
    #6856,#6857,#6858,#6859,#6860,#6861,#6862,#6863,#6864,#6865,#6866,
    #6867,#6868,#6869,#6870,#6871,#6872,#6873,#6874,#6875),
  .UNSPECIFIED.,.F.,.F.,(4,1,1,1,1,1,1,1,1,1,1,1,1,1,1,1,1,1,1,1,1,1,4),
  (0.785398163415,0.81470339252,0.844008621625,0.87331385073,
    0.902619079835,0.93192430894,0.961229538045,0.99053476715,
    1.019839996255,1.04914522536,1.078450454465,1.10775568357,
    1.137060912676,1.166366141781,1.195671370886,1.224976599991,
    1.254281829096,1.283587058201,1.312892287306,1.342197516411,
    1.371502745516,1.400807974621,1.430113203726),
  .QUASI_UNIFORM_KNOTS.);
#6851 = CARTESIAN_POINT('',(0.,0.410821645996));
#6852 = CARTESIAN_POINT('',(9.768409701681E-03,0.410797096125));
#6853 = CARTESIAN_POINT('',(2.930522910504E-02,0.41074727637));
#6854 = CARTESIAN_POINT('',(5.861045821008E-02,0.410670452839));
#6855 = CARTESIAN_POINT('',(8.791568731513E-02,0.410591600854));
#6856 = CARTESIAN_POINT('',(0.11722091642,0.410510788269));
#6857 = CARTESIAN_POINT('',(0.146526145525,0.410428084444));
#6858 = CARTESIAN_POINT('',(0.17583137463,0.410343560408));
#6859 = CARTESIAN_POINT('',(0.205136603735,0.410257288742));
#6860 = CARTESIAN_POINT('',(0.23444183284,0.410169343533));
#6861 = CARTESIAN_POINT('',(0.263747061945,0.410079800301));
#6862 = CARTESIAN_POINT('',(0.29305229105,0.409988735941));
#6863 = CARTESIAN_POINT('',(0.322357520155,0.409896228652));
#6864 = CARTESIAN_POINT('',(0.351662749261,0.409802357874));
#6865 = CARTESIAN_POINT('',(0.380967978366,0.409707204216));
#6866 = CARTESIAN_POINT('',(0.410273207471,0.409610849392));
#6867 = CARTESIAN_POINT('',(0.439578436576,0.409513376143));
#6868 = CARTESIAN_POINT('',(0.468883665681,0.409414868174));
#6869 = CARTESIAN_POINT('',(0.498188894786,0.409315410077));
#6870 = CARTESIAN_POINT('',(0.527494123891,0.40921508726));
#6871 = CARTESIAN_POINT('',(0.556799352996,0.409113985872));
#6872 = CARTESIAN_POINT('',(0.586104582101,0.409012192741));
#6873 = CARTESIAN_POINT('',(0.615409811206,0.408909795246));
#6874 = CARTESIAN_POINT('',(0.634946630609,0.40884118605));
#6875 = CARTESIAN_POINT('',(0.644715040311,0.408806810048));
#6876 = ( GEOMETRIC_REPRESENTATION_CONTEXT(2) 
PARAMETRIC_REPRESENTATION_CONTEXT() REPRESENTATION_CONTEXT('2D SPACE',''
  ) );
#6877 = PCURVE('',#6878,#6883);
#6878 = PLANE('',#6879);
#6879 = AXIS2_PLACEMENT_3D('',#6880,#6881,#6882);
#6880 = CARTESIAN_POINT('',(2.155732522284,0.6,4.715059212204));
#6881 = DIRECTION('',(-0.380172561287,-2.05372513772E-16,-0.924915576496
    ));
#6882 = DIRECTION('',(0.,1.,-2.22044604925E-16));
#6883 = DEFINITIONAL_REPRESENTATION('',(#6884),#6892);
#6884 = ( BOUNDED_CURVE() B_SPLINE_CURVE(2,(#6885,#6886,#6887,#6888,
#6889,#6890,#6891),.UNSPECIFIED.,.T.,.F.) B_SPLINE_CURVE_WITH_KNOTS((1,2
    ,2,2,2,1),(-2.094395102393,0.,2.094395102393,4.188790204786,
6.28318530718,8.377580409573),.UNSPECIFIED.) CURVE() 
GEOMETRIC_REPRESENTATION_ITEM() RATIONAL_B_SPLINE_CURVE((1.,0.5,1.,0.5,
1.,0.5,1.)) REPRESENTATION_ITEM('') );
#6885 = CARTESIAN_POINT('',(-1.000000000018,0.));
#6886 = CARTESIAN_POINT('',(0.732050807551,3.044475782588E-11));
#6887 = CARTESIAN_POINT('',(-0.133974596207,-1.500009474257));
#6888 = CARTESIAN_POINT('',(-0.999999999965,-3.000018948545));
#6889 = CARTESIAN_POINT('',(-1.866025403776,-1.500009474288));
#6890 = CARTESIAN_POINT('',(-2.732050807586,-3.044631213811E-11));
#6891 = CARTESIAN_POINT('',(-1.000000000018,0.));
#6892 = ( GEOMETRIC_REPRESENTATION_CONTEXT(2) 
PARAMETRIC_REPRESENTATION_CONTEXT() REPRESENTATION_CONTEXT('2D SPACE',''
  ) );
#6893 = ORIENTED_EDGE('',*,*,#6894,.T.);
#6894 = EDGE_CURVE('',#6840,#6895,#6897,.T.);
#6895 = VERTEX_POINT('',#6896);
#6896 = CARTESIAN_POINT('',(1.208677874446,0.6,5.041926223421));
#6897 = SURFACE_CURVE('',#6898,(#6903,#6932),.PCURVE_S1.);
#6898 = ELLIPSE('',#6899,1.082768408497,1.);
#6899 = AXIS2_PLACEMENT_3D('',#6900,#6901,#6902);
#6900 = CARTESIAN_POINT('',(1.208677874446,-0.4,5.041926223421));
#6901 = DIRECTION('',(-0.,2.22044604925E-16,1.));
#6902 = DIRECTION('',(1.,0.,0.));
#6903 = PCURVE('',#6750,#6904);
#6904 = DEFINITIONAL_REPRESENTATION('',(#6905),#6931);
#6905 = B_SPLINE_CURVE_WITH_KNOTS('',3,(#6906,#6907,#6908,#6909,#6910,
    #6911,#6912,#6913,#6914,#6915,#6916,#6917,#6918,#6919,#6920,#6921,
    #6922,#6923,#6924,#6925,#6926,#6927,#6928,#6929,#6930),
  .UNSPECIFIED.,.F.,.F.,(4,1,1,1,1,1,1,1,1,1,1,1,1,1,1,1,1,1,1,1,1,1,4),
  (1.430113203708,1.436507891121,1.442902578534,1.449297265947,
    1.45569195336,1.462086640773,1.468481328187,1.4748760156,
    1.481270703013,1.487665390426,1.494060077839,1.500454765252,
    1.506849452665,1.513244140078,1.519638827491,1.526033514904,
    1.532428202317,1.53882288973,1.545217577143,1.551612264556,
    1.558006951969,1.564401639382,1.570796326795),
  .QUASI_UNIFORM_KNOTS.);
#6906 = CARTESIAN_POINT('',(0.644715040311,0.408806810048));
#6907 = CARTESIAN_POINT('',(0.646846602782,0.407930538157));
#6908 = CARTESIAN_POINT('',(0.651109727724,0.406177200787));
#6909 = CARTESIAN_POINT('',(0.657504415137,0.403544921618));
#6910 = CARTESIAN_POINT('',(0.66389910255,0.400910476945));
#6911 = CARTESIAN_POINT('',(0.670293789963,0.398273974505));
#6912 = CARTESIAN_POINT('',(0.676688477376,0.395635522106));
#6913 = CARTESIAN_POINT('',(0.683083164789,0.392995227639));
#6914 = CARTESIAN_POINT('',(0.689477852202,0.390353199073));
#6915 = CARTESIAN_POINT('',(0.695872539615,0.387709544444));
#6916 = CARTESIAN_POINT('',(0.702267227028,0.385064371855));
#6917 = CARTESIAN_POINT('',(0.708661914441,0.382417789475));
#6918 = CARTESIAN_POINT('',(0.715056601854,0.379769905525));
#6919 = CARTESIAN_POINT('',(0.721451289267,0.377120828283));
#6920 = CARTESIAN_POINT('',(0.72784597668,0.374470666075));
#6921 = CARTESIAN_POINT('',(0.734240664093,0.371819527271));
#6922 = CARTESIAN_POINT('',(0.740635351506,0.369167520281));
#6923 = CARTESIAN_POINT('',(0.747030038919,0.366514753551));
#6924 = CARTESIAN_POINT('',(0.753424726332,0.363861335557));
#6925 = CARTESIAN_POINT('',(0.759819413745,0.361207374802));
#6926 = CARTESIAN_POINT('',(0.766214101158,0.358552979812));
#6927 = CARTESIAN_POINT('',(0.772608788571,0.355898259131));
#6928 = CARTESIAN_POINT('',(0.779003475984,0.353243321314));
#6929 = CARTESIAN_POINT('',(0.783266600926,0.35147329039));
#6930 = CARTESIAN_POINT('',(0.785398163397,0.350588274927));
#6931 = ( GEOMETRIC_REPRESENTATION_CONTEXT(2) 
PARAMETRIC_REPRESENTATION_CONTEXT() REPRESENTATION_CONTEXT('2D SPACE',''
  ) );
#6932 = PCURVE('',#4470,#6933);
#6933 = DEFINITIONAL_REPRESENTATION('',(#6934),#6938);
#6934 = ELLIPSE('',#6935,1.082768408497,1.);
#6935 = AXIS2_PLACEMENT_2D('',#6936,#6937);
#6936 = CARTESIAN_POINT('',(-0.3,1.208677874446));
#6937 = DIRECTION('',(0.,1.));
#6938 = ( GEOMETRIC_REPRESENTATION_CONTEXT(2) 
PARAMETRIC_REPRESENTATION_CONTEXT() REPRESENTATION_CONTEXT('2D SPACE',''
  ) );
#6939 = ORIENTED_EDGE('',*,*,#6940,.T.);
#6940 = EDGE_CURVE('',#6895,#6941,#6943,.T.);
#6941 = VERTEX_POINT('',#6942);
#6942 = CARTESIAN_POINT('',(1.291717004123,0.6,5.241926223421));
#6943 = SURFACE_CURVE('',#6944,(#6948,#6955),.PCURVE_S1.);
#6944 = LINE('',#6945,#6946);
#6945 = CARTESIAN_POINT('',(1.208677874446,0.6,5.041926223421));
#6946 = VECTOR('',#6947,1.);
#6947 = DIRECTION('',(0.383457482808,2.050711889843E-16,0.923558530294)
  );
#6948 = PCURVE('',#6750,#6949);
#6949 = DEFINITIONAL_REPRESENTATION('',(#6950),#6954);
#6950 = LINE('',#6951,#6952);
#6951 = CARTESIAN_POINT('',(0.785398163397,0.350588274927));
#6952 = VECTOR('',#6953,1.);
#6953 = DIRECTION('',(5.126779724607E-16,1.));
#6954 = ( GEOMETRIC_REPRESENTATION_CONTEXT(2) 
PARAMETRIC_REPRESENTATION_CONTEXT() REPRESENTATION_CONTEXT('2D SPACE',''
  ) );
#6955 = PCURVE('',#6956,#6961);
#6956 = PLANE('',#6957);
#6957 = AXIS2_PLACEMENT_3D('',#6958,#6959,#6960);
#6958 = CARTESIAN_POINT('',(-1.301250782228,0.6,5.041926223421));
#6959 = DIRECTION('',(0.,1.,-2.22044604925E-16));
#6960 = DIRECTION('',(-1.,0.,0.));
#6961 = DEFINITIONAL_REPRESENTATION('',(#6962),#6966);
#6962 = LINE('',#6963,#6964);
#6963 = CARTESIAN_POINT('',(-2.509928656674,2.6645352591E-15));
#6964 = VECTOR('',#6965,1.);
#6965 = DIRECTION('',(-0.383457482808,0.923558530294));
#6966 = ( GEOMETRIC_REPRESENTATION_CONTEXT(2) 
PARAMETRIC_REPRESENTATION_CONTEXT() REPRESENTATION_CONTEXT('2D SPACE',''
  ) );
#6967 = ORIENTED_EDGE('',*,*,#6968,.T.);
#6968 = EDGE_CURVE('',#6941,#6710,#6969,.T.);
#6969 = SURFACE_CURVE('',#6970,(#6975,#6981),.PCURVE_S1.);
#6970 = ELLIPSE('',#6971,1.082768408497,1.);
#6971 = AXIS2_PLACEMENT_3D('',#6972,#6973,#6974);
#6972 = CARTESIAN_POINT('',(1.291717004123,-0.4,5.241926223421));
#6973 = DIRECTION('',(0.,-2.22044604925E-16,-1.));
#6974 = DIRECTION('',(1.,0.,0.));
#6975 = PCURVE('',#6750,#6976);
#6976 = DEFINITIONAL_REPRESENTATION('',(#6977),#6980);
#6977 = B_SPLINE_CURVE_WITH_KNOTS('',1,(#6978,#6979),.UNSPECIFIED.,.F.,
  .F.,(2,2),(4.712388980385,4.73943650579),.PIECEWISE_BEZIER_KNOTS.);
#6978 = CARTESIAN_POINT('',(0.785398163397,0.567141956627));
#6979 = CARTESIAN_POINT('',(0.758350637992,0.57837060227));
#6980 = ( GEOMETRIC_REPRESENTATION_CONTEXT(2) 
PARAMETRIC_REPRESENTATION_CONTEXT() REPRESENTATION_CONTEXT('2D SPACE',''
  ) );
#6981 = PCURVE('',#4654,#6982);
#6982 = DEFINITIONAL_REPRESENTATION('',(#6983),#6991);
#6983 = ( BOUNDED_CURVE() B_SPLINE_CURVE(2,(#6984,#6985,#6986,#6987,
#6988,#6989,#6990),.UNSPECIFIED.,.T.,.F.) B_SPLINE_CURVE_WITH_KNOTS((1,2
    ,2,2,2,1),(-2.094395102393,0.,2.094395102393,4.188790204786,
6.28318530718,8.377580409573),.UNSPECIFIED.) CURVE() 
GEOMETRIC_REPRESENTATION_ITEM() RATIONAL_B_SPLINE_CURVE((1.,0.5,1.,0.5,
1.,0.5,1.)) REPRESENTATION_ITEM('') );
#6984 = CARTESIAN_POINT('',(-1.5,4.729485412619));
#6985 = CARTESIAN_POINT('',(0.232050807569,4.729485412619));
#6986 = CARTESIAN_POINT('',(-0.633974596216,3.105332799874));
#6987 = CARTESIAN_POINT('',(-1.5,1.481180187129));
#6988 = CARTESIAN_POINT('',(-2.366025403784,3.105332799874));
#6989 = CARTESIAN_POINT('',(-3.232050807569,4.729485412619));
#6990 = CARTESIAN_POINT('',(-1.5,4.729485412619));
#6991 = ( GEOMETRIC_REPRESENTATION_CONTEXT(2) 
PARAMETRIC_REPRESENTATION_CONTEXT() REPRESENTATION_CONTEXT('2D SPACE',''
  ) );
#6992 = ORIENTED_EDGE('',*,*,#6709,.T.);
#6993 = ORIENTED_EDGE('',*,*,#6994,.T.);
#6994 = EDGE_CURVE('',#6643,#6995,#6997,.T.);
#6995 = VERTEX_POINT('',#6996);
#6996 = CARTESIAN_POINT('',(1.473068663994,0.583848064731,5.21189245402)
  );
#6997 = SURFACE_CURVE('',#6998,(#7003,#7032),.PCURVE_S1.);
#6998 = B_SPLINE_CURVE_WITH_KNOTS('',3,(#6999,#7000,#7001,#7002),
  .UNSPECIFIED.,.F.,.F.,(4,4),(1.760655434733,1.837383825946),
  .PIECEWISE_BEZIER_KNOTS.);
#6999 = CARTESIAN_POINT('',(1.398502890246,0.59483250582,5.234345955495)
  );
#7000 = CARTESIAN_POINT('',(1.424620243083,0.592168932243,5.22918775477)
  );
#7001 = CARTESIAN_POINT('',(1.449767253065,0.588431761015,5.221470146621
    ));
#7002 = CARTESIAN_POINT('',(1.473068663994,0.583848064731,5.21189245402)
  );
#7003 = PCURVE('',#6750,#7004);
#7004 = DEFINITIONAL_REPRESENTATION('',(#7005),#7031);
#7005 = B_SPLINE_CURVE_WITH_KNOTS('',3,(#7006,#7007,#7008,#7009,#7010,
    #7011,#7012,#7013,#7014,#7015,#7016,#7017,#7018,#7019,#7020,#7021,
    #7022,#7023,#7024,#7025,#7026,#7027,#7028,#7029,#7030),
  .UNSPECIFIED.,.F.,.F.,(4,1,1,1,1,1,1,1,1,1,1,1,1,1,1,1,1,1,1,1,1,1,4),
  (1.760655434733,1.764143088879,1.767630743025,1.771118397171,
    1.774606051317,1.778093705463,1.781581359609,1.785069013755,
    1.788556667901,1.792044322047,1.795531976193,1.79901963034,
    1.802507284486,1.805994938632,1.809482592778,1.812970246924,
    1.81645790107,1.819945555216,1.823433209362,1.826920863508,
    1.830408517654,1.8338961718,1.837383825946),.QUASI_UNIFORM_KNOTS.);
#7006 = CARTESIAN_POINT('',(0.683693189849,0.601088982613));
#7007 = CARTESIAN_POINT('',(0.682500716259,0.601327664163));
#7008 = CARTESIAN_POINT('',(0.680114967852,0.601793722107));
#7009 = CARTESIAN_POINT('',(0.676534510328,0.602459068371));
#7010 = CARTESIAN_POINT('',(0.672952786264,0.603090848801));
#7011 = CARTESIAN_POINT('',(0.669370365394,0.603689238213));
#7012 = CARTESIAN_POINT('',(0.665787818251,0.604254411426));
#7013 = CARTESIAN_POINT('',(0.66220571622,0.604786543257));
#7014 = CARTESIAN_POINT('',(0.658624631431,0.605285808521));
#7015 = CARTESIAN_POINT('',(0.655045136687,0.605752382037));
#7016 = CARTESIAN_POINT('',(0.651467805389,0.606186438622));
#7017 = CARTESIAN_POINT('',(0.647893211459,0.606588153093));
#7018 = CARTESIAN_POINT('',(0.644321929263,0.606957700267));
#7019 = CARTESIAN_POINT('',(0.64075453353,0.607295254961));
#7020 = CARTESIAN_POINT('',(0.637191599284,0.607600991992));
#7021 = CARTESIAN_POINT('',(0.633633701758,0.607875086177));
#7022 = CARTESIAN_POINT('',(0.630081416326,0.608117712334));
#7023 = CARTESIAN_POINT('',(0.626535318426,0.60832904528));
#7024 = CARTESIAN_POINT('',(0.622995983485,0.608509259832));
#7025 = CARTESIAN_POINT('',(0.619463986846,0.608658530806));
#7026 = CARTESIAN_POINT('',(0.615939903703,0.608777033021));
#7027 = CARTESIAN_POINT('',(0.612424309014,0.608864941293));
#7028 = CARTESIAN_POINT('',(0.608917777486,0.60892243044));
#7029 = CARTESIAN_POINT('',(0.606586514706,0.608940593665));
#7030 = CARTESIAN_POINT('',(0.605422585266,0.608944663696));
#7031 = ( GEOMETRIC_REPRESENTATION_CONTEXT(2) 
PARAMETRIC_REPRESENTATION_CONTEXT() REPRESENTATION_CONTEXT('2D SPACE',''
  ) );
#7032 = PCURVE('',#6527,#7033);
#7033 = DEFINITIONAL_REPRESENTATION('',(#7034),#7060);
#7034 = B_SPLINE_CURVE_WITH_KNOTS('',3,(#7035,#7036,#7037,#7038,#7039,
    #7040,#7041,#7042,#7043,#7044,#7045,#7046,#7047,#7048,#7049,#7050,
    #7051,#7052,#7053,#7054,#7055,#7056,#7057,#7058,#7059),
  .UNSPECIFIED.,.F.,.F.,(4,1,1,1,1,1,1,1,1,1,1,1,1,1,1,1,1,1,1,1,1,1,4),
  (1.760655434733,1.764143088879,1.767630743025,1.771118397171,
    1.774606051317,1.778093705463,1.781581359609,1.785069013755,
    1.788556667901,1.792044322047,1.795531976193,1.79901963034,
    1.802507284486,1.805994938632,1.809482592778,1.812970246924,
    1.81645790107,1.819945555216,1.823433209362,1.826920863508,
    1.830408517654,1.8338961718,1.837383825946),.QUASI_UNIFORM_KNOTS.);
#7035 = CARTESIAN_POINT('',(6.28318530718,-1.244832505821));
#7036 = CARTESIAN_POINT('',(6.280160097959,-1.244711434294));
#7037 = CARTESIAN_POINT('',(6.274114384858,-1.244464854888));
#7038 = CARTESIAN_POINT('',(6.26506057949,-1.244081804669));
#7039 = CARTESIAN_POINT('',(6.256022179586,-1.243685701292));
#7040 = CARTESIAN_POINT('',(6.246999851111,-1.243276672711));
#7041 = CARTESIAN_POINT('',(6.237994275249,-1.242854846877));
#7042 = CARTESIAN_POINT('',(6.229006149902,-1.242420351742));
#7043 = CARTESIAN_POINT('',(6.220036188234,-1.241973315259));
#7044 = CARTESIAN_POINT('',(6.211085117991,-1.24151386538));
#7045 = CARTESIAN_POINT('',(6.202153680619,-1.241042130057));
#7046 = CARTESIAN_POINT('',(6.193242630428,-1.240558237242));
#7047 = CARTESIAN_POINT('',(6.184352733754,-1.240062314889));
#7048 = CARTESIAN_POINT('',(6.175484768116,-1.239554490948));
#7049 = CARTESIAN_POINT('',(6.16663952138,-1.239034893372));
#7050 = CARTESIAN_POINT('',(6.157817790929,-1.238503650114));
#7051 = CARTESIAN_POINT('',(6.149020382834,-1.237960889126));
#7052 = CARTESIAN_POINT('',(6.14024811104,-1.23740673836));
#7053 = CARTESIAN_POINT('',(6.131501796548,-1.236841325768));
#7054 = CARTESIAN_POINT('',(6.122782266627,-1.236264779302));
#7055 = CARTESIAN_POINT('',(6.114090353993,-1.235677226916));
#7056 = CARTESIAN_POINT('',(6.105426896125,-1.23507879656));
#7057 = CARTESIAN_POINT('',(6.096792734167,-1.234469616187));
#7058 = CARTESIAN_POINT('',(6.091056720332,-1.234056414563));
#7059 = CARTESIAN_POINT('',(6.088193877633,-1.233848064731));
#7060 = ( GEOMETRIC_REPRESENTATION_CONTEXT(2) 
PARAMETRIC_REPRESENTATION_CONTEXT() REPRESENTATION_CONTEXT('2D SPACE',''
  ) );
#7061 = ORIENTED_EDGE('',*,*,#7062,.T.);
#7062 = EDGE_CURVE('',#6995,#6812,#7063,.T.);
#7063 = SURFACE_CURVE('',#7064,(#7069,#7098),.PCURVE_S1.);
#7064 = ELLIPSE('',#7065,1.000006316182,1.);
#7065 = AXIS2_PLACEMENT_3D('',#7066,#7067,#7068);
#7066 = CARTESIAN_POINT('',(1.307502600415,-0.4,5.279945880789));
#7067 = DIRECTION('',(-0.380172561287,-2.053725137712E-16,
    -0.924915576496));
#7068 = DIRECTION('',(0.924915576496,-1.757741441527E-11,-0.380172561287
    ));
#7069 = PCURVE('',#6750,#7070);
#7070 = DEFINITIONAL_REPRESENTATION('',(#7071),#7097);
#7071 = B_SPLINE_CURVE_WITH_KNOTS('',3,(#7072,#7073,#7074,#7075,#7076,
    #7077,#7078,#7079,#7080,#7081,#7082,#7083,#7084,#7085,#7086,#7087,
    #7088,#7089,#7090,#7091,#7092,#7093,#7094,#7095,#7096),
  .UNSPECIFIED.,.F.,.F.,(4,1,1,1,1,1,1,1,1,1,1,1,1,1,1,1,1,1,1,1,1,1,4),
  (4.892364558498,4.919883766919,4.947402975341,4.974922183762,
    5.002441392183,5.029960600604,5.057479809025,5.084999017447,
    5.112518225868,5.140037434289,5.16755664271,5.195075851131,
    5.222595059553,5.250114267974,5.277633476395,5.305152684816,
    5.332671893237,5.360191101659,5.38771031008,5.415229518501,
    5.442748726922,5.470267935343,5.497787143765),
  .QUASI_UNIFORM_KNOTS.);
#7072 = CARTESIAN_POINT('',(0.605422585266,0.608944663696));
#7073 = CARTESIAN_POINT('',(0.596249515793,0.608976740139));
#7074 = CARTESIAN_POINT('',(0.577903376845,0.609040732284));
#7075 = CARTESIAN_POINT('',(0.550384168424,0.609136166067));
#7076 = CARTESIAN_POINT('',(0.522864960003,0.609230973021));
#7077 = CARTESIAN_POINT('',(0.495345751582,0.609325081386));
#7078 = CARTESIAN_POINT('',(0.46782654316,0.609418419889));
#7079 = CARTESIAN_POINT('',(0.440307334739,0.60951091785));
#7080 = CARTESIAN_POINT('',(0.412788126318,0.609602505224));
#7081 = CARTESIAN_POINT('',(0.385268917897,0.609693112656));
#7082 = CARTESIAN_POINT('',(0.357749709476,0.609782671533));
#7083 = CARTESIAN_POINT('',(0.330230501054,0.609871114035));
#7084 = CARTESIAN_POINT('',(0.302711292633,0.609958373188));
#7085 = CARTESIAN_POINT('',(0.275192084212,0.610044382915));
#7086 = CARTESIAN_POINT('',(0.247672875791,0.610129078083));
#7087 = CARTESIAN_POINT('',(0.22015366737,0.610212394558));
#7088 = CARTESIAN_POINT('',(0.192634458948,0.610294269246));
#7089 = CARTESIAN_POINT('',(0.165115250527,0.610374640147));
#7090 = CARTESIAN_POINT('',(0.137596042106,0.6104534464));
#7091 = CARTESIAN_POINT('',(0.110076833685,0.610530628329));
#7092 = CARTESIAN_POINT('',(8.25576252636E-02,0.61060612748));
#7093 = CARTESIAN_POINT('',(5.50384168424E-02,0.610679886711));
#7094 = CARTESIAN_POINT('',(2.75192084212E-02,0.610751850055));
#7095 = CARTESIAN_POINT('',(9.173069473733E-03,0.610798592304));
#7096 = CARTESIAN_POINT('',(0.,0.610821645996));
#7097 = ( GEOMETRIC_REPRESENTATION_CONTEXT(2) 
PARAMETRIC_REPRESENTATION_CONTEXT() REPRESENTATION_CONTEXT('2D SPACE',''
  ) );
#7098 = PCURVE('',#7099,#7104);
#7099 = PLANE('',#7100);
#7100 = AXIS2_PLACEMENT_3D('',#7101,#7102,#7103);
#7101 = CARTESIAN_POINT('',(1.4,0.6,5.241926223421));
#7102 = DIRECTION('',(0.380172561287,2.05372513772E-16,0.924915576496));
#7103 = DIRECTION('',(0.,-1.,2.22044604925E-16));
#7104 = DEFINITIONAL_REPRESENTATION('',(#7105),#7113);
#7105 = ( BOUNDED_CURVE() B_SPLINE_CURVE(2,(#7106,#7107,#7108,#7109,
#7110,#7111,#7112),.UNSPECIFIED.,.T.,.F.) B_SPLINE_CURVE_WITH_KNOTS((1,2
    ,2,2,2,1),(-2.094395102393,0.,2.094395102393,4.188790204786,
6.28318530718,8.377580409573),.UNSPECIFIED.) CURVE() 
GEOMETRIC_REPRESENTATION_ITEM() RATIONAL_B_SPLINE_CURVE((1.,0.5,1.,0.5,
1.,0.5,1.)) REPRESENTATION_ITEM('') );
#7106 = CARTESIAN_POINT('',(1.000000000018,0.9));
#7107 = CARTESIAN_POINT('',(2.732050807586,0.89999999997));
#7108 = CARTESIAN_POINT('',(1.866025403776,-0.600009474288));
#7109 = CARTESIAN_POINT('',(0.999999999965,-2.100018948545));
#7110 = CARTESIAN_POINT('',(0.133974596207,-0.600009474257));
#7111 = CARTESIAN_POINT('',(-0.732050807551,0.90000000003));
#7112 = CARTESIAN_POINT('',(1.000000000018,0.9));
#7113 = ( GEOMETRIC_REPRESENTATION_CONTEXT(2) 
PARAMETRIC_REPRESENTATION_CONTEXT() REPRESENTATION_CONTEXT('2D SPACE',''
  ) );
#7114 = ADVANCED_FACE('',(#7115),#4603,.T.);
#7115 = FACE_BOUND('',#7116,.T.);
#7116 = EDGE_LOOP('',(#7117,#7140,#7141,#7164));
#7117 = ORIENTED_EDGE('',*,*,#7118,.F.);
#7118 = EDGE_CURVE('',#4511,#7119,#7121,.T.);
#7119 = VERTEX_POINT('',#7120);
#7120 = CARTESIAN_POINT('',(-1.398713764022,0.594854266089,
    5.235069283658));
#7121 = SURFACE_CURVE('',#7122,(#7126,#7133),.PCURVE_S1.);
#7122 = LINE('',#7123,#7124);
#7123 = CARTESIAN_POINT('',(-1.398713760745,-0.550008272442,
    5.235069284272));
#7124 = VECTOR('',#7125,1.);
#7125 = DIRECTION('',(-2.862217E-09,1.,-5.368999220446E-10));
#7126 = PCURVE('',#4603,#7127);
#7127 = DEFINITIONAL_REPRESENTATION('',(#7128),#7132);
#7128 = LINE('',#7129,#7130);
#7129 = CARTESIAN_POINT('',(8.345323460057E-09,0.674991727559));
#7130 = VECTOR('',#7131,1.);
#7131 = DIRECTION('',(-7.28936722025E-09,1.));
#7132 = ( GEOMETRIC_REPRESENTATION_CONTEXT(2) 
PARAMETRIC_REPRESENTATION_CONTEXT() REPRESENTATION_CONTEXT('2D SPACE',''
  ) );
#7133 = PCURVE('',#4526,#7134);
#7134 = DEFINITIONAL_REPRESENTATION('',(#7135),#7139);
#7135 = LINE('',#7136,#7137);
#7136 = CARTESIAN_POINT('',(6.283185315525,0.674991727559));
#7137 = VECTOR('',#7138,1.);
#7138 = DIRECTION('',(-7.28936722025E-09,1.));
#7139 = ( GEOMETRIC_REPRESENTATION_CONTEXT(2) 
PARAMETRIC_REPRESENTATION_CONTEXT() REPRESENTATION_CONTEXT('2D SPACE',''
  ) );
#7140 = ORIENTED_EDGE('',*,*,#4560,.T.);
#7141 = ORIENTED_EDGE('',*,*,#7142,.T.);
#7142 = EDGE_CURVE('',#4561,#7143,#7145,.T.);
#7143 = VERTEX_POINT('',#7144);
#7144 = CARTESIAN_POINT('',(-1.324967345885,0.599544752791,
    5.241926223421));
#7145 = SURFACE_CURVE('',#7146,(#7150,#7157),.PCURVE_S1.);
#7146 = LINE('',#7147,#7148);
#7147 = CARTESIAN_POINT('',(-1.324967345885,-0.583893261944,
    5.241926223421));
#7148 = VECTOR('',#7149,1.);
#7149 = DIRECTION('',(0.,1.,-2.22044604925E-16));
#7150 = PCURVE('',#4603,#7151);
#7151 = DEFINITIONAL_REPRESENTATION('',(#7152),#7156);
#7152 = LINE('',#7153,#7154);
#7153 = CARTESIAN_POINT('',(0.185426811597,0.641106738056));
#7154 = VECTOR('',#7155,1.);
#7155 = DIRECTION('',(0.,1.));
#7156 = ( GEOMETRIC_REPRESENTATION_CONTEXT(2) 
PARAMETRIC_REPRESENTATION_CONTEXT() REPRESENTATION_CONTEXT('2D SPACE',''
  ) );
#7157 = PCURVE('',#4654,#7158);
#7158 = DEFINITIONAL_REPRESENTATION('',(#7159),#7163);
#7159 = LINE('',#7160,#7161);
#7160 = CARTESIAN_POINT('',(-1.316106738056,1.030032654115));
#7161 = VECTOR('',#7162,1.);
#7162 = DIRECTION('',(-1.,0.));
#7163 = ( GEOMETRIC_REPRESENTATION_CONTEXT(2) 
PARAMETRIC_REPRESENTATION_CONTEXT() REPRESENTATION_CONTEXT('2D SPACE',''
  ) );
#7164 = ORIENTED_EDGE('',*,*,#7165,.F.);
#7165 = EDGE_CURVE('',#7119,#7143,#7166,.T.);
#7166 = SURFACE_CURVE('',#7167,(#7172,#7201),.PCURVE_S1.);
#7167 = B_SPLINE_CURVE_WITH_KNOTS('',3,(#7168,#7169,#7170,#7171),
  .UNSPECIFIED.,.F.,.F.,(4,4),(1.935096287389,2.005648352038),
  .PIECEWISE_BEZIER_KNOTS.);
#7168 = CARTESIAN_POINT('',(-1.398713764022,0.594854266089,
    5.235069283658));
#7169 = CARTESIAN_POINT('',(-1.374684898094,0.597299726696,
    5.239576657622));
#7170 = CARTESIAN_POINT('',(-1.349843161061,0.59884590054,5.241926223421
    ));
#7171 = CARTESIAN_POINT('',(-1.324967345885,0.599544752791,
    5.241926223421));
#7172 = PCURVE('',#4603,#7173);
#7173 = DEFINITIONAL_REPRESENTATION('',(#7174),#7200);
#7174 = B_SPLINE_CURVE_WITH_KNOTS('',3,(#7175,#7176,#7177,#7178,#7179,
    #7180,#7181,#7182,#7183,#7184,#7185,#7186,#7187,#7188,#7189,#7190,
    #7191,#7192,#7193,#7194,#7195,#7196,#7197,#7198,#7199),
  .UNSPECIFIED.,.F.,.F.,(4,1,1,1,1,1,1,1,1,1,1,1,1,1,1,1,1,1,1,1,1,1,4),
  (1.935096287389,1.938303199419,1.941510111448,1.944717023478,
    1.947923935507,1.951130847537,1.954337759566,1.957544671596,
    1.960751583625,1.963958495655,1.967165407684,1.970372319714,
    1.973579231743,1.976786143773,1.979993055802,1.983199967832,
    1.986406879861,1.989613791891,1.99282070392,1.99602761595,
    1.999234527979,2.002441440009,2.005648352038),
  .QUASI_UNIFORM_KNOTS.);
#7175 = CARTESIAN_POINT('',(0.,1.819854266089));
#7176 = CARTESIAN_POINT('',(2.778177241166E-03,1.819965423389));
#7177 = CARTESIAN_POINT('',(8.338676187863E-03,1.820184021929));
#7178 = CARTESIAN_POINT('',(1.669132749157E-02,1.820500800837));
#7179 = CARTESIAN_POINT('',(2.505535199736E-02,1.820806490125));
#7180 = CARTESIAN_POINT('',(3.343021712614E-02,1.821101119076));
#7181 = CARTESIAN_POINT('',(4.181538907022E-02,1.82138471697));
#7182 = CARTESIAN_POINT('',(5.021033300722E-02,1.821657313089));
#7183 = CARTESIAN_POINT('',(5.861451370997E-02,1.821918936715));
#7184 = CARTESIAN_POINT('',(6.702739605587E-02,1.82216961713));
#7185 = CARTESIAN_POINT('',(7.544844556782E-02,1.822409383614));
#7186 = CARTESIAN_POINT('',(8.387712895081E-02,1.822638265451));
#7187 = CARTESIAN_POINT('',(9.231291463291E-02,1.822856291921));
#7188 = CARTESIAN_POINT('',(0.100755273308,1.823063492307));
#7189 = CARTESIAN_POINT('',(0.109203678478,1.823259895889));
#7190 = CARTESIAN_POINT('',(0.117657606999,1.823445531949));
#7191 = CARTESIAN_POINT('',(0.126116539627,1.82362042977));
#7192 = CARTESIAN_POINT('',(0.134579961558,1.823784618632));
#7193 = CARTESIAN_POINT('',(0.143047362971,1.823938127818));
#7194 = CARTESIAN_POINT('',(0.151518239587,1.824080986609));
#7195 = CARTESIAN_POINT('',(0.159992093136,1.824213224287));
#7196 = CARTESIAN_POINT('',(0.168468432166,1.824334870132));
#7197 = CARTESIAN_POINT('',(0.176946771556,1.824445953428));
#7198 = CARTESIAN_POINT('',(0.182600015092,1.82451298678));
#7199 = CARTESIAN_POINT('',(0.185426811597,1.824544752792));
#7200 = ( GEOMETRIC_REPRESENTATION_CONTEXT(2) 
PARAMETRIC_REPRESENTATION_CONTEXT() REPRESENTATION_CONTEXT('2D SPACE',''
  ) );
#7201 = PCURVE('',#7202,#7207);
#7202 = CYLINDRICAL_SURFACE('',#7203,1.);
#7203 = AXIS2_PLACEMENT_3D('',#7204,#7205,#7206);
#7204 = CARTESIAN_POINT('',(-1.266864656673,-0.4,5.176557830207));
#7205 = DIRECTION('',(0.365721434557,-2.066623225727E-16,-0.93072435893)
  );
#7206 = DIRECTION('',(-0.658121505615,0.707106781187,-0.2586041064));
#7207 = DEFINITIONAL_REPRESENTATION('',(#7208),#7234);
#7208 = B_SPLINE_CURVE_WITH_KNOTS('',3,(#7209,#7210,#7211,#7212,#7213,
    #7214,#7215,#7216,#7217,#7218,#7219,#7220,#7221,#7222,#7223,#7224,
    #7225,#7226,#7227,#7228,#7229,#7230,#7231,#7232,#7233),
  .UNSPECIFIED.,.F.,.F.,(4,1,1,1,1,1,1,1,1,1,1,1,1,1,1,1,1,1,1,1,1,1,4),
  (1.935096287389,1.938303199419,1.941510111448,1.944717023478,
    1.947923935507,1.951130847537,1.954337759566,1.957544671596,
    1.960751583625,1.963958495655,1.967165407684,1.970372319714,
    1.973579231743,1.976786143773,1.979993055802,1.983199967832,
    1.986406879861,1.989613791891,1.99282070392,1.99602761595,
    1.999234527979,2.002441440009,2.005648352038),
  .QUASI_UNIFORM_KNOTS.);
#7209 = CARTESIAN_POINT('',(0.683907739482,-0.102678079687));
#7210 = CARTESIAN_POINT('',(0.685004871056,-0.102469318388));
#7211 = CARTESIAN_POINT('',(0.687198623963,-0.102042268481));
#7212 = CARTESIAN_POINT('',(0.69048731636,-0.101373171615));
#7213 = CARTESIAN_POINT('',(0.693773665874,-0.10067561267));
#7214 = CARTESIAN_POINT('',(0.697057265486,-9.994965157237E-02));
#7215 = CARTESIAN_POINT('',(0.70033770751,-9.919534824649E-02));
#7216 = CARTESIAN_POINT('',(0.703614583544,-9.841276261823E-02));
#7217 = CARTESIAN_POINT('',(0.706887484536,-9.760195461309E-02));
#7218 = CARTESIAN_POINT('',(0.710156000829,-9.676298415657E-02));
#7219 = CARTESIAN_POINT('',(0.713419722208,-9.589591117415E-02));
#7220 = CARTESIAN_POINT('',(0.716678237944,-9.500079559133E-02));
#7221 = CARTESIAN_POINT('',(0.719931136843,-9.407769733362E-02));
#7222 = CARTESIAN_POINT('',(0.723178007288,-9.312667632649E-02));
#7223 = CARTESIAN_POINT('',(0.726418437291,-9.214779249546E-02));
#7224 = CARTESIAN_POINT('',(0.729652014531,-9.114110576601E-02));
#7225 = CARTESIAN_POINT('',(0.732878326403,-9.010667606363E-02));
#7226 = CARTESIAN_POINT('',(0.736096960061,-8.904456331383E-02));
#7227 = CARTESIAN_POINT('',(0.739307502461,-8.795482744209E-02));
#7228 = CARTESIAN_POINT('',(0.742509540401,-8.683752837392E-02));
#7229 = CARTESIAN_POINT('',(0.745702660567,-8.569272603481E-02));
#7230 = CARTESIAN_POINT('',(0.748886449572,-8.452048035025E-02));
#7231 = CARTESIAN_POINT('',(0.752060493992,-8.332085124574E-02));
#7232 = CARTESIAN_POINT('',(0.754169751611,-8.250288284643E-02));
#7233 = CARTESIAN_POINT('',(0.75522261852,-8.208935471861E-02));
#7234 = ( GEOMETRIC_REPRESENTATION_CONTEXT(2) 
PARAMETRIC_REPRESENTATION_CONTEXT() REPRESENTATION_CONTEXT('2D SPACE',''
  ) );
#7235 = ADVANCED_FACE('',(#7236),#7202,.T.);
#7236 = FACE_BOUND('',#7237,.T.);
#7237 = EDGE_LOOP('',(#7238,#7268,#7323,#7389,#7390,#7417,#7440,#7486));
#7238 = ORIENTED_EDGE('',*,*,#7239,.F.);
#7239 = EDGE_CURVE('',#7240,#7242,#7244,.T.);
#7240 = VERTEX_POINT('',#7241);
#7241 = CARTESIAN_POINT('',(-1.965832919663,0.307106781186,
    5.021904623262));
#7242 = VERTEX_POINT('',#7243);
#7243 = CARTESIAN_POINT('',(-1.892688632752,0.307106781186,
    4.835759751476));
#7244 = SURFACE_CURVE('',#7245,(#7249,#7256),.PCURVE_S1.);
#7245 = LINE('',#7246,#7247);
#7246 = CARTESIAN_POINT('',(-1.965832919663,0.307106781186,
    5.021904623262));
#7247 = VECTOR('',#7248,1.);
#7248 = DIRECTION('',(0.365721434557,2.013783677427E-15,-0.93072435893)
  );
#7249 = PCURVE('',#7202,#7250);
#7250 = DEFINITIONAL_REPRESENTATION('',(#7251),#7255);
#7251 = LINE('',#7252,#7253);
#7252 = CARTESIAN_POINT('',(0.,-0.11168816896));
#7253 = VECTOR('',#7254,1.);
#7254 = DIRECTION('',(0.,1.));
#7255 = ( GEOMETRIC_REPRESENTATION_CONTEXT(2) 
PARAMETRIC_REPRESENTATION_CONTEXT() REPRESENTATION_CONTEXT('2D SPACE',''
  ) );
#7256 = PCURVE('',#7257,#7262);
#7257 = CYLINDRICAL_SURFACE('',#7258,1.);
#7258 = AXIS2_PLACEMENT_3D('',#7259,#7260,#7261);
#7259 = CARTESIAN_POINT('',(-1.266864656673,-0.4,5.176557830207));
#7260 = DIRECTION('',(0.365721434557,-2.066623225727E-16,-0.93072435893)
  );
#7261 = DIRECTION('',(-0.658121505615,0.707106781187,-0.2586041064));
#7262 = DEFINITIONAL_REPRESENTATION('',(#7263),#7267);
#7263 = LINE('',#7264,#7265);
#7264 = CARTESIAN_POINT('',(6.28318530718,-0.11168816896));
#7265 = VECTOR('',#7266,1.);
#7266 = DIRECTION('',(0.,1.));
#7267 = ( GEOMETRIC_REPRESENTATION_CONTEXT(2) 
PARAMETRIC_REPRESENTATION_CONTEXT() REPRESENTATION_CONTEXT('2D SPACE',''
  ) );
#7268 = ORIENTED_EDGE('',*,*,#7269,.T.);
#7269 = EDGE_CURVE('',#7240,#7270,#7272,.T.);
#7270 = VERTEX_POINT('',#7271);
#7271 = CARTESIAN_POINT('',(-1.469931808431,0.58456170244,5.214733552478
    ));
#7272 = SURFACE_CURVE('',#7273,(#7278,#7307),.PCURVE_S1.);
#7273 = ELLIPSE('',#7274,1.000006316182,1.);
#7274 = AXIS2_PLACEMENT_3D('',#7275,#7276,#7277);
#7275 = CARTESIAN_POINT('',(-1.306792280938,-0.4,5.278169628113));
#7276 = DIRECTION('',(0.362411156366,-2.069496402341E-16,-0.932018322643
    ));
#7277 = DIRECTION('',(-0.932018322643,-8.788883471442E-12,
    -0.362411156366));
#7278 = PCURVE('',#7202,#7279);
#7279 = DEFINITIONAL_REPRESENTATION('',(#7280),#7306);
#7280 = B_SPLINE_CURVE_WITH_KNOTS('',3,(#7281,#7282,#7283,#7284,#7285,
    #7286,#7287,#7288,#7289,#7290,#7291,#7292,#7293,#7294,#7295,#7296,
    #7297,#7298,#7299,#7300,#7301,#7302,#7303,#7304,#7305),
  .UNSPECIFIED.,.F.,.F.,(4,1,1,1,1,1,1,1,1,1,1,1,1,1,1,1,1,1,1,1,1,1,4),
  (0.785398163406,0.813100615084,0.840803066761,0.868505518439,
    0.896207970117,0.923910421794,0.951612873472,0.979315325149,
    1.007017776827,1.034720228504,1.062422680182,1.090125131859,
    1.117827583537,1.145530035215,1.173232486892,1.20093493857,
    1.228637390247,1.256339841925,1.284042293602,1.31174474528,
    1.339447196958,1.367149648635,1.394852100313),
  .QUASI_UNIFORM_KNOTS.);
#7281 = CARTESIAN_POINT('',(0.,-0.11168816896));
#7282 = CARTESIAN_POINT('',(9.23415055919E-03,-0.111664961762));
#7283 = CARTESIAN_POINT('',(2.770245167757E-02,-0.111617904011));
#7284 = CARTESIAN_POINT('',(5.540490335513E-02,-0.111545443062));
#7285 = CARTESIAN_POINT('',(8.31073550327E-02,-0.111471162972));
#7286 = CARTESIAN_POINT('',(0.11080980671,-0.111395120856));
#7287 = CARTESIAN_POINT('',(0.138512258388,-0.111317375037));
#7288 = CARTESIAN_POINT('',(0.166214710065,-0.111237985183));
#7289 = CARTESIAN_POINT('',(0.193917161743,-0.111157012213));
#7290 = CARTESIAN_POINT('',(0.221619613421,-0.111074518265));
#7291 = CARTESIAN_POINT('',(0.249322065098,-0.110990566644));
#7292 = CARTESIAN_POINT('',(0.277024516776,-0.11090522177));
#7293 = CARTESIAN_POINT('',(0.304726968453,-0.110818549137));
#7294 = CARTESIAN_POINT('',(0.332429420131,-0.110730615254));
#7295 = CARTESIAN_POINT('',(0.360131871808,-0.1106414876));
#7296 = CARTESIAN_POINT('',(0.387834323486,-0.110551234569));
#7297 = CARTESIAN_POINT('',(0.415536775164,-0.110459925421));
#7298 = CARTESIAN_POINT('',(0.443239226841,-0.110367630222));
#7299 = CARTESIAN_POINT('',(0.470941678519,-0.110274419798));
#7300 = CARTESIAN_POINT('',(0.498644130196,-0.110180365678));
#7301 = CARTESIAN_POINT('',(0.526346581874,-0.110085540033));
#7302 = CARTESIAN_POINT('',(0.554049033551,-0.109990015641));
#7303 = CARTESIAN_POINT('',(0.581751485229,-0.109893865769));
#7304 = CARTESIAN_POINT('',(0.600219786347,-0.109829398143));
#7305 = CARTESIAN_POINT('',(0.609453936906,-0.10979708469));
#7306 = ( GEOMETRIC_REPRESENTATION_CONTEXT(2) 
PARAMETRIC_REPRESENTATION_CONTEXT() REPRESENTATION_CONTEXT('2D SPACE',''
  ) );
#7307 = PCURVE('',#7308,#7313);
#7308 = PLANE('',#7309);
#7309 = AXIS2_PLACEMENT_3D('',#7310,#7311,#7312);
#7310 = CARTESIAN_POINT('',(-1.4,-0.55,5.241926223421));
#7311 = DIRECTION('',(-0.362411156366,2.06949640234E-16,0.932018322643)
  );
#7312 = DIRECTION('',(0.,-1.,2.22044604925E-16));
#7313 = DEFINITIONAL_REPRESENTATION('',(#7314),#7322);
#7314 = ( BOUNDED_CURVE() B_SPLINE_CURVE(2,(#7315,#7316,#7317,#7318,
#7319,#7320,#7321),.UNSPECIFIED.,.T.,.F.) B_SPLINE_CURVE_WITH_KNOTS((1,2
    ,2,2,2,1),(-2.094395102393,0.,2.094395102393,4.188790204786,
6.28318530718,8.377580409573),.UNSPECIFIED.) CURVE() 
GEOMETRIC_REPRESENTATION_ITEM() RATIONAL_B_SPLINE_CURVE((1.,0.5,1.,0.5,
1.,0.5,1.)) REPRESENTATION_ITEM('') );
#7315 = CARTESIAN_POINT('',(-0.149999999991,-0.9));
#7316 = CARTESIAN_POINT('',(-1.88205080756,-0.900000000015));
#7317 = CARTESIAN_POINT('',(-1.016025403789,0.600009474265));
#7318 = CARTESIAN_POINT('',(-0.150000000018,2.100018948545));
#7319 = CARTESIAN_POINT('',(0.71602540378,0.60000947428));
#7320 = CARTESIAN_POINT('',(1.582050807578,-0.899999999985));
#7321 = CARTESIAN_POINT('',(-0.149999999991,-0.9));
#7322 = ( GEOMETRIC_REPRESENTATION_CONTEXT(2) 
PARAMETRIC_REPRESENTATION_CONTEXT() REPRESENTATION_CONTEXT('2D SPACE',''
  ) );
#7323 = ORIENTED_EDGE('',*,*,#7324,.T.);
#7324 = EDGE_CURVE('',#7270,#7119,#7325,.T.);
#7325 = SURFACE_CURVE('',#7326,(#7331,#7360),.PCURVE_S1.);
#7326 = B_SPLINE_CURVE_WITH_KNOTS('',3,(#7327,#7328,#7329,#7330),
  .UNSPECIFIED.,.F.,.F.,(4,4),(1.862087566042,1.935096287389),
  .PIECEWISE_BEZIER_KNOTS.);
#7327 = CARTESIAN_POINT('',(-1.469931808431,0.58456170244,5.214733552478
    ));
#7328 = CARTESIAN_POINT('',(-1.447573595586,0.588826505303,
    5.223427443547));
#7329 = CARTESIAN_POINT('',(-1.423579326575,0.592323653372,
    5.230404960772));
#7330 = CARTESIAN_POINT('',(-1.398713764022,0.594854266089,
    5.235069283658));
#7331 = PCURVE('',#7202,#7332);
#7332 = DEFINITIONAL_REPRESENTATION('',(#7333),#7359);
#7333 = B_SPLINE_CURVE_WITH_KNOTS('',3,(#7334,#7335,#7336,#7337,#7338,
    #7339,#7340,#7341,#7342,#7343,#7344,#7345,#7346,#7347,#7348,#7349,
    #7350,#7351,#7352,#7353,#7354,#7355,#7356,#7357,#7358),
  .UNSPECIFIED.,.F.,.F.,(4,1,1,1,1,1,1,1,1,1,1,1,1,1,1,1,1,1,1,1,1,1,4),
  (1.862087566042,1.865406144285,1.868724722528,1.872043300771,
    1.875361879014,1.878680457257,1.8819990355,1.885317613743,
    1.888636191986,1.891954770229,1.895273348472,1.898591926715,
    1.901910504959,1.905229083202,1.908547661445,1.911866239688,
    1.915184817931,1.918503396174,1.921821974417,1.92514055266,
    1.928459130903,1.931777709146,1.935096287389),
  .QUASI_UNIFORM_KNOTS.);
#7334 = CARTESIAN_POINT('',(0.609453936906,-0.10979708469));
#7335 = CARTESIAN_POINT('',(0.610561438256,-0.109793209168));
#7336 = CARTESIAN_POINT('',(0.612779527067,-0.109776384522));
#7337 = CARTESIAN_POINT('',(0.616115421928,-0.109723771344));
#7338 = CARTESIAN_POINT('',(0.619459581842,-0.109643626557));
#7339 = CARTESIAN_POINT('',(0.622811509858,-0.10953579476));
#7340 = CARTESIAN_POINT('',(0.626170708856,-0.109400120552));
#7341 = CARTESIAN_POINT('',(0.629536681563,-0.10923644853));
#7342 = CARTESIAN_POINT('',(0.632908930617,-0.109044623295));
#7343 = CARTESIAN_POINT('',(0.636286958622,-0.108824489444));
#7344 = CARTESIAN_POINT('',(0.639670268204,-0.108575891578));
#7345 = CARTESIAN_POINT('',(0.643058362066,-0.108298674293));
#7346 = CARTESIAN_POINT('',(0.646450743052,-0.107992682191));
#7347 = CARTESIAN_POINT('',(0.649846914203,-0.107657759868));
#7348 = CARTESIAN_POINT('',(0.653246378813,-0.107293751924));
#7349 = CARTESIAN_POINT('',(0.656648640496,-0.106900502958));
#7350 = CARTESIAN_POINT('',(0.660053203239,-0.106477857569));
#7351 = CARTESIAN_POINT('',(0.663459571467,-0.106025660356));
#7352 = CARTESIAN_POINT('',(0.6668672501,-0.105543755916));
#7353 = CARTESIAN_POINT('',(0.670275744618,-0.10503198885));
#7354 = CARTESIAN_POINT('',(0.673684561107,-0.104490203756));
#7355 = CARTESIAN_POINT('',(0.677093206356,-0.103918245232));
#7356 = CARTESIAN_POINT('',(0.680501187802,-0.103315957878));
#7357 = CARTESIAN_POINT('',(0.682772405259,-0.102894110155));
#7358 = CARTESIAN_POINT('',(0.683907739482,-0.102678079687));
#7359 = ( GEOMETRIC_REPRESENTATION_CONTEXT(2) 
PARAMETRIC_REPRESENTATION_CONTEXT() REPRESENTATION_CONTEXT('2D SPACE',''
  ) );
#7360 = PCURVE('',#4526,#7361);
#7361 = DEFINITIONAL_REPRESENTATION('',(#7362),#7388);
#7362 = B_SPLINE_CURVE_WITH_KNOTS('',3,(#7363,#7364,#7365,#7366,#7367,
    #7368,#7369,#7370,#7371,#7372,#7373,#7374,#7375,#7376,#7377,#7378,
    #7379,#7380,#7381,#7382,#7383,#7384,#7385,#7386,#7387),
  .UNSPECIFIED.,.F.,.F.,(4,1,1,1,1,1,1,1,1,1,1,1,1,1,1,1,1,1,1,1,1,1,4),
  (1.862087566042,1.865406144285,1.868724722528,1.872043300771,
    1.875361879014,1.878680457257,1.8819990355,1.885317613743,
    1.888636191986,1.891954770229,1.895273348472,1.898591926715,
    1.901910504959,1.905229083202,1.908547661445,1.911866239688,
    1.915184817931,1.918503396174,1.921821974417,1.92514055266,
    1.928459130903,1.931777709146,1.935096287389),
  .QUASI_UNIFORM_KNOTS.);
#7363 = CARTESIAN_POINT('',(6.097758495582,1.80956170244));
#7364 = CARTESIAN_POINT('',(6.100484521603,1.809755557116));
#7365 = CARTESIAN_POINT('',(6.105945899328,1.81014009434));
#7366 = CARTESIAN_POINT('',(6.114165211149,1.810707271728));
#7367 = CARTESIAN_POINT('',(6.122411035265,1.811264708601));
#7368 = CARTESIAN_POINT('',(6.130682642635,1.811812292893));
#7369 = CARTESIAN_POINT('',(6.138979307516,1.812349912537));
#7370 = CARTESIAN_POINT('',(6.147300308385,1.812877455468));
#7371 = CARTESIAN_POINT('',(6.155644928464,1.813394809619));
#7372 = CARTESIAN_POINT('',(6.164012456361,1.813901862922));
#7373 = CARTESIAN_POINT('',(6.172402186695,1.814398503313));
#7374 = CARTESIAN_POINT('',(6.180813420734,1.814884618724));
#7375 = CARTESIAN_POINT('',(6.189245467033,1.815360097088));
#7376 = CARTESIAN_POINT('',(6.197697642084,1.815824826341));
#7377 = CARTESIAN_POINT('',(6.206169270963,1.816278694414));
#7378 = CARTESIAN_POINT('',(6.21465968799,1.816721589242));
#7379 = CARTESIAN_POINT('',(6.223168237383,1.817153398758));
#7380 = CARTESIAN_POINT('',(6.231694273918,1.817574010896));
#7381 = CARTESIAN_POINT('',(6.240237163583,1.81798331359));
#7382 = CARTESIAN_POINT('',(6.24879628427,1.818381194772));
#7383 = CARTESIAN_POINT('',(6.257371026299,1.818767542377));
#7384 = CARTESIAN_POINT('',(6.265960793588,1.819142244338));
#7385 = CARTESIAN_POINT('',(6.274565002404,1.819505188589));
#7386 = CARTESIAN_POINT('',(6.280310393533,1.819739238238));
#7387 = CARTESIAN_POINT('',(6.28318530718,1.819854266089));
#7388 = ( GEOMETRIC_REPRESENTATION_CONTEXT(2) 
PARAMETRIC_REPRESENTATION_CONTEXT() REPRESENTATION_CONTEXT('2D SPACE',''
  ) );
#7389 = ORIENTED_EDGE('',*,*,#7165,.T.);
#7390 = ORIENTED_EDGE('',*,*,#7391,.T.);
#7391 = EDGE_CURVE('',#7143,#7392,#7394,.T.);
#7392 = VERTEX_POINT('',#7393);
#7393 = CARTESIAN_POINT('',(-1.292550696059,0.6,5.241926223421));
#7394 = SURFACE_CURVE('',#7395,(#7400,#7406),.PCURVE_S1.);
#7395 = ELLIPSE('',#7396,1.074431963024,1.);
#7396 = AXIS2_PLACEMENT_3D('',#7397,#7398,#7399);
#7397 = CARTESIAN_POINT('',(-1.292550696059,-0.4,5.241926223421));
#7398 = DIRECTION('',(-0.,-2.22044604925E-16,-1.));
#7399 = DIRECTION('',(-1.,0.,0.));
#7400 = PCURVE('',#7202,#7401);
#7401 = DEFINITIONAL_REPRESENTATION('',(#7402),#7405);
#7402 = B_SPLINE_CURVE_WITH_KNOTS('',1,(#7403,#7404),.UNSPECIFIED.,.F.,
  .F.,(2,2),(1.540620781917,1.570796326795),.PIECEWISE_BEZIER_KNOTS.);
#7403 = CARTESIAN_POINT('',(0.75522261852,-8.208935471861E-02));
#7404 = CARTESIAN_POINT('',(0.785398163397,-7.023389104083E-02));
#7405 = ( GEOMETRIC_REPRESENTATION_CONTEXT(2) 
PARAMETRIC_REPRESENTATION_CONTEXT() REPRESENTATION_CONTEXT('2D SPACE',''
  ) );
#7406 = PCURVE('',#4654,#7407);
#7407 = DEFINITIONAL_REPRESENTATION('',(#7408),#7416);
#7408 = ( BOUNDED_CURVE() B_SPLINE_CURVE(2,(#7409,#7410,#7411,#7412,
#7413,#7414,#7415),.UNSPECIFIED.,.T.,.F.) B_SPLINE_CURVE_WITH_KNOTS((1,2
    ,2,2,2,1),(-2.094395102393,0.,2.094395102393,4.188790204786,
6.28318530718,8.377580409573),.UNSPECIFIED.) CURVE() 
GEOMETRIC_REPRESENTATION_ITEM() RATIONAL_B_SPLINE_CURVE((1.,0.5,1.,0.5,
1.,0.5,1.)) REPRESENTATION_ITEM('') );
#7409 = CARTESIAN_POINT('',(-1.5,-1.198265908384E-02));
#7410 = CARTESIAN_POINT('',(-3.232050807569,-1.198265908384E-02));
#7411 = CARTESIAN_POINT('',(-2.366025403784,1.599665285453));
#7412 = CARTESIAN_POINT('',(-1.5,3.21131322999));
#7413 = CARTESIAN_POINT('',(-0.633974596216,1.599665285453));
#7414 = CARTESIAN_POINT('',(0.232050807569,-1.198265908384E-02));
#7415 = CARTESIAN_POINT('',(-1.5,-1.198265908384E-02));
#7416 = ( GEOMETRIC_REPRESENTATION_CONTEXT(2) 
PARAMETRIC_REPRESENTATION_CONTEXT() REPRESENTATION_CONTEXT('2D SPACE',''
  ) );
#7417 = ORIENTED_EDGE('',*,*,#7418,.T.);
#7418 = EDGE_CURVE('',#7392,#7419,#7421,.T.);
#7419 = VERTEX_POINT('',#7420);
#7420 = CARTESIAN_POINT('',(-1.213962136289,0.6,5.041926223421));
#7421 = SURFACE_CURVE('',#7422,(#7426,#7433),.PCURVE_S1.);
#7422 = LINE('',#7423,#7424);
#7423 = CARTESIAN_POINT('',(-1.292550696059,0.6,5.241926223421));
#7424 = VECTOR('',#7425,1.);
#7425 = DIRECTION('',(0.365721434557,-2.066623225727E-16,-0.93072435893)
  );
#7426 = PCURVE('',#7202,#7427);
#7427 = DEFINITIONAL_REPRESENTATION('',(#7428),#7432);
#7428 = LINE('',#7429,#7430);
#7429 = CARTESIAN_POINT('',(0.785398163397,-7.023389104083E-02));
#7430 = VECTOR('',#7431,1.);
#7431 = DIRECTION('',(1.549967419296E-15,1.));
#7432 = ( GEOMETRIC_REPRESENTATION_CONTEXT(2) 
PARAMETRIC_REPRESENTATION_CONTEXT() REPRESENTATION_CONTEXT('2D SPACE',''
  ) );
#7433 = PCURVE('',#6956,#7434);
#7434 = DEFINITIONAL_REPRESENTATION('',(#7435),#7439);
#7435 = LINE('',#7436,#7437);
#7436 = CARTESIAN_POINT('',(-8.700086168815E-03,0.2));
#7437 = VECTOR('',#7438,1.);
#7438 = DIRECTION('',(-0.365721434557,-0.93072435893));
#7439 = ( GEOMETRIC_REPRESENTATION_CONTEXT(2) 
PARAMETRIC_REPRESENTATION_CONTEXT() REPRESENTATION_CONTEXT('2D SPACE',''
  ) );
#7440 = ORIENTED_EDGE('',*,*,#7441,.T.);
#7441 = EDGE_CURVE('',#7419,#7442,#7444,.T.);
#7442 = VERTEX_POINT('',#7443);
#7443 = CARTESIAN_POINT('',(-1.362487158565,0.59039933768,5.041926223421
    ));
#7444 = SURFACE_CURVE('',#7445,(#7450,#7479),.PCURVE_S1.);
#7445 = ELLIPSE('',#7446,1.074431963024,1.);
#7446 = AXIS2_PLACEMENT_3D('',#7447,#7448,#7449);
#7447 = CARTESIAN_POINT('',(-1.213962136289,-0.4,5.041926223421));
#7448 = DIRECTION('',(0.,2.22044604925E-16,1.));
#7449 = DIRECTION('',(-1.,0.,0.));
#7450 = PCURVE('',#7202,#7451);
#7451 = DEFINITIONAL_REPRESENTATION('',(#7452),#7478);
#7452 = B_SPLINE_CURVE_WITH_KNOTS('',3,(#7453,#7454,#7455,#7456,#7457,
    #7458,#7459,#7460,#7461,#7462,#7463,#7464,#7465,#7466,#7467,#7468,
    #7469,#7470,#7471,#7472,#7473,#7474,#7475,#7476,#7477),
  .UNSPECIFIED.,.F.,.F.,(4,1,1,1,1,1,1,1,1,1,1,1,1,1,1,1,1,1,1,1,1,1,4),
  (4.712388980385,4.718692614353,4.724996248321,4.731299882289,
    4.737603516257,4.743907150225,4.750210784193,4.756514418161,
    4.762818052129,4.769121686097,4.775425320065,4.781728954034,
    4.788032588002,4.79433622197,4.800639855938,4.806943489906,
    4.813247123874,4.819550757842,4.82585439181,4.832158025778,
    4.838461659746,4.844765293714,4.851068927682),
  .QUASI_UNIFORM_KNOTS.);
#7453 = CARTESIAN_POINT('',(0.785398163397,0.144652501564));
#7454 = CARTESIAN_POINT('',(0.783296952075,0.143826845706));
#7455 = CARTESIAN_POINT('',(0.779094529429,0.14217553399));
#7456 = CARTESIAN_POINT('',(0.772790895461,0.139698664839));
#7457 = CARTESIAN_POINT('',(0.766487261493,0.137221992533));
#7458 = CARTESIAN_POINT('',(0.760183627525,0.134745615483));
#7459 = CARTESIAN_POINT('',(0.753879993557,0.13226963209));
#7460 = CARTESIAN_POINT('',(0.747576359589,0.129794140738));
#7461 = CARTESIAN_POINT('',(0.741272725621,0.127319239793));
#7462 = CARTESIAN_POINT('',(0.734969091653,0.124845027597));
#7463 = CARTESIAN_POINT('',(0.728665457685,0.122371602464));
#7464 = CARTESIAN_POINT('',(0.722361823717,0.119899062678));
#7465 = CARTESIAN_POINT('',(0.716058189749,0.117427506486));
#7466 = CARTESIAN_POINT('',(0.709754555781,0.114957032098));
#7467 = CARTESIAN_POINT('',(0.703450921812,0.112487737678));
#7468 = CARTESIAN_POINT('',(0.697147287844,0.110019721348));
#7469 = CARTESIAN_POINT('',(0.690843653876,0.107553081174));
#7470 = CARTESIAN_POINT('',(0.684540019908,0.10508791517));
#7471 = CARTESIAN_POINT('',(0.67823638594,0.102624321292));
#7472 = CARTESIAN_POINT('',(0.671932751972,0.100162397431));
#7473 = CARTESIAN_POINT('',(0.665629118004,9.770224141521E-02));
#7474 = CARTESIAN_POINT('',(0.659325484036,9.524395099781E-02));
#7475 = CARTESIAN_POINT('',(0.653021850068,9.27876238673E-02));
#7476 = CARTESIAN_POINT('',(0.648819427423,9.115144635818E-02));
#7477 = CARTESIAN_POINT('',(0.6467182161,9.033371734991E-02));
#7478 = ( GEOMETRIC_REPRESENTATION_CONTEXT(2) 
PARAMETRIC_REPRESENTATION_CONTEXT() REPRESENTATION_CONTEXT('2D SPACE',''
  ) );
#7479 = PCURVE('',#4470,#7480);
#7480 = DEFINITIONAL_REPRESENTATION('',(#7481),#7485);
#7481 = ELLIPSE('',#7482,1.074431963024,1.);
#7482 = AXIS2_PLACEMENT_2D('',#7483,#7484);
#7483 = CARTESIAN_POINT('',(-0.3,-1.213962136289));
#7484 = DIRECTION('',(0.,-1.));
#7485 = ( GEOMETRIC_REPRESENTATION_CONTEXT(2) 
PARAMETRIC_REPRESENTATION_CONTEXT() REPRESENTATION_CONTEXT('2D SPACE',''
  ) );
#7486 = ORIENTED_EDGE('',*,*,#7487,.T.);
#7487 = EDGE_CURVE('',#7442,#7242,#7488,.T.);
#7488 = SURFACE_CURVE('',#7489,(#7494,#7523),.PCURVE_S1.);
#7489 = ELLIPSE('',#7490,1.000006316182,1.);
#7490 = AXIS2_PLACEMENT_3D('',#7491,#7492,#7493);
#7491 = CARTESIAN_POINT('',(-1.233647994027,-0.4,5.092024756327));
#7492 = DIRECTION('',(-0.362411156366,2.06949640234E-16,0.932018322643)
  );
#7493 = DIRECTION('',(-0.932018322643,-2.023349442036E-15,
    -0.362411156366));
#7494 = PCURVE('',#7202,#7495);
#7495 = DEFINITIONAL_REPRESENTATION('',(#7496),#7522);
#7496 = B_SPLINE_CURVE_WITH_KNOTS('',3,(#7497,#7498,#7499,#7500,#7501,
    #7502,#7503,#7504,#7505,#7506,#7507,#7508,#7509,#7510,#7511,#7512,
    #7513,#7514,#7515,#7516,#7517,#7518,#7519,#7520,#7521),
  .UNSPECIFIED.,.F.,.F.,(4,1,1,1,1,1,1,1,1,1,1,1,1,1,1,1,1,1,1,1,1,1,4),
  (4.851068927682,4.880465210232,4.909861492782,4.939257775332,
    4.968654057882,4.998050340432,5.027446622982,5.056842905532,
    5.086239188082,5.115635470632,5.145031753182,5.174428035732,
    5.203824318282,5.233220600832,5.262616883382,5.292013165932,
    5.321409448482,5.350805731032,5.380202013582,5.409598296132,
    5.438994578682,5.468390861232,5.497787143782),
  .QUASI_UNIFORM_KNOTS.);
#7497 = CARTESIAN_POINT('',(0.6467182161,9.033371734991E-02));
#7498 = CARTESIAN_POINT('',(0.63691945525,9.029922482587E-02));
#7499 = CARTESIAN_POINT('',(0.61732193355,9.023038144415E-02));
#7500 = CARTESIAN_POINT('',(0.587925651,9.012763009368E-02));
#7501 = CARTESIAN_POINT('',(0.55852936845,9.002548138625E-02));
#7502 = CARTESIAN_POINT('',(0.5291330859,8.992402355009E-02));
#7503 = CARTESIAN_POINT('',(0.49973680335,8.982334426255E-02));
#7504 = CARTESIAN_POINT('',(0.4703405208,8.972353051589E-02));
#7505 = CARTESIAN_POINT('',(0.44094423825,8.96246685578E-02));
#7506 = CARTESIAN_POINT('',(0.4115479557,8.952684381266E-02));
#7507 = CARTESIAN_POINT('',(0.38215167315,8.943014080883E-02));
#7508 = CARTESIAN_POINT('',(0.3527553906,8.933464310536E-02));
#7509 = CARTESIAN_POINT('',(0.32335910805,8.924043321984E-02));
#7510 = CARTESIAN_POINT('',(0.2939628255,8.914759255706E-02));
#7511 = CARTESIAN_POINT('',(0.26456654295,8.905620133871E-02));
#7512 = CARTESIAN_POINT('',(0.2351702604,8.896633853403E-02));
#7513 = CARTESIAN_POINT('',(0.20577397785,8.887808179166E-02));
#7514 = CARTESIAN_POINT('',(0.1763776953,8.879150737221E-02));
#7515 = CARTESIAN_POINT('',(0.14698141275,8.870669008358E-02));
#7516 = CARTESIAN_POINT('',(0.1175851302,8.862370321187E-02));
#7517 = CARTESIAN_POINT('',(8.818884764997E-02,8.854261847454E-02));
#7518 = CARTESIAN_POINT('',(5.879256509998E-02,8.846350589705E-02));
#7519 = CARTESIAN_POINT('',(2.939628254999E-02,8.838643398145E-02));
#7520 = CARTESIAN_POINT('',(9.798760849997E-03,8.833645718855E-02));
#7521 = CARTESIAN_POINT('',(0.,8.831183103994E-02));
#7522 = ( GEOMETRIC_REPRESENTATION_CONTEXT(2) 
PARAMETRIC_REPRESENTATION_CONTEXT() REPRESENTATION_CONTEXT('2D SPACE',''
  ) );
#7523 = PCURVE('',#7524,#7529);
#7524 = PLANE('',#7525);
#7525 = AXIS2_PLACEMENT_3D('',#7526,#7527,#7528);
#7526 = CARTESIAN_POINT('',(-2.165672203467,-0.55,4.729611310906));
#7527 = DIRECTION('',(0.362411156366,-2.06949640234E-16,-0.932018322643)
  );
#7528 = DIRECTION('',(0.,1.,-2.22044604925E-16));
#7529 = DEFINITIONAL_REPRESENTATION('',(#7530),#7538);
#7530 = ( BOUNDED_CURVE() B_SPLINE_CURVE(2,(#7531,#7532,#7533,#7534,
#7535,#7536,#7537),.UNSPECIFIED.,.T.,.F.) B_SPLINE_CURVE_WITH_KNOTS((1,2
    ,2,2,2,1),(-2.094395102393,0.,2.094395102393,4.188790204786,
6.28318530718,8.377580409573),.UNSPECIFIED.) CURVE() 
GEOMETRIC_REPRESENTATION_ITEM() RATIONAL_B_SPLINE_CURVE((1.,0.5,1.,0.5,
1.,0.5,1.)) REPRESENTATION_ITEM('') );
#7531 = CARTESIAN_POINT('',(0.15,8.881784197001E-16));
#7532 = CARTESIAN_POINT('',(-1.582050807569,4.218847493576E-15));
#7533 = CARTESIAN_POINT('',(-0.716025403784,1.500009474273));
#7534 = CARTESIAN_POINT('',(0.15,3.000018948545));
#7535 = CARTESIAN_POINT('',(1.016025403784,1.500009474273));
#7536 = CARTESIAN_POINT('',(1.882050807569,-8.881784197001E-16));
#7537 = CARTESIAN_POINT('',(0.15,8.881784197001E-16));
#7538 = ( GEOMETRIC_REPRESENTATION_CONTEXT(2) 
PARAMETRIC_REPRESENTATION_CONTEXT() REPRESENTATION_CONTEXT('2D SPACE',''
  ) );
#7539 = ADVANCED_FACE('',(#7540),#7257,.T.);
#7540 = FACE_BOUND('',#7541,.T.);
#7541 = EDGE_LOOP('',(#7542,#7543,#7593,#7621));
#7542 = ORIENTED_EDGE('',*,*,#7239,.T.);
#7543 = ORIENTED_EDGE('',*,*,#7544,.T.);
#7544 = EDGE_CURVE('',#7242,#7545,#7547,.T.);
#7545 = VERTEX_POINT('',#7546);
#7546 = CARTESIAN_POINT('',(-2.165672203467,-0.4,4.729611310906));
#7547 = SURFACE_CURVE('',#7548,(#7553,#7582),.PCURVE_S1.);
#7548 = ELLIPSE('',#7549,1.000006316182,1.);
#7549 = AXIS2_PLACEMENT_3D('',#7550,#7551,#7552);
#7550 = CARTESIAN_POINT('',(-1.233647994027,-0.4,5.092024756327));
#7551 = DIRECTION('',(-0.362411156366,2.06949640234E-16,0.932018322643)
  );
#7552 = DIRECTION('',(-0.932018322643,-2.023349442036E-15,
    -0.362411156366));
#7553 = PCURVE('',#7257,#7554);
#7554 = DEFINITIONAL_REPRESENTATION('',(#7555),#7581);
#7555 = B_SPLINE_CURVE_WITH_KNOTS('',3,(#7556,#7557,#7558,#7559,#7560,
    #7561,#7562,#7563,#7564,#7565,#7566,#7567,#7568,#7569,#7570,#7571,
    #7572,#7573,#7574,#7575,#7576,#7577,#7578,#7579,#7580),
  .UNSPECIFIED.,.F.,.F.,(4,1,1,1,1,1,1,1,1,1,1,1,1,1,1,1,1,1,1,1,1,1,4),
  (5.497787143782,5.5334870603,5.569186976818,5.604886893336,
    5.640586809854,5.676286726372,5.711986642891,5.747686559409,
    5.783386475927,5.819086392445,5.854786308963,5.890486225481,
    5.926186141999,5.961886058517,5.997585975035,6.033285891553,
    6.068985808071,6.104685724589,6.140385641107,6.176085557625,
    6.211785474143,6.247485390662,6.28318530718),.QUASI_UNIFORM_KNOTS.);
#7556 = CARTESIAN_POINT('',(6.28318530718,8.831183103994E-02));
#7557 = CARTESIAN_POINT('',(6.271285335007,8.82819236104E-02));
#7558 = CARTESIAN_POINT('',(6.247485390662,8.822317777337E-02));
#7559 = CARTESIAN_POINT('',(6.211785474143,8.81383737057E-02));
#7560 = CARTESIAN_POINT('',(6.176085557625,8.805699364782E-02));
#7561 = CARTESIAN_POINT('',(6.140385641107,8.797914097083E-02));
#7562 = CARTESIAN_POINT('',(6.104685724589,8.790491497608E-02));
#7563 = CARTESIAN_POINT('',(6.068985808071,8.783441022928E-02));
#7564 = CARTESIAN_POINT('',(6.033285891553,8.776771658451E-02));
#7565 = CARTESIAN_POINT('',(5.997585975035,8.7704919031E-02));
#7566 = CARTESIAN_POINT('',(5.961886058517,8.764609759521E-02));
#7567 = CARTESIAN_POINT('',(5.926186141999,8.759132723602E-02));
#7568 = CARTESIAN_POINT('',(5.890486225481,8.754067775E-02));
#7569 = CARTESIAN_POINT('',(5.854786308963,8.749421368224E-02));
#7570 = CARTESIAN_POINT('',(5.819086392445,8.745199424419E-02));
#7571 = CARTESIAN_POINT('',(5.783386475927,8.741407323808E-02));
#7572 = CARTESIAN_POINT('',(5.747686559409,8.738049898867E-02));
#7573 = CARTESIAN_POINT('',(5.711986642891,8.735131428063E-02));
#7574 = CARTESIAN_POINT('',(5.676286726372,8.732655630779E-02));
#7575 = CARTESIAN_POINT('',(5.640586809854,8.730625661171E-02));
#7576 = CARTESIAN_POINT('',(5.604886893336,8.72904410939E-02));
#7577 = CARTESIAN_POINT('',(5.569186976818,8.727912978706E-02));
#7578 = CARTESIAN_POINT('',(5.5334870603,8.727233756029E-02));
#7579 = CARTESIAN_POINT('',(5.509687115955,8.727082676864E-02));
#7580 = CARTESIAN_POINT('',(5.497787143782,8.727082724922E-02));
#7581 = ( GEOMETRIC_REPRESENTATION_CONTEXT(2) 
PARAMETRIC_REPRESENTATION_CONTEXT() REPRESENTATION_CONTEXT('2D SPACE',''
  ) );
#7582 = PCURVE('',#7524,#7583);
#7583 = DEFINITIONAL_REPRESENTATION('',(#7584),#7592);
#7584 = ( BOUNDED_CURVE() B_SPLINE_CURVE(2,(#7585,#7586,#7587,#7588,
#7589,#7590,#7591),.UNSPECIFIED.,.T.,.F.) B_SPLINE_CURVE_WITH_KNOTS((1,2
    ,2,2,2,1),(-2.094395102393,0.,2.094395102393,4.188790204786,
6.28318530718,8.377580409573),.UNSPECIFIED.) CURVE() 
GEOMETRIC_REPRESENTATION_ITEM() RATIONAL_B_SPLINE_CURVE((1.,0.5,1.,0.5,
1.,0.5,1.)) REPRESENTATION_ITEM('') );
#7585 = CARTESIAN_POINT('',(0.15,8.881784197001E-16));
#7586 = CARTESIAN_POINT('',(-1.582050807569,4.218847493576E-15));
#7587 = CARTESIAN_POINT('',(-0.716025403784,1.500009474273));
#7588 = CARTESIAN_POINT('',(0.15,3.000018948545));
#7589 = CARTESIAN_POINT('',(1.016025403784,1.500009474273));
#7590 = CARTESIAN_POINT('',(1.882050807569,-8.881784197001E-16));
#7591 = CARTESIAN_POINT('',(0.15,8.881784197001E-16));
#7592 = ( GEOMETRIC_REPRESENTATION_CONTEXT(2) 
PARAMETRIC_REPRESENTATION_CONTEXT() REPRESENTATION_CONTEXT('2D SPACE',''
  ) );
#7593 = ORIENTED_EDGE('',*,*,#7594,.T.);
#7594 = EDGE_CURVE('',#7545,#7595,#7597,.T.);
#7595 = VERTEX_POINT('',#7596);
#7596 = CARTESIAN_POINT('',(-2.238816490378,-0.4,4.915756182692));
#7597 = SURFACE_CURVE('',#7598,(#7602,#7609),.PCURVE_S1.);
#7598 = LINE('',#7599,#7600);
#7599 = CARTESIAN_POINT('',(-2.165672203467,-0.4,4.729611310906));
#7600 = VECTOR('',#7601,1.);
#7601 = DIRECTION('',(-0.365721434557,2.066623225727E-16,0.93072435893)
  );
#7602 = PCURVE('',#7257,#7603);
#7603 = DEFINITIONAL_REPRESENTATION('',(#7604),#7608);
#7604 = LINE('',#7605,#7606);
#7605 = CARTESIAN_POINT('',(5.497787143782,8.727082724922E-02));
#7606 = VECTOR('',#7607,1.);
#7607 = DIRECTION('',(0.,-1.));
#7608 = ( GEOMETRIC_REPRESENTATION_CONTEXT(2) 
PARAMETRIC_REPRESENTATION_CONTEXT() REPRESENTATION_CONTEXT('2D SPACE',''
  ) );
#7609 = PCURVE('',#7610,#7615);
#7610 = PLANE('',#7611);
#7611 = AXIS2_PLACEMENT_3D('',#7612,#7613,#7614);
#7612 = CARTESIAN_POINT('',(-2.238816490378,-0.55,4.915756182692));
#7613 = DIRECTION('',(-0.93072435893,-8.120647144873E-17,-0.365721434557
    ));
#7614 = DIRECTION('',(0.,-1.,2.22044604925E-16));
#7615 = DEFINITIONAL_REPRESENTATION('',(#7616),#7620);
#7616 = LINE('',#7617,#7618);
#7617 = CARTESIAN_POINT('',(-0.15,-0.2));
#7618 = VECTOR('',#7619,1.);
#7619 = DIRECTION('',(0.,1.));
#7620 = ( GEOMETRIC_REPRESENTATION_CONTEXT(2) 
PARAMETRIC_REPRESENTATION_CONTEXT() REPRESENTATION_CONTEXT('2D SPACE',''
  ) );
#7621 = ORIENTED_EDGE('',*,*,#7622,.T.);
#7622 = EDGE_CURVE('',#7595,#7240,#7623,.T.);
#7623 = SURFACE_CURVE('',#7624,(#7629,#7658),.PCURVE_S1.);
#7624 = ELLIPSE('',#7625,1.000006316182,1.);
#7625 = AXIS2_PLACEMENT_3D('',#7626,#7627,#7628);
#7626 = CARTESIAN_POINT('',(-1.306792280938,-0.4,5.278169628113));
#7627 = DIRECTION('',(0.362411156366,-2.069496402341E-16,-0.932018322643
    ));
#7628 = DIRECTION('',(-0.932018322643,-8.788883471442E-12,
    -0.362411156366));
#7629 = PCURVE('',#7257,#7630);
#7630 = DEFINITIONAL_REPRESENTATION('',(#7631),#7657);
#7631 = B_SPLINE_CURVE_WITH_KNOTS('',3,(#7632,#7633,#7634,#7635,#7636,
    #7637,#7638,#7639,#7640,#7641,#7642,#7643,#7644,#7645,#7646,#7647,
    #7648,#7649,#7650,#7651,#7652,#7653,#7654,#7655,#7656),
  .UNSPECIFIED.,.F.,.F.,(4,1,1,1,1,1,1,1,1,1,1,1,1,1,1,1,1,1,1,1,1,1,4),
  (8.788858511677E-12,3.569991652685E-02,7.139983304492E-02,
    0.107099749563,0.142799666081,0.178499582599,0.214199499117,
    0.249899415635,0.285599332153,0.321299248671,0.356999165189,
    0.392699081708,0.428398998226,0.464098914744,0.499798831262,
    0.53549874778,0.571198664298,0.606898580816,0.642598497334,
    0.678298413852,0.71399833037,0.749698246888,0.785398163406),
  .QUASI_UNIFORM_KNOTS.);
#7632 = CARTESIAN_POINT('',(5.497787143782,-0.112729172751));
#7633 = CARTESIAN_POINT('',(5.509687115955,-0.112729173231));
#7634 = CARTESIAN_POINT('',(5.5334870603,-0.11272766244));
#7635 = CARTESIAN_POINT('',(5.569186976818,-0.112720870213));
#7636 = CARTESIAN_POINT('',(5.604886893336,-0.112709558906));
#7637 = CARTESIAN_POINT('',(5.640586809854,-0.112693743388));
#7638 = CARTESIAN_POINT('',(5.676286726372,-0.112673443692));
#7639 = CARTESIAN_POINT('',(5.711986642891,-0.112648685719));
#7640 = CARTESIAN_POINT('',(5.747686559409,-0.112619501011));
#7641 = CARTESIAN_POINT('',(5.783386475927,-0.112585926762));
#7642 = CARTESIAN_POINT('',(5.819086392445,-0.112548005756));
#7643 = CARTESIAN_POINT('',(5.854786308963,-0.112505786318));
#7644 = CARTESIAN_POINT('',(5.890486225481,-0.11245932225));
#7645 = CARTESIAN_POINT('',(5.926186141999,-0.112408672764));
#7646 = CARTESIAN_POINT('',(5.961886058517,-0.112353902405));
#7647 = CARTESIAN_POINT('',(5.997585975035,-0.112295080969));
#7648 = CARTESIAN_POINT('',(6.033285891553,-0.112232283415));
#7649 = CARTESIAN_POINT('',(6.068985808071,-0.112165589771));
#7650 = CARTESIAN_POINT('',(6.104685724589,-0.112095085024));
#7651 = CARTESIAN_POINT('',(6.140385641107,-0.112020859029));
#7652 = CARTESIAN_POINT('',(6.176085557625,-0.111943006352));
#7653 = CARTESIAN_POINT('',(6.211785474143,-0.111861626294));
#7654 = CARTESIAN_POINT('',(6.247485390662,-0.111776822227));
#7655 = CARTESIAN_POINT('',(6.271285335007,-0.11171807639));
#7656 = CARTESIAN_POINT('',(6.28318530718,-0.11168816896));
#7657 = ( GEOMETRIC_REPRESENTATION_CONTEXT(2) 
PARAMETRIC_REPRESENTATION_CONTEXT() REPRESENTATION_CONTEXT('2D SPACE',''
  ) );
#7658 = PCURVE('',#7308,#7659);
#7659 = DEFINITIONAL_REPRESENTATION('',(#7660),#7668);
#7660 = ( BOUNDED_CURVE() B_SPLINE_CURVE(2,(#7661,#7662,#7663,#7664,
#7665,#7666,#7667),.UNSPECIFIED.,.T.,.F.) B_SPLINE_CURVE_WITH_KNOTS((1,2
    ,2,2,2,1),(-2.094395102393,0.,2.094395102393,4.188790204786,
6.28318530718,8.377580409573),.UNSPECIFIED.) CURVE() 
GEOMETRIC_REPRESENTATION_ITEM() RATIONAL_B_SPLINE_CURVE((1.,0.5,1.,0.5,
1.,0.5,1.)) REPRESENTATION_ITEM('') );
#7661 = CARTESIAN_POINT('',(-0.149999999991,-0.9));
#7662 = CARTESIAN_POINT('',(-1.88205080756,-0.900000000015));
#7663 = CARTESIAN_POINT('',(-1.016025403789,0.600009474265));
#7664 = CARTESIAN_POINT('',(-0.150000000018,2.100018948545));
#7665 = CARTESIAN_POINT('',(0.71602540378,0.60000947428));
#7666 = CARTESIAN_POINT('',(1.582050807578,-0.899999999985));
#7667 = CARTESIAN_POINT('',(-0.149999999991,-0.9));
#7668 = ( GEOMETRIC_REPRESENTATION_CONTEXT(2) 
PARAMETRIC_REPRESENTATION_CONTEXT() REPRESENTATION_CONTEXT('2D SPACE',''
  ) );
#7669 = ADVANCED_FACE('',(#7670),#4526,.T.);
#7670 = FACE_BOUND('',#7671,.T.);
#7671 = EDGE_LOOP('',(#7672,#7673,#7674,#7697,#7719));
#7672 = ORIENTED_EDGE('',*,*,#7118,.T.);
#7673 = ORIENTED_EDGE('',*,*,#7324,.F.);
#7674 = ORIENTED_EDGE('',*,*,#7675,.T.);
#7675 = EDGE_CURVE('',#7270,#7676,#7678,.T.);
#7676 = VERTEX_POINT('',#7677);
#7677 = CARTESIAN_POINT('',(-1.469931808431,-0.55,5.214733552478));
#7678 = SURFACE_CURVE('',#7679,(#7683,#7690),.PCURVE_S1.);
#7679 = LINE('',#7680,#7681);
#7680 = CARTESIAN_POINT('',(-1.469931808431,0.58456170244,5.214733552478
    ));
#7681 = VECTOR('',#7682,1.);
#7682 = DIRECTION('',(0.,-1.,2.22044604925E-16));
#7683 = PCURVE('',#4526,#7684);
#7684 = DEFINITIONAL_REPRESENTATION('',(#7685),#7689);
#7685 = LINE('',#7686,#7687);
#7686 = CARTESIAN_POINT('',(6.097758495582,1.80956170244));
#7687 = VECTOR('',#7688,1.);
#7688 = DIRECTION('',(0.,-1.));
#7689 = ( GEOMETRIC_REPRESENTATION_CONTEXT(2) 
PARAMETRIC_REPRESENTATION_CONTEXT() REPRESENTATION_CONTEXT('2D SPACE',''
  ) );
#7690 = PCURVE('',#7308,#7691);
#7691 = DEFINITIONAL_REPRESENTATION('',(#7692),#7696);
#7692 = LINE('',#7693,#7694);
#7693 = CARTESIAN_POINT('',(-1.13456170244,-7.503265411478E-02));
#7694 = VECTOR('',#7695,1.);
#7695 = DIRECTION('',(1.,0.));
#7696 = ( GEOMETRIC_REPRESENTATION_CONTEXT(2) 
PARAMETRIC_REPRESENTATION_CONTEXT() REPRESENTATION_CONTEXT('2D SPACE',''
  ) );
#7697 = ORIENTED_EDGE('',*,*,#7698,.T.);
#7698 = EDGE_CURVE('',#7676,#4483,#7699,.T.);
#7699 = SURFACE_CURVE('',#7700,(#7705,#7712),.PCURVE_S1.);
#7700 = CIRCLE('',#7701,0.4);
#7701 = AXIS2_PLACEMENT_3D('',#7702,#7703,#7704);
#7702 = CARTESIAN_POINT('',(-1.324967345885,-0.55,4.841926223421));
#7703 = DIRECTION('',(1.188456233533E-33,1.,-2.22044604925E-16));
#7704 = DIRECTION('',(-0.184366045352,2.182382387226E-16,0.982857650589)
  );
#7705 = PCURVE('',#4526,#7706);
#7706 = DEFINITIONAL_REPRESENTATION('',(#7707),#7711);
#7707 = LINE('',#7708,#7709);
#7708 = CARTESIAN_POINT('',(0.,0.675));
#7709 = VECTOR('',#7710,1.);
#7710 = DIRECTION('',(1.,0.));
#7711 = ( GEOMETRIC_REPRESENTATION_CONTEXT(2) 
PARAMETRIC_REPRESENTATION_CONTEXT() REPRESENTATION_CONTEXT('2D SPACE',''
  ) );
#7712 = PCURVE('',#4498,#7713);
#7713 = DEFINITIONAL_REPRESENTATION('',(#7714),#7718);
#7714 = CIRCLE('',#7715,0.4);
#7715 = AXIS2_PLACEMENT_2D('',#7716,#7717);
#7716 = CARTESIAN_POINT('',(-0.459223590651,-0.139456691347));
#7717 = DIRECTION('',(0.193758126932,0.981049330181));
#7718 = ( GEOMETRIC_REPRESENTATION_CONTEXT(2) 
PARAMETRIC_REPRESENTATION_CONTEXT() REPRESENTATION_CONTEXT('2D SPACE',''
  ) );
#7719 = ORIENTED_EDGE('',*,*,#4510,.T.);
#7720 = ADVANCED_FACE('',(#7721),#7308,.T.);
#7721 = FACE_BOUND('',#7722,.T.);
#7722 = EDGE_LOOP('',(#7723,#7724,#7747,#7768,#7769));
#7723 = ORIENTED_EDGE('',*,*,#7622,.F.);
#7724 = ORIENTED_EDGE('',*,*,#7725,.F.);
#7725 = EDGE_CURVE('',#7726,#7595,#7728,.T.);
#7726 = VERTEX_POINT('',#7727);
#7727 = CARTESIAN_POINT('',(-2.238816490378,-0.55,4.915756182692));
#7728 = SURFACE_CURVE('',#7729,(#7733,#7740),.PCURVE_S1.);
#7729 = LINE('',#7730,#7731);
#7730 = CARTESIAN_POINT('',(-2.238816490378,-0.55,4.915756182692));
#7731 = VECTOR('',#7732,1.);
#7732 = DIRECTION('',(0.,1.,-2.22044604925E-16));
#7733 = PCURVE('',#7308,#7734);
#7734 = DEFINITIONAL_REPRESENTATION('',(#7735),#7739);
#7735 = LINE('',#7736,#7737);
#7736 = CARTESIAN_POINT('',(0.,-0.9));
#7737 = VECTOR('',#7738,1.);
#7738 = DIRECTION('',(-1.,0.));
#7739 = ( GEOMETRIC_REPRESENTATION_CONTEXT(2) 
PARAMETRIC_REPRESENTATION_CONTEXT() REPRESENTATION_CONTEXT('2D SPACE',''
  ) );
#7740 = PCURVE('',#7610,#7741);
#7741 = DEFINITIONAL_REPRESENTATION('',(#7742),#7746);
#7742 = LINE('',#7743,#7744);
#7743 = CARTESIAN_POINT('',(0.,0.));
#7744 = VECTOR('',#7745,1.);
#7745 = DIRECTION('',(-1.,0.));
#7746 = ( GEOMETRIC_REPRESENTATION_CONTEXT(2) 
PARAMETRIC_REPRESENTATION_CONTEXT() REPRESENTATION_CONTEXT('2D SPACE',''
  ) );
#7747 = ORIENTED_EDGE('',*,*,#7748,.T.);
#7748 = EDGE_CURVE('',#7726,#7676,#7749,.T.);
#7749 = SURFACE_CURVE('',#7750,(#7754,#7761),.PCURVE_S1.);
#7750 = LINE('',#7751,#7752);
#7751 = CARTESIAN_POINT('',(-2.238816490378,-0.55,4.915756182692));
#7752 = VECTOR('',#7753,1.);
#7753 = DIRECTION('',(0.932018322643,8.047144203573E-17,0.362411156366)
  );
#7754 = PCURVE('',#7308,#7755);
#7755 = DEFINITIONAL_REPRESENTATION('',(#7756),#7760);
#7756 = LINE('',#7757,#7758);
#7757 = CARTESIAN_POINT('',(0.,-0.9));
#7758 = VECTOR('',#7759,1.);
#7759 = DIRECTION('',(0.,1.));
#7760 = ( GEOMETRIC_REPRESENTATION_CONTEXT(2) 
PARAMETRIC_REPRESENTATION_CONTEXT() REPRESENTATION_CONTEXT('2D SPACE',''
  ) );
#7761 = PCURVE('',#4498,#7762);
#7762 = DEFINITIONAL_REPRESENTATION('',(#7763),#7767);
#7763 = LINE('',#7764,#7765);
#7764 = CARTESIAN_POINT('',(0.455289898412,-7.437059376709E-02));
#7765 = VECTOR('',#7766,1.);
#7766 = DIRECTION('',(-0.928509420156,0.37130884272));
#7767 = ( GEOMETRIC_REPRESENTATION_CONTEXT(2) 
PARAMETRIC_REPRESENTATION_CONTEXT() REPRESENTATION_CONTEXT('2D SPACE',''
  ) );
#7768 = ORIENTED_EDGE('',*,*,#7675,.F.);
#7769 = ORIENTED_EDGE('',*,*,#7269,.F.);
#7770 = ADVANCED_FACE('',(#7771),#7610,.T.);
#7771 = FACE_BOUND('',#7772,.T.);
#7772 = EDGE_LOOP('',(#7773,#7774,#7797,#7818));
#7773 = ORIENTED_EDGE('',*,*,#7594,.F.);
#7774 = ORIENTED_EDGE('',*,*,#7775,.F.);
#7775 = EDGE_CURVE('',#7776,#7545,#7778,.T.);
#7776 = VERTEX_POINT('',#7777);
#7777 = CARTESIAN_POINT('',(-2.165672203467,-0.55,4.729611310906));
#7778 = SURFACE_CURVE('',#7779,(#7783,#7790),.PCURVE_S1.);
#7779 = LINE('',#7780,#7781);
#7780 = CARTESIAN_POINT('',(-2.165672203467,-0.55,4.729611310906));
#7781 = VECTOR('',#7782,1.);
#7782 = DIRECTION('',(0.,1.,-2.22044604925E-16));
#7783 = PCURVE('',#7610,#7784);
#7784 = DEFINITIONAL_REPRESENTATION('',(#7785),#7789);
#7785 = LINE('',#7786,#7787);
#7786 = CARTESIAN_POINT('',(0.,-0.2));
#7787 = VECTOR('',#7788,1.);
#7788 = DIRECTION('',(-1.,0.));
#7789 = ( GEOMETRIC_REPRESENTATION_CONTEXT(2) 
PARAMETRIC_REPRESENTATION_CONTEXT() REPRESENTATION_CONTEXT('2D SPACE',''
  ) );
#7790 = PCURVE('',#7524,#7791);
#7791 = DEFINITIONAL_REPRESENTATION('',(#7792),#7796);
#7792 = LINE('',#7793,#7794);
#7793 = CARTESIAN_POINT('',(0.,0.));
#7794 = VECTOR('',#7795,1.);
#7795 = DIRECTION('',(1.,0.));
#7796 = ( GEOMETRIC_REPRESENTATION_CONTEXT(2) 
PARAMETRIC_REPRESENTATION_CONTEXT() REPRESENTATION_CONTEXT('2D SPACE',''
  ) );
#7797 = ORIENTED_EDGE('',*,*,#7798,.T.);
#7798 = EDGE_CURVE('',#7776,#7726,#7799,.T.);
#7799 = SURFACE_CURVE('',#7800,(#7804,#7811),.PCURVE_S1.);
#7800 = LINE('',#7801,#7802);
#7801 = CARTESIAN_POINT('',(-2.165672203467,-0.55,4.729611310906));
#7802 = VECTOR('',#7803,1.);
#7803 = DIRECTION('',(-0.365721434557,2.066623225727E-16,0.93072435893)
  );
#7804 = PCURVE('',#7610,#7805);
#7805 = DEFINITIONAL_REPRESENTATION('',(#7806),#7810);
#7806 = LINE('',#7807,#7808);
#7807 = CARTESIAN_POINT('',(0.,-0.2));
#7808 = VECTOR('',#7809,1.);
#7809 = DIRECTION('',(0.,1.));
#7810 = ( GEOMETRIC_REPRESENTATION_CONTEXT(2) 
PARAMETRIC_REPRESENTATION_CONTEXT() REPRESENTATION_CONTEXT('2D SPACE',''
  ) );
#7811 = PCURVE('',#4498,#7812);
#7812 = DEFINITIONAL_REPRESENTATION('',(#7813),#7817);
#7813 = LINE('',#7814,#7815);
#7814 = CARTESIAN_POINT('',(0.380368579729,-0.25980736468));
#7815 = VECTOR('',#7816,1.);
#7816 = DIRECTION('',(0.374606593416,0.927183854567));
#7817 = ( GEOMETRIC_REPRESENTATION_CONTEXT(2) 
PARAMETRIC_REPRESENTATION_CONTEXT() REPRESENTATION_CONTEXT('2D SPACE',''
  ) );
#7818 = ORIENTED_EDGE('',*,*,#7725,.T.);
#7819 = ADVANCED_FACE('',(#7820),#7524,.T.);
#7820 = FACE_BOUND('',#7821,.T.);
#7821 = EDGE_LOOP('',(#7822,#7823,#7846,#7867,#7868));
#7822 = ORIENTED_EDGE('',*,*,#7487,.F.);
#7823 = ORIENTED_EDGE('',*,*,#7824,.F.);
#7824 = EDGE_CURVE('',#7825,#7442,#7827,.T.);
#7825 = VERTEX_POINT('',#7826);
#7826 = CARTESIAN_POINT('',(-1.362487158565,-0.55,5.041926223421));
#7827 = SURFACE_CURVE('',#7828,(#7832,#7839),.PCURVE_S1.);
#7828 = LINE('',#7829,#7830);
#7829 = CARTESIAN_POINT('',(-1.362487158565,-0.55,5.041926223421));
#7830 = VECTOR('',#7831,1.);
#7831 = DIRECTION('',(0.,1.,-2.22044604925E-16));
#7832 = PCURVE('',#7524,#7833);
#7833 = DEFINITIONAL_REPRESENTATION('',(#7834),#7838);
#7834 = LINE('',#7835,#7836);
#7835 = CARTESIAN_POINT('',(0.,0.861769586917));
#7836 = VECTOR('',#7837,1.);
#7837 = DIRECTION('',(1.,0.));
#7838 = ( GEOMETRIC_REPRESENTATION_CONTEXT(2) 
PARAMETRIC_REPRESENTATION_CONTEXT() REPRESENTATION_CONTEXT('2D SPACE',''
  ) );
#7839 = PCURVE('',#4470,#7840);
#7840 = DEFINITIONAL_REPRESENTATION('',(#7841),#7845);
#7841 = LINE('',#7842,#7843);
#7842 = CARTESIAN_POINT('',(-0.15,-1.362487158564));
#7843 = VECTOR('',#7844,1.);
#7844 = DIRECTION('',(-1.,0.));
#7845 = ( GEOMETRIC_REPRESENTATION_CONTEXT(2) 
PARAMETRIC_REPRESENTATION_CONTEXT() REPRESENTATION_CONTEXT('2D SPACE',''
  ) );
#7846 = ORIENTED_EDGE('',*,*,#7847,.T.);
#7847 = EDGE_CURVE('',#7825,#7776,#7848,.T.);
#7848 = SURFACE_CURVE('',#7849,(#7853,#7860),.PCURVE_S1.);
#7849 = LINE('',#7850,#7851);
#7850 = CARTESIAN_POINT('',(-1.362487158565,-0.55,5.041926223421));
#7851 = VECTOR('',#7852,1.);
#7852 = DIRECTION('',(-0.932018322643,-8.047144203573E-17,
    -0.362411156366));
#7853 = PCURVE('',#7524,#7854);
#7854 = DEFINITIONAL_REPRESENTATION('',(#7855),#7859);
#7855 = LINE('',#7856,#7857);
#7856 = CARTESIAN_POINT('',(0.,0.861769586917));
#7857 = VECTOR('',#7858,1.);
#7858 = DIRECTION('',(-0.,-1.));
#7859 = ( GEOMETRIC_REPRESENTATION_CONTEXT(2) 
PARAMETRIC_REPRESENTATION_CONTEXT() REPRESENTATION_CONTEXT('2D SPACE',''
  ) );
#7860 = PCURVE('',#4498,#7861);
#7861 = DEFINITIONAL_REPRESENTATION('',(#7862),#7866);
#7862 = LINE('',#7863,#7864);
#7863 = CARTESIAN_POINT('',(-0.419792599727,6.017530332839E-02));
#7864 = VECTOR('',#7865,1.);
#7865 = DIRECTION('',(0.928509420156,-0.37130884272));
#7866 = ( GEOMETRIC_REPRESENTATION_CONTEXT(2) 
PARAMETRIC_REPRESENTATION_CONTEXT() REPRESENTATION_CONTEXT('2D SPACE',''
  ) );
#7867 = ORIENTED_EDGE('',*,*,#7775,.T.);
#7868 = ORIENTED_EDGE('',*,*,#7544,.F.);
#7869 = ADVANCED_FACE('',(#7870),#6827,.T.);
#7870 = FACE_BOUND('',#7871,.T.);
#7871 = EDGE_LOOP('',(#7872,#7873,#7923,#7951));
#7872 = ORIENTED_EDGE('',*,*,#6809,.T.);
#7873 = ORIENTED_EDGE('',*,*,#7874,.T.);
#7874 = EDGE_CURVE('',#6812,#7875,#7877,.T.);
#7875 = VERTEX_POINT('',#7876);
#7876 = CARTESIAN_POINT('',(2.232424018846,-0.4,4.899770918263));
#7877 = SURFACE_CURVE('',#7878,(#7883,#7912),.PCURVE_S1.);
#7878 = ELLIPSE('',#7879,1.000006316182,1.);
#7879 = AXIS2_PLACEMENT_3D('',#7880,#7881,#7882);
#7880 = CARTESIAN_POINT('',(1.307502600415,-0.4,5.279945880789));
#7881 = DIRECTION('',(-0.380172561287,-2.053725137712E-16,
    -0.924915576496));
#7882 = DIRECTION('',(0.924915576496,-1.757741441527E-11,-0.380172561287
    ));
#7883 = PCURVE('',#6827,#7884);
#7884 = DEFINITIONAL_REPRESENTATION('',(#7885),#7911);
#7885 = B_SPLINE_CURVE_WITH_KNOTS('',3,(#7886,#7887,#7888,#7889,#7890,
    #7891,#7892,#7893,#7894,#7895,#7896,#7897,#7898,#7899,#7900,#7901,
    #7902,#7903,#7904,#7905,#7906,#7907,#7908,#7909,#7910),
  .UNSPECIFIED.,.F.,.F.,(4,1,1,1,1,1,1,1,1,1,1,1,1,1,1,1,1,1,1,1,1,1,4),
  (5.497787143765,5.533487060283,5.569186976801,5.604886893319,
    5.640586809837,5.676286726355,5.711986642873,5.747686559391,
    5.783386475909,5.819086392427,5.854786308945,5.890486225463,
    5.926186141981,5.961886058499,5.997585975017,6.033285891536,
    6.068985808054,6.104685724572,6.14038564109,6.176085557608,
    6.211785474126,6.247485390644,6.283185307162),
  .QUASI_UNIFORM_KNOTS.);
#7886 = CARTESIAN_POINT('',(6.28318530718,0.610821645996));
#7887 = CARTESIAN_POINT('',(6.271285335007,0.610851553426));
#7888 = CARTESIAN_POINT('',(6.247485390662,0.610910299263));
#7889 = CARTESIAN_POINT('',(6.211785474143,0.610995103331));
#7890 = CARTESIAN_POINT('',(6.176085557625,0.611076483389));
#7891 = CARTESIAN_POINT('',(6.140385641107,0.611154336066));
#7892 = CARTESIAN_POINT('',(6.104685724589,0.61122856206));
#7893 = CARTESIAN_POINT('',(6.068985808071,0.611299066807));
#7894 = CARTESIAN_POINT('',(6.033285891553,0.611365760452));
#7895 = CARTESIAN_POINT('',(5.997585975035,0.611428558005));
#7896 = CARTESIAN_POINT('',(5.961886058517,0.611487379441));
#7897 = CARTESIAN_POINT('',(5.926186141999,0.6115421498));
#7898 = CARTESIAN_POINT('',(5.890486225481,0.611592799286));
#7899 = CARTESIAN_POINT('',(5.854786308963,0.611639263354));
#7900 = CARTESIAN_POINT('',(5.819086392445,0.611681482792));
#7901 = CARTESIAN_POINT('',(5.783386475927,0.611719403798));
#7902 = CARTESIAN_POINT('',(5.747686559409,0.611752978048));
#7903 = CARTESIAN_POINT('',(5.711986642891,0.611782162756));
#7904 = CARTESIAN_POINT('',(5.676286726372,0.611806920729));
#7905 = CARTESIAN_POINT('',(5.640586809854,0.611827220425));
#7906 = CARTESIAN_POINT('',(5.604886893336,0.611843035942));
#7907 = CARTESIAN_POINT('',(5.569186976818,0.611854347249));
#7908 = CARTESIAN_POINT('',(5.5334870603,0.611861139476));
#7909 = CARTESIAN_POINT('',(5.509687115955,0.611862650268));
#7910 = CARTESIAN_POINT('',(5.497787143782,0.611862649787));
#7911 = ( GEOMETRIC_REPRESENTATION_CONTEXT(2) 
PARAMETRIC_REPRESENTATION_CONTEXT() REPRESENTATION_CONTEXT('2D SPACE',''
  ) );
#7912 = PCURVE('',#7099,#7913);
#7913 = DEFINITIONAL_REPRESENTATION('',(#7914),#7922);
#7914 = ( BOUNDED_CURVE() B_SPLINE_CURVE(2,(#7915,#7916,#7917,#7918,
#7919,#7920,#7921),.UNSPECIFIED.,.T.,.F.) B_SPLINE_CURVE_WITH_KNOTS((1,2
    ,2,2,2,1),(-2.094395102393,0.,2.094395102393,4.188790204786,
6.28318530718,8.377580409573),.UNSPECIFIED.) CURVE() 
GEOMETRIC_REPRESENTATION_ITEM() RATIONAL_B_SPLINE_CURVE((1.,0.5,1.,0.5,
1.,0.5,1.)) REPRESENTATION_ITEM('') );
#7915 = CARTESIAN_POINT('',(1.000000000018,0.9));
#7916 = CARTESIAN_POINT('',(2.732050807586,0.89999999997));
#7917 = CARTESIAN_POINT('',(1.866025403776,-0.600009474288));
#7918 = CARTESIAN_POINT('',(0.999999999965,-2.100018948545));
#7919 = CARTESIAN_POINT('',(0.133974596207,-0.600009474257));
#7920 = CARTESIAN_POINT('',(-0.732050807551,0.90000000003));
#7921 = CARTESIAN_POINT('',(1.000000000018,0.9));
#7922 = ( GEOMETRIC_REPRESENTATION_CONTEXT(2) 
PARAMETRIC_REPRESENTATION_CONTEXT() REPRESENTATION_CONTEXT('2D SPACE',''
  ) );
#7923 = ORIENTED_EDGE('',*,*,#7924,.T.);
#7924 = EDGE_CURVE('',#7875,#7925,#7927,.T.);
#7925 = VERTEX_POINT('',#7926);
#7926 = CARTESIAN_POINT('',(2.155732522284,-0.4,4.715059212204));
#7927 = SURFACE_CURVE('',#7928,(#7932,#7939),.PCURVE_S1.);
#7928 = LINE('',#7929,#7930);
#7929 = CARTESIAN_POINT('',(2.232424018846,-0.4,4.899770918263));
#7930 = VECTOR('',#7931,1.);
#7931 = DIRECTION('',(-0.383457482808,-2.050711889843E-16,
    -0.923558530294));
#7932 = PCURVE('',#6827,#7933);
#7933 = DEFINITIONAL_REPRESENTATION('',(#7934),#7938);
#7934 = LINE('',#7935,#7936);
#7935 = CARTESIAN_POINT('',(5.497787143782,0.611862649787));
#7936 = VECTOR('',#7937,1.);
#7937 = DIRECTION('',(-4.4408920985E-15,-1.));
#7938 = ( GEOMETRIC_REPRESENTATION_CONTEXT(2) 
PARAMETRIC_REPRESENTATION_CONTEXT() REPRESENTATION_CONTEXT('2D SPACE',''
  ) );
#7939 = PCURVE('',#7940,#7945);
#7940 = PLANE('',#7941);
#7941 = AXIS2_PLACEMENT_3D('',#7942,#7943,#7944);
#7942 = CARTESIAN_POINT('',(2.232424018846,0.6,4.899770918263));
#7943 = DIRECTION('',(0.923558530294,-8.514466527555E-17,-0.383457482808
    ));
#7944 = DIRECTION('',(0.,-1.,2.22044604925E-16));
#7945 = DEFINITIONAL_REPRESENTATION('',(#7946),#7950);
#7946 = LINE('',#7947,#7948);
#7947 = CARTESIAN_POINT('',(1.,0.));
#7948 = VECTOR('',#7949,1.);
#7949 = DIRECTION('',(0.,1.));
#7950 = ( GEOMETRIC_REPRESENTATION_CONTEXT(2) 
PARAMETRIC_REPRESENTATION_CONTEXT() REPRESENTATION_CONTEXT('2D SPACE',''
  ) );
#7951 = ORIENTED_EDGE('',*,*,#7952,.T.);
#7952 = EDGE_CURVE('',#7925,#6810,#7953,.T.);
#7953 = SURFACE_CURVE('',#7954,(#7959,#7988),.PCURVE_S1.);
#7954 = ELLIPSE('',#7955,1.000006316182,1.);
#7955 = AXIS2_PLACEMENT_3D('',#7956,#7957,#7958);
#7956 = CARTESIAN_POINT('',(1.230811103854,-0.4,5.09523417473));
#7957 = DIRECTION('',(0.380172561287,2.05372513772E-16,0.924915576496));
#7958 = DIRECTION('',(0.924915576496,-1.757741441527E-11,-0.380172561287
    ));
#7959 = PCURVE('',#6827,#7960);
#7960 = DEFINITIONAL_REPRESENTATION('',(#7961),#7987);
#7961 = B_SPLINE_CURVE_WITH_KNOTS('',3,(#7962,#7963,#7964,#7965,#7966,
    #7967,#7968,#7969,#7970,#7971,#7972,#7973,#7974,#7975,#7976,#7977,
    #7978,#7979,#7980,#7981,#7982,#7983,#7984,#7985,#7986),
  .UNSPECIFIED.,.F.,.F.,(4,1,1,1,1,1,1,1,1,1,1,1,1,1,1,1,1,1,1,1,1,1,4),
  (1.757744102161E-11,3.569991653564E-02,7.139983305371E-02,
    0.107099749572,0.14279966609,0.178499582608,0.214199499126,
    0.249899415644,0.285599332162,0.32129924868,0.356999165198,
    0.392699081716,0.428398998234,0.464098914752,0.49979883127,
    0.535498747789,0.571198664307,0.606898580825,0.642598497343,
    0.678298413861,0.713998330379,0.749698246897,0.785398163415),
  .QUASI_UNIFORM_KNOTS.);
#7962 = CARTESIAN_POINT('',(5.497787143782,0.411862649787));
#7963 = CARTESIAN_POINT('',(5.509687115955,0.411862650268));
#7964 = CARTESIAN_POINT('',(5.5334870603,0.411861139476));
#7965 = CARTESIAN_POINT('',(5.569186976818,0.411854347249));
#7966 = CARTESIAN_POINT('',(5.604886893336,0.411843035942));
#7967 = CARTESIAN_POINT('',(5.640586809854,0.411827220425));
#7968 = CARTESIAN_POINT('',(5.676286726372,0.411806920729));
#7969 = CARTESIAN_POINT('',(5.711986642891,0.411782162756));
#7970 = CARTESIAN_POINT('',(5.747686559409,0.411752978048));
#7971 = CARTESIAN_POINT('',(5.783386475927,0.411719403798));
#7972 = CARTESIAN_POINT('',(5.819086392445,0.411681482792));
#7973 = CARTESIAN_POINT('',(5.854786308963,0.411639263354));
#7974 = CARTESIAN_POINT('',(5.890486225481,0.411592799286));
#7975 = CARTESIAN_POINT('',(5.926186141999,0.4115421498));
#7976 = CARTESIAN_POINT('',(5.961886058517,0.411487379441));
#7977 = CARTESIAN_POINT('',(5.997585975035,0.411428558005));
#7978 = CARTESIAN_POINT('',(6.033285891553,0.411365760452));
#7979 = CARTESIAN_POINT('',(6.068985808071,0.411299066807));
#7980 = CARTESIAN_POINT('',(6.104685724589,0.41122856206));
#7981 = CARTESIAN_POINT('',(6.140385641107,0.411154336066));
#7982 = CARTESIAN_POINT('',(6.176085557625,0.411076483389));
#7983 = CARTESIAN_POINT('',(6.211785474143,0.410995103331));
#7984 = CARTESIAN_POINT('',(6.247485390662,0.410910299263));
#7985 = CARTESIAN_POINT('',(6.271285335007,0.410851553426));
#7986 = CARTESIAN_POINT('',(6.28318530718,0.410821645996));
#7987 = ( GEOMETRIC_REPRESENTATION_CONTEXT(2) 
PARAMETRIC_REPRESENTATION_CONTEXT() REPRESENTATION_CONTEXT('2D SPACE',''
  ) );
#7988 = PCURVE('',#6878,#7989);
#7989 = DEFINITIONAL_REPRESENTATION('',(#7990),#7998);
#7990 = ( BOUNDED_CURVE() B_SPLINE_CURVE(2,(#7991,#7992,#7993,#7994,
#7995,#7996,#7997),.UNSPECIFIED.,.T.,.F.) B_SPLINE_CURVE_WITH_KNOTS((1,2
    ,2,2,2,1),(-2.094395102393,0.,2.094395102393,4.188790204786,
6.28318530718,8.377580409573),.UNSPECIFIED.) CURVE() 
GEOMETRIC_REPRESENTATION_ITEM() RATIONAL_B_SPLINE_CURVE((1.,0.5,1.,0.5,
1.,0.5,1.)) REPRESENTATION_ITEM('') );
#7991 = CARTESIAN_POINT('',(-1.000000000018,0.));
#7992 = CARTESIAN_POINT('',(0.732050807551,3.044475782588E-11));
#7993 = CARTESIAN_POINT('',(-0.133974596207,-1.500009474257));
#7994 = CARTESIAN_POINT('',(-0.999999999965,-3.000018948545));
#7995 = CARTESIAN_POINT('',(-1.866025403776,-1.500009474288));
#7996 = CARTESIAN_POINT('',(-2.732050807586,-3.044631213811E-11));
#7997 = CARTESIAN_POINT('',(-1.000000000018,0.));
#7998 = ( GEOMETRIC_REPRESENTATION_CONTEXT(2) 
PARAMETRIC_REPRESENTATION_CONTEXT() REPRESENTATION_CONTEXT('2D SPACE',''
  ) );
#7999 = ADVANCED_FACE('',(#8000),#6878,.T.);
#8000 = FACE_BOUND('',#8001,.T.);
#8001 = EDGE_LOOP('',(#8002,#8003,#8026,#8049,#8070));
#8002 = ORIENTED_EDGE('',*,*,#7952,.F.);
#8003 = ORIENTED_EDGE('',*,*,#8004,.T.);
#8004 = EDGE_CURVE('',#7925,#8005,#8007,.T.);
#8005 = VERTEX_POINT('',#8006);
#8006 = CARTESIAN_POINT('',(2.155732522284,-0.55,4.715059212204));
#8007 = SURFACE_CURVE('',#8008,(#8012,#8019),.PCURVE_S1.);
#8008 = LINE('',#8009,#8010);
#8009 = CARTESIAN_POINT('',(2.155732522284,-0.4,4.715059212204));
#8010 = VECTOR('',#8011,1.);
#8011 = DIRECTION('',(0.,-1.,2.22044604925E-16));
#8012 = PCURVE('',#6878,#8013);
#8013 = DEFINITIONAL_REPRESENTATION('',(#8014),#8018);
#8014 = LINE('',#8015,#8016);
#8015 = CARTESIAN_POINT('',(-1.,0.));
#8016 = VECTOR('',#8017,1.);
#8017 = DIRECTION('',(-1.,0.));
#8018 = ( GEOMETRIC_REPRESENTATION_CONTEXT(2) 
PARAMETRIC_REPRESENTATION_CONTEXT() REPRESENTATION_CONTEXT('2D SPACE',''
  ) );
#8019 = PCURVE('',#7940,#8020);
#8020 = DEFINITIONAL_REPRESENTATION('',(#8021),#8025);
#8021 = LINE('',#8022,#8023);
#8022 = CARTESIAN_POINT('',(1.,0.2));
#8023 = VECTOR('',#8024,1.);
#8024 = DIRECTION('',(1.,0.));
#8025 = ( GEOMETRIC_REPRESENTATION_CONTEXT(2) 
PARAMETRIC_REPRESENTATION_CONTEXT() REPRESENTATION_CONTEXT('2D SPACE',''
  ) );
#8026 = ORIENTED_EDGE('',*,*,#8027,.T.);
#8027 = EDGE_CURVE('',#8005,#8028,#8030,.T.);
#8028 = VERTEX_POINT('',#8029);
#8029 = CARTESIAN_POINT('',(1.360503142515,-0.55,5.041926223421));
#8030 = SURFACE_CURVE('',#8031,(#8035,#8042),.PCURVE_S1.);
#8031 = LINE('',#8032,#8033);
#8032 = CARTESIAN_POINT('',(2.155732522284,-0.55,4.715059212204));
#8033 = VECTOR('',#8034,1.);
#8034 = DIRECTION('',(-0.924915576496,8.441526617438E-17,0.380172561287)
  );
#8035 = PCURVE('',#6878,#8036);
#8036 = DEFINITIONAL_REPRESENTATION('',(#8037),#8041);
#8037 = LINE('',#8038,#8039);
#8038 = CARTESIAN_POINT('',(-1.15,0.));
#8039 = VECTOR('',#8040,1.);
#8040 = DIRECTION('',(0.,-1.));
#8041 = ( GEOMETRIC_REPRESENTATION_CONTEXT(2) 
PARAMETRIC_REPRESENTATION_CONTEXT() REPRESENTATION_CONTEXT('2D SPACE',''
  ) );
#8042 = PCURVE('',#6577,#8043);
#8043 = DEFINITIONAL_REPRESENTATION('',(#8044),#8048);
#8044 = LINE('',#8045,#8046);
#8045 = CARTESIAN_POINT('',(0.,-0.));
#8046 = VECTOR('',#8047,1.);
#8047 = DIRECTION('',(-0.928509420156,-0.37130884272));
#8048 = ( GEOMETRIC_REPRESENTATION_CONTEXT(2) 
PARAMETRIC_REPRESENTATION_CONTEXT() REPRESENTATION_CONTEXT('2D SPACE',''
  ) );
#8049 = ORIENTED_EDGE('',*,*,#8050,.F.);
#8050 = EDGE_CURVE('',#6840,#8028,#8051,.T.);
#8051 = SURFACE_CURVE('',#8052,(#8056,#8063),.PCURVE_S1.);
#8052 = LINE('',#8053,#8054);
#8053 = CARTESIAN_POINT('',(1.360503142515,0.590120440051,5.041926223421
    ));
#8054 = VECTOR('',#8055,1.);
#8055 = DIRECTION('',(0.,-1.,2.22044604925E-16));
#8056 = PCURVE('',#6878,#8057);
#8057 = DEFINITIONAL_REPRESENTATION('',(#8058),#8062);
#8058 = LINE('',#8059,#8060);
#8059 = CARTESIAN_POINT('',(-9.879559948806E-03,-0.85978590909));
#8060 = VECTOR('',#8061,1.);
#8061 = DIRECTION('',(-1.,0.));
#8062 = ( GEOMETRIC_REPRESENTATION_CONTEXT(2) 
PARAMETRIC_REPRESENTATION_CONTEXT() REPRESENTATION_CONTEXT('2D SPACE',''
  ) );
#8063 = PCURVE('',#4470,#8064);
#8064 = DEFINITIONAL_REPRESENTATION('',(#8065),#8069);
#8065 = LINE('',#8066,#8067);
#8066 = CARTESIAN_POINT('',(-1.290120440051,1.360503142516));
#8067 = VECTOR('',#8068,1.);
#8068 = DIRECTION('',(1.,0.));
#8069 = ( GEOMETRIC_REPRESENTATION_CONTEXT(2) 
PARAMETRIC_REPRESENTATION_CONTEXT() REPRESENTATION_CONTEXT('2D SPACE',''
  ) );
#8070 = ORIENTED_EDGE('',*,*,#6839,.F.);
#8071 = ADVANCED_FACE('',(#8072),#7940,.T.);
#8072 = FACE_BOUND('',#8073,.T.);
#8073 = EDGE_LOOP('',(#8074,#8075,#8098,#8119));
#8074 = ORIENTED_EDGE('',*,*,#7924,.F.);
#8075 = ORIENTED_EDGE('',*,*,#8076,.T.);
#8076 = EDGE_CURVE('',#7875,#8077,#8079,.T.);
#8077 = VERTEX_POINT('',#8078);
#8078 = CARTESIAN_POINT('',(2.232424018846,-0.55,4.899770918263));
#8079 = SURFACE_CURVE('',#8080,(#8084,#8091),.PCURVE_S1.);
#8080 = LINE('',#8081,#8082);
#8081 = CARTESIAN_POINT('',(2.232424018846,-0.4,4.899770918263));
#8082 = VECTOR('',#8083,1.);
#8083 = DIRECTION('',(0.,-1.,2.22044604925E-16));
#8084 = PCURVE('',#7940,#8085);
#8085 = DEFINITIONAL_REPRESENTATION('',(#8086),#8090);
#8086 = LINE('',#8087,#8088);
#8087 = CARTESIAN_POINT('',(1.,0.));
#8088 = VECTOR('',#8089,1.);
#8089 = DIRECTION('',(1.,0.));
#8090 = ( GEOMETRIC_REPRESENTATION_CONTEXT(2) 
PARAMETRIC_REPRESENTATION_CONTEXT() REPRESENTATION_CONTEXT('2D SPACE',''
  ) );
#8091 = PCURVE('',#7099,#8092);
#8092 = DEFINITIONAL_REPRESENTATION('',(#8093),#8097);
#8093 = LINE('',#8094,#8095);
#8094 = CARTESIAN_POINT('',(1.,0.9));
#8095 = VECTOR('',#8096,1.);
#8096 = DIRECTION('',(1.,0.));
#8097 = ( GEOMETRIC_REPRESENTATION_CONTEXT(2) 
PARAMETRIC_REPRESENTATION_CONTEXT() REPRESENTATION_CONTEXT('2D SPACE',''
  ) );
#8098 = ORIENTED_EDGE('',*,*,#8099,.T.);
#8099 = EDGE_CURVE('',#8077,#8005,#8100,.T.);
#8100 = SURFACE_CURVE('',#8101,(#8105,#8112),.PCURVE_S1.);
#8101 = LINE('',#8102,#8103);
#8102 = CARTESIAN_POINT('',(2.232424018846,-0.55,4.899770918263));
#8103 = VECTOR('',#8104,1.);
#8104 = DIRECTION('',(-0.383457482808,-2.050711889843E-16,
    -0.923558530294));
#8105 = PCURVE('',#7940,#8106);
#8106 = DEFINITIONAL_REPRESENTATION('',(#8107),#8111);
#8107 = LINE('',#8108,#8109);
#8108 = CARTESIAN_POINT('',(1.15,0.));
#8109 = VECTOR('',#8110,1.);
#8110 = DIRECTION('',(0.,1.));
#8111 = ( GEOMETRIC_REPRESENTATION_CONTEXT(2) 
PARAMETRIC_REPRESENTATION_CONTEXT() REPRESENTATION_CONTEXT('2D SPACE',''
  ) );
#8112 = PCURVE('',#6577,#8113);
#8113 = DEFINITIONAL_REPRESENTATION('',(#8114),#8118);
#8114 = LINE('',#8115,#8116);
#8115 = CARTESIAN_POINT('',(7.492131868321E-02,-0.185436770913));
#8116 = VECTOR('',#8117,1.);
#8117 = DIRECTION('',(-0.374606593416,0.927183854567));
#8118 = ( GEOMETRIC_REPRESENTATION_CONTEXT(2) 
PARAMETRIC_REPRESENTATION_CONTEXT() REPRESENTATION_CONTEXT('2D SPACE',''
  ) );
#8119 = ORIENTED_EDGE('',*,*,#8004,.F.);
#8120 = ADVANCED_FACE('',(#8121),#7099,.T.);
#8121 = FACE_BOUND('',#8122,.T.);
#8122 = EDGE_LOOP('',(#8123,#8124,#8147,#8168,#8169));
#8123 = ORIENTED_EDGE('',*,*,#7062,.F.);
#8124 = ORIENTED_EDGE('',*,*,#8125,.F.);
#8125 = EDGE_CURVE('',#8126,#6995,#8128,.T.);
#8126 = VERTEX_POINT('',#8127);
#8127 = CARTESIAN_POINT('',(1.473068663994,-0.55,5.21189245402));
#8128 = SURFACE_CURVE('',#8129,(#8133,#8140),.PCURVE_S1.);
#8129 = LINE('',#8130,#8131);
#8130 = CARTESIAN_POINT('',(1.473068663994,-0.55,5.21189245402));
#8131 = VECTOR('',#8132,1.);
#8132 = DIRECTION('',(0.,1.,-2.22044604925E-16));
#8133 = PCURVE('',#7099,#8134);
#8134 = DEFINITIONAL_REPRESENTATION('',(#8135),#8139);
#8135 = LINE('',#8136,#8137);
#8136 = CARTESIAN_POINT('',(1.15,7.900036052045E-02));
#8137 = VECTOR('',#8138,1.);
#8138 = DIRECTION('',(-1.,0.));
#8139 = ( GEOMETRIC_REPRESENTATION_CONTEXT(2) 
PARAMETRIC_REPRESENTATION_CONTEXT() REPRESENTATION_CONTEXT('2D SPACE',''
  ) );
#8140 = PCURVE('',#6527,#8141);
#8141 = DEFINITIONAL_REPRESENTATION('',(#8142),#8146);
#8142 = LINE('',#8143,#8144);
#8143 = CARTESIAN_POINT('',(6.088193877633,-9.999999999998E-02));
#8144 = VECTOR('',#8145,1.);
#8145 = DIRECTION('',(0.,-1.));
#8146 = ( GEOMETRIC_REPRESENTATION_CONTEXT(2) 
PARAMETRIC_REPRESENTATION_CONTEXT() REPRESENTATION_CONTEXT('2D SPACE',''
  ) );
#8147 = ORIENTED_EDGE('',*,*,#8148,.T.);
#8148 = EDGE_CURVE('',#8126,#8077,#8149,.T.);
#8149 = SURFACE_CURVE('',#8150,(#8154,#8161),.PCURVE_S1.);
#8150 = LINE('',#8151,#8152);
#8151 = CARTESIAN_POINT('',(1.473068663994,-0.55,5.21189245402));
#8152 = VECTOR('',#8153,1.);
#8153 = DIRECTION('',(0.924915576496,-8.441526617437E-17,-0.380172561287
    ));
#8154 = PCURVE('',#7099,#8155);
#8155 = DEFINITIONAL_REPRESENTATION('',(#8156),#8160);
#8156 = LINE('',#8157,#8158);
#8157 = CARTESIAN_POINT('',(1.15,7.900036052045E-02));
#8158 = VECTOR('',#8159,1.);
#8159 = DIRECTION('',(0.,1.));
#8160 = ( GEOMETRIC_REPRESENTATION_CONTEXT(2) 
PARAMETRIC_REPRESENTATION_CONTEXT() REPRESENTATION_CONTEXT('2D SPACE',''
  ) );
#8161 = PCURVE('',#6577,#8162);
#8162 = DEFINITIONAL_REPRESENTATION('',(#8163),#8167);
#8163 = LINE('',#8164,#8165);
#8164 = CARTESIAN_POINT('',(-0.687384580518,-0.490281196922));
#8165 = VECTOR('',#8166,1.);
#8166 = DIRECTION('',(0.928509420156,0.371308842719));
#8167 = ( GEOMETRIC_REPRESENTATION_CONTEXT(2) 
PARAMETRIC_REPRESENTATION_CONTEXT() REPRESENTATION_CONTEXT('2D SPACE',''
  ) );
#8168 = ORIENTED_EDGE('',*,*,#8076,.F.);
#8169 = ORIENTED_EDGE('',*,*,#7874,.F.);
#8170 = ADVANCED_FACE('',(#8171),#6527,.T.);
#8171 = FACE_BOUND('',#8172,.T.);
#8172 = EDGE_LOOP('',(#8173,#8174,#8175,#8197,#8198));
#8173 = ORIENTED_EDGE('',*,*,#6642,.T.);
#8174 = ORIENTED_EDGE('',*,*,#6488,.T.);
#8175 = ORIENTED_EDGE('',*,*,#8176,.T.);
#8176 = EDGE_CURVE('',#6489,#8126,#8177,.T.);
#8177 = SURFACE_CURVE('',#8178,(#8183,#8190),.PCURVE_S1.);
#8178 = CIRCLE('',#8179,0.4);
#8179 = AXIS2_PLACEMENT_3D('',#8180,#8181,#8182);
#8180 = CARTESIAN_POINT('',(1.320999639479,-0.55,4.841926223421));
#8181 = DIRECTION('',(9.146345404688E-34,1.,-2.22044604925E-16));
#8182 = DIRECTION('',(0.193758126932,2.178367109319E-16,0.981049330181)
  );
#8183 = PCURVE('',#6527,#8184);
#8184 = DEFINITIONAL_REPRESENTATION('',(#8185),#8189);
#8185 = LINE('',#8186,#8187);
#8186 = CARTESIAN_POINT('',(6.28318530718,-9.999999999998E-02));
#8187 = VECTOR('',#8188,1.);
#8188 = DIRECTION('',(-1.,0.));
#8189 = ( GEOMETRIC_REPRESENTATION_CONTEXT(2) 
PARAMETRIC_REPRESENTATION_CONTEXT() REPRESENTATION_CONTEXT('2D SPACE',''
  ) );
#8190 = PCURVE('',#6577,#8191);
#8191 = DEFINITIONAL_REPRESENTATION('',(#8192),#8196);
#8192 = CIRCLE('',#8193,0.4);
#8193 = AXIS2_PLACEMENT_2D('',#8194,#8195);
#8194 = CARTESIAN_POINT('',(-0.835908117606,-0.118877428859));
#8195 = DIRECTION('',(0.184366045352,-0.982857650589));
#8196 = ( GEOMETRIC_REPRESENTATION_CONTEXT(2) 
PARAMETRIC_REPRESENTATION_CONTEXT() REPRESENTATION_CONTEXT('2D SPACE',''
  ) );
#8197 = ORIENTED_EDGE('',*,*,#8125,.T.);
#8198 = ORIENTED_EDGE('',*,*,#6994,.F.);
#8199 = ADVANCED_FACE('',(#8200),#6627,.F.);
#8200 = FACE_BOUND('',#8201,.F.);
#8201 = EDGE_LOOP('',(#8202,#8226,#8254,#8276));
#8202 = ORIENTED_EDGE('',*,*,#8203,.T.);
#8203 = EDGE_CURVE('',#6590,#8204,#8206,.T.);
#8204 = VERTEX_POINT('',#8205);
#8205 = CARTESIAN_POINT('',(1.399999999999,-0.75,5.041926223421));
#8206 = SURFACE_CURVE('',#8207,(#8212,#8219),.PCURVE_S1.);
#8207 = CIRCLE('',#8208,9.999999999997E-02);
#8208 = AXIS2_PLACEMENT_3D('',#8209,#8210,#8211);
#8209 = CARTESIAN_POINT('',(1.399999999999,-0.65,5.041926223421));
#8210 = DIRECTION('',(0.,2.22044604925E-16,1.));
#8211 = DIRECTION('',(-1.,0.,0.));
#8212 = PCURVE('',#6627,#8213);
#8213 = DEFINITIONAL_REPRESENTATION('',(#8214),#8218);
#8214 = LINE('',#8215,#8216);
#8215 = CARTESIAN_POINT('',(0.,0.));
#8216 = VECTOR('',#8217,1.);
#8217 = DIRECTION('',(1.,0.));
#8218 = ( GEOMETRIC_REPRESENTATION_CONTEXT(2) 
PARAMETRIC_REPRESENTATION_CONTEXT() REPRESENTATION_CONTEXT('2D SPACE',''
  ) );
#8219 = PCURVE('',#4470,#8220);
#8220 = DEFINITIONAL_REPRESENTATION('',(#8221),#8225);
#8221 = CIRCLE('',#8222,9.999999999997E-02);
#8222 = AXIS2_PLACEMENT_2D('',#8223,#8224);
#8223 = CARTESIAN_POINT('',(-4.999999999999E-02,1.399999999999));
#8224 = DIRECTION('',(0.,-1.));
#8225 = ( GEOMETRIC_REPRESENTATION_CONTEXT(2) 
PARAMETRIC_REPRESENTATION_CONTEXT() REPRESENTATION_CONTEXT('2D SPACE',''
  ) );
#8226 = ORIENTED_EDGE('',*,*,#8227,.T.);
#8227 = EDGE_CURVE('',#8204,#8228,#8230,.T.);
#8228 = VERTEX_POINT('',#8229);
#8229 = CARTESIAN_POINT('',(1.399999999999,-0.75,5.241926223421));
#8230 = SURFACE_CURVE('',#8231,(#8235,#8242),.PCURVE_S1.);
#8231 = LINE('',#8232,#8233);
#8232 = CARTESIAN_POINT('',(1.399999999999,-0.75,5.041926223421));
#8233 = VECTOR('',#8234,1.);
#8234 = DIRECTION('',(0.,2.22044604925E-16,1.));
#8235 = PCURVE('',#6627,#8236);
#8236 = DEFINITIONAL_REPRESENTATION('',(#8237),#8241);
#8237 = LINE('',#8238,#8239);
#8238 = CARTESIAN_POINT('',(1.570796326795,0.));
#8239 = VECTOR('',#8240,1.);
#8240 = DIRECTION('',(0.,1.));
#8241 = ( GEOMETRIC_REPRESENTATION_CONTEXT(2) 
PARAMETRIC_REPRESENTATION_CONTEXT() REPRESENTATION_CONTEXT('2D SPACE',''
  ) );
#8242 = PCURVE('',#8243,#8248);
#8243 = PLANE('',#8244);
#8244 = AXIS2_PLACEMENT_3D('',#8245,#8246,#8247);
#8245 = CARTESIAN_POINT('',(1.399999999999,-0.75,5.041926223421));
#8246 = DIRECTION('',(0.,1.,-2.22044604925E-16));
#8247 = DIRECTION('',(-1.,0.,0.));
#8248 = DEFINITIONAL_REPRESENTATION('',(#8249),#8253);
#8249 = LINE('',#8250,#8251);
#8250 = CARTESIAN_POINT('',(0.,0.));
#8251 = VECTOR('',#8252,1.);
#8252 = DIRECTION('',(0.,1.));
#8253 = ( GEOMETRIC_REPRESENTATION_CONTEXT(2) 
PARAMETRIC_REPRESENTATION_CONTEXT() REPRESENTATION_CONTEXT('2D SPACE',''
  ) );
#8254 = ORIENTED_EDGE('',*,*,#8255,.F.);
#8255 = EDGE_CURVE('',#6383,#8228,#8256,.T.);
#8256 = SURFACE_CURVE('',#8257,(#8262,#8269),.PCURVE_S1.);
#8257 = CIRCLE('',#8258,9.999999999997E-02);
#8258 = AXIS2_PLACEMENT_3D('',#8259,#8260,#8261);
#8259 = CARTESIAN_POINT('',(1.399999999999,-0.65,5.241926223421));
#8260 = DIRECTION('',(0.,2.22044604925E-16,1.));
#8261 = DIRECTION('',(-1.,0.,0.));
#8262 = PCURVE('',#6627,#8263);
#8263 = DEFINITIONAL_REPRESENTATION('',(#8264),#8268);
#8264 = LINE('',#8265,#8266);
#8265 = CARTESIAN_POINT('',(0.,0.2));
#8266 = VECTOR('',#8267,1.);
#8267 = DIRECTION('',(1.,0.));
#8268 = ( GEOMETRIC_REPRESENTATION_CONTEXT(2) 
PARAMETRIC_REPRESENTATION_CONTEXT() REPRESENTATION_CONTEXT('2D SPACE',''
  ) );
#8269 = PCURVE('',#4654,#8270);
#8270 = DEFINITIONAL_REPRESENTATION('',(#8271),#8275);
#8271 = CIRCLE('',#8272,9.999999999997E-02);
#8272 = AXIS2_PLACEMENT_2D('',#8273,#8274);
#8273 = CARTESIAN_POINT('',(-1.25,3.754999999999));
#8274 = DIRECTION('',(0.,-1.));
#8275 = ( GEOMETRIC_REPRESENTATION_CONTEXT(2) 
PARAMETRIC_REPRESENTATION_CONTEXT() REPRESENTATION_CONTEXT('2D SPACE',''
  ) );
#8276 = ORIENTED_EDGE('',*,*,#6613,.F.);
#8277 = ADVANCED_FACE('',(#8278),#4654,.T.);
#8278 = FACE_BOUND('',#8279,.T.);
#8279 = EDGE_LOOP('',(#8280,#8281,#8282,#8283,#8307,#8335,#8358,#8381,
    #8405,#8433,#8457,#8480,#8503,#8524,#8525,#8526,#8527,#8528));
#8280 = ORIENTED_EDGE('',*,*,#7391,.F.);
#8281 = ORIENTED_EDGE('',*,*,#7142,.F.);
#8282 = ORIENTED_EDGE('',*,*,#4637,.F.);
#8283 = ORIENTED_EDGE('',*,*,#8284,.F.);
#8284 = EDGE_CURVE('',#8285,#4638,#8287,.T.);
#8285 = VERTEX_POINT('',#8286);
#8286 = CARTESIAN_POINT('',(-1.4,-0.75,5.241926223421));
#8287 = SURFACE_CURVE('',#8288,(#8293,#8300),.PCURVE_S1.);
#8288 = CIRCLE('',#8289,9.999999999997E-02);
#8289 = AXIS2_PLACEMENT_3D('',#8290,#8291,#8292);
#8290 = CARTESIAN_POINT('',(-1.4,-0.65,5.241926223421));
#8291 = DIRECTION('',(0.,2.22044604925E-16,1.));
#8292 = DIRECTION('',(-1.,0.,0.));
#8293 = PCURVE('',#4654,#8294);
#8294 = DEFINITIONAL_REPRESENTATION('',(#8295),#8299);
#8295 = CIRCLE('',#8296,9.999999999997E-02);
#8296 = AXIS2_PLACEMENT_2D('',#8297,#8298);
#8297 = CARTESIAN_POINT('',(-1.25,0.955));
#8298 = DIRECTION('',(0.,-1.));
#8299 = ( GEOMETRIC_REPRESENTATION_CONTEXT(2) 
PARAMETRIC_REPRESENTATION_CONTEXT() REPRESENTATION_CONTEXT('2D SPACE',''
  ) );
#8300 = PCURVE('',#4680,#8301);
#8301 = DEFINITIONAL_REPRESENTATION('',(#8302),#8306);
#8302 = LINE('',#8303,#8304);
#8303 = CARTESIAN_POINT('',(0.,0.2));
#8304 = VECTOR('',#8305,1.);
#8305 = DIRECTION('',(1.,0.));
#8306 = ( GEOMETRIC_REPRESENTATION_CONTEXT(2) 
PARAMETRIC_REPRESENTATION_CONTEXT() REPRESENTATION_CONTEXT('2D SPACE',''
  ) );
#8307 = ORIENTED_EDGE('',*,*,#8308,.F.);
#8308 = EDGE_CURVE('',#8309,#8285,#8311,.T.);
#8309 = VERTEX_POINT('',#8310);
#8310 = CARTESIAN_POINT('',(-2.3,-0.75,5.241926223421));
#8311 = SURFACE_CURVE('',#8312,(#8316,#8323),.PCURVE_S1.);
#8312 = LINE('',#8313,#8314);
#8313 = CARTESIAN_POINT('',(-2.3,-0.75,5.241926223421));
#8314 = VECTOR('',#8315,1.);
#8315 = DIRECTION('',(1.,0.,0.));
#8316 = PCURVE('',#4654,#8317);
#8317 = DEFINITIONAL_REPRESENTATION('',(#8318),#8322);
#8318 = LINE('',#8319,#8320);
#8319 = CARTESIAN_POINT('',(-1.15,5.499999999995E-02));
#8320 = VECTOR('',#8321,1.);
#8321 = DIRECTION('',(0.,1.));
#8322 = ( GEOMETRIC_REPRESENTATION_CONTEXT(2) 
PARAMETRIC_REPRESENTATION_CONTEXT() REPRESENTATION_CONTEXT('2D SPACE',''
  ) );
#8323 = PCURVE('',#8324,#8329);
#8324 = PLANE('',#8325);
#8325 = AXIS2_PLACEMENT_3D('',#8326,#8327,#8328);
#8326 = CARTESIAN_POINT('',(-2.3,-0.75,5.041926223421));
#8327 = DIRECTION('',(0.,1.,-2.22044604925E-16));
#8328 = DIRECTION('',(-1.,0.,0.));
#8329 = DEFINITIONAL_REPRESENTATION('',(#8330),#8334);
#8330 = LINE('',#8331,#8332);
#8331 = CARTESIAN_POINT('',(0.,0.2));
#8332 = VECTOR('',#8333,1.);
#8333 = DIRECTION('',(-1.,0.));
#8334 = ( GEOMETRIC_REPRESENTATION_CONTEXT(2) 
PARAMETRIC_REPRESENTATION_CONTEXT() REPRESENTATION_CONTEXT('2D SPACE',''
  ) );
#8335 = ORIENTED_EDGE('',*,*,#8336,.F.);
#8336 = EDGE_CURVE('',#8337,#8309,#8339,.T.);
#8337 = VERTEX_POINT('',#8338);
#8338 = CARTESIAN_POINT('',(-2.3,-1.8,5.241926223421));
#8339 = SURFACE_CURVE('',#8340,(#8344,#8351),.PCURVE_S1.);
#8340 = LINE('',#8341,#8342);
#8341 = CARTESIAN_POINT('',(-2.3,-1.8,5.241926223421));
#8342 = VECTOR('',#8343,1.);
#8343 = DIRECTION('',(0.,1.,-2.22044604925E-16));
#8344 = PCURVE('',#4654,#8345);
#8345 = DEFINITIONAL_REPRESENTATION('',(#8346),#8350);
#8346 = LINE('',#8347,#8348);
#8347 = CARTESIAN_POINT('',(-0.1,5.499999999995E-02));
#8348 = VECTOR('',#8349,1.);
#8349 = DIRECTION('',(-1.,0.));
#8350 = ( GEOMETRIC_REPRESENTATION_CONTEXT(2) 
PARAMETRIC_REPRESENTATION_CONTEXT() REPRESENTATION_CONTEXT('2D SPACE',''
  ) );
#8351 = PCURVE('',#4819,#8352);
#8352 = DEFINITIONAL_REPRESENTATION('',(#8353),#8357);
#8353 = LINE('',#8354,#8355);
#8354 = CARTESIAN_POINT('',(-0.1,1.3));
#8355 = VECTOR('',#8356,1.);
#8356 = DIRECTION('',(-1.,0.));
#8357 = ( GEOMETRIC_REPRESENTATION_CONTEXT(2) 
PARAMETRIC_REPRESENTATION_CONTEXT() REPRESENTATION_CONTEXT('2D SPACE',''
  ) );
#8358 = ORIENTED_EDGE('',*,*,#8359,.T.);
#8359 = EDGE_CURVE('',#8337,#8360,#8362,.T.);
#8360 = VERTEX_POINT('',#8361);
#8361 = CARTESIAN_POINT('',(-1.432287565553,-1.8,5.241926223421));
#8362 = SURFACE_CURVE('',#8363,(#8367,#8374),.PCURVE_S1.);
#8363 = LINE('',#8364,#8365);
#8364 = CARTESIAN_POINT('',(-2.3,-1.8,5.241926223421));
#8365 = VECTOR('',#8366,1.);
#8366 = DIRECTION('',(1.,-2.443812E-13,2.047172E-15));
#8367 = PCURVE('',#4654,#8368);
#8368 = DEFINITIONAL_REPRESENTATION('',(#8369),#8373);
#8369 = LINE('',#8370,#8371);
#8370 = CARTESIAN_POINT('',(-0.1,5.499999999995E-02));
#8371 = VECTOR('',#8372,1.);
#8372 = DIRECTION('',(2.443812E-13,1.));
#8373 = ( GEOMETRIC_REPRESENTATION_CONTEXT(2) 
PARAMETRIC_REPRESENTATION_CONTEXT() REPRESENTATION_CONTEXT('2D SPACE',''
  ) );
#8374 = PCURVE('',#5116,#8375);
#8375 = DEFINITIONAL_REPRESENTATION('',(#8376),#8380);
#8376 = LINE('',#8377,#8378);
#8377 = CARTESIAN_POINT('',(5.497787143782,-2.0225));
#8378 = VECTOR('',#8379,1.);
#8379 = DIRECTION('',(8.147745658759E-13,1.));
#8380 = ( GEOMETRIC_REPRESENTATION_CONTEXT(2) 
PARAMETRIC_REPRESENTATION_CONTEXT() REPRESENTATION_CONTEXT('2D SPACE',''
  ) );
#8381 = ORIENTED_EDGE('',*,*,#8382,.F.);
#8382 = EDGE_CURVE('',#8383,#8360,#8385,.T.);
#8383 = VERTEX_POINT('',#8384);
#8384 = CARTESIAN_POINT('',(-1.3,-1.75,5.241926223421));
#8385 = SURFACE_CURVE('',#8386,(#8391,#8398),.PCURVE_S1.);
#8386 = CIRCLE('',#8387,0.2);
#8387 = AXIS2_PLACEMENT_3D('',#8388,#8389,#8390);
#8388 = CARTESIAN_POINT('',(-1.3,-1.95,5.241926223421));
#8389 = DIRECTION('',(-2.252983656874E-33,2.22044604925E-16,1.));
#8390 = DIRECTION('',(-0.707106781187,0.707106781187,-1.570092458684E-16
    ));
#8391 = PCURVE('',#4654,#8392);
#8392 = DEFINITIONAL_REPRESENTATION('',(#8393),#8397);
#8393 = CIRCLE('',#8394,0.2);
#8394 = AXIS2_PLACEMENT_2D('',#8395,#8396);
#8395 = CARTESIAN_POINT('',(5.E-02,1.055));
#8396 = DIRECTION('',(-0.707106781187,-0.707106781187));
#8397 = ( GEOMETRIC_REPRESENTATION_CONTEXT(2) 
PARAMETRIC_REPRESENTATION_CONTEXT() REPRESENTATION_CONTEXT('2D SPACE',''
  ) );
#8398 = PCURVE('',#6009,#8399);
#8399 = DEFINITIONAL_REPRESENTATION('',(#8400),#8404);
#8400 = LINE('',#8401,#8402);
#8401 = CARTESIAN_POINT('',(6.28318530718,-0.175));
#8402 = VECTOR('',#8403,1.);
#8403 = DIRECTION('',(-1.,0.));
#8404 = ( GEOMETRIC_REPRESENTATION_CONTEXT(2) 
PARAMETRIC_REPRESENTATION_CONTEXT() REPRESENTATION_CONTEXT('2D SPACE',''
  ) );
#8405 = ORIENTED_EDGE('',*,*,#8406,.T.);
#8406 = EDGE_CURVE('',#8383,#8407,#8409,.T.);
#8407 = VERTEX_POINT('',#8408);
#8408 = CARTESIAN_POINT('',(1.3,-1.75,5.241926223421));
#8409 = SURFACE_CURVE('',#8410,(#8414,#8421),.PCURVE_S1.);
#8410 = LINE('',#8411,#8412);
#8411 = CARTESIAN_POINT('',(-1.3,-1.75,5.241926223421));
#8412 = VECTOR('',#8413,1.);
#8413 = DIRECTION('',(1.,0.,0.));
#8414 = PCURVE('',#4654,#8415);
#8415 = DEFINITIONAL_REPRESENTATION('',(#8416),#8420);
#8416 = LINE('',#8417,#8418);
#8417 = CARTESIAN_POINT('',(-0.15,1.055));
#8418 = VECTOR('',#8419,1.);
#8419 = DIRECTION('',(0.,1.));
#8420 = ( GEOMETRIC_REPRESENTATION_CONTEXT(2) 
PARAMETRIC_REPRESENTATION_CONTEXT() REPRESENTATION_CONTEXT('2D SPACE',''
  ) );
#8421 = PCURVE('',#8422,#8427);
#8422 = PLANE('',#8423);
#8423 = AXIS2_PLACEMENT_3D('',#8424,#8425,#8426);
#8424 = CARTESIAN_POINT('',(-1.5,-1.75,4.891926223421));
#8425 = DIRECTION('',(0.,-1.,2.22044604925E-16));
#8426 = DIRECTION('',(1.,0.,0.));
#8427 = DEFINITIONAL_REPRESENTATION('',(#8428),#8432);
#8428 = LINE('',#8429,#8430);
#8429 = CARTESIAN_POINT('',(0.2,0.35));
#8430 = VECTOR('',#8431,1.);
#8431 = DIRECTION('',(1.,0.));
#8432 = ( GEOMETRIC_REPRESENTATION_CONTEXT(2) 
PARAMETRIC_REPRESENTATION_CONTEXT() REPRESENTATION_CONTEXT('2D SPACE',''
  ) );
#8433 = ORIENTED_EDGE('',*,*,#8434,.F.);
#8434 = EDGE_CURVE('',#8435,#8407,#8437,.T.);
#8435 = VERTEX_POINT('',#8436);
#8436 = CARTESIAN_POINT('',(1.432287565554,-1.8,5.241926223421));
#8437 = SURFACE_CURVE('',#8438,(#8443,#8450),.PCURVE_S1.);
#8438 = CIRCLE('',#8439,0.2);
#8439 = AXIS2_PLACEMENT_3D('',#8440,#8441,#8442);
#8440 = CARTESIAN_POINT('',(1.3,-1.95,5.241926223421));
#8441 = DIRECTION('',(2.252983656874E-33,2.22044604925E-16,1.));
#8442 = DIRECTION('',(0.707106781187,0.707106781187,-1.570092458684E-16)
  );
#8443 = PCURVE('',#4654,#8444);
#8444 = DEFINITIONAL_REPRESENTATION('',(#8445),#8449);
#8445 = CIRCLE('',#8446,0.2);
#8446 = AXIS2_PLACEMENT_2D('',#8447,#8448);
#8447 = CARTESIAN_POINT('',(5.E-02,3.655));
#8448 = DIRECTION('',(-0.707106781187,0.707106781187));
#8449 = ( GEOMETRIC_REPRESENTATION_CONTEXT(2) 
PARAMETRIC_REPRESENTATION_CONTEXT() REPRESENTATION_CONTEXT('2D SPACE',''
  ) );
#8450 = PCURVE('',#4955,#8451);
#8451 = DEFINITIONAL_REPRESENTATION('',(#8452),#8456);
#8452 = LINE('',#8453,#8454);
#8453 = CARTESIAN_POINT('',(-6.800116025829E-16,0.35));
#8454 = VECTOR('',#8455,1.);
#8455 = DIRECTION('',(1.,0.));
#8456 = ( GEOMETRIC_REPRESENTATION_CONTEXT(2) 
PARAMETRIC_REPRESENTATION_CONTEXT() REPRESENTATION_CONTEXT('2D SPACE',''
  ) );
#8457 = ORIENTED_EDGE('',*,*,#8458,.F.);
#8458 = EDGE_CURVE('',#8459,#8435,#8461,.T.);
#8459 = VERTEX_POINT('',#8460);
#8460 = CARTESIAN_POINT('',(2.3,-1.8,5.241926223421));
#8461 = SURFACE_CURVE('',#8462,(#8466,#8473),.PCURVE_S1.);
#8462 = LINE('',#8463,#8464);
#8463 = CARTESIAN_POINT('',(2.3,-1.8,5.241926223421));
#8464 = VECTOR('',#8465,1.);
#8465 = DIRECTION('',(-1.,-2.441893E-13,2.047172E-15));
#8466 = PCURVE('',#4654,#8467);
#8467 = DEFINITIONAL_REPRESENTATION('',(#8468),#8472);
#8468 = LINE('',#8469,#8470);
#8469 = CARTESIAN_POINT('',(-0.1,4.655));
#8470 = VECTOR('',#8471,1.);
#8471 = DIRECTION('',(2.441893E-13,-1.));
#8472 = ( GEOMETRIC_REPRESENTATION_CONTEXT(2) 
PARAMETRIC_REPRESENTATION_CONTEXT() REPRESENTATION_CONTEXT('2D SPACE',''
  ) );
#8473 = PCURVE('',#5379,#8474);
#8474 = DEFINITIONAL_REPRESENTATION('',(#8475),#8479);
#8475 = LINE('',#8476,#8477);
#8476 = CARTESIAN_POINT('',(5.497787143782,2.5775));
#8477 = VECTOR('',#8478,1.);
#8478 = DIRECTION('',(8.14774565876E-13,-1.));
#8479 = ( GEOMETRIC_REPRESENTATION_CONTEXT(2) 
PARAMETRIC_REPRESENTATION_CONTEXT() REPRESENTATION_CONTEXT('2D SPACE',''
  ) );
#8480 = ORIENTED_EDGE('',*,*,#8481,.F.);
#8481 = EDGE_CURVE('',#8482,#8459,#8484,.T.);
#8482 = VERTEX_POINT('',#8483);
#8483 = CARTESIAN_POINT('',(2.3,-0.75,5.241926223421));
#8484 = SURFACE_CURVE('',#8485,(#8489,#8496),.PCURVE_S1.);
#8485 = LINE('',#8486,#8487);
#8486 = CARTESIAN_POINT('',(2.3,-0.75,5.241926223421));
#8487 = VECTOR('',#8488,1.);
#8488 = DIRECTION('',(0.,-1.,2.22044604925E-16));
#8489 = PCURVE('',#4654,#8490);
#8490 = DEFINITIONAL_REPRESENTATION('',(#8491),#8495);
#8491 = LINE('',#8492,#8493);
#8492 = CARTESIAN_POINT('',(-1.15,4.655));
#8493 = VECTOR('',#8494,1.);
#8494 = DIRECTION('',(1.,0.));
#8495 = ( GEOMETRIC_REPRESENTATION_CONTEXT(2) 
PARAMETRIC_REPRESENTATION_CONTEXT() REPRESENTATION_CONTEXT('2D SPACE',''
  ) );
#8496 = PCURVE('',#3917,#8497);
#8497 = DEFINITIONAL_REPRESENTATION('',(#8498),#8502);
#8498 = LINE('',#8499,#8500);
#8499 = CARTESIAN_POINT('',(1.15,-8.881784197001E-16));
#8500 = VECTOR('',#8501,1.);
#8501 = DIRECTION('',(-1.,0.));
#8502 = ( GEOMETRIC_REPRESENTATION_CONTEXT(2) 
PARAMETRIC_REPRESENTATION_CONTEXT() REPRESENTATION_CONTEXT('2D SPACE',''
  ) );
#8503 = ORIENTED_EDGE('',*,*,#8504,.F.);
#8504 = EDGE_CURVE('',#8228,#8482,#8505,.T.);
#8505 = SURFACE_CURVE('',#8506,(#8510,#8517),.PCURVE_S1.);
#8506 = LINE('',#8507,#8508);
#8507 = CARTESIAN_POINT('',(1.399999999999,-0.75,5.241926223421));
#8508 = VECTOR('',#8509,1.);
#8509 = DIRECTION('',(1.,0.,0.));
#8510 = PCURVE('',#4654,#8511);
#8511 = DEFINITIONAL_REPRESENTATION('',(#8512),#8516);
#8512 = LINE('',#8513,#8514);
#8513 = CARTESIAN_POINT('',(-1.15,3.754999999999));
#8514 = VECTOR('',#8515,1.);
#8515 = DIRECTION('',(0.,1.));
#8516 = ( GEOMETRIC_REPRESENTATION_CONTEXT(2) 
PARAMETRIC_REPRESENTATION_CONTEXT() REPRESENTATION_CONTEXT('2D SPACE',''
  ) );
#8517 = PCURVE('',#8243,#8518);
#8518 = DEFINITIONAL_REPRESENTATION('',(#8519),#8523);
#8519 = LINE('',#8520,#8521);
#8520 = CARTESIAN_POINT('',(0.,0.2));
#8521 = VECTOR('',#8522,1.);
#8522 = DIRECTION('',(-1.,0.));
#8523 = ( GEOMETRIC_REPRESENTATION_CONTEXT(2) 
PARAMETRIC_REPRESENTATION_CONTEXT() REPRESENTATION_CONTEXT('2D SPACE',''
  ) );
#8524 = ORIENTED_EDGE('',*,*,#8255,.F.);
#8525 = ORIENTED_EDGE('',*,*,#6380,.F.);
#8526 = ORIENTED_EDGE('',*,*,#6784,.F.);
#8527 = ORIENTED_EDGE('',*,*,#6968,.F.);
#8528 = ORIENTED_EDGE('',*,*,#8529,.F.);
#8529 = EDGE_CURVE('',#7392,#6941,#8530,.T.);
#8530 = SURFACE_CURVE('',#8531,(#8535,#8542),.PCURVE_S1.);
#8531 = LINE('',#8532,#8533);
#8532 = CARTESIAN_POINT('',(-1.292550696059,0.6,5.241926223421));
#8533 = VECTOR('',#8534,1.);
#8534 = DIRECTION('',(1.,0.,0.));
#8535 = PCURVE('',#4654,#8536);
#8536 = DEFINITIONAL_REPRESENTATION('',(#8537),#8541);
#8537 = LINE('',#8538,#8539);
#8538 = CARTESIAN_POINT('',(-2.5,1.062449303941));
#8539 = VECTOR('',#8540,1.);
#8540 = DIRECTION('',(0.,1.));
#8541 = ( GEOMETRIC_REPRESENTATION_CONTEXT(2) 
PARAMETRIC_REPRESENTATION_CONTEXT() REPRESENTATION_CONTEXT('2D SPACE',''
  ) );
#8542 = PCURVE('',#6956,#8543);
#8543 = DEFINITIONAL_REPRESENTATION('',(#8544),#8548);
#8544 = LINE('',#8545,#8546);
#8545 = CARTESIAN_POINT('',(-8.700086168815E-03,0.2));
#8546 = VECTOR('',#8547,1.);
#8547 = DIRECTION('',(-1.,0.));
#8548 = ( GEOMETRIC_REPRESENTATION_CONTEXT(2) 
PARAMETRIC_REPRESENTATION_CONTEXT() REPRESENTATION_CONTEXT('2D SPACE',''
  ) );
#8549 = ADVANCED_FACE('',(#8550),#6956,.T.);
#8550 = FACE_BOUND('',#8551,.T.);
#8551 = EDGE_LOOP('',(#8552,#8553,#8554,#8555));
#8552 = ORIENTED_EDGE('',*,*,#7418,.F.);
#8553 = ORIENTED_EDGE('',*,*,#8529,.T.);
#8554 = ORIENTED_EDGE('',*,*,#6940,.F.);
#8555 = ORIENTED_EDGE('',*,*,#8556,.F.);
#8556 = EDGE_CURVE('',#7419,#6895,#8557,.T.);
#8557 = SURFACE_CURVE('',#8558,(#8562,#8569),.PCURVE_S1.);
#8558 = LINE('',#8559,#8560);
#8559 = CARTESIAN_POINT('',(-1.213962136289,0.6,5.041926223421));
#8560 = VECTOR('',#8561,1.);
#8561 = DIRECTION('',(1.,0.,0.));
#8562 = PCURVE('',#6956,#8563);
#8563 = DEFINITIONAL_REPRESENTATION('',(#8564),#8568);
#8564 = LINE('',#8565,#8566);
#8565 = CARTESIAN_POINT('',(-8.728864593897E-02,2.6645352591E-15));
#8566 = VECTOR('',#8567,1.);
#8567 = DIRECTION('',(-1.,0.));
#8568 = ( GEOMETRIC_REPRESENTATION_CONTEXT(2) 
PARAMETRIC_REPRESENTATION_CONTEXT() REPRESENTATION_CONTEXT('2D SPACE',''
  ) );
#8569 = PCURVE('',#4470,#8570);
#8570 = DEFINITIONAL_REPRESENTATION('',(#8571),#8575);
#8571 = LINE('',#8572,#8573);
#8572 = CARTESIAN_POINT('',(-1.3,-1.213962136289));
#8573 = VECTOR('',#8574,1.);
#8574 = DIRECTION('',(0.,1.));
#8575 = ( GEOMETRIC_REPRESENTATION_CONTEXT(2) 
PARAMETRIC_REPRESENTATION_CONTEXT() REPRESENTATION_CONTEXT('2D SPACE',''
  ) );
#8576 = ADVANCED_FACE('',(#8577),#4498,.F.);
#8577 = FACE_BOUND('',#8578,.T.);
#8578 = EDGE_LOOP('',(#8579,#8580,#8581,#8582,#8583,#8604));
#8579 = ORIENTED_EDGE('',*,*,#7698,.F.);
#8580 = ORIENTED_EDGE('',*,*,#7748,.F.);
#8581 = ORIENTED_EDGE('',*,*,#7798,.F.);
#8582 = ORIENTED_EDGE('',*,*,#7847,.F.);
#8583 = ORIENTED_EDGE('',*,*,#8584,.F.);
#8584 = EDGE_CURVE('',#4449,#7825,#8585,.T.);
#8585 = SURFACE_CURVE('',#8586,(#8590,#8597),.PCURVE_S1.);
#8586 = LINE('',#8587,#8588);
#8587 = CARTESIAN_POINT('',(-1.4,-0.55,5.041926223421));
#8588 = VECTOR('',#8589,1.);
#8589 = DIRECTION('',(1.,1.953324E-13,-4.337250558706E-29));
#8590 = PCURVE('',#4498,#8591);
#8591 = DEFINITIONAL_REPRESENTATION('',(#8592),#8596);
#8592 = LINE('',#8593,#8594);
#8593 = CARTESIAN_POINT('',(-0.382281474152,5.98165128024E-02));
#8594 = VECTOR('',#8595,1.);
#8595 = DIRECTION('',(-0.99995425939,9.56447211824E-03));
#8596 = ( GEOMETRIC_REPRESENTATION_CONTEXT(2) 
PARAMETRIC_REPRESENTATION_CONTEXT() REPRESENTATION_CONTEXT('2D SPACE',''
  ) );
#8597 = PCURVE('',#4470,#8598);
#8598 = DEFINITIONAL_REPRESENTATION('',(#8599),#8603);
#8599 = LINE('',#8600,#8601);
#8600 = CARTESIAN_POINT('',(-0.15,-1.4));
#8601 = VECTOR('',#8602,1.);
#8602 = DIRECTION('',(-1.953324E-13,1.));
#8603 = ( GEOMETRIC_REPRESENTATION_CONTEXT(2) 
PARAMETRIC_REPRESENTATION_CONTEXT() REPRESENTATION_CONTEXT('2D SPACE',''
  ) );
#8604 = ORIENTED_EDGE('',*,*,#4482,.T.);
#8605 = ADVANCED_FACE('',(#8606),#4470,.F.);
#8606 = FACE_BOUND('',#8607,.T.);
#8607 = EDGE_LOOP('',(#8608,#8609,#8610,#8611,#8612,#8633,#8634,#8635,
    #8658,#8679,#8680,#8708,#8731,#8757,#8758,#8779,#8780,#8803,#8826,
    #8848,#8849,#8850));
#8608 = ORIENTED_EDGE('',*,*,#7441,.F.);
#8609 = ORIENTED_EDGE('',*,*,#8556,.T.);
#8610 = ORIENTED_EDGE('',*,*,#6894,.F.);
#8611 = ORIENTED_EDGE('',*,*,#8050,.T.);
#8612 = ORIENTED_EDGE('',*,*,#8613,.T.);
#8613 = EDGE_CURVE('',#8028,#6562,#8614,.T.);
#8614 = SURFACE_CURVE('',#8615,(#8619,#8626),.PCURVE_S1.);
#8615 = LINE('',#8616,#8617);
#8616 = CARTESIAN_POINT('',(1.360503142515,-0.55,5.041926223421));
#8617 = VECTOR('',#8618,1.);
#8618 = DIRECTION('',(1.,-1.742767E-13,3.869720099914E-29));
#8619 = PCURVE('',#4470,#8620);
#8620 = DEFINITIONAL_REPRESENTATION('',(#8621),#8625);
#8621 = LINE('',#8622,#8623);
#8622 = CARTESIAN_POINT('',(-0.15,1.360503142516));
#8623 = VECTOR('',#8624,1.);
#8624 = DIRECTION('',(1.742767E-13,1.));
#8625 = ( GEOMETRIC_REPRESENTATION_CONTEXT(2) 
PARAMETRIC_REPRESENTATION_CONTEXT() REPRESENTATION_CONTEXT('2D SPACE',''
  ) );
#8626 = PCURVE('',#6577,#8627);
#8627 = DEFINITIONAL_REPRESENTATION('',(#8628),#8632);
#8628 = LINE('',#8629,#8630);
#8629 = CARTESIAN_POINT('',(-0.798319315907,-0.319246110891));
#8630 = VECTOR('',#8631,1.);
#8631 = DIRECTION('',(0.99995425939,-9.56447211824E-03));
#8632 = ( GEOMETRIC_REPRESENTATION_CONTEXT(2) 
PARAMETRIC_REPRESENTATION_CONTEXT() REPRESENTATION_CONTEXT('2D SPACE',''
  ) );
#8633 = ORIENTED_EDGE('',*,*,#6589,.T.);
#8634 = ORIENTED_EDGE('',*,*,#8203,.T.);
#8635 = ORIENTED_EDGE('',*,*,#8636,.T.);
#8636 = EDGE_CURVE('',#8204,#8637,#8639,.T.);
#8637 = VERTEX_POINT('',#8638);
#8638 = CARTESIAN_POINT('',(2.3,-0.75,5.041926223421));
#8639 = SURFACE_CURVE('',#8640,(#8644,#8651),.PCURVE_S1.);
#8640 = LINE('',#8641,#8642);
#8641 = CARTESIAN_POINT('',(1.399999999999,-0.75,5.041926223421));
#8642 = VECTOR('',#8643,1.);
#8643 = DIRECTION('',(1.,0.,0.));
#8644 = PCURVE('',#4470,#8645);
#8645 = DEFINITIONAL_REPRESENTATION('',(#8646),#8650);
#8646 = LINE('',#8647,#8648);
#8647 = CARTESIAN_POINT('',(4.999999999998E-02,1.399999999999));
#8648 = VECTOR('',#8649,1.);
#8649 = DIRECTION('',(0.,1.));
#8650 = ( GEOMETRIC_REPRESENTATION_CONTEXT(2) 
PARAMETRIC_REPRESENTATION_CONTEXT() REPRESENTATION_CONTEXT('2D SPACE',''
  ) );
#8651 = PCURVE('',#8243,#8652);
#8652 = DEFINITIONAL_REPRESENTATION('',(#8653),#8657);
#8653 = LINE('',#8654,#8655);
#8654 = CARTESIAN_POINT('',(0.,0.));
#8655 = VECTOR('',#8656,1.);
#8656 = DIRECTION('',(-1.,0.));
#8657 = ( GEOMETRIC_REPRESENTATION_CONTEXT(2) 
PARAMETRIC_REPRESENTATION_CONTEXT() REPRESENTATION_CONTEXT('2D SPACE',''
  ) );
#8658 = ORIENTED_EDGE('',*,*,#8659,.T.);
#8659 = EDGE_CURVE('',#8637,#4861,#8660,.T.);
#8660 = SURFACE_CURVE('',#8661,(#8665,#8672),.PCURVE_S1.);
#8661 = LINE('',#8662,#8663);
#8662 = CARTESIAN_POINT('',(2.3,-0.75,5.041926223421));
#8663 = VECTOR('',#8664,1.);
#8664 = DIRECTION('',(0.,-1.,2.22044604925E-16));
#8665 = PCURVE('',#4470,#8666);
#8666 = DEFINITIONAL_REPRESENTATION('',(#8667),#8671);
#8667 = LINE('',#8668,#8669);
#8668 = CARTESIAN_POINT('',(4.999999999998E-02,2.3));
#8669 = VECTOR('',#8670,1.);
#8670 = DIRECTION('',(1.,0.));
#8671 = ( GEOMETRIC_REPRESENTATION_CONTEXT(2) 
PARAMETRIC_REPRESENTATION_CONTEXT() REPRESENTATION_CONTEXT('2D SPACE',''
  ) );
#8672 = PCURVE('',#3917,#8673);
#8673 = DEFINITIONAL_REPRESENTATION('',(#8674),#8678);
#8674 = LINE('',#8675,#8676);
#8675 = CARTESIAN_POINT('',(1.15,-0.2));
#8676 = VECTOR('',#8677,1.);
#8677 = DIRECTION('',(-1.,0.));
#8678 = ( GEOMETRIC_REPRESENTATION_CONTEXT(2) 
PARAMETRIC_REPRESENTATION_CONTEXT() REPRESENTATION_CONTEXT('2D SPACE',''
  ) );
#8679 = ORIENTED_EDGE('',*,*,#4891,.T.);
#8680 = ORIENTED_EDGE('',*,*,#8681,.F.);
#8681 = EDGE_CURVE('',#8682,#4892,#8684,.T.);
#8682 = VERTEX_POINT('',#8683);
#8683 = CARTESIAN_POINT('',(1.3,-1.75,5.041926223421));
#8684 = SURFACE_CURVE('',#8685,(#8690,#8701),.PCURVE_S1.);
#8685 = CIRCLE('',#8686,0.2);
#8686 = AXIS2_PLACEMENT_3D('',#8687,#8688,#8689);
#8687 = CARTESIAN_POINT('',(1.3,-1.95,5.041926223421));
#8688 = DIRECTION('',(-2.252983656874E-33,-2.22044604925E-16,-1.));
#8689 = DIRECTION('',(0.707106781187,0.707106781187,-1.570092458684E-16)
  );
#8690 = PCURVE('',#4470,#8691);
#8691 = DEFINITIONAL_REPRESENTATION('',(#8692),#8700);
#8692 = ( BOUNDED_CURVE() B_SPLINE_CURVE(2,(#8693,#8694,#8695,#8696,
#8697,#8698,#8699),.UNSPECIFIED.,.T.,.F.) B_SPLINE_CURVE_WITH_KNOTS((1,2
    ,2,2,2,1),(-2.094395102393,0.,2.094395102393,4.188790204786,
6.28318530718,8.377580409573),.UNSPECIFIED.) CURVE() 
GEOMETRIC_REPRESENTATION_ITEM() RATIONAL_B_SPLINE_CURVE((1.,0.5,1.,0.5,
1.,0.5,1.)) REPRESENTATION_ITEM('') );
#8693 = CARTESIAN_POINT('',(1.108578643763,1.441421356238));
#8694 = CARTESIAN_POINT('',(1.353527618041,1.686370330516));
#8695 = CARTESIAN_POINT('',(1.443185165258,1.351763809021));
#8696 = CARTESIAN_POINT('',(1.532842712475,1.017157287526));
#8697 = CARTESIAN_POINT('',(1.198236190979,1.106814834742));
#8698 = CARTESIAN_POINT('',(0.863629669484,1.196472381959));
#8699 = CARTESIAN_POINT('',(1.108578643763,1.441421356238));
#8700 = ( GEOMETRIC_REPRESENTATION_CONTEXT(2) 
PARAMETRIC_REPRESENTATION_CONTEXT() REPRESENTATION_CONTEXT('2D SPACE',''
  ) );
#8701 = PCURVE('',#4955,#8702);
#8702 = DEFINITIONAL_REPRESENTATION('',(#8703),#8707);
#8703 = LINE('',#8704,#8705);
#8704 = CARTESIAN_POINT('',(6.28318530718,0.15));
#8705 = VECTOR('',#8706,1.);
#8706 = DIRECTION('',(-1.,0.));
#8707 = ( GEOMETRIC_REPRESENTATION_CONTEXT(2) 
PARAMETRIC_REPRESENTATION_CONTEXT() REPRESENTATION_CONTEXT('2D SPACE',''
  ) );
#8708 = ORIENTED_EDGE('',*,*,#8709,.T.);
#8709 = EDGE_CURVE('',#8682,#8710,#8712,.T.);
#8710 = VERTEX_POINT('',#8711);
#8711 = CARTESIAN_POINT('',(-1.3,-1.75,5.041926223421));
#8712 = SURFACE_CURVE('',#8713,(#8717,#8724),.PCURVE_S1.);
#8713 = LINE('',#8714,#8715);
#8714 = CARTESIAN_POINT('',(1.3,-1.75,5.041926223421));
#8715 = VECTOR('',#8716,1.);
#8716 = DIRECTION('',(-1.,0.,0.));
#8717 = PCURVE('',#4470,#8718);
#8718 = DEFINITIONAL_REPRESENTATION('',(#8719),#8723);
#8719 = LINE('',#8720,#8721);
#8720 = CARTESIAN_POINT('',(1.05,1.3));
#8721 = VECTOR('',#8722,1.);
#8722 = DIRECTION('',(0.,-1.));
#8723 = ( GEOMETRIC_REPRESENTATION_CONTEXT(2) 
PARAMETRIC_REPRESENTATION_CONTEXT() REPRESENTATION_CONTEXT('2D SPACE',''
  ) );
#8724 = PCURVE('',#8422,#8725);
#8725 = DEFINITIONAL_REPRESENTATION('',(#8726),#8730);
#8726 = LINE('',#8727,#8728);
#8727 = CARTESIAN_POINT('',(2.8,0.15));
#8728 = VECTOR('',#8729,1.);
#8729 = DIRECTION('',(-1.,0.));
#8730 = ( GEOMETRIC_REPRESENTATION_CONTEXT(2) 
PARAMETRIC_REPRESENTATION_CONTEXT() REPRESENTATION_CONTEXT('2D SPACE',''
  ) );
#8731 = ORIENTED_EDGE('',*,*,#8732,.F.);
#8732 = EDGE_CURVE('',#5798,#8710,#8733,.T.);
#8733 = SURFACE_CURVE('',#8734,(#8739,#8750),.PCURVE_S1.);
#8734 = CIRCLE('',#8735,0.2);
#8735 = AXIS2_PLACEMENT_3D('',#8736,#8737,#8738);
#8736 = CARTESIAN_POINT('',(-1.3,-1.95,5.041926223421));
#8737 = DIRECTION('',(2.252983656874E-33,-2.22044604925E-16,-1.));
#8738 = DIRECTION('',(-0.707106781187,0.707106781187,-1.570092458684E-16
    ));
#8739 = PCURVE('',#4470,#8740);
#8740 = DEFINITIONAL_REPRESENTATION('',(#8741),#8749);
#8741 = ( BOUNDED_CURVE() B_SPLINE_CURVE(2,(#8742,#8743,#8744,#8745,
#8746,#8747,#8748),.UNSPECIFIED.,.T.,.F.) B_SPLINE_CURVE_WITH_KNOTS((1,2
    ,2,2,2,1),(-2.094395102393,0.,2.094395102393,4.188790204786,
6.28318530718,8.377580409573),.UNSPECIFIED.) CURVE() 
GEOMETRIC_REPRESENTATION_ITEM() RATIONAL_B_SPLINE_CURVE((1.,0.5,1.,0.5,
1.,0.5,1.)) REPRESENTATION_ITEM('') );
#8742 = CARTESIAN_POINT('',(1.108578643763,-1.441421356237));
#8743 = CARTESIAN_POINT('',(0.863629669484,-1.196472381959));
#8744 = CARTESIAN_POINT('',(1.198236190979,-1.106814834742));
#8745 = CARTESIAN_POINT('',(1.532842712475,-1.017157287525));
#8746 = CARTESIAN_POINT('',(1.443185165258,-1.35176380902));
#8747 = CARTESIAN_POINT('',(1.353527618041,-1.686370330515));
#8748 = CARTESIAN_POINT('',(1.108578643763,-1.441421356237));
#8749 = ( GEOMETRIC_REPRESENTATION_CONTEXT(2) 
PARAMETRIC_REPRESENTATION_CONTEXT() REPRESENTATION_CONTEXT('2D SPACE',''
  ) );
#8750 = PCURVE('',#6009,#8751);
#8751 = DEFINITIONAL_REPRESENTATION('',(#8752),#8756);
#8752 = LINE('',#8753,#8754);
#8753 = CARTESIAN_POINT('',(0.,2.5E-02));
#8754 = VECTOR('',#8755,1.);
#8755 = DIRECTION('',(1.,0.));
#8756 = ( GEOMETRIC_REPRESENTATION_CONTEXT(2) 
PARAMETRIC_REPRESENTATION_CONTEXT() REPRESENTATION_CONTEXT('2D SPACE',''
  ) );
#8757 = ORIENTED_EDGE('',*,*,#5795,.F.);
#8758 = ORIENTED_EDGE('',*,*,#8759,.F.);
#8759 = EDGE_CURVE('',#4698,#5796,#8760,.T.);
#8760 = SURFACE_CURVE('',#8761,(#8765,#8772),.PCURVE_S1.);
#8761 = LINE('',#8762,#8763);
#8762 = CARTESIAN_POINT('',(-1.49364916731,-1.8,5.041926223421));
#8763 = VECTOR('',#8764,1.);
#8764 = DIRECTION('',(0.,-1.,2.22044604925E-16));
#8765 = PCURVE('',#4470,#8766);
#8766 = DEFINITIONAL_REPRESENTATION('',(#8767),#8771);
#8767 = LINE('',#8768,#8769);
#8768 = CARTESIAN_POINT('',(1.1,-1.49364916731));
#8769 = VECTOR('',#8770,1.);
#8770 = DIRECTION('',(1.,0.));
#8771 = ( GEOMETRIC_REPRESENTATION_CONTEXT(2) 
PARAMETRIC_REPRESENTATION_CONTEXT() REPRESENTATION_CONTEXT('2D SPACE',''
  ) );
#8772 = PCURVE('',#4745,#8773);
#8773 = DEFINITIONAL_REPRESENTATION('',(#8774),#8778);
#8774 = LINE('',#8775,#8776);
#8775 = CARTESIAN_POINT('',(0.532717908255,0.3));
#8776 = VECTOR('',#8777,1.);
#8777 = DIRECTION('',(0.,-1.));
#8778 = ( GEOMETRIC_REPRESENTATION_CONTEXT(2) 
PARAMETRIC_REPRESENTATION_CONTEXT() REPRESENTATION_CONTEXT('2D SPACE',''
  ) );
#8779 = ORIENTED_EDGE('',*,*,#4779,.F.);
#8780 = ORIENTED_EDGE('',*,*,#8781,.T.);
#8781 = EDGE_CURVE('',#4780,#8782,#8784,.T.);
#8782 = VERTEX_POINT('',#8783);
#8783 = CARTESIAN_POINT('',(-2.3,-0.75,5.041926223421));
#8784 = SURFACE_CURVE('',#8785,(#8789,#8796),.PCURVE_S1.);
#8785 = LINE('',#8786,#8787);
#8786 = CARTESIAN_POINT('',(-2.3,-1.8,5.041926223421));
#8787 = VECTOR('',#8788,1.);
#8788 = DIRECTION('',(0.,1.,-2.22044604925E-16));
#8789 = PCURVE('',#4470,#8790);
#8790 = DEFINITIONAL_REPRESENTATION('',(#8791),#8795);
#8791 = LINE('',#8792,#8793);
#8792 = CARTESIAN_POINT('',(1.1,-2.3));
#8793 = VECTOR('',#8794,1.);
#8794 = DIRECTION('',(-1.,0.));
#8795 = ( GEOMETRIC_REPRESENTATION_CONTEXT(2) 
PARAMETRIC_REPRESENTATION_CONTEXT() REPRESENTATION_CONTEXT('2D SPACE',''
  ) );
#8796 = PCURVE('',#4819,#8797);
#8797 = DEFINITIONAL_REPRESENTATION('',(#8798),#8802);
#8798 = LINE('',#8799,#8800);
#8799 = CARTESIAN_POINT('',(-0.1,1.1));
#8800 = VECTOR('',#8801,1.);
#8801 = DIRECTION('',(-1.,0.));
#8802 = ( GEOMETRIC_REPRESENTATION_CONTEXT(2) 
PARAMETRIC_REPRESENTATION_CONTEXT() REPRESENTATION_CONTEXT('2D SPACE',''
  ) );
#8803 = ORIENTED_EDGE('',*,*,#8804,.T.);
#8804 = EDGE_CURVE('',#8782,#8805,#8807,.T.);
#8805 = VERTEX_POINT('',#8806);
#8806 = CARTESIAN_POINT('',(-1.4,-0.75,5.041926223421));
#8807 = SURFACE_CURVE('',#8808,(#8812,#8819),.PCURVE_S1.);
#8808 = LINE('',#8809,#8810);
#8809 = CARTESIAN_POINT('',(-2.3,-0.75,5.041926223421));
#8810 = VECTOR('',#8811,1.);
#8811 = DIRECTION('',(1.,0.,0.));
#8812 = PCURVE('',#4470,#8813);
#8813 = DEFINITIONAL_REPRESENTATION('',(#8814),#8818);
#8814 = LINE('',#8815,#8816);
#8815 = CARTESIAN_POINT('',(4.999999999998E-02,-2.3));
#8816 = VECTOR('',#8817,1.);
#8817 = DIRECTION('',(0.,1.));
#8818 = ( GEOMETRIC_REPRESENTATION_CONTEXT(2) 
PARAMETRIC_REPRESENTATION_CONTEXT() REPRESENTATION_CONTEXT('2D SPACE',''
  ) );
#8819 = PCURVE('',#8324,#8820);
#8820 = DEFINITIONAL_REPRESENTATION('',(#8821),#8825);
#8821 = LINE('',#8822,#8823);
#8822 = CARTESIAN_POINT('',(0.,0.));
#8823 = VECTOR('',#8824,1.);
#8824 = DIRECTION('',(-1.,0.));
#8825 = ( GEOMETRIC_REPRESENTATION_CONTEXT(2) 
PARAMETRIC_REPRESENTATION_CONTEXT() REPRESENTATION_CONTEXT('2D SPACE',''
  ) );
#8826 = ORIENTED_EDGE('',*,*,#8827,.T.);
#8827 = EDGE_CURVE('',#8805,#4447,#8828,.T.);
#8828 = SURFACE_CURVE('',#8829,(#8834,#8841),.PCURVE_S1.);
#8829 = CIRCLE('',#8830,9.999999999997E-02);
#8830 = AXIS2_PLACEMENT_3D('',#8831,#8832,#8833);
#8831 = CARTESIAN_POINT('',(-1.4,-0.65,5.041926223421));
#8832 = DIRECTION('',(0.,2.22044604925E-16,1.));
#8833 = DIRECTION('',(-1.,0.,0.));
#8834 = PCURVE('',#4470,#8835);
#8835 = DEFINITIONAL_REPRESENTATION('',(#8836),#8840);
#8836 = CIRCLE('',#8837,9.999999999997E-02);
#8837 = AXIS2_PLACEMENT_2D('',#8838,#8839);
#8838 = CARTESIAN_POINT('',(-4.999999999999E-02,-1.4));
#8839 = DIRECTION('',(0.,-1.));
#8840 = ( GEOMETRIC_REPRESENTATION_CONTEXT(2) 
PARAMETRIC_REPRESENTATION_CONTEXT() REPRESENTATION_CONTEXT('2D SPACE',''
  ) );
#8841 = PCURVE('',#4680,#8842);
#8842 = DEFINITIONAL_REPRESENTATION('',(#8843),#8847);
#8843 = LINE('',#8844,#8845);
#8844 = CARTESIAN_POINT('',(0.,0.));
#8845 = VECTOR('',#8846,1.);
#8846 = DIRECTION('',(1.,0.));
#8847 = ( GEOMETRIC_REPRESENTATION_CONTEXT(2) 
PARAMETRIC_REPRESENTATION_CONTEXT() REPRESENTATION_CONTEXT('2D SPACE',''
  ) );
#8848 = ORIENTED_EDGE('',*,*,#4446,.T.);
#8849 = ORIENTED_EDGE('',*,*,#8584,.T.);
#8850 = ORIENTED_EDGE('',*,*,#7824,.T.);
#8851 = ADVANCED_FACE('',(#8852),#6577,.F.);
#8852 = FACE_BOUND('',#8853,.T.);
#8853 = EDGE_LOOP('',(#8854,#8855,#8856,#8857,#8858,#8859));
#8854 = ORIENTED_EDGE('',*,*,#8176,.F.);
#8855 = ORIENTED_EDGE('',*,*,#6561,.F.);
#8856 = ORIENTED_EDGE('',*,*,#8613,.F.);
#8857 = ORIENTED_EDGE('',*,*,#8027,.F.);
#8858 = ORIENTED_EDGE('',*,*,#8099,.F.);
#8859 = ORIENTED_EDGE('',*,*,#8148,.F.);
#8860 = ADVANCED_FACE('',(#8861),#5538,.F.);
#8861 = FACE_BOUND('',#8862,.F.);
#8862 = EDGE_LOOP('',(#8863,#8864,#8888,#8911,#8933));
#8863 = ORIENTED_EDGE('',*,*,#5499,.F.);
#8864 = ORIENTED_EDGE('',*,*,#8865,.F.);
#8865 = EDGE_CURVE('',#8866,#5500,#8868,.T.);
#8866 = VERTEX_POINT('',#8867);
#8867 = CARTESIAN_POINT('',(1.3,-2.1,4.891926223421));
#8868 = SURFACE_CURVE('',#8869,(#8874,#8881),.PCURVE_S1.);
#8869 = CIRCLE('',#8870,0.2);
#8870 = AXIS2_PLACEMENT_3D('',#8871,#8872,#8873);
#8871 = CARTESIAN_POINT('',(1.3,-2.1,5.091926223421));
#8872 = DIRECTION('',(9.47335896082E-33,-1.,2.22044604925E-16));
#8873 = DIRECTION('',(0.707106781187,-1.570092458684E-16,-0.707106781187
    ));
#8874 = PCURVE('',#5538,#8875);
#8875 = DEFINITIONAL_REPRESENTATION('',(#8876),#8880);
#8876 = LINE('',#8877,#8878);
#8877 = CARTESIAN_POINT('',(6.28318530718,0.));
#8878 = VECTOR('',#8879,1.);
#8879 = DIRECTION('',(-1.,0.));
#8880 = ( GEOMETRIC_REPRESENTATION_CONTEXT(2) 
PARAMETRIC_REPRESENTATION_CONTEXT() REPRESENTATION_CONTEXT('2D SPACE',''
  ) );
#8881 = PCURVE('',#2737,#8882);
#8882 = DEFINITIONAL_REPRESENTATION('',(#8883),#8887);
#8883 = CIRCLE('',#8884,0.2);
#8884 = AXIS2_PLACEMENT_2D('',#8885,#8886);
#8885 = CARTESIAN_POINT('',(-0.5,2.25));
#8886 = DIRECTION('',(0.707106781187,-0.707106781187));
#8887 = ( GEOMETRIC_REPRESENTATION_CONTEXT(2) 
PARAMETRIC_REPRESENTATION_CONTEXT() REPRESENTATION_CONTEXT('2D SPACE',''
  ) );
#8888 = ORIENTED_EDGE('',*,*,#8889,.F.);
#8889 = EDGE_CURVE('',#8890,#8866,#8892,.T.);
#8890 = VERTEX_POINT('',#8891);
#8891 = CARTESIAN_POINT('',(1.3,-1.9,4.891926223421));
#8892 = SURFACE_CURVE('',#8893,(#8897,#8904),.PCURVE_S1.);
#8893 = LINE('',#8894,#8895);
#8894 = CARTESIAN_POINT('',(1.3,-1.9,4.891926223421));
#8895 = VECTOR('',#8896,1.);
#8896 = DIRECTION('',(0.,-1.,2.22044604925E-16));
#8897 = PCURVE('',#5538,#8898);
#8898 = DEFINITIONAL_REPRESENTATION('',(#8899),#8903);
#8899 = LINE('',#8900,#8901);
#8900 = CARTESIAN_POINT('',(0.785398163397,0.2));
#8901 = VECTOR('',#8902,1.);
#8902 = DIRECTION('',(0.,-1.));
#8903 = ( GEOMETRIC_REPRESENTATION_CONTEXT(2) 
PARAMETRIC_REPRESENTATION_CONTEXT() REPRESENTATION_CONTEXT('2D SPACE',''
  ) );
#8904 = PCURVE('',#5736,#8905);
#8905 = DEFINITIONAL_REPRESENTATION('',(#8906),#8910);
#8906 = LINE('',#8907,#8908);
#8907 = CARTESIAN_POINT('',(0.2,2.8));
#8908 = VECTOR('',#8909,1.);
#8909 = DIRECTION('',(-1.,0.));
#8910 = ( GEOMETRIC_REPRESENTATION_CONTEXT(2) 
PARAMETRIC_REPRESENTATION_CONTEXT() REPRESENTATION_CONTEXT('2D SPACE',''
  ) );
#8911 = ORIENTED_EDGE('',*,*,#8912,.F.);
#8912 = EDGE_CURVE('',#6310,#8890,#8913,.T.);
#8913 = SURFACE_CURVE('',#8914,(#8919,#8926),.PCURVE_S1.);
#8914 = CIRCLE('',#8915,0.2);
#8915 = AXIS2_PLACEMENT_3D('',#8916,#8917,#8918);
#8916 = CARTESIAN_POINT('',(1.3,-1.9,5.091926223421));
#8917 = DIRECTION('',(-9.47335896082E-33,1.,-2.22044604925E-16));
#8918 = DIRECTION('',(0.707106781187,-1.570092458684E-16,-0.707106781187
    ));
#8919 = PCURVE('',#5538,#8920);
#8920 = DEFINITIONAL_REPRESENTATION('',(#8921),#8925);
#8921 = LINE('',#8922,#8923);
#8922 = CARTESIAN_POINT('',(0.,0.2));
#8923 = VECTOR('',#8924,1.);
#8924 = DIRECTION('',(1.,0.));
#8925 = ( GEOMETRIC_REPRESENTATION_CONTEXT(2) 
PARAMETRIC_REPRESENTATION_CONTEXT() REPRESENTATION_CONTEXT('2D SPACE',''
  ) );
#8926 = PCURVE('',#2794,#8927);
#8927 = DEFINITIONAL_REPRESENTATION('',(#8928),#8932);
#8928 = CIRCLE('',#8929,0.2);
#8929 = AXIS2_PLACEMENT_2D('',#8930,#8931);
#8930 = CARTESIAN_POINT('',(-2.163157894737,2.228947368421));
#8931 = DIRECTION('',(-0.707106781187,-0.707106781187));
#8932 = ( GEOMETRIC_REPRESENTATION_CONTEXT(2) 
PARAMETRIC_REPRESENTATION_CONTEXT() REPRESENTATION_CONTEXT('2D SPACE',''
  ) );
#8933 = ORIENTED_EDGE('',*,*,#6356,.F.);
#8934 = ADVANCED_FACE('',(#8935),#4955,.F.);
#8935 = FACE_BOUND('',#8936,.F.);
#8936 = EDGE_LOOP('',(#8937,#8938,#8939,#8960,#8961,#9027));
#8937 = ORIENTED_EDGE('',*,*,#4914,.F.);
#8938 = ORIENTED_EDGE('',*,*,#8681,.F.);
#8939 = ORIENTED_EDGE('',*,*,#8940,.F.);
#8940 = EDGE_CURVE('',#8407,#8682,#8941,.T.);
#8941 = SURFACE_CURVE('',#8942,(#8946,#8953),.PCURVE_S1.);
#8942 = LINE('',#8943,#8944);
#8943 = CARTESIAN_POINT('',(1.3,-1.75,5.241926223421));
#8944 = VECTOR('',#8945,1.);
#8945 = DIRECTION('',(0.,-2.22044604925E-16,-1.));
#8946 = PCURVE('',#4955,#8947);
#8947 = DEFINITIONAL_REPRESENTATION('',(#8948),#8952);
#8948 = LINE('',#8949,#8950);
#8949 = CARTESIAN_POINT('',(0.785398163397,0.35));
#8950 = VECTOR('',#8951,1.);
#8951 = DIRECTION('',(0.,-1.));
#8952 = ( GEOMETRIC_REPRESENTATION_CONTEXT(2) 
PARAMETRIC_REPRESENTATION_CONTEXT() REPRESENTATION_CONTEXT('2D SPACE',''
  ) );
#8953 = PCURVE('',#8422,#8954);
#8954 = DEFINITIONAL_REPRESENTATION('',(#8955),#8959);
#8955 = LINE('',#8956,#8957);
#8956 = CARTESIAN_POINT('',(2.8,0.35));
#8957 = VECTOR('',#8958,1.);
#8958 = DIRECTION('',(0.,-1.));
#8959 = ( GEOMETRIC_REPRESENTATION_CONTEXT(2) 
PARAMETRIC_REPRESENTATION_CONTEXT() REPRESENTATION_CONTEXT('2D SPACE',''
  ) );
#8960 = ORIENTED_EDGE('',*,*,#8434,.F.);
#8961 = ORIENTED_EDGE('',*,*,#8962,.F.);
#8962 = EDGE_CURVE('',#6027,#8435,#8963,.T.);
#8963 = SURFACE_CURVE('',#8964,(#8969,#8998),.PCURVE_S1.);
#8964 = B_SPLINE_CURVE_WITH_KNOTS('',3,(#8965,#8966,#8967,#8968),
  .UNSPECIFIED.,.F.,.F.,(4,4),(1.713959464989,1.725830592672),
  .PIECEWISE_BEZIER_KNOTS.);
#8965 = CARTESIAN_POINT('',(1.441421356237,-1.808578643763,
    5.241803543123));
#8966 = CARTESIAN_POINT('',(1.438448140928,-1.805605428453,
    5.241888598421));
#8967 = CARTESIAN_POINT('',(1.435396535099,-1.802741853418,
    5.241926223421));
#8968 = CARTESIAN_POINT('',(1.432287565554,-1.8,5.241926223421));
#8969 = PCURVE('',#4955,#8970);
#8970 = DEFINITIONAL_REPRESENTATION('',(#8971),#8997);
#8971 = B_SPLINE_CURVE_WITH_KNOTS('',3,(#8972,#8973,#8974,#8975,#8976,
    #8977,#8978,#8979,#8980,#8981,#8982,#8983,#8984,#8985,#8986,#8987,
    #8988,#8989,#8990,#8991,#8992,#8993,#8994,#8995,#8996),
  .UNSPECIFIED.,.F.,.F.,(4,1,1,1,1,1,1,1,1,1,1,1,1,1,1,1,1,1,1,1,1,1,4),
  (1.713959464989,1.714499061702,1.715038658414,1.715578255127,
    1.71611785184,1.716657448553,1.717197045266,1.717736641979,
    1.718276238692,1.718815835404,1.719355432117,1.71989502883,
    1.720434625543,1.720974222256,1.721513818969,1.722053415682,
    1.722593012395,1.723132609107,1.72367220582,1.724211802533,
    1.724751399246,1.725290995959,1.725830592672),
  .QUASI_UNIFORM_KNOTS.);
#8972 = CARTESIAN_POINT('',(0.,0.349877319701));
#8973 = CARTESIAN_POINT('',(9.556275831999E-04,0.349881185851));
#8974 = CARTESIAN_POINT('',(2.866426243636E-03,0.349888722158));
#8975 = CARTESIAN_POINT('',(5.73121229842E-03,0.349899444165));
#8976 = CARTESIAN_POINT('',(8.594544050065E-03,0.349909589243));
#8977 = CARTESIAN_POINT('',(1.145637895382E-02,0.349919162917));
#8978 = CARTESIAN_POINT('',(1.431667435405E-02,0.349928170713));
#8979 = CARTESIAN_POINT('',(1.717538747193E-02,0.349936618156));
#8980 = CARTESIAN_POINT('',(2.003247541417E-02,0.349944510772));
#8981 = CARTESIAN_POINT('',(2.288789517619E-02,0.349951854084));
#8982 = CARTESIAN_POINT('',(2.574160364671E-02,0.349958653618));
#8983 = CARTESIAN_POINT('',(2.859355761199E-02,0.3499649149));
#8984 = CARTESIAN_POINT('',(3.144371376015E-02,0.349970643455));
#8985 = CARTESIAN_POINT('',(3.429202868547E-02,0.349975844807));
#8986 = CARTESIAN_POINT('',(3.713845889265E-02,0.349980524482));
#8987 = CARTESIAN_POINT('',(3.998296080109E-02,0.349984688005));
#8988 = CARTESIAN_POINT('',(4.282549074919E-02,0.349988340902));
#8989 = CARTESIAN_POINT('',(4.56660049985E-02,0.349991488696));
#8990 = CARTESIAN_POINT('',(4.850445973811E-02,0.349994136914));
#8991 = CARTESIAN_POINT('',(5.134081108867E-02,0.349996291081));
#8992 = CARTESIAN_POINT('',(5.417501510705E-02,0.349997956722));
#8993 = CARTESIAN_POINT('',(5.700702778895E-02,0.349999139361));
#8994 = CARTESIAN_POINT('',(5.983680507911E-02,0.349999844525));
#8995 = CARTESIAN_POINT('',(6.172180359483E-02,0.35));
#8996 = CARTESIAN_POINT('',(6.266391558243E-02,0.35));
#8997 = ( GEOMETRIC_REPRESENTATION_CONTEXT(2) 
PARAMETRIC_REPRESENTATION_CONTEXT() REPRESENTATION_CONTEXT('2D SPACE',''
  ) );
#8998 = PCURVE('',#5379,#8999);
#8999 = DEFINITIONAL_REPRESENTATION('',(#9000),#9026);
#9000 = B_SPLINE_CURVE_WITH_KNOTS('',3,(#9001,#9002,#9003,#9004,#9005,
    #9006,#9007,#9008,#9009,#9010,#9011,#9012,#9013,#9014,#9015,#9016,
    #9017,#9018,#9019,#9020,#9021,#9022,#9023,#9024,#9025),
  .UNSPECIFIED.,.F.,.F.,(4,1,1,1,1,1,1,1,1,1,1,1,1,1,1,1,1,1,1,1,1,1,4),
  (1.713959464989,1.714499061702,1.715038658414,1.715578255127,
    1.71611785184,1.716657448553,1.717197045266,1.717736641979,
    1.718276238692,1.718815835404,1.719355432117,1.71989502883,
    1.720434625543,1.720974222256,1.721513818969,1.722053415682,
    1.722593012395,1.723132609107,1.72367220582,1.724211802533,
    1.724751399246,1.725290995959,1.725830592672),
  .QUASI_UNIFORM_KNOTS.);
#9001 = CARTESIAN_POINT('',(5.52638652152,1.718921356237));
#9002 = CARTESIAN_POINT('',(5.525935850061,1.718786210087));
#9003 = CARTESIAN_POINT('',(5.525036035388,1.718515593858));
#9004 = CARTESIAN_POINT('',(5.523690917872,1.71810870958));
#9005 = CARTESIAN_POINT('',(5.522350424593,1.717700877216));
#9006 = CARTESIAN_POINT('',(5.521014575364,1.717292108613));
#9007 = CARTESIAN_POINT('',(5.519683390044,1.71688241562));
#9008 = CARTESIAN_POINT('',(5.518356888545,1.716471810085));
#9009 = CARTESIAN_POINT('',(5.517035090831,1.716060303857));
#9010 = CARTESIAN_POINT('',(5.515718016915,1.715647908783));
#9011 = CARTESIAN_POINT('',(5.514405686861,1.715234636713));
#9012 = CARTESIAN_POINT('',(5.513098120781,1.714820499495));
#9013 = CARTESIAN_POINT('',(5.511795338839,1.714405508976));
#9014 = CARTESIAN_POINT('',(5.510497361247,1.713989677005));
#9015 = CARTESIAN_POINT('',(5.509204208264,1.713573015431));
#9016 = CARTESIAN_POINT('',(5.5079159002,1.713155536102));
#9017 = CARTESIAN_POINT('',(5.506632457412,1.712737250865));
#9018 = CARTESIAN_POINT('',(5.505353900303,1.71231817157));
#9019 = CARTESIAN_POINT('',(5.504080249325,1.711898310065));
#9020 = CARTESIAN_POINT('',(5.502811524977,1.711477678197));
#9021 = CARTESIAN_POINT('',(5.501547747804,1.711056287816));
#9022 = CARTESIAN_POINT('',(5.500288938399,1.710634150769));
#9023 = CARTESIAN_POINT('',(5.499035117394,1.710211278906));
#9024 = CARTESIAN_POINT('',(5.498202576123,1.709928882351));
#9025 = CARTESIAN_POINT('',(5.497787143783,1.709787565553));
#9026 = ( GEOMETRIC_REPRESENTATION_CONTEXT(2) 
PARAMETRIC_REPRESENTATION_CONTEXT() REPRESENTATION_CONTEXT('2D SPACE',''
  ) );
#9027 = ORIENTED_EDGE('',*,*,#6285,.F.);
#9028 = ADVANCED_FACE('',(#9029),#5408,.F.);
#9029 = FACE_BOUND('',#9030,.T.);
#9030 = EDGE_LOOP('',(#9031,#9032,#9033,#9055));
#9031 = ORIENTED_EDGE('',*,*,#6334,.F.);
#9032 = ORIENTED_EDGE('',*,*,#5391,.F.);
#9033 = ORIENTED_EDGE('',*,*,#9034,.F.);
#9034 = EDGE_CURVE('',#6025,#5357,#9035,.T.);
#9035 = SURFACE_CURVE('',#9036,(#9041,#9048),.PCURVE_S1.);
#9036 = CIRCLE('',#9037,0.3);
#9037 = AXIS2_PLACEMENT_3D('',#9038,#9039,#9040);
#9038 = CARTESIAN_POINT('',(1.5,-1.8,4.941926223421));
#9039 = DIRECTION('',(1.,0.,0.));
#9040 = DIRECTION('',(0.,-0.707106781187,0.707106781187));
#9041 = PCURVE('',#5408,#9042);
#9042 = DEFINITIONAL_REPRESENTATION('',(#9043),#9047);
#9043 = CIRCLE('',#9044,0.3);
#9044 = AXIS2_PLACEMENT_2D('',#9045,#9046);
#9045 = CARTESIAN_POINT('',(0.3,5.E-02));
#9046 = DIRECTION('',(-0.707106781187,0.707106781187));
#9047 = ( GEOMETRIC_REPRESENTATION_CONTEXT(2) 
PARAMETRIC_REPRESENTATION_CONTEXT() REPRESENTATION_CONTEXT('2D SPACE',''
  ) );
#9048 = PCURVE('',#5379,#9049);
#9049 = DEFINITIONAL_REPRESENTATION('',(#9050),#9054);
#9050 = LINE('',#9051,#9052);
#9051 = CARTESIAN_POINT('',(8.881784197001E-16,1.7775));
#9052 = VECTOR('',#9053,1.);
#9053 = DIRECTION('',(1.,0.));
#9054 = ( GEOMETRIC_REPRESENTATION_CONTEXT(2) 
PARAMETRIC_REPRESENTATION_CONTEXT() REPRESENTATION_CONTEXT('2D SPACE',''
  ) );
#9055 = ORIENTED_EDGE('',*,*,#6100,.F.);
#9056 = ADVANCED_FACE('',(#9057),#5736,.F.);
#9057 = FACE_BOUND('',#9058,.T.);
#9058 = EDGE_LOOP('',(#9059,#9060,#9081,#9082));
#9059 = ORIENTED_EDGE('',*,*,#8889,.F.);
#9060 = ORIENTED_EDGE('',*,*,#9061,.F.);
#9061 = EDGE_CURVE('',#5697,#8890,#9062,.T.);
#9062 = SURFACE_CURVE('',#9063,(#9067,#9074),.PCURVE_S1.);
#9063 = LINE('',#9064,#9065);
#9064 = CARTESIAN_POINT('',(-1.3,-1.9,4.891926223421));
#9065 = VECTOR('',#9066,1.);
#9066 = DIRECTION('',(1.,0.,0.));
#9067 = PCURVE('',#5736,#9068);
#9068 = DEFINITIONAL_REPRESENTATION('',(#9069),#9073);
#9069 = LINE('',#9070,#9071);
#9070 = CARTESIAN_POINT('',(0.2,0.2));
#9071 = VECTOR('',#9072,1.);
#9072 = DIRECTION('',(0.,1.));
#9073 = ( GEOMETRIC_REPRESENTATION_CONTEXT(2) 
PARAMETRIC_REPRESENTATION_CONTEXT() REPRESENTATION_CONTEXT('2D SPACE',''
  ) );
#9074 = PCURVE('',#2794,#9075);
#9075 = DEFINITIONAL_REPRESENTATION('',(#9076),#9080);
#9076 = LINE('',#9077,#9078);
#9077 = CARTESIAN_POINT('',(0.436842105263,2.028947368421));
#9078 = VECTOR('',#9079,1.);
#9079 = DIRECTION('',(-1.,0.));
#9080 = ( GEOMETRIC_REPRESENTATION_CONTEXT(2) 
PARAMETRIC_REPRESENTATION_CONTEXT() REPRESENTATION_CONTEXT('2D SPACE',''
  ) );
#9081 = ORIENTED_EDGE('',*,*,#5720,.F.);
#9082 = ORIENTED_EDGE('',*,*,#9083,.F.);
#9083 = EDGE_CURVE('',#8866,#5721,#9084,.T.);
#9084 = SURFACE_CURVE('',#9085,(#9089,#9096),.PCURVE_S1.);
#9085 = LINE('',#9086,#9087);
#9086 = CARTESIAN_POINT('',(1.3,-2.1,4.891926223421));
#9087 = VECTOR('',#9088,1.);
#9088 = DIRECTION('',(-1.,0.,0.));
#9089 = PCURVE('',#5736,#9090);
#9090 = DEFINITIONAL_REPRESENTATION('',(#9091),#9095);
#9091 = LINE('',#9092,#9093);
#9092 = CARTESIAN_POINT('',(0.,2.8));
#9093 = VECTOR('',#9094,1.);
#9094 = DIRECTION('',(0.,-1.));
#9095 = ( GEOMETRIC_REPRESENTATION_CONTEXT(2) 
PARAMETRIC_REPRESENTATION_CONTEXT() REPRESENTATION_CONTEXT('2D SPACE',''
  ) );
#9096 = PCURVE('',#2737,#9097);
#9097 = DEFINITIONAL_REPRESENTATION('',(#9098),#9102);
#9098 = LINE('',#9099,#9100);
#9099 = CARTESIAN_POINT('',(-0.5,2.05));
#9100 = VECTOR('',#9101,1.);
#9101 = DIRECTION('',(-1.,0.));
#9102 = ( GEOMETRIC_REPRESENTATION_CONTEXT(2) 
PARAMETRIC_REPRESENTATION_CONTEXT() REPRESENTATION_CONTEXT('2D SPACE',''
  ) );
#9103 = ADVANCED_FACE('',(#9104),#6009,.F.);
#9104 = FACE_BOUND('',#9105,.F.);
#9105 = EDGE_LOOP('',(#9106,#9172,#9173,#9194,#9195));
#9106 = ORIENTED_EDGE('',*,*,#9107,.F.);
#9107 = EDGE_CURVE('',#8360,#5922,#9108,.T.);
#9108 = SURFACE_CURVE('',#9109,(#9114,#9143),.PCURVE_S1.);
#9109 = B_SPLINE_CURVE_WITH_KNOTS('',3,(#9110,#9111,#9112,#9113),
  .UNSPECIFIED.,.F.,.F.,(4,4),(0.759316629722,0.771187757405),
  .PIECEWISE_BEZIER_KNOTS.);
#9110 = CARTESIAN_POINT('',(-1.432287565553,-1.8,5.241926223421));
#9111 = CARTESIAN_POINT('',(-1.435396535099,-1.802741853418,
    5.241926223421));
#9112 = CARTESIAN_POINT('',(-1.438448140928,-1.805605428453,
    5.241888598421));
#9113 = CARTESIAN_POINT('',(-1.441421356237,-1.808578643763,
    5.241803543123));
#9114 = PCURVE('',#6009,#9115);
#9115 = DEFINITIONAL_REPRESENTATION('',(#9116),#9142);
#9116 = B_SPLINE_CURVE_WITH_KNOTS('',3,(#9117,#9118,#9119,#9120,#9121,
    #9122,#9123,#9124,#9125,#9126,#9127,#9128,#9129,#9130,#9131,#9132,
    #9133,#9134,#9135,#9136,#9137,#9138,#9139,#9140,#9141),
  .UNSPECIFIED.,.F.,.F.,(4,1,1,1,1,1,1,1,1,1,1,1,1,1,1,1,1,1,1,1,1,1,4),
  (0.759316629722,0.759856226434,0.760395823147,0.76093541986,
    0.761475016573,0.762014613286,0.762554209999,0.763093806712,
    0.763633403425,0.764173000137,0.76471259685,0.765252193563,
    0.765791790276,0.766331386989,0.766870983702,0.767410580415,
    0.767950177127,0.76848977384,0.769029370553,0.769568967266,
    0.770108563979,0.770648160692,0.771187757405),
  .QUASI_UNIFORM_KNOTS.);
#9117 = CARTESIAN_POINT('',(6.266391558243E-02,-0.175));
#9118 = CARTESIAN_POINT('',(6.172180359483E-02,-0.175));
#9119 = CARTESIAN_POINT('',(5.983680507911E-02,-0.174999844525));
#9120 = CARTESIAN_POINT('',(5.700702778895E-02,-0.174999139361));
#9121 = CARTESIAN_POINT('',(5.417501510705E-02,-0.174997956722));
#9122 = CARTESIAN_POINT('',(5.134081108866E-02,-0.174996291081));
#9123 = CARTESIAN_POINT('',(4.850445973811E-02,-0.174994136914));
#9124 = CARTESIAN_POINT('',(4.56660049985E-02,-0.174991488696));
#9125 = CARTESIAN_POINT('',(4.282549074918E-02,-0.174988340902));
#9126 = CARTESIAN_POINT('',(3.99829608011E-02,-0.174984688005));
#9127 = CARTESIAN_POINT('',(3.713845889265E-02,-0.174980524482));
#9128 = CARTESIAN_POINT('',(3.429202868547E-02,-0.174975844807));
#9129 = CARTESIAN_POINT('',(3.144371376015E-02,-0.174970643455));
#9130 = CARTESIAN_POINT('',(2.859355761199E-02,-0.1749649149));
#9131 = CARTESIAN_POINT('',(2.574160364671E-02,-0.174958653618));
#9132 = CARTESIAN_POINT('',(2.28878951762E-02,-0.174951854084));
#9133 = CARTESIAN_POINT('',(2.003247541418E-02,-0.174944510772));
#9134 = CARTESIAN_POINT('',(1.717538747193E-02,-0.174936618156));
#9135 = CARTESIAN_POINT('',(1.431667435405E-02,-0.174928170713));
#9136 = CARTESIAN_POINT('',(1.145637895382E-02,-0.174919162917));
#9137 = CARTESIAN_POINT('',(8.59454405007E-03,-0.174909589243));
#9138 = CARTESIAN_POINT('',(5.731212298425E-03,-0.174899444165));
#9139 = CARTESIAN_POINT('',(2.866426243643E-03,-0.174888722158));
#9140 = CARTESIAN_POINT('',(9.556275832033E-04,-0.174881185851));
#9141 = CARTESIAN_POINT('',(0.,-0.174877319701));
#9142 = ( GEOMETRIC_REPRESENTATION_CONTEXT(2) 
PARAMETRIC_REPRESENTATION_CONTEXT() REPRESENTATION_CONTEXT('2D SPACE',''
  ) );
#9143 = PCURVE('',#5116,#9144);
#9144 = DEFINITIONAL_REPRESENTATION('',(#9145),#9171);
#9145 = B_SPLINE_CURVE_WITH_KNOTS('',3,(#9146,#9147,#9148,#9149,#9150,
    #9151,#9152,#9153,#9154,#9155,#9156,#9157,#9158,#9159,#9160,#9161,
    #9162,#9163,#9164,#9165,#9166,#9167,#9168,#9169,#9170),
  .UNSPECIFIED.,.F.,.F.,(4,1,1,1,1,1,1,1,1,1,1,1,1,1,1,1,1,1,1,1,1,1,4),
  (0.759316629722,0.759856226434,0.760395823147,0.76093541986,
    0.761475016573,0.762014613286,0.762554209999,0.763093806712,
    0.763633403425,0.764173000137,0.76471259685,0.765252193563,
    0.765791790276,0.766331386989,0.766870983702,0.767410580415,
    0.767950177127,0.76848977384,0.769029370553,0.769568967266,
    0.770108563979,0.770648160692,0.771187757405),
  .QUASI_UNIFORM_KNOTS.);
#9146 = CARTESIAN_POINT('',(5.497787143783,-1.154787565554));
#9147 = CARTESIAN_POINT('',(5.498202576123,-1.154928882351));
#9148 = CARTESIAN_POINT('',(5.499035117394,-1.155211278906));
#9149 = CARTESIAN_POINT('',(5.500288938399,-1.15563415077));
#9150 = CARTESIAN_POINT('',(5.501547747804,-1.156056287816));
#9151 = CARTESIAN_POINT('',(5.502811524977,-1.156477678197));
#9152 = CARTESIAN_POINT('',(5.504080249325,-1.156898310065));
#9153 = CARTESIAN_POINT('',(5.505353900303,-1.15731817157));
#9154 = CARTESIAN_POINT('',(5.506632457412,-1.157737250865));
#9155 = CARTESIAN_POINT('',(5.5079159002,-1.158155536102));
#9156 = CARTESIAN_POINT('',(5.509204208264,-1.158573015431));
#9157 = CARTESIAN_POINT('',(5.510497361247,-1.158989677005));
#9158 = CARTESIAN_POINT('',(5.511795338839,-1.159405508976));
#9159 = CARTESIAN_POINT('',(5.513098120781,-1.159820499495));
#9160 = CARTESIAN_POINT('',(5.514405686861,-1.160234636713));
#9161 = CARTESIAN_POINT('',(5.515718016915,-1.160647908784));
#9162 = CARTESIAN_POINT('',(5.517035090831,-1.161060303857));
#9163 = CARTESIAN_POINT('',(5.518356888545,-1.161471810085));
#9164 = CARTESIAN_POINT('',(5.519683390044,-1.16188241562));
#9165 = CARTESIAN_POINT('',(5.521014575364,-1.162292108613));
#9166 = CARTESIAN_POINT('',(5.522350424593,-1.162700877216));
#9167 = CARTESIAN_POINT('',(5.523690917872,-1.16310870958));
#9168 = CARTESIAN_POINT('',(5.525036035388,-1.163515593858));
#9169 = CARTESIAN_POINT('',(5.525935850061,-1.163786210087));
#9170 = CARTESIAN_POINT('',(5.52638652152,-1.163921356237));
#9171 = ( GEOMETRIC_REPRESENTATION_CONTEXT(2) 
PARAMETRIC_REPRESENTATION_CONTEXT() REPRESENTATION_CONTEXT('2D SPACE',''
  ) );
#9172 = ORIENTED_EDGE('',*,*,#8382,.F.);
#9173 = ORIENTED_EDGE('',*,*,#9174,.F.);
#9174 = EDGE_CURVE('',#8710,#8383,#9175,.T.);
#9175 = SURFACE_CURVE('',#9176,(#9180,#9187),.PCURVE_S1.);
#9176 = LINE('',#9177,#9178);
#9177 = CARTESIAN_POINT('',(-1.3,-1.75,5.041926223421));
#9178 = VECTOR('',#9179,1.);
#9179 = DIRECTION('',(0.,2.22044604925E-16,1.));
#9180 = PCURVE('',#6009,#9181);
#9181 = DEFINITIONAL_REPRESENTATION('',(#9182),#9186);
#9182 = LINE('',#9183,#9184);
#9183 = CARTESIAN_POINT('',(0.785398163397,2.5E-02));
#9184 = VECTOR('',#9185,1.);
#9185 = DIRECTION('',(0.,-1.));
#9186 = ( GEOMETRIC_REPRESENTATION_CONTEXT(2) 
PARAMETRIC_REPRESENTATION_CONTEXT() REPRESENTATION_CONTEXT('2D SPACE',''
  ) );
#9187 = PCURVE('',#8422,#9188);
#9188 = DEFINITIONAL_REPRESENTATION('',(#9189),#9193);
#9189 = LINE('',#9190,#9191);
#9190 = CARTESIAN_POINT('',(0.2,0.15));
#9191 = VECTOR('',#9192,1.);
#9192 = DIRECTION('',(0.,1.));
#9193 = ( GEOMETRIC_REPRESENTATION_CONTEXT(2) 
PARAMETRIC_REPRESENTATION_CONTEXT() REPRESENTATION_CONTEXT('2D SPACE',''
  ) );
#9194 = ORIENTED_EDGE('',*,*,#8732,.F.);
#9195 = ORIENTED_EDGE('',*,*,#5995,.F.);
#9196 = ADVANCED_FACE('',(#9197),#4745,.F.);
#9197 = FACE_BOUND('',#9198,.F.);
#9198 = EDGE_LOOP('',(#9199,#9200,#9221,#9222,#9223,#9224,#9292));
#9199 = ORIENTED_EDGE('',*,*,#5252,.F.);
#9200 = ORIENTED_EDGE('',*,*,#9201,.F.);
#9201 = EDGE_CURVE('',#5831,#5253,#9202,.T.);
#9202 = SURFACE_CURVE('',#9203,(#9207,#9214),.PCURVE_S1.);
#9203 = LINE('',#9204,#9205);
#9204 = CARTESIAN_POINT('',(-1.5,-1.95,5.091926223421));
#9205 = VECTOR('',#9206,1.);
#9206 = DIRECTION('',(0.,-1.,2.22044604925E-16));
#9207 = PCURVE('',#4745,#9208);
#9208 = DEFINITIONAL_REPRESENTATION('',(#9209),#9213);
#9209 = LINE('',#9210,#9211);
#9210 = CARTESIAN_POINT('',(0.785398163397,0.15));
#9211 = VECTOR('',#9212,1.);
#9212 = DIRECTION('',(0.,-1.));
#9213 = ( GEOMETRIC_REPRESENTATION_CONTEXT(2) 
PARAMETRIC_REPRESENTATION_CONTEXT() REPRESENTATION_CONTEXT('2D SPACE',''
  ) );
#9214 = PCURVE('',#5341,#9215);
#9215 = DEFINITIONAL_REPRESENTATION('',(#9216),#9220);
#9216 = LINE('',#9217,#9218);
#9217 = CARTESIAN_POINT('',(-0.15,-0.15));
#9218 = VECTOR('',#9219,1.);
#9219 = DIRECTION('',(1.,0.));
#9220 = ( GEOMETRIC_REPRESENTATION_CONTEXT(2) 
PARAMETRIC_REPRESENTATION_CONTEXT() REPRESENTATION_CONTEXT('2D SPACE',''
  ) );
#9221 = ORIENTED_EDGE('',*,*,#5830,.F.);
#9222 = ORIENTED_EDGE('',*,*,#8759,.F.);
#9223 = ORIENTED_EDGE('',*,*,#4695,.F.);
#9224 = ORIENTED_EDGE('',*,*,#9225,.F.);
#9225 = EDGE_CURVE('',#5627,#4696,#9226,.T.);
#9226 = SURFACE_CURVE('',#9227,(#9234,#9263),.PCURVE_S1.);
#9227 = B_SPLINE_CURVE_WITH_KNOTS('',3,(#9228,#9229,#9230,#9231,#9232,
    #9233),.UNSPECIFIED.,.F.,.F.,(4,2,4),(0.458766781018,0.509099613934,
    0.53637081011),.UNSPECIFIED.);
#9228 = CARTESIAN_POINT('',(-1.441421356239,-1.89963135486,
    4.950504867186));
#9229 = CARTESIAN_POINT('',(-1.453656342743,-1.898577875352,
    4.96273985369));
#9230 = CARTESIAN_POINT('',(-1.465199099014,-1.89438734417,
    4.978188060027));
#9231 = CARTESIAN_POINT('',(-1.476900333505,-1.883017960217,
    4.998262226152));
#9232 = CARTESIAN_POINT('',(-1.480834991657,-1.877140412344,
    5.006207167312));
#9233 = CARTESIAN_POINT('',(-1.483611555818,-1.870710678136,
    5.012636901522));
#9234 = PCURVE('',#4745,#9235);
#9235 = DEFINITIONAL_REPRESENTATION('',(#9236),#9262);
#9236 = B_SPLINE_CURVE_WITH_KNOTS('',3,(#9237,#9238,#9239,#9240,#9241,
    #9242,#9243,#9244,#9245,#9246,#9247,#9248,#9249,#9250,#9251,#9252,
    #9253,#9254,#9255,#9256,#9257,#9258,#9259,#9260,#9261),
  .UNSPECIFIED.,.F.,.F.,(4,1,1,1,1,1,1,1,1,1,1,1,1,1,1,1,1,1,1,1,1,1,4),
  (0.458766781018,0.462294236886,0.465821692754,0.469349148622,
    0.472876604489,0.476404060357,0.479931516225,0.483458972093,
    0.486986427961,0.490513883829,0.494041339696,0.497568795564,
    0.501096251432,0.5046237073,0.508151163168,0.511678619035,
    0.515206074903,0.518733530771,0.522260986639,0.525788442507,
    0.529315898375,0.532843354242,0.53637081011),.QUASI_UNIFORM_KNOTS.);
#9237 = CARTESIAN_POINT('',(0.,0.200368645141));
#9238 = CARTESIAN_POINT('',(6.063027455931E-03,0.200442475725));
#9239 = CARTESIAN_POINT('',(1.827712611131E-02,0.200620952598));
#9240 = CARTESIAN_POINT('',(3.680505204844E-02,0.200981210917));
#9241 = CARTESIAN_POINT('',(5.548297313819E-02,0.201434108143));
#9242 = CARTESIAN_POINT('',(7.425210991634E-02,0.201979740167));
#9243 = CARTESIAN_POINT('',(9.30525959247E-02,0.202618202913));
#9244 = CARTESIAN_POINT('',(0.111823494615,0.203349592169));
#9245 = CARTESIAN_POINT('',(0.130503092322,0.204174004242));
#9246 = CARTESIAN_POINT('',(0.149029106987,0.205091533497));
#9247 = CARTESIAN_POINT('',(0.167339026009,0.206102281548));
#9248 = CARTESIAN_POINT('',(0.185370018274,0.207206322953));
#9249 = CARTESIAN_POINT('',(0.203060364245,0.208403833247));
#9250 = CARTESIAN_POINT('',(0.220345122189,0.209694611114));
#9251 = CARTESIAN_POINT('',(0.237173156221,0.211079861663));
#9252 = CARTESIAN_POINT('',(0.253444252137,0.212555541156));
#9253 = CARTESIAN_POINT('',(0.26924424441,0.214137194815));
#9254 = CARTESIAN_POINT('',(0.285441748526,0.215913020481));
#9255 = CARTESIAN_POINT('',(0.301653471606,0.2178431077));
#9256 = CARTESIAN_POINT('',(0.317774383353,0.219916253952));
#9257 = CARTESIAN_POINT('',(0.3336236331,0.222113564434));
#9258 = CARTESIAN_POINT('',(0.349040042075,0.224418205538));
#9259 = CARTESIAN_POINT('',(0.363857019518,0.226812791168));
#9260 = CARTESIAN_POINT('',(0.373225660777,0.22845765304));
#9261 = CARTESIAN_POINT('',(0.377755119252,0.229289321864));
#9262 = ( GEOMETRIC_REPRESENTATION_CONTEXT(2) 
PARAMETRIC_REPRESENTATION_CONTEXT() REPRESENTATION_CONTEXT('2D SPACE',''
  ) );
#9263 = PCURVE('',#4845,#9264);
#9264 = DEFINITIONAL_REPRESENTATION('',(#9265),#9291);
#9265 = B_SPLINE_CURVE_WITH_KNOTS('',3,(#9266,#9267,#9268,#9269,#9270,
    #9271,#9272,#9273,#9274,#9275,#9276,#9277,#9278,#9279,#9280,#9281,
    #9282,#9283,#9284,#9285,#9286,#9287,#9288,#9289,#9290),
  .UNSPECIFIED.,.F.,.F.,(4,1,1,1,1,1,1,1,1,1,1,1,1,1,1,1,1,1,1,1,1,1,4),
  (0.458766781018,0.462294236886,0.465821692754,0.469349148622,
    0.472876604489,0.476404060357,0.479931516225,0.483458972093,
    0.486986427961,0.490513883829,0.494041339696,0.497568795564,
    0.501096251432,0.5046237073,0.508151163168,0.511678619035,
    0.515206074903,0.518733530771,0.522260986639,0.525788442507,
    0.529315898375,0.532843354242,0.53637081011),.QUASI_UNIFORM_KNOTS.);
#9266 = CARTESIAN_POINT('',(0.699506154218,-1.00984240887));
#9267 = CARTESIAN_POINT('',(0.690899989768,-1.010699868553));
#9268 = CARTESIAN_POINT('',(0.673346144231,-1.012407988042));
#9269 = CARTESIAN_POINT('',(0.64607926657,-1.014943032152));
#9270 = CARTESIAN_POINT('',(0.617964007238,-1.017444205642));
#9271 = CARTESIAN_POINT('',(0.589090588994,-1.019904773008));
#9272 = CARTESIAN_POINT('',(0.559550441091,-1.022317998783));
#9273 = CARTESIAN_POINT('',(0.529435872209,-1.024677147364));
#9274 = CARTESIAN_POINT('',(0.498839256341,-1.026975483649));
#9275 = CARTESIAN_POINT('',(0.467852230322,-1.02920627067));
#9276 = CARTESIAN_POINT('',(0.436564553415,-1.031362778419));
#9277 = CARTESIAN_POINT('',(0.4050637513,-1.033438250919));
#9278 = CARTESIAN_POINT('',(0.373431642532,-1.035426029107));
#9279 = CARTESIAN_POINT('',(0.341752472162,-1.037319092232));
#9280 = CARTESIAN_POINT('',(0.310077882027,-1.039111769381));
#9281 = CARTESIAN_POINT('',(0.278553274637,-1.040793351975));
#9282 = CARTESIAN_POINT('',(0.246942274198,-1.042371932266));
#9283 = CARTESIAN_POINT('',(0.213500111808,-1.043941380639));
#9284 = CARTESIAN_POINT('',(0.178981119055,-1.045466165112));
#9285 = CARTESIAN_POINT('',(0.143586852481,-1.04693965949));
#9286 = CARTESIAN_POINT('',(0.107670126591,-1.048347492282));
#9287 = CARTESIAN_POINT('',(7.15407735718E-02,-1.049677367393));
#9288 = CARTESIAN_POINT('',(3.55136587327E-02,-1.050916432437));
#9289 = CARTESIAN_POINT('',(1.17603552196E-02,-1.051673467344));
#9290 = CARTESIAN_POINT('',(0.,-1.05203260845));
#9291 = ( GEOMETRIC_REPRESENTATION_CONTEXT(2) 
PARAMETRIC_REPRESENTATION_CONTEXT() REPRESENTATION_CONTEXT('2D SPACE',''
  ) );
#9292 = ORIENTED_EDGE('',*,*,#5771,.F.);
#9293 = ADVANCED_FACE('',(#9294),#5341,.F.);
#9294 = FACE_BOUND('',#9295,.T.);
#9295 = EDGE_LOOP('',(#9296,#9297,#9319,#9320));
#9296 = ORIENTED_EDGE('',*,*,#5898,.F.);
#9297 = ORIENTED_EDGE('',*,*,#9298,.F.);
#9298 = EDGE_CURVE('',#5096,#5899,#9299,.T.);
#9299 = SURFACE_CURVE('',#9300,(#9305,#9312),.PCURVE_S1.);
#9300 = CIRCLE('',#9301,0.3);
#9301 = AXIS2_PLACEMENT_3D('',#9302,#9303,#9304);
#9302 = CARTESIAN_POINT('',(-1.5,-1.8,4.941926223421));
#9303 = DIRECTION('',(-1.,0.,0.));
#9304 = DIRECTION('',(0.,-0.707106781187,0.707106781187));
#9305 = PCURVE('',#5341,#9306);
#9306 = DEFINITIONAL_REPRESENTATION('',(#9307),#9311);
#9307 = CIRCLE('',#9308,0.3);
#9308 = AXIS2_PLACEMENT_2D('',#9309,#9310);
#9309 = CARTESIAN_POINT('',(-0.3,-0.3));
#9310 = DIRECTION('',(0.707106781187,0.707106781187));
#9311 = ( GEOMETRIC_REPRESENTATION_CONTEXT(2) 
PARAMETRIC_REPRESENTATION_CONTEXT() REPRESENTATION_CONTEXT('2D SPACE',''
  ) );
#9312 = PCURVE('',#5116,#9313);
#9313 = DEFINITIONAL_REPRESENTATION('',(#9314),#9318);
#9314 = LINE('',#9315,#9316);
#9315 = CARTESIAN_POINT('',(6.28318530718,-1.2225));
#9316 = VECTOR('',#9317,1.);
#9317 = DIRECTION('',(-1.,0.));
#9318 = ( GEOMETRIC_REPRESENTATION_CONTEXT(2) 
PARAMETRIC_REPRESENTATION_CONTEXT() REPRESENTATION_CONTEXT('2D SPACE',''
  ) );
#9319 = ORIENTED_EDGE('',*,*,#5326,.F.);
#9320 = ORIENTED_EDGE('',*,*,#9201,.F.);
#9321 = ADVANCED_FACE('',(#9322),#5379,.T.);
#9322 = FACE_BOUND('',#9323,.T.);
#9323 = EDGE_LOOP('',(#9324,#9325,#9351,#9352,#9353,#9354));
#9324 = ORIENTED_EDGE('',*,*,#5356,.T.);
#9325 = ORIENTED_EDGE('',*,*,#9326,.T.);
#9326 = EDGE_CURVE('',#5359,#8459,#9327,.T.);
#9327 = SURFACE_CURVE('',#9328,(#9333,#9340),.PCURVE_S1.);
#9328 = CIRCLE('',#9329,0.3);
#9329 = AXIS2_PLACEMENT_3D('',#9330,#9331,#9332);
#9330 = CARTESIAN_POINT('',(2.3,-1.8,4.941926223421));
#9331 = DIRECTION('',(-1.,0.,0.));
#9332 = DIRECTION('',(0.,-0.707106781187,0.707106781187));
#9333 = PCURVE('',#5379,#9334);
#9334 = DEFINITIONAL_REPRESENTATION('',(#9335),#9339);
#9335 = LINE('',#9336,#9337);
#9336 = CARTESIAN_POINT('',(6.28318530718,2.5775));
#9337 = VECTOR('',#9338,1.);
#9338 = DIRECTION('',(-1.,0.));
#9339 = ( GEOMETRIC_REPRESENTATION_CONTEXT(2) 
PARAMETRIC_REPRESENTATION_CONTEXT() REPRESENTATION_CONTEXT('2D SPACE',''
  ) );
#9340 = PCURVE('',#3917,#9341);
#9341 = DEFINITIONAL_REPRESENTATION('',(#9342),#9350);
#9342 = ( BOUNDED_CURVE() B_SPLINE_CURVE(2,(#9343,#9344,#9345,#9346,
#9347,#9348,#9349),.UNSPECIFIED.,.T.,.F.) B_SPLINE_CURVE_WITH_KNOTS((1,2
    ,2,2,2,1),(-2.094395102393,0.,2.094395102393,4.188790204786,
6.28318530718,8.377580409573),.UNSPECIFIED.) CURVE() 
GEOMETRIC_REPRESENTATION_ITEM() RATIONAL_B_SPLINE_CURVE((1.,0.5,1.,0.5,
1.,0.5,1.)) REPRESENTATION_ITEM('') );
#9343 = CARTESIAN_POINT('',(-0.112132034356,-8.786796564404E-02));
#9344 = CARTESIAN_POINT('',(0.255291427062,0.279555495773));
#9345 = CARTESIAN_POINT('',(0.389777747887,-0.222354286469));
#9346 = CARTESIAN_POINT('',(0.524264068712,-0.724264068712));
#9347 = CARTESIAN_POINT('',(2.235428646924E-02,-0.589777747887));
#9348 = CARTESIAN_POINT('',(-0.479555495773,-0.455291427062));
#9349 = CARTESIAN_POINT('',(-0.112132034356,-8.786796564404E-02));
#9350 = ( GEOMETRIC_REPRESENTATION_CONTEXT(2) 
PARAMETRIC_REPRESENTATION_CONTEXT() REPRESENTATION_CONTEXT('2D SPACE',''
  ) );
#9351 = ORIENTED_EDGE('',*,*,#8458,.T.);
#9352 = ORIENTED_EDGE('',*,*,#8962,.F.);
#9353 = ORIENTED_EDGE('',*,*,#6024,.F.);
#9354 = ORIENTED_EDGE('',*,*,#9034,.T.);
#9355 = ADVANCED_FACE('',(#9356),#5116,.T.);
#9356 = FACE_BOUND('',#9357,.T.);
#9357 = EDGE_LOOP('',(#9358,#9359,#9360,#9361,#9362,#9363));
#9358 = ORIENTED_EDGE('',*,*,#5093,.T.);
#9359 = ORIENTED_EDGE('',*,*,#9298,.T.);
#9360 = ORIENTED_EDGE('',*,*,#5921,.F.);
#9361 = ORIENTED_EDGE('',*,*,#9107,.F.);
#9362 = ORIENTED_EDGE('',*,*,#8359,.F.);
#9363 = ORIENTED_EDGE('',*,*,#9364,.T.);
#9364 = EDGE_CURVE('',#8337,#5094,#9365,.T.);
#9365 = SURFACE_CURVE('',#9366,(#9371,#9378),.PCURVE_S1.);
#9366 = CIRCLE('',#9367,0.3);
#9367 = AXIS2_PLACEMENT_3D('',#9368,#9369,#9370);
#9368 = CARTESIAN_POINT('',(-2.3,-1.8,4.941926223421));
#9369 = DIRECTION('',(1.,0.,0.));
#9370 = DIRECTION('',(0.,-0.707106781187,0.707106781187));
#9371 = PCURVE('',#5116,#9372);
#9372 = DEFINITIONAL_REPRESENTATION('',(#9373),#9377);
#9373 = LINE('',#9374,#9375);
#9374 = CARTESIAN_POINT('',(0.,-2.0225));
#9375 = VECTOR('',#9376,1.);
#9376 = DIRECTION('',(1.,0.));
#9377 = ( GEOMETRIC_REPRESENTATION_CONTEXT(2) 
PARAMETRIC_REPRESENTATION_CONTEXT() REPRESENTATION_CONTEXT('2D SPACE',''
  ) );
#9378 = PCURVE('',#4819,#9379);
#9379 = DEFINITIONAL_REPRESENTATION('',(#9380),#9388);
#9380 = ( BOUNDED_CURVE() B_SPLINE_CURVE(2,(#9381,#9382,#9383,#9384,
#9385,#9386,#9387),.UNSPECIFIED.,.T.,.F.) B_SPLINE_CURVE_WITH_KNOTS((1,2
    ,2,2,2,1),(-2.094395102393,0.,2.094395102393,4.188790204786,
6.28318530718,8.377580409573),.UNSPECIFIED.) CURVE() 
GEOMETRIC_REPRESENTATION_ITEM() RATIONAL_B_SPLINE_CURVE((1.,0.5,1.,0.5,
1.,0.5,1.)) REPRESENTATION_ITEM('') );
#9381 = CARTESIAN_POINT('',(0.112132034356,1.212132034356));
#9382 = CARTESIAN_POINT('',(0.479555495773,0.844708572939));
#9383 = CARTESIAN_POINT('',(-2.235428646924E-02,0.710222252113));
#9384 = CARTESIAN_POINT('',(-0.524264068712,0.575735931288));
#9385 = CARTESIAN_POINT('',(-0.389777747887,1.077645713531));
#9386 = CARTESIAN_POINT('',(-0.255291427062,1.579555495774));
#9387 = CARTESIAN_POINT('',(0.112132034356,1.212132034356));
#9388 = ( GEOMETRIC_REPRESENTATION_CONTEXT(2) 
PARAMETRIC_REPRESENTATION_CONTEXT() REPRESENTATION_CONTEXT('2D SPACE',''
  ) );
#9389 = ADVANCED_FACE('',(#9390),#5078,.F.);
#9390 = FACE_BOUND('',#9391,.F.);
#9391 = EDGE_LOOP('',(#9392,#9393,#9416,#9438));
#9392 = ORIENTED_EDGE('',*,*,#6214,.T.);
#9393 = ORIENTED_EDGE('',*,*,#9394,.F.);
#9394 = EDGE_CURVE('',#9395,#6192,#9397,.T.);
#9395 = VERTEX_POINT('',#9396);
#9396 = CARTESIAN_POINT('',(2.3,-1.9,4.941926223421));
#9397 = SURFACE_CURVE('',#9398,(#9402,#9409),.PCURVE_S1.);
#9398 = LINE('',#9399,#9400);
#9399 = CARTESIAN_POINT('',(2.3,-1.9,4.941926223421));
#9400 = VECTOR('',#9401,1.);
#9401 = DIRECTION('',(-1.,0.,0.));
#9402 = PCURVE('',#5078,#9403);
#9403 = DEFINITIONAL_REPRESENTATION('',(#9404),#9408);
#9404 = LINE('',#9405,#9406);
#9405 = CARTESIAN_POINT('',(0.785398163397,2.731578947368));
#9406 = VECTOR('',#9407,1.);
#9407 = DIRECTION('',(0.,-1.));
#9408 = ( GEOMETRIC_REPRESENTATION_CONTEXT(2) 
PARAMETRIC_REPRESENTATION_CONTEXT() REPRESENTATION_CONTEXT('2D SPACE',''
  ) );
#9409 = PCURVE('',#2794,#9410);
#9410 = DEFINITIONAL_REPRESENTATION('',(#9411),#9415);
#9411 = LINE('',#9412,#9413);
#9412 = CARTESIAN_POINT('',(-3.163157894737,2.078947368421));
#9413 = VECTOR('',#9414,1.);
#9414 = DIRECTION('',(1.,0.));
#9415 = ( GEOMETRIC_REPRESENTATION_CONTEXT(2) 
PARAMETRIC_REPRESENTATION_CONTEXT() REPRESENTATION_CONTEXT('2D SPACE',''
  ) );
#9416 = ORIENTED_EDGE('',*,*,#9417,.F.);
#9417 = EDGE_CURVE('',#4863,#9395,#9418,.T.);
#9418 = SURFACE_CURVE('',#9419,(#9424,#9431),.PCURVE_S1.);
#9419 = CIRCLE('',#9420,0.1);
#9420 = AXIS2_PLACEMENT_3D('',#9421,#9422,#9423);
#9421 = CARTESIAN_POINT('',(2.3,-1.8,4.941926223421));
#9422 = DIRECTION('',(1.,0.,0.));
#9423 = DIRECTION('',(0.,-0.707106781187,0.707106781187));
#9424 = PCURVE('',#5078,#9425);
#9425 = DEFINITIONAL_REPRESENTATION('',(#9426),#9430);
#9426 = LINE('',#9427,#9428);
#9427 = CARTESIAN_POINT('',(0.,2.731578947368));
#9428 = VECTOR('',#9429,1.);
#9429 = DIRECTION('',(1.,0.));
#9430 = ( GEOMETRIC_REPRESENTATION_CONTEXT(2) 
PARAMETRIC_REPRESENTATION_CONTEXT() REPRESENTATION_CONTEXT('2D SPACE',''
  ) );
#9431 = PCURVE('',#3917,#9432);
#9432 = DEFINITIONAL_REPRESENTATION('',(#9433),#9437);
#9433 = CIRCLE('',#9434,0.1);
#9434 = AXIS2_PLACEMENT_2D('',#9435,#9436);
#9435 = CARTESIAN_POINT('',(0.1,-0.3));
#9436 = DIRECTION('',(-0.707106781187,0.707106781187));
#9437 = ( GEOMETRIC_REPRESENTATION_CONTEXT(2) 
PARAMETRIC_REPRESENTATION_CONTEXT() REPRESENTATION_CONTEXT('2D SPACE',''
  ) );
#9438 = ORIENTED_EDGE('',*,*,#5064,.F.);
#9439 = ADVANCED_FACE('',(#9440),#4845,.F.);
#9440 = FACE_BOUND('',#9441,.F.);
#9441 = EDGE_LOOP('',(#9442,#9466,#9487,#9488,#9489));
#9442 = ORIENTED_EDGE('',*,*,#9443,.F.);
#9443 = EDGE_CURVE('',#9444,#4803,#9446,.T.);
#9444 = VERTEX_POINT('',#9445);
#9445 = CARTESIAN_POINT('',(-2.3,-1.9,4.941926223421));
#9446 = SURFACE_CURVE('',#9447,(#9452,#9459),.PCURVE_S1.);
#9447 = CIRCLE('',#9448,0.1);
#9448 = AXIS2_PLACEMENT_3D('',#9449,#9450,#9451);
#9449 = CARTESIAN_POINT('',(-2.3,-1.8,4.941926223421));
#9450 = DIRECTION('',(-1.,0.,0.));
#9451 = DIRECTION('',(0.,-0.707106781187,0.707106781187));
#9452 = PCURVE('',#4845,#9453);
#9453 = DEFINITIONAL_REPRESENTATION('',(#9454),#9458);
#9454 = LINE('',#9455,#9456);
#9455 = CARTESIAN_POINT('',(6.28318530718,-1.868421052632));
#9456 = VECTOR('',#9457,1.);
#9457 = DIRECTION('',(-1.,0.));
#9458 = ( GEOMETRIC_REPRESENTATION_CONTEXT(2) 
PARAMETRIC_REPRESENTATION_CONTEXT() REPRESENTATION_CONTEXT('2D SPACE',''
  ) );
#9459 = PCURVE('',#4819,#9460);
#9460 = DEFINITIONAL_REPRESENTATION('',(#9461),#9465);
#9461 = CIRCLE('',#9462,0.1);
#9462 = AXIS2_PLACEMENT_2D('',#9463,#9464);
#9463 = CARTESIAN_POINT('',(-0.1,1.));
#9464 = DIRECTION('',(0.707106781187,0.707106781187));
#9465 = ( GEOMETRIC_REPRESENTATION_CONTEXT(2) 
PARAMETRIC_REPRESENTATION_CONTEXT() REPRESENTATION_CONTEXT('2D SPACE',''
  ) );
#9466 = ORIENTED_EDGE('',*,*,#9467,.F.);
#9467 = EDGE_CURVE('',#5625,#9444,#9468,.T.);
#9468 = SURFACE_CURVE('',#9469,(#9473,#9480),.PCURVE_S1.);
#9469 = LINE('',#9470,#9471);
#9470 = CARTESIAN_POINT('',(-1.432287565553,-1.9,4.941926223421));
#9471 = VECTOR('',#9472,1.);
#9472 = DIRECTION('',(-1.,0.,0.));
#9473 = PCURVE('',#4845,#9474);
#9474 = DEFINITIONAL_REPRESENTATION('',(#9475),#9479);
#9475 = LINE('',#9476,#9477);
#9476 = CARTESIAN_POINT('',(0.785398163397,-1.000708618185));
#9477 = VECTOR('',#9478,1.);
#9478 = DIRECTION('',(0.,-1.));
#9479 = ( GEOMETRIC_REPRESENTATION_CONTEXT(2) 
PARAMETRIC_REPRESENTATION_CONTEXT() REPRESENTATION_CONTEXT('2D SPACE',''
  ) );
#9480 = PCURVE('',#2794,#9481);
#9481 = DEFINITIONAL_REPRESENTATION('',(#9482),#9486);
#9482 = LINE('',#9483,#9484);
#9483 = CARTESIAN_POINT('',(0.569129670816,2.078947368421));
#9484 = VECTOR('',#9485,1.);
#9485 = DIRECTION('',(1.,0.));
#9486 = ( GEOMETRIC_REPRESENTATION_CONTEXT(2) 
PARAMETRIC_REPRESENTATION_CONTEXT() REPRESENTATION_CONTEXT('2D SPACE',''
  ) );
#9487 = ORIENTED_EDGE('',*,*,#5624,.T.);
#9488 = ORIENTED_EDGE('',*,*,#9225,.T.);
#9489 = ORIENTED_EDGE('',*,*,#4831,.F.);
#9490 = ADVANCED_FACE('',(#9491,#10089),#2794,.T.);
#9491 = FACE_BOUND('',#9492,.T.);
#9492 = EDGE_LOOP('',(#9493,#9494,#9515,#9516,#9540,#9561,#9562,#9590,
    #9611,#9612,#9640,#9661,#9662,#9686,#9707,#9708,#9736,#9757,#9758,
    #9786,#9807,#9808,#9832,#9855,#9878,#9899,#9900,#9924,#9945,#9946,
    #9970,#9993,#10016,#10037,#10038,#10062,#10083,#10084,#10085,#10086,
    #10087,#10088));
#9493 = ORIENTED_EDGE('',*,*,#9394,.F.);
#9494 = ORIENTED_EDGE('',*,*,#9495,.T.);
#9495 = EDGE_CURVE('',#9395,#3902,#9496,.T.);
#9496 = SURFACE_CURVE('',#9497,(#9501,#9508),.PCURVE_S1.);
#9497 = LINE('',#9498,#9499);
#9498 = CARTESIAN_POINT('',(2.3,-1.9,4.941926223421));
#9499 = VECTOR('',#9500,1.);
#9500 = DIRECTION('',(0.,-2.22044604925E-16,-1.));
#9501 = PCURVE('',#2794,#9502);
#9502 = DEFINITIONAL_REPRESENTATION('',(#9503),#9507);
#9503 = LINE('',#9504,#9505);
#9504 = CARTESIAN_POINT('',(-3.163157894737,2.078947368421));
#9505 = VECTOR('',#9506,1.);
#9506 = DIRECTION('',(0.,-1.));
#9507 = ( GEOMETRIC_REPRESENTATION_CONTEXT(2) 
PARAMETRIC_REPRESENTATION_CONTEXT() REPRESENTATION_CONTEXT('2D SPACE',''
  ) );
#9508 = PCURVE('',#3917,#9509);
#9509 = DEFINITIONAL_REPRESENTATION('',(#9510),#9514);
#9510 = LINE('',#9511,#9512);
#9511 = CARTESIAN_POINT('',(0.,-0.3));
#9512 = VECTOR('',#9513,1.);
#9513 = DIRECTION('',(0.,-1.));
#9514 = ( GEOMETRIC_REPRESENTATION_CONTEXT(2) 
PARAMETRIC_REPRESENTATION_CONTEXT() REPRESENTATION_CONTEXT('2D SPACE',''
  ) );
#9515 = ORIENTED_EDGE('',*,*,#3929,.F.);
#9516 = ORIENTED_EDGE('',*,*,#9517,.F.);
#9517 = EDGE_CURVE('',#9518,#3930,#9520,.T.);
#9518 = VERTEX_POINT('',#9519);
#9519 = CARTESIAN_POINT('',(2.5,-1.9,3.941926223421));
#9520 = SURFACE_CURVE('',#9521,(#9526,#9533),.PCURVE_S1.);
#9521 = CIRCLE('',#9522,0.2);
#9522 = AXIS2_PLACEMENT_3D('',#9523,#9524,#9525);
#9523 = CARTESIAN_POINT('',(2.5,-1.9,4.141926223421));
#9524 = DIRECTION('',(9.47335896082E-33,1.,-2.22044604925E-16));
#9525 = DIRECTION('',(-0.707106781187,-1.570092458684E-16,
    -0.707106781187));
#9526 = PCURVE('',#2794,#9527);
#9527 = DEFINITIONAL_REPRESENTATION('',(#9528),#9532);
#9528 = CIRCLE('',#9529,0.2);
#9529 = AXIS2_PLACEMENT_2D('',#9530,#9531);
#9530 = CARTESIAN_POINT('',(-3.363157894737,1.278947368421));
#9531 = DIRECTION('',(0.707106781187,-0.707106781187));
#9532 = ( GEOMETRIC_REPRESENTATION_CONTEXT(2) 
PARAMETRIC_REPRESENTATION_CONTEXT() REPRESENTATION_CONTEXT('2D SPACE',''
  ) );
#9533 = PCURVE('',#3967,#9534);
#9534 = DEFINITIONAL_REPRESENTATION('',(#9535),#9539);
#9535 = LINE('',#9536,#9537);
#9536 = CARTESIAN_POINT('',(6.28318530718,0.));
#9537 = VECTOR('',#9538,1.);
#9538 = DIRECTION('',(-1.,0.));
#9539 = ( GEOMETRIC_REPRESENTATION_CONTEXT(2) 
PARAMETRIC_REPRESENTATION_CONTEXT() REPRESENTATION_CONTEXT('2D SPACE',''
  ) );
#9540 = ORIENTED_EDGE('',*,*,#9541,.T.);
#9541 = EDGE_CURVE('',#9518,#3786,#9542,.T.);
#9542 = SURFACE_CURVE('',#9543,(#9547,#9554),.PCURVE_S1.);
#9543 = LINE('',#9544,#9545);
#9544 = CARTESIAN_POINT('',(2.5,-1.9,3.941926223421));
#9545 = VECTOR('',#9546,1.);
#9546 = DIRECTION('',(1.,0.,0.));
#9547 = PCURVE('',#2794,#9548);
#9548 = DEFINITIONAL_REPRESENTATION('',(#9549),#9553);
#9549 = LINE('',#9550,#9551);
#9550 = CARTESIAN_POINT('',(-3.363157894737,1.078947368421));
#9551 = VECTOR('',#9552,1.);
#9552 = DIRECTION('',(-1.,0.));
#9553 = ( GEOMETRIC_REPRESENTATION_CONTEXT(2) 
PARAMETRIC_REPRESENTATION_CONTEXT() REPRESENTATION_CONTEXT('2D SPACE',''
  ) );
#9554 = PCURVE('',#3829,#9555);
#9555 = DEFINITIONAL_REPRESENTATION('',(#9556),#9560);
#9556 = LINE('',#9557,#9558);
#9557 = CARTESIAN_POINT('',(0.,0.2));
#9558 = VECTOR('',#9559,1.);
#9559 = DIRECTION('',(0.,1.));
#9560 = ( GEOMETRIC_REPRESENTATION_CONTEXT(2) 
PARAMETRIC_REPRESENTATION_CONTEXT() REPRESENTATION_CONTEXT('2D SPACE',''
  ) );
#9561 = ORIENTED_EDGE('',*,*,#3785,.F.);
#9562 = ORIENTED_EDGE('',*,*,#9563,.F.);
#9563 = EDGE_CURVE('',#9564,#3751,#9566,.T.);
#9564 = VERTEX_POINT('',#9565);
#9565 = CARTESIAN_POINT('',(2.8,-1.9,3.741926223421));
#9566 = SURFACE_CURVE('',#9567,(#9572,#9583),.PCURVE_S1.);
#9567 = CIRCLE('',#9568,0.2);
#9568 = AXIS2_PLACEMENT_3D('',#9569,#9570,#9571);
#9569 = CARTESIAN_POINT('',(2.6,-1.9,3.741926223421));
#9570 = DIRECTION('',(-2.252983656874E-33,-1.,2.22044604925E-16));
#9571 = DIRECTION('',(0.707106781187,1.570092458684E-16,0.707106781187)
  );
#9572 = PCURVE('',#2794,#9573);
#9573 = DEFINITIONAL_REPRESENTATION('',(#9574),#9582);
#9574 = ( BOUNDED_CURVE() B_SPLINE_CURVE(2,(#9575,#9576,#9577,#9578,
#9579,#9580,#9581),.UNSPECIFIED.,.T.,.F.) B_SPLINE_CURVE_WITH_KNOTS((1,2
    ,2,2,2,1),(-2.094395102393,0.,2.094395102393,4.188790204786,
6.28318530718,8.377580409573),.UNSPECIFIED.) CURVE() 
GEOMETRIC_REPRESENTATION_ITEM() RATIONAL_B_SPLINE_CURVE((1.,0.5,1.,0.5,
1.,0.5,1.)) REPRESENTATION_ITEM('') );
#9575 = CARTESIAN_POINT('',(-3.604579250974,1.020368724658));
#9576 = CARTESIAN_POINT('',(-3.359630276696,1.265317698937));
#9577 = CARTESIAN_POINT('',(-3.269972729479,0.930711177441));
#9578 = CARTESIAN_POINT('',(-3.180315182262,0.596104655946));
#9579 = CARTESIAN_POINT('',(-3.514921703757,0.685762203163));
#9580 = CARTESIAN_POINT('',(-3.849528225252,0.77541975038));
#9581 = CARTESIAN_POINT('',(-3.604579250974,1.020368724658));
#9582 = ( GEOMETRIC_REPRESENTATION_CONTEXT(2) 
PARAMETRIC_REPRESENTATION_CONTEXT() REPRESENTATION_CONTEXT('2D SPACE',''
  ) );
#9583 = PCURVE('',#3773,#9584);
#9584 = DEFINITIONAL_REPRESENTATION('',(#9585),#9589);
#9585 = LINE('',#9586,#9587);
#9586 = CARTESIAN_POINT('',(0.,0.));
#9587 = VECTOR('',#9588,1.);
#9588 = DIRECTION('',(1.,0.));
#9589 = ( GEOMETRIC_REPRESENTATION_CONTEXT(2) 
PARAMETRIC_REPRESENTATION_CONTEXT() REPRESENTATION_CONTEXT('2D SPACE',''
  ) );
#9590 = ORIENTED_EDGE('',*,*,#9591,.T.);
#9591 = EDGE_CURVE('',#9564,#3666,#9592,.T.);
#9592 = SURFACE_CURVE('',#9593,(#9597,#9604),.PCURVE_S1.);
#9593 = LINE('',#9594,#9595);
#9594 = CARTESIAN_POINT('',(2.8,-1.9,3.741926223421));
#9595 = VECTOR('',#9596,1.);
#9596 = DIRECTION('',(0.,-2.22044604925E-16,-1.));
#9597 = PCURVE('',#2794,#9598);
#9598 = DEFINITIONAL_REPRESENTATION('',(#9599),#9603);
#9599 = LINE('',#9600,#9601);
#9600 = CARTESIAN_POINT('',(-3.663157894737,0.878947368421));
#9601 = VECTOR('',#9602,1.);
#9602 = DIRECTION('',(0.,-1.));
#9603 = ( GEOMETRIC_REPRESENTATION_CONTEXT(2) 
PARAMETRIC_REPRESENTATION_CONTEXT() REPRESENTATION_CONTEXT('2D SPACE',''
  ) );
#9604 = PCURVE('',#3709,#9605);
#9605 = DEFINITIONAL_REPRESENTATION('',(#9606),#9610);
#9606 = LINE('',#9607,#9608);
#9607 = CARTESIAN_POINT('',(0.,-0.2));
#9608 = VECTOR('',#9609,1.);
#9609 = DIRECTION('',(0.,-1.));
#9610 = ( GEOMETRIC_REPRESENTATION_CONTEXT(2) 
PARAMETRIC_REPRESENTATION_CONTEXT() REPRESENTATION_CONTEXT('2D SPACE',''
  ) );
#9611 = ORIENTED_EDGE('',*,*,#3665,.F.);
#9612 = ORIENTED_EDGE('',*,*,#9613,.F.);
#9613 = EDGE_CURVE('',#9614,#3631,#9616,.T.);
#9614 = VERTEX_POINT('',#9615);
#9615 = CARTESIAN_POINT('',(2.6,-1.9,1.741926223421));
#9616 = SURFACE_CURVE('',#9617,(#9622,#9633),.PCURVE_S1.);
#9617 = CIRCLE('',#9618,0.2);
#9618 = AXIS2_PLACEMENT_3D('',#9619,#9620,#9621);
#9619 = CARTESIAN_POINT('',(2.6,-1.9,1.941926223421));
#9620 = DIRECTION('',(2.252983656874E-33,-1.,2.22044604925E-16));
#9621 = DIRECTION('',(0.707106781187,-1.570092458684E-16,-0.707106781187
    ));
#9622 = PCURVE('',#2794,#9623);
#9623 = DEFINITIONAL_REPRESENTATION('',(#9624),#9632);
#9624 = ( BOUNDED_CURVE() B_SPLINE_CURVE(2,(#9625,#9626,#9627,#9628,
#9629,#9630,#9631),.UNSPECIFIED.,.T.,.F.) B_SPLINE_CURVE_WITH_KNOTS((1,2
    ,2,2,2,1),(-2.094395102393,0.,2.094395102393,4.188790204786,
6.28318530718,8.377580409573),.UNSPECIFIED.) CURVE() 
GEOMETRIC_REPRESENTATION_ITEM() RATIONAL_B_SPLINE_CURVE((1.,0.5,1.,0.5,
1.,0.5,1.)) REPRESENTATION_ITEM('') );
#9625 = CARTESIAN_POINT('',(-3.604579250974,-1.062473987816));
#9626 = CARTESIAN_POINT('',(-3.849528225252,-0.817525013538));
#9627 = CARTESIAN_POINT('',(-3.514921703757,-0.727867466321));
#9628 = CARTESIAN_POINT('',(-3.180315182262,-0.638209919104));
#9629 = CARTESIAN_POINT('',(-3.269972729479,-0.972816440599));
#9630 = CARTESIAN_POINT('',(-3.359630276696,-1.307422962095));
#9631 = CARTESIAN_POINT('',(-3.604579250974,-1.062473987816));
#9632 = ( GEOMETRIC_REPRESENTATION_CONTEXT(2) 
PARAMETRIC_REPRESENTATION_CONTEXT() REPRESENTATION_CONTEXT('2D SPACE',''
  ) );
#9633 = PCURVE('',#3653,#9634);
#9634 = DEFINITIONAL_REPRESENTATION('',(#9635),#9639);
#9635 = LINE('',#9636,#9637);
#9636 = CARTESIAN_POINT('',(-8.881784197001E-16,0.));
#9637 = VECTOR('',#9638,1.);
#9638 = DIRECTION('',(1.,0.));
#9639 = ( GEOMETRIC_REPRESENTATION_CONTEXT(2) 
PARAMETRIC_REPRESENTATION_CONTEXT() REPRESENTATION_CONTEXT('2D SPACE',''
  ) );
#9640 = ORIENTED_EDGE('',*,*,#9641,.T.);
#9641 = EDGE_CURVE('',#9614,#3550,#9642,.T.);
#9642 = SURFACE_CURVE('',#9643,(#9647,#9654),.PCURVE_S1.);
#9643 = LINE('',#9644,#9645);
#9644 = CARTESIAN_POINT('',(2.6,-1.9,1.741926223421));
#9645 = VECTOR('',#9646,1.);
#9646 = DIRECTION('',(-1.,0.,0.));
#9647 = PCURVE('',#2794,#9648);
#9648 = DEFINITIONAL_REPRESENTATION('',(#9649),#9653);
#9649 = LINE('',#9650,#9651);
#9650 = CARTESIAN_POINT('',(-3.463157894737,-1.121052631579));
#9651 = VECTOR('',#9652,1.);
#9652 = DIRECTION('',(1.,0.));
#9653 = ( GEOMETRIC_REPRESENTATION_CONTEXT(2) 
PARAMETRIC_REPRESENTATION_CONTEXT() REPRESENTATION_CONTEXT('2D SPACE',''
  ) );
#9654 = PCURVE('',#3565,#9655);
#9655 = DEFINITIONAL_REPRESENTATION('',(#9656),#9660);
#9656 = LINE('',#9657,#9658);
#9657 = CARTESIAN_POINT('',(0.,-0.2));
#9658 = VECTOR('',#9659,1.);
#9659 = DIRECTION('',(0.,-1.));
#9660 = ( GEOMETRIC_REPRESENTATION_CONTEXT(2) 
PARAMETRIC_REPRESENTATION_CONTEXT() REPRESENTATION_CONTEXT('2D SPACE',''
  ) );
#9661 = ORIENTED_EDGE('',*,*,#3577,.F.);
#9662 = ORIENTED_EDGE('',*,*,#9663,.F.);
#9663 = EDGE_CURVE('',#9664,#3578,#9666,.T.);
#9664 = VERTEX_POINT('',#9665);
#9665 = CARTESIAN_POINT('',(2.355,-1.9,1.541926223421));
#9666 = SURFACE_CURVE('',#9667,(#9672,#9679),.PCURVE_S1.);
#9667 = CIRCLE('',#9668,0.2);
#9668 = AXIS2_PLACEMENT_3D('',#9669,#9670,#9671);
#9669 = CARTESIAN_POINT('',(2.555,-1.9,1.541926223421));
#9670 = DIRECTION('',(-2.252983656874E-33,1.,-2.22044604925E-16));
#9671 = DIRECTION('',(-0.707106781187,1.570092458684E-16,0.707106781187)
  );
#9672 = PCURVE('',#2794,#9673);
#9673 = DEFINITIONAL_REPRESENTATION('',(#9674),#9678);
#9674 = CIRCLE('',#9675,0.2);
#9675 = AXIS2_PLACEMENT_2D('',#9676,#9677);
#9676 = CARTESIAN_POINT('',(-3.418157894737,-1.321052631579));
#9677 = DIRECTION('',(0.707106781187,0.707106781187));
#9678 = ( GEOMETRIC_REPRESENTATION_CONTEXT(2) 
PARAMETRIC_REPRESENTATION_CONTEXT() REPRESENTATION_CONTEXT('2D SPACE',''
  ) );
#9679 = PCURVE('',#3615,#9680);
#9680 = DEFINITIONAL_REPRESENTATION('',(#9681),#9685);
#9681 = LINE('',#9682,#9683);
#9682 = CARTESIAN_POINT('',(6.28318530718,0.));
#9683 = VECTOR('',#9684,1.);
#9684 = DIRECTION('',(-1.,0.));
#9685 = ( GEOMETRIC_REPRESENTATION_CONTEXT(2) 
PARAMETRIC_REPRESENTATION_CONTEXT() REPRESENTATION_CONTEXT('2D SPACE',''
  ) );
#9686 = ORIENTED_EDGE('',*,*,#9687,.T.);
#9687 = EDGE_CURVE('',#9664,#3434,#9688,.T.);
#9688 = SURFACE_CURVE('',#9689,(#9693,#9700),.PCURVE_S1.);
#9689 = LINE('',#9690,#9691);
#9690 = CARTESIAN_POINT('',(2.355,-1.9,1.541926223421));
#9691 = VECTOR('',#9692,1.);
#9692 = DIRECTION('',(0.,-2.22044604925E-16,-1.));
#9693 = PCURVE('',#2794,#9694);
#9694 = DEFINITIONAL_REPRESENTATION('',(#9695),#9699);
#9695 = LINE('',#9696,#9697);
#9696 = CARTESIAN_POINT('',(-3.218157894737,-1.321052631579));
#9697 = VECTOR('',#9698,1.);
#9698 = DIRECTION('',(0.,-1.));
#9699 = ( GEOMETRIC_REPRESENTATION_CONTEXT(2) 
PARAMETRIC_REPRESENTATION_CONTEXT() REPRESENTATION_CONTEXT('2D SPACE',''
  ) );
#9700 = PCURVE('',#3477,#9701);
#9701 = DEFINITIONAL_REPRESENTATION('',(#9702),#9706);
#9702 = LINE('',#9703,#9704);
#9703 = CARTESIAN_POINT('',(0.,-0.2));
#9704 = VECTOR('',#9705,1.);
#9705 = DIRECTION('',(0.,-1.));
#9706 = ( GEOMETRIC_REPRESENTATION_CONTEXT(2) 
PARAMETRIC_REPRESENTATION_CONTEXT() REPRESENTATION_CONTEXT('2D SPACE',''
  ) );
#9707 = ORIENTED_EDGE('',*,*,#3433,.F.);
#9708 = ORIENTED_EDGE('',*,*,#9709,.F.);
#9709 = EDGE_CURVE('',#9710,#3399,#9712,.T.);
#9710 = VERTEX_POINT('',#9711);
#9711 = CARTESIAN_POINT('',(2.155,-1.9,0.641926223421));
#9712 = SURFACE_CURVE('',#9713,(#9718,#9729),.PCURVE_S1.);
#9713 = CIRCLE('',#9714,0.2);
#9714 = AXIS2_PLACEMENT_3D('',#9715,#9716,#9717);
#9715 = CARTESIAN_POINT('',(2.155,-1.9,0.841926223421));
#9716 = DIRECTION('',(9.47335896082E-33,-1.,2.22044604925E-16));
#9717 = DIRECTION('',(0.707106781187,-1.570092458684E-16,-0.707106781187
    ));
#9718 = PCURVE('',#2794,#9719);
#9719 = DEFINITIONAL_REPRESENTATION('',(#9720),#9728);
#9720 = ( BOUNDED_CURVE() B_SPLINE_CURVE(2,(#9721,#9722,#9723,#9724,
#9725,#9726,#9727),.UNSPECIFIED.,.T.,.F.) B_SPLINE_CURVE_WITH_KNOTS((1,2
    ,2,2,2,1),(-2.094395102393,0.,2.094395102393,4.188790204786,
6.28318530718,8.377580409573),.UNSPECIFIED.) CURVE() 
GEOMETRIC_REPRESENTATION_ITEM() RATIONAL_B_SPLINE_CURVE((1.,0.5,1.,0.5,
1.,0.5,1.)) REPRESENTATION_ITEM('') );
#9721 = CARTESIAN_POINT('',(-3.159579250974,-2.162473987816));
#9722 = CARTESIAN_POINT('',(-3.404528225252,-1.917525013538));
#9723 = CARTESIAN_POINT('',(-3.069921703757,-1.827867466321));
#9724 = CARTESIAN_POINT('',(-2.735315182262,-1.738209919104));
#9725 = CARTESIAN_POINT('',(-2.824972729479,-2.072816440599));
#9726 = CARTESIAN_POINT('',(-2.914630276696,-2.407422962095));
#9727 = CARTESIAN_POINT('',(-3.159579250974,-2.162473987816));
#9728 = ( GEOMETRIC_REPRESENTATION_CONTEXT(2) 
PARAMETRIC_REPRESENTATION_CONTEXT() REPRESENTATION_CONTEXT('2D SPACE',''
  ) );
#9729 = PCURVE('',#3421,#9730);
#9730 = DEFINITIONAL_REPRESENTATION('',(#9731),#9735);
#9731 = LINE('',#9732,#9733);
#9732 = CARTESIAN_POINT('',(0.,0.));
#9733 = VECTOR('',#9734,1.);
#9734 = DIRECTION('',(1.,0.));
#9735 = ( GEOMETRIC_REPRESENTATION_CONTEXT(2) 
PARAMETRIC_REPRESENTATION_CONTEXT() REPRESENTATION_CONTEXT('2D SPACE',''
  ) );
#9736 = ORIENTED_EDGE('',*,*,#9737,.T.);
#9737 = EDGE_CURVE('',#9710,#3202,#9738,.T.);
#9738 = SURFACE_CURVE('',#9739,(#9743,#9750),.PCURVE_S1.);
#9739 = LINE('',#9740,#9741);
#9740 = CARTESIAN_POINT('',(2.155,-1.9,0.641926223421));
#9741 = VECTOR('',#9742,1.);
#9742 = DIRECTION('',(-1.,0.,0.));
#9743 = PCURVE('',#2794,#9744);
#9744 = DEFINITIONAL_REPRESENTATION('',(#9745),#9749);
#9745 = LINE('',#9746,#9747);
#9746 = CARTESIAN_POINT('',(-3.018157894737,-2.221052631579));
#9747 = VECTOR('',#9748,1.);
#9748 = DIRECTION('',(1.,0.));
#9749 = ( GEOMETRIC_REPRESENTATION_CONTEXT(2) 
PARAMETRIC_REPRESENTATION_CONTEXT() REPRESENTATION_CONTEXT('2D SPACE',''
  ) );
#9750 = PCURVE('',#3245,#9751);
#9751 = DEFINITIONAL_REPRESENTATION('',(#9752),#9756);
#9752 = LINE('',#9753,#9754);
#9753 = CARTESIAN_POINT('',(0.,-0.2));
#9754 = VECTOR('',#9755,1.);
#9755 = DIRECTION('',(0.,-1.));
#9756 = ( GEOMETRIC_REPRESENTATION_CONTEXT(2) 
PARAMETRIC_REPRESENTATION_CONTEXT() REPRESENTATION_CONTEXT('2D SPACE',''
  ) );
#9757 = ORIENTED_EDGE('',*,*,#3201,.F.);
#9758 = ORIENTED_EDGE('',*,*,#9759,.F.);
#9759 = EDGE_CURVE('',#9760,#3167,#9762,.T.);
#9760 = VERTEX_POINT('',#9761);
#9761 = CARTESIAN_POINT('',(-2.355,-1.9,0.841926223421));
#9762 = SURFACE_CURVE('',#9763,(#9768,#9779),.PCURVE_S1.);
#9763 = CIRCLE('',#9764,0.2);
#9764 = AXIS2_PLACEMENT_3D('',#9765,#9766,#9767);
#9765 = CARTESIAN_POINT('',(-2.155,-1.9,0.841926223421));
#9766 = DIRECTION('',(-9.47335896082E-33,-1.,2.22044604925E-16));
#9767 = DIRECTION('',(-0.707106781187,-1.570092458684E-16,
    -0.707106781187));
#9768 = PCURVE('',#2794,#9769);
#9769 = DEFINITIONAL_REPRESENTATION('',(#9770),#9778);
#9770 = ( BOUNDED_CURVE() B_SPLINE_CURVE(2,(#9771,#9772,#9773,#9774,
#9775,#9776,#9777),.UNSPECIFIED.,.T.,.F.) B_SPLINE_CURVE_WITH_KNOTS((1,2
    ,2,2,2,1),(-2.094395102393,0.,2.094395102393,4.188790204786,
6.28318530718,8.377580409573),.UNSPECIFIED.) CURVE() 
GEOMETRIC_REPRESENTATION_ITEM() RATIONAL_B_SPLINE_CURVE((1.,0.5,1.,0.5,
1.,0.5,1.)) REPRESENTATION_ITEM('') );
#9771 = CARTESIAN_POINT('',(1.4332634615,-2.162473987816));
#9772 = CARTESIAN_POINT('',(1.188314487222,-2.407422962095));
#9773 = CARTESIAN_POINT('',(1.098656940005,-2.072816440599));
#9774 = CARTESIAN_POINT('',(1.008999392788,-1.738209919104));
#9775 = CARTESIAN_POINT('',(1.343605914284,-1.827867466321));
#9776 = CARTESIAN_POINT('',(1.678212435779,-1.917525013538));
#9777 = CARTESIAN_POINT('',(1.4332634615,-2.162473987816));
#9778 = ( GEOMETRIC_REPRESENTATION_CONTEXT(2) 
PARAMETRIC_REPRESENTATION_CONTEXT() REPRESENTATION_CONTEXT('2D SPACE',''
  ) );
#9779 = PCURVE('',#3189,#9780);
#9780 = DEFINITIONAL_REPRESENTATION('',(#9781),#9785);
#9781 = LINE('',#9782,#9783);
#9782 = CARTESIAN_POINT('',(-8.881784197001E-16,0.));
#9783 = VECTOR('',#9784,1.);
#9784 = DIRECTION('',(1.,0.));
#9785 = ( GEOMETRIC_REPRESENTATION_CONTEXT(2) 
PARAMETRIC_REPRESENTATION_CONTEXT() REPRESENTATION_CONTEXT('2D SPACE',''
  ) );
#9786 = ORIENTED_EDGE('',*,*,#9787,.T.);
#9787 = EDGE_CURVE('',#9760,#3086,#9788,.T.);
#9788 = SURFACE_CURVE('',#9789,(#9793,#9800),.PCURVE_S1.);
#9789 = LINE('',#9790,#9791);
#9790 = CARTESIAN_POINT('',(-2.355,-1.9,0.841926223421));
#9791 = VECTOR('',#9792,1.);
#9792 = DIRECTION('',(0.,2.22044604925E-16,1.));
#9793 = PCURVE('',#2794,#9794);
#9794 = DEFINITIONAL_REPRESENTATION('',(#9795),#9799);
#9795 = LINE('',#9796,#9797);
#9796 = CARTESIAN_POINT('',(1.491842105263,-2.021052631579));
#9797 = VECTOR('',#9798,1.);
#9798 = DIRECTION('',(0.,1.));
#9799 = ( GEOMETRIC_REPRESENTATION_CONTEXT(2) 
PARAMETRIC_REPRESENTATION_CONTEXT() REPRESENTATION_CONTEXT('2D SPACE',''
  ) );
#9800 = PCURVE('',#3101,#9801);
#9801 = DEFINITIONAL_REPRESENTATION('',(#9802),#9806);
#9802 = LINE('',#9803,#9804);
#9803 = CARTESIAN_POINT('',(0.,0.2));
#9804 = VECTOR('',#9805,1.);
#9805 = DIRECTION('',(0.,1.));
#9806 = ( GEOMETRIC_REPRESENTATION_CONTEXT(2) 
PARAMETRIC_REPRESENTATION_CONTEXT() REPRESENTATION_CONTEXT('2D SPACE',''
  ) );
#9807 = ORIENTED_EDGE('',*,*,#3113,.F.);
#9808 = ORIENTED_EDGE('',*,*,#9809,.F.);
#9809 = EDGE_CURVE('',#9810,#3114,#9812,.T.);
#9810 = VERTEX_POINT('',#9811);
#9811 = CARTESIAN_POINT('',(-2.555,-1.9,1.741926223421));
#9812 = SURFACE_CURVE('',#9813,(#9818,#9825),.PCURVE_S1.);
#9813 = CIRCLE('',#9814,0.2);
#9814 = AXIS2_PLACEMENT_3D('',#9815,#9816,#9817);
#9815 = CARTESIAN_POINT('',(-2.555,-1.9,1.541926223421));
#9816 = DIRECTION('',(9.47335896082E-33,1.,-2.22044604925E-16));
#9817 = DIRECTION('',(0.707106781187,1.570092458684E-16,0.707106781187)
  );
#9818 = PCURVE('',#2794,#9819);
#9819 = DEFINITIONAL_REPRESENTATION('',(#9820),#9824);
#9820 = CIRCLE('',#9821,0.2);
#9821 = AXIS2_PLACEMENT_2D('',#9822,#9823);
#9822 = CARTESIAN_POINT('',(1.691842105263,-1.321052631579));
#9823 = DIRECTION('',(-0.707106781187,0.707106781187));
#9824 = ( GEOMETRIC_REPRESENTATION_CONTEXT(2) 
PARAMETRIC_REPRESENTATION_CONTEXT() REPRESENTATION_CONTEXT('2D SPACE',''
  ) );
#9825 = PCURVE('',#3151,#9826);
#9826 = DEFINITIONAL_REPRESENTATION('',(#9827),#9831);
#9827 = LINE('',#9828,#9829);
#9828 = CARTESIAN_POINT('',(6.28318530718,0.));
#9829 = VECTOR('',#9830,1.);
#9830 = DIRECTION('',(-1.,0.));
#9831 = ( GEOMETRIC_REPRESENTATION_CONTEXT(2) 
PARAMETRIC_REPRESENTATION_CONTEXT() REPRESENTATION_CONTEXT('2D SPACE',''
  ) );
#9832 = ORIENTED_EDGE('',*,*,#9833,.T.);
#9833 = EDGE_CURVE('',#9810,#9834,#9836,.T.);
#9834 = VERTEX_POINT('',#9835);
#9835 = CARTESIAN_POINT('',(-3.6,-1.9,1.741926223421));
#9836 = SURFACE_CURVE('',#9837,(#9841,#9848),.PCURVE_S1.);
#9837 = LINE('',#9838,#9839);
#9838 = CARTESIAN_POINT('',(-2.555,-1.9,1.741926223421));
#9839 = VECTOR('',#9840,1.);
#9840 = DIRECTION('',(-1.,0.,0.));
#9841 = PCURVE('',#2794,#9842);
#9842 = DEFINITIONAL_REPRESENTATION('',(#9843),#9847);
#9843 = LINE('',#9844,#9845);
#9844 = CARTESIAN_POINT('',(1.691842105263,-1.121052631579));
#9845 = VECTOR('',#9846,1.);
#9846 = DIRECTION('',(1.,0.));
#9847 = ( GEOMETRIC_REPRESENTATION_CONTEXT(2) 
PARAMETRIC_REPRESENTATION_CONTEXT() REPRESENTATION_CONTEXT('2D SPACE',''
  ) );
#9848 = PCURVE('',#4175,#9849);
#9849 = DEFINITIONAL_REPRESENTATION('',(#9850),#9854);
#9850 = LINE('',#9851,#9852);
#9851 = CARTESIAN_POINT('',(0.,-0.2));
#9852 = VECTOR('',#9853,1.);
#9853 = DIRECTION('',(0.,-1.));
#9854 = ( GEOMETRIC_REPRESENTATION_CONTEXT(2) 
PARAMETRIC_REPRESENTATION_CONTEXT() REPRESENTATION_CONTEXT('2D SPACE',''
  ) );
#9855 = ORIENTED_EDGE('',*,*,#9856,.F.);
#9856 = EDGE_CURVE('',#9857,#9834,#9859,.T.);
#9857 = VERTEX_POINT('',#9858);
#9858 = CARTESIAN_POINT('',(-3.6,-1.9,2.241926223421));
#9859 = SURFACE_CURVE('',#9860,(#9864,#9871),.PCURVE_S1.);
#9860 = LINE('',#9861,#9862);
#9861 = CARTESIAN_POINT('',(-3.6,-1.9,2.241926223421));
#9862 = VECTOR('',#9863,1.);
#9863 = DIRECTION('',(0.,-2.22044604925E-16,-1.));
#9864 = PCURVE('',#2794,#9865);
#9865 = DEFINITIONAL_REPRESENTATION('',(#9866),#9870);
#9866 = LINE('',#9867,#9868);
#9867 = CARTESIAN_POINT('',(2.736842105263,-0.621052631579));
#9868 = VECTOR('',#9869,1.);
#9869 = DIRECTION('',(0.,-1.));
#9870 = ( GEOMETRIC_REPRESENTATION_CONTEXT(2) 
PARAMETRIC_REPRESENTATION_CONTEXT() REPRESENTATION_CONTEXT('2D SPACE',''
  ) );
#9871 = PCURVE('',#4201,#9872);
#9872 = DEFINITIONAL_REPRESENTATION('',(#9873),#9877);
#9873 = LINE('',#9874,#9875);
#9874 = CARTESIAN_POINT('',(0.785398163397,-6.052631578944E-02));
#9875 = VECTOR('',#9876,1.);
#9876 = DIRECTION('',(0.,-1.));
#9877 = ( GEOMETRIC_REPRESENTATION_CONTEXT(2) 
PARAMETRIC_REPRESENTATION_CONTEXT() REPRESENTATION_CONTEXT('2D SPACE',''
  ) );
#9878 = ORIENTED_EDGE('',*,*,#9879,.T.);
#9879 = EDGE_CURVE('',#9857,#2974,#9880,.T.);
#9880 = SURFACE_CURVE('',#9881,(#9885,#9892),.PCURVE_S1.);
#9881 = LINE('',#9882,#9883);
#9882 = CARTESIAN_POINT('',(-3.6,-1.9,2.241926223421));
#9883 = VECTOR('',#9884,1.);
#9884 = DIRECTION('',(1.,0.,0.));
#9885 = PCURVE('',#2794,#9886);
#9886 = DEFINITIONAL_REPRESENTATION('',(#9887),#9891);
#9887 = LINE('',#9888,#9889);
#9888 = CARTESIAN_POINT('',(2.736842105263,-0.621052631579));
#9889 = VECTOR('',#9890,1.);
#9890 = DIRECTION('',(-1.,0.));
#9891 = ( GEOMETRIC_REPRESENTATION_CONTEXT(2) 
PARAMETRIC_REPRESENTATION_CONTEXT() REPRESENTATION_CONTEXT('2D SPACE',''
  ) );
#9892 = PCURVE('',#2989,#9893);
#9893 = DEFINITIONAL_REPRESENTATION('',(#9894),#9898);
#9894 = LINE('',#9895,#9896);
#9895 = CARTESIAN_POINT('',(0.,0.3));
#9896 = VECTOR('',#9897,1.);
#9897 = DIRECTION('',(0.,1.));
#9898 = ( GEOMETRIC_REPRESENTATION_CONTEXT(2) 
PARAMETRIC_REPRESENTATION_CONTEXT() REPRESENTATION_CONTEXT('2D SPACE',''
  ) );
#9899 = ORIENTED_EDGE('',*,*,#3001,.F.);
#9900 = ORIENTED_EDGE('',*,*,#9901,.F.);
#9901 = EDGE_CURVE('',#9902,#3002,#9904,.T.);
#9902 = VERTEX_POINT('',#9903);
#9903 = CARTESIAN_POINT('',(-3.2,-1.9,2.441926223421));
#9904 = SURFACE_CURVE('',#9905,(#9910,#9917),.PCURVE_S1.);
#9905 = CIRCLE('',#9906,0.2);
#9906 = AXIS2_PLACEMENT_3D('',#9907,#9908,#9909);
#9907 = CARTESIAN_POINT('',(-3.4,-1.9,2.441926223421));
#9908 = DIRECTION('',(-2.252983656874E-33,1.,-2.22044604925E-16));
#9909 = DIRECTION('',(0.707106781187,-1.570092458684E-16,-0.707106781187
    ));
#9910 = PCURVE('',#2794,#9911);
#9911 = DEFINITIONAL_REPRESENTATION('',(#9912),#9916);
#9912 = CIRCLE('',#9913,0.2);
#9913 = AXIS2_PLACEMENT_2D('',#9914,#9915);
#9914 = CARTESIAN_POINT('',(2.536842105263,-0.421052631579));
#9915 = DIRECTION('',(-0.707106781187,-0.707106781187));
#9916 = ( GEOMETRIC_REPRESENTATION_CONTEXT(2) 
PARAMETRIC_REPRESENTATION_CONTEXT() REPRESENTATION_CONTEXT('2D SPACE',''
  ) );
#9917 = PCURVE('',#3039,#9918);
#9918 = DEFINITIONAL_REPRESENTATION('',(#9919),#9923);
#9919 = LINE('',#9920,#9921);
#9920 = CARTESIAN_POINT('',(6.28318530718,0.));
#9921 = VECTOR('',#9922,1.);
#9922 = DIRECTION('',(-1.,0.));
#9923 = ( GEOMETRIC_REPRESENTATION_CONTEXT(2) 
PARAMETRIC_REPRESENTATION_CONTEXT() REPRESENTATION_CONTEXT('2D SPACE',''
  ) );
#9924 = ORIENTED_EDGE('',*,*,#9925,.T.);
#9925 = EDGE_CURVE('',#9902,#2862,#9926,.T.);
#9926 = SURFACE_CURVE('',#9927,(#9931,#9938),.PCURVE_S1.);
#9927 = LINE('',#9928,#9929);
#9928 = CARTESIAN_POINT('',(-3.2,-1.9,2.441926223421));
#9929 = VECTOR('',#9930,1.);
#9930 = DIRECTION('',(0.,2.22044604925E-16,1.));
#9931 = PCURVE('',#2794,#9932);
#9932 = DEFINITIONAL_REPRESENTATION('',(#9933),#9937);
#9933 = LINE('',#9934,#9935);
#9934 = CARTESIAN_POINT('',(2.336842105263,-0.421052631579));
#9935 = VECTOR('',#9936,1.);
#9936 = DIRECTION('',(0.,1.));
#9937 = ( GEOMETRIC_REPRESENTATION_CONTEXT(2) 
PARAMETRIC_REPRESENTATION_CONTEXT() REPRESENTATION_CONTEXT('2D SPACE',''
  ) );
#9938 = PCURVE('',#2877,#9939);
#9939 = DEFINITIONAL_REPRESENTATION('',(#9940),#9944);
#9940 = LINE('',#9941,#9942);
#9941 = CARTESIAN_POINT('',(0.,0.2));
#9942 = VECTOR('',#9943,1.);
#9943 = DIRECTION('',(0.,1.));
#9944 = ( GEOMETRIC_REPRESENTATION_CONTEXT(2) 
PARAMETRIC_REPRESENTATION_CONTEXT() REPRESENTATION_CONTEXT('2D SPACE',''
  ) );
#9945 = ORIENTED_EDGE('',*,*,#2889,.F.);
#9946 = ORIENTED_EDGE('',*,*,#9947,.F.);
#9947 = EDGE_CURVE('',#9948,#2890,#9950,.T.);
#9948 = VERTEX_POINT('',#9949);
#9949 = CARTESIAN_POINT('',(-3.4,-1.9,3.441926223421));
#9950 = SURFACE_CURVE('',#9951,(#9956,#9963),.PCURVE_S1.);
#9951 = CIRCLE('',#9952,0.2);
#9952 = AXIS2_PLACEMENT_3D('',#9953,#9954,#9955);
#9953 = CARTESIAN_POINT('',(-3.4,-1.9,3.241926223421));
#9954 = DIRECTION('',(2.252983656874E-33,1.,-2.22044604925E-16));
#9955 = DIRECTION('',(0.707106781187,1.570092458684E-16,0.707106781187)
  );
#9956 = PCURVE('',#2794,#9957);
#9957 = DEFINITIONAL_REPRESENTATION('',(#9958),#9962);
#9958 = CIRCLE('',#9959,0.2);
#9959 = AXIS2_PLACEMENT_2D('',#9960,#9961);
#9960 = CARTESIAN_POINT('',(2.536842105263,0.378947368421));
#9961 = DIRECTION('',(-0.707106781187,0.707106781187));
#9962 = ( GEOMETRIC_REPRESENTATION_CONTEXT(2) 
PARAMETRIC_REPRESENTATION_CONTEXT() REPRESENTATION_CONTEXT('2D SPACE',''
  ) );
#9963 = PCURVE('',#2927,#9964);
#9964 = DEFINITIONAL_REPRESENTATION('',(#9965),#9969);
#9965 = LINE('',#9966,#9967);
#9966 = CARTESIAN_POINT('',(6.28318530718,0.));
#9967 = VECTOR('',#9968,1.);
#9968 = DIRECTION('',(-1.,0.));
#9969 = ( GEOMETRIC_REPRESENTATION_CONTEXT(2) 
PARAMETRIC_REPRESENTATION_CONTEXT() REPRESENTATION_CONTEXT('2D SPACE',''
  ) );
#9970 = ORIENTED_EDGE('',*,*,#9971,.T.);
#9971 = EDGE_CURVE('',#9948,#9972,#9974,.T.);
#9972 = VERTEX_POINT('',#9973);
#9973 = CARTESIAN_POINT('',(-3.6,-1.9,3.441926223421));
#9974 = SURFACE_CURVE('',#9975,(#9979,#9986),.PCURVE_S1.);
#9975 = LINE('',#9976,#9977);
#9976 = CARTESIAN_POINT('',(-3.4,-1.9,3.441926223421));
#9977 = VECTOR('',#9978,1.);
#9978 = DIRECTION('',(-1.,0.,0.));
#9979 = PCURVE('',#2794,#9980);
#9980 = DEFINITIONAL_REPRESENTATION('',(#9981),#9985);
#9981 = LINE('',#9982,#9983);
#9982 = CARTESIAN_POINT('',(2.536842105263,0.578947368421));
#9983 = VECTOR('',#9984,1.);
#9984 = DIRECTION('',(1.,0.));
#9985 = ( GEOMETRIC_REPRESENTATION_CONTEXT(2) 
PARAMETRIC_REPRESENTATION_CONTEXT() REPRESENTATION_CONTEXT('2D SPACE',''
  ) );
#9986 = PCURVE('',#4058,#9987);
#9987 = DEFINITIONAL_REPRESENTATION('',(#9988),#9992);
#9988 = LINE('',#9989,#9990);
#9989 = CARTESIAN_POINT('',(0.,-0.2));
#9990 = VECTOR('',#9991,1.);
#9991 = DIRECTION('',(0.,-1.));
#9992 = ( GEOMETRIC_REPRESENTATION_CONTEXT(2) 
PARAMETRIC_REPRESENTATION_CONTEXT() REPRESENTATION_CONTEXT('2D SPACE',''
  ) );
#9993 = ORIENTED_EDGE('',*,*,#9994,.F.);
#9994 = EDGE_CURVE('',#9995,#9972,#9997,.T.);
#9995 = VERTEX_POINT('',#9996);
#9996 = CARTESIAN_POINT('',(-3.6,-1.9,3.941926223421));
#9997 = SURFACE_CURVE('',#9998,(#10002,#10009),.PCURVE_S1.);
#9998 = LINE('',#9999,#10000);
#9999 = CARTESIAN_POINT('',(-3.6,-1.9,3.941926223421));
#10000 = VECTOR('',#10001,1.);
#10001 = DIRECTION('',(0.,-2.22044604925E-16,-1.));
#10002 = PCURVE('',#2794,#10003);
#10003 = DEFINITIONAL_REPRESENTATION('',(#10004),#10008);
#10004 = LINE('',#10005,#10006);
#10005 = CARTESIAN_POINT('',(2.736842105263,1.078947368421));
#10006 = VECTOR('',#10007,1.);
#10007 = DIRECTION('',(0.,-1.));
#10008 = ( GEOMETRIC_REPRESENTATION_CONTEXT(2) 
PARAMETRIC_REPRESENTATION_CONTEXT() REPRESENTATION_CONTEXT('2D SPACE',''
  ) );
#10009 = PCURVE('',#4084,#10010);
#10010 = DEFINITIONAL_REPRESENTATION('',(#10011),#10015);
#10011 = LINE('',#10012,#10013);
#10012 = CARTESIAN_POINT('',(0.785398163397,0.78947368421));
#10013 = VECTOR('',#10014,1.);
#10014 = DIRECTION('',(0.,-1.));
#10015 = ( GEOMETRIC_REPRESENTATION_CONTEXT(2) 
PARAMETRIC_REPRESENTATION_CONTEXT() REPRESENTATION_CONTEXT('2D SPACE',''
  ) );
#10016 = ORIENTED_EDGE('',*,*,#10017,.T.);
#10017 = EDGE_CURVE('',#9995,#3318,#10018,.T.);
#10018 = SURFACE_CURVE('',#10019,(#10023,#10030),.PCURVE_S1.);
#10019 = LINE('',#10020,#10021);
#10020 = CARTESIAN_POINT('',(-3.6,-1.9,3.941926223421));
#10021 = VECTOR('',#10022,1.);
#10022 = DIRECTION('',(1.,0.,0.));
#10023 = PCURVE('',#2794,#10024);
#10024 = DEFINITIONAL_REPRESENTATION('',(#10025),#10029);
#10025 = LINE('',#10026,#10027);
#10026 = CARTESIAN_POINT('',(2.736842105263,1.078947368421));
#10027 = VECTOR('',#10028,1.);
#10028 = DIRECTION('',(-1.,0.));
#10029 = ( GEOMETRIC_REPRESENTATION_CONTEXT(2) 
PARAMETRIC_REPRESENTATION_CONTEXT() REPRESENTATION_CONTEXT('2D SPACE',''
  ) );
#10030 = PCURVE('',#3333,#10031);
#10031 = DEFINITIONAL_REPRESENTATION('',(#10032),#10036);
#10032 = LINE('',#10033,#10034);
#10033 = CARTESIAN_POINT('',(0.,0.3));
#10034 = VECTOR('',#10035,1.);
#10035 = DIRECTION('',(0.,1.));
#10036 = ( GEOMETRIC_REPRESENTATION_CONTEXT(2) 
PARAMETRIC_REPRESENTATION_CONTEXT() REPRESENTATION_CONTEXT('2D SPACE',''
  ) );
#10037 = ORIENTED_EDGE('',*,*,#3345,.F.);
#10038 = ORIENTED_EDGE('',*,*,#10039,.F.);
#10039 = EDGE_CURVE('',#10040,#3346,#10042,.T.);
#10040 = VERTEX_POINT('',#10041);
#10041 = CARTESIAN_POINT('',(-2.3,-1.9,4.141926223421));
#10042 = SURFACE_CURVE('',#10043,(#10048,#10055),.PCURVE_S1.);
#10043 = CIRCLE('',#10044,0.2);
#10044 = AXIS2_PLACEMENT_3D('',#10045,#10046,#10047);
#10045 = CARTESIAN_POINT('',(-2.5,-1.9,4.141926223421));
#10046 = DIRECTION('',(-2.252983656874E-33,1.,-2.22044604925E-16));
#10047 = DIRECTION('',(0.707106781187,-1.570092458684E-16,
    -0.707106781187));
#10048 = PCURVE('',#2794,#10049);
#10049 = DEFINITIONAL_REPRESENTATION('',(#10050),#10054);
#10050 = CIRCLE('',#10051,0.2);
#10051 = AXIS2_PLACEMENT_2D('',#10052,#10053);
#10052 = CARTESIAN_POINT('',(1.636842105263,1.278947368421));
#10053 = DIRECTION('',(-0.707106781187,-0.707106781187));
#10054 = ( GEOMETRIC_REPRESENTATION_CONTEXT(2) 
PARAMETRIC_REPRESENTATION_CONTEXT() REPRESENTATION_CONTEXT('2D SPACE',''
  ) );
#10055 = PCURVE('',#3383,#10056);
#10056 = DEFINITIONAL_REPRESENTATION('',(#10057),#10061);
#10057 = LINE('',#10058,#10059);
#10058 = CARTESIAN_POINT('',(6.28318530718,0.));
#10059 = VECTOR('',#10060,1.);
#10060 = DIRECTION('',(-1.,0.));
#10061 = ( GEOMETRIC_REPRESENTATION_CONTEXT(2) 
PARAMETRIC_REPRESENTATION_CONTEXT() REPRESENTATION_CONTEXT('2D SPACE',''
  ) );
#10062 = ORIENTED_EDGE('',*,*,#10063,.T.);
#10063 = EDGE_CURVE('',#10040,#9444,#10064,.T.);
#10064 = SURFACE_CURVE('',#10065,(#10069,#10076),.PCURVE_S1.);
#10065 = LINE('',#10066,#10067);
#10066 = CARTESIAN_POINT('',(-2.3,-1.9,4.141926223421));
#10067 = VECTOR('',#10068,1.);
#10068 = DIRECTION('',(0.,2.22044604925E-16,1.));
#10069 = PCURVE('',#2794,#10070);
#10070 = DEFINITIONAL_REPRESENTATION('',(#10071),#10075);
#10071 = LINE('',#10072,#10073);
#10072 = CARTESIAN_POINT('',(1.436842105263,1.278947368421));
#10073 = VECTOR('',#10074,1.);
#10074 = DIRECTION('',(0.,1.));
#10075 = ( GEOMETRIC_REPRESENTATION_CONTEXT(2) 
PARAMETRIC_REPRESENTATION_CONTEXT() REPRESENTATION_CONTEXT('2D SPACE',''
  ) );
#10076 = PCURVE('',#4819,#10077);
#10077 = DEFINITIONAL_REPRESENTATION('',(#10078),#10082);
#10078 = LINE('',#10079,#10080);
#10079 = CARTESIAN_POINT('',(0.,0.2));
#10080 = VECTOR('',#10081,1.);
#10081 = DIRECTION('',(0.,1.));
#10082 = ( GEOMETRIC_REPRESENTATION_CONTEXT(2) 
PARAMETRIC_REPRESENTATION_CONTEXT() REPRESENTATION_CONTEXT('2D SPACE',''
  ) );
#10083 = ORIENTED_EDGE('',*,*,#9467,.F.);
#10084 = ORIENTED_EDGE('',*,*,#5696,.F.);
#10085 = ORIENTED_EDGE('',*,*,#9061,.T.);
#10086 = ORIENTED_EDGE('',*,*,#8912,.F.);
#10087 = ORIENTED_EDGE('',*,*,#6309,.F.);
#10088 = ORIENTED_EDGE('',*,*,#6191,.F.);
#10089 = FACE_BOUND('',#10090,.T.);
#10090 = EDGE_LOOP('',(#10091,#10092));
#10091 = ORIENTED_EDGE('',*,*,#2777,.F.);
#10092 = ORIENTED_EDGE('',*,*,#10093,.F.);
#10093 = EDGE_CURVE('',#2750,#2778,#10094,.T.);
#10094 = SURFACE_CURVE('',#10095,(#10100,#10107),.PCURVE_S1.);
#10095 = CIRCLE('',#10096,1.8);
#10096 = AXIS2_PLACEMENT_3D('',#10097,#10098,#10099);
#10097 = CARTESIAN_POINT('',(2.277067423506E-13,-1.9,2.841926223421));
#10098 = DIRECTION('',(0.,1.,-2.22044604925E-16));
#10099 = DIRECTION('',(1.,0.,0.));
#10100 = PCURVE('',#2794,#10101);
#10101 = DEFINITIONAL_REPRESENTATION('',(#10102),#10106);
#10102 = CIRCLE('',#10103,1.8);
#10103 = AXIS2_PLACEMENT_2D('',#10104,#10105);
#10104 = CARTESIAN_POINT('',(-0.863157894737,-2.105263157897E-02));
#10105 = DIRECTION('',(-1.,0.));
#10106 = ( GEOMETRIC_REPRESENTATION_CONTEXT(2) 
PARAMETRIC_REPRESENTATION_CONTEXT() REPRESENTATION_CONTEXT('2D SPACE',''
  ) );
#10107 = PCURVE('',#2765,#10108);
#10108 = DEFINITIONAL_REPRESENTATION('',(#10109),#10113);
#10109 = LINE('',#10110,#10111);
#10110 = CARTESIAN_POINT('',(6.28318530718,0.));
#10111 = VECTOR('',#10112,1.);
#10112 = DIRECTION('',(-1.,0.));
#10113 = ( GEOMETRIC_REPRESENTATION_CONTEXT(2) 
PARAMETRIC_REPRESENTATION_CONTEXT() REPRESENTATION_CONTEXT('2D SPACE',''
  ) );
#10114 = ADVANCED_FACE('',(#10115),#8422,.T.);
#10115 = FACE_BOUND('',#10116,.T.);
#10116 = EDGE_LOOP('',(#10117,#10118,#10119,#10120));
#10117 = ORIENTED_EDGE('',*,*,#8940,.F.);
#10118 = ORIENTED_EDGE('',*,*,#8406,.F.);
#10119 = ORIENTED_EDGE('',*,*,#9174,.F.);
#10120 = ORIENTED_EDGE('',*,*,#8709,.F.);
#10121 = ADVANCED_FACE('',(#10122),#8243,.T.);
#10122 = FACE_BOUND('',#10123,.T.);
#10123 = EDGE_LOOP('',(#10124,#10125,#10146,#10147));
#10124 = ORIENTED_EDGE('',*,*,#8504,.T.);
#10125 = ORIENTED_EDGE('',*,*,#10126,.F.);
#10126 = EDGE_CURVE('',#8637,#8482,#10127,.T.);
#10127 = SURFACE_CURVE('',#10128,(#10132,#10139),.PCURVE_S1.);
#10128 = LINE('',#10129,#10130);
#10129 = CARTESIAN_POINT('',(2.3,-0.75,5.041926223421));
#10130 = VECTOR('',#10131,1.);
#10131 = DIRECTION('',(0.,2.22044604925E-16,1.));
#10132 = PCURVE('',#8243,#10133);
#10133 = DEFINITIONAL_REPRESENTATION('',(#10134),#10138);
#10134 = LINE('',#10135,#10136);
#10135 = CARTESIAN_POINT('',(-0.900000000001,0.));
#10136 = VECTOR('',#10137,1.);
#10137 = DIRECTION('',(0.,1.));
#10138 = ( GEOMETRIC_REPRESENTATION_CONTEXT(2) 
PARAMETRIC_REPRESENTATION_CONTEXT() REPRESENTATION_CONTEXT('2D SPACE',''
  ) );
#10139 = PCURVE('',#3917,#10140);
#10140 = DEFINITIONAL_REPRESENTATION('',(#10141),#10145);
#10141 = LINE('',#10142,#10143);
#10142 = CARTESIAN_POINT('',(1.15,-0.2));
#10143 = VECTOR('',#10144,1.);
#10144 = DIRECTION('',(0.,1.));
#10145 = ( GEOMETRIC_REPRESENTATION_CONTEXT(2) 
PARAMETRIC_REPRESENTATION_CONTEXT() REPRESENTATION_CONTEXT('2D SPACE',''
  ) );
#10146 = ORIENTED_EDGE('',*,*,#8636,.F.);
#10147 = ORIENTED_EDGE('',*,*,#8227,.T.);
#10148 = ADVANCED_FACE('',(#10149),#8324,.T.);
#10149 = FACE_BOUND('',#10150,.T.);
#10150 = EDGE_LOOP('',(#10151,#10152,#10173,#10174));
#10151 = ORIENTED_EDGE('',*,*,#8308,.T.);
#10152 = ORIENTED_EDGE('',*,*,#10153,.F.);
#10153 = EDGE_CURVE('',#8805,#8285,#10154,.T.);
#10154 = SURFACE_CURVE('',#10155,(#10159,#10166),.PCURVE_S1.);
#10155 = LINE('',#10156,#10157);
#10156 = CARTESIAN_POINT('',(-1.4,-0.75,5.041926223421));
#10157 = VECTOR('',#10158,1.);
#10158 = DIRECTION('',(0.,2.22044604925E-16,1.));
#10159 = PCURVE('',#8324,#10160);
#10160 = DEFINITIONAL_REPRESENTATION('',(#10161),#10165);
#10161 = LINE('',#10162,#10163);
#10162 = CARTESIAN_POINT('',(-0.9,0.));
#10163 = VECTOR('',#10164,1.);
#10164 = DIRECTION('',(0.,1.));
#10165 = ( GEOMETRIC_REPRESENTATION_CONTEXT(2) 
PARAMETRIC_REPRESENTATION_CONTEXT() REPRESENTATION_CONTEXT('2D SPACE',''
  ) );
#10166 = PCURVE('',#4680,#10167);
#10167 = DEFINITIONAL_REPRESENTATION('',(#10168),#10172);
#10168 = LINE('',#10169,#10170);
#10169 = CARTESIAN_POINT('',(1.570796326795,0.));
#10170 = VECTOR('',#10171,1.);
#10171 = DIRECTION('',(0.,1.));
#10172 = ( GEOMETRIC_REPRESENTATION_CONTEXT(2) 
PARAMETRIC_REPRESENTATION_CONTEXT() REPRESENTATION_CONTEXT('2D SPACE',''
  ) );
#10173 = ORIENTED_EDGE('',*,*,#8804,.F.);
#10174 = ORIENTED_EDGE('',*,*,#10175,.T.);
#10175 = EDGE_CURVE('',#8782,#8309,#10176,.T.);
#10176 = SURFACE_CURVE('',#10177,(#10181,#10188),.PCURVE_S1.);
#10177 = LINE('',#10178,#10179);
#10178 = CARTESIAN_POINT('',(-2.3,-0.75,5.041926223421));
#10179 = VECTOR('',#10180,1.);
#10180 = DIRECTION('',(0.,2.22044604925E-16,1.));
#10181 = PCURVE('',#8324,#10182);
#10182 = DEFINITIONAL_REPRESENTATION('',(#10183),#10187);
#10183 = LINE('',#10184,#10185);
#10184 = CARTESIAN_POINT('',(0.,0.));
#10185 = VECTOR('',#10186,1.);
#10186 = DIRECTION('',(0.,1.));
#10187 = ( GEOMETRIC_REPRESENTATION_CONTEXT(2) 
PARAMETRIC_REPRESENTATION_CONTEXT() REPRESENTATION_CONTEXT('2D SPACE',''
  ) );
#10188 = PCURVE('',#4819,#10189);
#10189 = DEFINITIONAL_REPRESENTATION('',(#10190),#10194);
#10190 = LINE('',#10191,#10192);
#10191 = CARTESIAN_POINT('',(-1.15,1.1));
#10192 = VECTOR('',#10193,1.);
#10193 = DIRECTION('',(0.,1.));
#10194 = ( GEOMETRIC_REPRESENTATION_CONTEXT(2) 
PARAMETRIC_REPRESENTATION_CONTEXT() REPRESENTATION_CONTEXT('2D SPACE',''
  ) );
#10195 = ADVANCED_FACE('',(#10196),#4680,.F.);
#10196 = FACE_BOUND('',#10197,.F.);
#10197 = EDGE_LOOP('',(#10198,#10199,#10200,#10201));
#10198 = ORIENTED_EDGE('',*,*,#8284,.F.);
#10199 = ORIENTED_EDGE('',*,*,#10153,.F.);
#10200 = ORIENTED_EDGE('',*,*,#8827,.T.);
#10201 = ORIENTED_EDGE('',*,*,#4666,.F.);
#10202 = ADVANCED_FACE('',(#10203,#10751),#2737,.T.);
#10203 = FACE_BOUND('',#10204,.T.);
#10204 = EDGE_LOOP('',(#10205,#10206,#10207,#10208,#10209,#10210,#10233,
    #10255,#10256,#10277,#10278,#10301,#10323,#10324,#10347,#10369,
    #10370,#10391,#10392,#10415,#10437,#10438,#10461,#10487,#10488,
    #10511,#10537,#10538,#10561,#10583,#10584,#10607,#10633,#10634,
    #10657,#10683,#10684,#10707,#10729,#10730));
#10205 = ORIENTED_EDGE('',*,*,#5572,.F.);
#10206 = ORIENTED_EDGE('',*,*,#8865,.F.);
#10207 = ORIENTED_EDGE('',*,*,#9083,.T.);
#10208 = ORIENTED_EDGE('',*,*,#5748,.F.);
#10209 = ORIENTED_EDGE('',*,*,#5156,.F.);
#10210 = ORIENTED_EDGE('',*,*,#10211,.F.);
#10211 = EDGE_CURVE('',#10212,#5129,#10214,.T.);
#10212 = VERTEX_POINT('',#10213);
#10213 = CARTESIAN_POINT('',(-2.3,-2.1,4.141926223421));
#10214 = SURFACE_CURVE('',#10215,(#10219,#10226),.PCURVE_S1.);
#10215 = LINE('',#10216,#10217);
#10216 = CARTESIAN_POINT('',(-2.3,-2.1,4.141926223421));
#10217 = VECTOR('',#10218,1.);
#10218 = DIRECTION('',(0.,2.22044604925E-16,1.));
#10219 = PCURVE('',#2737,#10220);
#10220 = DEFINITIONAL_REPRESENTATION('',(#10221),#10225);
#10221 = LINE('',#10222,#10223);
#10222 = CARTESIAN_POINT('',(-4.1,1.3));
#10223 = VECTOR('',#10224,1.);
#10224 = DIRECTION('',(0.,1.));
#10225 = ( GEOMETRIC_REPRESENTATION_CONTEXT(2) 
PARAMETRIC_REPRESENTATION_CONTEXT() REPRESENTATION_CONTEXT('2D SPACE',''
  ) );
#10226 = PCURVE('',#4819,#10227);
#10227 = DEFINITIONAL_REPRESENTATION('',(#10228),#10232);
#10228 = LINE('',#10229,#10230);
#10229 = CARTESIAN_POINT('',(0.2,0.2));
#10230 = VECTOR('',#10231,1.);
#10231 = DIRECTION('',(0.,1.));
#10232 = ( GEOMETRIC_REPRESENTATION_CONTEXT(2) 
PARAMETRIC_REPRESENTATION_CONTEXT() REPRESENTATION_CONTEXT('2D SPACE',''
  ) );
#10233 = ORIENTED_EDGE('',*,*,#10234,.F.);
#10234 = EDGE_CURVE('',#3289,#10212,#10235,.T.);
#10235 = SURFACE_CURVE('',#10236,(#10241,#10248),.PCURVE_S1.);
#10236 = CIRCLE('',#10237,0.2);
#10237 = AXIS2_PLACEMENT_3D('',#10238,#10239,#10240);
#10238 = CARTESIAN_POINT('',(-2.5,-2.1,4.141926223421));
#10239 = DIRECTION('',(2.252983656874E-33,-1.,2.22044604925E-16));
#10240 = DIRECTION('',(0.707106781187,-1.570092458684E-16,
    -0.707106781187));
#10241 = PCURVE('',#2737,#10242);
#10242 = DEFINITIONAL_REPRESENTATION('',(#10243),#10247);
#10243 = CIRCLE('',#10244,0.2);
#10244 = AXIS2_PLACEMENT_2D('',#10245,#10246);
#10245 = CARTESIAN_POINT('',(-4.3,1.3));
#10246 = DIRECTION('',(0.707106781187,-0.707106781187));
#10247 = ( GEOMETRIC_REPRESENTATION_CONTEXT(2) 
PARAMETRIC_REPRESENTATION_CONTEXT() REPRESENTATION_CONTEXT('2D SPACE',''
  ) );
#10248 = PCURVE('',#3383,#10249);
#10249 = DEFINITIONAL_REPRESENTATION('',(#10250),#10254);
#10250 = LINE('',#10251,#10252);
#10251 = CARTESIAN_POINT('',(0.,0.2));
#10252 = VECTOR('',#10253,1.);
#10253 = DIRECTION('',(1.,0.));
#10254 = ( GEOMETRIC_REPRESENTATION_CONTEXT(2) 
PARAMETRIC_REPRESENTATION_CONTEXT() REPRESENTATION_CONTEXT('2D SPACE',''
  ) );
#10255 = ORIENTED_EDGE('',*,*,#3286,.F.);
#10256 = ORIENTED_EDGE('',*,*,#10257,.F.);
#10257 = EDGE_CURVE('',#4280,#3287,#10258,.T.);
#10258 = SURFACE_CURVE('',#10259,(#10263,#10270),.PCURVE_S1.);
#10259 = LINE('',#10260,#10261);
#10260 = CARTESIAN_POINT('',(-3.6,-2.1,3.941926223421));
#10261 = VECTOR('',#10262,1.);
#10262 = DIRECTION('',(1.,0.,0.));
#10263 = PCURVE('',#2737,#10264);
#10264 = DEFINITIONAL_REPRESENTATION('',(#10265),#10269);
#10265 = LINE('',#10266,#10267);
#10266 = CARTESIAN_POINT('',(-5.4,1.1));
#10267 = VECTOR('',#10268,1.);
#10268 = DIRECTION('',(1.,0.));
#10269 = ( GEOMETRIC_REPRESENTATION_CONTEXT(2) 
PARAMETRIC_REPRESENTATION_CONTEXT() REPRESENTATION_CONTEXT('2D SPACE',''
  ) );
#10270 = PCURVE('',#3333,#10271);
#10271 = DEFINITIONAL_REPRESENTATION('',(#10272),#10276);
#10272 = LINE('',#10273,#10274);
#10273 = CARTESIAN_POINT('',(0.2,0.3));
#10274 = VECTOR('',#10275,1.);
#10275 = DIRECTION('',(0.,1.));
#10276 = ( GEOMETRIC_REPRESENTATION_CONTEXT(2) 
PARAMETRIC_REPRESENTATION_CONTEXT() REPRESENTATION_CONTEXT('2D SPACE',''
  ) );
#10277 = ORIENTED_EDGE('',*,*,#4279,.F.);
#10278 = ORIENTED_EDGE('',*,*,#10279,.F.);
#10279 = EDGE_CURVE('',#10280,#4252,#10282,.T.);
#10280 = VERTEX_POINT('',#10281);
#10281 = CARTESIAN_POINT('',(-3.4,-2.1,3.441926223421));
#10282 = SURFACE_CURVE('',#10283,(#10287,#10294),.PCURVE_S1.);
#10283 = LINE('',#10284,#10285);
#10284 = CARTESIAN_POINT('',(-3.4,-2.1,3.441926223421));
#10285 = VECTOR('',#10286,1.);
#10286 = DIRECTION('',(-1.,0.,0.));
#10287 = PCURVE('',#2737,#10288);
#10288 = DEFINITIONAL_REPRESENTATION('',(#10289),#10293);
#10289 = LINE('',#10290,#10291);
#10290 = CARTESIAN_POINT('',(-5.2,0.6));
#10291 = VECTOR('',#10292,1.);
#10292 = DIRECTION('',(-1.,0.));
#10293 = ( GEOMETRIC_REPRESENTATION_CONTEXT(2) 
PARAMETRIC_REPRESENTATION_CONTEXT() REPRESENTATION_CONTEXT('2D SPACE',''
  ) );
#10294 = PCURVE('',#4058,#10295);
#10295 = DEFINITIONAL_REPRESENTATION('',(#10296),#10300);
#10296 = LINE('',#10297,#10298);
#10297 = CARTESIAN_POINT('',(-0.2,-0.2));
#10298 = VECTOR('',#10299,1.);
#10299 = DIRECTION('',(0.,-1.));
#10300 = ( GEOMETRIC_REPRESENTATION_CONTEXT(2) 
PARAMETRIC_REPRESENTATION_CONTEXT() REPRESENTATION_CONTEXT('2D SPACE',''
  ) );
#10301 = ORIENTED_EDGE('',*,*,#10302,.F.);
#10302 = EDGE_CURVE('',#2833,#10280,#10303,.T.);
#10303 = SURFACE_CURVE('',#10304,(#10309,#10316),.PCURVE_S1.);
#10304 = CIRCLE('',#10305,0.2);
#10305 = AXIS2_PLACEMENT_3D('',#10306,#10307,#10308);
#10306 = CARTESIAN_POINT('',(-3.4,-2.1,3.241926223421));
#10307 = DIRECTION('',(-2.252983656874E-33,-1.,2.22044604925E-16));
#10308 = DIRECTION('',(0.707106781187,1.570092458684E-16,0.707106781187)
  );
#10309 = PCURVE('',#2737,#10310);
#10310 = DEFINITIONAL_REPRESENTATION('',(#10311),#10315);
#10311 = CIRCLE('',#10312,0.2);
#10312 = AXIS2_PLACEMENT_2D('',#10313,#10314);
#10313 = CARTESIAN_POINT('',(-5.2,0.4));
#10314 = DIRECTION('',(0.707106781187,0.707106781187));
#10315 = ( GEOMETRIC_REPRESENTATION_CONTEXT(2) 
PARAMETRIC_REPRESENTATION_CONTEXT() REPRESENTATION_CONTEXT('2D SPACE',''
  ) );
#10316 = PCURVE('',#2927,#10317);
#10317 = DEFINITIONAL_REPRESENTATION('',(#10318),#10322);
#10318 = LINE('',#10319,#10320);
#10319 = CARTESIAN_POINT('',(0.,0.2));
#10320 = VECTOR('',#10321,1.);
#10321 = DIRECTION('',(1.,0.));
#10322 = ( GEOMETRIC_REPRESENTATION_CONTEXT(2) 
PARAMETRIC_REPRESENTATION_CONTEXT() REPRESENTATION_CONTEXT('2D SPACE',''
  ) );
#10323 = ORIENTED_EDGE('',*,*,#2830,.F.);
#10324 = ORIENTED_EDGE('',*,*,#10325,.F.);
#10325 = EDGE_CURVE('',#10326,#2831,#10328,.T.);
#10326 = VERTEX_POINT('',#10327);
#10327 = CARTESIAN_POINT('',(-3.2,-2.1,2.441926223421));
#10328 = SURFACE_CURVE('',#10329,(#10333,#10340),.PCURVE_S1.);
#10329 = LINE('',#10330,#10331);
#10330 = CARTESIAN_POINT('',(-3.2,-2.1,2.441926223421));
#10331 = VECTOR('',#10332,1.);
#10332 = DIRECTION('',(0.,2.22044604925E-16,1.));
#10333 = PCURVE('',#2737,#10334);
#10334 = DEFINITIONAL_REPRESENTATION('',(#10335),#10339);
#10335 = LINE('',#10336,#10337);
#10336 = CARTESIAN_POINT('',(-5.,-0.4));
#10337 = VECTOR('',#10338,1.);
#10338 = DIRECTION('',(0.,1.));
#10339 = ( GEOMETRIC_REPRESENTATION_CONTEXT(2) 
PARAMETRIC_REPRESENTATION_CONTEXT() REPRESENTATION_CONTEXT('2D SPACE',''
  ) );
#10340 = PCURVE('',#2877,#10341);
#10341 = DEFINITIONAL_REPRESENTATION('',(#10342),#10346);
#10342 = LINE('',#10343,#10344);
#10343 = CARTESIAN_POINT('',(0.2,0.2));
#10344 = VECTOR('',#10345,1.);
#10345 = DIRECTION('',(0.,1.));
#10346 = ( GEOMETRIC_REPRESENTATION_CONTEXT(2) 
PARAMETRIC_REPRESENTATION_CONTEXT() REPRESENTATION_CONTEXT('2D SPACE',''
  ) );
#10347 = ORIENTED_EDGE('',*,*,#10348,.F.);
#10348 = EDGE_CURVE('',#2945,#10326,#10349,.T.);
#10349 = SURFACE_CURVE('',#10350,(#10355,#10362),.PCURVE_S1.);
#10350 = CIRCLE('',#10351,0.2);
#10351 = AXIS2_PLACEMENT_3D('',#10352,#10353,#10354);
#10352 = CARTESIAN_POINT('',(-3.4,-2.1,2.441926223421));
#10353 = DIRECTION('',(2.252983656874E-33,-1.,2.22044604925E-16));
#10354 = DIRECTION('',(0.707106781187,-1.570092458684E-16,
    -0.707106781187));
#10355 = PCURVE('',#2737,#10356);
#10356 = DEFINITIONAL_REPRESENTATION('',(#10357),#10361);
#10357 = CIRCLE('',#10358,0.2);
#10358 = AXIS2_PLACEMENT_2D('',#10359,#10360);
#10359 = CARTESIAN_POINT('',(-5.2,-0.4));
#10360 = DIRECTION('',(0.707106781187,-0.707106781187));
#10361 = ( GEOMETRIC_REPRESENTATION_CONTEXT(2) 
PARAMETRIC_REPRESENTATION_CONTEXT() REPRESENTATION_CONTEXT('2D SPACE',''
  ) );
#10362 = PCURVE('',#3039,#10363);
#10363 = DEFINITIONAL_REPRESENTATION('',(#10364),#10368);
#10364 = LINE('',#10365,#10366);
#10365 = CARTESIAN_POINT('',(0.,0.2));
#10366 = VECTOR('',#10367,1.);
#10367 = DIRECTION('',(1.,0.));
#10368 = ( GEOMETRIC_REPRESENTATION_CONTEXT(2) 
PARAMETRIC_REPRESENTATION_CONTEXT() REPRESENTATION_CONTEXT('2D SPACE',''
  ) );
#10369 = ORIENTED_EDGE('',*,*,#2942,.F.);
#10370 = ORIENTED_EDGE('',*,*,#10371,.F.);
#10371 = EDGE_CURVE('',#4395,#2943,#10372,.T.);
#10372 = SURFACE_CURVE('',#10373,(#10377,#10384),.PCURVE_S1.);
#10373 = LINE('',#10374,#10375);
#10374 = CARTESIAN_POINT('',(-3.6,-2.1,2.241926223421));
#10375 = VECTOR('',#10376,1.);
#10376 = DIRECTION('',(1.,0.,0.));
#10377 = PCURVE('',#2737,#10378);
#10378 = DEFINITIONAL_REPRESENTATION('',(#10379),#10383);
#10379 = LINE('',#10380,#10381);
#10380 = CARTESIAN_POINT('',(-5.4,-0.6));
#10381 = VECTOR('',#10382,1.);
#10382 = DIRECTION('',(1.,0.));
#10383 = ( GEOMETRIC_REPRESENTATION_CONTEXT(2) 
PARAMETRIC_REPRESENTATION_CONTEXT() REPRESENTATION_CONTEXT('2D SPACE',''
  ) );
#10384 = PCURVE('',#2989,#10385);
#10385 = DEFINITIONAL_REPRESENTATION('',(#10386),#10390);
#10386 = LINE('',#10387,#10388);
#10387 = CARTESIAN_POINT('',(0.2,0.3));
#10388 = VECTOR('',#10389,1.);
#10389 = DIRECTION('',(0.,1.));
#10390 = ( GEOMETRIC_REPRESENTATION_CONTEXT(2) 
PARAMETRIC_REPRESENTATION_CONTEXT() REPRESENTATION_CONTEXT('2D SPACE',''
  ) );
#10391 = ORIENTED_EDGE('',*,*,#4394,.F.);
#10392 = ORIENTED_EDGE('',*,*,#10393,.F.);
#10393 = EDGE_CURVE('',#10394,#4367,#10396,.T.);
#10394 = VERTEX_POINT('',#10395);
#10395 = CARTESIAN_POINT('',(-2.555,-2.1,1.741926223421));
#10396 = SURFACE_CURVE('',#10397,(#10401,#10408),.PCURVE_S1.);
#10397 = LINE('',#10398,#10399);
#10398 = CARTESIAN_POINT('',(-2.555,-2.1,1.741926223421));
#10399 = VECTOR('',#10400,1.);
#10400 = DIRECTION('',(-1.,0.,0.));
#10401 = PCURVE('',#2737,#10402);
#10402 = DEFINITIONAL_REPRESENTATION('',(#10403),#10407);
#10403 = LINE('',#10404,#10405);
#10404 = CARTESIAN_POINT('',(-4.355,-1.1));
#10405 = VECTOR('',#10406,1.);
#10406 = DIRECTION('',(-1.,0.));
#10407 = ( GEOMETRIC_REPRESENTATION_CONTEXT(2) 
PARAMETRIC_REPRESENTATION_CONTEXT() REPRESENTATION_CONTEXT('2D SPACE',''
  ) );
#10408 = PCURVE('',#4175,#10409);
#10409 = DEFINITIONAL_REPRESENTATION('',(#10410),#10414);
#10410 = LINE('',#10411,#10412);
#10411 = CARTESIAN_POINT('',(-0.2,-0.2));
#10412 = VECTOR('',#10413,1.);
#10413 = DIRECTION('',(0.,-1.));
#10414 = ( GEOMETRIC_REPRESENTATION_CONTEXT(2) 
PARAMETRIC_REPRESENTATION_CONTEXT() REPRESENTATION_CONTEXT('2D SPACE',''
  ) );
#10415 = ORIENTED_EDGE('',*,*,#10416,.F.);
#10416 = EDGE_CURVE('',#3057,#10394,#10417,.T.);
#10417 = SURFACE_CURVE('',#10418,(#10423,#10430),.PCURVE_S1.);
#10418 = CIRCLE('',#10419,0.2);
#10419 = AXIS2_PLACEMENT_3D('',#10420,#10421,#10422);
#10420 = CARTESIAN_POINT('',(-2.555,-2.1,1.541926223421));
#10421 = DIRECTION('',(-9.47335896082E-33,-1.,2.22044604925E-16));
#10422 = DIRECTION('',(0.707106781187,1.570092458684E-16,0.707106781187)
  );
#10423 = PCURVE('',#2737,#10424);
#10424 = DEFINITIONAL_REPRESENTATION('',(#10425),#10429);
#10425 = CIRCLE('',#10426,0.2);
#10426 = AXIS2_PLACEMENT_2D('',#10427,#10428);
#10427 = CARTESIAN_POINT('',(-4.355,-1.3));
#10428 = DIRECTION('',(0.707106781187,0.707106781187));
#10429 = ( GEOMETRIC_REPRESENTATION_CONTEXT(2) 
PARAMETRIC_REPRESENTATION_CONTEXT() REPRESENTATION_CONTEXT('2D SPACE',''
  ) );
#10430 = PCURVE('',#3151,#10431);
#10431 = DEFINITIONAL_REPRESENTATION('',(#10432),#10436);
#10432 = LINE('',#10433,#10434);
#10433 = CARTESIAN_POINT('',(0.,0.2));
#10434 = VECTOR('',#10435,1.);
#10435 = DIRECTION('',(1.,0.));
#10436 = ( GEOMETRIC_REPRESENTATION_CONTEXT(2) 
PARAMETRIC_REPRESENTATION_CONTEXT() REPRESENTATION_CONTEXT('2D SPACE',''
  ) );
#10437 = ORIENTED_EDGE('',*,*,#3054,.F.);
#10438 = ORIENTED_EDGE('',*,*,#10439,.F.);
#10439 = EDGE_CURVE('',#10440,#3055,#10442,.T.);
#10440 = VERTEX_POINT('',#10441);
#10441 = CARTESIAN_POINT('',(-2.355,-2.1,0.841926223421));
#10442 = SURFACE_CURVE('',#10443,(#10447,#10454),.PCURVE_S1.);
#10443 = LINE('',#10444,#10445);
#10444 = CARTESIAN_POINT('',(-2.355,-2.1,0.841926223421));
#10445 = VECTOR('',#10446,1.);
#10446 = DIRECTION('',(0.,2.22044604925E-16,1.));
#10447 = PCURVE('',#2737,#10448);
#10448 = DEFINITIONAL_REPRESENTATION('',(#10449),#10453);
#10449 = LINE('',#10450,#10451);
#10450 = CARTESIAN_POINT('',(-4.155,-2.));
#10451 = VECTOR('',#10452,1.);
#10452 = DIRECTION('',(0.,1.));
#10453 = ( GEOMETRIC_REPRESENTATION_CONTEXT(2) 
PARAMETRIC_REPRESENTATION_CONTEXT() REPRESENTATION_CONTEXT('2D SPACE',''
  ) );
#10454 = PCURVE('',#3101,#10455);
#10455 = DEFINITIONAL_REPRESENTATION('',(#10456),#10460);
#10456 = LINE('',#10457,#10458);
#10457 = CARTESIAN_POINT('',(0.2,0.2));
#10458 = VECTOR('',#10459,1.);
#10459 = DIRECTION('',(0.,1.));
#10460 = ( GEOMETRIC_REPRESENTATION_CONTEXT(2) 
PARAMETRIC_REPRESENTATION_CONTEXT() REPRESENTATION_CONTEXT('2D SPACE',''
  ) );
#10461 = ORIENTED_EDGE('',*,*,#10462,.F.);
#10462 = EDGE_CURVE('',#3169,#10440,#10463,.T.);
#10463 = SURFACE_CURVE('',#10464,(#10469,#10480),.PCURVE_S1.);
#10464 = CIRCLE('',#10465,0.2);
#10465 = AXIS2_PLACEMENT_3D('',#10466,#10467,#10468);
#10466 = CARTESIAN_POINT('',(-2.155,-2.1,0.841926223421));
#10467 = DIRECTION('',(9.47335896082E-33,1.,-2.22044604925E-16));
#10468 = DIRECTION('',(-0.707106781187,-1.570092458684E-16,
    -0.707106781187));
#10469 = PCURVE('',#2737,#10470);
#10470 = DEFINITIONAL_REPRESENTATION('',(#10471),#10479);
#10471 = ( BOUNDED_CURVE() B_SPLINE_CURVE(2,(#10472,#10473,#10474,#10475
    ,#10476,#10477,#10478),.UNSPECIFIED.,.T.,.F.) 
B_SPLINE_CURVE_WITH_KNOTS((1,2,2,2,2,1),(-2.094395102393,0.,
    2.094395102393,4.188790204786,6.28318530718,8.377580409573),
.UNSPECIFIED.) CURVE() GEOMETRIC_REPRESENTATION_ITEM() 
RATIONAL_B_SPLINE_CURVE((1.,0.5,1.,0.5,1.,0.5,1.)) REPRESENTATION_ITEM(
  '') );
#10472 = CARTESIAN_POINT('',(-4.096421356237,-2.141421356237));
#10473 = CARTESIAN_POINT('',(-4.341370330516,-1.896472381959));
#10474 = CARTESIAN_POINT('',(-4.006763809021,-1.806814834742));
#10475 = CARTESIAN_POINT('',(-3.672157287525,-1.717157287525));
#10476 = CARTESIAN_POINT('',(-3.761814834742,-2.05176380902));
#10477 = CARTESIAN_POINT('',(-3.851472381959,-2.386370330516));
#10478 = CARTESIAN_POINT('',(-4.096421356237,-2.141421356237));
#10479 = ( GEOMETRIC_REPRESENTATION_CONTEXT(2) 
PARAMETRIC_REPRESENTATION_CONTEXT() REPRESENTATION_CONTEXT('2D SPACE',''
  ) );
#10480 = PCURVE('',#3189,#10481);
#10481 = DEFINITIONAL_REPRESENTATION('',(#10482),#10486);
#10482 = LINE('',#10483,#10484);
#10483 = CARTESIAN_POINT('',(6.28318530718,0.2));
#10484 = VECTOR('',#10485,1.);
#10485 = DIRECTION('',(-1.,0.));
#10486 = ( GEOMETRIC_REPRESENTATION_CONTEXT(2) 
PARAMETRIC_REPRESENTATION_CONTEXT() REPRESENTATION_CONTEXT('2D SPACE',''
  ) );
#10487 = ORIENTED_EDGE('',*,*,#3257,.F.);
#10488 = ORIENTED_EDGE('',*,*,#10489,.F.);
#10489 = EDGE_CURVE('',#10490,#3230,#10492,.T.);
#10490 = VERTEX_POINT('',#10491);
#10491 = CARTESIAN_POINT('',(2.155,-2.1,0.641926223421));
#10492 = SURFACE_CURVE('',#10493,(#10497,#10504),.PCURVE_S1.);
#10493 = LINE('',#10494,#10495);
#10494 = CARTESIAN_POINT('',(2.155,-2.1,0.641926223421));
#10495 = VECTOR('',#10496,1.);
#10496 = DIRECTION('',(-1.,0.,0.));
#10497 = PCURVE('',#2737,#10498);
#10498 = DEFINITIONAL_REPRESENTATION('',(#10499),#10503);
#10499 = LINE('',#10500,#10501);
#10500 = CARTESIAN_POINT('',(0.355,-2.2));
#10501 = VECTOR('',#10502,1.);
#10502 = DIRECTION('',(-1.,0.));
#10503 = ( GEOMETRIC_REPRESENTATION_CONTEXT(2) 
PARAMETRIC_REPRESENTATION_CONTEXT() REPRESENTATION_CONTEXT('2D SPACE',''
  ) );
#10504 = PCURVE('',#3245,#10505);
#10505 = DEFINITIONAL_REPRESENTATION('',(#10506),#10510);
#10506 = LINE('',#10507,#10508);
#10507 = CARTESIAN_POINT('',(-0.2,-0.2));
#10508 = VECTOR('',#10509,1.);
#10509 = DIRECTION('',(0.,-1.));
#10510 = ( GEOMETRIC_REPRESENTATION_CONTEXT(2) 
PARAMETRIC_REPRESENTATION_CONTEXT() REPRESENTATION_CONTEXT('2D SPACE',''
  ) );
#10511 = ORIENTED_EDGE('',*,*,#10512,.F.);
#10512 = EDGE_CURVE('',#3401,#10490,#10513,.T.);
#10513 = SURFACE_CURVE('',#10514,(#10519,#10530),.PCURVE_S1.);
#10514 = CIRCLE('',#10515,0.2);
#10515 = AXIS2_PLACEMENT_3D('',#10516,#10517,#10518);
#10516 = CARTESIAN_POINT('',(2.155,-2.1,0.841926223421));
#10517 = DIRECTION('',(-9.47335896082E-33,1.,-2.22044604925E-16));
#10518 = DIRECTION('',(0.707106781187,-1.570092458684E-16,
    -0.707106781187));
#10519 = PCURVE('',#2737,#10520);
#10520 = DEFINITIONAL_REPRESENTATION('',(#10521),#10529);
#10521 = ( BOUNDED_CURVE() B_SPLINE_CURVE(2,(#10522,#10523,#10524,#10525
    ,#10526,#10527,#10528),.UNSPECIFIED.,.T.,.F.) 
B_SPLINE_CURVE_WITH_KNOTS((1,2,2,2,2,1),(-2.094395102393,0.,
    2.094395102393,4.188790204786,6.28318530718,8.377580409573),
.UNSPECIFIED.) CURVE() GEOMETRIC_REPRESENTATION_ITEM() 
RATIONAL_B_SPLINE_CURVE((1.,0.5,1.,0.5,1.,0.5,1.)) REPRESENTATION_ITEM(
  '') );
#10522 = CARTESIAN_POINT('',(0.496421356237,-2.141421356237));
#10523 = CARTESIAN_POINT('',(0.251472381959,-2.386370330516));
#10524 = CARTESIAN_POINT('',(0.161814834742,-2.05176380902));
#10525 = CARTESIAN_POINT('',(7.215728752517E-02,-1.717157287525));
#10526 = CARTESIAN_POINT('',(0.40676380902,-1.806814834742));
#10527 = CARTESIAN_POINT('',(0.741370330515,-1.896472381959));
#10528 = CARTESIAN_POINT('',(0.496421356237,-2.141421356237));
#10529 = ( GEOMETRIC_REPRESENTATION_CONTEXT(2) 
PARAMETRIC_REPRESENTATION_CONTEXT() REPRESENTATION_CONTEXT('2D SPACE',''
  ) );
#10530 = PCURVE('',#3421,#10531);
#10531 = DEFINITIONAL_REPRESENTATION('',(#10532),#10536);
#10532 = LINE('',#10533,#10534);
#10533 = CARTESIAN_POINT('',(6.28318530718,0.2));
#10534 = VECTOR('',#10535,1.);
#10535 = DIRECTION('',(-1.,0.));
#10536 = ( GEOMETRIC_REPRESENTATION_CONTEXT(2) 
PARAMETRIC_REPRESENTATION_CONTEXT() REPRESENTATION_CONTEXT('2D SPACE',''
  ) );
#10537 = ORIENTED_EDGE('',*,*,#3489,.F.);
#10538 = ORIENTED_EDGE('',*,*,#10539,.F.);
#10539 = EDGE_CURVE('',#10540,#3462,#10542,.T.);
#10540 = VERTEX_POINT('',#10541);
#10541 = CARTESIAN_POINT('',(2.355,-2.1,1.541926223421));
#10542 = SURFACE_CURVE('',#10543,(#10547,#10554),.PCURVE_S1.);
#10543 = LINE('',#10544,#10545);
#10544 = CARTESIAN_POINT('',(2.355,-2.1,1.541926223421));
#10545 = VECTOR('',#10546,1.);
#10546 = DIRECTION('',(0.,-2.22044604925E-16,-1.));
#10547 = PCURVE('',#2737,#10548);
#10548 = DEFINITIONAL_REPRESENTATION('',(#10549),#10553);
#10549 = LINE('',#10550,#10551);
#10550 = CARTESIAN_POINT('',(0.555,-1.3));
#10551 = VECTOR('',#10552,1.);
#10552 = DIRECTION('',(0.,-1.));
#10553 = ( GEOMETRIC_REPRESENTATION_CONTEXT(2) 
PARAMETRIC_REPRESENTATION_CONTEXT() REPRESENTATION_CONTEXT('2D SPACE',''
  ) );
#10554 = PCURVE('',#3477,#10555);
#10555 = DEFINITIONAL_REPRESENTATION('',(#10556),#10560);
#10556 = LINE('',#10557,#10558);
#10557 = CARTESIAN_POINT('',(-0.2,-0.2));
#10558 = VECTOR('',#10559,1.);
#10559 = DIRECTION('',(0.,-1.));
#10560 = ( GEOMETRIC_REPRESENTATION_CONTEXT(2) 
PARAMETRIC_REPRESENTATION_CONTEXT() REPRESENTATION_CONTEXT('2D SPACE',''
  ) );
#10561 = ORIENTED_EDGE('',*,*,#10562,.F.);
#10562 = EDGE_CURVE('',#3521,#10540,#10563,.T.);
#10563 = SURFACE_CURVE('',#10564,(#10569,#10576),.PCURVE_S1.);
#10564 = CIRCLE('',#10565,0.2);
#10565 = AXIS2_PLACEMENT_3D('',#10566,#10567,#10568);
#10566 = CARTESIAN_POINT('',(2.555,-2.1,1.541926223421));
#10567 = DIRECTION('',(2.252983656874E-33,-1.,2.22044604925E-16));
#10568 = DIRECTION('',(-0.707106781187,1.570092458684E-16,0.707106781187
    ));
#10569 = PCURVE('',#2737,#10570);
#10570 = DEFINITIONAL_REPRESENTATION('',(#10571),#10575);
#10571 = CIRCLE('',#10572,0.2);
#10572 = AXIS2_PLACEMENT_2D('',#10573,#10574);
#10573 = CARTESIAN_POINT('',(0.755,-1.3));
#10574 = DIRECTION('',(-0.707106781187,0.707106781187));
#10575 = ( GEOMETRIC_REPRESENTATION_CONTEXT(2) 
PARAMETRIC_REPRESENTATION_CONTEXT() REPRESENTATION_CONTEXT('2D SPACE',''
  ) );
#10576 = PCURVE('',#3615,#10577);
#10577 = DEFINITIONAL_REPRESENTATION('',(#10578),#10582);
#10578 = LINE('',#10579,#10580);
#10579 = CARTESIAN_POINT('',(0.,0.2));
#10580 = VECTOR('',#10581,1.);
#10581 = DIRECTION('',(1.,0.));
#10582 = ( GEOMETRIC_REPRESENTATION_CONTEXT(2) 
PARAMETRIC_REPRESENTATION_CONTEXT() REPRESENTATION_CONTEXT('2D SPACE',''
  ) );
#10583 = ORIENTED_EDGE('',*,*,#3518,.F.);
#10584 = ORIENTED_EDGE('',*,*,#10585,.F.);
#10585 = EDGE_CURVE('',#10586,#3519,#10588,.T.);
#10586 = VERTEX_POINT('',#10587);
#10587 = CARTESIAN_POINT('',(2.6,-2.1,1.741926223421));
#10588 = SURFACE_CURVE('',#10589,(#10593,#10600),.PCURVE_S1.);
#10589 = LINE('',#10590,#10591);
#10590 = CARTESIAN_POINT('',(2.6,-2.1,1.741926223421));
#10591 = VECTOR('',#10592,1.);
#10592 = DIRECTION('',(-1.,0.,0.));
#10593 = PCURVE('',#2737,#10594);
#10594 = DEFINITIONAL_REPRESENTATION('',(#10595),#10599);
#10595 = LINE('',#10596,#10597);
#10596 = CARTESIAN_POINT('',(0.8,-1.1));
#10597 = VECTOR('',#10598,1.);
#10598 = DIRECTION('',(-1.,0.));
#10599 = ( GEOMETRIC_REPRESENTATION_CONTEXT(2) 
PARAMETRIC_REPRESENTATION_CONTEXT() REPRESENTATION_CONTEXT('2D SPACE',''
  ) );
#10600 = PCURVE('',#3565,#10601);
#10601 = DEFINITIONAL_REPRESENTATION('',(#10602),#10606);
#10602 = LINE('',#10603,#10604);
#10603 = CARTESIAN_POINT('',(-0.2,-0.2));
#10604 = VECTOR('',#10605,1.);
#10605 = DIRECTION('',(0.,-1.));
#10606 = ( GEOMETRIC_REPRESENTATION_CONTEXT(2) 
PARAMETRIC_REPRESENTATION_CONTEXT() REPRESENTATION_CONTEXT('2D SPACE',''
  ) );
#10607 = ORIENTED_EDGE('',*,*,#10608,.F.);
#10608 = EDGE_CURVE('',#3633,#10586,#10609,.T.);
#10609 = SURFACE_CURVE('',#10610,(#10615,#10626),.PCURVE_S1.);
#10610 = CIRCLE('',#10611,0.2);
#10611 = AXIS2_PLACEMENT_3D('',#10612,#10613,#10614);
#10612 = CARTESIAN_POINT('',(2.6,-2.1,1.941926223421));
#10613 = DIRECTION('',(-2.252983656874E-33,1.,-2.22044604925E-16));
#10614 = DIRECTION('',(0.707106781187,-1.570092458684E-16,
    -0.707106781187));
#10615 = PCURVE('',#2737,#10616);
#10616 = DEFINITIONAL_REPRESENTATION('',(#10617),#10625);
#10617 = ( BOUNDED_CURVE() B_SPLINE_CURVE(2,(#10618,#10619,#10620,#10621
    ,#10622,#10623,#10624),.UNSPECIFIED.,.T.,.F.) 
B_SPLINE_CURVE_WITH_KNOTS((1,2,2,2,2,1),(-2.094395102393,0.,
    2.094395102393,4.188790204786,6.28318530718,8.377580409573),
.UNSPECIFIED.) CURVE() GEOMETRIC_REPRESENTATION_ITEM() 
RATIONAL_B_SPLINE_CURVE((1.,0.5,1.,0.5,1.,0.5,1.)) REPRESENTATION_ITEM(
  '') );
#10618 = CARTESIAN_POINT('',(0.941421356237,-1.041421356237));
#10619 = CARTESIAN_POINT('',(0.696472381959,-1.286370330516));
#10620 = CARTESIAN_POINT('',(0.606814834742,-0.95176380902));
#10621 = CARTESIAN_POINT('',(0.517157287525,-0.617157287525));
#10622 = CARTESIAN_POINT('',(0.85176380902,-0.706814834742));
#10623 = CARTESIAN_POINT('',(1.186370330515,-0.796472381959));
#10624 = CARTESIAN_POINT('',(0.941421356237,-1.041421356237));
#10625 = ( GEOMETRIC_REPRESENTATION_CONTEXT(2) 
PARAMETRIC_REPRESENTATION_CONTEXT() REPRESENTATION_CONTEXT('2D SPACE',''
  ) );
#10626 = PCURVE('',#3653,#10627);
#10627 = DEFINITIONAL_REPRESENTATION('',(#10628),#10632);
#10628 = LINE('',#10629,#10630);
#10629 = CARTESIAN_POINT('',(6.28318530718,0.2));
#10630 = VECTOR('',#10631,1.);
#10631 = DIRECTION('',(-1.,0.));
#10632 = ( GEOMETRIC_REPRESENTATION_CONTEXT(2) 
PARAMETRIC_REPRESENTATION_CONTEXT() REPRESENTATION_CONTEXT('2D SPACE',''
  ) );
#10633 = ORIENTED_EDGE('',*,*,#3721,.F.);
#10634 = ORIENTED_EDGE('',*,*,#10635,.F.);
#10635 = EDGE_CURVE('',#10636,#3694,#10638,.T.);
#10636 = VERTEX_POINT('',#10637);
#10637 = CARTESIAN_POINT('',(2.8,-2.1,3.741926223421));
#10638 = SURFACE_CURVE('',#10639,(#10643,#10650),.PCURVE_S1.);
#10639 = LINE('',#10640,#10641);
#10640 = CARTESIAN_POINT('',(2.8,-2.1,3.741926223421));
#10641 = VECTOR('',#10642,1.);
#10642 = DIRECTION('',(0.,-2.22044604925E-16,-1.));
#10643 = PCURVE('',#2737,#10644);
#10644 = DEFINITIONAL_REPRESENTATION('',(#10645),#10649);
#10645 = LINE('',#10646,#10647);
#10646 = CARTESIAN_POINT('',(1.,0.9));
#10647 = VECTOR('',#10648,1.);
#10648 = DIRECTION('',(0.,-1.));
#10649 = ( GEOMETRIC_REPRESENTATION_CONTEXT(2) 
PARAMETRIC_REPRESENTATION_CONTEXT() REPRESENTATION_CONTEXT('2D SPACE',''
  ) );
#10650 = PCURVE('',#3709,#10651);
#10651 = DEFINITIONAL_REPRESENTATION('',(#10652),#10656);
#10652 = LINE('',#10653,#10654);
#10653 = CARTESIAN_POINT('',(-0.2,-0.2));
#10654 = VECTOR('',#10655,1.);
#10655 = DIRECTION('',(0.,-1.));
#10656 = ( GEOMETRIC_REPRESENTATION_CONTEXT(2) 
PARAMETRIC_REPRESENTATION_CONTEXT() REPRESENTATION_CONTEXT('2D SPACE',''
  ) );
#10657 = ORIENTED_EDGE('',*,*,#10658,.F.);
#10658 = EDGE_CURVE('',#3753,#10636,#10659,.T.);
#10659 = SURFACE_CURVE('',#10660,(#10665,#10676),.PCURVE_S1.);
#10660 = CIRCLE('',#10661,0.2);
#10661 = AXIS2_PLACEMENT_3D('',#10662,#10663,#10664);
#10662 = CARTESIAN_POINT('',(2.6,-2.1,3.741926223421));
#10663 = DIRECTION('',(2.252983656874E-33,1.,-2.22044604925E-16));
#10664 = DIRECTION('',(0.707106781187,1.570092458684E-16,0.707106781187)
  );
#10665 = PCURVE('',#2737,#10666);
#10666 = DEFINITIONAL_REPRESENTATION('',(#10667),#10675);
#10667 = ( BOUNDED_CURVE() B_SPLINE_CURVE(2,(#10668,#10669,#10670,#10671
    ,#10672,#10673,#10674),.UNSPECIFIED.,.T.,.F.) 
B_SPLINE_CURVE_WITH_KNOTS((1,2,2,2,2,1),(-2.094395102393,0.,
    2.094395102393,4.188790204786,6.28318530718,8.377580409573),
.UNSPECIFIED.) CURVE() GEOMETRIC_REPRESENTATION_ITEM() 
RATIONAL_B_SPLINE_CURVE((1.,0.5,1.,0.5,1.,0.5,1.)) REPRESENTATION_ITEM(
  '') );
#10668 = CARTESIAN_POINT('',(0.941421356237,1.041421356237));
#10669 = CARTESIAN_POINT('',(1.186370330515,0.796472381959));
#10670 = CARTESIAN_POINT('',(0.85176380902,0.706814834742));
#10671 = CARTESIAN_POINT('',(0.517157287525,0.617157287525));
#10672 = CARTESIAN_POINT('',(0.606814834742,0.95176380902));
#10673 = CARTESIAN_POINT('',(0.696472381959,1.286370330516));
#10674 = CARTESIAN_POINT('',(0.941421356237,1.041421356237));
#10675 = ( GEOMETRIC_REPRESENTATION_CONTEXT(2) 
PARAMETRIC_REPRESENTATION_CONTEXT() REPRESENTATION_CONTEXT('2D SPACE',''
  ) );
#10676 = PCURVE('',#3773,#10677);
#10677 = DEFINITIONAL_REPRESENTATION('',(#10678),#10682);
#10678 = LINE('',#10679,#10680);
#10679 = CARTESIAN_POINT('',(6.28318530718,0.2));
#10680 = VECTOR('',#10681,1.);
#10681 = DIRECTION('',(-1.,0.));
#10682 = ( GEOMETRIC_REPRESENTATION_CONTEXT(2) 
PARAMETRIC_REPRESENTATION_CONTEXT() REPRESENTATION_CONTEXT('2D SPACE',''
  ) );
#10683 = ORIENTED_EDGE('',*,*,#3841,.F.);
#10684 = ORIENTED_EDGE('',*,*,#10685,.F.);
#10685 = EDGE_CURVE('',#10686,#3814,#10688,.T.);
#10686 = VERTEX_POINT('',#10687);
#10687 = CARTESIAN_POINT('',(2.5,-2.1,3.941926223421));
#10688 = SURFACE_CURVE('',#10689,(#10693,#10700),.PCURVE_S1.);
#10689 = LINE('',#10690,#10691);
#10690 = CARTESIAN_POINT('',(2.5,-2.1,3.941926223421));
#10691 = VECTOR('',#10692,1.);
#10692 = DIRECTION('',(1.,0.,0.));
#10693 = PCURVE('',#2737,#10694);
#10694 = DEFINITIONAL_REPRESENTATION('',(#10695),#10699);
#10695 = LINE('',#10696,#10697);
#10696 = CARTESIAN_POINT('',(0.7,1.1));
#10697 = VECTOR('',#10698,1.);
#10698 = DIRECTION('',(1.,0.));
#10699 = ( GEOMETRIC_REPRESENTATION_CONTEXT(2) 
PARAMETRIC_REPRESENTATION_CONTEXT() REPRESENTATION_CONTEXT('2D SPACE',''
  ) );
#10700 = PCURVE('',#3829,#10701);
#10701 = DEFINITIONAL_REPRESENTATION('',(#10702),#10706);
#10702 = LINE('',#10703,#10704);
#10703 = CARTESIAN_POINT('',(0.2,0.2));
#10704 = VECTOR('',#10705,1.);
#10705 = DIRECTION('',(0.,1.));
#10706 = ( GEOMETRIC_REPRESENTATION_CONTEXT(2) 
PARAMETRIC_REPRESENTATION_CONTEXT() REPRESENTATION_CONTEXT('2D SPACE',''
  ) );
#10707 = ORIENTED_EDGE('',*,*,#10708,.F.);
#10708 = EDGE_CURVE('',#3873,#10686,#10709,.T.);
#10709 = SURFACE_CURVE('',#10710,(#10715,#10722),.PCURVE_S1.);
#10710 = CIRCLE('',#10711,0.2);
#10711 = AXIS2_PLACEMENT_3D('',#10712,#10713,#10714);
#10712 = CARTESIAN_POINT('',(2.5,-2.1,4.141926223421));
#10713 = DIRECTION('',(-9.47335896082E-33,-1.,2.22044604925E-16));
#10714 = DIRECTION('',(-0.707106781187,-1.570092458684E-16,
    -0.707106781187));
#10715 = PCURVE('',#2737,#10716);
#10716 = DEFINITIONAL_REPRESENTATION('',(#10717),#10721);
#10717 = CIRCLE('',#10718,0.2);
#10718 = AXIS2_PLACEMENT_2D('',#10719,#10720);
#10719 = CARTESIAN_POINT('',(0.7,1.3));
#10720 = DIRECTION('',(-0.707106781187,-0.707106781187));
#10721 = ( GEOMETRIC_REPRESENTATION_CONTEXT(2) 
PARAMETRIC_REPRESENTATION_CONTEXT() REPRESENTATION_CONTEXT('2D SPACE',''
  ) );
#10722 = PCURVE('',#3967,#10723);
#10723 = DEFINITIONAL_REPRESENTATION('',(#10724),#10728);
#10724 = LINE('',#10725,#10726);
#10725 = CARTESIAN_POINT('',(0.,0.2));
#10726 = VECTOR('',#10727,1.);
#10727 = DIRECTION('',(1.,0.));
#10728 = ( GEOMETRIC_REPRESENTATION_CONTEXT(2) 
PARAMETRIC_REPRESENTATION_CONTEXT() REPRESENTATION_CONTEXT('2D SPACE',''
  ) );
#10729 = ORIENTED_EDGE('',*,*,#3870,.F.);
#10730 = ORIENTED_EDGE('',*,*,#10731,.F.);
#10731 = EDGE_CURVE('',#5573,#3871,#10732,.T.);
#10732 = SURFACE_CURVE('',#10733,(#10737,#10744),.PCURVE_S1.);
#10733 = LINE('',#10734,#10735);
#10734 = CARTESIAN_POINT('',(2.3,-2.1,4.941926223421));
#10735 = VECTOR('',#10736,1.);
#10736 = DIRECTION('',(0.,-2.22044604925E-16,-1.));
#10737 = PCURVE('',#2737,#10738);
#10738 = DEFINITIONAL_REPRESENTATION('',(#10739),#10743);
#10739 = LINE('',#10740,#10741);
#10740 = CARTESIAN_POINT('',(0.5,2.1));
#10741 = VECTOR('',#10742,1.);
#10742 = DIRECTION('',(0.,-1.));
#10743 = ( GEOMETRIC_REPRESENTATION_CONTEXT(2) 
PARAMETRIC_REPRESENTATION_CONTEXT() REPRESENTATION_CONTEXT('2D SPACE',''
  ) );
#10744 = PCURVE('',#3917,#10745);
#10745 = DEFINITIONAL_REPRESENTATION('',(#10746),#10750);
#10746 = LINE('',#10747,#10748);
#10747 = CARTESIAN_POINT('',(-0.2,-0.3));
#10748 = VECTOR('',#10749,1.);
#10749 = DIRECTION('',(0.,-1.));
#10750 = ( GEOMETRIC_REPRESENTATION_CONTEXT(2) 
PARAMETRIC_REPRESENTATION_CONTEXT() REPRESENTATION_CONTEXT('2D SPACE',''
  ) );
#10751 = FACE_BOUND('',#10752,.T.);
#10752 = EDGE_LOOP('',(#10753,#10775));
#10753 = ORIENTED_EDGE('',*,*,#10754,.F.);
#10754 = EDGE_CURVE('',#2716,#2714,#10755,.T.);
#10755 = SURFACE_CURVE('',#10756,(#10761,#10768),.PCURVE_S1.);
#10756 = CIRCLE('',#10757,1.8);
#10757 = AXIS2_PLACEMENT_3D('',#10758,#10759,#10760);
#10758 = CARTESIAN_POINT('',(2.277067423506E-13,-2.1,2.841926223421));
#10759 = DIRECTION('',(0.,-1.,2.22044604925E-16));
#10760 = DIRECTION('',(1.,0.,0.));
#10761 = PCURVE('',#2737,#10762);
#10762 = DEFINITIONAL_REPRESENTATION('',(#10763),#10767);
#10763 = CIRCLE('',#10764,1.8);
#10764 = AXIS2_PLACEMENT_2D('',#10765,#10766);
#10765 = CARTESIAN_POINT('',(-1.8,0.));
#10766 = DIRECTION('',(1.,0.));
#10767 = ( GEOMETRIC_REPRESENTATION_CONTEXT(2) 
PARAMETRIC_REPRESENTATION_CONTEXT() REPRESENTATION_CONTEXT('2D SPACE',''
  ) );
#10768 = PCURVE('',#2765,#10769);
#10769 = DEFINITIONAL_REPRESENTATION('',(#10770),#10774);
#10770 = LINE('',#10771,#10772);
#10771 = CARTESIAN_POINT('',(0.,0.2));
#10772 = VECTOR('',#10773,1.);
#10773 = DIRECTION('',(1.,0.));
#10774 = ( GEOMETRIC_REPRESENTATION_CONTEXT(2) 
PARAMETRIC_REPRESENTATION_CONTEXT() REPRESENTATION_CONTEXT('2D SPACE',''
  ) );
#10775 = ORIENTED_EDGE('',*,*,#2713,.F.);
#10776 = ADVANCED_FACE('',(#10777),#4819,.T.);
#10777 = FACE_BOUND('',#10778,.T.);
#10778 = EDGE_LOOP('',(#10779,#10780,#10781,#10782,#10783,#10784,#10785,
    #10786,#10807,#10808));
#10779 = ORIENTED_EDGE('',*,*,#9364,.F.);
#10780 = ORIENTED_EDGE('',*,*,#8336,.T.);
#10781 = ORIENTED_EDGE('',*,*,#10175,.F.);
#10782 = ORIENTED_EDGE('',*,*,#8781,.F.);
#10783 = ORIENTED_EDGE('',*,*,#4802,.F.);
#10784 = ORIENTED_EDGE('',*,*,#9443,.F.);
#10785 = ORIENTED_EDGE('',*,*,#10063,.F.);
#10786 = ORIENTED_EDGE('',*,*,#10787,.F.);
#10787 = EDGE_CURVE('',#10212,#10040,#10788,.T.);
#10788 = SURFACE_CURVE('',#10789,(#10793,#10800),.PCURVE_S1.);
#10789 = LINE('',#10790,#10791);
#10790 = CARTESIAN_POINT('',(-2.3,-2.1,4.141926223421));
#10791 = VECTOR('',#10792,1.);
#10792 = DIRECTION('',(0.,1.,-2.22044604925E-16));
#10793 = PCURVE('',#4819,#10794);
#10794 = DEFINITIONAL_REPRESENTATION('',(#10795),#10799);
#10795 = LINE('',#10796,#10797);
#10796 = CARTESIAN_POINT('',(0.2,0.2));
#10797 = VECTOR('',#10798,1.);
#10798 = DIRECTION('',(-1.,0.));
#10799 = ( GEOMETRIC_REPRESENTATION_CONTEXT(2) 
PARAMETRIC_REPRESENTATION_CONTEXT() REPRESENTATION_CONTEXT('2D SPACE',''
  ) );
#10800 = PCURVE('',#3383,#10801);
#10801 = DEFINITIONAL_REPRESENTATION('',(#10802),#10806);
#10802 = LINE('',#10803,#10804);
#10803 = CARTESIAN_POINT('',(0.785398163397,0.2));
#10804 = VECTOR('',#10805,1.);
#10805 = DIRECTION('',(0.,-1.));
#10806 = ( GEOMETRIC_REPRESENTATION_CONTEXT(2) 
PARAMETRIC_REPRESENTATION_CONTEXT() REPRESENTATION_CONTEXT('2D SPACE',''
  ) );
#10807 = ORIENTED_EDGE('',*,*,#10211,.T.);
#10808 = ORIENTED_EDGE('',*,*,#5128,.F.);
#10809 = ADVANCED_FACE('',(#10810),#4354,.T.);
#10810 = FACE_BOUND('',#10811,.T.);
#10811 = EDGE_LOOP('',(#10812,#10813,#10841,#10869));
#10812 = ORIENTED_EDGE('',*,*,#4331,.T.);
#10813 = ORIENTED_EDGE('',*,*,#10814,.T.);
#10814 = EDGE_CURVE('',#4334,#10815,#10817,.T.);
#10815 = VERTEX_POINT('',#10816);
#10816 = CARTESIAN_POINT('',(-3.9,-1.8,2.241926223421));
#10817 = SURFACE_CURVE('',#10818,(#10823,#10830),.PCURVE_S1.);
#10818 = CIRCLE('',#10819,0.3);
#10819 = AXIS2_PLACEMENT_3D('',#10820,#10821,#10822);
#10820 = CARTESIAN_POINT('',(-3.6,-1.8,2.241926223421));
#10821 = DIRECTION('',(-2.252983656874E-33,-2.22044604925E-16,-1.));
#10822 = DIRECTION('',(-0.707106781187,-0.707106781187,
    1.570092458684E-16));
#10823 = PCURVE('',#4354,#10824);
#10824 = DEFINITIONAL_REPRESENTATION('',(#10825),#10829);
#10825 = LINE('',#10826,#10827);
#10826 = CARTESIAN_POINT('',(6.28318530718,-4.999999999995E-02));
#10827 = VECTOR('',#10828,1.);
#10828 = DIRECTION('',(-1.,0.));
#10829 = ( GEOMETRIC_REPRESENTATION_CONTEXT(2) 
PARAMETRIC_REPRESENTATION_CONTEXT() REPRESENTATION_CONTEXT('2D SPACE',''
  ) );
#10830 = PCURVE('',#2989,#10831);
#10831 = DEFINITIONAL_REPRESENTATION('',(#10832),#10840);
#10832 = ( BOUNDED_CURVE() B_SPLINE_CURVE(2,(#10833,#10834,#10835,#10836
    ,#10837,#10838,#10839),.UNSPECIFIED.,.T.,.F.) 
B_SPLINE_CURVE_WITH_KNOTS((1,2,2,2,2,1),(-2.094395102393,0.,
    2.094395102393,4.188790204786,6.28318530718,8.377580409573),
.UNSPECIFIED.) CURVE() GEOMETRIC_REPRESENTATION_ITEM() 
RATIONAL_B_SPLINE_CURVE((1.,0.5,1.,0.5,1.,0.5,1.)) REPRESENTATION_ITEM(
  '') );
#10833 = CARTESIAN_POINT('',(0.112132034356,8.786796564404E-02));
#10834 = CARTESIAN_POINT('',(-0.255291427062,-0.279555495773));
#10835 = CARTESIAN_POINT('',(-0.389777747887,0.222354286469));
#10836 = CARTESIAN_POINT('',(-0.524264068712,0.724264068712));
#10837 = CARTESIAN_POINT('',(-2.235428646924E-02,0.589777747887));
#10838 = CARTESIAN_POINT('',(0.479555495773,0.455291427062));
#10839 = CARTESIAN_POINT('',(0.112132034356,8.786796564404E-02));
#10840 = ( GEOMETRIC_REPRESENTATION_CONTEXT(2) 
PARAMETRIC_REPRESENTATION_CONTEXT() REPRESENTATION_CONTEXT('2D SPACE',''
  ) );
#10841 = ORIENTED_EDGE('',*,*,#10842,.T.);
#10842 = EDGE_CURVE('',#10815,#10843,#10845,.T.);
#10843 = VERTEX_POINT('',#10844);
#10844 = CARTESIAN_POINT('',(-3.9,-1.8,1.741926223421));
#10845 = SURFACE_CURVE('',#10846,(#10850,#10857),.PCURVE_S1.);
#10846 = LINE('',#10847,#10848);
#10847 = CARTESIAN_POINT('',(-3.9,-1.8,2.241926223421));
#10848 = VECTOR('',#10849,1.);
#10849 = DIRECTION('',(-2.273737E-13,-2.22044604925E-16,-1.));
#10850 = PCURVE('',#4354,#10851);
#10851 = DEFINITIONAL_REPRESENTATION('',(#10852),#10856);
#10852 = LINE('',#10853,#10854);
#10853 = CARTESIAN_POINT('',(5.497787143782,-4.999999999995E-02));
#10854 = VECTOR('',#10855,1.);
#10855 = DIRECTION('',(1.7763568394E-15,-1.));
#10856 = ( GEOMETRIC_REPRESENTATION_CONTEXT(2) 
PARAMETRIC_REPRESENTATION_CONTEXT() REPRESENTATION_CONTEXT('2D SPACE',''
  ) );
#10857 = PCURVE('',#10858,#10863);
#10858 = PLANE('',#10859);
#10859 = AXIS2_PLACEMENT_3D('',#10860,#10861,#10862);
#10860 = CARTESIAN_POINT('',(-3.9,-1.9,1.741926223421));
#10861 = DIRECTION('',(-1.,0.,0.));
#10862 = DIRECTION('',(0.,-1.,2.22044604925E-16));
#10863 = DEFINITIONAL_REPRESENTATION('',(#10864),#10868);
#10864 = LINE('',#10865,#10866);
#10865 = CARTESIAN_POINT('',(-0.1,0.5));
#10866 = VECTOR('',#10867,1.);
#10867 = DIRECTION('',(0.,-1.));
#10868 = ( GEOMETRIC_REPRESENTATION_CONTEXT(2) 
PARAMETRIC_REPRESENTATION_CONTEXT() REPRESENTATION_CONTEXT('2D SPACE',''
  ) );
#10869 = ORIENTED_EDGE('',*,*,#10870,.T.);
#10870 = EDGE_CURVE('',#10843,#4332,#10871,.T.);
#10871 = SURFACE_CURVE('',#10872,(#10877,#10884),.PCURVE_S1.);
#10872 = CIRCLE('',#10873,0.3);
#10873 = AXIS2_PLACEMENT_3D('',#10874,#10875,#10876);
#10874 = CARTESIAN_POINT('',(-3.6,-1.8,1.741926223421));
#10875 = DIRECTION('',(2.252983656874E-33,2.22044604925E-16,1.));
#10876 = DIRECTION('',(-0.707106781187,-0.707106781187,
    1.570092458684E-16));
#10877 = PCURVE('',#4354,#10878);
#10878 = DEFINITIONAL_REPRESENTATION('',(#10879),#10883);
#10879 = LINE('',#10880,#10881);
#10880 = CARTESIAN_POINT('',(-8.881784197001E-16,-0.55));
#10881 = VECTOR('',#10882,1.);
#10882 = DIRECTION('',(1.,0.));
#10883 = ( GEOMETRIC_REPRESENTATION_CONTEXT(2) 
PARAMETRIC_REPRESENTATION_CONTEXT() REPRESENTATION_CONTEXT('2D SPACE',''
  ) );
#10884 = PCURVE('',#4175,#10885);
#10885 = DEFINITIONAL_REPRESENTATION('',(#10886),#10894);
#10886 = ( BOUNDED_CURVE() B_SPLINE_CURVE(2,(#10887,#10888,#10889,#10890
    ,#10891,#10892,#10893),.UNSPECIFIED.,.T.,.F.) 
B_SPLINE_CURVE_WITH_KNOTS((1,2,2,2,2,1),(-2.094395102393,0.,
    2.094395102393,4.188790204786,6.28318530718,8.377580409573),
.UNSPECIFIED.) CURVE() GEOMETRIC_REPRESENTATION_ITEM() 
RATIONAL_B_SPLINE_CURVE((1.,0.5,1.,0.5,1.,0.5,1.)) REPRESENTATION_ITEM(
  '') );
#10887 = CARTESIAN_POINT('',(-0.112132034356,-1.457132034356));
#10888 = CARTESIAN_POINT('',(-0.479555495773,-1.089708572939));
#10889 = CARTESIAN_POINT('',(2.235428646924E-02,-0.955222252113));
#10890 = CARTESIAN_POINT('',(0.524264068712,-0.820735931288));
#10891 = CARTESIAN_POINT('',(0.389777747887,-1.322645713531));
#10892 = CARTESIAN_POINT('',(0.255291427062,-1.824555495774));
#10893 = CARTESIAN_POINT('',(-0.112132034356,-1.457132034356));
#10894 = ( GEOMETRIC_REPRESENTATION_CONTEXT(2) 
PARAMETRIC_REPRESENTATION_CONTEXT() REPRESENTATION_CONTEXT('2D SPACE',''
  ) );
#10895 = ADVANCED_FACE('',(#10896),#2989,.T.);
#10896 = FACE_BOUND('',#10897,.T.);
#10897 = EDGE_LOOP('',(#10898,#10899,#10900,#10901,#10902,#10924,#10925,
    #10948,#10977,#11005,#11038,#11059));
#10898 = ORIENTED_EDGE('',*,*,#4417,.F.);
#10899 = ORIENTED_EDGE('',*,*,#10371,.T.);
#10900 = ORIENTED_EDGE('',*,*,#2973,.F.);
#10901 = ORIENTED_EDGE('',*,*,#9879,.F.);
#10902 = ORIENTED_EDGE('',*,*,#10903,.F.);
#10903 = EDGE_CURVE('',#4102,#9857,#10904,.T.);
#10904 = SURFACE_CURVE('',#10905,(#10910,#10917),.PCURVE_S1.);
#10905 = CIRCLE('',#10906,0.1);
#10906 = AXIS2_PLACEMENT_3D('',#10907,#10908,#10909);
#10907 = CARTESIAN_POINT('',(-3.6,-1.8,2.241926223421));
#10908 = DIRECTION('',(2.252983656874E-33,2.22044604925E-16,1.));
#10909 = DIRECTION('',(-0.707106781187,-0.707106781187,
    1.570092458684E-16));
#10910 = PCURVE('',#2989,#10911);
#10911 = DEFINITIONAL_REPRESENTATION('',(#10912),#10916);
#10912 = CIRCLE('',#10913,1.E-01);
#10913 = AXIS2_PLACEMENT_2D('',#10914,#10915);
#10914 = CARTESIAN_POINT('',(-0.1,0.3));
#10915 = DIRECTION('',(0.707106781187,-0.707106781187));
#10916 = ( GEOMETRIC_REPRESENTATION_CONTEXT(2) 
PARAMETRIC_REPRESENTATION_CONTEXT() REPRESENTATION_CONTEXT('2D SPACE',''
  ) );
#10917 = PCURVE('',#4201,#10918);
#10918 = DEFINITIONAL_REPRESENTATION('',(#10919),#10923);
#10919 = LINE('',#10920,#10921);
#10920 = CARTESIAN_POINT('',(0.,-6.052631578944E-02));
#10921 = VECTOR('',#10922,1.);
#10922 = DIRECTION('',(1.,0.));
#10923 = ( GEOMETRIC_REPRESENTATION_CONTEXT(2) 
PARAMETRIC_REPRESENTATION_CONTEXT() REPRESENTATION_CONTEXT('2D SPACE',''
  ) );
#10924 = ORIENTED_EDGE('',*,*,#4099,.F.);
#10925 = ORIENTED_EDGE('',*,*,#10926,.F.);
#10926 = EDGE_CURVE('',#10927,#4100,#10929,.T.);
#10927 = VERTEX_POINT('',#10928);
#10928 = CARTESIAN_POINT('',(-3.7,-0.9,2.241926223421));
#10929 = SURFACE_CURVE('',#10930,(#10934,#10941),.PCURVE_S1.);
#10930 = LINE('',#10931,#10932);
#10931 = CARTESIAN_POINT('',(-3.7,-0.9,2.241926223421));
#10932 = VECTOR('',#10933,1.);
#10933 = DIRECTION('',(0.,-1.,2.22044604925E-16));
#10934 = PCURVE('',#2989,#10935);
#10935 = DEFINITIONAL_REPRESENTATION('',(#10936),#10940);
#10936 = LINE('',#10937,#10938);
#10937 = CARTESIAN_POINT('',(-1.,0.2));
#10938 = VECTOR('',#10939,1.);
#10939 = DIRECTION('',(1.,0.));
#10940 = ( GEOMETRIC_REPRESENTATION_CONTEXT(2) 
PARAMETRIC_REPRESENTATION_CONTEXT() REPRESENTATION_CONTEXT('2D SPACE',''
  ) );
#10941 = PCURVE('',#4146,#10942);
#10942 = DEFINITIONAL_REPRESENTATION('',(#10943),#10947);
#10943 = LINE('',#10944,#10945);
#10944 = CARTESIAN_POINT('',(0.,0.5));
#10945 = VECTOR('',#10946,1.);
#10946 = DIRECTION('',(-1.,0.));
#10947 = ( GEOMETRIC_REPRESENTATION_CONTEXT(2) 
PARAMETRIC_REPRESENTATION_CONTEXT() REPRESENTATION_CONTEXT('2D SPACE',''
  ) );
#10948 = ORIENTED_EDGE('',*,*,#10949,.F.);
#10949 = EDGE_CURVE('',#10950,#10927,#10952,.T.);
#10950 = VERTEX_POINT('',#10951);
#10951 = CARTESIAN_POINT('',(-3.6,-0.8,2.241926223421));
#10952 = SURFACE_CURVE('',#10953,(#10958,#10965),.PCURVE_S1.);
#10953 = CIRCLE('',#10954,0.1);
#10954 = AXIS2_PLACEMENT_3D('',#10955,#10956,#10957);
#10955 = CARTESIAN_POINT('',(-3.6,-0.9,2.241926223421));
#10956 = DIRECTION('',(-0.,2.22044604925E-16,1.));
#10957 = DIRECTION('',(1.,0.,0.));
#10958 = PCURVE('',#2989,#10959);
#10959 = DEFINITIONAL_REPRESENTATION('',(#10960),#10964);
#10960 = CIRCLE('',#10961,0.1);
#10961 = AXIS2_PLACEMENT_2D('',#10962,#10963);
#10962 = CARTESIAN_POINT('',(-1.,0.3));
#10963 = DIRECTION('',(0.,1.));
#10964 = ( GEOMETRIC_REPRESENTATION_CONTEXT(2) 
PARAMETRIC_REPRESENTATION_CONTEXT() REPRESENTATION_CONTEXT('2D SPACE',''
  ) );
#10965 = PCURVE('',#10966,#10971);
#10966 = CYLINDRICAL_SURFACE('',#10967,0.1);
#10967 = AXIS2_PLACEMENT_3D('',#10968,#10969,#10970);
#10968 = CARTESIAN_POINT('',(-3.6,-0.9,1.741926223421));
#10969 = DIRECTION('',(0.,2.22044604925E-16,1.));
#10970 = DIRECTION('',(1.,0.,0.));
#10971 = DEFINITIONAL_REPRESENTATION('',(#10972),#10976);
#10972 = LINE('',#10973,#10974);
#10973 = CARTESIAN_POINT('',(0.,0.5));
#10974 = VECTOR('',#10975,1.);
#10975 = DIRECTION('',(1.,0.));
#10976 = ( GEOMETRIC_REPRESENTATION_CONTEXT(2) 
PARAMETRIC_REPRESENTATION_CONTEXT() REPRESENTATION_CONTEXT('2D SPACE',''
  ) );
#10977 = ORIENTED_EDGE('',*,*,#10978,.F.);
#10978 = EDGE_CURVE('',#10979,#10950,#10981,.T.);
#10979 = VERTEX_POINT('',#10980);
#10980 = CARTESIAN_POINT('',(-3.6,-0.6,2.241926223421));
#10981 = SURFACE_CURVE('',#10982,(#10986,#10993),.PCURVE_S1.);
#10982 = LINE('',#10983,#10984);
#10983 = CARTESIAN_POINT('',(-3.6,-0.6,2.241926223421));
#10984 = VECTOR('',#10985,1.);
#10985 = DIRECTION('',(0.,-1.,2.22044604925E-16));
#10986 = PCURVE('',#2989,#10987);
#10987 = DEFINITIONAL_REPRESENTATION('',(#10988),#10992);
#10988 = LINE('',#10989,#10990);
#10989 = CARTESIAN_POINT('',(-1.3,0.3));
#10990 = VECTOR('',#10991,1.);
#10991 = DIRECTION('',(1.,0.));
#10992 = ( GEOMETRIC_REPRESENTATION_CONTEXT(2) 
PARAMETRIC_REPRESENTATION_CONTEXT() REPRESENTATION_CONTEXT('2D SPACE',''
  ) );
#10993 = PCURVE('',#10994,#10999);
#10994 = PLANE('',#10995);
#10995 = AXIS2_PLACEMENT_3D('',#10996,#10997,#10998);
#10996 = CARTESIAN_POINT('',(-3.6,-0.6,1.741926223421));
#10997 = DIRECTION('',(1.,0.,0.));
#10998 = DIRECTION('',(0.,1.,-2.22044604925E-16));
#10999 = DEFINITIONAL_REPRESENTATION('',(#11000),#11004);
#11000 = LINE('',#11001,#11002);
#11001 = CARTESIAN_POINT('',(0.,0.5));
#11002 = VECTOR('',#11003,1.);
#11003 = DIRECTION('',(-1.,0.));
#11004 = ( GEOMETRIC_REPRESENTATION_CONTEXT(2) 
PARAMETRIC_REPRESENTATION_CONTEXT() REPRESENTATION_CONTEXT('2D SPACE',''
  ) );
#11005 = ORIENTED_EDGE('',*,*,#11006,.F.);
#11006 = EDGE_CURVE('',#11007,#10979,#11009,.T.);
#11007 = VERTEX_POINT('',#11008);
#11008 = CARTESIAN_POINT('',(-3.9,-0.9,2.241926223421));
#11009 = SURFACE_CURVE('',#11010,(#11015,#11026),.PCURVE_S1.);
#11010 = CIRCLE('',#11011,0.3);
#11011 = AXIS2_PLACEMENT_3D('',#11012,#11013,#11014);
#11012 = CARTESIAN_POINT('',(-3.6,-0.9,2.241926223421));
#11013 = DIRECTION('',(0.,-2.22044604925E-16,-1.));
#11014 = DIRECTION('',(1.,0.,0.));
#11015 = PCURVE('',#2989,#11016);
#11016 = DEFINITIONAL_REPRESENTATION('',(#11017),#11025);
#11017 = ( BOUNDED_CURVE() B_SPLINE_CURVE(2,(#11018,#11019,#11020,#11021
    ,#11022,#11023,#11024),.UNSPECIFIED.,.T.,.F.) 
B_SPLINE_CURVE_WITH_KNOTS((1,2,2,2,2,1),(-2.094395102393,0.,
    2.094395102393,4.188790204786,6.28318530718,8.377580409573),
.UNSPECIFIED.) CURVE() GEOMETRIC_REPRESENTATION_ITEM() 
RATIONAL_B_SPLINE_CURVE((1.,0.5,1.,0.5,1.,0.5,1.)) REPRESENTATION_ITEM(
  '') );
#11018 = CARTESIAN_POINT('',(-1.,0.6));
#11019 = CARTESIAN_POINT('',(-0.480384757729,0.6));
#11020 = CARTESIAN_POINT('',(-0.740192378865,0.15));
#11021 = CARTESIAN_POINT('',(-1.,-0.3));
#11022 = CARTESIAN_POINT('',(-1.259807621135,0.15));
#11023 = CARTESIAN_POINT('',(-1.519615242271,0.6));
#11024 = CARTESIAN_POINT('',(-1.,0.6));
#11025 = ( GEOMETRIC_REPRESENTATION_CONTEXT(2) 
PARAMETRIC_REPRESENTATION_CONTEXT() REPRESENTATION_CONTEXT('2D SPACE',''
  ) );
#11026 = PCURVE('',#11027,#11032);
#11027 = CYLINDRICAL_SURFACE('',#11028,0.3);
#11028 = AXIS2_PLACEMENT_3D('',#11029,#11030,#11031);
#11029 = CARTESIAN_POINT('',(-3.6,-0.9,1.741926223421));
#11030 = DIRECTION('',(0.,2.22044604925E-16,1.));
#11031 = DIRECTION('',(1.,0.,0.));
#11032 = DEFINITIONAL_REPRESENTATION('',(#11033),#11037);
#11033 = LINE('',#11034,#11035);
#11034 = CARTESIAN_POINT('',(6.28318530718,0.5));
#11035 = VECTOR('',#11036,1.);
#11036 = DIRECTION('',(-1.,0.));
#11037 = ( GEOMETRIC_REPRESENTATION_CONTEXT(2) 
PARAMETRIC_REPRESENTATION_CONTEXT() REPRESENTATION_CONTEXT('2D SPACE',''
  ) );
#11038 = ORIENTED_EDGE('',*,*,#11039,.F.);
#11039 = EDGE_CURVE('',#10815,#11007,#11040,.T.);
#11040 = SURFACE_CURVE('',#11041,(#11045,#11052),.PCURVE_S1.);
#11041 = LINE('',#11042,#11043);
#11042 = CARTESIAN_POINT('',(-3.9,-1.8,2.241926223421));
#11043 = VECTOR('',#11044,1.);
#11044 = DIRECTION('',(0.,1.,-2.22044604925E-16));
#11045 = PCURVE('',#2989,#11046);
#11046 = DEFINITIONAL_REPRESENTATION('',(#11047),#11051);
#11047 = LINE('',#11048,#11049);
#11048 = CARTESIAN_POINT('',(-0.1,1.141309269315E-13));
#11049 = VECTOR('',#11050,1.);
#11050 = DIRECTION('',(-1.,0.));
#11051 = ( GEOMETRIC_REPRESENTATION_CONTEXT(2) 
PARAMETRIC_REPRESENTATION_CONTEXT() REPRESENTATION_CONTEXT('2D SPACE',''
  ) );
#11052 = PCURVE('',#10858,#11053);
#11053 = DEFINITIONAL_REPRESENTATION('',(#11054),#11058);
#11054 = LINE('',#11055,#11056);
#11055 = CARTESIAN_POINT('',(-0.1,0.5));
#11056 = VECTOR('',#11057,1.);
#11057 = DIRECTION('',(-1.,0.));
#11058 = ( GEOMETRIC_REPRESENTATION_CONTEXT(2) 
PARAMETRIC_REPRESENTATION_CONTEXT() REPRESENTATION_CONTEXT('2D SPACE',''
  ) );
#11059 = ORIENTED_EDGE('',*,*,#10814,.F.);
#11060 = ADVANCED_FACE('',(#11061),#4239,.T.);
#11061 = FACE_BOUND('',#11062,.T.);
#11062 = EDGE_LOOP('',(#11063,#11064,#11092,#11120));
#11063 = ORIENTED_EDGE('',*,*,#4216,.T.);
#11064 = ORIENTED_EDGE('',*,*,#11065,.T.);
#11065 = EDGE_CURVE('',#4219,#11066,#11068,.T.);
#11066 = VERTEX_POINT('',#11067);
#11067 = CARTESIAN_POINT('',(-3.9,-1.8,3.941926223421));
#11068 = SURFACE_CURVE('',#11069,(#11074,#11081),.PCURVE_S1.);
#11069 = CIRCLE('',#11070,0.3);
#11070 = AXIS2_PLACEMENT_3D('',#11071,#11072,#11073);
#11071 = CARTESIAN_POINT('',(-3.6,-1.8,3.941926223421));
#11072 = DIRECTION('',(-2.252983656874E-33,-2.22044604925E-16,-1.));
#11073 = DIRECTION('',(-0.707106781187,-0.707106781187,
    1.570092458684E-16));
#11074 = PCURVE('',#4239,#11075);
#11075 = DEFINITIONAL_REPRESENTATION('',(#11076),#11080);
#11076 = LINE('',#11077,#11078);
#11077 = CARTESIAN_POINT('',(6.28318530718,0.8));
#11078 = VECTOR('',#11079,1.);
#11079 = DIRECTION('',(-1.,0.));
#11080 = ( GEOMETRIC_REPRESENTATION_CONTEXT(2) 
PARAMETRIC_REPRESENTATION_CONTEXT() REPRESENTATION_CONTEXT('2D SPACE',''
  ) );
#11081 = PCURVE('',#3333,#11082);
#11082 = DEFINITIONAL_REPRESENTATION('',(#11083),#11091);
#11083 = ( BOUNDED_CURVE() B_SPLINE_CURVE(2,(#11084,#11085,#11086,#11087
    ,#11088,#11089,#11090),.UNSPECIFIED.,.T.,.F.) 
B_SPLINE_CURVE_WITH_KNOTS((1,2,2,2,2,1),(-2.094395102393,0.,
    2.094395102393,4.188790204786,6.28318530718,8.377580409573),
.UNSPECIFIED.) CURVE() GEOMETRIC_REPRESENTATION_ITEM() 
RATIONAL_B_SPLINE_CURVE((1.,0.5,1.,0.5,1.,0.5,1.)) REPRESENTATION_ITEM(
  '') );
#11084 = CARTESIAN_POINT('',(0.112132034356,8.786796564404E-02));
#11085 = CARTESIAN_POINT('',(-0.255291427062,-0.279555495773));
#11086 = CARTESIAN_POINT('',(-0.389777747887,0.222354286469));
#11087 = CARTESIAN_POINT('',(-0.524264068712,0.724264068712));
#11088 = CARTESIAN_POINT('',(-2.235428646924E-02,0.589777747887));
#11089 = CARTESIAN_POINT('',(0.479555495773,0.455291427062));
#11090 = CARTESIAN_POINT('',(0.112132034356,8.786796564404E-02));
#11091 = ( GEOMETRIC_REPRESENTATION_CONTEXT(2) 
PARAMETRIC_REPRESENTATION_CONTEXT() REPRESENTATION_CONTEXT('2D SPACE',''
  ) );
#11092 = ORIENTED_EDGE('',*,*,#11093,.T.);
#11093 = EDGE_CURVE('',#11066,#11094,#11096,.T.);
#11094 = VERTEX_POINT('',#11095);
#11095 = CARTESIAN_POINT('',(-3.9,-1.8,3.441926223421));
#11096 = SURFACE_CURVE('',#11097,(#11101,#11108),.PCURVE_S1.);
#11097 = LINE('',#11098,#11099);
#11098 = CARTESIAN_POINT('',(-3.9,-1.8,3.941926223421));
#11099 = VECTOR('',#11100,1.);
#11100 = DIRECTION('',(0.,-2.22044604925E-16,-1.));
#11101 = PCURVE('',#4239,#11102);
#11102 = DEFINITIONAL_REPRESENTATION('',(#11103),#11107);
#11103 = LINE('',#11104,#11105);
#11104 = CARTESIAN_POINT('',(5.497787143782,0.8));
#11105 = VECTOR('',#11106,1.);
#11106 = DIRECTION('',(0.,-1.));
#11107 = ( GEOMETRIC_REPRESENTATION_CONTEXT(2) 
PARAMETRIC_REPRESENTATION_CONTEXT() REPRESENTATION_CONTEXT('2D SPACE',''
  ) );
#11108 = PCURVE('',#11109,#11114);
#11109 = PLANE('',#11110);
#11110 = AXIS2_PLACEMENT_3D('',#11111,#11112,#11113);
#11111 = CARTESIAN_POINT('',(-3.9,-1.9,3.441926223421));
#11112 = DIRECTION('',(-1.,0.,0.));
#11113 = DIRECTION('',(0.,-1.,2.22044604925E-16));
#11114 = DEFINITIONAL_REPRESENTATION('',(#11115),#11119);
#11115 = LINE('',#11116,#11117);
#11116 = CARTESIAN_POINT('',(-0.1,0.5));
#11117 = VECTOR('',#11118,1.);
#11118 = DIRECTION('',(0.,-1.));
#11119 = ( GEOMETRIC_REPRESENTATION_CONTEXT(2) 
PARAMETRIC_REPRESENTATION_CONTEXT() REPRESENTATION_CONTEXT('2D SPACE',''
  ) );
#11120 = ORIENTED_EDGE('',*,*,#11121,.T.);
#11121 = EDGE_CURVE('',#11094,#4217,#11122,.T.);
#11122 = SURFACE_CURVE('',#11123,(#11128,#11135),.PCURVE_S1.);
#11123 = CIRCLE('',#11124,0.3);
#11124 = AXIS2_PLACEMENT_3D('',#11125,#11126,#11127);
#11125 = CARTESIAN_POINT('',(-3.6,-1.8,3.441926223421));
#11126 = DIRECTION('',(2.252983656874E-33,2.22044604925E-16,1.));
#11127 = DIRECTION('',(-0.707106781187,-0.707106781187,
    1.570092458684E-16));
#11128 = PCURVE('',#4239,#11129);
#11129 = DEFINITIONAL_REPRESENTATION('',(#11130),#11134);
#11130 = LINE('',#11131,#11132);
#11131 = CARTESIAN_POINT('',(-8.881784197001E-16,0.3));
#11132 = VECTOR('',#11133,1.);
#11133 = DIRECTION('',(1.,0.));
#11134 = ( GEOMETRIC_REPRESENTATION_CONTEXT(2) 
PARAMETRIC_REPRESENTATION_CONTEXT() REPRESENTATION_CONTEXT('2D SPACE',''
  ) );
#11135 = PCURVE('',#4058,#11136);
#11136 = DEFINITIONAL_REPRESENTATION('',(#11137),#11145);
#11137 = ( BOUNDED_CURVE() B_SPLINE_CURVE(2,(#11138,#11139,#11140,#11141
    ,#11142,#11143,#11144),.UNSPECIFIED.,.T.,.F.) 
B_SPLINE_CURVE_WITH_KNOTS((1,2,2,2,2,1),(-2.094395102393,0.,
    2.094395102393,4.188790204786,6.28318530718,8.377580409573),
.UNSPECIFIED.) CURVE() GEOMETRIC_REPRESENTATION_ITEM() 
RATIONAL_B_SPLINE_CURVE((1.,0.5,1.,0.5,1.,0.5,1.)) REPRESENTATION_ITEM(
  '') );
#11138 = CARTESIAN_POINT('',(-0.112132034356,-0.612132034356));
#11139 = CARTESIAN_POINT('',(-0.479555495773,-0.244708572938));
#11140 = CARTESIAN_POINT('',(2.235428646924E-02,-0.110222252113));
#11141 = CARTESIAN_POINT('',(0.524264068712,2.426406871211E-02));
#11142 = CARTESIAN_POINT('',(0.389777747887,-0.477645713531));
#11143 = CARTESIAN_POINT('',(0.255291427062,-0.979555495773));
#11144 = CARTESIAN_POINT('',(-0.112132034356,-0.612132034356));
#11145 = ( GEOMETRIC_REPRESENTATION_CONTEXT(2) 
PARAMETRIC_REPRESENTATION_CONTEXT() REPRESENTATION_CONTEXT('2D SPACE',''
  ) );
#11146 = ADVANCED_FACE('',(#11147),#3333,.T.);
#11147 = FACE_BOUND('',#11148,.T.);
#11148 = EDGE_LOOP('',(#11149,#11150,#11151,#11152,#11153,#11175,#11176,
    #11199,#11228,#11256,#11289,#11310));
#11149 = ORIENTED_EDGE('',*,*,#4302,.F.);
#11150 = ORIENTED_EDGE('',*,*,#10257,.T.);
#11151 = ORIENTED_EDGE('',*,*,#3317,.F.);
#11152 = ORIENTED_EDGE('',*,*,#10017,.F.);
#11153 = ORIENTED_EDGE('',*,*,#11154,.F.);
#11154 = EDGE_CURVE('',#3985,#9995,#11155,.T.);
#11155 = SURFACE_CURVE('',#11156,(#11161,#11168),.PCURVE_S1.);
#11156 = CIRCLE('',#11157,0.1);
#11157 = AXIS2_PLACEMENT_3D('',#11158,#11159,#11160);
#11158 = CARTESIAN_POINT('',(-3.6,-1.8,3.941926223421));
#11159 = DIRECTION('',(2.252983656874E-33,2.22044604925E-16,1.));
#11160 = DIRECTION('',(-0.707106781187,-0.707106781187,
    1.570092458684E-16));
#11161 = PCURVE('',#3333,#11162);
#11162 = DEFINITIONAL_REPRESENTATION('',(#11163),#11167);
#11163 = CIRCLE('',#11164,1.E-01);
#11164 = AXIS2_PLACEMENT_2D('',#11165,#11166);
#11165 = CARTESIAN_POINT('',(-0.1,0.3));
#11166 = DIRECTION('',(0.707106781187,-0.707106781187));
#11167 = ( GEOMETRIC_REPRESENTATION_CONTEXT(2) 
PARAMETRIC_REPRESENTATION_CONTEXT() REPRESENTATION_CONTEXT('2D SPACE',''
  ) );
#11168 = PCURVE('',#4084,#11169);
#11169 = DEFINITIONAL_REPRESENTATION('',(#11170),#11174);
#11170 = LINE('',#11171,#11172);
#11171 = CARTESIAN_POINT('',(0.,0.78947368421));
#11172 = VECTOR('',#11173,1.);
#11173 = DIRECTION('',(1.,0.));
#11174 = ( GEOMETRIC_REPRESENTATION_CONTEXT(2) 
PARAMETRIC_REPRESENTATION_CONTEXT() REPRESENTATION_CONTEXT('2D SPACE',''
  ) );
#11175 = ORIENTED_EDGE('',*,*,#3982,.F.);
#11176 = ORIENTED_EDGE('',*,*,#11177,.F.);
#11177 = EDGE_CURVE('',#11178,#3983,#11180,.T.);
#11178 = VERTEX_POINT('',#11179);
#11179 = CARTESIAN_POINT('',(-3.7,-0.9,3.941926223421));
#11180 = SURFACE_CURVE('',#11181,(#11185,#11192),.PCURVE_S1.);
#11181 = LINE('',#11182,#11183);
#11182 = CARTESIAN_POINT('',(-3.7,-0.9,3.941926223421));
#11183 = VECTOR('',#11184,1.);
#11184 = DIRECTION('',(0.,-1.,2.22044604925E-16));
#11185 = PCURVE('',#3333,#11186);
#11186 = DEFINITIONAL_REPRESENTATION('',(#11187),#11191);
#11187 = LINE('',#11188,#11189);
#11188 = CARTESIAN_POINT('',(-1.,0.2));
#11189 = VECTOR('',#11190,1.);
#11190 = DIRECTION('',(1.,0.));
#11191 = ( GEOMETRIC_REPRESENTATION_CONTEXT(2) 
PARAMETRIC_REPRESENTATION_CONTEXT() REPRESENTATION_CONTEXT('2D SPACE',''
  ) );
#11192 = PCURVE('',#4029,#11193);
#11193 = DEFINITIONAL_REPRESENTATION('',(#11194),#11198);
#11194 = LINE('',#11195,#11196);
#11195 = CARTESIAN_POINT('',(0.,0.5));
#11196 = VECTOR('',#11197,1.);
#11197 = DIRECTION('',(-1.,0.));
#11198 = ( GEOMETRIC_REPRESENTATION_CONTEXT(2) 
PARAMETRIC_REPRESENTATION_CONTEXT() REPRESENTATION_CONTEXT('2D SPACE',''
  ) );
#11199 = ORIENTED_EDGE('',*,*,#11200,.F.);
#11200 = EDGE_CURVE('',#11201,#11178,#11203,.T.);
#11201 = VERTEX_POINT('',#11202);
#11202 = CARTESIAN_POINT('',(-3.6,-0.8,3.941926223421));
#11203 = SURFACE_CURVE('',#11204,(#11209,#11216),.PCURVE_S1.);
#11204 = CIRCLE('',#11205,0.1);
#11205 = AXIS2_PLACEMENT_3D('',#11206,#11207,#11208);
#11206 = CARTESIAN_POINT('',(-3.6,-0.9,3.941926223421));
#11207 = DIRECTION('',(-0.,2.22044604925E-16,1.));
#11208 = DIRECTION('',(1.,0.,0.));
#11209 = PCURVE('',#3333,#11210);
#11210 = DEFINITIONAL_REPRESENTATION('',(#11211),#11215);
#11211 = CIRCLE('',#11212,0.1);
#11212 = AXIS2_PLACEMENT_2D('',#11213,#11214);
#11213 = CARTESIAN_POINT('',(-1.,0.3));
#11214 = DIRECTION('',(0.,1.));
#11215 = ( GEOMETRIC_REPRESENTATION_CONTEXT(2) 
PARAMETRIC_REPRESENTATION_CONTEXT() REPRESENTATION_CONTEXT('2D SPACE',''
  ) );
#11216 = PCURVE('',#11217,#11222);
#11217 = CYLINDRICAL_SURFACE('',#11218,0.1);
#11218 = AXIS2_PLACEMENT_3D('',#11219,#11220,#11221);
#11219 = CARTESIAN_POINT('',(-3.6,-0.9,3.441926223421));
#11220 = DIRECTION('',(0.,2.22044604925E-16,1.));
#11221 = DIRECTION('',(1.,0.,0.));
#11222 = DEFINITIONAL_REPRESENTATION('',(#11223),#11227);
#11223 = LINE('',#11224,#11225);
#11224 = CARTESIAN_POINT('',(0.,0.5));
#11225 = VECTOR('',#11226,1.);
#11226 = DIRECTION('',(1.,0.));
#11227 = ( GEOMETRIC_REPRESENTATION_CONTEXT(2) 
PARAMETRIC_REPRESENTATION_CONTEXT() REPRESENTATION_CONTEXT('2D SPACE',''
  ) );
#11228 = ORIENTED_EDGE('',*,*,#11229,.F.);
#11229 = EDGE_CURVE('',#11230,#11201,#11232,.T.);
#11230 = VERTEX_POINT('',#11231);
#11231 = CARTESIAN_POINT('',(-3.6,-0.6,3.941926223421));
#11232 = SURFACE_CURVE('',#11233,(#11237,#11244),.PCURVE_S1.);
#11233 = LINE('',#11234,#11235);
#11234 = CARTESIAN_POINT('',(-3.6,-0.6,3.941926223421));
#11235 = VECTOR('',#11236,1.);
#11236 = DIRECTION('',(0.,-1.,2.22044604925E-16));
#11237 = PCURVE('',#3333,#11238);
#11238 = DEFINITIONAL_REPRESENTATION('',(#11239),#11243);
#11239 = LINE('',#11240,#11241);
#11240 = CARTESIAN_POINT('',(-1.3,0.3));
#11241 = VECTOR('',#11242,1.);
#11242 = DIRECTION('',(1.,0.));
#11243 = ( GEOMETRIC_REPRESENTATION_CONTEXT(2) 
PARAMETRIC_REPRESENTATION_CONTEXT() REPRESENTATION_CONTEXT('2D SPACE',''
  ) );
#11244 = PCURVE('',#11245,#11250);
#11245 = PLANE('',#11246);
#11246 = AXIS2_PLACEMENT_3D('',#11247,#11248,#11249);
#11247 = CARTESIAN_POINT('',(-3.6,-0.6,3.441926223421));
#11248 = DIRECTION('',(1.,0.,0.));
#11249 = DIRECTION('',(0.,1.,-2.22044604925E-16));
#11250 = DEFINITIONAL_REPRESENTATION('',(#11251),#11255);
#11251 = LINE('',#11252,#11253);
#11252 = CARTESIAN_POINT('',(0.,0.5));
#11253 = VECTOR('',#11254,1.);
#11254 = DIRECTION('',(-1.,0.));
#11255 = ( GEOMETRIC_REPRESENTATION_CONTEXT(2) 
PARAMETRIC_REPRESENTATION_CONTEXT() REPRESENTATION_CONTEXT('2D SPACE',''
  ) );
#11256 = ORIENTED_EDGE('',*,*,#11257,.F.);
#11257 = EDGE_CURVE('',#11258,#11230,#11260,.T.);
#11258 = VERTEX_POINT('',#11259);
#11259 = CARTESIAN_POINT('',(-3.9,-0.9,3.941926223421));
#11260 = SURFACE_CURVE('',#11261,(#11266,#11277),.PCURVE_S1.);
#11261 = CIRCLE('',#11262,0.3);
#11262 = AXIS2_PLACEMENT_3D('',#11263,#11264,#11265);
#11263 = CARTESIAN_POINT('',(-3.6,-0.9,3.941926223421));
#11264 = DIRECTION('',(0.,-2.22044604925E-16,-1.));
#11265 = DIRECTION('',(1.,0.,0.));
#11266 = PCURVE('',#3333,#11267);
#11267 = DEFINITIONAL_REPRESENTATION('',(#11268),#11276);
#11268 = ( BOUNDED_CURVE() B_SPLINE_CURVE(2,(#11269,#11270,#11271,#11272
    ,#11273,#11274,#11275),.UNSPECIFIED.,.T.,.F.) 
B_SPLINE_CURVE_WITH_KNOTS((1,2,2,2,2,1),(-2.094395102393,0.,
    2.094395102393,4.188790204786,6.28318530718,8.377580409573),
.UNSPECIFIED.) CURVE() GEOMETRIC_REPRESENTATION_ITEM() 
RATIONAL_B_SPLINE_CURVE((1.,0.5,1.,0.5,1.,0.5,1.)) REPRESENTATION_ITEM(
  '') );
#11269 = CARTESIAN_POINT('',(-1.,0.6));
#11270 = CARTESIAN_POINT('',(-0.480384757729,0.6));
#11271 = CARTESIAN_POINT('',(-0.740192378865,0.15));
#11272 = CARTESIAN_POINT('',(-1.,-0.3));
#11273 = CARTESIAN_POINT('',(-1.259807621135,0.15));
#11274 = CARTESIAN_POINT('',(-1.519615242271,0.6));
#11275 = CARTESIAN_POINT('',(-1.,0.6));
#11276 = ( GEOMETRIC_REPRESENTATION_CONTEXT(2) 
PARAMETRIC_REPRESENTATION_CONTEXT() REPRESENTATION_CONTEXT('2D SPACE',''
  ) );
#11277 = PCURVE('',#11278,#11283);
#11278 = CYLINDRICAL_SURFACE('',#11279,0.3);
#11279 = AXIS2_PLACEMENT_3D('',#11280,#11281,#11282);
#11280 = CARTESIAN_POINT('',(-3.6,-0.9,3.441926223421));
#11281 = DIRECTION('',(0.,2.22044604925E-16,1.));
#11282 = DIRECTION('',(1.,0.,0.));
#11283 = DEFINITIONAL_REPRESENTATION('',(#11284),#11288);
#11284 = LINE('',#11285,#11286);
#11285 = CARTESIAN_POINT('',(6.28318530718,0.5));
#11286 = VECTOR('',#11287,1.);
#11287 = DIRECTION('',(-1.,0.));
#11288 = ( GEOMETRIC_REPRESENTATION_CONTEXT(2) 
PARAMETRIC_REPRESENTATION_CONTEXT() REPRESENTATION_CONTEXT('2D SPACE',''
  ) );
#11289 = ORIENTED_EDGE('',*,*,#11290,.F.);
#11290 = EDGE_CURVE('',#11066,#11258,#11291,.T.);
#11291 = SURFACE_CURVE('',#11292,(#11296,#11303),.PCURVE_S1.);
#11292 = LINE('',#11293,#11294);
#11293 = CARTESIAN_POINT('',(-3.9,-1.8,3.941926223421));
#11294 = VECTOR('',#11295,1.);
#11295 = DIRECTION('',(0.,1.,-2.22044604925E-16));
#11296 = PCURVE('',#3333,#11297);
#11297 = DEFINITIONAL_REPRESENTATION('',(#11298),#11302);
#11298 = LINE('',#11299,#11300);
#11299 = CARTESIAN_POINT('',(-0.1,0.));
#11300 = VECTOR('',#11301,1.);
#11301 = DIRECTION('',(-1.,0.));
#11302 = ( GEOMETRIC_REPRESENTATION_CONTEXT(2) 
PARAMETRIC_REPRESENTATION_CONTEXT() REPRESENTATION_CONTEXT('2D SPACE',''
  ) );
#11303 = PCURVE('',#11109,#11304);
#11304 = DEFINITIONAL_REPRESENTATION('',(#11305),#11309);
#11305 = LINE('',#11306,#11307);
#11306 = CARTESIAN_POINT('',(-0.1,0.5));
#11307 = VECTOR('',#11308,1.);
#11308 = DIRECTION('',(-1.,0.));
#11309 = ( GEOMETRIC_REPRESENTATION_CONTEXT(2) 
PARAMETRIC_REPRESENTATION_CONTEXT() REPRESENTATION_CONTEXT('2D SPACE',''
  ) );
#11310 = ORIENTED_EDGE('',*,*,#11065,.F.);
#11311 = ADVANCED_FACE('',(#11312),#4201,.F.);
#11312 = FACE_BOUND('',#11313,.F.);
#11313 = EDGE_LOOP('',(#11314,#11336,#11337,#11338));
#11314 = ORIENTED_EDGE('',*,*,#11315,.F.);
#11315 = EDGE_CURVE('',#9834,#4159,#11316,.T.);
#11316 = SURFACE_CURVE('',#11317,(#11322,#11329),.PCURVE_S1.);
#11317 = CIRCLE('',#11318,0.1);
#11318 = AXIS2_PLACEMENT_3D('',#11319,#11320,#11321);
#11319 = CARTESIAN_POINT('',(-3.6,-1.8,1.741926223421));
#11320 = DIRECTION('',(-2.252983656874E-33,-2.22044604925E-16,-1.));
#11321 = DIRECTION('',(-0.707106781187,-0.707106781187,
    1.570092458684E-16));
#11322 = PCURVE('',#4201,#11323);
#11323 = DEFINITIONAL_REPRESENTATION('',(#11324),#11328);
#11324 = LINE('',#11325,#11326);
#11325 = CARTESIAN_POINT('',(6.28318530718,-0.560526315789));
#11326 = VECTOR('',#11327,1.);
#11327 = DIRECTION('',(-1.,0.));
#11328 = ( GEOMETRIC_REPRESENTATION_CONTEXT(2) 
PARAMETRIC_REPRESENTATION_CONTEXT() REPRESENTATION_CONTEXT('2D SPACE',''
  ) );
#11329 = PCURVE('',#4175,#11330);
#11330 = DEFINITIONAL_REPRESENTATION('',(#11331),#11335);
#11331 = CIRCLE('',#11332,1.E-01);
#11332 = AXIS2_PLACEMENT_2D('',#11333,#11334);
#11333 = CARTESIAN_POINT('',(0.1,-1.245));
#11334 = DIRECTION('',(-0.707106781187,-0.707106781187));
#11335 = ( GEOMETRIC_REPRESENTATION_CONTEXT(2) 
PARAMETRIC_REPRESENTATION_CONTEXT() REPRESENTATION_CONTEXT('2D SPACE',''
  ) );
#11336 = ORIENTED_EDGE('',*,*,#9856,.F.);
#11337 = ORIENTED_EDGE('',*,*,#10903,.F.);
#11338 = ORIENTED_EDGE('',*,*,#4187,.F.);
#11339 = ADVANCED_FACE('',(#11340),#4084,.F.);
#11340 = FACE_BOUND('',#11341,.F.);
#11341 = EDGE_LOOP('',(#11342,#11364,#11365,#11366));
#11342 = ORIENTED_EDGE('',*,*,#11343,.F.);
#11343 = EDGE_CURVE('',#9972,#4042,#11344,.T.);
#11344 = SURFACE_CURVE('',#11345,(#11350,#11357),.PCURVE_S1.);
#11345 = CIRCLE('',#11346,0.1);
#11346 = AXIS2_PLACEMENT_3D('',#11347,#11348,#11349);
#11347 = CARTESIAN_POINT('',(-3.6,-1.8,3.441926223421));
#11348 = DIRECTION('',(-2.252983656874E-33,-2.22044604925E-16,-1.));
#11349 = DIRECTION('',(-0.707106781187,-0.707106781187,
    1.570092458684E-16));
#11350 = PCURVE('',#4084,#11351);
#11351 = DEFINITIONAL_REPRESENTATION('',(#11352),#11356);
#11352 = LINE('',#11353,#11354);
#11353 = CARTESIAN_POINT('',(6.28318530718,0.28947368421));
#11354 = VECTOR('',#11355,1.);
#11355 = DIRECTION('',(-1.,0.));
#11356 = ( GEOMETRIC_REPRESENTATION_CONTEXT(2) 
PARAMETRIC_REPRESENTATION_CONTEXT() REPRESENTATION_CONTEXT('2D SPACE',''
  ) );
#11357 = PCURVE('',#4058,#11358);
#11358 = DEFINITIONAL_REPRESENTATION('',(#11359),#11363);
#11359 = CIRCLE('',#11360,1.E-01);
#11360 = AXIS2_PLACEMENT_2D('',#11361,#11362);
#11361 = CARTESIAN_POINT('',(0.1,-0.4));
#11362 = DIRECTION('',(-0.707106781187,-0.707106781187));
#11363 = ( GEOMETRIC_REPRESENTATION_CONTEXT(2) 
PARAMETRIC_REPRESENTATION_CONTEXT() REPRESENTATION_CONTEXT('2D SPACE',''
  ) );
#11364 = ORIENTED_EDGE('',*,*,#9994,.F.);
#11365 = ORIENTED_EDGE('',*,*,#11154,.F.);
#11366 = ORIENTED_EDGE('',*,*,#4070,.F.);
#11367 = ADVANCED_FACE('',(#11368),#4029,.T.);
#11368 = FACE_BOUND('',#11369,.T.);
#11369 = EDGE_LOOP('',(#11370,#11371,#11394,#11415));
#11370 = ORIENTED_EDGE('',*,*,#4013,.F.);
#11371 = ORIENTED_EDGE('',*,*,#11372,.T.);
#11372 = EDGE_CURVE('',#4014,#11373,#11375,.T.);
#11373 = VERTEX_POINT('',#11374);
#11374 = CARTESIAN_POINT('',(-3.7,-0.9,3.441926223421));
#11375 = SURFACE_CURVE('',#11376,(#11380,#11387),.PCURVE_S1.);
#11376 = LINE('',#11377,#11378);
#11377 = CARTESIAN_POINT('',(-3.7,-1.8,3.441926223421));
#11378 = VECTOR('',#11379,1.);
#11379 = DIRECTION('',(0.,1.,-2.22044604925E-16));
#11380 = PCURVE('',#4029,#11381);
#11381 = DEFINITIONAL_REPRESENTATION('',(#11382),#11386);
#11382 = LINE('',#11383,#11384);
#11383 = CARTESIAN_POINT('',(-0.9,0.));
#11384 = VECTOR('',#11385,1.);
#11385 = DIRECTION('',(1.,0.));
#11386 = ( GEOMETRIC_REPRESENTATION_CONTEXT(2) 
PARAMETRIC_REPRESENTATION_CONTEXT() REPRESENTATION_CONTEXT('2D SPACE',''
  ) );
#11387 = PCURVE('',#4058,#11388);
#11388 = DEFINITIONAL_REPRESENTATION('',(#11389),#11393);
#11389 = LINE('',#11390,#11391);
#11390 = CARTESIAN_POINT('',(0.1,-0.5));
#11391 = VECTOR('',#11392,1.);
#11392 = DIRECTION('',(1.,0.));
#11393 = ( GEOMETRIC_REPRESENTATION_CONTEXT(2) 
PARAMETRIC_REPRESENTATION_CONTEXT() REPRESENTATION_CONTEXT('2D SPACE',''
  ) );
#11394 = ORIENTED_EDGE('',*,*,#11395,.T.);
#11395 = EDGE_CURVE('',#11373,#11178,#11396,.T.);
#11396 = SURFACE_CURVE('',#11397,(#11401,#11408),.PCURVE_S1.);
#11397 = LINE('',#11398,#11399);
#11398 = CARTESIAN_POINT('',(-3.7,-0.9,3.441926223421));
#11399 = VECTOR('',#11400,1.);
#11400 = DIRECTION('',(0.,2.22044604925E-16,1.));
#11401 = PCURVE('',#4029,#11402);
#11402 = DEFINITIONAL_REPRESENTATION('',(#11403),#11407);
#11403 = LINE('',#11404,#11405);
#11404 = CARTESIAN_POINT('',(0.,0.));
#11405 = VECTOR('',#11406,1.);
#11406 = DIRECTION('',(0.,1.));
#11407 = ( GEOMETRIC_REPRESENTATION_CONTEXT(2) 
PARAMETRIC_REPRESENTATION_CONTEXT() REPRESENTATION_CONTEXT('2D SPACE',''
  ) );
#11408 = PCURVE('',#11217,#11409);
#11409 = DEFINITIONAL_REPRESENTATION('',(#11410),#11414);
#11410 = LINE('',#11411,#11412);
#11411 = CARTESIAN_POINT('',(3.14159265359,0.));
#11412 = VECTOR('',#11413,1.);
#11413 = DIRECTION('',(0.,1.));
#11414 = ( GEOMETRIC_REPRESENTATION_CONTEXT(2) 
PARAMETRIC_REPRESENTATION_CONTEXT() REPRESENTATION_CONTEXT('2D SPACE',''
  ) );
#11415 = ORIENTED_EDGE('',*,*,#11177,.T.);
#11416 = ADVANCED_FACE('',(#11417),#11278,.T.);
#11417 = FACE_BOUND('',#11418,.T.);
#11418 = EDGE_LOOP('',(#11419,#11420,#11443,#11471));
#11419 = ORIENTED_EDGE('',*,*,#11257,.T.);
#11420 = ORIENTED_EDGE('',*,*,#11421,.F.);
#11421 = EDGE_CURVE('',#11422,#11230,#11424,.T.);
#11422 = VERTEX_POINT('',#11423);
#11423 = CARTESIAN_POINT('',(-3.6,-0.6,3.441926223421));
#11424 = SURFACE_CURVE('',#11425,(#11429,#11436),.PCURVE_S1.);
#11425 = LINE('',#11426,#11427);
#11426 = CARTESIAN_POINT('',(-3.6,-0.6,3.441926223421));
#11427 = VECTOR('',#11428,1.);
#11428 = DIRECTION('',(0.,2.22044604925E-16,1.));
#11429 = PCURVE('',#11278,#11430);
#11430 = DEFINITIONAL_REPRESENTATION('',(#11431),#11435);
#11431 = LINE('',#11432,#11433);
#11432 = CARTESIAN_POINT('',(1.570796326795,0.));
#11433 = VECTOR('',#11434,1.);
#11434 = DIRECTION('',(0.,1.));
#11435 = ( GEOMETRIC_REPRESENTATION_CONTEXT(2) 
PARAMETRIC_REPRESENTATION_CONTEXT() REPRESENTATION_CONTEXT('2D SPACE',''
  ) );
#11436 = PCURVE('',#11245,#11437);
#11437 = DEFINITIONAL_REPRESENTATION('',(#11438),#11442);
#11438 = LINE('',#11439,#11440);
#11439 = CARTESIAN_POINT('',(0.,0.));
#11440 = VECTOR('',#11441,1.);
#11441 = DIRECTION('',(0.,1.));
#11442 = ( GEOMETRIC_REPRESENTATION_CONTEXT(2) 
PARAMETRIC_REPRESENTATION_CONTEXT() REPRESENTATION_CONTEXT('2D SPACE',''
  ) );
#11443 = ORIENTED_EDGE('',*,*,#11444,.T.);
#11444 = EDGE_CURVE('',#11422,#11445,#11447,.T.);
#11445 = VERTEX_POINT('',#11446);
#11446 = CARTESIAN_POINT('',(-3.9,-0.9,3.441926223421));
#11447 = SURFACE_CURVE('',#11448,(#11453,#11460),.PCURVE_S1.);
#11448 = CIRCLE('',#11449,0.3);
#11449 = AXIS2_PLACEMENT_3D('',#11450,#11451,#11452);
#11450 = CARTESIAN_POINT('',(-3.6,-0.9,3.441926223421));
#11451 = DIRECTION('',(-0.,2.22044604925E-16,1.));
#11452 = DIRECTION('',(1.,0.,0.));
#11453 = PCURVE('',#11278,#11454);
#11454 = DEFINITIONAL_REPRESENTATION('',(#11455),#11459);
#11455 = LINE('',#11456,#11457);
#11456 = CARTESIAN_POINT('',(0.,0.));
#11457 = VECTOR('',#11458,1.);
#11458 = DIRECTION('',(1.,0.));
#11459 = ( GEOMETRIC_REPRESENTATION_CONTEXT(2) 
PARAMETRIC_REPRESENTATION_CONTEXT() REPRESENTATION_CONTEXT('2D SPACE',''
  ) );
#11460 = PCURVE('',#4058,#11461);
#11461 = DEFINITIONAL_REPRESENTATION('',(#11462),#11470);
#11462 = ( BOUNDED_CURVE() B_SPLINE_CURVE(2,(#11463,#11464,#11465,#11466
    ,#11467,#11468,#11469),.UNSPECIFIED.,.T.,.F.) 
B_SPLINE_CURVE_WITH_KNOTS((1,2,2,2,2,1),(-2.094395102393,0.,
    2.094395102393,4.188790204786,6.28318530718,8.377580409573),
.UNSPECIFIED.) CURVE() GEOMETRIC_REPRESENTATION_ITEM() 
RATIONAL_B_SPLINE_CURVE((1.,0.5,1.,0.5,1.,0.5,1.)) REPRESENTATION_ITEM(
  '') );
#11463 = CARTESIAN_POINT('',(1.,-9.999999999982E-02));
#11464 = CARTESIAN_POINT('',(1.519615242271,-9.999999999982E-02));
#11465 = CARTESIAN_POINT('',(1.259807621135,-0.55));
#11466 = CARTESIAN_POINT('',(1.,-1.));
#11467 = CARTESIAN_POINT('',(0.740192378865,-0.55));
#11468 = CARTESIAN_POINT('',(0.480384757729,-9.999999999982E-02));
#11469 = CARTESIAN_POINT('',(1.,-9.999999999982E-02));
#11470 = ( GEOMETRIC_REPRESENTATION_CONTEXT(2) 
PARAMETRIC_REPRESENTATION_CONTEXT() REPRESENTATION_CONTEXT('2D SPACE',''
  ) );
#11471 = ORIENTED_EDGE('',*,*,#11472,.T.);
#11472 = EDGE_CURVE('',#11445,#11258,#11473,.T.);
#11473 = SURFACE_CURVE('',#11474,(#11478,#11485),.PCURVE_S1.);
#11474 = LINE('',#11475,#11476);
#11475 = CARTESIAN_POINT('',(-3.9,-0.9,3.441926223421));
#11476 = VECTOR('',#11477,1.);
#11477 = DIRECTION('',(0.,2.22044604925E-16,1.));
#11478 = PCURVE('',#11278,#11479);
#11479 = DEFINITIONAL_REPRESENTATION('',(#11480),#11484);
#11480 = LINE('',#11481,#11482);
#11481 = CARTESIAN_POINT('',(3.14159265359,0.));
#11482 = VECTOR('',#11483,1.);
#11483 = DIRECTION('',(0.,1.));
#11484 = ( GEOMETRIC_REPRESENTATION_CONTEXT(2) 
PARAMETRIC_REPRESENTATION_CONTEXT() REPRESENTATION_CONTEXT('2D SPACE',''
  ) );
#11485 = PCURVE('',#11109,#11486);
#11486 = DEFINITIONAL_REPRESENTATION('',(#11487),#11491);
#11487 = LINE('',#11488,#11489);
#11488 = CARTESIAN_POINT('',(-1.,0.));
#11489 = VECTOR('',#11490,1.);
#11490 = DIRECTION('',(0.,1.));
#11491 = ( GEOMETRIC_REPRESENTATION_CONTEXT(2) 
PARAMETRIC_REPRESENTATION_CONTEXT() REPRESENTATION_CONTEXT('2D SPACE',''
  ) );
#11492 = ADVANCED_FACE('',(#11493),#11245,.T.);
#11493 = FACE_BOUND('',#11494,.T.);
#11494 = EDGE_LOOP('',(#11495,#11496,#11519,#11540));
#11495 = ORIENTED_EDGE('',*,*,#11229,.T.);
#11496 = ORIENTED_EDGE('',*,*,#11497,.F.);
#11497 = EDGE_CURVE('',#11498,#11201,#11500,.T.);
#11498 = VERTEX_POINT('',#11499);
#11499 = CARTESIAN_POINT('',(-3.6,-0.8,3.441926223421));
#11500 = SURFACE_CURVE('',#11501,(#11505,#11512),.PCURVE_S1.);
#11501 = LINE('',#11502,#11503);
#11502 = CARTESIAN_POINT('',(-3.6,-0.8,3.441926223421));
#11503 = VECTOR('',#11504,1.);
#11504 = DIRECTION('',(0.,2.22044604925E-16,1.));
#11505 = PCURVE('',#11245,#11506);
#11506 = DEFINITIONAL_REPRESENTATION('',(#11507),#11511);
#11507 = LINE('',#11508,#11509);
#11508 = CARTESIAN_POINT('',(-0.2,0.));
#11509 = VECTOR('',#11510,1.);
#11510 = DIRECTION('',(0.,1.));
#11511 = ( GEOMETRIC_REPRESENTATION_CONTEXT(2) 
PARAMETRIC_REPRESENTATION_CONTEXT() REPRESENTATION_CONTEXT('2D SPACE',''
  ) );
#11512 = PCURVE('',#11217,#11513);
#11513 = DEFINITIONAL_REPRESENTATION('',(#11514),#11518);
#11514 = LINE('',#11515,#11516);
#11515 = CARTESIAN_POINT('',(1.570796326795,0.));
#11516 = VECTOR('',#11517,1.);
#11517 = DIRECTION('',(0.,1.));
#11518 = ( GEOMETRIC_REPRESENTATION_CONTEXT(2) 
PARAMETRIC_REPRESENTATION_CONTEXT() REPRESENTATION_CONTEXT('2D SPACE',''
  ) );
#11519 = ORIENTED_EDGE('',*,*,#11520,.T.);
#11520 = EDGE_CURVE('',#11498,#11422,#11521,.T.);
#11521 = SURFACE_CURVE('',#11522,(#11526,#11533),.PCURVE_S1.);
#11522 = LINE('',#11523,#11524);
#11523 = CARTESIAN_POINT('',(-3.6,-0.8,3.441926223421));
#11524 = VECTOR('',#11525,1.);
#11525 = DIRECTION('',(0.,1.,-2.22044604925E-16));
#11526 = PCURVE('',#11245,#11527);
#11527 = DEFINITIONAL_REPRESENTATION('',(#11528),#11532);
#11528 = LINE('',#11529,#11530);
#11529 = CARTESIAN_POINT('',(-0.2,0.));
#11530 = VECTOR('',#11531,1.);
#11531 = DIRECTION('',(1.,0.));
#11532 = ( GEOMETRIC_REPRESENTATION_CONTEXT(2) 
PARAMETRIC_REPRESENTATION_CONTEXT() REPRESENTATION_CONTEXT('2D SPACE',''
  ) );
#11533 = PCURVE('',#4058,#11534);
#11534 = DEFINITIONAL_REPRESENTATION('',(#11535),#11539);
#11535 = LINE('',#11536,#11537);
#11536 = CARTESIAN_POINT('',(1.1,-0.4));
#11537 = VECTOR('',#11538,1.);
#11538 = DIRECTION('',(1.,0.));
#11539 = ( GEOMETRIC_REPRESENTATION_CONTEXT(2) 
PARAMETRIC_REPRESENTATION_CONTEXT() REPRESENTATION_CONTEXT('2D SPACE',''
  ) );
#11540 = ORIENTED_EDGE('',*,*,#11421,.T.);
#11541 = ADVANCED_FACE('',(#11542),#11217,.F.);
#11542 = FACE_BOUND('',#11543,.F.);
#11543 = EDGE_LOOP('',(#11544,#11545,#11567,#11568));
#11544 = ORIENTED_EDGE('',*,*,#11497,.F.);
#11545 = ORIENTED_EDGE('',*,*,#11546,.F.);
#11546 = EDGE_CURVE('',#11373,#11498,#11547,.T.);
#11547 = SURFACE_CURVE('',#11548,(#11553,#11560),.PCURVE_S1.);
#11548 = CIRCLE('',#11549,0.1);
#11549 = AXIS2_PLACEMENT_3D('',#11550,#11551,#11552);
#11550 = CARTESIAN_POINT('',(-3.6,-0.9,3.441926223421));
#11551 = DIRECTION('',(0.,-2.22044604925E-16,-1.));
#11552 = DIRECTION('',(1.,0.,0.));
#11553 = PCURVE('',#11217,#11554);
#11554 = DEFINITIONAL_REPRESENTATION('',(#11555),#11559);
#11555 = LINE('',#11556,#11557);
#11556 = CARTESIAN_POINT('',(6.28318530718,0.));
#11557 = VECTOR('',#11558,1.);
#11558 = DIRECTION('',(-1.,0.));
#11559 = ( GEOMETRIC_REPRESENTATION_CONTEXT(2) 
PARAMETRIC_REPRESENTATION_CONTEXT() REPRESENTATION_CONTEXT('2D SPACE',''
  ) );
#11560 = PCURVE('',#4058,#11561);
#11561 = DEFINITIONAL_REPRESENTATION('',(#11562),#11566);
#11562 = CIRCLE('',#11563,0.1);
#11563 = AXIS2_PLACEMENT_2D('',#11564,#11565);
#11564 = CARTESIAN_POINT('',(1.,-0.4));
#11565 = DIRECTION('',(0.,1.));
#11566 = ( GEOMETRIC_REPRESENTATION_CONTEXT(2) 
PARAMETRIC_REPRESENTATION_CONTEXT() REPRESENTATION_CONTEXT('2D SPACE',''
  ) );
#11567 = ORIENTED_EDGE('',*,*,#11395,.T.);
#11568 = ORIENTED_EDGE('',*,*,#11200,.F.);
#11569 = ADVANCED_FACE('',(#11570),#11027,.T.);
#11570 = FACE_BOUND('',#11571,.T.);
#11571 = EDGE_LOOP('',(#11572,#11573,#11596,#11624));
#11572 = ORIENTED_EDGE('',*,*,#11006,.T.);
#11573 = ORIENTED_EDGE('',*,*,#11574,.F.);
#11574 = EDGE_CURVE('',#11575,#10979,#11577,.T.);
#11575 = VERTEX_POINT('',#11576);
#11576 = CARTESIAN_POINT('',(-3.6,-0.6,1.741926223421));
#11577 = SURFACE_CURVE('',#11578,(#11582,#11589),.PCURVE_S1.);
#11578 = LINE('',#11579,#11580);
#11579 = CARTESIAN_POINT('',(-3.6,-0.6,1.741926223421));
#11580 = VECTOR('',#11581,1.);
#11581 = DIRECTION('',(0.,2.22044604925E-16,1.));
#11582 = PCURVE('',#11027,#11583);
#11583 = DEFINITIONAL_REPRESENTATION('',(#11584),#11588);
#11584 = LINE('',#11585,#11586);
#11585 = CARTESIAN_POINT('',(1.570796326795,0.));
#11586 = VECTOR('',#11587,1.);
#11587 = DIRECTION('',(0.,1.));
#11588 = ( GEOMETRIC_REPRESENTATION_CONTEXT(2) 
PARAMETRIC_REPRESENTATION_CONTEXT() REPRESENTATION_CONTEXT('2D SPACE',''
  ) );
#11589 = PCURVE('',#10994,#11590);
#11590 = DEFINITIONAL_REPRESENTATION('',(#11591),#11595);
#11591 = LINE('',#11592,#11593);
#11592 = CARTESIAN_POINT('',(0.,0.));
#11593 = VECTOR('',#11594,1.);
#11594 = DIRECTION('',(0.,1.));
#11595 = ( GEOMETRIC_REPRESENTATION_CONTEXT(2) 
PARAMETRIC_REPRESENTATION_CONTEXT() REPRESENTATION_CONTEXT('2D SPACE',''
  ) );
#11596 = ORIENTED_EDGE('',*,*,#11597,.T.);
#11597 = EDGE_CURVE('',#11575,#11598,#11600,.T.);
#11598 = VERTEX_POINT('',#11599);
#11599 = CARTESIAN_POINT('',(-3.9,-0.9,1.741926223421));
#11600 = SURFACE_CURVE('',#11601,(#11606,#11613),.PCURVE_S1.);
#11601 = CIRCLE('',#11602,0.3);
#11602 = AXIS2_PLACEMENT_3D('',#11603,#11604,#11605);
#11603 = CARTESIAN_POINT('',(-3.6,-0.9,1.741926223421));
#11604 = DIRECTION('',(-0.,2.22044604925E-16,1.));
#11605 = DIRECTION('',(1.,0.,0.));
#11606 = PCURVE('',#11027,#11607);
#11607 = DEFINITIONAL_REPRESENTATION('',(#11608),#11612);
#11608 = LINE('',#11609,#11610);
#11609 = CARTESIAN_POINT('',(0.,0.));
#11610 = VECTOR('',#11611,1.);
#11611 = DIRECTION('',(1.,0.));
#11612 = ( GEOMETRIC_REPRESENTATION_CONTEXT(2) 
PARAMETRIC_REPRESENTATION_CONTEXT() REPRESENTATION_CONTEXT('2D SPACE',''
  ) );
#11613 = PCURVE('',#4175,#11614);
#11614 = DEFINITIONAL_REPRESENTATION('',(#11615),#11623);
#11615 = ( BOUNDED_CURVE() B_SPLINE_CURVE(2,(#11616,#11617,#11618,#11619
    ,#11620,#11621,#11622),.UNSPECIFIED.,.T.,.F.) 
B_SPLINE_CURVE_WITH_KNOTS((1,2,2,2,2,1),(-2.094395102393,0.,
    2.094395102393,4.188790204786,6.28318530718,8.377580409573),
.UNSPECIFIED.) CURVE() GEOMETRIC_REPRESENTATION_ITEM() 
RATIONAL_B_SPLINE_CURVE((1.,0.5,1.,0.5,1.,0.5,1.)) REPRESENTATION_ITEM(
  '') );
#11616 = CARTESIAN_POINT('',(1.,-0.945));
#11617 = CARTESIAN_POINT('',(1.519615242271,-0.945));
#11618 = CARTESIAN_POINT('',(1.259807621135,-1.395));
#11619 = CARTESIAN_POINT('',(1.,-1.845));
#11620 = CARTESIAN_POINT('',(0.740192378865,-1.395));
#11621 = CARTESIAN_POINT('',(0.480384757729,-0.945));
#11622 = CARTESIAN_POINT('',(1.,-0.945));
#11623 = ( GEOMETRIC_REPRESENTATION_CONTEXT(2) 
PARAMETRIC_REPRESENTATION_CONTEXT() REPRESENTATION_CONTEXT('2D SPACE',''
  ) );
#11624 = ORIENTED_EDGE('',*,*,#11625,.T.);
#11625 = EDGE_CURVE('',#11598,#11007,#11626,.T.);
#11626 = SURFACE_CURVE('',#11627,(#11631,#11638),.PCURVE_S1.);
#11627 = LINE('',#11628,#11629);
#11628 = CARTESIAN_POINT('',(-3.9,-0.9,1.741926223421));
#11629 = VECTOR('',#11630,1.);
#11630 = DIRECTION('',(0.,2.22044604925E-16,1.));
#11631 = PCURVE('',#11027,#11632);
#11632 = DEFINITIONAL_REPRESENTATION('',(#11633),#11637);
#11633 = LINE('',#11634,#11635);
#11634 = CARTESIAN_POINT('',(3.14159265359,0.));
#11635 = VECTOR('',#11636,1.);
#11636 = DIRECTION('',(0.,1.));
#11637 = ( GEOMETRIC_REPRESENTATION_CONTEXT(2) 
PARAMETRIC_REPRESENTATION_CONTEXT() REPRESENTATION_CONTEXT('2D SPACE',''
  ) );
#11638 = PCURVE('',#10858,#11639);
#11639 = DEFINITIONAL_REPRESENTATION('',(#11640),#11644);
#11640 = LINE('',#11641,#11642);
#11641 = CARTESIAN_POINT('',(-1.,0.));
#11642 = VECTOR('',#11643,1.);
#11643 = DIRECTION('',(0.,1.));
#11644 = ( GEOMETRIC_REPRESENTATION_CONTEXT(2) 
PARAMETRIC_REPRESENTATION_CONTEXT() REPRESENTATION_CONTEXT('2D SPACE',''
  ) );
#11645 = ADVANCED_FACE('',(#11646),#10994,.T.);
#11646 = FACE_BOUND('',#11647,.T.);
#11647 = EDGE_LOOP('',(#11648,#11649,#11672,#11693));
#11648 = ORIENTED_EDGE('',*,*,#10978,.T.);
#11649 = ORIENTED_EDGE('',*,*,#11650,.F.);
#11650 = EDGE_CURVE('',#11651,#10950,#11653,.T.);
#11651 = VERTEX_POINT('',#11652);
#11652 = CARTESIAN_POINT('',(-3.6,-0.8,1.741926223421));
#11653 = SURFACE_CURVE('',#11654,(#11658,#11665),.PCURVE_S1.);
#11654 = LINE('',#11655,#11656);
#11655 = CARTESIAN_POINT('',(-3.6,-0.8,1.741926223421));
#11656 = VECTOR('',#11657,1.);
#11657 = DIRECTION('',(0.,2.22044604925E-16,1.));
#11658 = PCURVE('',#10994,#11659);
#11659 = DEFINITIONAL_REPRESENTATION('',(#11660),#11664);
#11660 = LINE('',#11661,#11662);
#11661 = CARTESIAN_POINT('',(-0.2,0.));
#11662 = VECTOR('',#11663,1.);
#11663 = DIRECTION('',(0.,1.));
#11664 = ( GEOMETRIC_REPRESENTATION_CONTEXT(2) 
PARAMETRIC_REPRESENTATION_CONTEXT() REPRESENTATION_CONTEXT('2D SPACE',''
  ) );
#11665 = PCURVE('',#10966,#11666);
#11666 = DEFINITIONAL_REPRESENTATION('',(#11667),#11671);
#11667 = LINE('',#11668,#11669);
#11668 = CARTESIAN_POINT('',(1.570796326795,0.));
#11669 = VECTOR('',#11670,1.);
#11670 = DIRECTION('',(0.,1.));
#11671 = ( GEOMETRIC_REPRESENTATION_CONTEXT(2) 
PARAMETRIC_REPRESENTATION_CONTEXT() REPRESENTATION_CONTEXT('2D SPACE',''
  ) );
#11672 = ORIENTED_EDGE('',*,*,#11673,.T.);
#11673 = EDGE_CURVE('',#11651,#11575,#11674,.T.);
#11674 = SURFACE_CURVE('',#11675,(#11679,#11686),.PCURVE_S1.);
#11675 = LINE('',#11676,#11677);
#11676 = CARTESIAN_POINT('',(-3.6,-0.8,1.741926223421));
#11677 = VECTOR('',#11678,1.);
#11678 = DIRECTION('',(0.,1.,-2.22044604925E-16));
#11679 = PCURVE('',#10994,#11680);
#11680 = DEFINITIONAL_REPRESENTATION('',(#11681),#11685);
#11681 = LINE('',#11682,#11683);
#11682 = CARTESIAN_POINT('',(-0.2,0.));
#11683 = VECTOR('',#11684,1.);
#11684 = DIRECTION('',(1.,0.));
#11685 = ( GEOMETRIC_REPRESENTATION_CONTEXT(2) 
PARAMETRIC_REPRESENTATION_CONTEXT() REPRESENTATION_CONTEXT('2D SPACE',''
  ) );
#11686 = PCURVE('',#4175,#11687);
#11687 = DEFINITIONAL_REPRESENTATION('',(#11688),#11692);
#11688 = LINE('',#11689,#11690);
#11689 = CARTESIAN_POINT('',(1.1,-1.245));
#11690 = VECTOR('',#11691,1.);
#11691 = DIRECTION('',(1.,0.));
#11692 = ( GEOMETRIC_REPRESENTATION_CONTEXT(2) 
PARAMETRIC_REPRESENTATION_CONTEXT() REPRESENTATION_CONTEXT('2D SPACE',''
  ) );
#11693 = ORIENTED_EDGE('',*,*,#11574,.T.);
#11694 = ADVANCED_FACE('',(#11695),#10966,.F.);
#11695 = FACE_BOUND('',#11696,.F.);
#11696 = EDGE_LOOP('',(#11697,#11698,#11722,#11743));
#11697 = ORIENTED_EDGE('',*,*,#11650,.F.);
#11698 = ORIENTED_EDGE('',*,*,#11699,.F.);
#11699 = EDGE_CURVE('',#11700,#11651,#11702,.T.);
#11700 = VERTEX_POINT('',#11701);
#11701 = CARTESIAN_POINT('',(-3.7,-0.9,1.741926223421));
#11702 = SURFACE_CURVE('',#11703,(#11708,#11715),.PCURVE_S1.);
#11703 = CIRCLE('',#11704,0.1);
#11704 = AXIS2_PLACEMENT_3D('',#11705,#11706,#11707);
#11705 = CARTESIAN_POINT('',(-3.6,-0.9,1.741926223421));
#11706 = DIRECTION('',(0.,-2.22044604925E-16,-1.));
#11707 = DIRECTION('',(1.,0.,0.));
#11708 = PCURVE('',#10966,#11709);
#11709 = DEFINITIONAL_REPRESENTATION('',(#11710),#11714);
#11710 = LINE('',#11711,#11712);
#11711 = CARTESIAN_POINT('',(6.28318530718,0.));
#11712 = VECTOR('',#11713,1.);
#11713 = DIRECTION('',(-1.,0.));
#11714 = ( GEOMETRIC_REPRESENTATION_CONTEXT(2) 
PARAMETRIC_REPRESENTATION_CONTEXT() REPRESENTATION_CONTEXT('2D SPACE',''
  ) );
#11715 = PCURVE('',#4175,#11716);
#11716 = DEFINITIONAL_REPRESENTATION('',(#11717),#11721);
#11717 = CIRCLE('',#11718,0.1);
#11718 = AXIS2_PLACEMENT_2D('',#11719,#11720);
#11719 = CARTESIAN_POINT('',(1.,-1.245));
#11720 = DIRECTION('',(0.,1.));
#11721 = ( GEOMETRIC_REPRESENTATION_CONTEXT(2) 
PARAMETRIC_REPRESENTATION_CONTEXT() REPRESENTATION_CONTEXT('2D SPACE',''
  ) );
#11722 = ORIENTED_EDGE('',*,*,#11723,.T.);
#11723 = EDGE_CURVE('',#11700,#10927,#11724,.T.);
#11724 = SURFACE_CURVE('',#11725,(#11729,#11736),.PCURVE_S1.);
#11725 = LINE('',#11726,#11727);
#11726 = CARTESIAN_POINT('',(-3.7,-0.9,1.741926223421));
#11727 = VECTOR('',#11728,1.);
#11728 = DIRECTION('',(0.,2.22044604925E-16,1.));
#11729 = PCURVE('',#10966,#11730);
#11730 = DEFINITIONAL_REPRESENTATION('',(#11731),#11735);
#11731 = LINE('',#11732,#11733);
#11732 = CARTESIAN_POINT('',(3.14159265359,0.));
#11733 = VECTOR('',#11734,1.);
#11734 = DIRECTION('',(0.,1.));
#11735 = ( GEOMETRIC_REPRESENTATION_CONTEXT(2) 
PARAMETRIC_REPRESENTATION_CONTEXT() REPRESENTATION_CONTEXT('2D SPACE',''
  ) );
#11736 = PCURVE('',#4146,#11737);
#11737 = DEFINITIONAL_REPRESENTATION('',(#11738),#11742);
#11738 = LINE('',#11739,#11740);
#11739 = CARTESIAN_POINT('',(0.,0.));
#11740 = VECTOR('',#11741,1.);
#11741 = DIRECTION('',(0.,1.));
#11742 = ( GEOMETRIC_REPRESENTATION_CONTEXT(2) 
PARAMETRIC_REPRESENTATION_CONTEXT() REPRESENTATION_CONTEXT('2D SPACE',''
  ) );
#11743 = ORIENTED_EDGE('',*,*,#10949,.F.);
#11744 = ADVANCED_FACE('',(#11745),#4146,.T.);
#11745 = FACE_BOUND('',#11746,.T.);
#11746 = EDGE_LOOP('',(#11747,#11748,#11769,#11770));
#11747 = ORIENTED_EDGE('',*,*,#4130,.F.);
#11748 = ORIENTED_EDGE('',*,*,#11749,.T.);
#11749 = EDGE_CURVE('',#4131,#11700,#11750,.T.);
#11750 = SURFACE_CURVE('',#11751,(#11755,#11762),.PCURVE_S1.);
#11751 = LINE('',#11752,#11753);
#11752 = CARTESIAN_POINT('',(-3.7,-1.8,1.741926223421));
#11753 = VECTOR('',#11754,1.);
#11754 = DIRECTION('',(0.,1.,-2.22044604925E-16));
#11755 = PCURVE('',#4146,#11756);
#11756 = DEFINITIONAL_REPRESENTATION('',(#11757),#11761);
#11757 = LINE('',#11758,#11759);
#11758 = CARTESIAN_POINT('',(-0.9,0.));
#11759 = VECTOR('',#11760,1.);
#11760 = DIRECTION('',(1.,0.));
#11761 = ( GEOMETRIC_REPRESENTATION_CONTEXT(2) 
PARAMETRIC_REPRESENTATION_CONTEXT() REPRESENTATION_CONTEXT('2D SPACE',''
  ) );
#11762 = PCURVE('',#4175,#11763);
#11763 = DEFINITIONAL_REPRESENTATION('',(#11764),#11768);
#11764 = LINE('',#11765,#11766);
#11765 = CARTESIAN_POINT('',(0.1,-1.345));
#11766 = VECTOR('',#11767,1.);
#11767 = DIRECTION('',(1.,0.));
#11768 = ( GEOMETRIC_REPRESENTATION_CONTEXT(2) 
PARAMETRIC_REPRESENTATION_CONTEXT() REPRESENTATION_CONTEXT('2D SPACE',''
  ) );
#11769 = ORIENTED_EDGE('',*,*,#11723,.T.);
#11770 = ORIENTED_EDGE('',*,*,#10926,.T.);
#11771 = ADVANCED_FACE('',(#11772),#3967,.F.);
#11772 = FACE_BOUND('',#11773,.F.);
#11773 = EDGE_LOOP('',(#11774,#11775,#11796,#11797));
#11774 = ORIENTED_EDGE('',*,*,#9517,.F.);
#11775 = ORIENTED_EDGE('',*,*,#11776,.F.);
#11776 = EDGE_CURVE('',#10686,#9518,#11777,.T.);
#11777 = SURFACE_CURVE('',#11778,(#11782,#11789),.PCURVE_S1.);
#11778 = LINE('',#11779,#11780);
#11779 = CARTESIAN_POINT('',(2.5,-2.1,3.941926223421));
#11780 = VECTOR('',#11781,1.);
#11781 = DIRECTION('',(0.,1.,-2.22044604925E-16));
#11782 = PCURVE('',#3967,#11783);
#11783 = DEFINITIONAL_REPRESENTATION('',(#11784),#11788);
#11784 = LINE('',#11785,#11786);
#11785 = CARTESIAN_POINT('',(0.785398163397,0.2));
#11786 = VECTOR('',#11787,1.);
#11787 = DIRECTION('',(0.,-1.));
#11788 = ( GEOMETRIC_REPRESENTATION_CONTEXT(2) 
PARAMETRIC_REPRESENTATION_CONTEXT() REPRESENTATION_CONTEXT('2D SPACE',''
  ) );
#11789 = PCURVE('',#3829,#11790);
#11790 = DEFINITIONAL_REPRESENTATION('',(#11791),#11795);
#11791 = LINE('',#11792,#11793);
#11792 = CARTESIAN_POINT('',(0.2,0.2));
#11793 = VECTOR('',#11794,1.);
#11794 = DIRECTION('',(-1.,0.));
#11795 = ( GEOMETRIC_REPRESENTATION_CONTEXT(2) 
PARAMETRIC_REPRESENTATION_CONTEXT() REPRESENTATION_CONTEXT('2D SPACE',''
  ) );
#11796 = ORIENTED_EDGE('',*,*,#10708,.F.);
#11797 = ORIENTED_EDGE('',*,*,#3953,.F.);
#11798 = ADVANCED_FACE('',(#11799),#3917,.T.);
#11799 = FACE_BOUND('',#11800,.T.);
#11800 = EDGE_LOOP('',(#11801,#11802,#11803,#11804,#11805,#11806,#11807,
    #11808,#11809,#11810));
#11801 = ORIENTED_EDGE('',*,*,#5595,.F.);
#11802 = ORIENTED_EDGE('',*,*,#10731,.T.);
#11803 = ORIENTED_EDGE('',*,*,#3901,.F.);
#11804 = ORIENTED_EDGE('',*,*,#9495,.F.);
#11805 = ORIENTED_EDGE('',*,*,#9417,.F.);
#11806 = ORIENTED_EDGE('',*,*,#4860,.F.);
#11807 = ORIENTED_EDGE('',*,*,#8659,.F.);
#11808 = ORIENTED_EDGE('',*,*,#10126,.T.);
#11809 = ORIENTED_EDGE('',*,*,#8481,.T.);
#11810 = ORIENTED_EDGE('',*,*,#9326,.F.);
#11811 = ADVANCED_FACE('',(#11812),#3773,.T.);
#11812 = FACE_BOUND('',#11813,.T.);
#11813 = EDGE_LOOP('',(#11814,#11815,#11816,#11837));
#11814 = ORIENTED_EDGE('',*,*,#3750,.T.);
#11815 = ORIENTED_EDGE('',*,*,#10658,.T.);
#11816 = ORIENTED_EDGE('',*,*,#11817,.T.);
#11817 = EDGE_CURVE('',#10636,#9564,#11818,.T.);
#11818 = SURFACE_CURVE('',#11819,(#11823,#11830),.PCURVE_S1.);
#11819 = LINE('',#11820,#11821);
#11820 = CARTESIAN_POINT('',(2.8,-2.1,3.741926223421));
#11821 = VECTOR('',#11822,1.);
#11822 = DIRECTION('',(0.,1.,-2.22044604925E-16));
#11823 = PCURVE('',#3773,#11824);
#11824 = DEFINITIONAL_REPRESENTATION('',(#11825),#11829);
#11825 = LINE('',#11826,#11827);
#11826 = CARTESIAN_POINT('',(5.497787143782,0.2));
#11827 = VECTOR('',#11828,1.);
#11828 = DIRECTION('',(0.,-1.));
#11829 = ( GEOMETRIC_REPRESENTATION_CONTEXT(2) 
PARAMETRIC_REPRESENTATION_CONTEXT() REPRESENTATION_CONTEXT('2D SPACE',''
  ) );
#11830 = PCURVE('',#3709,#11831);
#11831 = DEFINITIONAL_REPRESENTATION('',(#11832),#11836);
#11832 = LINE('',#11833,#11834);
#11833 = CARTESIAN_POINT('',(-0.2,-0.2));
#11834 = VECTOR('',#11835,1.);
#11835 = DIRECTION('',(1.,0.));
#11836 = ( GEOMETRIC_REPRESENTATION_CONTEXT(2) 
PARAMETRIC_REPRESENTATION_CONTEXT() REPRESENTATION_CONTEXT('2D SPACE',''
  ) );
#11837 = ORIENTED_EDGE('',*,*,#9563,.T.);
#11838 = ADVANCED_FACE('',(#11839),#3709,.T.);
#11839 = FACE_BOUND('',#11840,.T.);
#11840 = EDGE_LOOP('',(#11841,#11842,#11843,#11844));
#11841 = ORIENTED_EDGE('',*,*,#11817,.F.);
#11842 = ORIENTED_EDGE('',*,*,#10635,.T.);
#11843 = ORIENTED_EDGE('',*,*,#3693,.F.);
#11844 = ORIENTED_EDGE('',*,*,#9591,.F.);
#11845 = ADVANCED_FACE('',(#11846),#3653,.T.);
#11846 = FACE_BOUND('',#11847,.T.);
#11847 = EDGE_LOOP('',(#11848,#11849,#11850,#11871));
#11848 = ORIENTED_EDGE('',*,*,#3630,.T.);
#11849 = ORIENTED_EDGE('',*,*,#10608,.T.);
#11850 = ORIENTED_EDGE('',*,*,#11851,.T.);
#11851 = EDGE_CURVE('',#10586,#9614,#11852,.T.);
#11852 = SURFACE_CURVE('',#11853,(#11857,#11864),.PCURVE_S1.);
#11853 = LINE('',#11854,#11855);
#11854 = CARTESIAN_POINT('',(2.6,-2.1,1.741926223421));
#11855 = VECTOR('',#11856,1.);
#11856 = DIRECTION('',(0.,1.,-2.22044604925E-16));
#11857 = PCURVE('',#3653,#11858);
#11858 = DEFINITIONAL_REPRESENTATION('',(#11859),#11863);
#11859 = LINE('',#11860,#11861);
#11860 = CARTESIAN_POINT('',(5.497787143782,0.2));
#11861 = VECTOR('',#11862,1.);
#11862 = DIRECTION('',(0.,-1.));
#11863 = ( GEOMETRIC_REPRESENTATION_CONTEXT(2) 
PARAMETRIC_REPRESENTATION_CONTEXT() REPRESENTATION_CONTEXT('2D SPACE',''
  ) );
#11864 = PCURVE('',#3565,#11865);
#11865 = DEFINITIONAL_REPRESENTATION('',(#11866),#11870);
#11866 = LINE('',#11867,#11868);
#11867 = CARTESIAN_POINT('',(-0.2,-0.2));
#11868 = VECTOR('',#11869,1.);
#11869 = DIRECTION('',(1.,0.));
#11870 = ( GEOMETRIC_REPRESENTATION_CONTEXT(2) 
PARAMETRIC_REPRESENTATION_CONTEXT() REPRESENTATION_CONTEXT('2D SPACE',''
  ) );
#11871 = ORIENTED_EDGE('',*,*,#9613,.T.);
#11872 = ADVANCED_FACE('',(#11873),#3565,.T.);
#11873 = FACE_BOUND('',#11874,.T.);
#11874 = EDGE_LOOP('',(#11875,#11876,#11877,#11878));
#11875 = ORIENTED_EDGE('',*,*,#11851,.F.);
#11876 = ORIENTED_EDGE('',*,*,#10585,.T.);
#11877 = ORIENTED_EDGE('',*,*,#3549,.F.);
#11878 = ORIENTED_EDGE('',*,*,#9641,.F.);
#11879 = ADVANCED_FACE('',(#11880),#3615,.F.);
#11880 = FACE_BOUND('',#11881,.F.);
#11881 = EDGE_LOOP('',(#11882,#11883,#11904,#11905));
#11882 = ORIENTED_EDGE('',*,*,#9663,.F.);
#11883 = ORIENTED_EDGE('',*,*,#11884,.F.);
#11884 = EDGE_CURVE('',#10540,#9664,#11885,.T.);
#11885 = SURFACE_CURVE('',#11886,(#11890,#11897),.PCURVE_S1.);
#11886 = LINE('',#11887,#11888);
#11887 = CARTESIAN_POINT('',(2.355,-2.1,1.541926223421));
#11888 = VECTOR('',#11889,1.);
#11889 = DIRECTION('',(0.,1.,-2.22044604925E-16));
#11890 = PCURVE('',#3615,#11891);
#11891 = DEFINITIONAL_REPRESENTATION('',(#11892),#11896);
#11892 = LINE('',#11893,#11894);
#11893 = CARTESIAN_POINT('',(0.785398163397,0.2));
#11894 = VECTOR('',#11895,1.);
#11895 = DIRECTION('',(0.,-1.));
#11896 = ( GEOMETRIC_REPRESENTATION_CONTEXT(2) 
PARAMETRIC_REPRESENTATION_CONTEXT() REPRESENTATION_CONTEXT('2D SPACE',''
  ) );
#11897 = PCURVE('',#3477,#11898);
#11898 = DEFINITIONAL_REPRESENTATION('',(#11899),#11903);
#11899 = LINE('',#11900,#11901);
#11900 = CARTESIAN_POINT('',(-0.2,-0.2));
#11901 = VECTOR('',#11902,1.);
#11902 = DIRECTION('',(1.,0.));
#11903 = ( GEOMETRIC_REPRESENTATION_CONTEXT(2) 
PARAMETRIC_REPRESENTATION_CONTEXT() REPRESENTATION_CONTEXT('2D SPACE',''
  ) );
#11904 = ORIENTED_EDGE('',*,*,#10562,.F.);
#11905 = ORIENTED_EDGE('',*,*,#3601,.F.);
#11906 = ADVANCED_FACE('',(#11907),#3421,.T.);
#11907 = FACE_BOUND('',#11908,.T.);
#11908 = EDGE_LOOP('',(#11909,#11910,#11911,#11932));
#11909 = ORIENTED_EDGE('',*,*,#3398,.T.);
#11910 = ORIENTED_EDGE('',*,*,#10512,.T.);
#11911 = ORIENTED_EDGE('',*,*,#11912,.T.);
#11912 = EDGE_CURVE('',#10490,#9710,#11913,.T.);
#11913 = SURFACE_CURVE('',#11914,(#11918,#11925),.PCURVE_S1.);
#11914 = LINE('',#11915,#11916);
#11915 = CARTESIAN_POINT('',(2.155,-2.1,0.641926223421));
#11916 = VECTOR('',#11917,1.);
#11917 = DIRECTION('',(0.,1.,-2.22044604925E-16));
#11918 = PCURVE('',#3421,#11919);
#11919 = DEFINITIONAL_REPRESENTATION('',(#11920),#11924);
#11920 = LINE('',#11921,#11922);
#11921 = CARTESIAN_POINT('',(5.497787143782,0.2));
#11922 = VECTOR('',#11923,1.);
#11923 = DIRECTION('',(0.,-1.));
#11924 = ( GEOMETRIC_REPRESENTATION_CONTEXT(2) 
PARAMETRIC_REPRESENTATION_CONTEXT() REPRESENTATION_CONTEXT('2D SPACE',''
  ) );
#11925 = PCURVE('',#3245,#11926);
#11926 = DEFINITIONAL_REPRESENTATION('',(#11927),#11931);
#11927 = LINE('',#11928,#11929);
#11928 = CARTESIAN_POINT('',(-0.2,-0.2));
#11929 = VECTOR('',#11930,1.);
#11930 = DIRECTION('',(1.,0.));
#11931 = ( GEOMETRIC_REPRESENTATION_CONTEXT(2) 
PARAMETRIC_REPRESENTATION_CONTEXT() REPRESENTATION_CONTEXT('2D SPACE',''
  ) );
#11932 = ORIENTED_EDGE('',*,*,#9709,.T.);
#11933 = ADVANCED_FACE('',(#11934),#3245,.T.);
#11934 = FACE_BOUND('',#11935,.T.);
#11935 = EDGE_LOOP('',(#11936,#11937,#11938,#11939));
#11936 = ORIENTED_EDGE('',*,*,#11912,.F.);
#11937 = ORIENTED_EDGE('',*,*,#10489,.T.);
#11938 = ORIENTED_EDGE('',*,*,#3229,.F.);
#11939 = ORIENTED_EDGE('',*,*,#9737,.F.);
#11940 = ADVANCED_FACE('',(#11941),#3383,.F.);
#11941 = FACE_BOUND('',#11942,.F.);
#11942 = EDGE_LOOP('',(#11943,#11944,#11945,#11946));
#11943 = ORIENTED_EDGE('',*,*,#10039,.F.);
#11944 = ORIENTED_EDGE('',*,*,#10787,.F.);
#11945 = ORIENTED_EDGE('',*,*,#10234,.F.);
#11946 = ORIENTED_EDGE('',*,*,#3369,.F.);
#11947 = ADVANCED_FACE('',(#11948),#3189,.T.);
#11948 = FACE_BOUND('',#11949,.T.);
#11949 = EDGE_LOOP('',(#11950,#11951,#11952,#11973));
#11950 = ORIENTED_EDGE('',*,*,#3166,.T.);
#11951 = ORIENTED_EDGE('',*,*,#10462,.T.);
#11952 = ORIENTED_EDGE('',*,*,#11953,.T.);
#11953 = EDGE_CURVE('',#10440,#9760,#11954,.T.);
#11954 = SURFACE_CURVE('',#11955,(#11959,#11966),.PCURVE_S1.);
#11955 = LINE('',#11956,#11957);
#11956 = CARTESIAN_POINT('',(-2.355,-2.1,0.841926223421));
#11957 = VECTOR('',#11958,1.);
#11958 = DIRECTION('',(0.,1.,-2.22044604925E-16));
#11959 = PCURVE('',#3189,#11960);
#11960 = DEFINITIONAL_REPRESENTATION('',(#11961),#11965);
#11961 = LINE('',#11962,#11963);
#11962 = CARTESIAN_POINT('',(5.497787143782,0.2));
#11963 = VECTOR('',#11964,1.);
#11964 = DIRECTION('',(0.,-1.));
#11965 = ( GEOMETRIC_REPRESENTATION_CONTEXT(2) 
PARAMETRIC_REPRESENTATION_CONTEXT() REPRESENTATION_CONTEXT('2D SPACE',''
  ) );
#11966 = PCURVE('',#3101,#11967);
#11967 = DEFINITIONAL_REPRESENTATION('',(#11968),#11972);
#11968 = LINE('',#11969,#11970);
#11969 = CARTESIAN_POINT('',(0.2,0.2));
#11970 = VECTOR('',#11971,1.);
#11971 = DIRECTION('',(-1.,0.));
#11972 = ( GEOMETRIC_REPRESENTATION_CONTEXT(2) 
PARAMETRIC_REPRESENTATION_CONTEXT() REPRESENTATION_CONTEXT('2D SPACE',''
  ) );
#11973 = ORIENTED_EDGE('',*,*,#9759,.T.);
#11974 = ADVANCED_FACE('',(#11975),#3151,.F.);
#11975 = FACE_BOUND('',#11976,.F.);
#11976 = EDGE_LOOP('',(#11977,#11978,#11999,#12000));
#11977 = ORIENTED_EDGE('',*,*,#9809,.F.);
#11978 = ORIENTED_EDGE('',*,*,#11979,.F.);
#11979 = EDGE_CURVE('',#10394,#9810,#11980,.T.);
#11980 = SURFACE_CURVE('',#11981,(#11985,#11992),.PCURVE_S1.);
#11981 = LINE('',#11982,#11983);
#11982 = CARTESIAN_POINT('',(-2.555,-2.1,1.741926223421));
#11983 = VECTOR('',#11984,1.);
#11984 = DIRECTION('',(0.,1.,-2.22044604925E-16));
#11985 = PCURVE('',#3151,#11986);
#11986 = DEFINITIONAL_REPRESENTATION('',(#11987),#11991);
#11987 = LINE('',#11988,#11989);
#11988 = CARTESIAN_POINT('',(0.785398163397,0.2));
#11989 = VECTOR('',#11990,1.);
#11990 = DIRECTION('',(0.,-1.));
#11991 = ( GEOMETRIC_REPRESENTATION_CONTEXT(2) 
PARAMETRIC_REPRESENTATION_CONTEXT() REPRESENTATION_CONTEXT('2D SPACE',''
  ) );
#11992 = PCURVE('',#4175,#11993);
#11993 = DEFINITIONAL_REPRESENTATION('',(#11994),#11998);
#11994 = LINE('',#11995,#11996);
#11995 = CARTESIAN_POINT('',(-0.2,-0.2));
#11996 = VECTOR('',#11997,1.);
#11997 = DIRECTION('',(1.,0.));
#11998 = ( GEOMETRIC_REPRESENTATION_CONTEXT(2) 
PARAMETRIC_REPRESENTATION_CONTEXT() REPRESENTATION_CONTEXT('2D SPACE',''
  ) );
#11999 = ORIENTED_EDGE('',*,*,#10416,.F.);
#12000 = ORIENTED_EDGE('',*,*,#3137,.F.);
#12001 = ADVANCED_FACE('',(#12002),#3101,.T.);
#12002 = FACE_BOUND('',#12003,.T.);
#12003 = EDGE_LOOP('',(#12004,#12005,#12006,#12007));
#12004 = ORIENTED_EDGE('',*,*,#11953,.F.);
#12005 = ORIENTED_EDGE('',*,*,#10439,.T.);
#12006 = ORIENTED_EDGE('',*,*,#3085,.F.);
#12007 = ORIENTED_EDGE('',*,*,#9787,.F.);
#12008 = ADVANCED_FACE('',(#12009),#3039,.F.);
#12009 = FACE_BOUND('',#12010,.F.);
#12010 = EDGE_LOOP('',(#12011,#12012,#12033,#12034));
#12011 = ORIENTED_EDGE('',*,*,#9901,.F.);
#12012 = ORIENTED_EDGE('',*,*,#12013,.F.);
#12013 = EDGE_CURVE('',#10326,#9902,#12014,.T.);
#12014 = SURFACE_CURVE('',#12015,(#12019,#12026),.PCURVE_S1.);
#12015 = LINE('',#12016,#12017);
#12016 = CARTESIAN_POINT('',(-3.2,-2.1,2.441926223421));
#12017 = VECTOR('',#12018,1.);
#12018 = DIRECTION('',(0.,1.,-2.22044604925E-16));
#12019 = PCURVE('',#3039,#12020);
#12020 = DEFINITIONAL_REPRESENTATION('',(#12021),#12025);
#12021 = LINE('',#12022,#12023);
#12022 = CARTESIAN_POINT('',(0.785398163397,0.2));
#12023 = VECTOR('',#12024,1.);
#12024 = DIRECTION('',(0.,-1.));
#12025 = ( GEOMETRIC_REPRESENTATION_CONTEXT(2) 
PARAMETRIC_REPRESENTATION_CONTEXT() REPRESENTATION_CONTEXT('2D SPACE',''
  ) );
#12026 = PCURVE('',#2877,#12027);
#12027 = DEFINITIONAL_REPRESENTATION('',(#12028),#12032);
#12028 = LINE('',#12029,#12030);
#12029 = CARTESIAN_POINT('',(0.2,0.2));
#12030 = VECTOR('',#12031,1.);
#12031 = DIRECTION('',(-1.,0.));
#12032 = ( GEOMETRIC_REPRESENTATION_CONTEXT(2) 
PARAMETRIC_REPRESENTATION_CONTEXT() REPRESENTATION_CONTEXT('2D SPACE',''
  ) );
#12033 = ORIENTED_EDGE('',*,*,#10348,.F.);
#12034 = ORIENTED_EDGE('',*,*,#3025,.F.);
#12035 = ADVANCED_FACE('',(#12036),#2927,.F.);
#12036 = FACE_BOUND('',#12037,.F.);
#12037 = EDGE_LOOP('',(#12038,#12039,#12060,#12061));
#12038 = ORIENTED_EDGE('',*,*,#9947,.F.);
#12039 = ORIENTED_EDGE('',*,*,#12040,.F.);
#12040 = EDGE_CURVE('',#10280,#9948,#12041,.T.);
#12041 = SURFACE_CURVE('',#12042,(#12046,#12053),.PCURVE_S1.);
#12042 = LINE('',#12043,#12044);
#12043 = CARTESIAN_POINT('',(-3.4,-2.1,3.441926223421));
#12044 = VECTOR('',#12045,1.);
#12045 = DIRECTION('',(0.,1.,-2.22044604925E-16));
#12046 = PCURVE('',#2927,#12047);
#12047 = DEFINITIONAL_REPRESENTATION('',(#12048),#12052);
#12048 = LINE('',#12049,#12050);
#12049 = CARTESIAN_POINT('',(0.785398163397,0.2));
#12050 = VECTOR('',#12051,1.);
#12051 = DIRECTION('',(0.,-1.));
#12052 = ( GEOMETRIC_REPRESENTATION_CONTEXT(2) 
PARAMETRIC_REPRESENTATION_CONTEXT() REPRESENTATION_CONTEXT('2D SPACE',''
  ) );
#12053 = PCURVE('',#4058,#12054);
#12054 = DEFINITIONAL_REPRESENTATION('',(#12055),#12059);
#12055 = LINE('',#12056,#12057);
#12056 = CARTESIAN_POINT('',(-0.2,-0.2));
#12057 = VECTOR('',#12058,1.);
#12058 = DIRECTION('',(1.,0.));
#12059 = ( GEOMETRIC_REPRESENTATION_CONTEXT(2) 
PARAMETRIC_REPRESENTATION_CONTEXT() REPRESENTATION_CONTEXT('2D SPACE',''
  ) );
#12060 = ORIENTED_EDGE('',*,*,#10302,.F.);
#12061 = ORIENTED_EDGE('',*,*,#2913,.F.);
#12062 = ADVANCED_FACE('',(#12063),#2877,.T.);
#12063 = FACE_BOUND('',#12064,.T.);
#12064 = EDGE_LOOP('',(#12065,#12066,#12067,#12068));
#12065 = ORIENTED_EDGE('',*,*,#12013,.F.);
#12066 = ORIENTED_EDGE('',*,*,#10325,.T.);
#12067 = ORIENTED_EDGE('',*,*,#2861,.F.);
#12068 = ORIENTED_EDGE('',*,*,#9925,.F.);
#12069 = ADVANCED_FACE('',(#12070),#4058,.T.);
#12070 = FACE_BOUND('',#12071,.T.);
#12071 = EDGE_LOOP('',(#12072,#12073,#12094,#12095,#12096,#12097,#12098,
    #12099,#12100,#12101,#12102,#12103));
#12072 = ORIENTED_EDGE('',*,*,#11121,.F.);
#12073 = ORIENTED_EDGE('',*,*,#12074,.F.);
#12074 = EDGE_CURVE('',#11445,#11094,#12075,.T.);
#12075 = SURFACE_CURVE('',#12076,(#12080,#12087),.PCURVE_S1.);
#12076 = LINE('',#12077,#12078);
#12077 = CARTESIAN_POINT('',(-3.9,-0.9,3.441926223421));
#12078 = VECTOR('',#12079,1.);
#12079 = DIRECTION('',(0.,-1.,2.22044604925E-16));
#12080 = PCURVE('',#4058,#12081);
#12081 = DEFINITIONAL_REPRESENTATION('',(#12082),#12086);
#12082 = LINE('',#12083,#12084);
#12083 = CARTESIAN_POINT('',(1.,-0.7));
#12084 = VECTOR('',#12085,1.);
#12085 = DIRECTION('',(-1.,0.));
#12086 = ( GEOMETRIC_REPRESENTATION_CONTEXT(2) 
PARAMETRIC_REPRESENTATION_CONTEXT() REPRESENTATION_CONTEXT('2D SPACE',''
  ) );
#12087 = PCURVE('',#11109,#12088);
#12088 = DEFINITIONAL_REPRESENTATION('',(#12089),#12093);
#12089 = LINE('',#12090,#12091);
#12090 = CARTESIAN_POINT('',(-1.,0.));
#12091 = VECTOR('',#12092,1.);
#12092 = DIRECTION('',(1.,0.));
#12093 = ( GEOMETRIC_REPRESENTATION_CONTEXT(2) 
PARAMETRIC_REPRESENTATION_CONTEXT() REPRESENTATION_CONTEXT('2D SPACE',''
  ) );
#12094 = ORIENTED_EDGE('',*,*,#11444,.F.);
#12095 = ORIENTED_EDGE('',*,*,#11520,.F.);
#12096 = ORIENTED_EDGE('',*,*,#11546,.F.);
#12097 = ORIENTED_EDGE('',*,*,#11372,.F.);
#12098 = ORIENTED_EDGE('',*,*,#4041,.F.);
#12099 = ORIENTED_EDGE('',*,*,#11343,.F.);
#12100 = ORIENTED_EDGE('',*,*,#9971,.F.);
#12101 = ORIENTED_EDGE('',*,*,#12040,.F.);
#12102 = ORIENTED_EDGE('',*,*,#10279,.T.);
#12103 = ORIENTED_EDGE('',*,*,#4251,.F.);
#12104 = ADVANCED_FACE('',(#12105),#11109,.T.);
#12105 = FACE_BOUND('',#12106,.T.);
#12106 = EDGE_LOOP('',(#12107,#12108,#12109,#12110));
#12107 = ORIENTED_EDGE('',*,*,#11093,.F.);
#12108 = ORIENTED_EDGE('',*,*,#11290,.T.);
#12109 = ORIENTED_EDGE('',*,*,#11472,.F.);
#12110 = ORIENTED_EDGE('',*,*,#12074,.T.);
#12111 = ADVANCED_FACE('',(#12112),#3829,.T.);
#12112 = FACE_BOUND('',#12113,.T.);
#12113 = EDGE_LOOP('',(#12114,#12115,#12116,#12117));
#12114 = ORIENTED_EDGE('',*,*,#11776,.F.);
#12115 = ORIENTED_EDGE('',*,*,#10685,.T.);
#12116 = ORIENTED_EDGE('',*,*,#3813,.F.);
#12117 = ORIENTED_EDGE('',*,*,#9541,.F.);
#12118 = ADVANCED_FACE('',(#12119),#3477,.T.);
#12119 = FACE_BOUND('',#12120,.T.);
#12120 = EDGE_LOOP('',(#12121,#12122,#12123,#12124));
#12121 = ORIENTED_EDGE('',*,*,#11884,.F.);
#12122 = ORIENTED_EDGE('',*,*,#10539,.T.);
#12123 = ORIENTED_EDGE('',*,*,#3461,.F.);
#12124 = ORIENTED_EDGE('',*,*,#9687,.F.);
#12125 = ADVANCED_FACE('',(#12126),#4175,.T.);
#12126 = FACE_BOUND('',#12127,.T.);
#12127 = EDGE_LOOP('',(#12128,#12129,#12150,#12151,#12152,#12153,#12154,
    #12155,#12156,#12157,#12158,#12159));
#12128 = ORIENTED_EDGE('',*,*,#10870,.F.);
#12129 = ORIENTED_EDGE('',*,*,#12130,.F.);
#12130 = EDGE_CURVE('',#11598,#10843,#12131,.T.);
#12131 = SURFACE_CURVE('',#12132,(#12136,#12143),.PCURVE_S1.);
#12132 = LINE('',#12133,#12134);
#12133 = CARTESIAN_POINT('',(-3.9,-0.9,1.741926223421));
#12134 = VECTOR('',#12135,1.);
#12135 = DIRECTION('',(-1.263187E-13,-1.,2.22044604925E-16));
#12136 = PCURVE('',#4175,#12137);
#12137 = DEFINITIONAL_REPRESENTATION('',(#12138),#12142);
#12138 = LINE('',#12139,#12140);
#12139 = CARTESIAN_POINT('',(1.,-1.545));
#12140 = VECTOR('',#12141,1.);
#12141 = DIRECTION('',(-1.,-1.263187E-13));
#12142 = ( GEOMETRIC_REPRESENTATION_CONTEXT(2) 
PARAMETRIC_REPRESENTATION_CONTEXT() REPRESENTATION_CONTEXT('2D SPACE',''
  ) );
#12143 = PCURVE('',#10858,#12144);
#12144 = DEFINITIONAL_REPRESENTATION('',(#12145),#12149);
#12145 = LINE('',#12146,#12147);
#12146 = CARTESIAN_POINT('',(-1.,0.));
#12147 = VECTOR('',#12148,1.);
#12148 = DIRECTION('',(1.,0.));
#12149 = ( GEOMETRIC_REPRESENTATION_CONTEXT(2) 
PARAMETRIC_REPRESENTATION_CONTEXT() REPRESENTATION_CONTEXT('2D SPACE',''
  ) );
#12150 = ORIENTED_EDGE('',*,*,#11597,.F.);
#12151 = ORIENTED_EDGE('',*,*,#11673,.F.);
#12152 = ORIENTED_EDGE('',*,*,#11699,.F.);
#12153 = ORIENTED_EDGE('',*,*,#11749,.F.);
#12154 = ORIENTED_EDGE('',*,*,#4158,.F.);
#12155 = ORIENTED_EDGE('',*,*,#11315,.F.);
#12156 = ORIENTED_EDGE('',*,*,#9833,.F.);
#12157 = ORIENTED_EDGE('',*,*,#11979,.F.);
#12158 = ORIENTED_EDGE('',*,*,#10393,.T.);
#12159 = ORIENTED_EDGE('',*,*,#4366,.F.);
#12160 = ADVANCED_FACE('',(#12161),#10858,.T.);
#12161 = FACE_BOUND('',#12162,.T.);
#12162 = EDGE_LOOP('',(#12163,#12164,#12165,#12166));
#12163 = ORIENTED_EDGE('',*,*,#10842,.F.);
#12164 = ORIENTED_EDGE('',*,*,#11039,.T.);
#12165 = ORIENTED_EDGE('',*,*,#11625,.F.);
#12166 = ORIENTED_EDGE('',*,*,#12130,.T.);
#12167 = ADVANCED_FACE('',(#12168),#2765,.F.);
#12168 = FACE_BOUND('',#12169,.F.);
#12169 = EDGE_LOOP('',(#12170,#12171,#12172,#12173));
#12170 = ORIENTED_EDGE('',*,*,#10093,.F.);
#12171 = ORIENTED_EDGE('',*,*,#2749,.F.);
#12172 = ORIENTED_EDGE('',*,*,#10754,.F.);
#12173 = ORIENTED_EDGE('',*,*,#2806,.F.);
#12174 = MANIFOLD_SOLID_BREP('',#12175);
#12175 = CLOSED_SHELL('',(#12176,#12298,#12418,#12504,#12801,#12850,
    #12900,#12949,#13020,#13069,#13118,#13146,#13195,#13244,#13271,
    #13303));
#12176 = ADVANCED_FACE('',(#12177),#12192,.F.);
#12177 = FACE_BOUND('',#12178,.F.);
#12178 = EDGE_LOOP('',(#12179,#12215,#12243,#12272));
#12179 = ORIENTED_EDGE('',*,*,#12180,.F.);
#12180 = EDGE_CURVE('',#12181,#12183,#12185,.T.);
#12181 = VERTEX_POINT('',#12182);
#12182 = CARTESIAN_POINT('',(0.885,0.389532808751,0.200274093049));
#12183 = VERTEX_POINT('',#12184);
#12184 = CARTESIAN_POINT('',(0.885,0.543867960068,0.261068325908));
#12185 = SURFACE_CURVE('',#12186,(#12191,#12203),.PCURVE_S1.);
#12186 = CIRCLE('',#12187,0.2);
#12187 = AXIS2_PLACEMENT_3D('',#12188,#12189,#12190);
#12188 = CARTESIAN_POINT('',(0.885,0.4,0.4));
#12189 = DIRECTION('',(1.,-0.,0.));
#12190 = DIRECTION('',(0.,0.719339800339,-0.694658370459));
#12191 = PCURVE('',#12192,#12197);
#12192 = CYLINDRICAL_SURFACE('',#12193,0.2);
#12193 = AXIS2_PLACEMENT_3D('',#12194,#12195,#12196);
#12194 = CARTESIAN_POINT('',(0.385,0.4,0.4));
#12195 = DIRECTION('',(1.,0.,0.));
#12196 = DIRECTION('',(0.,0.719339800339,-0.694658370459));
#12197 = DEFINITIONAL_REPRESENTATION('',(#12198),#12202);
#12198 = LINE('',#12199,#12200);
#12199 = CARTESIAN_POINT('',(2.6645352591E-15,0.5));
#12200 = VECTOR('',#12201,1.);
#12201 = DIRECTION('',(1.,0.));
#12202 = ( GEOMETRIC_REPRESENTATION_CONTEXT(2) 
PARAMETRIC_REPRESENTATION_CONTEXT() REPRESENTATION_CONTEXT('2D SPACE',''
  ) );
#12203 = PCURVE('',#12204,#12209);
#12204 = PLANE('',#12205);
#12205 = AXIS2_PLACEMENT_3D('',#12206,#12207,#12208);
#12206 = CARTESIAN_POINT('',(0.885,-0.8,0.441926223426));
#12207 = DIRECTION('',(1.,0.,0.));
#12208 = DIRECTION('',(0.,1.,-2.22044604925E-16));
#12209 = DEFINITIONAL_REPRESENTATION('',(#12210),#12214);
#12210 = CIRCLE('',#12211,0.2);
#12211 = AXIS2_PLACEMENT_2D('',#12212,#12213);
#12212 = CARTESIAN_POINT('',(1.2,-4.192622342658E-02));
#12213 = DIRECTION('',(0.719339800339,-0.694658370459));
#12214 = ( GEOMETRIC_REPRESENTATION_CONTEXT(2) 
PARAMETRIC_REPRESENTATION_CONTEXT() REPRESENTATION_CONTEXT('2D SPACE',''
  ) );
#12215 = ORIENTED_EDGE('',*,*,#12216,.F.);
#12216 = EDGE_CURVE('',#12217,#12181,#12219,.T.);
#12217 = VERTEX_POINT('',#12218);
#12218 = CARTESIAN_POINT('',(0.385,0.389532808751,0.200274093049));
#12219 = SURFACE_CURVE('',#12220,(#12224,#12231),.PCURVE_S1.);
#12220 = LINE('',#12221,#12222);
#12221 = CARTESIAN_POINT('',(0.385,0.389532808751,0.200274093049));
#12222 = VECTOR('',#12223,1.);
#12223 = DIRECTION('',(1.,0.,0.));
#12224 = PCURVE('',#12192,#12225);
#12225 = DEFINITIONAL_REPRESENTATION('',(#12226),#12230);
#12226 = LINE('',#12227,#12228);
#12227 = CARTESIAN_POINT('',(5.427973973702,0.));
#12228 = VECTOR('',#12229,1.);
#12229 = DIRECTION('',(0.,1.));
#12230 = ( GEOMETRIC_REPRESENTATION_CONTEXT(2) 
PARAMETRIC_REPRESENTATION_CONTEXT() REPRESENTATION_CONTEXT('2D SPACE',''
  ) );
#12231 = PCURVE('',#12232,#12237);
#12232 = PLANE('',#12233);
#12233 = AXIS2_PLACEMENT_3D('',#12234,#12235,#12236);
#12234 = CARTESIAN_POINT('',(0.385,-0.410467191249,0.242200316476));
#12235 = DIRECTION('',(0.,5.233595624307E-02,0.998629534755));
#12236 = DIRECTION('',(0.,-0.998629534755,5.233595624307E-02));
#12237 = DEFINITIONAL_REPRESENTATION('',(#12238),#12242);
#12238 = LINE('',#12239,#12240);
#12239 = CARTESIAN_POINT('',(-0.801097876798,0.));
#12240 = VECTOR('',#12241,1.);
#12241 = DIRECTION('',(0.,1.));
#12242 = ( GEOMETRIC_REPRESENTATION_CONTEXT(2) 
PARAMETRIC_REPRESENTATION_CONTEXT() REPRESENTATION_CONTEXT('2D SPACE',''
  ) );
#12243 = ORIENTED_EDGE('',*,*,#12244,.F.);
#12244 = EDGE_CURVE('',#12245,#12217,#12247,.T.);
#12245 = VERTEX_POINT('',#12246);
#12246 = CARTESIAN_POINT('',(0.385,0.543867960068,0.261068325908));
#12247 = SURFACE_CURVE('',#12248,(#12253,#12260),.PCURVE_S1.);
#12248 = CIRCLE('',#12249,0.2);
#12249 = AXIS2_PLACEMENT_3D('',#12250,#12251,#12252);
#12250 = CARTESIAN_POINT('',(0.385,0.4,0.4));
#12251 = DIRECTION('',(-1.,-0.,0.));
#12252 = DIRECTION('',(-0.,0.719339800339,-0.694658370459));
#12253 = PCURVE('',#12192,#12254);
#12254 = DEFINITIONAL_REPRESENTATION('',(#12255),#12259);
#12255 = LINE('',#12256,#12257);
#12256 = CARTESIAN_POINT('',(6.28318530718,0.));
#12257 = VECTOR('',#12258,1.);
#12258 = DIRECTION('',(-1.,0.));
#12259 = ( GEOMETRIC_REPRESENTATION_CONTEXT(2) 
PARAMETRIC_REPRESENTATION_CONTEXT() REPRESENTATION_CONTEXT('2D SPACE',''
  ) );
#12260 = PCURVE('',#12261,#12266);
#12261 = PLANE('',#12262);
#12262 = AXIS2_PLACEMENT_3D('',#12263,#12264,#12265);
#12263 = CARTESIAN_POINT('',(0.385,-0.183089821524,0.476316299651));
#12264 = DIRECTION('',(-1.,0.,0.));
#12265 = DIRECTION('',(0.,-1.,2.22044604925E-16));
#12266 = DEFINITIONAL_REPRESENTATION('',(#12267),#12271);
#12267 = CIRCLE('',#12268,0.2);
#12268 = AXIS2_PLACEMENT_2D('',#12269,#12270);
#12269 = CARTESIAN_POINT('',(-0.583089821523,-7.631629965149E-02));
#12270 = DIRECTION('',(-0.719339800339,-0.694658370459));
#12271 = ( GEOMETRIC_REPRESENTATION_CONTEXT(2) 
PARAMETRIC_REPRESENTATION_CONTEXT() REPRESENTATION_CONTEXT('2D SPACE',''
  ) );
#12272 = ORIENTED_EDGE('',*,*,#12273,.T.);
#12273 = EDGE_CURVE('',#12245,#12183,#12274,.T.);
#12274 = SURFACE_CURVE('',#12275,(#12279,#12286),.PCURVE_S1.);
#12275 = LINE('',#12276,#12277);
#12276 = CARTESIAN_POINT('',(0.385,0.543867960068,0.261068325908));
#12277 = VECTOR('',#12278,1.);
#12278 = DIRECTION('',(1.,0.,0.));
#12279 = PCURVE('',#12192,#12280);
#12280 = DEFINITIONAL_REPRESENTATION('',(#12281),#12285);
#12281 = LINE('',#12282,#12283);
#12282 = CARTESIAN_POINT('',(6.28318530718,0.));
#12283 = VECTOR('',#12284,1.);
#12284 = DIRECTION('',(0.,1.));
#12285 = ( GEOMETRIC_REPRESENTATION_CONTEXT(2) 
PARAMETRIC_REPRESENTATION_CONTEXT() REPRESENTATION_CONTEXT('2D SPACE',''
  ) );
#12286 = PCURVE('',#12287,#12292);
#12287 = CYLINDRICAL_SURFACE('',#12288,0.2);
#12288 = AXIS2_PLACEMENT_3D('',#12289,#12290,#12291);
#12289 = CARTESIAN_POINT('',(0.385,0.4,0.4));
#12290 = DIRECTION('',(1.,0.,0.));
#12291 = DIRECTION('',(0.,0.719339800339,-0.694658370459));
#12292 = DEFINITIONAL_REPRESENTATION('',(#12293),#12297);
#12293 = LINE('',#12294,#12295);
#12294 = CARTESIAN_POINT('',(0.,0.));
#12295 = VECTOR('',#12296,1.);
#12296 = DIRECTION('',(0.,1.));
#12297 = ( GEOMETRIC_REPRESENTATION_CONTEXT(2) 
PARAMETRIC_REPRESENTATION_CONTEXT() REPRESENTATION_CONTEXT('2D SPACE',''
  ) );
#12298 = ADVANCED_FACE('',(#12299),#12313,.T.);
#12299 = FACE_BOUND('',#12300,.T.);
#12300 = EDGE_LOOP('',(#12301,#12336,#12364,#12392));
#12301 = ORIENTED_EDGE('',*,*,#12302,.F.);
#12302 = EDGE_CURVE('',#12303,#12305,#12307,.T.);
#12303 = VERTEX_POINT('',#12304);
#12304 = CARTESIAN_POINT('',(0.385,0.687735920135,0.122136651816));
#12305 = VERTEX_POINT('',#12306);
#12306 = CARTESIAN_POINT('',(0.885,0.687735920135,0.122136651816));
#12307 = SURFACE_CURVE('',#12308,(#12312,#12324),.PCURVE_S1.);
#12308 = LINE('',#12309,#12310);
#12309 = CARTESIAN_POINT('',(0.385,0.687735920135,0.122136651816));
#12310 = VECTOR('',#12311,1.);
#12311 = DIRECTION('',(1.,0.,0.));
#12312 = PCURVE('',#12313,#12318);
#12313 = CYLINDRICAL_SURFACE('',#12314,0.4);
#12314 = AXIS2_PLACEMENT_3D('',#12315,#12316,#12317);
#12315 = CARTESIAN_POINT('',(0.385,0.4,0.4));
#12316 = DIRECTION('',(1.,0.,0.));
#12317 = DIRECTION('',(0.,0.719339800339,-0.694658370459));
#12318 = DEFINITIONAL_REPRESENTATION('',(#12319),#12323);
#12319 = LINE('',#12320,#12321);
#12320 = CARTESIAN_POINT('',(0.,0.));
#12321 = VECTOR('',#12322,1.);
#12322 = DIRECTION('',(0.,1.));
#12323 = ( GEOMETRIC_REPRESENTATION_CONTEXT(2) 
PARAMETRIC_REPRESENTATION_CONTEXT() REPRESENTATION_CONTEXT('2D SPACE',''
  ) );
#12324 = PCURVE('',#12325,#12330);
#12325 = CYLINDRICAL_SURFACE('',#12326,0.4);
#12326 = AXIS2_PLACEMENT_3D('',#12327,#12328,#12329);
#12327 = CARTESIAN_POINT('',(0.385,0.4,0.4));
#12328 = DIRECTION('',(1.,0.,0.));
#12329 = DIRECTION('',(0.,0.719339800339,-0.694658370459));
#12330 = DEFINITIONAL_REPRESENTATION('',(#12331),#12335);
#12331 = LINE('',#12332,#12333);
#12332 = CARTESIAN_POINT('',(6.28318530718,0.));
#12333 = VECTOR('',#12334,1.);
#12334 = DIRECTION('',(0.,1.));
#12335 = ( GEOMETRIC_REPRESENTATION_CONTEXT(2) 
PARAMETRIC_REPRESENTATION_CONTEXT() REPRESENTATION_CONTEXT('2D SPACE',''
  ) );
#12336 = ORIENTED_EDGE('',*,*,#12337,.T.);
#12337 = EDGE_CURVE('',#12303,#12338,#12340,.T.);
#12338 = VERTEX_POINT('',#12339);
#12339 = CARTESIAN_POINT('',(0.385,0.798477879237,0.434862297099));
#12340 = SURFACE_CURVE('',#12341,(#12346,#12353),.PCURVE_S1.);
#12341 = CIRCLE('',#12342,0.4);
#12342 = AXIS2_PLACEMENT_3D('',#12343,#12344,#12345);
#12343 = CARTESIAN_POINT('',(0.385,0.4,0.4));
#12344 = DIRECTION('',(1.,-0.,0.));
#12345 = DIRECTION('',(0.,0.719339800339,-0.694658370459));
#12346 = PCURVE('',#12313,#12347);
#12347 = DEFINITIONAL_REPRESENTATION('',(#12348),#12352);
#12348 = LINE('',#12349,#12350);
#12349 = CARTESIAN_POINT('',(0.,0.));
#12350 = VECTOR('',#12351,1.);
#12351 = DIRECTION('',(1.,0.));
#12352 = ( GEOMETRIC_REPRESENTATION_CONTEXT(2) 
PARAMETRIC_REPRESENTATION_CONTEXT() REPRESENTATION_CONTEXT('2D SPACE',''
  ) );
#12353 = PCURVE('',#12261,#12354);
#12354 = DEFINITIONAL_REPRESENTATION('',(#12355),#12363);
#12355 = ( BOUNDED_CURVE() B_SPLINE_CURVE(2,(#12356,#12357,#12358,#12359
    ,#12360,#12361,#12362),.UNSPECIFIED.,.T.,.F.) 
B_SPLINE_CURVE_WITH_KNOTS((1,2,2,2,2,1),(-2.094395102393,0.,
    2.094395102393,4.188790204786,6.28318530718,8.377580409573),
.UNSPECIFIED.) CURVE() GEOMETRIC_REPRESENTATION_ITEM() 
RATIONAL_B_SPLINE_CURVE((1.,0.5,1.,0.5,1.,0.5,1.)) REPRESENTATION_ITEM(
  '') );
#12356 = CARTESIAN_POINT('',(-0.870825741659,-0.354179647835));
#12357 = CARTESIAN_POINT('',(-1.352099178274,0.144193585002));
#12358 = CARTESIAN_POINT('',(-0.679858579764,0.311801990859));
#12359 = CARTESIAN_POINT('',(-7.617981252793E-03,0.479410396716));
#12360 = CARTESIAN_POINT('',(-0.198585143148,-0.186571241978));
#12361 = CARTESIAN_POINT('',(-0.389552305044,-0.852552880672));
#12362 = CARTESIAN_POINT('',(-0.870825741659,-0.354179647835));
#12363 = ( GEOMETRIC_REPRESENTATION_CONTEXT(2) 
PARAMETRIC_REPRESENTATION_CONTEXT() REPRESENTATION_CONTEXT('2D SPACE',''
  ) );
#12364 = ORIENTED_EDGE('',*,*,#12365,.T.);
#12365 = EDGE_CURVE('',#12338,#12366,#12368,.T.);
#12366 = VERTEX_POINT('',#12367);
#12367 = CARTESIAN_POINT('',(0.885,0.798477879237,0.434862297099));
#12368 = SURFACE_CURVE('',#12369,(#12373,#12380),.PCURVE_S1.);
#12369 = LINE('',#12370,#12371);
#12370 = CARTESIAN_POINT('',(0.385,0.798477879237,0.434862297099));
#12371 = VECTOR('',#12372,1.);
#12372 = DIRECTION('',(1.,0.,0.));
#12373 = PCURVE('',#12313,#12374);
#12374 = DEFINITIONAL_REPRESENTATION('',(#12375),#12379);
#12375 = LINE('',#12376,#12377);
#12376 = CARTESIAN_POINT('',(0.855211333477,0.));
#12377 = VECTOR('',#12378,1.);
#12378 = DIRECTION('',(0.,1.));
#12379 = ( GEOMETRIC_REPRESENTATION_CONTEXT(2) 
PARAMETRIC_REPRESENTATION_CONTEXT() REPRESENTATION_CONTEXT('2D SPACE',''
  ) );
#12380 = PCURVE('',#12381,#12386);
#12381 = PLANE('',#12382);
#12382 = AXIS2_PLACEMENT_3D('',#12383,#12384,#12385);
#12383 = CARTESIAN_POINT('',(0.385,0.705456865528,1.498097349046));
#12384 = DIRECTION('',(0.,0.996194698092,8.715574274748E-02));
#12385 = DIRECTION('',(-1.,0.,0.));
#12386 = DEFINITIONAL_REPRESENTATION('',(#12387),#12391);
#12387 = LINE('',#12388,#12389);
#12388 = CARTESIAN_POINT('',(-0.,-1.067296437116));
#12389 = VECTOR('',#12390,1.);
#12390 = DIRECTION('',(-1.,0.));
#12391 = ( GEOMETRIC_REPRESENTATION_CONTEXT(2) 
PARAMETRIC_REPRESENTATION_CONTEXT() REPRESENTATION_CONTEXT('2D SPACE',''
  ) );
#12392 = ORIENTED_EDGE('',*,*,#12393,.T.);
#12393 = EDGE_CURVE('',#12366,#12305,#12394,.T.);
#12394 = SURFACE_CURVE('',#12395,(#12400,#12407),.PCURVE_S1.);
#12395 = CIRCLE('',#12396,0.4);
#12396 = AXIS2_PLACEMENT_3D('',#12397,#12398,#12399);
#12397 = CARTESIAN_POINT('',(0.885,0.4,0.4));
#12398 = DIRECTION('',(-1.,-0.,0.));
#12399 = DIRECTION('',(-0.,0.719339800339,-0.694658370459));
#12400 = PCURVE('',#12313,#12401);
#12401 = DEFINITIONAL_REPRESENTATION('',(#12402),#12406);
#12402 = LINE('',#12403,#12404);
#12403 = CARTESIAN_POINT('',(6.28318530718,0.5));
#12404 = VECTOR('',#12405,1.);
#12405 = DIRECTION('',(-1.,0.));
#12406 = ( GEOMETRIC_REPRESENTATION_CONTEXT(2) 
PARAMETRIC_REPRESENTATION_CONTEXT() REPRESENTATION_CONTEXT('2D SPACE',''
  ) );
#12407 = PCURVE('',#12204,#12408);
#12408 = DEFINITIONAL_REPRESENTATION('',(#12409),#12417);
#12409 = ( BOUNDED_CURVE() B_SPLINE_CURVE(2,(#12410,#12411,#12412,#12413
    ,#12414,#12415,#12416),.UNSPECIFIED.,.T.,.F.) 
B_SPLINE_CURVE_WITH_KNOTS((1,2,2,2,2,1),(-2.094395102393,0.,
    2.094395102393,4.188790204786,6.28318530718,8.377580409573),
.UNSPECIFIED.) CURVE() GEOMETRIC_REPRESENTATION_ITEM() 
RATIONAL_B_SPLINE_CURVE((1.,0.5,1.,0.5,1.,0.5,1.)) REPRESENTATION_ITEM(
  '') );
#12410 = CARTESIAN_POINT('',(1.487735920136,-0.31978957161));
#12411 = CARTESIAN_POINT('',(1.00646248352,-0.818162804447));
#12412 = CARTESIAN_POINT('',(0.815495321625,-0.152181165753));
#12413 = CARTESIAN_POINT('',(0.62452815973,0.513800472941));
#12414 = CARTESIAN_POINT('',(1.29676875824,0.346192067084));
#12415 = CARTESIAN_POINT('',(1.969009356751,0.178583661227));
#12416 = CARTESIAN_POINT('',(1.487735920136,-0.31978957161));
#12417 = ( GEOMETRIC_REPRESENTATION_CONTEXT(2) 
PARAMETRIC_REPRESENTATION_CONTEXT() REPRESENTATION_CONTEXT('2D SPACE',''
  ) );
#12418 = ADVANCED_FACE('',(#12419),#12325,.T.);
#12419 = FACE_BOUND('',#12420,.T.);
#12420 = EDGE_LOOP('',(#12421,#12422,#12450,#12478));
#12421 = ORIENTED_EDGE('',*,*,#12302,.T.);
#12422 = ORIENTED_EDGE('',*,*,#12423,.T.);
#12423 = EDGE_CURVE('',#12305,#12424,#12426,.T.);
#12424 = VERTEX_POINT('',#12425);
#12425 = CARTESIAN_POINT('',(0.885,0.379065617503,5.48186098118E-04));
#12426 = SURFACE_CURVE('',#12427,(#12432,#12439),.PCURVE_S1.);
#12427 = CIRCLE('',#12428,0.4);
#12428 = AXIS2_PLACEMENT_3D('',#12429,#12430,#12431);
#12429 = CARTESIAN_POINT('',(0.885,0.4,0.4));
#12430 = DIRECTION('',(-1.,-0.,0.));
#12431 = DIRECTION('',(-0.,0.719339800339,-0.694658370459));
#12432 = PCURVE('',#12325,#12433);
#12433 = DEFINITIONAL_REPRESENTATION('',(#12434),#12438);
#12434 = LINE('',#12435,#12436);
#12435 = CARTESIAN_POINT('',(6.28318530718,0.5));
#12436 = VECTOR('',#12437,1.);
#12437 = DIRECTION('',(-1.,0.));
#12438 = ( GEOMETRIC_REPRESENTATION_CONTEXT(2) 
PARAMETRIC_REPRESENTATION_CONTEXT() REPRESENTATION_CONTEXT('2D SPACE',''
  ) );
#12439 = PCURVE('',#12204,#12440);
#12440 = DEFINITIONAL_REPRESENTATION('',(#12441),#12449);
#12441 = ( BOUNDED_CURVE() B_SPLINE_CURVE(2,(#12442,#12443,#12444,#12445
    ,#12446,#12447,#12448),.UNSPECIFIED.,.T.,.F.) 
B_SPLINE_CURVE_WITH_KNOTS((1,2,2,2,2,1),(-2.094395102393,0.,
    2.094395102393,4.188790204786,6.28318530718,8.377580409573),
.UNSPECIFIED.) CURVE() GEOMETRIC_REPRESENTATION_ITEM() 
RATIONAL_B_SPLINE_CURVE((1.,0.5,1.,0.5,1.,0.5,1.)) REPRESENTATION_ITEM(
  '') );
#12442 = CARTESIAN_POINT('',(1.487735920136,-0.31978957161));
#12443 = CARTESIAN_POINT('',(1.00646248352,-0.818162804447));
#12444 = CARTESIAN_POINT('',(0.815495321625,-0.152181165753));
#12445 = CARTESIAN_POINT('',(0.62452815973,0.513800472941));
#12446 = CARTESIAN_POINT('',(1.29676875824,0.346192067084));
#12447 = CARTESIAN_POINT('',(1.969009356751,0.178583661227));
#12448 = CARTESIAN_POINT('',(1.487735920136,-0.31978957161));
#12449 = ( GEOMETRIC_REPRESENTATION_CONTEXT(2) 
PARAMETRIC_REPRESENTATION_CONTEXT() REPRESENTATION_CONTEXT('2D SPACE',''
  ) );
#12450 = ORIENTED_EDGE('',*,*,#12451,.T.);
#12451 = EDGE_CURVE('',#12424,#12452,#12454,.T.);
#12452 = VERTEX_POINT('',#12453);
#12453 = CARTESIAN_POINT('',(0.385,0.379065617503,5.48186098118E-04));
#12454 = SURFACE_CURVE('',#12455,(#12459,#12466),.PCURVE_S1.);
#12455 = LINE('',#12456,#12457);
#12456 = CARTESIAN_POINT('',(0.885,0.379065617503,5.48186098118E-04));
#12457 = VECTOR('',#12458,1.);
#12458 = DIRECTION('',(-1.,0.,0.));
#12459 = PCURVE('',#12325,#12460);
#12460 = DEFINITIONAL_REPRESENTATION('',(#12461),#12465);
#12461 = LINE('',#12462,#12463);
#12462 = CARTESIAN_POINT('',(5.427973973702,0.5));
#12463 = VECTOR('',#12464,1.);
#12464 = DIRECTION('',(0.,-1.));
#12465 = ( GEOMETRIC_REPRESENTATION_CONTEXT(2) 
PARAMETRIC_REPRESENTATION_CONTEXT() REPRESENTATION_CONTEXT('2D SPACE',''
  ) );
#12466 = PCURVE('',#12467,#12472);
#12467 = PLANE('',#12468);
#12468 = AXIS2_PLACEMENT_3D('',#12469,#12470,#12471);
#12469 = CARTESIAN_POINT('',(0.385,0.838582364423,-2.353406615134E-02));
#12470 = DIRECTION('',(0.,-5.233595624307E-02,-0.998629534755));
#12471 = DIRECTION('',(0.,0.998629534755,-5.233595624307E-02));
#12472 = DEFINITIONAL_REPRESENTATION('',(#12473),#12477);
#12473 = LINE('',#12474,#12475);
#12474 = CARTESIAN_POINT('',(-0.460147362888,0.5));
#12475 = VECTOR('',#12476,1.);
#12476 = DIRECTION('',(-0.,-1.));
#12477 = ( GEOMETRIC_REPRESENTATION_CONTEXT(2) 
PARAMETRIC_REPRESENTATION_CONTEXT() REPRESENTATION_CONTEXT('2D SPACE',''
  ) );
#12478 = ORIENTED_EDGE('',*,*,#12479,.T.);
#12479 = EDGE_CURVE('',#12452,#12303,#12480,.T.);
#12480 = SURFACE_CURVE('',#12481,(#12486,#12493),.PCURVE_S1.);
#12481 = CIRCLE('',#12482,0.4);
#12482 = AXIS2_PLACEMENT_3D('',#12483,#12484,#12485);
#12483 = CARTESIAN_POINT('',(0.385,0.4,0.4));
#12484 = DIRECTION('',(1.,-0.,0.));
#12485 = DIRECTION('',(0.,0.719339800339,-0.694658370459));
#12486 = PCURVE('',#12325,#12487);
#12487 = DEFINITIONAL_REPRESENTATION('',(#12488),#12492);
#12488 = LINE('',#12489,#12490);
#12489 = CARTESIAN_POINT('',(0.,0.));
#12490 = VECTOR('',#12491,1.);
#12491 = DIRECTION('',(1.,0.));
#12492 = ( GEOMETRIC_REPRESENTATION_CONTEXT(2) 
PARAMETRIC_REPRESENTATION_CONTEXT() REPRESENTATION_CONTEXT('2D SPACE',''
  ) );
#12493 = PCURVE('',#12261,#12494);
#12494 = DEFINITIONAL_REPRESENTATION('',(#12495),#12503);
#12495 = ( BOUNDED_CURVE() B_SPLINE_CURVE(2,(#12496,#12497,#12498,#12499
    ,#12500,#12501,#12502),.UNSPECIFIED.,.T.,.F.) 
B_SPLINE_CURVE_WITH_KNOTS((1,2,2,2,2,1),(-2.094395102393,0.,
    2.094395102393,4.188790204786,6.28318530718,8.377580409573),
.UNSPECIFIED.) CURVE() GEOMETRIC_REPRESENTATION_ITEM() 
RATIONAL_B_SPLINE_CURVE((1.,0.5,1.,0.5,1.,0.5,1.)) REPRESENTATION_ITEM(
  '') );
#12496 = CARTESIAN_POINT('',(-0.870825741659,-0.354179647835));
#12497 = CARTESIAN_POINT('',(-1.352099178274,0.144193585002));
#12498 = CARTESIAN_POINT('',(-0.679858579764,0.311801990859));
#12499 = CARTESIAN_POINT('',(-7.617981252793E-03,0.479410396716));
#12500 = CARTESIAN_POINT('',(-0.198585143148,-0.186571241978));
#12501 = CARTESIAN_POINT('',(-0.389552305044,-0.852552880672));
#12502 = CARTESIAN_POINT('',(-0.870825741659,-0.354179647835));
#12503 = ( GEOMETRIC_REPRESENTATION_CONTEXT(2) 
PARAMETRIC_REPRESENTATION_CONTEXT() REPRESENTATION_CONTEXT('2D SPACE',''
  ) );
#12504 = ADVANCED_FACE('',(#12505),#12261,.T.);
#12505 = FACE_BOUND('',#12506,.T.);
#12506 = EDGE_LOOP('',(#12507,#12508,#12531,#12560,#12588,#12616,#12644,
    #12677,#12698,#12699,#12723,#12751,#12779,#12800));
#12507 = ORIENTED_EDGE('',*,*,#12479,.F.);
#12508 = ORIENTED_EDGE('',*,*,#12509,.T.);
#12509 = EDGE_CURVE('',#12452,#12510,#12512,.T.);
#12510 = VERTEX_POINT('',#12511);
#12511 = CARTESIAN_POINT('',(0.385,-0.420934382497,4.247440952469E-02));
#12512 = SURFACE_CURVE('',#12513,(#12517,#12524),.PCURVE_S1.);
#12513 = LINE('',#12514,#12515);
#12514 = CARTESIAN_POINT('',(0.385,0.379065617503,5.48186098118E-04));
#12515 = VECTOR('',#12516,1.);
#12516 = DIRECTION('',(3.464692E-17,-0.998629534755,5.23359562431E-02));
#12517 = PCURVE('',#12261,#12518);
#12518 = DEFINITIONAL_REPRESENTATION('',(#12519),#12523);
#12519 = LINE('',#12520,#12521);
#12520 = CARTESIAN_POINT('',(-0.562155439026,-0.475768113553));
#12521 = VECTOR('',#12522,1.);
#12522 = DIRECTION('',(0.998629534755,5.23359562431E-02));
#12523 = ( GEOMETRIC_REPRESENTATION_CONTEXT(2) 
PARAMETRIC_REPRESENTATION_CONTEXT() REPRESENTATION_CONTEXT('2D SPACE',''
  ) );
#12524 = PCURVE('',#12467,#12525);
#12525 = DEFINITIONAL_REPRESENTATION('',(#12526),#12530);
#12526 = LINE('',#12527,#12528);
#12527 = CARTESIAN_POINT('',(-0.460147362888,0.));
#12528 = VECTOR('',#12529,1.);
#12529 = DIRECTION('',(-1.,3.464692E-17));
#12530 = ( GEOMETRIC_REPRESENTATION_CONTEXT(2) 
PARAMETRIC_REPRESENTATION_CONTEXT() REPRESENTATION_CONTEXT('2D SPACE',''
  ) );
#12531 = ORIENTED_EDGE('',*,*,#12532,.T.);
#12532 = EDGE_CURVE('',#12510,#12533,#12535,.T.);
#12533 = VERTEX_POINT('',#12534);
#12534 = CARTESIAN_POINT('',(0.385,-0.8,0.441926223426));
#12535 = SURFACE_CURVE('',#12536,(#12541,#12548),.PCURVE_S1.);
#12536 = CIRCLE('',#12537,0.4);
#12537 = AXIS2_PLACEMENT_3D('',#12538,#12539,#12540);
#12538 = CARTESIAN_POINT('',(0.385,-0.4,0.441926223426));
#12539 = DIRECTION('',(-1.,0.,0.));
#12540 = DIRECTION('',(0.,2.22044604925E-16,1.));
#12541 = PCURVE('',#12261,#12542);
#12542 = DEFINITIONAL_REPRESENTATION('',(#12543),#12547);
#12543 = CIRCLE('',#12544,0.4);
#12544 = AXIS2_PLACEMENT_2D('',#12545,#12546);
#12545 = CARTESIAN_POINT('',(0.216910178477,-3.439007622491E-02));
#12546 = DIRECTION('',(0.,1.));
#12547 = ( GEOMETRIC_REPRESENTATION_CONTEXT(2) 
PARAMETRIC_REPRESENTATION_CONTEXT() REPRESENTATION_CONTEXT('2D SPACE',''
  ) );
#12548 = PCURVE('',#12549,#12554);
#12549 = CYLINDRICAL_SURFACE('',#12550,0.4);
#12550 = AXIS2_PLACEMENT_3D('',#12551,#12552,#12553);
#12551 = CARTESIAN_POINT('',(0.385,-0.4,0.441926223426));
#12552 = DIRECTION('',(1.,0.,0.));
#12553 = DIRECTION('',(0.,2.22044604925E-16,1.));
#12554 = DEFINITIONAL_REPRESENTATION('',(#12555),#12559);
#12555 = LINE('',#12556,#12557);
#12556 = CARTESIAN_POINT('',(6.28318530718,0.));
#12557 = VECTOR('',#12558,1.);
#12558 = DIRECTION('',(-1.,0.));
#12559 = ( GEOMETRIC_REPRESENTATION_CONTEXT(2) 
PARAMETRIC_REPRESENTATION_CONTEXT() REPRESENTATION_CONTEXT('2D SPACE',''
  ) );
#12560 = ORIENTED_EDGE('',*,*,#12561,.T.);
#12561 = EDGE_CURVE('',#12533,#12562,#12564,.T.);
#12562 = VERTEX_POINT('',#12563);
#12563 = CARTESIAN_POINT('',(0.385,-0.8,0.466483135606));
#12564 = SURFACE_CURVE('',#12565,(#12569,#12576),.PCURVE_S1.);
#12565 = LINE('',#12566,#12567);
#12566 = CARTESIAN_POINT('',(0.385,-0.8,0.441926223426));
#12567 = VECTOR('',#12568,1.);
#12568 = DIRECTION('',(0.,7.238376044605E-12,1.));
#12569 = PCURVE('',#12261,#12570);
#12570 = DEFINITIONAL_REPRESENTATION('',(#12571),#12575);
#12571 = LINE('',#12572,#12573);
#12572 = CARTESIAN_POINT('',(0.616910178477,-3.439007622491E-02));
#12573 = VECTOR('',#12574,1.);
#12574 = DIRECTION('',(-7.238154E-12,1.));
#12575 = ( GEOMETRIC_REPRESENTATION_CONTEXT(2) 
PARAMETRIC_REPRESENTATION_CONTEXT() REPRESENTATION_CONTEXT('2D SPACE',''
  ) );
#12576 = PCURVE('',#12577,#12582);
#12577 = PLANE('',#12578);
#12578 = AXIS2_PLACEMENT_3D('',#12579,#12580,#12581);
#12579 = CARTESIAN_POINT('',(0.385,-0.8,0.441926223426));
#12580 = DIRECTION('',(0.,-1.,2.22044604925E-16));
#12581 = DIRECTION('',(1.,0.,0.));
#12582 = DEFINITIONAL_REPRESENTATION('',(#12583),#12587);
#12583 = LINE('',#12584,#12585);
#12584 = CARTESIAN_POINT('',(0.,0.));
#12585 = VECTOR('',#12586,1.);
#12586 = DIRECTION('',(0.,1.));
#12587 = ( GEOMETRIC_REPRESENTATION_CONTEXT(2) 
PARAMETRIC_REPRESENTATION_CONTEXT() REPRESENTATION_CONTEXT('2D SPACE',''
  ) );
#12588 = ORIENTED_EDGE('',*,*,#12589,.T.);
#12589 = EDGE_CURVE('',#12562,#12590,#12592,.T.);
#12590 = VERTEX_POINT('',#12591);
#12591 = CARTESIAN_POINT('',(0.385,-0.6,0.466483135606));
#12592 = SURFACE_CURVE('',#12593,(#12597,#12604),.PCURVE_S1.);
#12593 = LINE('',#12594,#12595);
#12594 = CARTESIAN_POINT('',(0.385,-0.8,0.466483135606));
#12595 = VECTOR('',#12596,1.);
#12596 = DIRECTION('',(0.,1.,-2.22044604925E-16));
#12597 = PCURVE('',#12261,#12598);
#12598 = DEFINITIONAL_REPRESENTATION('',(#12599),#12603);
#12599 = LINE('',#12600,#12601);
#12600 = CARTESIAN_POINT('',(0.616910178477,-9.833164045309E-03));
#12601 = VECTOR('',#12602,1.);
#12602 = DIRECTION('',(-1.,0.));
#12603 = ( GEOMETRIC_REPRESENTATION_CONTEXT(2) 
PARAMETRIC_REPRESENTATION_CONTEXT() REPRESENTATION_CONTEXT('2D SPACE',''
  ) );
#12604 = PCURVE('',#12605,#12610);
#12605 = PLANE('',#12606);
#12606 = AXIS2_PLACEMENT_3D('',#12607,#12608,#12609);
#12607 = CARTESIAN_POINT('',(0.385,-0.8,0.466483135606));
#12608 = DIRECTION('',(0.,2.22044604925E-16,1.));
#12609 = DIRECTION('',(0.,-1.,2.22044604925E-16));
#12610 = DEFINITIONAL_REPRESENTATION('',(#12611),#12615);
#12611 = LINE('',#12612,#12613);
#12612 = CARTESIAN_POINT('',(0.,0.));
#12613 = VECTOR('',#12614,1.);
#12614 = DIRECTION('',(-1.,0.));
#12615 = ( GEOMETRIC_REPRESENTATION_CONTEXT(2) 
PARAMETRIC_REPRESENTATION_CONTEXT() REPRESENTATION_CONTEXT('2D SPACE',''
  ) );
#12616 = ORIENTED_EDGE('',*,*,#12617,.T.);
#12617 = EDGE_CURVE('',#12590,#12618,#12620,.T.);
#12618 = VERTEX_POINT('',#12619);
#12619 = CARTESIAN_POINT('',(0.385,-0.6,0.441926223426));
#12620 = SURFACE_CURVE('',#12621,(#12625,#12632),.PCURVE_S1.);
#12621 = LINE('',#12622,#12623);
#12622 = CARTESIAN_POINT('',(0.385,-0.6,0.466483135606));
#12623 = VECTOR('',#12624,1.);
#12624 = DIRECTION('',(0.,-2.22044604925E-16,-1.));
#12625 = PCURVE('',#12261,#12626);
#12626 = DEFINITIONAL_REPRESENTATION('',(#12627),#12631);
#12627 = LINE('',#12628,#12629);
#12628 = CARTESIAN_POINT('',(0.416910178477,-9.833164045309E-03));
#12629 = VECTOR('',#12630,1.);
#12630 = DIRECTION('',(0.,-1.));
#12631 = ( GEOMETRIC_REPRESENTATION_CONTEXT(2) 
PARAMETRIC_REPRESENTATION_CONTEXT() REPRESENTATION_CONTEXT('2D SPACE',''
  ) );
#12632 = PCURVE('',#12633,#12638);
#12633 = PLANE('',#12634);
#12634 = AXIS2_PLACEMENT_3D('',#12635,#12636,#12637);
#12635 = CARTESIAN_POINT('',(0.385,-0.6,0.466483135606));
#12636 = DIRECTION('',(0.,1.,-2.22044604925E-16));
#12637 = DIRECTION('',(-1.,0.,0.));
#12638 = DEFINITIONAL_REPRESENTATION('',(#12639),#12643);
#12639 = LINE('',#12640,#12641);
#12640 = CARTESIAN_POINT('',(0.,0.));
#12641 = VECTOR('',#12642,1.);
#12642 = DIRECTION('',(0.,-1.));
#12643 = ( GEOMETRIC_REPRESENTATION_CONTEXT(2) 
PARAMETRIC_REPRESENTATION_CONTEXT() REPRESENTATION_CONTEXT('2D SPACE',''
  ) );
#12644 = ORIENTED_EDGE('',*,*,#12645,.T.);
#12645 = EDGE_CURVE('',#12618,#12646,#12648,.T.);
#12646 = VERTEX_POINT('',#12647);
#12647 = CARTESIAN_POINT('',(0.385,-0.410467191249,0.242200316476));
#12648 = SURFACE_CURVE('',#12649,(#12654,#12665),.PCURVE_S1.);
#12649 = CIRCLE('',#12650,0.2);
#12650 = AXIS2_PLACEMENT_3D('',#12651,#12652,#12653);
#12651 = CARTESIAN_POINT('',(0.385,-0.4,0.441926223426));
#12652 = DIRECTION('',(1.,0.,-0.));
#12653 = DIRECTION('',(0.,2.22044604925E-16,1.));
#12654 = PCURVE('',#12261,#12655);
#12655 = DEFINITIONAL_REPRESENTATION('',(#12656),#12664);
#12656 = ( BOUNDED_CURVE() B_SPLINE_CURVE(2,(#12657,#12658,#12659,#12660
    ,#12661,#12662,#12663),.UNSPECIFIED.,.T.,.F.) 
B_SPLINE_CURVE_WITH_KNOTS((1,2,2,2,2,1),(-2.094395102393,0.,
    2.094395102393,4.188790204786,6.28318530718,8.377580409573),
.UNSPECIFIED.) CURVE() GEOMETRIC_REPRESENTATION_ITEM() 
RATIONAL_B_SPLINE_CURVE((1.,0.5,1.,0.5,1.,0.5,1.)) REPRESENTATION_ITEM(
  '') );
#12657 = CARTESIAN_POINT('',(0.216910178477,0.165609923775));
#12658 = CARTESIAN_POINT('',(0.56332033999,0.165609923775));
#12659 = CARTESIAN_POINT('',(0.390115259233,-0.134390076225));
#12660 = CARTESIAN_POINT('',(0.216910178477,-0.434390076225));
#12661 = CARTESIAN_POINT('',(4.370509771962E-02,-0.134390076225));
#12662 = CARTESIAN_POINT('',(-0.129499983037,0.165609923775));
#12663 = CARTESIAN_POINT('',(0.216910178477,0.165609923775));
#12664 = ( GEOMETRIC_REPRESENTATION_CONTEXT(2) 
PARAMETRIC_REPRESENTATION_CONTEXT() REPRESENTATION_CONTEXT('2D SPACE',''
  ) );
#12665 = PCURVE('',#12666,#12671);
#12666 = CYLINDRICAL_SURFACE('',#12667,0.2);
#12667 = AXIS2_PLACEMENT_3D('',#12668,#12669,#12670);
#12668 = CARTESIAN_POINT('',(0.385,-0.4,0.441926223426));
#12669 = DIRECTION('',(1.,0.,0.));
#12670 = DIRECTION('',(0.,2.22044604925E-16,1.));
#12671 = DEFINITIONAL_REPRESENTATION('',(#12672),#12676);
#12672 = LINE('',#12673,#12674);
#12673 = CARTESIAN_POINT('',(0.,0.));
#12674 = VECTOR('',#12675,1.);
#12675 = DIRECTION('',(1.,0.));
#12676 = ( GEOMETRIC_REPRESENTATION_CONTEXT(2) 
PARAMETRIC_REPRESENTATION_CONTEXT() REPRESENTATION_CONTEXT('2D SPACE',''
  ) );
#12677 = ORIENTED_EDGE('',*,*,#12678,.T.);
#12678 = EDGE_CURVE('',#12646,#12217,#12679,.T.);
#12679 = SURFACE_CURVE('',#12680,(#12684,#12691),.PCURVE_S1.);
#12680 = LINE('',#12681,#12682);
#12681 = CARTESIAN_POINT('',(0.385,-0.410467191249,0.242200316476));
#12682 = VECTOR('',#12683,1.);
#12683 = DIRECTION('',(0.,0.998629534755,-5.233595624307E-02));
#12684 = PCURVE('',#12261,#12685);
#12685 = DEFINITIONAL_REPRESENTATION('',(#12686),#12690);
#12686 = LINE('',#12687,#12688);
#12687 = CARTESIAN_POINT('',(0.227377369725,-0.234115983176));
#12688 = VECTOR('',#12689,1.);
#12689 = DIRECTION('',(-0.998629534755,-5.233595624306E-02));
#12690 = ( GEOMETRIC_REPRESENTATION_CONTEXT(2) 
PARAMETRIC_REPRESENTATION_CONTEXT() REPRESENTATION_CONTEXT('2D SPACE',''
  ) );
#12691 = PCURVE('',#12232,#12692);
#12692 = DEFINITIONAL_REPRESENTATION('',(#12693),#12697);
#12693 = LINE('',#12694,#12695);
#12694 = CARTESIAN_POINT('',(0.,0.));
#12695 = VECTOR('',#12696,1.);
#12696 = DIRECTION('',(-1.,0.));
#12697 = ( GEOMETRIC_REPRESENTATION_CONTEXT(2) 
PARAMETRIC_REPRESENTATION_CONTEXT() REPRESENTATION_CONTEXT('2D SPACE',''
  ) );
#12698 = ORIENTED_EDGE('',*,*,#12244,.F.);
#12699 = ORIENTED_EDGE('',*,*,#12700,.F.);
#12700 = EDGE_CURVE('',#12701,#12245,#12703,.T.);
#12701 = VERTEX_POINT('',#12702);
#12702 = CARTESIAN_POINT('',(0.385,0.599238939618,0.417431148549));
#12703 = SURFACE_CURVE('',#12704,(#12709,#12716),.PCURVE_S1.);
#12704 = CIRCLE('',#12705,0.2);
#12705 = AXIS2_PLACEMENT_3D('',#12706,#12707,#12708);
#12706 = CARTESIAN_POINT('',(0.385,0.4,0.4));
#12707 = DIRECTION('',(-1.,-0.,0.));
#12708 = DIRECTION('',(-0.,0.719339800339,-0.694658370459));
#12709 = PCURVE('',#12261,#12710);
#12710 = DEFINITIONAL_REPRESENTATION('',(#12711),#12715);
#12711 = CIRCLE('',#12712,0.2);
#12712 = AXIS2_PLACEMENT_2D('',#12713,#12714);
#12713 = CARTESIAN_POINT('',(-0.583089821523,-7.631629965149E-02));
#12714 = DIRECTION('',(-0.719339800339,-0.694658370459));
#12715 = ( GEOMETRIC_REPRESENTATION_CONTEXT(2) 
PARAMETRIC_REPRESENTATION_CONTEXT() REPRESENTATION_CONTEXT('2D SPACE',''
  ) );
#12716 = PCURVE('',#12287,#12717);
#12717 = DEFINITIONAL_REPRESENTATION('',(#12718),#12722);
#12718 = LINE('',#12719,#12720);
#12719 = CARTESIAN_POINT('',(6.28318530718,0.));
#12720 = VECTOR('',#12721,1.);
#12721 = DIRECTION('',(-1.,0.));
#12722 = ( GEOMETRIC_REPRESENTATION_CONTEXT(2) 
PARAMETRIC_REPRESENTATION_CONTEXT() REPRESENTATION_CONTEXT('2D SPACE',''
  ) );
#12723 = ORIENTED_EDGE('',*,*,#12724,.T.);
#12724 = EDGE_CURVE('',#12701,#12725,#12727,.T.);
#12725 = VERTEX_POINT('',#12726);
#12726 = CARTESIAN_POINT('',(0.385,0.50621792591,1.480666200496));
#12727 = SURFACE_CURVE('',#12728,(#12732,#12739),.PCURVE_S1.);
#12728 = LINE('',#12729,#12730);
#12729 = CARTESIAN_POINT('',(0.385,0.599238939618,0.417431148549));
#12730 = VECTOR('',#12731,1.);
#12731 = DIRECTION('',(2.08044E-16,-8.715574274748E-02,0.996194698092));
#12732 = PCURVE('',#12261,#12733);
#12733 = DEFINITIONAL_REPRESENTATION('',(#12734),#12738);
#12734 = LINE('',#12735,#12736);
#12735 = CARTESIAN_POINT('',(-0.782328761142,-5.888515110199E-02));
#12736 = VECTOR('',#12737,1.);
#12737 = DIRECTION('',(8.715574274748E-02,0.996194698092));
#12738 = ( GEOMETRIC_REPRESENTATION_CONTEXT(2) 
PARAMETRIC_REPRESENTATION_CONTEXT() REPRESENTATION_CONTEXT('2D SPACE',''
  ) );
#12739 = PCURVE('',#12740,#12745);
#12740 = PLANE('',#12741);
#12741 = AXIS2_PLACEMENT_3D('',#12742,#12743,#12744);
#12742 = CARTESIAN_POINT('',(0.385,0.619291182211,0.188232966924));
#12743 = DIRECTION('',(0.,-0.996194698092,-8.715574274748E-02));
#12744 = DIRECTION('',(1.,0.,0.));
#12745 = DEFINITIONAL_REPRESENTATION('',(#12746),#12750);
#12746 = LINE('',#12747,#12748);
#12747 = CARTESIAN_POINT('',(0.,0.230073681444));
#12748 = VECTOR('',#12749,1.);
#12749 = DIRECTION('',(2.08044E-16,1.));
#12750 = ( GEOMETRIC_REPRESENTATION_CONTEXT(2) 
PARAMETRIC_REPRESENTATION_CONTEXT() REPRESENTATION_CONTEXT('2D SPACE',''
  ) );
#12751 = ORIENTED_EDGE('',*,*,#12752,.T.);
#12752 = EDGE_CURVE('',#12725,#12753,#12755,.T.);
#12753 = VERTEX_POINT('',#12754);
#12754 = CARTESIAN_POINT('',(0.385,0.705456865528,1.498097349046));
#12755 = SURFACE_CURVE('',#12756,(#12760,#12767),.PCURVE_S1.);
#12756 = LINE('',#12757,#12758);
#12757 = CARTESIAN_POINT('',(0.385,0.50621792591,1.480666200496));
#12758 = VECTOR('',#12759,1.);
#12759 = DIRECTION('',(0.,0.996194698092,8.715574274779E-02));
#12760 = PCURVE('',#12261,#12761);
#12761 = DEFINITIONAL_REPRESENTATION('',(#12762),#12766);
#12762 = LINE('',#12763,#12764);
#12763 = CARTESIAN_POINT('',(-0.689307747433,1.004349900845));
#12764 = VECTOR('',#12765,1.);
#12765 = DIRECTION('',(-0.996194698092,8.715574274779E-02));
#12766 = ( GEOMETRIC_REPRESENTATION_CONTEXT(2) 
PARAMETRIC_REPRESENTATION_CONTEXT() REPRESENTATION_CONTEXT('2D SPACE',''
  ) );
#12767 = PCURVE('',#12768,#12773);
#12768 = PLANE('',#12769);
#12769 = AXIS2_PLACEMENT_3D('',#12770,#12771,#12772);
#12770 = CARTESIAN_POINT('',(0.385,0.50621792591,1.480666200496));
#12771 = DIRECTION('',(0.,-8.715574274748E-02,0.996194698092));
#12772 = DIRECTION('',(0.,-0.996194698092,-8.715574274748E-02));
#12773 = DEFINITIONAL_REPRESENTATION('',(#12774),#12778);
#12774 = LINE('',#12775,#12776);
#12775 = CARTESIAN_POINT('',(0.,0.));
#12776 = VECTOR('',#12777,1.);
#12777 = DIRECTION('',(-1.,0.));
#12778 = ( GEOMETRIC_REPRESENTATION_CONTEXT(2) 
PARAMETRIC_REPRESENTATION_CONTEXT() REPRESENTATION_CONTEXT('2D SPACE',''
  ) );
#12779 = ORIENTED_EDGE('',*,*,#12780,.T.);
#12780 = EDGE_CURVE('',#12753,#12338,#12781,.T.);
#12781 = SURFACE_CURVE('',#12782,(#12786,#12793),.PCURVE_S1.);
#12782 = LINE('',#12783,#12784);
#12783 = CARTESIAN_POINT('',(0.385,0.705456865528,1.498097349046));
#12784 = VECTOR('',#12785,1.);
#12785 = DIRECTION('',(-2.08044E-16,8.715574274749E-02,-0.996194698092)
  );
#12786 = PCURVE('',#12261,#12787);
#12787 = DEFINITIONAL_REPRESENTATION('',(#12788),#12792);
#12788 = LINE('',#12789,#12790);
#12789 = CARTESIAN_POINT('',(-0.888546687052,1.021781049394));
#12790 = VECTOR('',#12791,1.);
#12791 = DIRECTION('',(-8.715574274749E-02,-0.996194698092));
#12792 = ( GEOMETRIC_REPRESENTATION_CONTEXT(2) 
PARAMETRIC_REPRESENTATION_CONTEXT() REPRESENTATION_CONTEXT('2D SPACE',''
  ) );
#12793 = PCURVE('',#12381,#12794);
#12794 = DEFINITIONAL_REPRESENTATION('',(#12795),#12799);
#12795 = LINE('',#12796,#12797);
#12796 = CARTESIAN_POINT('',(0.,0.));
#12797 = VECTOR('',#12798,1.);
#12798 = DIRECTION('',(2.08044E-16,-1.));
#12799 = ( GEOMETRIC_REPRESENTATION_CONTEXT(2) 
PARAMETRIC_REPRESENTATION_CONTEXT() REPRESENTATION_CONTEXT('2D SPACE',''
  ) );
#12800 = ORIENTED_EDGE('',*,*,#12337,.F.);
#12801 = ADVANCED_FACE('',(#12802),#12467,.T.);
#12802 = FACE_BOUND('',#12803,.T.);
#12803 = EDGE_LOOP('',(#12804,#12805,#12828,#12849));
#12804 = ORIENTED_EDGE('',*,*,#12451,.F.);
#12805 = ORIENTED_EDGE('',*,*,#12806,.T.);
#12806 = EDGE_CURVE('',#12424,#12807,#12809,.T.);
#12807 = VERTEX_POINT('',#12808);
#12808 = CARTESIAN_POINT('',(0.885,-0.420934382497,4.247440952469E-02));
#12809 = SURFACE_CURVE('',#12810,(#12814,#12821),.PCURVE_S1.);
#12810 = LINE('',#12811,#12812);
#12811 = CARTESIAN_POINT('',(0.885,0.379065617503,5.48186098118E-04));
#12812 = VECTOR('',#12813,1.);
#12813 = DIRECTION('',(1.385877E-16,-0.998629534755,5.23359562431E-02));
#12814 = PCURVE('',#12467,#12815);
#12815 = DEFINITIONAL_REPRESENTATION('',(#12816),#12820);
#12816 = LINE('',#12817,#12818);
#12817 = CARTESIAN_POINT('',(-0.460147362888,0.5));
#12818 = VECTOR('',#12819,1.);
#12819 = DIRECTION('',(-1.,1.385877E-16));
#12820 = ( GEOMETRIC_REPRESENTATION_CONTEXT(2) 
PARAMETRIC_REPRESENTATION_CONTEXT() REPRESENTATION_CONTEXT('2D SPACE',''
  ) );
#12821 = PCURVE('',#12204,#12822);
#12822 = DEFINITIONAL_REPRESENTATION('',(#12823),#12827);
#12823 = LINE('',#12824,#12825);
#12824 = CARTESIAN_POINT('',(1.179065617503,-0.441378037328));
#12825 = VECTOR('',#12826,1.);
#12826 = DIRECTION('',(-0.998629534755,5.23359562431E-02));
#12827 = ( GEOMETRIC_REPRESENTATION_CONTEXT(2) 
PARAMETRIC_REPRESENTATION_CONTEXT() REPRESENTATION_CONTEXT('2D SPACE',''
  ) );
#12828 = ORIENTED_EDGE('',*,*,#12829,.F.);
#12829 = EDGE_CURVE('',#12510,#12807,#12830,.T.);
#12830 = SURFACE_CURVE('',#12831,(#12835,#12842),.PCURVE_S1.);
#12831 = LINE('',#12832,#12833);
#12832 = CARTESIAN_POINT('',(0.385,-0.420934382497,4.247440952469E-02));
#12833 = VECTOR('',#12834,1.);
#12834 = DIRECTION('',(1.,0.,0.));
#12835 = PCURVE('',#12467,#12836);
#12836 = DEFINITIONAL_REPRESENTATION('',(#12837),#12841);
#12837 = LINE('',#12838,#12839);
#12838 = CARTESIAN_POINT('',(-1.261245239687,0.));
#12839 = VECTOR('',#12840,1.);
#12840 = DIRECTION('',(0.,1.));
#12841 = ( GEOMETRIC_REPRESENTATION_CONTEXT(2) 
PARAMETRIC_REPRESENTATION_CONTEXT() REPRESENTATION_CONTEXT('2D SPACE',''
  ) );
#12842 = PCURVE('',#12549,#12843);
#12843 = DEFINITIONAL_REPRESENTATION('',(#12844),#12848);
#12844 = LINE('',#12845,#12846);
#12845 = CARTESIAN_POINT('',(3.08923277603,0.));
#12846 = VECTOR('',#12847,1.);
#12847 = DIRECTION('',(0.,1.));
#12848 = ( GEOMETRIC_REPRESENTATION_CONTEXT(2) 
PARAMETRIC_REPRESENTATION_CONTEXT() REPRESENTATION_CONTEXT('2D SPACE',''
  ) );
#12849 = ORIENTED_EDGE('',*,*,#12509,.F.);
#12850 = ADVANCED_FACE('',(#12851),#12287,.F.);
#12851 = FACE_BOUND('',#12852,.F.);
#12852 = EDGE_LOOP('',(#12853,#12854,#12877,#12899));
#12853 = ORIENTED_EDGE('',*,*,#12700,.F.);
#12854 = ORIENTED_EDGE('',*,*,#12855,.F.);
#12855 = EDGE_CURVE('',#12856,#12701,#12858,.T.);
#12856 = VERTEX_POINT('',#12857);
#12857 = CARTESIAN_POINT('',(0.885,0.599238939618,0.417431148549));
#12858 = SURFACE_CURVE('',#12859,(#12863,#12870),.PCURVE_S1.);
#12859 = LINE('',#12860,#12861);
#12860 = CARTESIAN_POINT('',(0.885,0.599238939618,0.417431148549));
#12861 = VECTOR('',#12862,1.);
#12862 = DIRECTION('',(-1.,0.,0.));
#12863 = PCURVE('',#12287,#12864);
#12864 = DEFINITIONAL_REPRESENTATION('',(#12865),#12869);
#12865 = LINE('',#12866,#12867);
#12866 = CARTESIAN_POINT('',(0.855211333477,0.5));
#12867 = VECTOR('',#12868,1.);
#12868 = DIRECTION('',(0.,-1.));
#12869 = ( GEOMETRIC_REPRESENTATION_CONTEXT(2) 
PARAMETRIC_REPRESENTATION_CONTEXT() REPRESENTATION_CONTEXT('2D SPACE',''
  ) );
#12870 = PCURVE('',#12740,#12871);
#12871 = DEFINITIONAL_REPRESENTATION('',(#12872),#12876);
#12872 = LINE('',#12873,#12874);
#12873 = CARTESIAN_POINT('',(0.5,0.230073681444));
#12874 = VECTOR('',#12875,1.);
#12875 = DIRECTION('',(-1.,0.));
#12876 = ( GEOMETRIC_REPRESENTATION_CONTEXT(2) 
PARAMETRIC_REPRESENTATION_CONTEXT() REPRESENTATION_CONTEXT('2D SPACE',''
  ) );
#12877 = ORIENTED_EDGE('',*,*,#12878,.F.);
#12878 = EDGE_CURVE('',#12183,#12856,#12879,.T.);
#12879 = SURFACE_CURVE('',#12880,(#12885,#12892),.PCURVE_S1.);
#12880 = CIRCLE('',#12881,0.2);
#12881 = AXIS2_PLACEMENT_3D('',#12882,#12883,#12884);
#12882 = CARTESIAN_POINT('',(0.885,0.4,0.4));
#12883 = DIRECTION('',(1.,-0.,0.));
#12884 = DIRECTION('',(0.,0.719339800339,-0.694658370459));
#12885 = PCURVE('',#12287,#12886);
#12886 = DEFINITIONAL_REPRESENTATION('',(#12887),#12891);
#12887 = LINE('',#12888,#12889);
#12888 = CARTESIAN_POINT('',(0.,0.5));
#12889 = VECTOR('',#12890,1.);
#12890 = DIRECTION('',(1.,0.));
#12891 = ( GEOMETRIC_REPRESENTATION_CONTEXT(2) 
PARAMETRIC_REPRESENTATION_CONTEXT() REPRESENTATION_CONTEXT('2D SPACE',''
  ) );
#12892 = PCURVE('',#12204,#12893);
#12893 = DEFINITIONAL_REPRESENTATION('',(#12894),#12898);
#12894 = CIRCLE('',#12895,0.2);
#12895 = AXIS2_PLACEMENT_2D('',#12896,#12897);
#12896 = CARTESIAN_POINT('',(1.2,-4.192622342658E-02));
#12897 = DIRECTION('',(0.719339800339,-0.694658370459));
#12898 = ( GEOMETRIC_REPRESENTATION_CONTEXT(2) 
PARAMETRIC_REPRESENTATION_CONTEXT() REPRESENTATION_CONTEXT('2D SPACE',''
  ) );
#12899 = ORIENTED_EDGE('',*,*,#12273,.F.);
#12900 = ADVANCED_FACE('',(#12901),#12232,.T.);
#12901 = FACE_BOUND('',#12902,.T.);
#12902 = EDGE_LOOP('',(#12903,#12904,#12905,#12928));
#12903 = ORIENTED_EDGE('',*,*,#12216,.F.);
#12904 = ORIENTED_EDGE('',*,*,#12678,.F.);
#12905 = ORIENTED_EDGE('',*,*,#12906,.T.);
#12906 = EDGE_CURVE('',#12646,#12907,#12909,.T.);
#12907 = VERTEX_POINT('',#12908);
#12908 = CARTESIAN_POINT('',(0.885,-0.410467191249,0.242200316476));
#12909 = SURFACE_CURVE('',#12910,(#12914,#12921),.PCURVE_S1.);
#12910 = LINE('',#12911,#12912);
#12911 = CARTESIAN_POINT('',(0.385,-0.410467191249,0.242200316476));
#12912 = VECTOR('',#12913,1.);
#12913 = DIRECTION('',(1.,0.,0.));
#12914 = PCURVE('',#12232,#12915);
#12915 = DEFINITIONAL_REPRESENTATION('',(#12916),#12920);
#12916 = LINE('',#12917,#12918);
#12917 = CARTESIAN_POINT('',(0.,0.));
#12918 = VECTOR('',#12919,1.);
#12919 = DIRECTION('',(0.,1.));
#12920 = ( GEOMETRIC_REPRESENTATION_CONTEXT(2) 
PARAMETRIC_REPRESENTATION_CONTEXT() REPRESENTATION_CONTEXT('2D SPACE',''
  ) );
#12921 = PCURVE('',#12666,#12922);
#12922 = DEFINITIONAL_REPRESENTATION('',(#12923),#12927);
#12923 = LINE('',#12924,#12925);
#12924 = CARTESIAN_POINT('',(3.08923277603,0.));
#12925 = VECTOR('',#12926,1.);
#12926 = DIRECTION('',(0.,1.));
#12927 = ( GEOMETRIC_REPRESENTATION_CONTEXT(2) 
PARAMETRIC_REPRESENTATION_CONTEXT() REPRESENTATION_CONTEXT('2D SPACE',''
  ) );
#12928 = ORIENTED_EDGE('',*,*,#12929,.T.);
#12929 = EDGE_CURVE('',#12907,#12181,#12930,.T.);
#12930 = SURFACE_CURVE('',#12931,(#12935,#12942),.PCURVE_S1.);
#12931 = LINE('',#12932,#12933);
#12932 = CARTESIAN_POINT('',(0.885,-0.410467191249,0.242200316476));
#12933 = VECTOR('',#12934,1.);
#12934 = DIRECTION('',(0.,0.998629534755,-5.233595624307E-02));
#12935 = PCURVE('',#12232,#12936);
#12936 = DEFINITIONAL_REPRESENTATION('',(#12937),#12941);
#12937 = LINE('',#12938,#12939);
#12938 = CARTESIAN_POINT('',(0.,0.5));
#12939 = VECTOR('',#12940,1.);
#12940 = DIRECTION('',(-1.,0.));
#12941 = ( GEOMETRIC_REPRESENTATION_CONTEXT(2) 
PARAMETRIC_REPRESENTATION_CONTEXT() REPRESENTATION_CONTEXT('2D SPACE',''
  ) );
#12942 = PCURVE('',#12204,#12943);
#12943 = DEFINITIONAL_REPRESENTATION('',(#12944),#12948);
#12944 = LINE('',#12945,#12946);
#12945 = CARTESIAN_POINT('',(0.389532808752,-0.199725906951));
#12946 = VECTOR('',#12947,1.);
#12947 = DIRECTION('',(0.998629534755,-5.233595624306E-02));
#12948 = ( GEOMETRIC_REPRESENTATION_CONTEXT(2) 
PARAMETRIC_REPRESENTATION_CONTEXT() REPRESENTATION_CONTEXT('2D SPACE',''
  ) );
#12949 = ADVANCED_FACE('',(#12950),#12577,.T.);
#12950 = FACE_BOUND('',#12951,.T.);
#12951 = EDGE_LOOP('',(#12952,#12977,#12998,#12999));
#12952 = ORIENTED_EDGE('',*,*,#12953,.T.);
#12953 = EDGE_CURVE('',#12954,#12956,#12958,.T.);
#12954 = VERTEX_POINT('',#12955);
#12955 = CARTESIAN_POINT('',(0.885,-0.8,0.441926223426));
#12956 = VERTEX_POINT('',#12957);
#12957 = CARTESIAN_POINT('',(0.885,-0.8,0.466483135606));
#12958 = SURFACE_CURVE('',#12959,(#12963,#12970),.PCURVE_S1.);
#12959 = LINE('',#12960,#12961);
#12960 = CARTESIAN_POINT('',(0.885,-0.8,0.441926223426));
#12961 = VECTOR('',#12962,1.);
#12962 = DIRECTION('',(0.,7.238376044605E-12,1.));
#12963 = PCURVE('',#12577,#12964);
#12964 = DEFINITIONAL_REPRESENTATION('',(#12965),#12969);
#12965 = LINE('',#12966,#12967);
#12966 = CARTESIAN_POINT('',(0.5,0.));
#12967 = VECTOR('',#12968,1.);
#12968 = DIRECTION('',(0.,1.));
#12969 = ( GEOMETRIC_REPRESENTATION_CONTEXT(2) 
PARAMETRIC_REPRESENTATION_CONTEXT() REPRESENTATION_CONTEXT('2D SPACE',''
  ) );
#12970 = PCURVE('',#12204,#12971);
#12971 = DEFINITIONAL_REPRESENTATION('',(#12972),#12976);
#12972 = LINE('',#12973,#12974);
#12973 = CARTESIAN_POINT('',(0.,0.));
#12974 = VECTOR('',#12975,1.);
#12975 = DIRECTION('',(7.238154E-12,1.));
#12976 = ( GEOMETRIC_REPRESENTATION_CONTEXT(2) 
PARAMETRIC_REPRESENTATION_CONTEXT() REPRESENTATION_CONTEXT('2D SPACE',''
  ) );
#12977 = ORIENTED_EDGE('',*,*,#12978,.F.);
#12978 = EDGE_CURVE('',#12562,#12956,#12979,.T.);
#12979 = SURFACE_CURVE('',#12980,(#12984,#12991),.PCURVE_S1.);
#12980 = LINE('',#12981,#12982);
#12981 = CARTESIAN_POINT('',(0.385,-0.8,0.466483135606));
#12982 = VECTOR('',#12983,1.);
#12983 = DIRECTION('',(1.,0.,0.));
#12984 = PCURVE('',#12577,#12985);
#12985 = DEFINITIONAL_REPRESENTATION('',(#12986),#12990);
#12986 = LINE('',#12987,#12988);
#12987 = CARTESIAN_POINT('',(0.,2.455691217961E-02));
#12988 = VECTOR('',#12989,1.);
#12989 = DIRECTION('',(1.,0.));
#12990 = ( GEOMETRIC_REPRESENTATION_CONTEXT(2) 
PARAMETRIC_REPRESENTATION_CONTEXT() REPRESENTATION_CONTEXT('2D SPACE',''
  ) );
#12991 = PCURVE('',#12605,#12992);
#12992 = DEFINITIONAL_REPRESENTATION('',(#12993),#12997);
#12993 = LINE('',#12994,#12995);
#12994 = CARTESIAN_POINT('',(0.,0.));
#12995 = VECTOR('',#12996,1.);
#12996 = DIRECTION('',(0.,1.));
#12997 = ( GEOMETRIC_REPRESENTATION_CONTEXT(2) 
PARAMETRIC_REPRESENTATION_CONTEXT() REPRESENTATION_CONTEXT('2D SPACE',''
  ) );
#12998 = ORIENTED_EDGE('',*,*,#12561,.F.);
#12999 = ORIENTED_EDGE('',*,*,#13000,.T.);
#13000 = EDGE_CURVE('',#12533,#12954,#13001,.T.);
#13001 = SURFACE_CURVE('',#13002,(#13006,#13013),.PCURVE_S1.);
#13002 = LINE('',#13003,#13004);
#13003 = CARTESIAN_POINT('',(0.385,-0.8,0.441926223426));
#13004 = VECTOR('',#13005,1.);
#13005 = DIRECTION('',(1.,0.,0.));
#13006 = PCURVE('',#12577,#13007);
#13007 = DEFINITIONAL_REPRESENTATION('',(#13008),#13012);
#13008 = LINE('',#13009,#13010);
#13009 = CARTESIAN_POINT('',(0.,0.));
#13010 = VECTOR('',#13011,1.);
#13011 = DIRECTION('',(1.,0.));
#13012 = ( GEOMETRIC_REPRESENTATION_CONTEXT(2) 
PARAMETRIC_REPRESENTATION_CONTEXT() REPRESENTATION_CONTEXT('2D SPACE',''
  ) );
#13013 = PCURVE('',#12549,#13014);
#13014 = DEFINITIONAL_REPRESENTATION('',(#13015),#13019);
#13015 = LINE('',#13016,#13017);
#13016 = CARTESIAN_POINT('',(1.570796326795,0.));
#13017 = VECTOR('',#13018,1.);
#13018 = DIRECTION('',(0.,1.));
#13019 = ( GEOMETRIC_REPRESENTATION_CONTEXT(2) 
PARAMETRIC_REPRESENTATION_CONTEXT() REPRESENTATION_CONTEXT('2D SPACE',''
  ) );
#13020 = ADVANCED_FACE('',(#13021),#12605,.T.);
#13021 = FACE_BOUND('',#13022,.T.);
#13022 = EDGE_LOOP('',(#13023,#13046,#13067,#13068));
#13023 = ORIENTED_EDGE('',*,*,#13024,.T.);
#13024 = EDGE_CURVE('',#12956,#13025,#13027,.T.);
#13025 = VERTEX_POINT('',#13026);
#13026 = CARTESIAN_POINT('',(0.885,-0.6,0.466483135606));
#13027 = SURFACE_CURVE('',#13028,(#13032,#13039),.PCURVE_S1.);
#13028 = LINE('',#13029,#13030);
#13029 = CARTESIAN_POINT('',(0.885,-0.8,0.466483135606));
#13030 = VECTOR('',#13031,1.);
#13031 = DIRECTION('',(0.,1.,-2.22044604925E-16));
#13032 = PCURVE('',#12605,#13033);
#13033 = DEFINITIONAL_REPRESENTATION('',(#13034),#13038);
#13034 = LINE('',#13035,#13036);
#13035 = CARTESIAN_POINT('',(0.,0.5));
#13036 = VECTOR('',#13037,1.);
#13037 = DIRECTION('',(-1.,0.));
#13038 = ( GEOMETRIC_REPRESENTATION_CONTEXT(2) 
PARAMETRIC_REPRESENTATION_CONTEXT() REPRESENTATION_CONTEXT('2D SPACE',''
  ) );
#13039 = PCURVE('',#12204,#13040);
#13040 = DEFINITIONAL_REPRESENTATION('',(#13041),#13045);
#13041 = LINE('',#13042,#13043);
#13042 = CARTESIAN_POINT('',(1.770250612765E-13,2.455691217961E-02));
#13043 = VECTOR('',#13044,1.);
#13044 = DIRECTION('',(1.,0.));
#13045 = ( GEOMETRIC_REPRESENTATION_CONTEXT(2) 
PARAMETRIC_REPRESENTATION_CONTEXT() REPRESENTATION_CONTEXT('2D SPACE',''
  ) );
#13046 = ORIENTED_EDGE('',*,*,#13047,.F.);
#13047 = EDGE_CURVE('',#12590,#13025,#13048,.T.);
#13048 = SURFACE_CURVE('',#13049,(#13053,#13060),.PCURVE_S1.);
#13049 = LINE('',#13050,#13051);
#13050 = CARTESIAN_POINT('',(0.385,-0.6,0.466483135606));
#13051 = VECTOR('',#13052,1.);
#13052 = DIRECTION('',(1.,0.,0.));
#13053 = PCURVE('',#12605,#13054);
#13054 = DEFINITIONAL_REPRESENTATION('',(#13055),#13059);
#13055 = LINE('',#13056,#13057);
#13056 = CARTESIAN_POINT('',(-0.2,0.));
#13057 = VECTOR('',#13058,1.);
#13058 = DIRECTION('',(0.,1.));
#13059 = ( GEOMETRIC_REPRESENTATION_CONTEXT(2) 
PARAMETRIC_REPRESENTATION_CONTEXT() REPRESENTATION_CONTEXT('2D SPACE',''
  ) );
#13060 = PCURVE('',#12633,#13061);
#13061 = DEFINITIONAL_REPRESENTATION('',(#13062),#13066);
#13062 = LINE('',#13063,#13064);
#13063 = CARTESIAN_POINT('',(0.,0.));
#13064 = VECTOR('',#13065,1.);
#13065 = DIRECTION('',(-1.,0.));
#13066 = ( GEOMETRIC_REPRESENTATION_CONTEXT(2) 
PARAMETRIC_REPRESENTATION_CONTEXT() REPRESENTATION_CONTEXT('2D SPACE',''
  ) );
#13067 = ORIENTED_EDGE('',*,*,#12589,.F.);
#13068 = ORIENTED_EDGE('',*,*,#12978,.T.);
#13069 = ADVANCED_FACE('',(#13070),#12633,.T.);
#13070 = FACE_BOUND('',#13071,.T.);
#13071 = EDGE_LOOP('',(#13072,#13095,#13116,#13117));
#13072 = ORIENTED_EDGE('',*,*,#13073,.T.);
#13073 = EDGE_CURVE('',#13025,#13074,#13076,.T.);
#13074 = VERTEX_POINT('',#13075);
#13075 = CARTESIAN_POINT('',(0.885,-0.6,0.441926223426));
#13076 = SURFACE_CURVE('',#13077,(#13081,#13088),.PCURVE_S1.);
#13077 = LINE('',#13078,#13079);
#13078 = CARTESIAN_POINT('',(0.885,-0.6,0.466483135606));
#13079 = VECTOR('',#13080,1.);
#13080 = DIRECTION('',(0.,-2.22044604925E-16,-1.));
#13081 = PCURVE('',#12633,#13082);
#13082 = DEFINITIONAL_REPRESENTATION('',(#13083),#13087);
#13083 = LINE('',#13084,#13085);
#13084 = CARTESIAN_POINT('',(-0.5,0.));
#13085 = VECTOR('',#13086,1.);
#13086 = DIRECTION('',(0.,-1.));
#13087 = ( GEOMETRIC_REPRESENTATION_CONTEXT(2) 
PARAMETRIC_REPRESENTATION_CONTEXT() REPRESENTATION_CONTEXT('2D SPACE',''
  ) );
#13088 = PCURVE('',#12204,#13089);
#13089 = DEFINITIONAL_REPRESENTATION('',(#13090),#13094);
#13090 = LINE('',#13091,#13092);
#13091 = CARTESIAN_POINT('',(0.2,2.455691217961E-02));
#13092 = VECTOR('',#13093,1.);
#13093 = DIRECTION('',(0.,-1.));
#13094 = ( GEOMETRIC_REPRESENTATION_CONTEXT(2) 
PARAMETRIC_REPRESENTATION_CONTEXT() REPRESENTATION_CONTEXT('2D SPACE',''
  ) );
#13095 = ORIENTED_EDGE('',*,*,#13096,.F.);
#13096 = EDGE_CURVE('',#12618,#13074,#13097,.T.);
#13097 = SURFACE_CURVE('',#13098,(#13102,#13109),.PCURVE_S1.);
#13098 = LINE('',#13099,#13100);
#13099 = CARTESIAN_POINT('',(0.385,-0.6,0.441926223426));
#13100 = VECTOR('',#13101,1.);
#13101 = DIRECTION('',(1.,0.,0.));
#13102 = PCURVE('',#12633,#13103);
#13103 = DEFINITIONAL_REPRESENTATION('',(#13104),#13108);
#13104 = LINE('',#13105,#13106);
#13105 = CARTESIAN_POINT('',(0.,-2.455691217961E-02));
#13106 = VECTOR('',#13107,1.);
#13107 = DIRECTION('',(-1.,0.));
#13108 = ( GEOMETRIC_REPRESENTATION_CONTEXT(2) 
PARAMETRIC_REPRESENTATION_CONTEXT() REPRESENTATION_CONTEXT('2D SPACE',''
  ) );
#13109 = PCURVE('',#12666,#13110);
#13110 = DEFINITIONAL_REPRESENTATION('',(#13111),#13115);
#13111 = LINE('',#13112,#13113);
#13112 = CARTESIAN_POINT('',(1.570796326795,0.));
#13113 = VECTOR('',#13114,1.);
#13114 = DIRECTION('',(0.,1.));
#13115 = ( GEOMETRIC_REPRESENTATION_CONTEXT(2) 
PARAMETRIC_REPRESENTATION_CONTEXT() REPRESENTATION_CONTEXT('2D SPACE',''
  ) );
#13116 = ORIENTED_EDGE('',*,*,#12617,.F.);
#13117 = ORIENTED_EDGE('',*,*,#13047,.T.);
#13118 = ADVANCED_FACE('',(#13119),#12666,.F.);
#13119 = FACE_BOUND('',#13120,.F.);
#13120 = EDGE_LOOP('',(#13121,#13122,#13123,#13124));
#13121 = ORIENTED_EDGE('',*,*,#13096,.F.);
#13122 = ORIENTED_EDGE('',*,*,#12645,.T.);
#13123 = ORIENTED_EDGE('',*,*,#12906,.T.);
#13124 = ORIENTED_EDGE('',*,*,#13125,.F.);
#13125 = EDGE_CURVE('',#13074,#12907,#13126,.T.);
#13126 = SURFACE_CURVE('',#13127,(#13132,#13139),.PCURVE_S1.);
#13127 = CIRCLE('',#13128,0.2);
#13128 = AXIS2_PLACEMENT_3D('',#13129,#13130,#13131);
#13129 = CARTESIAN_POINT('',(0.885,-0.4,0.441926223426));
#13130 = DIRECTION('',(1.,0.,-0.));
#13131 = DIRECTION('',(0.,2.22044604925E-16,1.));
#13132 = PCURVE('',#12666,#13133);
#13133 = DEFINITIONAL_REPRESENTATION('',(#13134),#13138);
#13134 = LINE('',#13135,#13136);
#13135 = CARTESIAN_POINT('',(0.,0.5));
#13136 = VECTOR('',#13137,1.);
#13137 = DIRECTION('',(1.,0.));
#13138 = ( GEOMETRIC_REPRESENTATION_CONTEXT(2) 
PARAMETRIC_REPRESENTATION_CONTEXT() REPRESENTATION_CONTEXT('2D SPACE',''
  ) );
#13139 = PCURVE('',#12204,#13140);
#13140 = DEFINITIONAL_REPRESENTATION('',(#13141),#13145);
#13141 = CIRCLE('',#13142,0.2);
#13142 = AXIS2_PLACEMENT_2D('',#13143,#13144);
#13143 = CARTESIAN_POINT('',(0.4,0.));
#13144 = DIRECTION('',(0.,1.));
#13145 = ( GEOMETRIC_REPRESENTATION_CONTEXT(2) 
PARAMETRIC_REPRESENTATION_CONTEXT() REPRESENTATION_CONTEXT('2D SPACE',''
  ) );
#13146 = ADVANCED_FACE('',(#13147),#12740,.T.);
#13147 = FACE_BOUND('',#13148,.T.);
#13148 = EDGE_LOOP('',(#13149,#13150,#13173,#13194));
#13149 = ORIENTED_EDGE('',*,*,#12855,.F.);
#13150 = ORIENTED_EDGE('',*,*,#13151,.T.);
#13151 = EDGE_CURVE('',#12856,#13152,#13154,.T.);
#13152 = VERTEX_POINT('',#13153);
#13153 = CARTESIAN_POINT('',(0.885,0.50621792591,1.480666200496));
#13154 = SURFACE_CURVE('',#13155,(#13159,#13166),.PCURVE_S1.);
#13155 = LINE('',#13156,#13157);
#13156 = CARTESIAN_POINT('',(0.885,0.599238939618,0.417431148549));
#13157 = VECTOR('',#13158,1.);
#13158 = DIRECTION('',(0.,-8.715574274748E-02,0.996194698092));
#13159 = PCURVE('',#12740,#13160);
#13160 = DEFINITIONAL_REPRESENTATION('',(#13161),#13165);
#13161 = LINE('',#13162,#13163);
#13162 = CARTESIAN_POINT('',(0.5,0.230073681444));
#13163 = VECTOR('',#13164,1.);
#13164 = DIRECTION('',(0.,1.));
#13165 = ( GEOMETRIC_REPRESENTATION_CONTEXT(2) 
PARAMETRIC_REPRESENTATION_CONTEXT() REPRESENTATION_CONTEXT('2D SPACE',''
  ) );
#13166 = PCURVE('',#12204,#13167);
#13167 = DEFINITIONAL_REPRESENTATION('',(#13168),#13172);
#13168 = LINE('',#13169,#13170);
#13169 = CARTESIAN_POINT('',(1.399238939618,-2.449507487708E-02));
#13170 = VECTOR('',#13171,1.);
#13171 = DIRECTION('',(-8.715574274748E-02,0.996194698092));
#13172 = ( GEOMETRIC_REPRESENTATION_CONTEXT(2) 
PARAMETRIC_REPRESENTATION_CONTEXT() REPRESENTATION_CONTEXT('2D SPACE',''
  ) );
#13173 = ORIENTED_EDGE('',*,*,#13174,.F.);
#13174 = EDGE_CURVE('',#12725,#13152,#13175,.T.);
#13175 = SURFACE_CURVE('',#13176,(#13180,#13187),.PCURVE_S1.);
#13176 = LINE('',#13177,#13178);
#13177 = CARTESIAN_POINT('',(0.385,0.50621792591,1.480666200496));
#13178 = VECTOR('',#13179,1.);
#13179 = DIRECTION('',(1.,0.,0.));
#13180 = PCURVE('',#12740,#13181);
#13181 = DEFINITIONAL_REPRESENTATION('',(#13182),#13186);
#13182 = LINE('',#13183,#13184);
#13183 = CARTESIAN_POINT('',(0.,1.29737011856));
#13184 = VECTOR('',#13185,1.);
#13185 = DIRECTION('',(1.,0.));
#13186 = ( GEOMETRIC_REPRESENTATION_CONTEXT(2) 
PARAMETRIC_REPRESENTATION_CONTEXT() REPRESENTATION_CONTEXT('2D SPACE',''
  ) );
#13187 = PCURVE('',#12768,#13188);
#13188 = DEFINITIONAL_REPRESENTATION('',(#13189),#13193);
#13189 = LINE('',#13190,#13191);
#13190 = CARTESIAN_POINT('',(0.,0.));
#13191 = VECTOR('',#13192,1.);
#13192 = DIRECTION('',(0.,1.));
#13193 = ( GEOMETRIC_REPRESENTATION_CONTEXT(2) 
PARAMETRIC_REPRESENTATION_CONTEXT() REPRESENTATION_CONTEXT('2D SPACE',''
  ) );
#13194 = ORIENTED_EDGE('',*,*,#12724,.F.);
#13195 = ADVANCED_FACE('',(#13196),#12768,.T.);
#13196 = FACE_BOUND('',#13197,.T.);
#13197 = EDGE_LOOP('',(#13198,#13221,#13242,#13243));
#13198 = ORIENTED_EDGE('',*,*,#13199,.T.);
#13199 = EDGE_CURVE('',#13152,#13200,#13202,.T.);
#13200 = VERTEX_POINT('',#13201);
#13201 = CARTESIAN_POINT('',(0.885,0.705456865528,1.498097349046));
#13202 = SURFACE_CURVE('',#13203,(#13207,#13214),.PCURVE_S1.);
#13203 = LINE('',#13204,#13205);
#13204 = CARTESIAN_POINT('',(0.885,0.50621792591,1.480666200496));
#13205 = VECTOR('',#13206,1.);
#13206 = DIRECTION('',(0.,0.996194698092,8.715574274779E-02));
#13207 = PCURVE('',#12768,#13208);
#13208 = DEFINITIONAL_REPRESENTATION('',(#13209),#13213);
#13209 = LINE('',#13210,#13211);
#13210 = CARTESIAN_POINT('',(0.,0.5));
#13211 = VECTOR('',#13212,1.);
#13212 = DIRECTION('',(-1.,0.));
#13213 = ( GEOMETRIC_REPRESENTATION_CONTEXT(2) 
PARAMETRIC_REPRESENTATION_CONTEXT() REPRESENTATION_CONTEXT('2D SPACE',''
  ) );
#13214 = PCURVE('',#12204,#13215);
#13215 = DEFINITIONAL_REPRESENTATION('',(#13216),#13220);
#13216 = LINE('',#13217,#13218);
#13217 = CARTESIAN_POINT('',(1.30621792591,1.03873997707));
#13218 = VECTOR('',#13219,1.);
#13219 = DIRECTION('',(0.996194698092,8.715574274779E-02));
#13220 = ( GEOMETRIC_REPRESENTATION_CONTEXT(2) 
PARAMETRIC_REPRESENTATION_CONTEXT() REPRESENTATION_CONTEXT('2D SPACE',''
  ) );
#13221 = ORIENTED_EDGE('',*,*,#13222,.F.);
#13222 = EDGE_CURVE('',#12753,#13200,#13223,.T.);
#13223 = SURFACE_CURVE('',#13224,(#13228,#13235),.PCURVE_S1.);
#13224 = LINE('',#13225,#13226);
#13225 = CARTESIAN_POINT('',(0.385,0.705456865528,1.498097349046));
#13226 = VECTOR('',#13227,1.);
#13227 = DIRECTION('',(1.,0.,0.));
#13228 = PCURVE('',#12768,#13229);
#13229 = DEFINITIONAL_REPRESENTATION('',(#13230),#13234);
#13230 = LINE('',#13231,#13232);
#13231 = CARTESIAN_POINT('',(-0.2,0.));
#13232 = VECTOR('',#13233,1.);
#13233 = DIRECTION('',(0.,1.));
#13234 = ( GEOMETRIC_REPRESENTATION_CONTEXT(2) 
PARAMETRIC_REPRESENTATION_CONTEXT() REPRESENTATION_CONTEXT('2D SPACE',''
  ) );
#13235 = PCURVE('',#12381,#13236);
#13236 = DEFINITIONAL_REPRESENTATION('',(#13237),#13241);
#13237 = LINE('',#13238,#13239);
#13238 = CARTESIAN_POINT('',(0.,0.));
#13239 = VECTOR('',#13240,1.);
#13240 = DIRECTION('',(-1.,0.));
#13241 = ( GEOMETRIC_REPRESENTATION_CONTEXT(2) 
PARAMETRIC_REPRESENTATION_CONTEXT() REPRESENTATION_CONTEXT('2D SPACE',''
  ) );
#13242 = ORIENTED_EDGE('',*,*,#12752,.F.);
#13243 = ORIENTED_EDGE('',*,*,#13174,.T.);
#13244 = ADVANCED_FACE('',(#13245),#12381,.T.);
#13245 = FACE_BOUND('',#13246,.T.);
#13246 = EDGE_LOOP('',(#13247,#13248,#13249,#13250));
#13247 = ORIENTED_EDGE('',*,*,#12365,.F.);
#13248 = ORIENTED_EDGE('',*,*,#12780,.F.);
#13249 = ORIENTED_EDGE('',*,*,#13222,.T.);
#13250 = ORIENTED_EDGE('',*,*,#13251,.T.);
#13251 = EDGE_CURVE('',#13200,#12366,#13252,.T.);
#13252 = SURFACE_CURVE('',#13253,(#13257,#13264),.PCURVE_S1.);
#13253 = LINE('',#13254,#13255);
#13254 = CARTESIAN_POINT('',(0.885,0.705456865528,1.498097349046));
#13255 = VECTOR('',#13256,1.);
#13256 = DIRECTION('',(0.,8.715574274749E-02,-0.996194698092));
#13257 = PCURVE('',#12381,#13258);
#13258 = DEFINITIONAL_REPRESENTATION('',(#13259),#13263);
#13259 = LINE('',#13260,#13261);
#13260 = CARTESIAN_POINT('',(-0.5,0.));
#13261 = VECTOR('',#13262,1.);
#13262 = DIRECTION('',(-0.,-1.));
#13263 = ( GEOMETRIC_REPRESENTATION_CONTEXT(2) 
PARAMETRIC_REPRESENTATION_CONTEXT() REPRESENTATION_CONTEXT('2D SPACE',''
  ) );
#13264 = PCURVE('',#12204,#13265);
#13265 = DEFINITIONAL_REPRESENTATION('',(#13266),#13270);
#13266 = LINE('',#13267,#13268);
#13267 = CARTESIAN_POINT('',(1.505456865528,1.056171125619));
#13268 = VECTOR('',#13269,1.);
#13269 = DIRECTION('',(8.715574274749E-02,-0.996194698092));
#13270 = ( GEOMETRIC_REPRESENTATION_CONTEXT(2) 
PARAMETRIC_REPRESENTATION_CONTEXT() REPRESENTATION_CONTEXT('2D SPACE',''
  ) );
#13271 = ADVANCED_FACE('',(#13272),#12549,.T.);
#13272 = FACE_BOUND('',#13273,.T.);
#13273 = EDGE_LOOP('',(#13274,#13300,#13301,#13302));
#13274 = ORIENTED_EDGE('',*,*,#13275,.T.);
#13275 = EDGE_CURVE('',#12807,#12954,#13276,.T.);
#13276 = SURFACE_CURVE('',#13277,(#13282,#13289),.PCURVE_S1.);
#13277 = CIRCLE('',#13278,0.4);
#13278 = AXIS2_PLACEMENT_3D('',#13279,#13280,#13281);
#13279 = CARTESIAN_POINT('',(0.885,-0.4,0.441926223426));
#13280 = DIRECTION('',(-1.,0.,0.));
#13281 = DIRECTION('',(0.,2.22044604925E-16,1.));
#13282 = PCURVE('',#12549,#13283);
#13283 = DEFINITIONAL_REPRESENTATION('',(#13284),#13288);
#13284 = LINE('',#13285,#13286);
#13285 = CARTESIAN_POINT('',(6.28318530718,0.5));
#13286 = VECTOR('',#13287,1.);
#13287 = DIRECTION('',(-1.,0.));
#13288 = ( GEOMETRIC_REPRESENTATION_CONTEXT(2) 
PARAMETRIC_REPRESENTATION_CONTEXT() REPRESENTATION_CONTEXT('2D SPACE',''
  ) );
#13289 = PCURVE('',#12204,#13290);
#13290 = DEFINITIONAL_REPRESENTATION('',(#13291),#13299);
#13291 = ( BOUNDED_CURVE() B_SPLINE_CURVE(2,(#13292,#13293,#13294,#13295
    ,#13296,#13297,#13298),.UNSPECIFIED.,.T.,.F.) 
B_SPLINE_CURVE_WITH_KNOTS((1,2,2,2,2,1),(-2.094395102393,0.,
    2.094395102393,4.188790204786,6.28318530718,8.377580409573),
.UNSPECIFIED.) CURVE() GEOMETRIC_REPRESENTATION_ITEM() 
RATIONAL_B_SPLINE_CURVE((1.,0.5,1.,0.5,1.,0.5,1.)) REPRESENTATION_ITEM(
  '') );
#13292 = CARTESIAN_POINT('',(0.4,0.4));
#13293 = CARTESIAN_POINT('',(1.092820323028,0.4));
#13294 = CARTESIAN_POINT('',(0.746410161514,-0.2));
#13295 = CARTESIAN_POINT('',(0.4,-0.8));
#13296 = CARTESIAN_POINT('',(5.358983848622E-02,-0.2));
#13297 = CARTESIAN_POINT('',(-0.292820323028,0.4));
#13298 = CARTESIAN_POINT('',(0.4,0.4));
#13299 = ( GEOMETRIC_REPRESENTATION_CONTEXT(2) 
PARAMETRIC_REPRESENTATION_CONTEXT() REPRESENTATION_CONTEXT('2D SPACE',''
  ) );
#13300 = ORIENTED_EDGE('',*,*,#13000,.F.);
#13301 = ORIENTED_EDGE('',*,*,#12532,.F.);
#13302 = ORIENTED_EDGE('',*,*,#12829,.T.);
#13303 = ADVANCED_FACE('',(#13304),#12204,.T.);
#13304 = FACE_BOUND('',#13305,.T.);
#13305 = EDGE_LOOP('',(#13306,#13307,#13308,#13309,#13310,#13311,#13312,
    #13313,#13314,#13315,#13316,#13317,#13318,#13319));
#13306 = ORIENTED_EDGE('',*,*,#12393,.F.);
#13307 = ORIENTED_EDGE('',*,*,#13251,.F.);
#13308 = ORIENTED_EDGE('',*,*,#13199,.F.);
#13309 = ORIENTED_EDGE('',*,*,#13151,.F.);
#13310 = ORIENTED_EDGE('',*,*,#12878,.F.);
#13311 = ORIENTED_EDGE('',*,*,#12180,.F.);
#13312 = ORIENTED_EDGE('',*,*,#12929,.F.);
#13313 = ORIENTED_EDGE('',*,*,#13125,.F.);
#13314 = ORIENTED_EDGE('',*,*,#13073,.F.);
#13315 = ORIENTED_EDGE('',*,*,#13024,.F.);
#13316 = ORIENTED_EDGE('',*,*,#12953,.F.);
#13317 = ORIENTED_EDGE('',*,*,#13275,.F.);
#13318 = ORIENTED_EDGE('',*,*,#12806,.F.);
#13319 = ORIENTED_EDGE('',*,*,#12423,.F.);
#13320 = MANIFOLD_SOLID_BREP('',#13321);
#13321 = CLOSED_SHELL('',(#13322,#13444,#13564,#13650,#13947,#13996,
    #14046,#14095,#14166,#14215,#14264,#14292,#14341,#14390,#14417,
    #14449));
#13322 = ADVANCED_FACE('',(#13323),#13338,.F.);
#13323 = FACE_BOUND('',#13324,.F.);
#13324 = EDGE_LOOP('',(#13325,#13361,#13389,#13418));
#13325 = ORIENTED_EDGE('',*,*,#13326,.F.);
#13326 = EDGE_CURVE('',#13327,#13329,#13331,.T.);
#13327 = VERTEX_POINT('',#13328);
#13328 = CARTESIAN_POINT('',(-0.385,0.389532808751,0.200274093049));
#13329 = VERTEX_POINT('',#13330);
#13330 = CARTESIAN_POINT('',(-0.385,0.543867960068,0.261068325908));
#13331 = SURFACE_CURVE('',#13332,(#13337,#13349),.PCURVE_S1.);
#13332 = CIRCLE('',#13333,0.2);
#13333 = AXIS2_PLACEMENT_3D('',#13334,#13335,#13336);
#13334 = CARTESIAN_POINT('',(-0.385,0.4,0.4));
#13335 = DIRECTION('',(1.,-0.,0.));
#13336 = DIRECTION('',(0.,0.719339800339,-0.694658370459));
#13337 = PCURVE('',#13338,#13343);
#13338 = CYLINDRICAL_SURFACE('',#13339,0.2);
#13339 = AXIS2_PLACEMENT_3D('',#13340,#13341,#13342);
#13340 = CARTESIAN_POINT('',(-0.885,0.4,0.4));
#13341 = DIRECTION('',(1.,0.,0.));
#13342 = DIRECTION('',(0.,0.719339800339,-0.694658370459));
#13343 = DEFINITIONAL_REPRESENTATION('',(#13344),#13348);
#13344 = LINE('',#13345,#13346);
#13345 = CARTESIAN_POINT('',(2.6645352591E-15,0.5));
#13346 = VECTOR('',#13347,1.);
#13347 = DIRECTION('',(1.,0.));
#13348 = ( GEOMETRIC_REPRESENTATION_CONTEXT(2) 
PARAMETRIC_REPRESENTATION_CONTEXT() REPRESENTATION_CONTEXT('2D SPACE',''
  ) );
#13349 = PCURVE('',#13350,#13355);
#13350 = PLANE('',#13351);
#13351 = AXIS2_PLACEMENT_3D('',#13352,#13353,#13354);
#13352 = CARTESIAN_POINT('',(-0.385,-0.8,0.441926223426));
#13353 = DIRECTION('',(1.,0.,0.));
#13354 = DIRECTION('',(0.,1.,-2.22044604925E-16));
#13355 = DEFINITIONAL_REPRESENTATION('',(#13356),#13360);
#13356 = CIRCLE('',#13357,0.2);
#13357 = AXIS2_PLACEMENT_2D('',#13358,#13359);
#13358 = CARTESIAN_POINT('',(1.2,-4.192622342658E-02));
#13359 = DIRECTION('',(0.719339800339,-0.694658370459));
#13360 = ( GEOMETRIC_REPRESENTATION_CONTEXT(2) 
PARAMETRIC_REPRESENTATION_CONTEXT() REPRESENTATION_CONTEXT('2D SPACE',''
  ) );
#13361 = ORIENTED_EDGE('',*,*,#13362,.F.);
#13362 = EDGE_CURVE('',#13363,#13327,#13365,.T.);
#13363 = VERTEX_POINT('',#13364);
#13364 = CARTESIAN_POINT('',(-0.885,0.389532808751,0.200274093049));
#13365 = SURFACE_CURVE('',#13366,(#13370,#13377),.PCURVE_S1.);
#13366 = LINE('',#13367,#13368);
#13367 = CARTESIAN_POINT('',(-0.885,0.389532808751,0.200274093049));
#13368 = VECTOR('',#13369,1.);
#13369 = DIRECTION('',(1.,0.,0.));
#13370 = PCURVE('',#13338,#13371);
#13371 = DEFINITIONAL_REPRESENTATION('',(#13372),#13376);
#13372 = LINE('',#13373,#13374);
#13373 = CARTESIAN_POINT('',(5.427973973702,0.));
#13374 = VECTOR('',#13375,1.);
#13375 = DIRECTION('',(0.,1.));
#13376 = ( GEOMETRIC_REPRESENTATION_CONTEXT(2) 
PARAMETRIC_REPRESENTATION_CONTEXT() REPRESENTATION_CONTEXT('2D SPACE',''
  ) );
#13377 = PCURVE('',#13378,#13383);
#13378 = PLANE('',#13379);
#13379 = AXIS2_PLACEMENT_3D('',#13380,#13381,#13382);
#13380 = CARTESIAN_POINT('',(-0.885,-0.410467191249,0.242200316476));
#13381 = DIRECTION('',(0.,5.233595624307E-02,0.998629534755));
#13382 = DIRECTION('',(0.,-0.998629534755,5.233595624307E-02));
#13383 = DEFINITIONAL_REPRESENTATION('',(#13384),#13388);
#13384 = LINE('',#13385,#13386);
#13385 = CARTESIAN_POINT('',(-0.801097876798,0.));
#13386 = VECTOR('',#13387,1.);
#13387 = DIRECTION('',(0.,1.));
#13388 = ( GEOMETRIC_REPRESENTATION_CONTEXT(2) 
PARAMETRIC_REPRESENTATION_CONTEXT() REPRESENTATION_CONTEXT('2D SPACE',''
  ) );
#13389 = ORIENTED_EDGE('',*,*,#13390,.F.);
#13390 = EDGE_CURVE('',#13391,#13363,#13393,.T.);
#13391 = VERTEX_POINT('',#13392);
#13392 = CARTESIAN_POINT('',(-0.885,0.543867960068,0.261068325908));
#13393 = SURFACE_CURVE('',#13394,(#13399,#13406),.PCURVE_S1.);
#13394 = CIRCLE('',#13395,0.2);
#13395 = AXIS2_PLACEMENT_3D('',#13396,#13397,#13398);
#13396 = CARTESIAN_POINT('',(-0.885,0.4,0.4));
#13397 = DIRECTION('',(-1.,-0.,0.));
#13398 = DIRECTION('',(-0.,0.719339800339,-0.694658370459));
#13399 = PCURVE('',#13338,#13400);
#13400 = DEFINITIONAL_REPRESENTATION('',(#13401),#13405);
#13401 = LINE('',#13402,#13403);
#13402 = CARTESIAN_POINT('',(6.28318530718,0.));
#13403 = VECTOR('',#13404,1.);
#13404 = DIRECTION('',(-1.,0.));
#13405 = ( GEOMETRIC_REPRESENTATION_CONTEXT(2) 
PARAMETRIC_REPRESENTATION_CONTEXT() REPRESENTATION_CONTEXT('2D SPACE',''
  ) );
#13406 = PCURVE('',#13407,#13412);
#13407 = PLANE('',#13408);
#13408 = AXIS2_PLACEMENT_3D('',#13409,#13410,#13411);
#13409 = CARTESIAN_POINT('',(-0.885,-0.183089821524,0.476316299651));
#13410 = DIRECTION('',(-1.,0.,0.));
#13411 = DIRECTION('',(0.,-1.,2.22044604925E-16));
#13412 = DEFINITIONAL_REPRESENTATION('',(#13413),#13417);
#13413 = CIRCLE('',#13414,0.2);
#13414 = AXIS2_PLACEMENT_2D('',#13415,#13416);
#13415 = CARTESIAN_POINT('',(-0.583089821523,-7.631629965149E-02));
#13416 = DIRECTION('',(-0.719339800339,-0.694658370459));
#13417 = ( GEOMETRIC_REPRESENTATION_CONTEXT(2) 
PARAMETRIC_REPRESENTATION_CONTEXT() REPRESENTATION_CONTEXT('2D SPACE',''
  ) );
#13418 = ORIENTED_EDGE('',*,*,#13419,.T.);
#13419 = EDGE_CURVE('',#13391,#13329,#13420,.T.);
#13420 = SURFACE_CURVE('',#13421,(#13425,#13432),.PCURVE_S1.);
#13421 = LINE('',#13422,#13423);
#13422 = CARTESIAN_POINT('',(-0.885,0.543867960068,0.261068325908));
#13423 = VECTOR('',#13424,1.);
#13424 = DIRECTION('',(1.,0.,0.));
#13425 = PCURVE('',#13338,#13426);
#13426 = DEFINITIONAL_REPRESENTATION('',(#13427),#13431);
#13427 = LINE('',#13428,#13429);
#13428 = CARTESIAN_POINT('',(6.28318530718,0.));
#13429 = VECTOR('',#13430,1.);
#13430 = DIRECTION('',(0.,1.));
#13431 = ( GEOMETRIC_REPRESENTATION_CONTEXT(2) 
PARAMETRIC_REPRESENTATION_CONTEXT() REPRESENTATION_CONTEXT('2D SPACE',''
  ) );
#13432 = PCURVE('',#13433,#13438);
#13433 = CYLINDRICAL_SURFACE('',#13434,0.2);
#13434 = AXIS2_PLACEMENT_3D('',#13435,#13436,#13437);
#13435 = CARTESIAN_POINT('',(-0.885,0.4,0.4));
#13436 = DIRECTION('',(1.,0.,0.));
#13437 = DIRECTION('',(0.,0.719339800339,-0.694658370459));
#13438 = DEFINITIONAL_REPRESENTATION('',(#13439),#13443);
#13439 = LINE('',#13440,#13441);
#13440 = CARTESIAN_POINT('',(0.,0.));
#13441 = VECTOR('',#13442,1.);
#13442 = DIRECTION('',(0.,1.));
#13443 = ( GEOMETRIC_REPRESENTATION_CONTEXT(2) 
PARAMETRIC_REPRESENTATION_CONTEXT() REPRESENTATION_CONTEXT('2D SPACE',''
  ) );
#13444 = ADVANCED_FACE('',(#13445),#13459,.T.);
#13445 = FACE_BOUND('',#13446,.T.);
#13446 = EDGE_LOOP('',(#13447,#13482,#13510,#13538));
#13447 = ORIENTED_EDGE('',*,*,#13448,.F.);
#13448 = EDGE_CURVE('',#13449,#13451,#13453,.T.);
#13449 = VERTEX_POINT('',#13450);
#13450 = CARTESIAN_POINT('',(-0.885,0.687735920135,0.122136651816));
#13451 = VERTEX_POINT('',#13452);
#13452 = CARTESIAN_POINT('',(-0.385,0.687735920135,0.122136651816));
#13453 = SURFACE_CURVE('',#13454,(#13458,#13470),.PCURVE_S1.);
#13454 = LINE('',#13455,#13456);
#13455 = CARTESIAN_POINT('',(-0.885,0.687735920135,0.122136651816));
#13456 = VECTOR('',#13457,1.);
#13457 = DIRECTION('',(1.,0.,0.));
#13458 = PCURVE('',#13459,#13464);
#13459 = CYLINDRICAL_SURFACE('',#13460,0.4);
#13460 = AXIS2_PLACEMENT_3D('',#13461,#13462,#13463);
#13461 = CARTESIAN_POINT('',(-0.885,0.4,0.4));
#13462 = DIRECTION('',(1.,0.,0.));
#13463 = DIRECTION('',(0.,0.719339800339,-0.694658370459));
#13464 = DEFINITIONAL_REPRESENTATION('',(#13465),#13469);
#13465 = LINE('',#13466,#13467);
#13466 = CARTESIAN_POINT('',(0.,0.));
#13467 = VECTOR('',#13468,1.);
#13468 = DIRECTION('',(0.,1.));
#13469 = ( GEOMETRIC_REPRESENTATION_CONTEXT(2) 
PARAMETRIC_REPRESENTATION_CONTEXT() REPRESENTATION_CONTEXT('2D SPACE',''
  ) );
#13470 = PCURVE('',#13471,#13476);
#13471 = CYLINDRICAL_SURFACE('',#13472,0.4);
#13472 = AXIS2_PLACEMENT_3D('',#13473,#13474,#13475);
#13473 = CARTESIAN_POINT('',(-0.885,0.4,0.4));
#13474 = DIRECTION('',(1.,0.,0.));
#13475 = DIRECTION('',(0.,0.719339800339,-0.694658370459));
#13476 = DEFINITIONAL_REPRESENTATION('',(#13477),#13481);
#13477 = LINE('',#13478,#13479);
#13478 = CARTESIAN_POINT('',(6.28318530718,0.));
#13479 = VECTOR('',#13480,1.);
#13480 = DIRECTION('',(0.,1.));
#13481 = ( GEOMETRIC_REPRESENTATION_CONTEXT(2) 
PARAMETRIC_REPRESENTATION_CONTEXT() REPRESENTATION_CONTEXT('2D SPACE',''
  ) );
#13482 = ORIENTED_EDGE('',*,*,#13483,.T.);
#13483 = EDGE_CURVE('',#13449,#13484,#13486,.T.);
#13484 = VERTEX_POINT('',#13485);
#13485 = CARTESIAN_POINT('',(-0.885,0.798477879237,0.434862297099));
#13486 = SURFACE_CURVE('',#13487,(#13492,#13499),.PCURVE_S1.);
#13487 = CIRCLE('',#13488,0.4);
#13488 = AXIS2_PLACEMENT_3D('',#13489,#13490,#13491);
#13489 = CARTESIAN_POINT('',(-0.885,0.4,0.4));
#13490 = DIRECTION('',(1.,-0.,0.));
#13491 = DIRECTION('',(0.,0.719339800339,-0.694658370459));
#13492 = PCURVE('',#13459,#13493);
#13493 = DEFINITIONAL_REPRESENTATION('',(#13494),#13498);
#13494 = LINE('',#13495,#13496);
#13495 = CARTESIAN_POINT('',(0.,0.));
#13496 = VECTOR('',#13497,1.);
#13497 = DIRECTION('',(1.,0.));
#13498 = ( GEOMETRIC_REPRESENTATION_CONTEXT(2) 
PARAMETRIC_REPRESENTATION_CONTEXT() REPRESENTATION_CONTEXT('2D SPACE',''
  ) );
#13499 = PCURVE('',#13407,#13500);
#13500 = DEFINITIONAL_REPRESENTATION('',(#13501),#13509);
#13501 = ( BOUNDED_CURVE() B_SPLINE_CURVE(2,(#13502,#13503,#13504,#13505
    ,#13506,#13507,#13508),.UNSPECIFIED.,.T.,.F.) 
B_SPLINE_CURVE_WITH_KNOTS((1,2,2,2,2,1),(-2.094395102393,0.,
    2.094395102393,4.188790204786,6.28318530718,8.377580409573),
.UNSPECIFIED.) CURVE() GEOMETRIC_REPRESENTATION_ITEM() 
RATIONAL_B_SPLINE_CURVE((1.,0.5,1.,0.5,1.,0.5,1.)) REPRESENTATION_ITEM(
  '') );
#13502 = CARTESIAN_POINT('',(-0.870825741659,-0.354179647835));
#13503 = CARTESIAN_POINT('',(-1.352099178274,0.144193585002));
#13504 = CARTESIAN_POINT('',(-0.679858579764,0.311801990859));
#13505 = CARTESIAN_POINT('',(-7.617981252793E-03,0.479410396716));
#13506 = CARTESIAN_POINT('',(-0.198585143148,-0.186571241978));
#13507 = CARTESIAN_POINT('',(-0.389552305044,-0.852552880672));
#13508 = CARTESIAN_POINT('',(-0.870825741659,-0.354179647835));
#13509 = ( GEOMETRIC_REPRESENTATION_CONTEXT(2) 
PARAMETRIC_REPRESENTATION_CONTEXT() REPRESENTATION_CONTEXT('2D SPACE',''
  ) );
#13510 = ORIENTED_EDGE('',*,*,#13511,.T.);
#13511 = EDGE_CURVE('',#13484,#13512,#13514,.T.);
#13512 = VERTEX_POINT('',#13513);
#13513 = CARTESIAN_POINT('',(-0.385,0.798477879237,0.434862297099));
#13514 = SURFACE_CURVE('',#13515,(#13519,#13526),.PCURVE_S1.);
#13515 = LINE('',#13516,#13517);
#13516 = CARTESIAN_POINT('',(-0.885,0.798477879237,0.434862297099));
#13517 = VECTOR('',#13518,1.);
#13518 = DIRECTION('',(1.,0.,0.));
#13519 = PCURVE('',#13459,#13520);
#13520 = DEFINITIONAL_REPRESENTATION('',(#13521),#13525);
#13521 = LINE('',#13522,#13523);
#13522 = CARTESIAN_POINT('',(0.855211333477,0.));
#13523 = VECTOR('',#13524,1.);
#13524 = DIRECTION('',(0.,1.));
#13525 = ( GEOMETRIC_REPRESENTATION_CONTEXT(2) 
PARAMETRIC_REPRESENTATION_CONTEXT() REPRESENTATION_CONTEXT('2D SPACE',''
  ) );
#13526 = PCURVE('',#13527,#13532);
#13527 = PLANE('',#13528);
#13528 = AXIS2_PLACEMENT_3D('',#13529,#13530,#13531);
#13529 = CARTESIAN_POINT('',(-0.885,0.705456865528,1.498097349046));
#13530 = DIRECTION('',(0.,0.996194698092,8.715574274748E-02));
#13531 = DIRECTION('',(-1.,0.,0.));
#13532 = DEFINITIONAL_REPRESENTATION('',(#13533),#13537);
#13533 = LINE('',#13534,#13535);
#13534 = CARTESIAN_POINT('',(-0.,-1.067296437116));
#13535 = VECTOR('',#13536,1.);
#13536 = DIRECTION('',(-1.,0.));
#13537 = ( GEOMETRIC_REPRESENTATION_CONTEXT(2) 
PARAMETRIC_REPRESENTATION_CONTEXT() REPRESENTATION_CONTEXT('2D SPACE',''
  ) );
#13538 = ORIENTED_EDGE('',*,*,#13539,.T.);
#13539 = EDGE_CURVE('',#13512,#13451,#13540,.T.);
#13540 = SURFACE_CURVE('',#13541,(#13546,#13553),.PCURVE_S1.);
#13541 = CIRCLE('',#13542,0.4);
#13542 = AXIS2_PLACEMENT_3D('',#13543,#13544,#13545);
#13543 = CARTESIAN_POINT('',(-0.385,0.4,0.4));
#13544 = DIRECTION('',(-1.,-0.,0.));
#13545 = DIRECTION('',(-0.,0.719339800339,-0.694658370459));
#13546 = PCURVE('',#13459,#13547);
#13547 = DEFINITIONAL_REPRESENTATION('',(#13548),#13552);
#13548 = LINE('',#13549,#13550);
#13549 = CARTESIAN_POINT('',(6.28318530718,0.5));
#13550 = VECTOR('',#13551,1.);
#13551 = DIRECTION('',(-1.,0.));
#13552 = ( GEOMETRIC_REPRESENTATION_CONTEXT(2) 
PARAMETRIC_REPRESENTATION_CONTEXT() REPRESENTATION_CONTEXT('2D SPACE',''
  ) );
#13553 = PCURVE('',#13350,#13554);
#13554 = DEFINITIONAL_REPRESENTATION('',(#13555),#13563);
#13555 = ( BOUNDED_CURVE() B_SPLINE_CURVE(2,(#13556,#13557,#13558,#13559
    ,#13560,#13561,#13562),.UNSPECIFIED.,.T.,.F.) 
B_SPLINE_CURVE_WITH_KNOTS((1,2,2,2,2,1),(-2.094395102393,0.,
    2.094395102393,4.188790204786,6.28318530718,8.377580409573),
.UNSPECIFIED.) CURVE() GEOMETRIC_REPRESENTATION_ITEM() 
RATIONAL_B_SPLINE_CURVE((1.,0.5,1.,0.5,1.,0.5,1.)) REPRESENTATION_ITEM(
  '') );
#13556 = CARTESIAN_POINT('',(1.487735920136,-0.31978957161));
#13557 = CARTESIAN_POINT('',(1.00646248352,-0.818162804447));
#13558 = CARTESIAN_POINT('',(0.815495321625,-0.152181165753));
#13559 = CARTESIAN_POINT('',(0.62452815973,0.513800472941));
#13560 = CARTESIAN_POINT('',(1.29676875824,0.346192067084));
#13561 = CARTESIAN_POINT('',(1.969009356751,0.178583661227));
#13562 = CARTESIAN_POINT('',(1.487735920136,-0.31978957161));
#13563 = ( GEOMETRIC_REPRESENTATION_CONTEXT(2) 
PARAMETRIC_REPRESENTATION_CONTEXT() REPRESENTATION_CONTEXT('2D SPACE',''
  ) );
#13564 = ADVANCED_FACE('',(#13565),#13471,.T.);
#13565 = FACE_BOUND('',#13566,.T.);
#13566 = EDGE_LOOP('',(#13567,#13568,#13596,#13624));
#13567 = ORIENTED_EDGE('',*,*,#13448,.T.);
#13568 = ORIENTED_EDGE('',*,*,#13569,.T.);
#13569 = EDGE_CURVE('',#13451,#13570,#13572,.T.);
#13570 = VERTEX_POINT('',#13571);
#13571 = CARTESIAN_POINT('',(-0.385,0.379065617503,5.48186098118E-04));
#13572 = SURFACE_CURVE('',#13573,(#13578,#13585),.PCURVE_S1.);
#13573 = CIRCLE('',#13574,0.4);
#13574 = AXIS2_PLACEMENT_3D('',#13575,#13576,#13577);
#13575 = CARTESIAN_POINT('',(-0.385,0.4,0.4));
#13576 = DIRECTION('',(-1.,-0.,0.));
#13577 = DIRECTION('',(-0.,0.719339800339,-0.694658370459));
#13578 = PCURVE('',#13471,#13579);
#13579 = DEFINITIONAL_REPRESENTATION('',(#13580),#13584);
#13580 = LINE('',#13581,#13582);
#13581 = CARTESIAN_POINT('',(6.28318530718,0.5));
#13582 = VECTOR('',#13583,1.);
#13583 = DIRECTION('',(-1.,0.));
#13584 = ( GEOMETRIC_REPRESENTATION_CONTEXT(2) 
PARAMETRIC_REPRESENTATION_CONTEXT() REPRESENTATION_CONTEXT('2D SPACE',''
  ) );
#13585 = PCURVE('',#13350,#13586);
#13586 = DEFINITIONAL_REPRESENTATION('',(#13587),#13595);
#13587 = ( BOUNDED_CURVE() B_SPLINE_CURVE(2,(#13588,#13589,#13590,#13591
    ,#13592,#13593,#13594),.UNSPECIFIED.,.T.,.F.) 
B_SPLINE_CURVE_WITH_KNOTS((1,2,2,2,2,1),(-2.094395102393,0.,
    2.094395102393,4.188790204786,6.28318530718,8.377580409573),
.UNSPECIFIED.) CURVE() GEOMETRIC_REPRESENTATION_ITEM() 
RATIONAL_B_SPLINE_CURVE((1.,0.5,1.,0.5,1.,0.5,1.)) REPRESENTATION_ITEM(
  '') );
#13588 = CARTESIAN_POINT('',(1.487735920136,-0.31978957161));
#13589 = CARTESIAN_POINT('',(1.00646248352,-0.818162804447));
#13590 = CARTESIAN_POINT('',(0.815495321625,-0.152181165753));
#13591 = CARTESIAN_POINT('',(0.62452815973,0.513800472941));
#13592 = CARTESIAN_POINT('',(1.29676875824,0.346192067084));
#13593 = CARTESIAN_POINT('',(1.969009356751,0.178583661227));
#13594 = CARTESIAN_POINT('',(1.487735920136,-0.31978957161));
#13595 = ( GEOMETRIC_REPRESENTATION_CONTEXT(2) 
PARAMETRIC_REPRESENTATION_CONTEXT() REPRESENTATION_CONTEXT('2D SPACE',''
  ) );
#13596 = ORIENTED_EDGE('',*,*,#13597,.T.);
#13597 = EDGE_CURVE('',#13570,#13598,#13600,.T.);
#13598 = VERTEX_POINT('',#13599);
#13599 = CARTESIAN_POINT('',(-0.885,0.379065617503,5.48186098118E-04));
#13600 = SURFACE_CURVE('',#13601,(#13605,#13612),.PCURVE_S1.);
#13601 = LINE('',#13602,#13603);
#13602 = CARTESIAN_POINT('',(-0.385,0.379065617503,5.48186098118E-04));
#13603 = VECTOR('',#13604,1.);
#13604 = DIRECTION('',(-1.,0.,0.));
#13605 = PCURVE('',#13471,#13606);
#13606 = DEFINITIONAL_REPRESENTATION('',(#13607),#13611);
#13607 = LINE('',#13608,#13609);
#13608 = CARTESIAN_POINT('',(5.427973973702,0.5));
#13609 = VECTOR('',#13610,1.);
#13610 = DIRECTION('',(0.,-1.));
#13611 = ( GEOMETRIC_REPRESENTATION_CONTEXT(2) 
PARAMETRIC_REPRESENTATION_CONTEXT() REPRESENTATION_CONTEXT('2D SPACE',''
  ) );
#13612 = PCURVE('',#13613,#13618);
#13613 = PLANE('',#13614);
#13614 = AXIS2_PLACEMENT_3D('',#13615,#13616,#13617);
#13615 = CARTESIAN_POINT('',(-0.885,0.838582364423,-2.353406615134E-02)
  );
#13616 = DIRECTION('',(0.,-5.233595624307E-02,-0.998629534755));
#13617 = DIRECTION('',(0.,0.998629534755,-5.233595624307E-02));
#13618 = DEFINITIONAL_REPRESENTATION('',(#13619),#13623);
#13619 = LINE('',#13620,#13621);
#13620 = CARTESIAN_POINT('',(-0.460147362888,0.5));
#13621 = VECTOR('',#13622,1.);
#13622 = DIRECTION('',(-0.,-1.));
#13623 = ( GEOMETRIC_REPRESENTATION_CONTEXT(2) 
PARAMETRIC_REPRESENTATION_CONTEXT() REPRESENTATION_CONTEXT('2D SPACE',''
  ) );
#13624 = ORIENTED_EDGE('',*,*,#13625,.T.);
#13625 = EDGE_CURVE('',#13598,#13449,#13626,.T.);
#13626 = SURFACE_CURVE('',#13627,(#13632,#13639),.PCURVE_S1.);
#13627 = CIRCLE('',#13628,0.4);
#13628 = AXIS2_PLACEMENT_3D('',#13629,#13630,#13631);
#13629 = CARTESIAN_POINT('',(-0.885,0.4,0.4));
#13630 = DIRECTION('',(1.,-0.,0.));
#13631 = DIRECTION('',(0.,0.719339800339,-0.694658370459));
#13632 = PCURVE('',#13471,#13633);
#13633 = DEFINITIONAL_REPRESENTATION('',(#13634),#13638);
#13634 = LINE('',#13635,#13636);
#13635 = CARTESIAN_POINT('',(0.,0.));
#13636 = VECTOR('',#13637,1.);
#13637 = DIRECTION('',(1.,0.));
#13638 = ( GEOMETRIC_REPRESENTATION_CONTEXT(2) 
PARAMETRIC_REPRESENTATION_CONTEXT() REPRESENTATION_CONTEXT('2D SPACE',''
  ) );
#13639 = PCURVE('',#13407,#13640);
#13640 = DEFINITIONAL_REPRESENTATION('',(#13641),#13649);
#13641 = ( BOUNDED_CURVE() B_SPLINE_CURVE(2,(#13642,#13643,#13644,#13645
    ,#13646,#13647,#13648),.UNSPECIFIED.,.T.,.F.) 
B_SPLINE_CURVE_WITH_KNOTS((1,2,2,2,2,1),(-2.094395102393,0.,
    2.094395102393,4.188790204786,6.28318530718,8.377580409573),
.UNSPECIFIED.) CURVE() GEOMETRIC_REPRESENTATION_ITEM() 
RATIONAL_B_SPLINE_CURVE((1.,0.5,1.,0.5,1.,0.5,1.)) REPRESENTATION_ITEM(
  '') );
#13642 = CARTESIAN_POINT('',(-0.870825741659,-0.354179647835));
#13643 = CARTESIAN_POINT('',(-1.352099178274,0.144193585002));
#13644 = CARTESIAN_POINT('',(-0.679858579764,0.311801990859));
#13645 = CARTESIAN_POINT('',(-7.617981252793E-03,0.479410396716));
#13646 = CARTESIAN_POINT('',(-0.198585143148,-0.186571241978));
#13647 = CARTESIAN_POINT('',(-0.389552305044,-0.852552880672));
#13648 = CARTESIAN_POINT('',(-0.870825741659,-0.354179647835));
#13649 = ( GEOMETRIC_REPRESENTATION_CONTEXT(2) 
PARAMETRIC_REPRESENTATION_CONTEXT() REPRESENTATION_CONTEXT('2D SPACE',''
  ) );
#13650 = ADVANCED_FACE('',(#13651),#13407,.T.);
#13651 = FACE_BOUND('',#13652,.T.);
#13652 = EDGE_LOOP('',(#13653,#13654,#13677,#13706,#13734,#13762,#13790,
    #13823,#13844,#13845,#13869,#13897,#13925,#13946));
#13653 = ORIENTED_EDGE('',*,*,#13625,.F.);
#13654 = ORIENTED_EDGE('',*,*,#13655,.T.);
#13655 = EDGE_CURVE('',#13598,#13656,#13658,.T.);
#13656 = VERTEX_POINT('',#13657);
#13657 = CARTESIAN_POINT('',(-0.885,-0.420934382497,4.247440952469E-02)
  );
#13658 = SURFACE_CURVE('',#13659,(#13663,#13670),.PCURVE_S1.);
#13659 = LINE('',#13660,#13661);
#13660 = CARTESIAN_POINT('',(-0.885,0.379065617503,5.48186098118E-04));
#13661 = VECTOR('',#13662,1.);
#13662 = DIRECTION('',(3.464692E-17,-0.998629534755,5.23359562431E-02));
#13663 = PCURVE('',#13407,#13664);
#13664 = DEFINITIONAL_REPRESENTATION('',(#13665),#13669);
#13665 = LINE('',#13666,#13667);
#13666 = CARTESIAN_POINT('',(-0.562155439026,-0.475768113553));
#13667 = VECTOR('',#13668,1.);
#13668 = DIRECTION('',(0.998629534755,5.23359562431E-02));
#13669 = ( GEOMETRIC_REPRESENTATION_CONTEXT(2) 
PARAMETRIC_REPRESENTATION_CONTEXT() REPRESENTATION_CONTEXT('2D SPACE',''
  ) );
#13670 = PCURVE('',#13613,#13671);
#13671 = DEFINITIONAL_REPRESENTATION('',(#13672),#13676);
#13672 = LINE('',#13673,#13674);
#13673 = CARTESIAN_POINT('',(-0.460147362888,0.));
#13674 = VECTOR('',#13675,1.);
#13675 = DIRECTION('',(-1.,3.464692E-17));
#13676 = ( GEOMETRIC_REPRESENTATION_CONTEXT(2) 
PARAMETRIC_REPRESENTATION_CONTEXT() REPRESENTATION_CONTEXT('2D SPACE',''
  ) );
#13677 = ORIENTED_EDGE('',*,*,#13678,.T.);
#13678 = EDGE_CURVE('',#13656,#13679,#13681,.T.);
#13679 = VERTEX_POINT('',#13680);
#13680 = CARTESIAN_POINT('',(-0.885,-0.8,0.441926223426));
#13681 = SURFACE_CURVE('',#13682,(#13687,#13694),.PCURVE_S1.);
#13682 = CIRCLE('',#13683,0.4);
#13683 = AXIS2_PLACEMENT_3D('',#13684,#13685,#13686);
#13684 = CARTESIAN_POINT('',(-0.885,-0.4,0.441926223426));
#13685 = DIRECTION('',(-1.,0.,0.));
#13686 = DIRECTION('',(0.,2.22044604925E-16,1.));
#13687 = PCURVE('',#13407,#13688);
#13688 = DEFINITIONAL_REPRESENTATION('',(#13689),#13693);
#13689 = CIRCLE('',#13690,0.4);
#13690 = AXIS2_PLACEMENT_2D('',#13691,#13692);
#13691 = CARTESIAN_POINT('',(0.216910178477,-3.439007622491E-02));
#13692 = DIRECTION('',(0.,1.));
#13693 = ( GEOMETRIC_REPRESENTATION_CONTEXT(2) 
PARAMETRIC_REPRESENTATION_CONTEXT() REPRESENTATION_CONTEXT('2D SPACE',''
  ) );
#13694 = PCURVE('',#13695,#13700);
#13695 = CYLINDRICAL_SURFACE('',#13696,0.4);
#13696 = AXIS2_PLACEMENT_3D('',#13697,#13698,#13699);
#13697 = CARTESIAN_POINT('',(-0.885,-0.4,0.441926223426));
#13698 = DIRECTION('',(1.,0.,0.));
#13699 = DIRECTION('',(0.,2.22044604925E-16,1.));
#13700 = DEFINITIONAL_REPRESENTATION('',(#13701),#13705);
#13701 = LINE('',#13702,#13703);
#13702 = CARTESIAN_POINT('',(6.28318530718,0.));
#13703 = VECTOR('',#13704,1.);
#13704 = DIRECTION('',(-1.,0.));
#13705 = ( GEOMETRIC_REPRESENTATION_CONTEXT(2) 
PARAMETRIC_REPRESENTATION_CONTEXT() REPRESENTATION_CONTEXT('2D SPACE',''
  ) );
#13706 = ORIENTED_EDGE('',*,*,#13707,.T.);
#13707 = EDGE_CURVE('',#13679,#13708,#13710,.T.);
#13708 = VERTEX_POINT('',#13709);
#13709 = CARTESIAN_POINT('',(-0.885,-0.8,0.466483135606));
#13710 = SURFACE_CURVE('',#13711,(#13715,#13722),.PCURVE_S1.);
#13711 = LINE('',#13712,#13713);
#13712 = CARTESIAN_POINT('',(-0.885,-0.8,0.441926223426));
#13713 = VECTOR('',#13714,1.);
#13714 = DIRECTION('',(0.,7.238376044605E-12,1.));
#13715 = PCURVE('',#13407,#13716);
#13716 = DEFINITIONAL_REPRESENTATION('',(#13717),#13721);
#13717 = LINE('',#13718,#13719);
#13718 = CARTESIAN_POINT('',(0.616910178477,-3.439007622491E-02));
#13719 = VECTOR('',#13720,1.);
#13720 = DIRECTION('',(-7.238154E-12,1.));
#13721 = ( GEOMETRIC_REPRESENTATION_CONTEXT(2) 
PARAMETRIC_REPRESENTATION_CONTEXT() REPRESENTATION_CONTEXT('2D SPACE',''
  ) );
#13722 = PCURVE('',#13723,#13728);
#13723 = PLANE('',#13724);
#13724 = AXIS2_PLACEMENT_3D('',#13725,#13726,#13727);
#13725 = CARTESIAN_POINT('',(-0.885,-0.8,0.441926223426));
#13726 = DIRECTION('',(0.,-1.,2.22044604925E-16));
#13727 = DIRECTION('',(1.,0.,0.));
#13728 = DEFINITIONAL_REPRESENTATION('',(#13729),#13733);
#13729 = LINE('',#13730,#13731);
#13730 = CARTESIAN_POINT('',(0.,0.));
#13731 = VECTOR('',#13732,1.);
#13732 = DIRECTION('',(0.,1.));
#13733 = ( GEOMETRIC_REPRESENTATION_CONTEXT(2) 
PARAMETRIC_REPRESENTATION_CONTEXT() REPRESENTATION_CONTEXT('2D SPACE',''
  ) );
#13734 = ORIENTED_EDGE('',*,*,#13735,.T.);
#13735 = EDGE_CURVE('',#13708,#13736,#13738,.T.);
#13736 = VERTEX_POINT('',#13737);
#13737 = CARTESIAN_POINT('',(-0.885,-0.6,0.466483135606));
#13738 = SURFACE_CURVE('',#13739,(#13743,#13750),.PCURVE_S1.);
#13739 = LINE('',#13740,#13741);
#13740 = CARTESIAN_POINT('',(-0.885,-0.8,0.466483135606));
#13741 = VECTOR('',#13742,1.);
#13742 = DIRECTION('',(0.,1.,-2.22044604925E-16));
#13743 = PCURVE('',#13407,#13744);
#13744 = DEFINITIONAL_REPRESENTATION('',(#13745),#13749);
#13745 = LINE('',#13746,#13747);
#13746 = CARTESIAN_POINT('',(0.616910178477,-9.833164045309E-03));
#13747 = VECTOR('',#13748,1.);
#13748 = DIRECTION('',(-1.,0.));
#13749 = ( GEOMETRIC_REPRESENTATION_CONTEXT(2) 
PARAMETRIC_REPRESENTATION_CONTEXT() REPRESENTATION_CONTEXT('2D SPACE',''
  ) );
#13750 = PCURVE('',#13751,#13756);
#13751 = PLANE('',#13752);
#13752 = AXIS2_PLACEMENT_3D('',#13753,#13754,#13755);
#13753 = CARTESIAN_POINT('',(-0.885,-0.8,0.466483135606));
#13754 = DIRECTION('',(0.,2.22044604925E-16,1.));
#13755 = DIRECTION('',(0.,-1.,2.22044604925E-16));
#13756 = DEFINITIONAL_REPRESENTATION('',(#13757),#13761);
#13757 = LINE('',#13758,#13759);
#13758 = CARTESIAN_POINT('',(0.,0.));
#13759 = VECTOR('',#13760,1.);
#13760 = DIRECTION('',(-1.,0.));
#13761 = ( GEOMETRIC_REPRESENTATION_CONTEXT(2) 
PARAMETRIC_REPRESENTATION_CONTEXT() REPRESENTATION_CONTEXT('2D SPACE',''
  ) );
#13762 = ORIENTED_EDGE('',*,*,#13763,.T.);
#13763 = EDGE_CURVE('',#13736,#13764,#13766,.T.);
#13764 = VERTEX_POINT('',#13765);
#13765 = CARTESIAN_POINT('',(-0.885,-0.6,0.441926223426));
#13766 = SURFACE_CURVE('',#13767,(#13771,#13778),.PCURVE_S1.);
#13767 = LINE('',#13768,#13769);
#13768 = CARTESIAN_POINT('',(-0.885,-0.6,0.466483135606));
#13769 = VECTOR('',#13770,1.);
#13770 = DIRECTION('',(0.,-2.22044604925E-16,-1.));
#13771 = PCURVE('',#13407,#13772);
#13772 = DEFINITIONAL_REPRESENTATION('',(#13773),#13777);
#13773 = LINE('',#13774,#13775);
#13774 = CARTESIAN_POINT('',(0.416910178477,-9.833164045309E-03));
#13775 = VECTOR('',#13776,1.);
#13776 = DIRECTION('',(0.,-1.));
#13777 = ( GEOMETRIC_REPRESENTATION_CONTEXT(2) 
PARAMETRIC_REPRESENTATION_CONTEXT() REPRESENTATION_CONTEXT('2D SPACE',''
  ) );
#13778 = PCURVE('',#13779,#13784);
#13779 = PLANE('',#13780);
#13780 = AXIS2_PLACEMENT_3D('',#13781,#13782,#13783);
#13781 = CARTESIAN_POINT('',(-0.885,-0.6,0.466483135606));
#13782 = DIRECTION('',(0.,1.,-2.22044604925E-16));
#13783 = DIRECTION('',(-1.,0.,0.));
#13784 = DEFINITIONAL_REPRESENTATION('',(#13785),#13789);
#13785 = LINE('',#13786,#13787);
#13786 = CARTESIAN_POINT('',(0.,0.));
#13787 = VECTOR('',#13788,1.);
#13788 = DIRECTION('',(0.,-1.));
#13789 = ( GEOMETRIC_REPRESENTATION_CONTEXT(2) 
PARAMETRIC_REPRESENTATION_CONTEXT() REPRESENTATION_CONTEXT('2D SPACE',''
  ) );
#13790 = ORIENTED_EDGE('',*,*,#13791,.T.);
#13791 = EDGE_CURVE('',#13764,#13792,#13794,.T.);
#13792 = VERTEX_POINT('',#13793);
#13793 = CARTESIAN_POINT('',(-0.885,-0.410467191249,0.242200316476));
#13794 = SURFACE_CURVE('',#13795,(#13800,#13811),.PCURVE_S1.);
#13795 = CIRCLE('',#13796,0.2);
#13796 = AXIS2_PLACEMENT_3D('',#13797,#13798,#13799);
#13797 = CARTESIAN_POINT('',(-0.885,-0.4,0.441926223426));
#13798 = DIRECTION('',(1.,0.,-0.));
#13799 = DIRECTION('',(0.,2.22044604925E-16,1.));
#13800 = PCURVE('',#13407,#13801);
#13801 = DEFINITIONAL_REPRESENTATION('',(#13802),#13810);
#13802 = ( BOUNDED_CURVE() B_SPLINE_CURVE(2,(#13803,#13804,#13805,#13806
    ,#13807,#13808,#13809),.UNSPECIFIED.,.T.,.F.) 
B_SPLINE_CURVE_WITH_KNOTS((1,2,2,2,2,1),(-2.094395102393,0.,
    2.094395102393,4.188790204786,6.28318530718,8.377580409573),
.UNSPECIFIED.) CURVE() GEOMETRIC_REPRESENTATION_ITEM() 
RATIONAL_B_SPLINE_CURVE((1.,0.5,1.,0.5,1.,0.5,1.)) REPRESENTATION_ITEM(
  '') );
#13803 = CARTESIAN_POINT('',(0.216910178477,0.165609923775));
#13804 = CARTESIAN_POINT('',(0.56332033999,0.165609923775));
#13805 = CARTESIAN_POINT('',(0.390115259233,-0.134390076225));
#13806 = CARTESIAN_POINT('',(0.216910178477,-0.434390076225));
#13807 = CARTESIAN_POINT('',(4.370509771962E-02,-0.134390076225));
#13808 = CARTESIAN_POINT('',(-0.129499983037,0.165609923775));
#13809 = CARTESIAN_POINT('',(0.216910178477,0.165609923775));
#13810 = ( GEOMETRIC_REPRESENTATION_CONTEXT(2) 
PARAMETRIC_REPRESENTATION_CONTEXT() REPRESENTATION_CONTEXT('2D SPACE',''
  ) );
#13811 = PCURVE('',#13812,#13817);
#13812 = CYLINDRICAL_SURFACE('',#13813,0.2);
#13813 = AXIS2_PLACEMENT_3D('',#13814,#13815,#13816);
#13814 = CARTESIAN_POINT('',(-0.885,-0.4,0.441926223426));
#13815 = DIRECTION('',(1.,0.,0.));
#13816 = DIRECTION('',(0.,2.22044604925E-16,1.));
#13817 = DEFINITIONAL_REPRESENTATION('',(#13818),#13822);
#13818 = LINE('',#13819,#13820);
#13819 = CARTESIAN_POINT('',(0.,0.));
#13820 = VECTOR('',#13821,1.);
#13821 = DIRECTION('',(1.,0.));
#13822 = ( GEOMETRIC_REPRESENTATION_CONTEXT(2) 
PARAMETRIC_REPRESENTATION_CONTEXT() REPRESENTATION_CONTEXT('2D SPACE',''
  ) );
#13823 = ORIENTED_EDGE('',*,*,#13824,.T.);
#13824 = EDGE_CURVE('',#13792,#13363,#13825,.T.);
#13825 = SURFACE_CURVE('',#13826,(#13830,#13837),.PCURVE_S1.);
#13826 = LINE('',#13827,#13828);
#13827 = CARTESIAN_POINT('',(-0.885,-0.410467191249,0.242200316476));
#13828 = VECTOR('',#13829,1.);
#13829 = DIRECTION('',(0.,0.998629534755,-5.233595624307E-02));
#13830 = PCURVE('',#13407,#13831);
#13831 = DEFINITIONAL_REPRESENTATION('',(#13832),#13836);
#13832 = LINE('',#13833,#13834);
#13833 = CARTESIAN_POINT('',(0.227377369725,-0.234115983176));
#13834 = VECTOR('',#13835,1.);
#13835 = DIRECTION('',(-0.998629534755,-5.233595624306E-02));
#13836 = ( GEOMETRIC_REPRESENTATION_CONTEXT(2) 
PARAMETRIC_REPRESENTATION_CONTEXT() REPRESENTATION_CONTEXT('2D SPACE',''
  ) );
#13837 = PCURVE('',#13378,#13838);
#13838 = DEFINITIONAL_REPRESENTATION('',(#13839),#13843);
#13839 = LINE('',#13840,#13841);
#13840 = CARTESIAN_POINT('',(0.,0.));
#13841 = VECTOR('',#13842,1.);
#13842 = DIRECTION('',(-1.,0.));
#13843 = ( GEOMETRIC_REPRESENTATION_CONTEXT(2) 
PARAMETRIC_REPRESENTATION_CONTEXT() REPRESENTATION_CONTEXT('2D SPACE',''
  ) );
#13844 = ORIENTED_EDGE('',*,*,#13390,.F.);
#13845 = ORIENTED_EDGE('',*,*,#13846,.F.);
#13846 = EDGE_CURVE('',#13847,#13391,#13849,.T.);
#13847 = VERTEX_POINT('',#13848);
#13848 = CARTESIAN_POINT('',(-0.885,0.599238939618,0.417431148549));
#13849 = SURFACE_CURVE('',#13850,(#13855,#13862),.PCURVE_S1.);
#13850 = CIRCLE('',#13851,0.2);
#13851 = AXIS2_PLACEMENT_3D('',#13852,#13853,#13854);
#13852 = CARTESIAN_POINT('',(-0.885,0.4,0.4));
#13853 = DIRECTION('',(-1.,-0.,0.));
#13854 = DIRECTION('',(-0.,0.719339800339,-0.694658370459));
#13855 = PCURVE('',#13407,#13856);
#13856 = DEFINITIONAL_REPRESENTATION('',(#13857),#13861);
#13857 = CIRCLE('',#13858,0.2);
#13858 = AXIS2_PLACEMENT_2D('',#13859,#13860);
#13859 = CARTESIAN_POINT('',(-0.583089821523,-7.631629965149E-02));
#13860 = DIRECTION('',(-0.719339800339,-0.694658370459));
#13861 = ( GEOMETRIC_REPRESENTATION_CONTEXT(2) 
PARAMETRIC_REPRESENTATION_CONTEXT() REPRESENTATION_CONTEXT('2D SPACE',''
  ) );
#13862 = PCURVE('',#13433,#13863);
#13863 = DEFINITIONAL_REPRESENTATION('',(#13864),#13868);
#13864 = LINE('',#13865,#13866);
#13865 = CARTESIAN_POINT('',(6.28318530718,0.));
#13866 = VECTOR('',#13867,1.);
#13867 = DIRECTION('',(-1.,0.));
#13868 = ( GEOMETRIC_REPRESENTATION_CONTEXT(2) 
PARAMETRIC_REPRESENTATION_CONTEXT() REPRESENTATION_CONTEXT('2D SPACE',''
  ) );
#13869 = ORIENTED_EDGE('',*,*,#13870,.T.);
#13870 = EDGE_CURVE('',#13847,#13871,#13873,.T.);
#13871 = VERTEX_POINT('',#13872);
#13872 = CARTESIAN_POINT('',(-0.885,0.50621792591,1.480666200496));
#13873 = SURFACE_CURVE('',#13874,(#13878,#13885),.PCURVE_S1.);
#13874 = LINE('',#13875,#13876);
#13875 = CARTESIAN_POINT('',(-0.885,0.599238939618,0.417431148549));
#13876 = VECTOR('',#13877,1.);
#13877 = DIRECTION('',(2.08044E-16,-8.715574274748E-02,0.996194698092));
#13878 = PCURVE('',#13407,#13879);
#13879 = DEFINITIONAL_REPRESENTATION('',(#13880),#13884);
#13880 = LINE('',#13881,#13882);
#13881 = CARTESIAN_POINT('',(-0.782328761142,-5.888515110199E-02));
#13882 = VECTOR('',#13883,1.);
#13883 = DIRECTION('',(8.715574274748E-02,0.996194698092));
#13884 = ( GEOMETRIC_REPRESENTATION_CONTEXT(2) 
PARAMETRIC_REPRESENTATION_CONTEXT() REPRESENTATION_CONTEXT('2D SPACE',''
  ) );
#13885 = PCURVE('',#13886,#13891);
#13886 = PLANE('',#13887);
#13887 = AXIS2_PLACEMENT_3D('',#13888,#13889,#13890);
#13888 = CARTESIAN_POINT('',(-0.885,0.619291182211,0.188232966924));
#13889 = DIRECTION('',(0.,-0.996194698092,-8.715574274748E-02));
#13890 = DIRECTION('',(1.,0.,0.));
#13891 = DEFINITIONAL_REPRESENTATION('',(#13892),#13896);
#13892 = LINE('',#13893,#13894);
#13893 = CARTESIAN_POINT('',(0.,0.230073681444));
#13894 = VECTOR('',#13895,1.);
#13895 = DIRECTION('',(2.08044E-16,1.));
#13896 = ( GEOMETRIC_REPRESENTATION_CONTEXT(2) 
PARAMETRIC_REPRESENTATION_CONTEXT() REPRESENTATION_CONTEXT('2D SPACE',''
  ) );
#13897 = ORIENTED_EDGE('',*,*,#13898,.T.);
#13898 = EDGE_CURVE('',#13871,#13899,#13901,.T.);
#13899 = VERTEX_POINT('',#13900);
#13900 = CARTESIAN_POINT('',(-0.885,0.705456865528,1.498097349046));
#13901 = SURFACE_CURVE('',#13902,(#13906,#13913),.PCURVE_S1.);
#13902 = LINE('',#13903,#13904);
#13903 = CARTESIAN_POINT('',(-0.885,0.50621792591,1.480666200496));
#13904 = VECTOR('',#13905,1.);
#13905 = DIRECTION('',(0.,0.996194698092,8.715574274779E-02));
#13906 = PCURVE('',#13407,#13907);
#13907 = DEFINITIONAL_REPRESENTATION('',(#13908),#13912);
#13908 = LINE('',#13909,#13910);
#13909 = CARTESIAN_POINT('',(-0.689307747433,1.004349900845));
#13910 = VECTOR('',#13911,1.);
#13911 = DIRECTION('',(-0.996194698092,8.715574274779E-02));
#13912 = ( GEOMETRIC_REPRESENTATION_CONTEXT(2) 
PARAMETRIC_REPRESENTATION_CONTEXT() REPRESENTATION_CONTEXT('2D SPACE',''
  ) );
#13913 = PCURVE('',#13914,#13919);
#13914 = PLANE('',#13915);
#13915 = AXIS2_PLACEMENT_3D('',#13916,#13917,#13918);
#13916 = CARTESIAN_POINT('',(-0.885,0.50621792591,1.480666200496));
#13917 = DIRECTION('',(0.,-8.715574274748E-02,0.996194698092));
#13918 = DIRECTION('',(0.,-0.996194698092,-8.715574274748E-02));
#13919 = DEFINITIONAL_REPRESENTATION('',(#13920),#13924);
#13920 = LINE('',#13921,#13922);
#13921 = CARTESIAN_POINT('',(0.,0.));
#13922 = VECTOR('',#13923,1.);
#13923 = DIRECTION('',(-1.,0.));
#13924 = ( GEOMETRIC_REPRESENTATION_CONTEXT(2) 
PARAMETRIC_REPRESENTATION_CONTEXT() REPRESENTATION_CONTEXT('2D SPACE',''
  ) );
#13925 = ORIENTED_EDGE('',*,*,#13926,.T.);
#13926 = EDGE_CURVE('',#13899,#13484,#13927,.T.);
#13927 = SURFACE_CURVE('',#13928,(#13932,#13939),.PCURVE_S1.);
#13928 = LINE('',#13929,#13930);
#13929 = CARTESIAN_POINT('',(-0.885,0.705456865528,1.498097349046));
#13930 = VECTOR('',#13931,1.);
#13931 = DIRECTION('',(-2.08044E-16,8.715574274749E-02,-0.996194698092)
  );
#13932 = PCURVE('',#13407,#13933);
#13933 = DEFINITIONAL_REPRESENTATION('',(#13934),#13938);
#13934 = LINE('',#13935,#13936);
#13935 = CARTESIAN_POINT('',(-0.888546687052,1.021781049394));
#13936 = VECTOR('',#13937,1.);
#13937 = DIRECTION('',(-8.715574274749E-02,-0.996194698092));
#13938 = ( GEOMETRIC_REPRESENTATION_CONTEXT(2) 
PARAMETRIC_REPRESENTATION_CONTEXT() REPRESENTATION_CONTEXT('2D SPACE',''
  ) );
#13939 = PCURVE('',#13527,#13940);
#13940 = DEFINITIONAL_REPRESENTATION('',(#13941),#13945);
#13941 = LINE('',#13942,#13943);
#13942 = CARTESIAN_POINT('',(0.,0.));
#13943 = VECTOR('',#13944,1.);
#13944 = DIRECTION('',(2.08044E-16,-1.));
#13945 = ( GEOMETRIC_REPRESENTATION_CONTEXT(2) 
PARAMETRIC_REPRESENTATION_CONTEXT() REPRESENTATION_CONTEXT('2D SPACE',''
  ) );
#13946 = ORIENTED_EDGE('',*,*,#13483,.F.);
#13947 = ADVANCED_FACE('',(#13948),#13613,.T.);
#13948 = FACE_BOUND('',#13949,.T.);
#13949 = EDGE_LOOP('',(#13950,#13951,#13974,#13995));
#13950 = ORIENTED_EDGE('',*,*,#13597,.F.);
#13951 = ORIENTED_EDGE('',*,*,#13952,.T.);
#13952 = EDGE_CURVE('',#13570,#13953,#13955,.T.);
#13953 = VERTEX_POINT('',#13954);
#13954 = CARTESIAN_POINT('',(-0.385,-0.420934382497,4.247440952469E-02)
  );
#13955 = SURFACE_CURVE('',#13956,(#13960,#13967),.PCURVE_S1.);
#13956 = LINE('',#13957,#13958);
#13957 = CARTESIAN_POINT('',(-0.385,0.379065617503,5.48186098118E-04));
#13958 = VECTOR('',#13959,1.);
#13959 = DIRECTION('',(1.385877E-16,-0.998629534755,5.23359562431E-02));
#13960 = PCURVE('',#13613,#13961);
#13961 = DEFINITIONAL_REPRESENTATION('',(#13962),#13966);
#13962 = LINE('',#13963,#13964);
#13963 = CARTESIAN_POINT('',(-0.460147362888,0.5));
#13964 = VECTOR('',#13965,1.);
#13965 = DIRECTION('',(-1.,1.385877E-16));
#13966 = ( GEOMETRIC_REPRESENTATION_CONTEXT(2) 
PARAMETRIC_REPRESENTATION_CONTEXT() REPRESENTATION_CONTEXT('2D SPACE',''
  ) );
#13967 = PCURVE('',#13350,#13968);
#13968 = DEFINITIONAL_REPRESENTATION('',(#13969),#13973);
#13969 = LINE('',#13970,#13971);
#13970 = CARTESIAN_POINT('',(1.179065617503,-0.441378037328));
#13971 = VECTOR('',#13972,1.);
#13972 = DIRECTION('',(-0.998629534755,5.23359562431E-02));
#13973 = ( GEOMETRIC_REPRESENTATION_CONTEXT(2) 
PARAMETRIC_REPRESENTATION_CONTEXT() REPRESENTATION_CONTEXT('2D SPACE',''
  ) );
#13974 = ORIENTED_EDGE('',*,*,#13975,.F.);
#13975 = EDGE_CURVE('',#13656,#13953,#13976,.T.);
#13976 = SURFACE_CURVE('',#13977,(#13981,#13988),.PCURVE_S1.);
#13977 = LINE('',#13978,#13979);
#13978 = CARTESIAN_POINT('',(-0.885,-0.420934382497,4.247440952469E-02)
  );
#13979 = VECTOR('',#13980,1.);
#13980 = DIRECTION('',(1.,0.,0.));
#13981 = PCURVE('',#13613,#13982);
#13982 = DEFINITIONAL_REPRESENTATION('',(#13983),#13987);
#13983 = LINE('',#13984,#13985);
#13984 = CARTESIAN_POINT('',(-1.261245239687,0.));
#13985 = VECTOR('',#13986,1.);
#13986 = DIRECTION('',(0.,1.));
#13987 = ( GEOMETRIC_REPRESENTATION_CONTEXT(2) 
PARAMETRIC_REPRESENTATION_CONTEXT() REPRESENTATION_CONTEXT('2D SPACE',''
  ) );
#13988 = PCURVE('',#13695,#13989);
#13989 = DEFINITIONAL_REPRESENTATION('',(#13990),#13994);
#13990 = LINE('',#13991,#13992);
#13991 = CARTESIAN_POINT('',(3.08923277603,0.));
#13992 = VECTOR('',#13993,1.);
#13993 = DIRECTION('',(0.,1.));
#13994 = ( GEOMETRIC_REPRESENTATION_CONTEXT(2) 
PARAMETRIC_REPRESENTATION_CONTEXT() REPRESENTATION_CONTEXT('2D SPACE',''
  ) );
#13995 = ORIENTED_EDGE('',*,*,#13655,.F.);
#13996 = ADVANCED_FACE('',(#13997),#13433,.F.);
#13997 = FACE_BOUND('',#13998,.F.);
#13998 = EDGE_LOOP('',(#13999,#14000,#14023,#14045));
#13999 = ORIENTED_EDGE('',*,*,#13846,.F.);
#14000 = ORIENTED_EDGE('',*,*,#14001,.F.);
#14001 = EDGE_CURVE('',#14002,#13847,#14004,.T.);
#14002 = VERTEX_POINT('',#14003);
#14003 = CARTESIAN_POINT('',(-0.385,0.599238939618,0.417431148549));
#14004 = SURFACE_CURVE('',#14005,(#14009,#14016),.PCURVE_S1.);
#14005 = LINE('',#14006,#14007);
#14006 = CARTESIAN_POINT('',(-0.385,0.599238939618,0.417431148549));
#14007 = VECTOR('',#14008,1.);
#14008 = DIRECTION('',(-1.,0.,0.));
#14009 = PCURVE('',#13433,#14010);
#14010 = DEFINITIONAL_REPRESENTATION('',(#14011),#14015);
#14011 = LINE('',#14012,#14013);
#14012 = CARTESIAN_POINT('',(0.855211333477,0.5));
#14013 = VECTOR('',#14014,1.);
#14014 = DIRECTION('',(0.,-1.));
#14015 = ( GEOMETRIC_REPRESENTATION_CONTEXT(2) 
PARAMETRIC_REPRESENTATION_CONTEXT() REPRESENTATION_CONTEXT('2D SPACE',''
  ) );
#14016 = PCURVE('',#13886,#14017);
#14017 = DEFINITIONAL_REPRESENTATION('',(#14018),#14022);
#14018 = LINE('',#14019,#14020);
#14019 = CARTESIAN_POINT('',(0.5,0.230073681444));
#14020 = VECTOR('',#14021,1.);
#14021 = DIRECTION('',(-1.,0.));
#14022 = ( GEOMETRIC_REPRESENTATION_CONTEXT(2) 
PARAMETRIC_REPRESENTATION_CONTEXT() REPRESENTATION_CONTEXT('2D SPACE',''
  ) );
#14023 = ORIENTED_EDGE('',*,*,#14024,.F.);
#14024 = EDGE_CURVE('',#13329,#14002,#14025,.T.);
#14025 = SURFACE_CURVE('',#14026,(#14031,#14038),.PCURVE_S1.);
#14026 = CIRCLE('',#14027,0.2);
#14027 = AXIS2_PLACEMENT_3D('',#14028,#14029,#14030);
#14028 = CARTESIAN_POINT('',(-0.385,0.4,0.4));
#14029 = DIRECTION('',(1.,-0.,0.));
#14030 = DIRECTION('',(0.,0.719339800339,-0.694658370459));
#14031 = PCURVE('',#13433,#14032);
#14032 = DEFINITIONAL_REPRESENTATION('',(#14033),#14037);
#14033 = LINE('',#14034,#14035);
#14034 = CARTESIAN_POINT('',(0.,0.5));
#14035 = VECTOR('',#14036,1.);
#14036 = DIRECTION('',(1.,0.));
#14037 = ( GEOMETRIC_REPRESENTATION_CONTEXT(2) 
PARAMETRIC_REPRESENTATION_CONTEXT() REPRESENTATION_CONTEXT('2D SPACE',''
  ) );
#14038 = PCURVE('',#13350,#14039);
#14039 = DEFINITIONAL_REPRESENTATION('',(#14040),#14044);
#14040 = CIRCLE('',#14041,0.2);
#14041 = AXIS2_PLACEMENT_2D('',#14042,#14043);
#14042 = CARTESIAN_POINT('',(1.2,-4.192622342658E-02));
#14043 = DIRECTION('',(0.719339800339,-0.694658370459));
#14044 = ( GEOMETRIC_REPRESENTATION_CONTEXT(2) 
PARAMETRIC_REPRESENTATION_CONTEXT() REPRESENTATION_CONTEXT('2D SPACE',''
  ) );
#14045 = ORIENTED_EDGE('',*,*,#13419,.F.);
#14046 = ADVANCED_FACE('',(#14047),#13378,.T.);
#14047 = FACE_BOUND('',#14048,.T.);
#14048 = EDGE_LOOP('',(#14049,#14050,#14051,#14074));
#14049 = ORIENTED_EDGE('',*,*,#13362,.F.);
#14050 = ORIENTED_EDGE('',*,*,#13824,.F.);
#14051 = ORIENTED_EDGE('',*,*,#14052,.T.);
#14052 = EDGE_CURVE('',#13792,#14053,#14055,.T.);
#14053 = VERTEX_POINT('',#14054);
#14054 = CARTESIAN_POINT('',(-0.385,-0.410467191249,0.242200316476));
#14055 = SURFACE_CURVE('',#14056,(#14060,#14067),.PCURVE_S1.);
#14056 = LINE('',#14057,#14058);
#14057 = CARTESIAN_POINT('',(-0.885,-0.410467191249,0.242200316476));
#14058 = VECTOR('',#14059,1.);
#14059 = DIRECTION('',(1.,0.,0.));
#14060 = PCURVE('',#13378,#14061);
#14061 = DEFINITIONAL_REPRESENTATION('',(#14062),#14066);
#14062 = LINE('',#14063,#14064);
#14063 = CARTESIAN_POINT('',(0.,0.));
#14064 = VECTOR('',#14065,1.);
#14065 = DIRECTION('',(0.,1.));
#14066 = ( GEOMETRIC_REPRESENTATION_CONTEXT(2) 
PARAMETRIC_REPRESENTATION_CONTEXT() REPRESENTATION_CONTEXT('2D SPACE',''
  ) );
#14067 = PCURVE('',#13812,#14068);
#14068 = DEFINITIONAL_REPRESENTATION('',(#14069),#14073);
#14069 = LINE('',#14070,#14071);
#14070 = CARTESIAN_POINT('',(3.08923277603,0.));
#14071 = VECTOR('',#14072,1.);
#14072 = DIRECTION('',(0.,1.));
#14073 = ( GEOMETRIC_REPRESENTATION_CONTEXT(2) 
PARAMETRIC_REPRESENTATION_CONTEXT() REPRESENTATION_CONTEXT('2D SPACE',''
  ) );
#14074 = ORIENTED_EDGE('',*,*,#14075,.T.);
#14075 = EDGE_CURVE('',#14053,#13327,#14076,.T.);
#14076 = SURFACE_CURVE('',#14077,(#14081,#14088),.PCURVE_S1.);
#14077 = LINE('',#14078,#14079);
#14078 = CARTESIAN_POINT('',(-0.385,-0.410467191249,0.242200316476));
#14079 = VECTOR('',#14080,1.);
#14080 = DIRECTION('',(0.,0.998629534755,-5.233595624307E-02));
#14081 = PCURVE('',#13378,#14082);
#14082 = DEFINITIONAL_REPRESENTATION('',(#14083),#14087);
#14083 = LINE('',#14084,#14085);
#14084 = CARTESIAN_POINT('',(0.,0.5));
#14085 = VECTOR('',#14086,1.);
#14086 = DIRECTION('',(-1.,0.));
#14087 = ( GEOMETRIC_REPRESENTATION_CONTEXT(2) 
PARAMETRIC_REPRESENTATION_CONTEXT() REPRESENTATION_CONTEXT('2D SPACE',''
  ) );
#14088 = PCURVE('',#13350,#14089);
#14089 = DEFINITIONAL_REPRESENTATION('',(#14090),#14094);
#14090 = LINE('',#14091,#14092);
#14091 = CARTESIAN_POINT('',(0.389532808752,-0.199725906951));
#14092 = VECTOR('',#14093,1.);
#14093 = DIRECTION('',(0.998629534755,-5.233595624306E-02));
#14094 = ( GEOMETRIC_REPRESENTATION_CONTEXT(2) 
PARAMETRIC_REPRESENTATION_CONTEXT() REPRESENTATION_CONTEXT('2D SPACE',''
  ) );
#14095 = ADVANCED_FACE('',(#14096),#13723,.T.);
#14096 = FACE_BOUND('',#14097,.T.);
#14097 = EDGE_LOOP('',(#14098,#14123,#14144,#14145));
#14098 = ORIENTED_EDGE('',*,*,#14099,.T.);
#14099 = EDGE_CURVE('',#14100,#14102,#14104,.T.);
#14100 = VERTEX_POINT('',#14101);
#14101 = CARTESIAN_POINT('',(-0.385,-0.8,0.441926223426));
#14102 = VERTEX_POINT('',#14103);
#14103 = CARTESIAN_POINT('',(-0.385,-0.8,0.466483135606));
#14104 = SURFACE_CURVE('',#14105,(#14109,#14116),.PCURVE_S1.);
#14105 = LINE('',#14106,#14107);
#14106 = CARTESIAN_POINT('',(-0.385,-0.8,0.441926223426));
#14107 = VECTOR('',#14108,1.);
#14108 = DIRECTION('',(0.,7.238376044605E-12,1.));
#14109 = PCURVE('',#13723,#14110);
#14110 = DEFINITIONAL_REPRESENTATION('',(#14111),#14115);
#14111 = LINE('',#14112,#14113);
#14112 = CARTESIAN_POINT('',(0.5,0.));
#14113 = VECTOR('',#14114,1.);
#14114 = DIRECTION('',(0.,1.));
#14115 = ( GEOMETRIC_REPRESENTATION_CONTEXT(2) 
PARAMETRIC_REPRESENTATION_CONTEXT() REPRESENTATION_CONTEXT('2D SPACE',''
  ) );
#14116 = PCURVE('',#13350,#14117);
#14117 = DEFINITIONAL_REPRESENTATION('',(#14118),#14122);
#14118 = LINE('',#14119,#14120);
#14119 = CARTESIAN_POINT('',(0.,0.));
#14120 = VECTOR('',#14121,1.);
#14121 = DIRECTION('',(7.238154E-12,1.));
#14122 = ( GEOMETRIC_REPRESENTATION_CONTEXT(2) 
PARAMETRIC_REPRESENTATION_CONTEXT() REPRESENTATION_CONTEXT('2D SPACE',''
  ) );
#14123 = ORIENTED_EDGE('',*,*,#14124,.F.);
#14124 = EDGE_CURVE('',#13708,#14102,#14125,.T.);
#14125 = SURFACE_CURVE('',#14126,(#14130,#14137),.PCURVE_S1.);
#14126 = LINE('',#14127,#14128);
#14127 = CARTESIAN_POINT('',(-0.885,-0.8,0.466483135606));
#14128 = VECTOR('',#14129,1.);
#14129 = DIRECTION('',(1.,0.,0.));
#14130 = PCURVE('',#13723,#14131);
#14131 = DEFINITIONAL_REPRESENTATION('',(#14132),#14136);
#14132 = LINE('',#14133,#14134);
#14133 = CARTESIAN_POINT('',(0.,2.455691217961E-02));
#14134 = VECTOR('',#14135,1.);
#14135 = DIRECTION('',(1.,0.));
#14136 = ( GEOMETRIC_REPRESENTATION_CONTEXT(2) 
PARAMETRIC_REPRESENTATION_CONTEXT() REPRESENTATION_CONTEXT('2D SPACE',''
  ) );
#14137 = PCURVE('',#13751,#14138);
#14138 = DEFINITIONAL_REPRESENTATION('',(#14139),#14143);
#14139 = LINE('',#14140,#14141);
#14140 = CARTESIAN_POINT('',(0.,0.));
#14141 = VECTOR('',#14142,1.);
#14142 = DIRECTION('',(0.,1.));
#14143 = ( GEOMETRIC_REPRESENTATION_CONTEXT(2) 
PARAMETRIC_REPRESENTATION_CONTEXT() REPRESENTATION_CONTEXT('2D SPACE',''
  ) );
#14144 = ORIENTED_EDGE('',*,*,#13707,.F.);
#14145 = ORIENTED_EDGE('',*,*,#14146,.T.);
#14146 = EDGE_CURVE('',#13679,#14100,#14147,.T.);
#14147 = SURFACE_CURVE('',#14148,(#14152,#14159),.PCURVE_S1.);
#14148 = LINE('',#14149,#14150);
#14149 = CARTESIAN_POINT('',(-0.885,-0.8,0.441926223426));
#14150 = VECTOR('',#14151,1.);
#14151 = DIRECTION('',(1.,0.,0.));
#14152 = PCURVE('',#13723,#14153);
#14153 = DEFINITIONAL_REPRESENTATION('',(#14154),#14158);
#14154 = LINE('',#14155,#14156);
#14155 = CARTESIAN_POINT('',(0.,0.));
#14156 = VECTOR('',#14157,1.);
#14157 = DIRECTION('',(1.,0.));
#14158 = ( GEOMETRIC_REPRESENTATION_CONTEXT(2) 
PARAMETRIC_REPRESENTATION_CONTEXT() REPRESENTATION_CONTEXT('2D SPACE',''
  ) );
#14159 = PCURVE('',#13695,#14160);
#14160 = DEFINITIONAL_REPRESENTATION('',(#14161),#14165);
#14161 = LINE('',#14162,#14163);
#14162 = CARTESIAN_POINT('',(1.570796326795,0.));
#14163 = VECTOR('',#14164,1.);
#14164 = DIRECTION('',(0.,1.));
#14165 = ( GEOMETRIC_REPRESENTATION_CONTEXT(2) 
PARAMETRIC_REPRESENTATION_CONTEXT() REPRESENTATION_CONTEXT('2D SPACE',''
  ) );
#14166 = ADVANCED_FACE('',(#14167),#13751,.T.);
#14167 = FACE_BOUND('',#14168,.T.);
#14168 = EDGE_LOOP('',(#14169,#14192,#14213,#14214));
#14169 = ORIENTED_EDGE('',*,*,#14170,.T.);
#14170 = EDGE_CURVE('',#14102,#14171,#14173,.T.);
#14171 = VERTEX_POINT('',#14172);
#14172 = CARTESIAN_POINT('',(-0.385,-0.6,0.466483135606));
#14173 = SURFACE_CURVE('',#14174,(#14178,#14185),.PCURVE_S1.);
#14174 = LINE('',#14175,#14176);
#14175 = CARTESIAN_POINT('',(-0.385,-0.8,0.466483135606));
#14176 = VECTOR('',#14177,1.);
#14177 = DIRECTION('',(0.,1.,-2.22044604925E-16));
#14178 = PCURVE('',#13751,#14179);
#14179 = DEFINITIONAL_REPRESENTATION('',(#14180),#14184);
#14180 = LINE('',#14181,#14182);
#14181 = CARTESIAN_POINT('',(0.,0.5));
#14182 = VECTOR('',#14183,1.);
#14183 = DIRECTION('',(-1.,0.));
#14184 = ( GEOMETRIC_REPRESENTATION_CONTEXT(2) 
PARAMETRIC_REPRESENTATION_CONTEXT() REPRESENTATION_CONTEXT('2D SPACE',''
  ) );
#14185 = PCURVE('',#13350,#14186);
#14186 = DEFINITIONAL_REPRESENTATION('',(#14187),#14191);
#14187 = LINE('',#14188,#14189);
#14188 = CARTESIAN_POINT('',(1.770250612765E-13,2.455691217961E-02));
#14189 = VECTOR('',#14190,1.);
#14190 = DIRECTION('',(1.,0.));
#14191 = ( GEOMETRIC_REPRESENTATION_CONTEXT(2) 
PARAMETRIC_REPRESENTATION_CONTEXT() REPRESENTATION_CONTEXT('2D SPACE',''
  ) );
#14192 = ORIENTED_EDGE('',*,*,#14193,.F.);
#14193 = EDGE_CURVE('',#13736,#14171,#14194,.T.);
#14194 = SURFACE_CURVE('',#14195,(#14199,#14206),.PCURVE_S1.);
#14195 = LINE('',#14196,#14197);
#14196 = CARTESIAN_POINT('',(-0.885,-0.6,0.466483135606));
#14197 = VECTOR('',#14198,1.);
#14198 = DIRECTION('',(1.,0.,0.));
#14199 = PCURVE('',#13751,#14200);
#14200 = DEFINITIONAL_REPRESENTATION('',(#14201),#14205);
#14201 = LINE('',#14202,#14203);
#14202 = CARTESIAN_POINT('',(-0.2,0.));
#14203 = VECTOR('',#14204,1.);
#14204 = DIRECTION('',(0.,1.));
#14205 = ( GEOMETRIC_REPRESENTATION_CONTEXT(2) 
PARAMETRIC_REPRESENTATION_CONTEXT() REPRESENTATION_CONTEXT('2D SPACE',''
  ) );
#14206 = PCURVE('',#13779,#14207);
#14207 = DEFINITIONAL_REPRESENTATION('',(#14208),#14212);
#14208 = LINE('',#14209,#14210);
#14209 = CARTESIAN_POINT('',(0.,0.));
#14210 = VECTOR('',#14211,1.);
#14211 = DIRECTION('',(-1.,0.));
#14212 = ( GEOMETRIC_REPRESENTATION_CONTEXT(2) 
PARAMETRIC_REPRESENTATION_CONTEXT() REPRESENTATION_CONTEXT('2D SPACE',''
  ) );
#14213 = ORIENTED_EDGE('',*,*,#13735,.F.);
#14214 = ORIENTED_EDGE('',*,*,#14124,.T.);
#14215 = ADVANCED_FACE('',(#14216),#13779,.T.);
#14216 = FACE_BOUND('',#14217,.T.);
#14217 = EDGE_LOOP('',(#14218,#14241,#14262,#14263));
#14218 = ORIENTED_EDGE('',*,*,#14219,.T.);
#14219 = EDGE_CURVE('',#14171,#14220,#14222,.T.);
#14220 = VERTEX_POINT('',#14221);
#14221 = CARTESIAN_POINT('',(-0.385,-0.6,0.441926223426));
#14222 = SURFACE_CURVE('',#14223,(#14227,#14234),.PCURVE_S1.);
#14223 = LINE('',#14224,#14225);
#14224 = CARTESIAN_POINT('',(-0.385,-0.6,0.466483135606));
#14225 = VECTOR('',#14226,1.);
#14226 = DIRECTION('',(0.,-2.22044604925E-16,-1.));
#14227 = PCURVE('',#13779,#14228);
#14228 = DEFINITIONAL_REPRESENTATION('',(#14229),#14233);
#14229 = LINE('',#14230,#14231);
#14230 = CARTESIAN_POINT('',(-0.5,0.));
#14231 = VECTOR('',#14232,1.);
#14232 = DIRECTION('',(0.,-1.));
#14233 = ( GEOMETRIC_REPRESENTATION_CONTEXT(2) 
PARAMETRIC_REPRESENTATION_CONTEXT() REPRESENTATION_CONTEXT('2D SPACE',''
  ) );
#14234 = PCURVE('',#13350,#14235);
#14235 = DEFINITIONAL_REPRESENTATION('',(#14236),#14240);
#14236 = LINE('',#14237,#14238);
#14237 = CARTESIAN_POINT('',(0.2,2.455691217961E-02));
#14238 = VECTOR('',#14239,1.);
#14239 = DIRECTION('',(0.,-1.));
#14240 = ( GEOMETRIC_REPRESENTATION_CONTEXT(2) 
PARAMETRIC_REPRESENTATION_CONTEXT() REPRESENTATION_CONTEXT('2D SPACE',''
  ) );
#14241 = ORIENTED_EDGE('',*,*,#14242,.F.);
#14242 = EDGE_CURVE('',#13764,#14220,#14243,.T.);
#14243 = SURFACE_CURVE('',#14244,(#14248,#14255),.PCURVE_S1.);
#14244 = LINE('',#14245,#14246);
#14245 = CARTESIAN_POINT('',(-0.885,-0.6,0.441926223426));
#14246 = VECTOR('',#14247,1.);
#14247 = DIRECTION('',(1.,0.,0.));
#14248 = PCURVE('',#13779,#14249);
#14249 = DEFINITIONAL_REPRESENTATION('',(#14250),#14254);
#14250 = LINE('',#14251,#14252);
#14251 = CARTESIAN_POINT('',(0.,-2.455691217961E-02));
#14252 = VECTOR('',#14253,1.);
#14253 = DIRECTION('',(-1.,0.));
#14254 = ( GEOMETRIC_REPRESENTATION_CONTEXT(2) 
PARAMETRIC_REPRESENTATION_CONTEXT() REPRESENTATION_CONTEXT('2D SPACE',''
  ) );
#14255 = PCURVE('',#13812,#14256);
#14256 = DEFINITIONAL_REPRESENTATION('',(#14257),#14261);
#14257 = LINE('',#14258,#14259);
#14258 = CARTESIAN_POINT('',(1.570796326795,0.));
#14259 = VECTOR('',#14260,1.);
#14260 = DIRECTION('',(0.,1.));
#14261 = ( GEOMETRIC_REPRESENTATION_CONTEXT(2) 
PARAMETRIC_REPRESENTATION_CONTEXT() REPRESENTATION_CONTEXT('2D SPACE',''
  ) );
#14262 = ORIENTED_EDGE('',*,*,#13763,.F.);
#14263 = ORIENTED_EDGE('',*,*,#14193,.T.);
#14264 = ADVANCED_FACE('',(#14265),#13812,.F.);
#14265 = FACE_BOUND('',#14266,.F.);
#14266 = EDGE_LOOP('',(#14267,#14268,#14269,#14270));
#14267 = ORIENTED_EDGE('',*,*,#14242,.F.);
#14268 = ORIENTED_EDGE('',*,*,#13791,.T.);
#14269 = ORIENTED_EDGE('',*,*,#14052,.T.);
#14270 = ORIENTED_EDGE('',*,*,#14271,.F.);
#14271 = EDGE_CURVE('',#14220,#14053,#14272,.T.);
#14272 = SURFACE_CURVE('',#14273,(#14278,#14285),.PCURVE_S1.);
#14273 = CIRCLE('',#14274,0.2);
#14274 = AXIS2_PLACEMENT_3D('',#14275,#14276,#14277);
#14275 = CARTESIAN_POINT('',(-0.385,-0.4,0.441926223426));
#14276 = DIRECTION('',(1.,0.,-0.));
#14277 = DIRECTION('',(0.,2.22044604925E-16,1.));
#14278 = PCURVE('',#13812,#14279);
#14279 = DEFINITIONAL_REPRESENTATION('',(#14280),#14284);
#14280 = LINE('',#14281,#14282);
#14281 = CARTESIAN_POINT('',(0.,0.5));
#14282 = VECTOR('',#14283,1.);
#14283 = DIRECTION('',(1.,0.));
#14284 = ( GEOMETRIC_REPRESENTATION_CONTEXT(2) 
PARAMETRIC_REPRESENTATION_CONTEXT() REPRESENTATION_CONTEXT('2D SPACE',''
  ) );
#14285 = PCURVE('',#13350,#14286);
#14286 = DEFINITIONAL_REPRESENTATION('',(#14287),#14291);
#14287 = CIRCLE('',#14288,0.2);
#14288 = AXIS2_PLACEMENT_2D('',#14289,#14290);
#14289 = CARTESIAN_POINT('',(0.4,0.));
#14290 = DIRECTION('',(0.,1.));
#14291 = ( GEOMETRIC_REPRESENTATION_CONTEXT(2) 
PARAMETRIC_REPRESENTATION_CONTEXT() REPRESENTATION_CONTEXT('2D SPACE',''
  ) );
#14292 = ADVANCED_FACE('',(#14293),#13886,.T.);
#14293 = FACE_BOUND('',#14294,.T.);
#14294 = EDGE_LOOP('',(#14295,#14296,#14319,#14340));
#14295 = ORIENTED_EDGE('',*,*,#14001,.F.);
#14296 = ORIENTED_EDGE('',*,*,#14297,.T.);
#14297 = EDGE_CURVE('',#14002,#14298,#14300,.T.);
#14298 = VERTEX_POINT('',#14299);
#14299 = CARTESIAN_POINT('',(-0.385,0.50621792591,1.480666200496));
#14300 = SURFACE_CURVE('',#14301,(#14305,#14312),.PCURVE_S1.);
#14301 = LINE('',#14302,#14303);
#14302 = CARTESIAN_POINT('',(-0.385,0.599238939618,0.417431148549));
#14303 = VECTOR('',#14304,1.);
#14304 = DIRECTION('',(0.,-8.715574274748E-02,0.996194698092));
#14305 = PCURVE('',#13886,#14306);
#14306 = DEFINITIONAL_REPRESENTATION('',(#14307),#14311);
#14307 = LINE('',#14308,#14309);
#14308 = CARTESIAN_POINT('',(0.5,0.230073681444));
#14309 = VECTOR('',#14310,1.);
#14310 = DIRECTION('',(0.,1.));
#14311 = ( GEOMETRIC_REPRESENTATION_CONTEXT(2) 
PARAMETRIC_REPRESENTATION_CONTEXT() REPRESENTATION_CONTEXT('2D SPACE',''
  ) );
#14312 = PCURVE('',#13350,#14313);
#14313 = DEFINITIONAL_REPRESENTATION('',(#14314),#14318);
#14314 = LINE('',#14315,#14316);
#14315 = CARTESIAN_POINT('',(1.399238939618,-2.449507487708E-02));
#14316 = VECTOR('',#14317,1.);
#14317 = DIRECTION('',(-8.715574274748E-02,0.996194698092));
#14318 = ( GEOMETRIC_REPRESENTATION_CONTEXT(2) 
PARAMETRIC_REPRESENTATION_CONTEXT() REPRESENTATION_CONTEXT('2D SPACE',''
  ) );
#14319 = ORIENTED_EDGE('',*,*,#14320,.F.);
#14320 = EDGE_CURVE('',#13871,#14298,#14321,.T.);
#14321 = SURFACE_CURVE('',#14322,(#14326,#14333),.PCURVE_S1.);
#14322 = LINE('',#14323,#14324);
#14323 = CARTESIAN_POINT('',(-0.885,0.50621792591,1.480666200496));
#14324 = VECTOR('',#14325,1.);
#14325 = DIRECTION('',(1.,0.,0.));
#14326 = PCURVE('',#13886,#14327);
#14327 = DEFINITIONAL_REPRESENTATION('',(#14328),#14332);
#14328 = LINE('',#14329,#14330);
#14329 = CARTESIAN_POINT('',(0.,1.29737011856));
#14330 = VECTOR('',#14331,1.);
#14331 = DIRECTION('',(1.,0.));
#14332 = ( GEOMETRIC_REPRESENTATION_CONTEXT(2) 
PARAMETRIC_REPRESENTATION_CONTEXT() REPRESENTATION_CONTEXT('2D SPACE',''
  ) );
#14333 = PCURVE('',#13914,#14334);
#14334 = DEFINITIONAL_REPRESENTATION('',(#14335),#14339);
#14335 = LINE('',#14336,#14337);
#14336 = CARTESIAN_POINT('',(0.,0.));
#14337 = VECTOR('',#14338,1.);
#14338 = DIRECTION('',(0.,1.));
#14339 = ( GEOMETRIC_REPRESENTATION_CONTEXT(2) 
PARAMETRIC_REPRESENTATION_CONTEXT() REPRESENTATION_CONTEXT('2D SPACE',''
  ) );
#14340 = ORIENTED_EDGE('',*,*,#13870,.F.);
#14341 = ADVANCED_FACE('',(#14342),#13914,.T.);
#14342 = FACE_BOUND('',#14343,.T.);
#14343 = EDGE_LOOP('',(#14344,#14367,#14388,#14389));
#14344 = ORIENTED_EDGE('',*,*,#14345,.T.);
#14345 = EDGE_CURVE('',#14298,#14346,#14348,.T.);
#14346 = VERTEX_POINT('',#14347);
#14347 = CARTESIAN_POINT('',(-0.385,0.705456865528,1.498097349046));
#14348 = SURFACE_CURVE('',#14349,(#14353,#14360),.PCURVE_S1.);
#14349 = LINE('',#14350,#14351);
#14350 = CARTESIAN_POINT('',(-0.385,0.50621792591,1.480666200496));
#14351 = VECTOR('',#14352,1.);
#14352 = DIRECTION('',(0.,0.996194698092,8.715574274779E-02));
#14353 = PCURVE('',#13914,#14354);
#14354 = DEFINITIONAL_REPRESENTATION('',(#14355),#14359);
#14355 = LINE('',#14356,#14357);
#14356 = CARTESIAN_POINT('',(0.,0.5));
#14357 = VECTOR('',#14358,1.);
#14358 = DIRECTION('',(-1.,0.));
#14359 = ( GEOMETRIC_REPRESENTATION_CONTEXT(2) 
PARAMETRIC_REPRESENTATION_CONTEXT() REPRESENTATION_CONTEXT('2D SPACE',''
  ) );
#14360 = PCURVE('',#13350,#14361);
#14361 = DEFINITIONAL_REPRESENTATION('',(#14362),#14366);
#14362 = LINE('',#14363,#14364);
#14363 = CARTESIAN_POINT('',(1.30621792591,1.03873997707));
#14364 = VECTOR('',#14365,1.);
#14365 = DIRECTION('',(0.996194698092,8.715574274779E-02));
#14366 = ( GEOMETRIC_REPRESENTATION_CONTEXT(2) 
PARAMETRIC_REPRESENTATION_CONTEXT() REPRESENTATION_CONTEXT('2D SPACE',''
  ) );
#14367 = ORIENTED_EDGE('',*,*,#14368,.F.);
#14368 = EDGE_CURVE('',#13899,#14346,#14369,.T.);
#14369 = SURFACE_CURVE('',#14370,(#14374,#14381),.PCURVE_S1.);
#14370 = LINE('',#14371,#14372);
#14371 = CARTESIAN_POINT('',(-0.885,0.705456865528,1.498097349046));
#14372 = VECTOR('',#14373,1.);
#14373 = DIRECTION('',(1.,0.,0.));
#14374 = PCURVE('',#13914,#14375);
#14375 = DEFINITIONAL_REPRESENTATION('',(#14376),#14380);
#14376 = LINE('',#14377,#14378);
#14377 = CARTESIAN_POINT('',(-0.2,0.));
#14378 = VECTOR('',#14379,1.);
#14379 = DIRECTION('',(0.,1.));
#14380 = ( GEOMETRIC_REPRESENTATION_CONTEXT(2) 
PARAMETRIC_REPRESENTATION_CONTEXT() REPRESENTATION_CONTEXT('2D SPACE',''
  ) );
#14381 = PCURVE('',#13527,#14382);
#14382 = DEFINITIONAL_REPRESENTATION('',(#14383),#14387);
#14383 = LINE('',#14384,#14385);
#14384 = CARTESIAN_POINT('',(0.,0.));
#14385 = VECTOR('',#14386,1.);
#14386 = DIRECTION('',(-1.,0.));
#14387 = ( GEOMETRIC_REPRESENTATION_CONTEXT(2) 
PARAMETRIC_REPRESENTATION_CONTEXT() REPRESENTATION_CONTEXT('2D SPACE',''
  ) );
#14388 = ORIENTED_EDGE('',*,*,#13898,.F.);
#14389 = ORIENTED_EDGE('',*,*,#14320,.T.);
#14390 = ADVANCED_FACE('',(#14391),#13527,.T.);
#14391 = FACE_BOUND('',#14392,.T.);
#14392 = EDGE_LOOP('',(#14393,#14394,#14395,#14396));
#14393 = ORIENTED_EDGE('',*,*,#13511,.F.);
#14394 = ORIENTED_EDGE('',*,*,#13926,.F.);
#14395 = ORIENTED_EDGE('',*,*,#14368,.T.);
#14396 = ORIENTED_EDGE('',*,*,#14397,.T.);
#14397 = EDGE_CURVE('',#14346,#13512,#14398,.T.);
#14398 = SURFACE_CURVE('',#14399,(#14403,#14410),.PCURVE_S1.);
#14399 = LINE('',#14400,#14401);
#14400 = CARTESIAN_POINT('',(-0.385,0.705456865528,1.498097349046));
#14401 = VECTOR('',#14402,1.);
#14402 = DIRECTION('',(0.,8.715574274749E-02,-0.996194698092));
#14403 = PCURVE('',#13527,#14404);
#14404 = DEFINITIONAL_REPRESENTATION('',(#14405),#14409);
#14405 = LINE('',#14406,#14407);
#14406 = CARTESIAN_POINT('',(-0.5,0.));
#14407 = VECTOR('',#14408,1.);
#14408 = DIRECTION('',(-0.,-1.));
#14409 = ( GEOMETRIC_REPRESENTATION_CONTEXT(2) 
PARAMETRIC_REPRESENTATION_CONTEXT() REPRESENTATION_CONTEXT('2D SPACE',''
  ) );
#14410 = PCURVE('',#13350,#14411);
#14411 = DEFINITIONAL_REPRESENTATION('',(#14412),#14416);
#14412 = LINE('',#14413,#14414);
#14413 = CARTESIAN_POINT('',(1.505456865528,1.056171125619));
#14414 = VECTOR('',#14415,1.);
#14415 = DIRECTION('',(8.715574274749E-02,-0.996194698092));
#14416 = ( GEOMETRIC_REPRESENTATION_CONTEXT(2) 
PARAMETRIC_REPRESENTATION_CONTEXT() REPRESENTATION_CONTEXT('2D SPACE',''
  ) );
#14417 = ADVANCED_FACE('',(#14418),#13695,.T.);
#14418 = FACE_BOUND('',#14419,.T.);
#14419 = EDGE_LOOP('',(#14420,#14446,#14447,#14448));
#14420 = ORIENTED_EDGE('',*,*,#14421,.T.);
#14421 = EDGE_CURVE('',#13953,#14100,#14422,.T.);
#14422 = SURFACE_CURVE('',#14423,(#14428,#14435),.PCURVE_S1.);
#14423 = CIRCLE('',#14424,0.4);
#14424 = AXIS2_PLACEMENT_3D('',#14425,#14426,#14427);
#14425 = CARTESIAN_POINT('',(-0.385,-0.4,0.441926223426));
#14426 = DIRECTION('',(-1.,0.,0.));
#14427 = DIRECTION('',(0.,2.22044604925E-16,1.));
#14428 = PCURVE('',#13695,#14429);
#14429 = DEFINITIONAL_REPRESENTATION('',(#14430),#14434);
#14430 = LINE('',#14431,#14432);
#14431 = CARTESIAN_POINT('',(6.28318530718,0.5));
#14432 = VECTOR('',#14433,1.);
#14433 = DIRECTION('',(-1.,0.));
#14434 = ( GEOMETRIC_REPRESENTATION_CONTEXT(2) 
PARAMETRIC_REPRESENTATION_CONTEXT() REPRESENTATION_CONTEXT('2D SPACE',''
  ) );
#14435 = PCURVE('',#13350,#14436);
#14436 = DEFINITIONAL_REPRESENTATION('',(#14437),#14445);
#14437 = ( BOUNDED_CURVE() B_SPLINE_CURVE(2,(#14438,#14439,#14440,#14441
    ,#14442,#14443,#14444),.UNSPECIFIED.,.T.,.F.) 
B_SPLINE_CURVE_WITH_KNOTS((1,2,2,2,2,1),(-2.094395102393,0.,
    2.094395102393,4.188790204786,6.28318530718,8.377580409573),
.UNSPECIFIED.) CURVE() GEOMETRIC_REPRESENTATION_ITEM() 
RATIONAL_B_SPLINE_CURVE((1.,0.5,1.,0.5,1.,0.5,1.)) REPRESENTATION_ITEM(
  '') );
#14438 = CARTESIAN_POINT('',(0.4,0.4));
#14439 = CARTESIAN_POINT('',(1.092820323028,0.4));
#14440 = CARTESIAN_POINT('',(0.746410161514,-0.2));
#14441 = CARTESIAN_POINT('',(0.4,-0.8));
#14442 = CARTESIAN_POINT('',(5.358983848622E-02,-0.2));
#14443 = CARTESIAN_POINT('',(-0.292820323028,0.4));
#14444 = CARTESIAN_POINT('',(0.4,0.4));
#14445 = ( GEOMETRIC_REPRESENTATION_CONTEXT(2) 
PARAMETRIC_REPRESENTATION_CONTEXT() REPRESENTATION_CONTEXT('2D SPACE',''
  ) );
#14446 = ORIENTED_EDGE('',*,*,#14146,.F.);
#14447 = ORIENTED_EDGE('',*,*,#13678,.F.);
#14448 = ORIENTED_EDGE('',*,*,#13975,.T.);
#14449 = ADVANCED_FACE('',(#14450),#13350,.T.);
#14450 = FACE_BOUND('',#14451,.T.);
#14451 = EDGE_LOOP('',(#14452,#14453,#14454,#14455,#14456,#14457,#14458,
    #14459,#14460,#14461,#14462,#14463,#14464,#14465));
#14452 = ORIENTED_EDGE('',*,*,#13539,.F.);
#14453 = ORIENTED_EDGE('',*,*,#14397,.F.);
#14454 = ORIENTED_EDGE('',*,*,#14345,.F.);
#14455 = ORIENTED_EDGE('',*,*,#14297,.F.);
#14456 = ORIENTED_EDGE('',*,*,#14024,.F.);
#14457 = ORIENTED_EDGE('',*,*,#13326,.F.);
#14458 = ORIENTED_EDGE('',*,*,#14075,.F.);
#14459 = ORIENTED_EDGE('',*,*,#14271,.F.);
#14460 = ORIENTED_EDGE('',*,*,#14219,.F.);
#14461 = ORIENTED_EDGE('',*,*,#14170,.F.);
#14462 = ORIENTED_EDGE('',*,*,#14099,.F.);
#14463 = ORIENTED_EDGE('',*,*,#14421,.F.);
#14464 = ORIENTED_EDGE('',*,*,#13952,.F.);
#14465 = ORIENTED_EDGE('',*,*,#13569,.F.);
#14466 = MANIFOLD_SOLID_BREP('',#14467);
#14467 = CLOSED_SHELL('',(#14468,#14590,#14710,#14796,#15093,#15142,
    #15192,#15241,#15312,#15361,#15410,#15438,#15487,#15536,#15563,
    #15595));
#14468 = ADVANCED_FACE('',(#14469),#14484,.F.);
#14469 = FACE_BOUND('',#14470,.F.);
#14470 = EDGE_LOOP('',(#14471,#14507,#14535,#14564));
#14471 = ORIENTED_EDGE('',*,*,#14472,.F.);
#14472 = EDGE_CURVE('',#14473,#14475,#14477,.T.);
#14473 = VERTEX_POINT('',#14474);
#14474 = CARTESIAN_POINT('',(-1.655,0.389532808751,0.200274093049));
#14475 = VERTEX_POINT('',#14476);
#14476 = CARTESIAN_POINT('',(-1.655,0.543867960068,0.261068325908));
#14477 = SURFACE_CURVE('',#14478,(#14483,#14495),.PCURVE_S1.);
#14478 = CIRCLE('',#14479,0.2);
#14479 = AXIS2_PLACEMENT_3D('',#14480,#14481,#14482);
#14480 = CARTESIAN_POINT('',(-1.655,0.4,0.4));
#14481 = DIRECTION('',(1.,-0.,0.));
#14482 = DIRECTION('',(0.,0.719339800339,-0.694658370459));
#14483 = PCURVE('',#14484,#14489);
#14484 = CYLINDRICAL_SURFACE('',#14485,0.2);
#14485 = AXIS2_PLACEMENT_3D('',#14486,#14487,#14488);
#14486 = CARTESIAN_POINT('',(-2.155,0.4,0.4));
#14487 = DIRECTION('',(1.,0.,0.));
#14488 = DIRECTION('',(0.,0.719339800339,-0.694658370459));
#14489 = DEFINITIONAL_REPRESENTATION('',(#14490),#14494);
#14490 = LINE('',#14491,#14492);
#14491 = CARTESIAN_POINT('',(2.6645352591E-15,0.5));
#14492 = VECTOR('',#14493,1.);
#14493 = DIRECTION('',(1.,0.));
#14494 = ( GEOMETRIC_REPRESENTATION_CONTEXT(2) 
PARAMETRIC_REPRESENTATION_CONTEXT() REPRESENTATION_CONTEXT('2D SPACE',''
  ) );
#14495 = PCURVE('',#14496,#14501);
#14496 = PLANE('',#14497);
#14497 = AXIS2_PLACEMENT_3D('',#14498,#14499,#14500);
#14498 = CARTESIAN_POINT('',(-1.655,-0.8,0.441926223426));
#14499 = DIRECTION('',(1.,0.,0.));
#14500 = DIRECTION('',(0.,1.,-2.22044604925E-16));
#14501 = DEFINITIONAL_REPRESENTATION('',(#14502),#14506);
#14502 = CIRCLE('',#14503,0.2);
#14503 = AXIS2_PLACEMENT_2D('',#14504,#14505);
#14504 = CARTESIAN_POINT('',(1.2,-4.192622342658E-02));
#14505 = DIRECTION('',(0.719339800339,-0.694658370459));
#14506 = ( GEOMETRIC_REPRESENTATION_CONTEXT(2) 
PARAMETRIC_REPRESENTATION_CONTEXT() REPRESENTATION_CONTEXT('2D SPACE',''
  ) );
#14507 = ORIENTED_EDGE('',*,*,#14508,.F.);
#14508 = EDGE_CURVE('',#14509,#14473,#14511,.T.);
#14509 = VERTEX_POINT('',#14510);
#14510 = CARTESIAN_POINT('',(-2.155,0.389532808751,0.200274093049));
#14511 = SURFACE_CURVE('',#14512,(#14516,#14523),.PCURVE_S1.);
#14512 = LINE('',#14513,#14514);
#14513 = CARTESIAN_POINT('',(-2.155,0.389532808751,0.200274093049));
#14514 = VECTOR('',#14515,1.);
#14515 = DIRECTION('',(1.,0.,0.));
#14516 = PCURVE('',#14484,#14517);
#14517 = DEFINITIONAL_REPRESENTATION('',(#14518),#14522);
#14518 = LINE('',#14519,#14520);
#14519 = CARTESIAN_POINT('',(5.427973973702,0.));
#14520 = VECTOR('',#14521,1.);
#14521 = DIRECTION('',(0.,1.));
#14522 = ( GEOMETRIC_REPRESENTATION_CONTEXT(2) 
PARAMETRIC_REPRESENTATION_CONTEXT() REPRESENTATION_CONTEXT('2D SPACE',''
  ) );
#14523 = PCURVE('',#14524,#14529);
#14524 = PLANE('',#14525);
#14525 = AXIS2_PLACEMENT_3D('',#14526,#14527,#14528);
#14526 = CARTESIAN_POINT('',(-2.155,-0.410467191249,0.242200316476));
#14527 = DIRECTION('',(0.,5.233595624307E-02,0.998629534755));
#14528 = DIRECTION('',(0.,-0.998629534755,5.233595624307E-02));
#14529 = DEFINITIONAL_REPRESENTATION('',(#14530),#14534);
#14530 = LINE('',#14531,#14532);
#14531 = CARTESIAN_POINT('',(-0.801097876798,0.));
#14532 = VECTOR('',#14533,1.);
#14533 = DIRECTION('',(0.,1.));
#14534 = ( GEOMETRIC_REPRESENTATION_CONTEXT(2) 
PARAMETRIC_REPRESENTATION_CONTEXT() REPRESENTATION_CONTEXT('2D SPACE',''
  ) );
#14535 = ORIENTED_EDGE('',*,*,#14536,.F.);
#14536 = EDGE_CURVE('',#14537,#14509,#14539,.T.);
#14537 = VERTEX_POINT('',#14538);
#14538 = CARTESIAN_POINT('',(-2.155,0.543867960068,0.261068325908));
#14539 = SURFACE_CURVE('',#14540,(#14545,#14552),.PCURVE_S1.);
#14540 = CIRCLE('',#14541,0.2);
#14541 = AXIS2_PLACEMENT_3D('',#14542,#14543,#14544);
#14542 = CARTESIAN_POINT('',(-2.155,0.4,0.4));
#14543 = DIRECTION('',(-1.,-0.,0.));
#14544 = DIRECTION('',(-0.,0.719339800339,-0.694658370459));
#14545 = PCURVE('',#14484,#14546);
#14546 = DEFINITIONAL_REPRESENTATION('',(#14547),#14551);
#14547 = LINE('',#14548,#14549);
#14548 = CARTESIAN_POINT('',(6.28318530718,0.));
#14549 = VECTOR('',#14550,1.);
#14550 = DIRECTION('',(-1.,0.));
#14551 = ( GEOMETRIC_REPRESENTATION_CONTEXT(2) 
PARAMETRIC_REPRESENTATION_CONTEXT() REPRESENTATION_CONTEXT('2D SPACE',''
  ) );
#14552 = PCURVE('',#14553,#14558);
#14553 = PLANE('',#14554);
#14554 = AXIS2_PLACEMENT_3D('',#14555,#14556,#14557);
#14555 = CARTESIAN_POINT('',(-2.155,-0.183089821524,0.476316299651));
#14556 = DIRECTION('',(-1.,0.,0.));
#14557 = DIRECTION('',(0.,-1.,2.22044604925E-16));
#14558 = DEFINITIONAL_REPRESENTATION('',(#14559),#14563);
#14559 = CIRCLE('',#14560,0.2);
#14560 = AXIS2_PLACEMENT_2D('',#14561,#14562);
#14561 = CARTESIAN_POINT('',(-0.583089821523,-7.631629965149E-02));
#14562 = DIRECTION('',(-0.719339800339,-0.694658370459));
#14563 = ( GEOMETRIC_REPRESENTATION_CONTEXT(2) 
PARAMETRIC_REPRESENTATION_CONTEXT() REPRESENTATION_CONTEXT('2D SPACE',''
  ) );
#14564 = ORIENTED_EDGE('',*,*,#14565,.T.);
#14565 = EDGE_CURVE('',#14537,#14475,#14566,.T.);
#14566 = SURFACE_CURVE('',#14567,(#14571,#14578),.PCURVE_S1.);
#14567 = LINE('',#14568,#14569);
#14568 = CARTESIAN_POINT('',(-2.155,0.543867960068,0.261068325908));
#14569 = VECTOR('',#14570,1.);
#14570 = DIRECTION('',(1.,0.,0.));
#14571 = PCURVE('',#14484,#14572);
#14572 = DEFINITIONAL_REPRESENTATION('',(#14573),#14577);
#14573 = LINE('',#14574,#14575);
#14574 = CARTESIAN_POINT('',(6.28318530718,0.));
#14575 = VECTOR('',#14576,1.);
#14576 = DIRECTION('',(0.,1.));
#14577 = ( GEOMETRIC_REPRESENTATION_CONTEXT(2) 
PARAMETRIC_REPRESENTATION_CONTEXT() REPRESENTATION_CONTEXT('2D SPACE',''
  ) );
#14578 = PCURVE('',#14579,#14584);
#14579 = CYLINDRICAL_SURFACE('',#14580,0.2);
#14580 = AXIS2_PLACEMENT_3D('',#14581,#14582,#14583);
#14581 = CARTESIAN_POINT('',(-2.155,0.4,0.4));
#14582 = DIRECTION('',(1.,0.,0.));
#14583 = DIRECTION('',(0.,0.719339800339,-0.694658370459));
#14584 = DEFINITIONAL_REPRESENTATION('',(#14585),#14589);
#14585 = LINE('',#14586,#14587);
#14586 = CARTESIAN_POINT('',(0.,0.));
#14587 = VECTOR('',#14588,1.);
#14588 = DIRECTION('',(0.,1.));
#14589 = ( GEOMETRIC_REPRESENTATION_CONTEXT(2) 
PARAMETRIC_REPRESENTATION_CONTEXT() REPRESENTATION_CONTEXT('2D SPACE',''
  ) );
#14590 = ADVANCED_FACE('',(#14591),#14605,.T.);
#14591 = FACE_BOUND('',#14592,.T.);
#14592 = EDGE_LOOP('',(#14593,#14628,#14656,#14684));
#14593 = ORIENTED_EDGE('',*,*,#14594,.F.);
#14594 = EDGE_CURVE('',#14595,#14597,#14599,.T.);
#14595 = VERTEX_POINT('',#14596);
#14596 = CARTESIAN_POINT('',(-2.155,0.687735920135,0.122136651816));
#14597 = VERTEX_POINT('',#14598);
#14598 = CARTESIAN_POINT('',(-1.655,0.687735920135,0.122136651816));
#14599 = SURFACE_CURVE('',#14600,(#14604,#14616),.PCURVE_S1.);
#14600 = LINE('',#14601,#14602);
#14601 = CARTESIAN_POINT('',(-2.155,0.687735920135,0.122136651816));
#14602 = VECTOR('',#14603,1.);
#14603 = DIRECTION('',(1.,0.,0.));
#14604 = PCURVE('',#14605,#14610);
#14605 = CYLINDRICAL_SURFACE('',#14606,0.4);
#14606 = AXIS2_PLACEMENT_3D('',#14607,#14608,#14609);
#14607 = CARTESIAN_POINT('',(-2.155,0.4,0.4));
#14608 = DIRECTION('',(1.,0.,0.));
#14609 = DIRECTION('',(0.,0.719339800339,-0.694658370459));
#14610 = DEFINITIONAL_REPRESENTATION('',(#14611),#14615);
#14611 = LINE('',#14612,#14613);
#14612 = CARTESIAN_POINT('',(0.,0.));
#14613 = VECTOR('',#14614,1.);
#14614 = DIRECTION('',(0.,1.));
#14615 = ( GEOMETRIC_REPRESENTATION_CONTEXT(2) 
PARAMETRIC_REPRESENTATION_CONTEXT() REPRESENTATION_CONTEXT('2D SPACE',''
  ) );
#14616 = PCURVE('',#14617,#14622);
#14617 = CYLINDRICAL_SURFACE('',#14618,0.4);
#14618 = AXIS2_PLACEMENT_3D('',#14619,#14620,#14621);
#14619 = CARTESIAN_POINT('',(-2.155,0.4,0.4));
#14620 = DIRECTION('',(1.,0.,0.));
#14621 = DIRECTION('',(0.,0.719339800339,-0.694658370459));
#14622 = DEFINITIONAL_REPRESENTATION('',(#14623),#14627);
#14623 = LINE('',#14624,#14625);
#14624 = CARTESIAN_POINT('',(6.28318530718,0.));
#14625 = VECTOR('',#14626,1.);
#14626 = DIRECTION('',(0.,1.));
#14627 = ( GEOMETRIC_REPRESENTATION_CONTEXT(2) 
PARAMETRIC_REPRESENTATION_CONTEXT() REPRESENTATION_CONTEXT('2D SPACE',''
  ) );
#14628 = ORIENTED_EDGE('',*,*,#14629,.T.);
#14629 = EDGE_CURVE('',#14595,#14630,#14632,.T.);
#14630 = VERTEX_POINT('',#14631);
#14631 = CARTESIAN_POINT('',(-2.155,0.798477879237,0.434862297099));
#14632 = SURFACE_CURVE('',#14633,(#14638,#14645),.PCURVE_S1.);
#14633 = CIRCLE('',#14634,0.4);
#14634 = AXIS2_PLACEMENT_3D('',#14635,#14636,#14637);
#14635 = CARTESIAN_POINT('',(-2.155,0.4,0.4));
#14636 = DIRECTION('',(1.,-0.,0.));
#14637 = DIRECTION('',(0.,0.719339800339,-0.694658370459));
#14638 = PCURVE('',#14605,#14639);
#14639 = DEFINITIONAL_REPRESENTATION('',(#14640),#14644);
#14640 = LINE('',#14641,#14642);
#14641 = CARTESIAN_POINT('',(0.,0.));
#14642 = VECTOR('',#14643,1.);
#14643 = DIRECTION('',(1.,0.));
#14644 = ( GEOMETRIC_REPRESENTATION_CONTEXT(2) 
PARAMETRIC_REPRESENTATION_CONTEXT() REPRESENTATION_CONTEXT('2D SPACE',''
  ) );
#14645 = PCURVE('',#14553,#14646);
#14646 = DEFINITIONAL_REPRESENTATION('',(#14647),#14655);
#14647 = ( BOUNDED_CURVE() B_SPLINE_CURVE(2,(#14648,#14649,#14650,#14651
    ,#14652,#14653,#14654),.UNSPECIFIED.,.T.,.F.) 
B_SPLINE_CURVE_WITH_KNOTS((1,2,2,2,2,1),(-2.094395102393,0.,
    2.094395102393,4.188790204786,6.28318530718,8.377580409573),
.UNSPECIFIED.) CURVE() GEOMETRIC_REPRESENTATION_ITEM() 
RATIONAL_B_SPLINE_CURVE((1.,0.5,1.,0.5,1.,0.5,1.)) REPRESENTATION_ITEM(
  '') );
#14648 = CARTESIAN_POINT('',(-0.870825741659,-0.354179647835));
#14649 = CARTESIAN_POINT('',(-1.352099178274,0.144193585002));
#14650 = CARTESIAN_POINT('',(-0.679858579764,0.311801990859));
#14651 = CARTESIAN_POINT('',(-7.617981252793E-03,0.479410396716));
#14652 = CARTESIAN_POINT('',(-0.198585143148,-0.186571241978));
#14653 = CARTESIAN_POINT('',(-0.389552305044,-0.852552880672));
#14654 = CARTESIAN_POINT('',(-0.870825741659,-0.354179647835));
#14655 = ( GEOMETRIC_REPRESENTATION_CONTEXT(2) 
PARAMETRIC_REPRESENTATION_CONTEXT() REPRESENTATION_CONTEXT('2D SPACE',''
  ) );
#14656 = ORIENTED_EDGE('',*,*,#14657,.T.);
#14657 = EDGE_CURVE('',#14630,#14658,#14660,.T.);
#14658 = VERTEX_POINT('',#14659);
#14659 = CARTESIAN_POINT('',(-1.655,0.798477879237,0.434862297099));
#14660 = SURFACE_CURVE('',#14661,(#14665,#14672),.PCURVE_S1.);
#14661 = LINE('',#14662,#14663);
#14662 = CARTESIAN_POINT('',(-2.155,0.798477879237,0.434862297099));
#14663 = VECTOR('',#14664,1.);
#14664 = DIRECTION('',(1.,0.,0.));
#14665 = PCURVE('',#14605,#14666);
#14666 = DEFINITIONAL_REPRESENTATION('',(#14667),#14671);
#14667 = LINE('',#14668,#14669);
#14668 = CARTESIAN_POINT('',(0.855211333477,0.));
#14669 = VECTOR('',#14670,1.);
#14670 = DIRECTION('',(0.,1.));
#14671 = ( GEOMETRIC_REPRESENTATION_CONTEXT(2) 
PARAMETRIC_REPRESENTATION_CONTEXT() REPRESENTATION_CONTEXT('2D SPACE',''
  ) );
#14672 = PCURVE('',#14673,#14678);
#14673 = PLANE('',#14674);
#14674 = AXIS2_PLACEMENT_3D('',#14675,#14676,#14677);
#14675 = CARTESIAN_POINT('',(-2.155,0.705456865528,1.498097349046));
#14676 = DIRECTION('',(0.,0.996194698092,8.715574274748E-02));
#14677 = DIRECTION('',(-1.,0.,0.));
#14678 = DEFINITIONAL_REPRESENTATION('',(#14679),#14683);
#14679 = LINE('',#14680,#14681);
#14680 = CARTESIAN_POINT('',(-0.,-1.067296437116));
#14681 = VECTOR('',#14682,1.);
#14682 = DIRECTION('',(-1.,0.));
#14683 = ( GEOMETRIC_REPRESENTATION_CONTEXT(2) 
PARAMETRIC_REPRESENTATION_CONTEXT() REPRESENTATION_CONTEXT('2D SPACE',''
  ) );
#14684 = ORIENTED_EDGE('',*,*,#14685,.T.);
#14685 = EDGE_CURVE('',#14658,#14597,#14686,.T.);
#14686 = SURFACE_CURVE('',#14687,(#14692,#14699),.PCURVE_S1.);
#14687 = CIRCLE('',#14688,0.4);
#14688 = AXIS2_PLACEMENT_3D('',#14689,#14690,#14691);
#14689 = CARTESIAN_POINT('',(-1.655,0.4,0.4));
#14690 = DIRECTION('',(-1.,-0.,0.));
#14691 = DIRECTION('',(-0.,0.719339800339,-0.694658370459));
#14692 = PCURVE('',#14605,#14693);
#14693 = DEFINITIONAL_REPRESENTATION('',(#14694),#14698);
#14694 = LINE('',#14695,#14696);
#14695 = CARTESIAN_POINT('',(6.28318530718,0.5));
#14696 = VECTOR('',#14697,1.);
#14697 = DIRECTION('',(-1.,0.));
#14698 = ( GEOMETRIC_REPRESENTATION_CONTEXT(2) 
PARAMETRIC_REPRESENTATION_CONTEXT() REPRESENTATION_CONTEXT('2D SPACE',''
  ) );
#14699 = PCURVE('',#14496,#14700);
#14700 = DEFINITIONAL_REPRESENTATION('',(#14701),#14709);
#14701 = ( BOUNDED_CURVE() B_SPLINE_CURVE(2,(#14702,#14703,#14704,#14705
    ,#14706,#14707,#14708),.UNSPECIFIED.,.T.,.F.) 
B_SPLINE_CURVE_WITH_KNOTS((1,2,2,2,2,1),(-2.094395102393,0.,
    2.094395102393,4.188790204786,6.28318530718,8.377580409573),
.UNSPECIFIED.) CURVE() GEOMETRIC_REPRESENTATION_ITEM() 
RATIONAL_B_SPLINE_CURVE((1.,0.5,1.,0.5,1.,0.5,1.)) REPRESENTATION_ITEM(
  '') );
#14702 = CARTESIAN_POINT('',(1.487735920136,-0.31978957161));
#14703 = CARTESIAN_POINT('',(1.00646248352,-0.818162804447));
#14704 = CARTESIAN_POINT('',(0.815495321625,-0.152181165753));
#14705 = CARTESIAN_POINT('',(0.62452815973,0.513800472941));
#14706 = CARTESIAN_POINT('',(1.29676875824,0.346192067084));
#14707 = CARTESIAN_POINT('',(1.969009356751,0.178583661227));
#14708 = CARTESIAN_POINT('',(1.487735920136,-0.31978957161));
#14709 = ( GEOMETRIC_REPRESENTATION_CONTEXT(2) 
PARAMETRIC_REPRESENTATION_CONTEXT() REPRESENTATION_CONTEXT('2D SPACE',''
  ) );
#14710 = ADVANCED_FACE('',(#14711),#14617,.T.);
#14711 = FACE_BOUND('',#14712,.T.);
#14712 = EDGE_LOOP('',(#14713,#14714,#14742,#14770));
#14713 = ORIENTED_EDGE('',*,*,#14594,.T.);
#14714 = ORIENTED_EDGE('',*,*,#14715,.T.);
#14715 = EDGE_CURVE('',#14597,#14716,#14718,.T.);
#14716 = VERTEX_POINT('',#14717);
#14717 = CARTESIAN_POINT('',(-1.655,0.379065617503,5.48186098118E-04));
#14718 = SURFACE_CURVE('',#14719,(#14724,#14731),.PCURVE_S1.);
#14719 = CIRCLE('',#14720,0.4);
#14720 = AXIS2_PLACEMENT_3D('',#14721,#14722,#14723);
#14721 = CARTESIAN_POINT('',(-1.655,0.4,0.4));
#14722 = DIRECTION('',(-1.,-0.,0.));
#14723 = DIRECTION('',(-0.,0.719339800339,-0.694658370459));
#14724 = PCURVE('',#14617,#14725);
#14725 = DEFINITIONAL_REPRESENTATION('',(#14726),#14730);
#14726 = LINE('',#14727,#14728);
#14727 = CARTESIAN_POINT('',(6.28318530718,0.5));
#14728 = VECTOR('',#14729,1.);
#14729 = DIRECTION('',(-1.,0.));
#14730 = ( GEOMETRIC_REPRESENTATION_CONTEXT(2) 
PARAMETRIC_REPRESENTATION_CONTEXT() REPRESENTATION_CONTEXT('2D SPACE',''
  ) );
#14731 = PCURVE('',#14496,#14732);
#14732 = DEFINITIONAL_REPRESENTATION('',(#14733),#14741);
#14733 = ( BOUNDED_CURVE() B_SPLINE_CURVE(2,(#14734,#14735,#14736,#14737
    ,#14738,#14739,#14740),.UNSPECIFIED.,.T.,.F.) 
B_SPLINE_CURVE_WITH_KNOTS((1,2,2,2,2,1),(-2.094395102393,0.,
    2.094395102393,4.188790204786,6.28318530718,8.377580409573),
.UNSPECIFIED.) CURVE() GEOMETRIC_REPRESENTATION_ITEM() 
RATIONAL_B_SPLINE_CURVE((1.,0.5,1.,0.5,1.,0.5,1.)) REPRESENTATION_ITEM(
  '') );
#14734 = CARTESIAN_POINT('',(1.487735920136,-0.31978957161));
#14735 = CARTESIAN_POINT('',(1.00646248352,-0.818162804447));
#14736 = CARTESIAN_POINT('',(0.815495321625,-0.152181165753));
#14737 = CARTESIAN_POINT('',(0.62452815973,0.513800472941));
#14738 = CARTESIAN_POINT('',(1.29676875824,0.346192067084));
#14739 = CARTESIAN_POINT('',(1.969009356751,0.178583661227));
#14740 = CARTESIAN_POINT('',(1.487735920136,-0.31978957161));
#14741 = ( GEOMETRIC_REPRESENTATION_CONTEXT(2) 
PARAMETRIC_REPRESENTATION_CONTEXT() REPRESENTATION_CONTEXT('2D SPACE',''
  ) );
#14742 = ORIENTED_EDGE('',*,*,#14743,.T.);
#14743 = EDGE_CURVE('',#14716,#14744,#14746,.T.);
#14744 = VERTEX_POINT('',#14745);
#14745 = CARTESIAN_POINT('',(-2.155,0.379065617503,5.48186098118E-04));
#14746 = SURFACE_CURVE('',#14747,(#14751,#14758),.PCURVE_S1.);
#14747 = LINE('',#14748,#14749);
#14748 = CARTESIAN_POINT('',(-1.655,0.379065617503,5.48186098118E-04));
#14749 = VECTOR('',#14750,1.);
#14750 = DIRECTION('',(-1.,0.,0.));
#14751 = PCURVE('',#14617,#14752);
#14752 = DEFINITIONAL_REPRESENTATION('',(#14753),#14757);
#14753 = LINE('',#14754,#14755);
#14754 = CARTESIAN_POINT('',(5.427973973702,0.5));
#14755 = VECTOR('',#14756,1.);
#14756 = DIRECTION('',(0.,-1.));
#14757 = ( GEOMETRIC_REPRESENTATION_CONTEXT(2) 
PARAMETRIC_REPRESENTATION_CONTEXT() REPRESENTATION_CONTEXT('2D SPACE',''
  ) );
#14758 = PCURVE('',#14759,#14764);
#14759 = PLANE('',#14760);
#14760 = AXIS2_PLACEMENT_3D('',#14761,#14762,#14763);
#14761 = CARTESIAN_POINT('',(-2.155,0.838582364423,-2.353406615134E-02)
  );
#14762 = DIRECTION('',(0.,-5.233595624307E-02,-0.998629534755));
#14763 = DIRECTION('',(0.,0.998629534755,-5.233595624307E-02));
#14764 = DEFINITIONAL_REPRESENTATION('',(#14765),#14769);
#14765 = LINE('',#14766,#14767);
#14766 = CARTESIAN_POINT('',(-0.460147362888,0.5));
#14767 = VECTOR('',#14768,1.);
#14768 = DIRECTION('',(-0.,-1.));
#14769 = ( GEOMETRIC_REPRESENTATION_CONTEXT(2) 
PARAMETRIC_REPRESENTATION_CONTEXT() REPRESENTATION_CONTEXT('2D SPACE',''
  ) );
#14770 = ORIENTED_EDGE('',*,*,#14771,.T.);
#14771 = EDGE_CURVE('',#14744,#14595,#14772,.T.);
#14772 = SURFACE_CURVE('',#14773,(#14778,#14785),.PCURVE_S1.);
#14773 = CIRCLE('',#14774,0.4);
#14774 = AXIS2_PLACEMENT_3D('',#14775,#14776,#14777);
#14775 = CARTESIAN_POINT('',(-2.155,0.4,0.4));
#14776 = DIRECTION('',(1.,-0.,0.));
#14777 = DIRECTION('',(0.,0.719339800339,-0.694658370459));
#14778 = PCURVE('',#14617,#14779);
#14779 = DEFINITIONAL_REPRESENTATION('',(#14780),#14784);
#14780 = LINE('',#14781,#14782);
#14781 = CARTESIAN_POINT('',(0.,0.));
#14782 = VECTOR('',#14783,1.);
#14783 = DIRECTION('',(1.,0.));
#14784 = ( GEOMETRIC_REPRESENTATION_CONTEXT(2) 
PARAMETRIC_REPRESENTATION_CONTEXT() REPRESENTATION_CONTEXT('2D SPACE',''
  ) );
#14785 = PCURVE('',#14553,#14786);
#14786 = DEFINITIONAL_REPRESENTATION('',(#14787),#14795);
#14787 = ( BOUNDED_CURVE() B_SPLINE_CURVE(2,(#14788,#14789,#14790,#14791
    ,#14792,#14793,#14794),.UNSPECIFIED.,.T.,.F.) 
B_SPLINE_CURVE_WITH_KNOTS((1,2,2,2,2,1),(-2.094395102393,0.,
    2.094395102393,4.188790204786,6.28318530718,8.377580409573),
.UNSPECIFIED.) CURVE() GEOMETRIC_REPRESENTATION_ITEM() 
RATIONAL_B_SPLINE_CURVE((1.,0.5,1.,0.5,1.,0.5,1.)) REPRESENTATION_ITEM(
  '') );
#14788 = CARTESIAN_POINT('',(-0.870825741659,-0.354179647835));
#14789 = CARTESIAN_POINT('',(-1.352099178274,0.144193585002));
#14790 = CARTESIAN_POINT('',(-0.679858579764,0.311801990859));
#14791 = CARTESIAN_POINT('',(-7.617981252793E-03,0.479410396716));
#14792 = CARTESIAN_POINT('',(-0.198585143148,-0.186571241978));
#14793 = CARTESIAN_POINT('',(-0.389552305044,-0.852552880672));
#14794 = CARTESIAN_POINT('',(-0.870825741659,-0.354179647835));
#14795 = ( GEOMETRIC_REPRESENTATION_CONTEXT(2) 
PARAMETRIC_REPRESENTATION_CONTEXT() REPRESENTATION_CONTEXT('2D SPACE',''
  ) );
#14796 = ADVANCED_FACE('',(#14797),#14553,.T.);
#14797 = FACE_BOUND('',#14798,.T.);
#14798 = EDGE_LOOP('',(#14799,#14800,#14823,#14852,#14880,#14908,#14936,
    #14969,#14990,#14991,#15015,#15043,#15071,#15092));
#14799 = ORIENTED_EDGE('',*,*,#14771,.F.);
#14800 = ORIENTED_EDGE('',*,*,#14801,.T.);
#14801 = EDGE_CURVE('',#14744,#14802,#14804,.T.);
#14802 = VERTEX_POINT('',#14803);
#14803 = CARTESIAN_POINT('',(-2.155,-0.420934382497,4.247440952469E-02)
  );
#14804 = SURFACE_CURVE('',#14805,(#14809,#14816),.PCURVE_S1.);
#14805 = LINE('',#14806,#14807);
#14806 = CARTESIAN_POINT('',(-2.155,0.379065617503,5.48186098118E-04));
#14807 = VECTOR('',#14808,1.);
#14808 = DIRECTION('',(3.464692E-17,-0.998629534755,5.23359562431E-02));
#14809 = PCURVE('',#14553,#14810);
#14810 = DEFINITIONAL_REPRESENTATION('',(#14811),#14815);
#14811 = LINE('',#14812,#14813);
#14812 = CARTESIAN_POINT('',(-0.562155439026,-0.475768113553));
#14813 = VECTOR('',#14814,1.);
#14814 = DIRECTION('',(0.998629534755,5.23359562431E-02));
#14815 = ( GEOMETRIC_REPRESENTATION_CONTEXT(2) 
PARAMETRIC_REPRESENTATION_CONTEXT() REPRESENTATION_CONTEXT('2D SPACE',''
  ) );
#14816 = PCURVE('',#14759,#14817);
#14817 = DEFINITIONAL_REPRESENTATION('',(#14818),#14822);
#14818 = LINE('',#14819,#14820);
#14819 = CARTESIAN_POINT('',(-0.460147362888,0.));
#14820 = VECTOR('',#14821,1.);
#14821 = DIRECTION('',(-1.,3.464692E-17));
#14822 = ( GEOMETRIC_REPRESENTATION_CONTEXT(2) 
PARAMETRIC_REPRESENTATION_CONTEXT() REPRESENTATION_CONTEXT('2D SPACE',''
  ) );
#14823 = ORIENTED_EDGE('',*,*,#14824,.T.);
#14824 = EDGE_CURVE('',#14802,#14825,#14827,.T.);
#14825 = VERTEX_POINT('',#14826);
#14826 = CARTESIAN_POINT('',(-2.155,-0.8,0.441926223426));
#14827 = SURFACE_CURVE('',#14828,(#14833,#14840),.PCURVE_S1.);
#14828 = CIRCLE('',#14829,0.4);
#14829 = AXIS2_PLACEMENT_3D('',#14830,#14831,#14832);
#14830 = CARTESIAN_POINT('',(-2.155,-0.4,0.441926223426));
#14831 = DIRECTION('',(-1.,0.,0.));
#14832 = DIRECTION('',(0.,2.22044604925E-16,1.));
#14833 = PCURVE('',#14553,#14834);
#14834 = DEFINITIONAL_REPRESENTATION('',(#14835),#14839);
#14835 = CIRCLE('',#14836,0.4);
#14836 = AXIS2_PLACEMENT_2D('',#14837,#14838);
#14837 = CARTESIAN_POINT('',(0.216910178477,-3.439007622491E-02));
#14838 = DIRECTION('',(0.,1.));
#14839 = ( GEOMETRIC_REPRESENTATION_CONTEXT(2) 
PARAMETRIC_REPRESENTATION_CONTEXT() REPRESENTATION_CONTEXT('2D SPACE',''
  ) );
#14840 = PCURVE('',#14841,#14846);
#14841 = CYLINDRICAL_SURFACE('',#14842,0.4);
#14842 = AXIS2_PLACEMENT_3D('',#14843,#14844,#14845);
#14843 = CARTESIAN_POINT('',(-2.155,-0.4,0.441926223426));
#14844 = DIRECTION('',(1.,0.,0.));
#14845 = DIRECTION('',(0.,2.22044604925E-16,1.));
#14846 = DEFINITIONAL_REPRESENTATION('',(#14847),#14851);
#14847 = LINE('',#14848,#14849);
#14848 = CARTESIAN_POINT('',(6.28318530718,0.));
#14849 = VECTOR('',#14850,1.);
#14850 = DIRECTION('',(-1.,0.));
#14851 = ( GEOMETRIC_REPRESENTATION_CONTEXT(2) 
PARAMETRIC_REPRESENTATION_CONTEXT() REPRESENTATION_CONTEXT('2D SPACE',''
  ) );
#14852 = ORIENTED_EDGE('',*,*,#14853,.T.);
#14853 = EDGE_CURVE('',#14825,#14854,#14856,.T.);
#14854 = VERTEX_POINT('',#14855);
#14855 = CARTESIAN_POINT('',(-2.155,-0.8,0.466483135606));
#14856 = SURFACE_CURVE('',#14857,(#14861,#14868),.PCURVE_S1.);
#14857 = LINE('',#14858,#14859);
#14858 = CARTESIAN_POINT('',(-2.155,-0.8,0.441926223426));
#14859 = VECTOR('',#14860,1.);
#14860 = DIRECTION('',(0.,7.238376044605E-12,1.));
#14861 = PCURVE('',#14553,#14862);
#14862 = DEFINITIONAL_REPRESENTATION('',(#14863),#14867);
#14863 = LINE('',#14864,#14865);
#14864 = CARTESIAN_POINT('',(0.616910178477,-3.439007622491E-02));
#14865 = VECTOR('',#14866,1.);
#14866 = DIRECTION('',(-7.238154E-12,1.));
#14867 = ( GEOMETRIC_REPRESENTATION_CONTEXT(2) 
PARAMETRIC_REPRESENTATION_CONTEXT() REPRESENTATION_CONTEXT('2D SPACE',''
  ) );
#14868 = PCURVE('',#14869,#14874);
#14869 = PLANE('',#14870);
#14870 = AXIS2_PLACEMENT_3D('',#14871,#14872,#14873);
#14871 = CARTESIAN_POINT('',(-2.155,-0.8,0.441926223426));
#14872 = DIRECTION('',(0.,-1.,2.22044604925E-16));
#14873 = DIRECTION('',(1.,0.,0.));
#14874 = DEFINITIONAL_REPRESENTATION('',(#14875),#14879);
#14875 = LINE('',#14876,#14877);
#14876 = CARTESIAN_POINT('',(0.,0.));
#14877 = VECTOR('',#14878,1.);
#14878 = DIRECTION('',(0.,1.));
#14879 = ( GEOMETRIC_REPRESENTATION_CONTEXT(2) 
PARAMETRIC_REPRESENTATION_CONTEXT() REPRESENTATION_CONTEXT('2D SPACE',''
  ) );
#14880 = ORIENTED_EDGE('',*,*,#14881,.T.);
#14881 = EDGE_CURVE('',#14854,#14882,#14884,.T.);
#14882 = VERTEX_POINT('',#14883);
#14883 = CARTESIAN_POINT('',(-2.155,-0.6,0.466483135606));
#14884 = SURFACE_CURVE('',#14885,(#14889,#14896),.PCURVE_S1.);
#14885 = LINE('',#14886,#14887);
#14886 = CARTESIAN_POINT('',(-2.155,-0.8,0.466483135606));
#14887 = VECTOR('',#14888,1.);
#14888 = DIRECTION('',(0.,1.,-2.22044604925E-16));
#14889 = PCURVE('',#14553,#14890);
#14890 = DEFINITIONAL_REPRESENTATION('',(#14891),#14895);
#14891 = LINE('',#14892,#14893);
#14892 = CARTESIAN_POINT('',(0.616910178477,-9.833164045309E-03));
#14893 = VECTOR('',#14894,1.);
#14894 = DIRECTION('',(-1.,0.));
#14895 = ( GEOMETRIC_REPRESENTATION_CONTEXT(2) 
PARAMETRIC_REPRESENTATION_CONTEXT() REPRESENTATION_CONTEXT('2D SPACE',''
  ) );
#14896 = PCURVE('',#14897,#14902);
#14897 = PLANE('',#14898);
#14898 = AXIS2_PLACEMENT_3D('',#14899,#14900,#14901);
#14899 = CARTESIAN_POINT('',(-2.155,-0.8,0.466483135606));
#14900 = DIRECTION('',(0.,2.22044604925E-16,1.));
#14901 = DIRECTION('',(0.,-1.,2.22044604925E-16));
#14902 = DEFINITIONAL_REPRESENTATION('',(#14903),#14907);
#14903 = LINE('',#14904,#14905);
#14904 = CARTESIAN_POINT('',(0.,0.));
#14905 = VECTOR('',#14906,1.);
#14906 = DIRECTION('',(-1.,0.));
#14907 = ( GEOMETRIC_REPRESENTATION_CONTEXT(2) 
PARAMETRIC_REPRESENTATION_CONTEXT() REPRESENTATION_CONTEXT('2D SPACE',''
  ) );
#14908 = ORIENTED_EDGE('',*,*,#14909,.T.);
#14909 = EDGE_CURVE('',#14882,#14910,#14912,.T.);
#14910 = VERTEX_POINT('',#14911);
#14911 = CARTESIAN_POINT('',(-2.155,-0.6,0.441926223426));
#14912 = SURFACE_CURVE('',#14913,(#14917,#14924),.PCURVE_S1.);
#14913 = LINE('',#14914,#14915);
#14914 = CARTESIAN_POINT('',(-2.155,-0.6,0.466483135606));
#14915 = VECTOR('',#14916,1.);
#14916 = DIRECTION('',(0.,-2.22044604925E-16,-1.));
#14917 = PCURVE('',#14553,#14918);
#14918 = DEFINITIONAL_REPRESENTATION('',(#14919),#14923);
#14919 = LINE('',#14920,#14921);
#14920 = CARTESIAN_POINT('',(0.416910178477,-9.833164045309E-03));
#14921 = VECTOR('',#14922,1.);
#14922 = DIRECTION('',(0.,-1.));
#14923 = ( GEOMETRIC_REPRESENTATION_CONTEXT(2) 
PARAMETRIC_REPRESENTATION_CONTEXT() REPRESENTATION_CONTEXT('2D SPACE',''
  ) );
#14924 = PCURVE('',#14925,#14930);
#14925 = PLANE('',#14926);
#14926 = AXIS2_PLACEMENT_3D('',#14927,#14928,#14929);
#14927 = CARTESIAN_POINT('',(-2.155,-0.6,0.466483135606));
#14928 = DIRECTION('',(0.,1.,-2.22044604925E-16));
#14929 = DIRECTION('',(-1.,0.,0.));
#14930 = DEFINITIONAL_REPRESENTATION('',(#14931),#14935);
#14931 = LINE('',#14932,#14933);
#14932 = CARTESIAN_POINT('',(0.,0.));
#14933 = VECTOR('',#14934,1.);
#14934 = DIRECTION('',(0.,-1.));
#14935 = ( GEOMETRIC_REPRESENTATION_CONTEXT(2) 
PARAMETRIC_REPRESENTATION_CONTEXT() REPRESENTATION_CONTEXT('2D SPACE',''
  ) );
#14936 = ORIENTED_EDGE('',*,*,#14937,.T.);
#14937 = EDGE_CURVE('',#14910,#14938,#14940,.T.);
#14938 = VERTEX_POINT('',#14939);
#14939 = CARTESIAN_POINT('',(-2.155,-0.410467191249,0.242200316476));
#14940 = SURFACE_CURVE('',#14941,(#14946,#14957),.PCURVE_S1.);
#14941 = CIRCLE('',#14942,0.2);
#14942 = AXIS2_PLACEMENT_3D('',#14943,#14944,#14945);
#14943 = CARTESIAN_POINT('',(-2.155,-0.4,0.441926223426));
#14944 = DIRECTION('',(1.,0.,-0.));
#14945 = DIRECTION('',(0.,2.22044604925E-16,1.));
#14946 = PCURVE('',#14553,#14947);
#14947 = DEFINITIONAL_REPRESENTATION('',(#14948),#14956);
#14948 = ( BOUNDED_CURVE() B_SPLINE_CURVE(2,(#14949,#14950,#14951,#14952
    ,#14953,#14954,#14955),.UNSPECIFIED.,.T.,.F.) 
B_SPLINE_CURVE_WITH_KNOTS((1,2,2,2,2,1),(-2.094395102393,0.,
    2.094395102393,4.188790204786,6.28318530718,8.377580409573),
.UNSPECIFIED.) CURVE() GEOMETRIC_REPRESENTATION_ITEM() 
RATIONAL_B_SPLINE_CURVE((1.,0.5,1.,0.5,1.,0.5,1.)) REPRESENTATION_ITEM(
  '') );
#14949 = CARTESIAN_POINT('',(0.216910178477,0.165609923775));
#14950 = CARTESIAN_POINT('',(0.56332033999,0.165609923775));
#14951 = CARTESIAN_POINT('',(0.390115259233,-0.134390076225));
#14952 = CARTESIAN_POINT('',(0.216910178477,-0.434390076225));
#14953 = CARTESIAN_POINT('',(4.370509771962E-02,-0.134390076225));
#14954 = CARTESIAN_POINT('',(-0.129499983037,0.165609923775));
#14955 = CARTESIAN_POINT('',(0.216910178477,0.165609923775));
#14956 = ( GEOMETRIC_REPRESENTATION_CONTEXT(2) 
PARAMETRIC_REPRESENTATION_CONTEXT() REPRESENTATION_CONTEXT('2D SPACE',''
  ) );
#14957 = PCURVE('',#14958,#14963);
#14958 = CYLINDRICAL_SURFACE('',#14959,0.2);
#14959 = AXIS2_PLACEMENT_3D('',#14960,#14961,#14962);
#14960 = CARTESIAN_POINT('',(-2.155,-0.4,0.441926223426));
#14961 = DIRECTION('',(1.,0.,0.));
#14962 = DIRECTION('',(0.,2.22044604925E-16,1.));
#14963 = DEFINITIONAL_REPRESENTATION('',(#14964),#14968);
#14964 = LINE('',#14965,#14966);
#14965 = CARTESIAN_POINT('',(0.,0.));
#14966 = VECTOR('',#14967,1.);
#14967 = DIRECTION('',(1.,0.));
#14968 = ( GEOMETRIC_REPRESENTATION_CONTEXT(2) 
PARAMETRIC_REPRESENTATION_CONTEXT() REPRESENTATION_CONTEXT('2D SPACE',''
  ) );
#14969 = ORIENTED_EDGE('',*,*,#14970,.T.);
#14970 = EDGE_CURVE('',#14938,#14509,#14971,.T.);
#14971 = SURFACE_CURVE('',#14972,(#14976,#14983),.PCURVE_S1.);
#14972 = LINE('',#14973,#14974);
#14973 = CARTESIAN_POINT('',(-2.155,-0.410467191249,0.242200316476));
#14974 = VECTOR('',#14975,1.);
#14975 = DIRECTION('',(0.,0.998629534755,-5.233595624307E-02));
#14976 = PCURVE('',#14553,#14977);
#14977 = DEFINITIONAL_REPRESENTATION('',(#14978),#14982);
#14978 = LINE('',#14979,#14980);
#14979 = CARTESIAN_POINT('',(0.227377369725,-0.234115983176));
#14980 = VECTOR('',#14981,1.);
#14981 = DIRECTION('',(-0.998629534755,-5.233595624306E-02));
#14982 = ( GEOMETRIC_REPRESENTATION_CONTEXT(2) 
PARAMETRIC_REPRESENTATION_CONTEXT() REPRESENTATION_CONTEXT('2D SPACE',''
  ) );
#14983 = PCURVE('',#14524,#14984);
#14984 = DEFINITIONAL_REPRESENTATION('',(#14985),#14989);
#14985 = LINE('',#14986,#14987);
#14986 = CARTESIAN_POINT('',(0.,0.));
#14987 = VECTOR('',#14988,1.);
#14988 = DIRECTION('',(-1.,0.));
#14989 = ( GEOMETRIC_REPRESENTATION_CONTEXT(2) 
PARAMETRIC_REPRESENTATION_CONTEXT() REPRESENTATION_CONTEXT('2D SPACE',''
  ) );
#14990 = ORIENTED_EDGE('',*,*,#14536,.F.);
#14991 = ORIENTED_EDGE('',*,*,#14992,.F.);
#14992 = EDGE_CURVE('',#14993,#14537,#14995,.T.);
#14993 = VERTEX_POINT('',#14994);
#14994 = CARTESIAN_POINT('',(-2.155,0.599238939618,0.417431148549));
#14995 = SURFACE_CURVE('',#14996,(#15001,#15008),.PCURVE_S1.);
#14996 = CIRCLE('',#14997,0.2);
#14997 = AXIS2_PLACEMENT_3D('',#14998,#14999,#15000);
#14998 = CARTESIAN_POINT('',(-2.155,0.4,0.4));
#14999 = DIRECTION('',(-1.,-0.,0.));
#15000 = DIRECTION('',(-0.,0.719339800339,-0.694658370459));
#15001 = PCURVE('',#14553,#15002);
#15002 = DEFINITIONAL_REPRESENTATION('',(#15003),#15007);
#15003 = CIRCLE('',#15004,0.2);
#15004 = AXIS2_PLACEMENT_2D('',#15005,#15006);
#15005 = CARTESIAN_POINT('',(-0.583089821523,-7.631629965149E-02));
#15006 = DIRECTION('',(-0.719339800339,-0.694658370459));
#15007 = ( GEOMETRIC_REPRESENTATION_CONTEXT(2) 
PARAMETRIC_REPRESENTATION_CONTEXT() REPRESENTATION_CONTEXT('2D SPACE',''
  ) );
#15008 = PCURVE('',#14579,#15009);
#15009 = DEFINITIONAL_REPRESENTATION('',(#15010),#15014);
#15010 = LINE('',#15011,#15012);
#15011 = CARTESIAN_POINT('',(6.28318530718,0.));
#15012 = VECTOR('',#15013,1.);
#15013 = DIRECTION('',(-1.,0.));
#15014 = ( GEOMETRIC_REPRESENTATION_CONTEXT(2) 
PARAMETRIC_REPRESENTATION_CONTEXT() REPRESENTATION_CONTEXT('2D SPACE',''
  ) );
#15015 = ORIENTED_EDGE('',*,*,#15016,.T.);
#15016 = EDGE_CURVE('',#14993,#15017,#15019,.T.);
#15017 = VERTEX_POINT('',#15018);
#15018 = CARTESIAN_POINT('',(-2.155,0.50621792591,1.480666200496));
#15019 = SURFACE_CURVE('',#15020,(#15024,#15031),.PCURVE_S1.);
#15020 = LINE('',#15021,#15022);
#15021 = CARTESIAN_POINT('',(-2.155,0.599238939618,0.417431148549));
#15022 = VECTOR('',#15023,1.);
#15023 = DIRECTION('',(2.08044E-16,-8.715574274748E-02,0.996194698092));
#15024 = PCURVE('',#14553,#15025);
#15025 = DEFINITIONAL_REPRESENTATION('',(#15026),#15030);
#15026 = LINE('',#15027,#15028);
#15027 = CARTESIAN_POINT('',(-0.782328761142,-5.888515110199E-02));
#15028 = VECTOR('',#15029,1.);
#15029 = DIRECTION('',(8.715574274748E-02,0.996194698092));
#15030 = ( GEOMETRIC_REPRESENTATION_CONTEXT(2) 
PARAMETRIC_REPRESENTATION_CONTEXT() REPRESENTATION_CONTEXT('2D SPACE',''
  ) );
#15031 = PCURVE('',#15032,#15037);
#15032 = PLANE('',#15033);
#15033 = AXIS2_PLACEMENT_3D('',#15034,#15035,#15036);
#15034 = CARTESIAN_POINT('',(-2.155,0.619291182211,0.188232966924));
#15035 = DIRECTION('',(0.,-0.996194698092,-8.715574274748E-02));
#15036 = DIRECTION('',(1.,0.,0.));
#15037 = DEFINITIONAL_REPRESENTATION('',(#15038),#15042);
#15038 = LINE('',#15039,#15040);
#15039 = CARTESIAN_POINT('',(0.,0.230073681444));
#15040 = VECTOR('',#15041,1.);
#15041 = DIRECTION('',(2.08044E-16,1.));
#15042 = ( GEOMETRIC_REPRESENTATION_CONTEXT(2) 
PARAMETRIC_REPRESENTATION_CONTEXT() REPRESENTATION_CONTEXT('2D SPACE',''
  ) );
#15043 = ORIENTED_EDGE('',*,*,#15044,.T.);
#15044 = EDGE_CURVE('',#15017,#15045,#15047,.T.);
#15045 = VERTEX_POINT('',#15046);
#15046 = CARTESIAN_POINT('',(-2.155,0.705456865528,1.498097349046));
#15047 = SURFACE_CURVE('',#15048,(#15052,#15059),.PCURVE_S1.);
#15048 = LINE('',#15049,#15050);
#15049 = CARTESIAN_POINT('',(-2.155,0.50621792591,1.480666200496));
#15050 = VECTOR('',#15051,1.);
#15051 = DIRECTION('',(0.,0.996194698092,8.715574274779E-02));
#15052 = PCURVE('',#14553,#15053);
#15053 = DEFINITIONAL_REPRESENTATION('',(#15054),#15058);
#15054 = LINE('',#15055,#15056);
#15055 = CARTESIAN_POINT('',(-0.689307747433,1.004349900845));
#15056 = VECTOR('',#15057,1.);
#15057 = DIRECTION('',(-0.996194698092,8.715574274779E-02));
#15058 = ( GEOMETRIC_REPRESENTATION_CONTEXT(2) 
PARAMETRIC_REPRESENTATION_CONTEXT() REPRESENTATION_CONTEXT('2D SPACE',''
  ) );
#15059 = PCURVE('',#15060,#15065);
#15060 = PLANE('',#15061);
#15061 = AXIS2_PLACEMENT_3D('',#15062,#15063,#15064);
#15062 = CARTESIAN_POINT('',(-2.155,0.50621792591,1.480666200496));
#15063 = DIRECTION('',(0.,-8.715574274748E-02,0.996194698092));
#15064 = DIRECTION('',(0.,-0.996194698092,-8.715574274748E-02));
#15065 = DEFINITIONAL_REPRESENTATION('',(#15066),#15070);
#15066 = LINE('',#15067,#15068);
#15067 = CARTESIAN_POINT('',(0.,0.));
#15068 = VECTOR('',#15069,1.);
#15069 = DIRECTION('',(-1.,0.));
#15070 = ( GEOMETRIC_REPRESENTATION_CONTEXT(2) 
PARAMETRIC_REPRESENTATION_CONTEXT() REPRESENTATION_CONTEXT('2D SPACE',''
  ) );
#15071 = ORIENTED_EDGE('',*,*,#15072,.T.);
#15072 = EDGE_CURVE('',#15045,#14630,#15073,.T.);
#15073 = SURFACE_CURVE('',#15074,(#15078,#15085),.PCURVE_S1.);
#15074 = LINE('',#15075,#15076);
#15075 = CARTESIAN_POINT('',(-2.155,0.705456865528,1.498097349046));
#15076 = VECTOR('',#15077,1.);
#15077 = DIRECTION('',(-2.08044E-16,8.715574274749E-02,-0.996194698092)
  );
#15078 = PCURVE('',#14553,#15079);
#15079 = DEFINITIONAL_REPRESENTATION('',(#15080),#15084);
#15080 = LINE('',#15081,#15082);
#15081 = CARTESIAN_POINT('',(-0.888546687052,1.021781049394));
#15082 = VECTOR('',#15083,1.);
#15083 = DIRECTION('',(-8.715574274749E-02,-0.996194698092));
#15084 = ( GEOMETRIC_REPRESENTATION_CONTEXT(2) 
PARAMETRIC_REPRESENTATION_CONTEXT() REPRESENTATION_CONTEXT('2D SPACE',''
  ) );
#15085 = PCURVE('',#14673,#15086);
#15086 = DEFINITIONAL_REPRESENTATION('',(#15087),#15091);
#15087 = LINE('',#15088,#15089);
#15088 = CARTESIAN_POINT('',(0.,0.));
#15089 = VECTOR('',#15090,1.);
#15090 = DIRECTION('',(2.08044E-16,-1.));
#15091 = ( GEOMETRIC_REPRESENTATION_CONTEXT(2) 
PARAMETRIC_REPRESENTATION_CONTEXT() REPRESENTATION_CONTEXT('2D SPACE',''
  ) );
#15092 = ORIENTED_EDGE('',*,*,#14629,.F.);
#15093 = ADVANCED_FACE('',(#15094),#14759,.T.);
#15094 = FACE_BOUND('',#15095,.T.);
#15095 = EDGE_LOOP('',(#15096,#15097,#15120,#15141));
#15096 = ORIENTED_EDGE('',*,*,#14743,.F.);
#15097 = ORIENTED_EDGE('',*,*,#15098,.T.);
#15098 = EDGE_CURVE('',#14716,#15099,#15101,.T.);
#15099 = VERTEX_POINT('',#15100);
#15100 = CARTESIAN_POINT('',(-1.655,-0.420934382497,4.247440952469E-02)
  );
#15101 = SURFACE_CURVE('',#15102,(#15106,#15113),.PCURVE_S1.);
#15102 = LINE('',#15103,#15104);
#15103 = CARTESIAN_POINT('',(-1.655,0.379065617503,5.48186098118E-04));
#15104 = VECTOR('',#15105,1.);
#15105 = DIRECTION('',(1.385877E-16,-0.998629534755,5.23359562431E-02));
#15106 = PCURVE('',#14759,#15107);
#15107 = DEFINITIONAL_REPRESENTATION('',(#15108),#15112);
#15108 = LINE('',#15109,#15110);
#15109 = CARTESIAN_POINT('',(-0.460147362888,0.5));
#15110 = VECTOR('',#15111,1.);
#15111 = DIRECTION('',(-1.,1.385877E-16));
#15112 = ( GEOMETRIC_REPRESENTATION_CONTEXT(2) 
PARAMETRIC_REPRESENTATION_CONTEXT() REPRESENTATION_CONTEXT('2D SPACE',''
  ) );
#15113 = PCURVE('',#14496,#15114);
#15114 = DEFINITIONAL_REPRESENTATION('',(#15115),#15119);
#15115 = LINE('',#15116,#15117);
#15116 = CARTESIAN_POINT('',(1.179065617503,-0.441378037328));
#15117 = VECTOR('',#15118,1.);
#15118 = DIRECTION('',(-0.998629534755,5.23359562431E-02));
#15119 = ( GEOMETRIC_REPRESENTATION_CONTEXT(2) 
PARAMETRIC_REPRESENTATION_CONTEXT() REPRESENTATION_CONTEXT('2D SPACE',''
  ) );
#15120 = ORIENTED_EDGE('',*,*,#15121,.F.);
#15121 = EDGE_CURVE('',#14802,#15099,#15122,.T.);
#15122 = SURFACE_CURVE('',#15123,(#15127,#15134),.PCURVE_S1.);
#15123 = LINE('',#15124,#15125);
#15124 = CARTESIAN_POINT('',(-2.155,-0.420934382497,4.247440952469E-02)
  );
#15125 = VECTOR('',#15126,1.);
#15126 = DIRECTION('',(1.,0.,0.));
#15127 = PCURVE('',#14759,#15128);
#15128 = DEFINITIONAL_REPRESENTATION('',(#15129),#15133);
#15129 = LINE('',#15130,#15131);
#15130 = CARTESIAN_POINT('',(-1.261245239687,0.));
#15131 = VECTOR('',#15132,1.);
#15132 = DIRECTION('',(0.,1.));
#15133 = ( GEOMETRIC_REPRESENTATION_CONTEXT(2) 
PARAMETRIC_REPRESENTATION_CONTEXT() REPRESENTATION_CONTEXT('2D SPACE',''
  ) );
#15134 = PCURVE('',#14841,#15135);
#15135 = DEFINITIONAL_REPRESENTATION('',(#15136),#15140);
#15136 = LINE('',#15137,#15138);
#15137 = CARTESIAN_POINT('',(3.08923277603,0.));
#15138 = VECTOR('',#15139,1.);
#15139 = DIRECTION('',(0.,1.));
#15140 = ( GEOMETRIC_REPRESENTATION_CONTEXT(2) 
PARAMETRIC_REPRESENTATION_CONTEXT() REPRESENTATION_CONTEXT('2D SPACE',''
  ) );
#15141 = ORIENTED_EDGE('',*,*,#14801,.F.);
#15142 = ADVANCED_FACE('',(#15143),#14579,.F.);
#15143 = FACE_BOUND('',#15144,.F.);
#15144 = EDGE_LOOP('',(#15145,#15146,#15169,#15191));
#15145 = ORIENTED_EDGE('',*,*,#14992,.F.);
#15146 = ORIENTED_EDGE('',*,*,#15147,.F.);
#15147 = EDGE_CURVE('',#15148,#14993,#15150,.T.);
#15148 = VERTEX_POINT('',#15149);
#15149 = CARTESIAN_POINT('',(-1.655,0.599238939618,0.417431148549));
#15150 = SURFACE_CURVE('',#15151,(#15155,#15162),.PCURVE_S1.);
#15151 = LINE('',#15152,#15153);
#15152 = CARTESIAN_POINT('',(-1.655,0.599238939618,0.417431148549));
#15153 = VECTOR('',#15154,1.);
#15154 = DIRECTION('',(-1.,0.,0.));
#15155 = PCURVE('',#14579,#15156);
#15156 = DEFINITIONAL_REPRESENTATION('',(#15157),#15161);
#15157 = LINE('',#15158,#15159);
#15158 = CARTESIAN_POINT('',(0.855211333477,0.5));
#15159 = VECTOR('',#15160,1.);
#15160 = DIRECTION('',(0.,-1.));
#15161 = ( GEOMETRIC_REPRESENTATION_CONTEXT(2) 
PARAMETRIC_REPRESENTATION_CONTEXT() REPRESENTATION_CONTEXT('2D SPACE',''
  ) );
#15162 = PCURVE('',#15032,#15163);
#15163 = DEFINITIONAL_REPRESENTATION('',(#15164),#15168);
#15164 = LINE('',#15165,#15166);
#15165 = CARTESIAN_POINT('',(0.5,0.230073681444));
#15166 = VECTOR('',#15167,1.);
#15167 = DIRECTION('',(-1.,0.));
#15168 = ( GEOMETRIC_REPRESENTATION_CONTEXT(2) 
PARAMETRIC_REPRESENTATION_CONTEXT() REPRESENTATION_CONTEXT('2D SPACE',''
  ) );
#15169 = ORIENTED_EDGE('',*,*,#15170,.F.);
#15170 = EDGE_CURVE('',#14475,#15148,#15171,.T.);
#15171 = SURFACE_CURVE('',#15172,(#15177,#15184),.PCURVE_S1.);
#15172 = CIRCLE('',#15173,0.2);
#15173 = AXIS2_PLACEMENT_3D('',#15174,#15175,#15176);
#15174 = CARTESIAN_POINT('',(-1.655,0.4,0.4));
#15175 = DIRECTION('',(1.,-0.,0.));
#15176 = DIRECTION('',(0.,0.719339800339,-0.694658370459));
#15177 = PCURVE('',#14579,#15178);
#15178 = DEFINITIONAL_REPRESENTATION('',(#15179),#15183);
#15179 = LINE('',#15180,#15181);
#15180 = CARTESIAN_POINT('',(0.,0.5));
#15181 = VECTOR('',#15182,1.);
#15182 = DIRECTION('',(1.,0.));
#15183 = ( GEOMETRIC_REPRESENTATION_CONTEXT(2) 
PARAMETRIC_REPRESENTATION_CONTEXT() REPRESENTATION_CONTEXT('2D SPACE',''
  ) );
#15184 = PCURVE('',#14496,#15185);
#15185 = DEFINITIONAL_REPRESENTATION('',(#15186),#15190);
#15186 = CIRCLE('',#15187,0.2);
#15187 = AXIS2_PLACEMENT_2D('',#15188,#15189);
#15188 = CARTESIAN_POINT('',(1.2,-4.192622342658E-02));
#15189 = DIRECTION('',(0.719339800339,-0.694658370459));
#15190 = ( GEOMETRIC_REPRESENTATION_CONTEXT(2) 
PARAMETRIC_REPRESENTATION_CONTEXT() REPRESENTATION_CONTEXT('2D SPACE',''
  ) );
#15191 = ORIENTED_EDGE('',*,*,#14565,.F.);
#15192 = ADVANCED_FACE('',(#15193),#14524,.T.);
#15193 = FACE_BOUND('',#15194,.T.);
#15194 = EDGE_LOOP('',(#15195,#15196,#15197,#15220));
#15195 = ORIENTED_EDGE('',*,*,#14508,.F.);
#15196 = ORIENTED_EDGE('',*,*,#14970,.F.);
#15197 = ORIENTED_EDGE('',*,*,#15198,.T.);
#15198 = EDGE_CURVE('',#14938,#15199,#15201,.T.);
#15199 = VERTEX_POINT('',#15200);
#15200 = CARTESIAN_POINT('',(-1.655,-0.410467191249,0.242200316476));
#15201 = SURFACE_CURVE('',#15202,(#15206,#15213),.PCURVE_S1.);
#15202 = LINE('',#15203,#15204);
#15203 = CARTESIAN_POINT('',(-2.155,-0.410467191249,0.242200316476));
#15204 = VECTOR('',#15205,1.);
#15205 = DIRECTION('',(1.,0.,0.));
#15206 = PCURVE('',#14524,#15207);
#15207 = DEFINITIONAL_REPRESENTATION('',(#15208),#15212);
#15208 = LINE('',#15209,#15210);
#15209 = CARTESIAN_POINT('',(0.,0.));
#15210 = VECTOR('',#15211,1.);
#15211 = DIRECTION('',(0.,1.));
#15212 = ( GEOMETRIC_REPRESENTATION_CONTEXT(2) 
PARAMETRIC_REPRESENTATION_CONTEXT() REPRESENTATION_CONTEXT('2D SPACE',''
  ) );
#15213 = PCURVE('',#14958,#15214);
#15214 = DEFINITIONAL_REPRESENTATION('',(#15215),#15219);
#15215 = LINE('',#15216,#15217);
#15216 = CARTESIAN_POINT('',(3.08923277603,0.));
#15217 = VECTOR('',#15218,1.);
#15218 = DIRECTION('',(0.,1.));
#15219 = ( GEOMETRIC_REPRESENTATION_CONTEXT(2) 
PARAMETRIC_REPRESENTATION_CONTEXT() REPRESENTATION_CONTEXT('2D SPACE',''
  ) );
#15220 = ORIENTED_EDGE('',*,*,#15221,.T.);
#15221 = EDGE_CURVE('',#15199,#14473,#15222,.T.);
#15222 = SURFACE_CURVE('',#15223,(#15227,#15234),.PCURVE_S1.);
#15223 = LINE('',#15224,#15225);
#15224 = CARTESIAN_POINT('',(-1.655,-0.410467191249,0.242200316476));
#15225 = VECTOR('',#15226,1.);
#15226 = DIRECTION('',(0.,0.998629534755,-5.233595624307E-02));
#15227 = PCURVE('',#14524,#15228);
#15228 = DEFINITIONAL_REPRESENTATION('',(#15229),#15233);
#15229 = LINE('',#15230,#15231);
#15230 = CARTESIAN_POINT('',(0.,0.5));
#15231 = VECTOR('',#15232,1.);
#15232 = DIRECTION('',(-1.,0.));
#15233 = ( GEOMETRIC_REPRESENTATION_CONTEXT(2) 
PARAMETRIC_REPRESENTATION_CONTEXT() REPRESENTATION_CONTEXT('2D SPACE',''
  ) );
#15234 = PCURVE('',#14496,#15235);
#15235 = DEFINITIONAL_REPRESENTATION('',(#15236),#15240);
#15236 = LINE('',#15237,#15238);
#15237 = CARTESIAN_POINT('',(0.389532808752,-0.199725906951));
#15238 = VECTOR('',#15239,1.);
#15239 = DIRECTION('',(0.998629534755,-5.233595624306E-02));
#15240 = ( GEOMETRIC_REPRESENTATION_CONTEXT(2) 
PARAMETRIC_REPRESENTATION_CONTEXT() REPRESENTATION_CONTEXT('2D SPACE',''
  ) );
#15241 = ADVANCED_FACE('',(#15242),#14869,.T.);
#15242 = FACE_BOUND('',#15243,.T.);
#15243 = EDGE_LOOP('',(#15244,#15269,#15290,#15291));
#15244 = ORIENTED_EDGE('',*,*,#15245,.T.);
#15245 = EDGE_CURVE('',#15246,#15248,#15250,.T.);
#15246 = VERTEX_POINT('',#15247);
#15247 = CARTESIAN_POINT('',(-1.655,-0.8,0.441926223426));
#15248 = VERTEX_POINT('',#15249);
#15249 = CARTESIAN_POINT('',(-1.655,-0.8,0.466483135606));
#15250 = SURFACE_CURVE('',#15251,(#15255,#15262),.PCURVE_S1.);
#15251 = LINE('',#15252,#15253);
#15252 = CARTESIAN_POINT('',(-1.655,-0.8,0.441926223426));
#15253 = VECTOR('',#15254,1.);
#15254 = DIRECTION('',(0.,7.238376044605E-12,1.));
#15255 = PCURVE('',#14869,#15256);
#15256 = DEFINITIONAL_REPRESENTATION('',(#15257),#15261);
#15257 = LINE('',#15258,#15259);
#15258 = CARTESIAN_POINT('',(0.5,0.));
#15259 = VECTOR('',#15260,1.);
#15260 = DIRECTION('',(0.,1.));
#15261 = ( GEOMETRIC_REPRESENTATION_CONTEXT(2) 
PARAMETRIC_REPRESENTATION_CONTEXT() REPRESENTATION_CONTEXT('2D SPACE',''
  ) );
#15262 = PCURVE('',#14496,#15263);
#15263 = DEFINITIONAL_REPRESENTATION('',(#15264),#15268);
#15264 = LINE('',#15265,#15266);
#15265 = CARTESIAN_POINT('',(0.,0.));
#15266 = VECTOR('',#15267,1.);
#15267 = DIRECTION('',(7.238154E-12,1.));
#15268 = ( GEOMETRIC_REPRESENTATION_CONTEXT(2) 
PARAMETRIC_REPRESENTATION_CONTEXT() REPRESENTATION_CONTEXT('2D SPACE',''
  ) );
#15269 = ORIENTED_EDGE('',*,*,#15270,.F.);
#15270 = EDGE_CURVE('',#14854,#15248,#15271,.T.);
#15271 = SURFACE_CURVE('',#15272,(#15276,#15283),.PCURVE_S1.);
#15272 = LINE('',#15273,#15274);
#15273 = CARTESIAN_POINT('',(-2.155,-0.8,0.466483135606));
#15274 = VECTOR('',#15275,1.);
#15275 = DIRECTION('',(1.,0.,0.));
#15276 = PCURVE('',#14869,#15277);
#15277 = DEFINITIONAL_REPRESENTATION('',(#15278),#15282);
#15278 = LINE('',#15279,#15280);
#15279 = CARTESIAN_POINT('',(0.,2.455691217961E-02));
#15280 = VECTOR('',#15281,1.);
#15281 = DIRECTION('',(1.,0.));
#15282 = ( GEOMETRIC_REPRESENTATION_CONTEXT(2) 
PARAMETRIC_REPRESENTATION_CONTEXT() REPRESENTATION_CONTEXT('2D SPACE',''
  ) );
#15283 = PCURVE('',#14897,#15284);
#15284 = DEFINITIONAL_REPRESENTATION('',(#15285),#15289);
#15285 = LINE('',#15286,#15287);
#15286 = CARTESIAN_POINT('',(0.,0.));
#15287 = VECTOR('',#15288,1.);
#15288 = DIRECTION('',(0.,1.));
#15289 = ( GEOMETRIC_REPRESENTATION_CONTEXT(2) 
PARAMETRIC_REPRESENTATION_CONTEXT() REPRESENTATION_CONTEXT('2D SPACE',''
  ) );
#15290 = ORIENTED_EDGE('',*,*,#14853,.F.);
#15291 = ORIENTED_EDGE('',*,*,#15292,.T.);
#15292 = EDGE_CURVE('',#14825,#15246,#15293,.T.);
#15293 = SURFACE_CURVE('',#15294,(#15298,#15305),.PCURVE_S1.);
#15294 = LINE('',#15295,#15296);
#15295 = CARTESIAN_POINT('',(-2.155,-0.8,0.441926223426));
#15296 = VECTOR('',#15297,1.);
#15297 = DIRECTION('',(1.,0.,0.));
#15298 = PCURVE('',#14869,#15299);
#15299 = DEFINITIONAL_REPRESENTATION('',(#15300),#15304);
#15300 = LINE('',#15301,#15302);
#15301 = CARTESIAN_POINT('',(0.,0.));
#15302 = VECTOR('',#15303,1.);
#15303 = DIRECTION('',(1.,0.));
#15304 = ( GEOMETRIC_REPRESENTATION_CONTEXT(2) 
PARAMETRIC_REPRESENTATION_CONTEXT() REPRESENTATION_CONTEXT('2D SPACE',''
  ) );
#15305 = PCURVE('',#14841,#15306);
#15306 = DEFINITIONAL_REPRESENTATION('',(#15307),#15311);
#15307 = LINE('',#15308,#15309);
#15308 = CARTESIAN_POINT('',(1.570796326795,0.));
#15309 = VECTOR('',#15310,1.);
#15310 = DIRECTION('',(0.,1.));
#15311 = ( GEOMETRIC_REPRESENTATION_CONTEXT(2) 
PARAMETRIC_REPRESENTATION_CONTEXT() REPRESENTATION_CONTEXT('2D SPACE',''
  ) );
#15312 = ADVANCED_FACE('',(#15313),#14897,.T.);
#15313 = FACE_BOUND('',#15314,.T.);
#15314 = EDGE_LOOP('',(#15315,#15338,#15359,#15360));
#15315 = ORIENTED_EDGE('',*,*,#15316,.T.);
#15316 = EDGE_CURVE('',#15248,#15317,#15319,.T.);
#15317 = VERTEX_POINT('',#15318);
#15318 = CARTESIAN_POINT('',(-1.655,-0.6,0.466483135606));
#15319 = SURFACE_CURVE('',#15320,(#15324,#15331),.PCURVE_S1.);
#15320 = LINE('',#15321,#15322);
#15321 = CARTESIAN_POINT('',(-1.655,-0.8,0.466483135606));
#15322 = VECTOR('',#15323,1.);
#15323 = DIRECTION('',(0.,1.,-2.22044604925E-16));
#15324 = PCURVE('',#14897,#15325);
#15325 = DEFINITIONAL_REPRESENTATION('',(#15326),#15330);
#15326 = LINE('',#15327,#15328);
#15327 = CARTESIAN_POINT('',(0.,0.5));
#15328 = VECTOR('',#15329,1.);
#15329 = DIRECTION('',(-1.,0.));
#15330 = ( GEOMETRIC_REPRESENTATION_CONTEXT(2) 
PARAMETRIC_REPRESENTATION_CONTEXT() REPRESENTATION_CONTEXT('2D SPACE',''
  ) );
#15331 = PCURVE('',#14496,#15332);
#15332 = DEFINITIONAL_REPRESENTATION('',(#15333),#15337);
#15333 = LINE('',#15334,#15335);
#15334 = CARTESIAN_POINT('',(1.770250612765E-13,2.455691217961E-02));
#15335 = VECTOR('',#15336,1.);
#15336 = DIRECTION('',(1.,0.));
#15337 = ( GEOMETRIC_REPRESENTATION_CONTEXT(2) 
PARAMETRIC_REPRESENTATION_CONTEXT() REPRESENTATION_CONTEXT('2D SPACE',''
  ) );
#15338 = ORIENTED_EDGE('',*,*,#15339,.F.);
#15339 = EDGE_CURVE('',#14882,#15317,#15340,.T.);
#15340 = SURFACE_CURVE('',#15341,(#15345,#15352),.PCURVE_S1.);
#15341 = LINE('',#15342,#15343);
#15342 = CARTESIAN_POINT('',(-2.155,-0.6,0.466483135606));
#15343 = VECTOR('',#15344,1.);
#15344 = DIRECTION('',(1.,0.,0.));
#15345 = PCURVE('',#14897,#15346);
#15346 = DEFINITIONAL_REPRESENTATION('',(#15347),#15351);
#15347 = LINE('',#15348,#15349);
#15348 = CARTESIAN_POINT('',(-0.2,0.));
#15349 = VECTOR('',#15350,1.);
#15350 = DIRECTION('',(0.,1.));
#15351 = ( GEOMETRIC_REPRESENTATION_CONTEXT(2) 
PARAMETRIC_REPRESENTATION_CONTEXT() REPRESENTATION_CONTEXT('2D SPACE',''
  ) );
#15352 = PCURVE('',#14925,#15353);
#15353 = DEFINITIONAL_REPRESENTATION('',(#15354),#15358);
#15354 = LINE('',#15355,#15356);
#15355 = CARTESIAN_POINT('',(0.,0.));
#15356 = VECTOR('',#15357,1.);
#15357 = DIRECTION('',(-1.,0.));
#15358 = ( GEOMETRIC_REPRESENTATION_CONTEXT(2) 
PARAMETRIC_REPRESENTATION_CONTEXT() REPRESENTATION_CONTEXT('2D SPACE',''
  ) );
#15359 = ORIENTED_EDGE('',*,*,#14881,.F.);
#15360 = ORIENTED_EDGE('',*,*,#15270,.T.);
#15361 = ADVANCED_FACE('',(#15362),#14925,.T.);
#15362 = FACE_BOUND('',#15363,.T.);
#15363 = EDGE_LOOP('',(#15364,#15387,#15408,#15409));
#15364 = ORIENTED_EDGE('',*,*,#15365,.T.);
#15365 = EDGE_CURVE('',#15317,#15366,#15368,.T.);
#15366 = VERTEX_POINT('',#15367);
#15367 = CARTESIAN_POINT('',(-1.655,-0.6,0.441926223426));
#15368 = SURFACE_CURVE('',#15369,(#15373,#15380),.PCURVE_S1.);
#15369 = LINE('',#15370,#15371);
#15370 = CARTESIAN_POINT('',(-1.655,-0.6,0.466483135606));
#15371 = VECTOR('',#15372,1.);
#15372 = DIRECTION('',(0.,-2.22044604925E-16,-1.));
#15373 = PCURVE('',#14925,#15374);
#15374 = DEFINITIONAL_REPRESENTATION('',(#15375),#15379);
#15375 = LINE('',#15376,#15377);
#15376 = CARTESIAN_POINT('',(-0.5,0.));
#15377 = VECTOR('',#15378,1.);
#15378 = DIRECTION('',(0.,-1.));
#15379 = ( GEOMETRIC_REPRESENTATION_CONTEXT(2) 
PARAMETRIC_REPRESENTATION_CONTEXT() REPRESENTATION_CONTEXT('2D SPACE',''
  ) );
#15380 = PCURVE('',#14496,#15381);
#15381 = DEFINITIONAL_REPRESENTATION('',(#15382),#15386);
#15382 = LINE('',#15383,#15384);
#15383 = CARTESIAN_POINT('',(0.2,2.455691217961E-02));
#15384 = VECTOR('',#15385,1.);
#15385 = DIRECTION('',(0.,-1.));
#15386 = ( GEOMETRIC_REPRESENTATION_CONTEXT(2) 
PARAMETRIC_REPRESENTATION_CONTEXT() REPRESENTATION_CONTEXT('2D SPACE',''
  ) );
#15387 = ORIENTED_EDGE('',*,*,#15388,.F.);
#15388 = EDGE_CURVE('',#14910,#15366,#15389,.T.);
#15389 = SURFACE_CURVE('',#15390,(#15394,#15401),.PCURVE_S1.);
#15390 = LINE('',#15391,#15392);
#15391 = CARTESIAN_POINT('',(-2.155,-0.6,0.441926223426));
#15392 = VECTOR('',#15393,1.);
#15393 = DIRECTION('',(1.,0.,0.));
#15394 = PCURVE('',#14925,#15395);
#15395 = DEFINITIONAL_REPRESENTATION('',(#15396),#15400);
#15396 = LINE('',#15397,#15398);
#15397 = CARTESIAN_POINT('',(0.,-2.455691217961E-02));
#15398 = VECTOR('',#15399,1.);
#15399 = DIRECTION('',(-1.,0.));
#15400 = ( GEOMETRIC_REPRESENTATION_CONTEXT(2) 
PARAMETRIC_REPRESENTATION_CONTEXT() REPRESENTATION_CONTEXT('2D SPACE',''
  ) );
#15401 = PCURVE('',#14958,#15402);
#15402 = DEFINITIONAL_REPRESENTATION('',(#15403),#15407);
#15403 = LINE('',#15404,#15405);
#15404 = CARTESIAN_POINT('',(1.570796326795,0.));
#15405 = VECTOR('',#15406,1.);
#15406 = DIRECTION('',(0.,1.));
#15407 = ( GEOMETRIC_REPRESENTATION_CONTEXT(2) 
PARAMETRIC_REPRESENTATION_CONTEXT() REPRESENTATION_CONTEXT('2D SPACE',''
  ) );
#15408 = ORIENTED_EDGE('',*,*,#14909,.F.);
#15409 = ORIENTED_EDGE('',*,*,#15339,.T.);
#15410 = ADVANCED_FACE('',(#15411),#14958,.F.);
#15411 = FACE_BOUND('',#15412,.F.);
#15412 = EDGE_LOOP('',(#15413,#15414,#15415,#15416));
#15413 = ORIENTED_EDGE('',*,*,#15388,.F.);
#15414 = ORIENTED_EDGE('',*,*,#14937,.T.);
#15415 = ORIENTED_EDGE('',*,*,#15198,.T.);
#15416 = ORIENTED_EDGE('',*,*,#15417,.F.);
#15417 = EDGE_CURVE('',#15366,#15199,#15418,.T.);
#15418 = SURFACE_CURVE('',#15419,(#15424,#15431),.PCURVE_S1.);
#15419 = CIRCLE('',#15420,0.2);
#15420 = AXIS2_PLACEMENT_3D('',#15421,#15422,#15423);
#15421 = CARTESIAN_POINT('',(-1.655,-0.4,0.441926223426));
#15422 = DIRECTION('',(1.,0.,-0.));
#15423 = DIRECTION('',(0.,2.22044604925E-16,1.));
#15424 = PCURVE('',#14958,#15425);
#15425 = DEFINITIONAL_REPRESENTATION('',(#15426),#15430);
#15426 = LINE('',#15427,#15428);
#15427 = CARTESIAN_POINT('',(0.,0.5));
#15428 = VECTOR('',#15429,1.);
#15429 = DIRECTION('',(1.,0.));
#15430 = ( GEOMETRIC_REPRESENTATION_CONTEXT(2) 
PARAMETRIC_REPRESENTATION_CONTEXT() REPRESENTATION_CONTEXT('2D SPACE',''
  ) );
#15431 = PCURVE('',#14496,#15432);
#15432 = DEFINITIONAL_REPRESENTATION('',(#15433),#15437);
#15433 = CIRCLE('',#15434,0.2);
#15434 = AXIS2_PLACEMENT_2D('',#15435,#15436);
#15435 = CARTESIAN_POINT('',(0.4,0.));
#15436 = DIRECTION('',(0.,1.));
#15437 = ( GEOMETRIC_REPRESENTATION_CONTEXT(2) 
PARAMETRIC_REPRESENTATION_CONTEXT() REPRESENTATION_CONTEXT('2D SPACE',''
  ) );
#15438 = ADVANCED_FACE('',(#15439),#15032,.T.);
#15439 = FACE_BOUND('',#15440,.T.);
#15440 = EDGE_LOOP('',(#15441,#15442,#15465,#15486));
#15441 = ORIENTED_EDGE('',*,*,#15147,.F.);
#15442 = ORIENTED_EDGE('',*,*,#15443,.T.);
#15443 = EDGE_CURVE('',#15148,#15444,#15446,.T.);
#15444 = VERTEX_POINT('',#15445);
#15445 = CARTESIAN_POINT('',(-1.655,0.50621792591,1.480666200496));
#15446 = SURFACE_CURVE('',#15447,(#15451,#15458),.PCURVE_S1.);
#15447 = LINE('',#15448,#15449);
#15448 = CARTESIAN_POINT('',(-1.655,0.599238939618,0.417431148549));
#15449 = VECTOR('',#15450,1.);
#15450 = DIRECTION('',(0.,-8.715574274748E-02,0.996194698092));
#15451 = PCURVE('',#15032,#15452);
#15452 = DEFINITIONAL_REPRESENTATION('',(#15453),#15457);
#15453 = LINE('',#15454,#15455);
#15454 = CARTESIAN_POINT('',(0.5,0.230073681444));
#15455 = VECTOR('',#15456,1.);
#15456 = DIRECTION('',(0.,1.));
#15457 = ( GEOMETRIC_REPRESENTATION_CONTEXT(2) 
PARAMETRIC_REPRESENTATION_CONTEXT() REPRESENTATION_CONTEXT('2D SPACE',''
  ) );
#15458 = PCURVE('',#14496,#15459);
#15459 = DEFINITIONAL_REPRESENTATION('',(#15460),#15464);
#15460 = LINE('',#15461,#15462);
#15461 = CARTESIAN_POINT('',(1.399238939618,-2.449507487708E-02));
#15462 = VECTOR('',#15463,1.);
#15463 = DIRECTION('',(-8.715574274748E-02,0.996194698092));
#15464 = ( GEOMETRIC_REPRESENTATION_CONTEXT(2) 
PARAMETRIC_REPRESENTATION_CONTEXT() REPRESENTATION_CONTEXT('2D SPACE',''
  ) );
#15465 = ORIENTED_EDGE('',*,*,#15466,.F.);
#15466 = EDGE_CURVE('',#15017,#15444,#15467,.T.);
#15467 = SURFACE_CURVE('',#15468,(#15472,#15479),.PCURVE_S1.);
#15468 = LINE('',#15469,#15470);
#15469 = CARTESIAN_POINT('',(-2.155,0.50621792591,1.480666200496));
#15470 = VECTOR('',#15471,1.);
#15471 = DIRECTION('',(1.,0.,0.));
#15472 = PCURVE('',#15032,#15473);
#15473 = DEFINITIONAL_REPRESENTATION('',(#15474),#15478);
#15474 = LINE('',#15475,#15476);
#15475 = CARTESIAN_POINT('',(0.,1.29737011856));
#15476 = VECTOR('',#15477,1.);
#15477 = DIRECTION('',(1.,0.));
#15478 = ( GEOMETRIC_REPRESENTATION_CONTEXT(2) 
PARAMETRIC_REPRESENTATION_CONTEXT() REPRESENTATION_CONTEXT('2D SPACE',''
  ) );
#15479 = PCURVE('',#15060,#15480);
#15480 = DEFINITIONAL_REPRESENTATION('',(#15481),#15485);
#15481 = LINE('',#15482,#15483);
#15482 = CARTESIAN_POINT('',(0.,0.));
#15483 = VECTOR('',#15484,1.);
#15484 = DIRECTION('',(0.,1.));
#15485 = ( GEOMETRIC_REPRESENTATION_CONTEXT(2) 
PARAMETRIC_REPRESENTATION_CONTEXT() REPRESENTATION_CONTEXT('2D SPACE',''
  ) );
#15486 = ORIENTED_EDGE('',*,*,#15016,.F.);
#15487 = ADVANCED_FACE('',(#15488),#15060,.T.);
#15488 = FACE_BOUND('',#15489,.T.);
#15489 = EDGE_LOOP('',(#15490,#15513,#15534,#15535));
#15490 = ORIENTED_EDGE('',*,*,#15491,.T.);
#15491 = EDGE_CURVE('',#15444,#15492,#15494,.T.);
#15492 = VERTEX_POINT('',#15493);
#15493 = CARTESIAN_POINT('',(-1.655,0.705456865528,1.498097349046));
#15494 = SURFACE_CURVE('',#15495,(#15499,#15506),.PCURVE_S1.);
#15495 = LINE('',#15496,#15497);
#15496 = CARTESIAN_POINT('',(-1.655,0.50621792591,1.480666200496));
#15497 = VECTOR('',#15498,1.);
#15498 = DIRECTION('',(0.,0.996194698092,8.715574274779E-02));
#15499 = PCURVE('',#15060,#15500);
#15500 = DEFINITIONAL_REPRESENTATION('',(#15501),#15505);
#15501 = LINE('',#15502,#15503);
#15502 = CARTESIAN_POINT('',(0.,0.5));
#15503 = VECTOR('',#15504,1.);
#15504 = DIRECTION('',(-1.,0.));
#15505 = ( GEOMETRIC_REPRESENTATION_CONTEXT(2) 
PARAMETRIC_REPRESENTATION_CONTEXT() REPRESENTATION_CONTEXT('2D SPACE',''
  ) );
#15506 = PCURVE('',#14496,#15507);
#15507 = DEFINITIONAL_REPRESENTATION('',(#15508),#15512);
#15508 = LINE('',#15509,#15510);
#15509 = CARTESIAN_POINT('',(1.30621792591,1.03873997707));
#15510 = VECTOR('',#15511,1.);
#15511 = DIRECTION('',(0.996194698092,8.715574274779E-02));
#15512 = ( GEOMETRIC_REPRESENTATION_CONTEXT(2) 
PARAMETRIC_REPRESENTATION_CONTEXT() REPRESENTATION_CONTEXT('2D SPACE',''
  ) );
#15513 = ORIENTED_EDGE('',*,*,#15514,.F.);
#15514 = EDGE_CURVE('',#15045,#15492,#15515,.T.);
#15515 = SURFACE_CURVE('',#15516,(#15520,#15527),.PCURVE_S1.);
#15516 = LINE('',#15517,#15518);
#15517 = CARTESIAN_POINT('',(-2.155,0.705456865528,1.498097349046));
#15518 = VECTOR('',#15519,1.);
#15519 = DIRECTION('',(1.,0.,0.));
#15520 = PCURVE('',#15060,#15521);
#15521 = DEFINITIONAL_REPRESENTATION('',(#15522),#15526);
#15522 = LINE('',#15523,#15524);
#15523 = CARTESIAN_POINT('',(-0.2,0.));
#15524 = VECTOR('',#15525,1.);
#15525 = DIRECTION('',(0.,1.));
#15526 = ( GEOMETRIC_REPRESENTATION_CONTEXT(2) 
PARAMETRIC_REPRESENTATION_CONTEXT() REPRESENTATION_CONTEXT('2D SPACE',''
  ) );
#15527 = PCURVE('',#14673,#15528);
#15528 = DEFINITIONAL_REPRESENTATION('',(#15529),#15533);
#15529 = LINE('',#15530,#15531);
#15530 = CARTESIAN_POINT('',(0.,0.));
#15531 = VECTOR('',#15532,1.);
#15532 = DIRECTION('',(-1.,0.));
#15533 = ( GEOMETRIC_REPRESENTATION_CONTEXT(2) 
PARAMETRIC_REPRESENTATION_CONTEXT() REPRESENTATION_CONTEXT('2D SPACE',''
  ) );
#15534 = ORIENTED_EDGE('',*,*,#15044,.F.);
#15535 = ORIENTED_EDGE('',*,*,#15466,.T.);
#15536 = ADVANCED_FACE('',(#15537),#14673,.T.);
#15537 = FACE_BOUND('',#15538,.T.);
#15538 = EDGE_LOOP('',(#15539,#15540,#15541,#15542));
#15539 = ORIENTED_EDGE('',*,*,#14657,.F.);
#15540 = ORIENTED_EDGE('',*,*,#15072,.F.);
#15541 = ORIENTED_EDGE('',*,*,#15514,.T.);
#15542 = ORIENTED_EDGE('',*,*,#15543,.T.);
#15543 = EDGE_CURVE('',#15492,#14658,#15544,.T.);
#15544 = SURFACE_CURVE('',#15545,(#15549,#15556),.PCURVE_S1.);
#15545 = LINE('',#15546,#15547);
#15546 = CARTESIAN_POINT('',(-1.655,0.705456865528,1.498097349046));
#15547 = VECTOR('',#15548,1.);
#15548 = DIRECTION('',(0.,8.715574274749E-02,-0.996194698092));
#15549 = PCURVE('',#14673,#15550);
#15550 = DEFINITIONAL_REPRESENTATION('',(#15551),#15555);
#15551 = LINE('',#15552,#15553);
#15552 = CARTESIAN_POINT('',(-0.5,0.));
#15553 = VECTOR('',#15554,1.);
#15554 = DIRECTION('',(-0.,-1.));
#15555 = ( GEOMETRIC_REPRESENTATION_CONTEXT(2) 
PARAMETRIC_REPRESENTATION_CONTEXT() REPRESENTATION_CONTEXT('2D SPACE',''
  ) );
#15556 = PCURVE('',#14496,#15557);
#15557 = DEFINITIONAL_REPRESENTATION('',(#15558),#15562);
#15558 = LINE('',#15559,#15560);
#15559 = CARTESIAN_POINT('',(1.505456865528,1.056171125619));
#15560 = VECTOR('',#15561,1.);
#15561 = DIRECTION('',(8.715574274749E-02,-0.996194698092));
#15562 = ( GEOMETRIC_REPRESENTATION_CONTEXT(2) 
PARAMETRIC_REPRESENTATION_CONTEXT() REPRESENTATION_CONTEXT('2D SPACE',''
  ) );
#15563 = ADVANCED_FACE('',(#15564),#14841,.T.);
#15564 = FACE_BOUND('',#15565,.T.);
#15565 = EDGE_LOOP('',(#15566,#15592,#15593,#15594));
#15566 = ORIENTED_EDGE('',*,*,#15567,.T.);
#15567 = EDGE_CURVE('',#15099,#15246,#15568,.T.);
#15568 = SURFACE_CURVE('',#15569,(#15574,#15581),.PCURVE_S1.);
#15569 = CIRCLE('',#15570,0.4);
#15570 = AXIS2_PLACEMENT_3D('',#15571,#15572,#15573);
#15571 = CARTESIAN_POINT('',(-1.655,-0.4,0.441926223426));
#15572 = DIRECTION('',(-1.,0.,0.));
#15573 = DIRECTION('',(0.,2.22044604925E-16,1.));
#15574 = PCURVE('',#14841,#15575);
#15575 = DEFINITIONAL_REPRESENTATION('',(#15576),#15580);
#15576 = LINE('',#15577,#15578);
#15577 = CARTESIAN_POINT('',(6.28318530718,0.5));
#15578 = VECTOR('',#15579,1.);
#15579 = DIRECTION('',(-1.,0.));
#15580 = ( GEOMETRIC_REPRESENTATION_CONTEXT(2) 
PARAMETRIC_REPRESENTATION_CONTEXT() REPRESENTATION_CONTEXT('2D SPACE',''
  ) );
#15581 = PCURVE('',#14496,#15582);
#15582 = DEFINITIONAL_REPRESENTATION('',(#15583),#15591);
#15583 = ( BOUNDED_CURVE() B_SPLINE_CURVE(2,(#15584,#15585,#15586,#15587
    ,#15588,#15589,#15590),.UNSPECIFIED.,.T.,.F.) 
B_SPLINE_CURVE_WITH_KNOTS((1,2,2,2,2,1),(-2.094395102393,0.,
    2.094395102393,4.188790204786,6.28318530718,8.377580409573),
.UNSPECIFIED.) CURVE() GEOMETRIC_REPRESENTATION_ITEM() 
RATIONAL_B_SPLINE_CURVE((1.,0.5,1.,0.5,1.,0.5,1.)) REPRESENTATION_ITEM(
  '') );
#15584 = CARTESIAN_POINT('',(0.4,0.4));
#15585 = CARTESIAN_POINT('',(1.092820323028,0.4));
#15586 = CARTESIAN_POINT('',(0.746410161514,-0.2));
#15587 = CARTESIAN_POINT('',(0.4,-0.8));
#15588 = CARTESIAN_POINT('',(5.358983848622E-02,-0.2));
#15589 = CARTESIAN_POINT('',(-0.292820323028,0.4));
#15590 = CARTESIAN_POINT('',(0.4,0.4));
#15591 = ( GEOMETRIC_REPRESENTATION_CONTEXT(2) 
PARAMETRIC_REPRESENTATION_CONTEXT() REPRESENTATION_CONTEXT('2D SPACE',''
  ) );
#15592 = ORIENTED_EDGE('',*,*,#15292,.F.);
#15593 = ORIENTED_EDGE('',*,*,#14824,.F.);
#15594 = ORIENTED_EDGE('',*,*,#15121,.T.);
#15595 = ADVANCED_FACE('',(#15596),#14496,.T.);
#15596 = FACE_BOUND('',#15597,.T.);
#15597 = EDGE_LOOP('',(#15598,#15599,#15600,#15601,#15602,#15603,#15604,
    #15605,#15606,#15607,#15608,#15609,#15610,#15611));
#15598 = ORIENTED_EDGE('',*,*,#14685,.F.);
#15599 = ORIENTED_EDGE('',*,*,#15543,.F.);
#15600 = ORIENTED_EDGE('',*,*,#15491,.F.);
#15601 = ORIENTED_EDGE('',*,*,#15443,.F.);
#15602 = ORIENTED_EDGE('',*,*,#15170,.F.);
#15603 = ORIENTED_EDGE('',*,*,#14472,.F.);
#15604 = ORIENTED_EDGE('',*,*,#15221,.F.);
#15605 = ORIENTED_EDGE('',*,*,#15417,.F.);
#15606 = ORIENTED_EDGE('',*,*,#15365,.F.);
#15607 = ORIENTED_EDGE('',*,*,#15316,.F.);
#15608 = ORIENTED_EDGE('',*,*,#15245,.F.);
#15609 = ORIENTED_EDGE('',*,*,#15567,.F.);
#15610 = ORIENTED_EDGE('',*,*,#15098,.F.);
#15611 = ORIENTED_EDGE('',*,*,#14715,.F.);
#15612 = MANIFOLD_SOLID_BREP('',#15613);
#15613 = CLOSED_SHELL('',(#15614,#15736,#15856,#15942,#16239,#16288,
    #16338,#16387,#16458,#16507,#16556,#16584,#16633,#16682,#16709,
    #16741));
#15614 = ADVANCED_FACE('',(#15615),#15630,.F.);
#15615 = FACE_BOUND('',#15616,.F.);
#15616 = EDGE_LOOP('',(#15617,#15653,#15681,#15710));
#15617 = ORIENTED_EDGE('',*,*,#15618,.F.);
#15618 = EDGE_CURVE('',#15619,#15621,#15623,.T.);
#15619 = VERTEX_POINT('',#15620);
#15620 = CARTESIAN_POINT('',(2.155,0.389532808751,0.200274093049));
#15621 = VERTEX_POINT('',#15622);
#15622 = CARTESIAN_POINT('',(2.155,0.543867960068,0.261068325908));
#15623 = SURFACE_CURVE('',#15624,(#15629,#15641),.PCURVE_S1.);
#15624 = CIRCLE('',#15625,0.2);
#15625 = AXIS2_PLACEMENT_3D('',#15626,#15627,#15628);
#15626 = CARTESIAN_POINT('',(2.155,0.4,0.4));
#15627 = DIRECTION('',(1.,-0.,0.));
#15628 = DIRECTION('',(0.,0.719339800339,-0.694658370459));
#15629 = PCURVE('',#15630,#15635);
#15630 = CYLINDRICAL_SURFACE('',#15631,0.2);
#15631 = AXIS2_PLACEMENT_3D('',#15632,#15633,#15634);
#15632 = CARTESIAN_POINT('',(1.655,0.4,0.4));
#15633 = DIRECTION('',(1.,0.,0.));
#15634 = DIRECTION('',(0.,0.719339800339,-0.694658370459));
#15635 = DEFINITIONAL_REPRESENTATION('',(#15636),#15640);
#15636 = LINE('',#15637,#15638);
#15637 = CARTESIAN_POINT('',(2.6645352591E-15,0.5));
#15638 = VECTOR('',#15639,1.);
#15639 = DIRECTION('',(1.,0.));
#15640 = ( GEOMETRIC_REPRESENTATION_CONTEXT(2) 
PARAMETRIC_REPRESENTATION_CONTEXT() REPRESENTATION_CONTEXT('2D SPACE',''
  ) );
#15641 = PCURVE('',#15642,#15647);
#15642 = PLANE('',#15643);
#15643 = AXIS2_PLACEMENT_3D('',#15644,#15645,#15646);
#15644 = CARTESIAN_POINT('',(2.155,-0.8,0.441926223426));
#15645 = DIRECTION('',(1.,0.,0.));
#15646 = DIRECTION('',(0.,1.,-2.22044604925E-16));
#15647 = DEFINITIONAL_REPRESENTATION('',(#15648),#15652);
#15648 = CIRCLE('',#15649,0.2);
#15649 = AXIS2_PLACEMENT_2D('',#15650,#15651);
#15650 = CARTESIAN_POINT('',(1.2,-4.192622342658E-02));
#15651 = DIRECTION('',(0.719339800339,-0.694658370459));
#15652 = ( GEOMETRIC_REPRESENTATION_CONTEXT(2) 
PARAMETRIC_REPRESENTATION_CONTEXT() REPRESENTATION_CONTEXT('2D SPACE',''
  ) );
#15653 = ORIENTED_EDGE('',*,*,#15654,.F.);
#15654 = EDGE_CURVE('',#15655,#15619,#15657,.T.);
#15655 = VERTEX_POINT('',#15656);
#15656 = CARTESIAN_POINT('',(1.655,0.389532808751,0.200274093049));
#15657 = SURFACE_CURVE('',#15658,(#15662,#15669),.PCURVE_S1.);
#15658 = LINE('',#15659,#15660);
#15659 = CARTESIAN_POINT('',(1.655,0.389532808751,0.200274093049));
#15660 = VECTOR('',#15661,1.);
#15661 = DIRECTION('',(1.,0.,0.));
#15662 = PCURVE('',#15630,#15663);
#15663 = DEFINITIONAL_REPRESENTATION('',(#15664),#15668);
#15664 = LINE('',#15665,#15666);
#15665 = CARTESIAN_POINT('',(5.427973973702,0.));
#15666 = VECTOR('',#15667,1.);
#15667 = DIRECTION('',(0.,1.));
#15668 = ( GEOMETRIC_REPRESENTATION_CONTEXT(2) 
PARAMETRIC_REPRESENTATION_CONTEXT() REPRESENTATION_CONTEXT('2D SPACE',''
  ) );
#15669 = PCURVE('',#15670,#15675);
#15670 = PLANE('',#15671);
#15671 = AXIS2_PLACEMENT_3D('',#15672,#15673,#15674);
#15672 = CARTESIAN_POINT('',(1.655,-0.410467191249,0.242200316476));
#15673 = DIRECTION('',(0.,5.233595624307E-02,0.998629534755));
#15674 = DIRECTION('',(0.,-0.998629534755,5.233595624307E-02));
#15675 = DEFINITIONAL_REPRESENTATION('',(#15676),#15680);
#15676 = LINE('',#15677,#15678);
#15677 = CARTESIAN_POINT('',(-0.801097876798,0.));
#15678 = VECTOR('',#15679,1.);
#15679 = DIRECTION('',(0.,1.));
#15680 = ( GEOMETRIC_REPRESENTATION_CONTEXT(2) 
PARAMETRIC_REPRESENTATION_CONTEXT() REPRESENTATION_CONTEXT('2D SPACE',''
  ) );
#15681 = ORIENTED_EDGE('',*,*,#15682,.F.);
#15682 = EDGE_CURVE('',#15683,#15655,#15685,.T.);
#15683 = VERTEX_POINT('',#15684);
#15684 = CARTESIAN_POINT('',(1.655,0.543867960068,0.261068325908));
#15685 = SURFACE_CURVE('',#15686,(#15691,#15698),.PCURVE_S1.);
#15686 = CIRCLE('',#15687,0.2);
#15687 = AXIS2_PLACEMENT_3D('',#15688,#15689,#15690);
#15688 = CARTESIAN_POINT('',(1.655,0.4,0.4));
#15689 = DIRECTION('',(-1.,-0.,0.));
#15690 = DIRECTION('',(-0.,0.719339800339,-0.694658370459));
#15691 = PCURVE('',#15630,#15692);
#15692 = DEFINITIONAL_REPRESENTATION('',(#15693),#15697);
#15693 = LINE('',#15694,#15695);
#15694 = CARTESIAN_POINT('',(6.28318530718,0.));
#15695 = VECTOR('',#15696,1.);
#15696 = DIRECTION('',(-1.,0.));
#15697 = ( GEOMETRIC_REPRESENTATION_CONTEXT(2) 
PARAMETRIC_REPRESENTATION_CONTEXT() REPRESENTATION_CONTEXT('2D SPACE',''
  ) );
#15698 = PCURVE('',#15699,#15704);
#15699 = PLANE('',#15700);
#15700 = AXIS2_PLACEMENT_3D('',#15701,#15702,#15703);
#15701 = CARTESIAN_POINT('',(1.655,-0.183089821524,0.476316299651));
#15702 = DIRECTION('',(-1.,0.,0.));
#15703 = DIRECTION('',(0.,-1.,2.22044604925E-16));
#15704 = DEFINITIONAL_REPRESENTATION('',(#15705),#15709);
#15705 = CIRCLE('',#15706,0.2);
#15706 = AXIS2_PLACEMENT_2D('',#15707,#15708);
#15707 = CARTESIAN_POINT('',(-0.583089821523,-7.631629965149E-02));
#15708 = DIRECTION('',(-0.719339800339,-0.694658370459));
#15709 = ( GEOMETRIC_REPRESENTATION_CONTEXT(2) 
PARAMETRIC_REPRESENTATION_CONTEXT() REPRESENTATION_CONTEXT('2D SPACE',''
  ) );
#15710 = ORIENTED_EDGE('',*,*,#15711,.T.);
#15711 = EDGE_CURVE('',#15683,#15621,#15712,.T.);
#15712 = SURFACE_CURVE('',#15713,(#15717,#15724),.PCURVE_S1.);
#15713 = LINE('',#15714,#15715);
#15714 = CARTESIAN_POINT('',(1.655,0.543867960068,0.261068325908));
#15715 = VECTOR('',#15716,1.);
#15716 = DIRECTION('',(1.,0.,0.));
#15717 = PCURVE('',#15630,#15718);
#15718 = DEFINITIONAL_REPRESENTATION('',(#15719),#15723);
#15719 = LINE('',#15720,#15721);
#15720 = CARTESIAN_POINT('',(6.28318530718,0.));
#15721 = VECTOR('',#15722,1.);
#15722 = DIRECTION('',(0.,1.));
#15723 = ( GEOMETRIC_REPRESENTATION_CONTEXT(2) 
PARAMETRIC_REPRESENTATION_CONTEXT() REPRESENTATION_CONTEXT('2D SPACE',''
  ) );
#15724 = PCURVE('',#15725,#15730);
#15725 = CYLINDRICAL_SURFACE('',#15726,0.2);
#15726 = AXIS2_PLACEMENT_3D('',#15727,#15728,#15729);
#15727 = CARTESIAN_POINT('',(1.655,0.4,0.4));
#15728 = DIRECTION('',(1.,0.,0.));
#15729 = DIRECTION('',(0.,0.719339800339,-0.694658370459));
#15730 = DEFINITIONAL_REPRESENTATION('',(#15731),#15735);
#15731 = LINE('',#15732,#15733);
#15732 = CARTESIAN_POINT('',(0.,0.));
#15733 = VECTOR('',#15734,1.);
#15734 = DIRECTION('',(0.,1.));
#15735 = ( GEOMETRIC_REPRESENTATION_CONTEXT(2) 
PARAMETRIC_REPRESENTATION_CONTEXT() REPRESENTATION_CONTEXT('2D SPACE',''
  ) );
#15736 = ADVANCED_FACE('',(#15737),#15751,.T.);
#15737 = FACE_BOUND('',#15738,.T.);
#15738 = EDGE_LOOP('',(#15739,#15774,#15802,#15830));
#15739 = ORIENTED_EDGE('',*,*,#15740,.F.);
#15740 = EDGE_CURVE('',#15741,#15743,#15745,.T.);
#15741 = VERTEX_POINT('',#15742);
#15742 = CARTESIAN_POINT('',(1.655,0.687735920135,0.122136651816));
#15743 = VERTEX_POINT('',#15744);
#15744 = CARTESIAN_POINT('',(2.155,0.687735920135,0.122136651816));
#15745 = SURFACE_CURVE('',#15746,(#15750,#15762),.PCURVE_S1.);
#15746 = LINE('',#15747,#15748);
#15747 = CARTESIAN_POINT('',(1.655,0.687735920135,0.122136651816));
#15748 = VECTOR('',#15749,1.);
#15749 = DIRECTION('',(1.,0.,0.));
#15750 = PCURVE('',#15751,#15756);
#15751 = CYLINDRICAL_SURFACE('',#15752,0.4);
#15752 = AXIS2_PLACEMENT_3D('',#15753,#15754,#15755);
#15753 = CARTESIAN_POINT('',(1.655,0.4,0.4));
#15754 = DIRECTION('',(1.,0.,0.));
#15755 = DIRECTION('',(0.,0.719339800339,-0.694658370459));
#15756 = DEFINITIONAL_REPRESENTATION('',(#15757),#15761);
#15757 = LINE('',#15758,#15759);
#15758 = CARTESIAN_POINT('',(0.,0.));
#15759 = VECTOR('',#15760,1.);
#15760 = DIRECTION('',(0.,1.));
#15761 = ( GEOMETRIC_REPRESENTATION_CONTEXT(2) 
PARAMETRIC_REPRESENTATION_CONTEXT() REPRESENTATION_CONTEXT('2D SPACE',''
  ) );
#15762 = PCURVE('',#15763,#15768);
#15763 = CYLINDRICAL_SURFACE('',#15764,0.4);
#15764 = AXIS2_PLACEMENT_3D('',#15765,#15766,#15767);
#15765 = CARTESIAN_POINT('',(1.655,0.4,0.4));
#15766 = DIRECTION('',(1.,0.,0.));
#15767 = DIRECTION('',(0.,0.719339800339,-0.694658370459));
#15768 = DEFINITIONAL_REPRESENTATION('',(#15769),#15773);
#15769 = LINE('',#15770,#15771);
#15770 = CARTESIAN_POINT('',(6.28318530718,0.));
#15771 = VECTOR('',#15772,1.);
#15772 = DIRECTION('',(0.,1.));
#15773 = ( GEOMETRIC_REPRESENTATION_CONTEXT(2) 
PARAMETRIC_REPRESENTATION_CONTEXT() REPRESENTATION_CONTEXT('2D SPACE',''
  ) );
#15774 = ORIENTED_EDGE('',*,*,#15775,.T.);
#15775 = EDGE_CURVE('',#15741,#15776,#15778,.T.);
#15776 = VERTEX_POINT('',#15777);
#15777 = CARTESIAN_POINT('',(1.655,0.798477879237,0.434862297099));
#15778 = SURFACE_CURVE('',#15779,(#15784,#15791),.PCURVE_S1.);
#15779 = CIRCLE('',#15780,0.4);
#15780 = AXIS2_PLACEMENT_3D('',#15781,#15782,#15783);
#15781 = CARTESIAN_POINT('',(1.655,0.4,0.4));
#15782 = DIRECTION('',(1.,-0.,0.));
#15783 = DIRECTION('',(0.,0.719339800339,-0.694658370459));
#15784 = PCURVE('',#15751,#15785);
#15785 = DEFINITIONAL_REPRESENTATION('',(#15786),#15790);
#15786 = LINE('',#15787,#15788);
#15787 = CARTESIAN_POINT('',(0.,0.));
#15788 = VECTOR('',#15789,1.);
#15789 = DIRECTION('',(1.,0.));
#15790 = ( GEOMETRIC_REPRESENTATION_CONTEXT(2) 
PARAMETRIC_REPRESENTATION_CONTEXT() REPRESENTATION_CONTEXT('2D SPACE',''
  ) );
#15791 = PCURVE('',#15699,#15792);
#15792 = DEFINITIONAL_REPRESENTATION('',(#15793),#15801);
#15793 = ( BOUNDED_CURVE() B_SPLINE_CURVE(2,(#15794,#15795,#15796,#15797
    ,#15798,#15799,#15800),.UNSPECIFIED.,.T.,.F.) 
B_SPLINE_CURVE_WITH_KNOTS((1,2,2,2,2,1),(-2.094395102393,0.,
    2.094395102393,4.188790204786,6.28318530718,8.377580409573),
.UNSPECIFIED.) CURVE() GEOMETRIC_REPRESENTATION_ITEM() 
RATIONAL_B_SPLINE_CURVE((1.,0.5,1.,0.5,1.,0.5,1.)) REPRESENTATION_ITEM(
  '') );
#15794 = CARTESIAN_POINT('',(-0.870825741659,-0.354179647835));
#15795 = CARTESIAN_POINT('',(-1.352099178274,0.144193585002));
#15796 = CARTESIAN_POINT('',(-0.679858579764,0.311801990859));
#15797 = CARTESIAN_POINT('',(-7.617981252793E-03,0.479410396716));
#15798 = CARTESIAN_POINT('',(-0.198585143148,-0.186571241978));
#15799 = CARTESIAN_POINT('',(-0.389552305044,-0.852552880672));
#15800 = CARTESIAN_POINT('',(-0.870825741659,-0.354179647835));
#15801 = ( GEOMETRIC_REPRESENTATION_CONTEXT(2) 
PARAMETRIC_REPRESENTATION_CONTEXT() REPRESENTATION_CONTEXT('2D SPACE',''
  ) );
#15802 = ORIENTED_EDGE('',*,*,#15803,.T.);
#15803 = EDGE_CURVE('',#15776,#15804,#15806,.T.);
#15804 = VERTEX_POINT('',#15805);
#15805 = CARTESIAN_POINT('',(2.155,0.798477879237,0.434862297099));
#15806 = SURFACE_CURVE('',#15807,(#15811,#15818),.PCURVE_S1.);
#15807 = LINE('',#15808,#15809);
#15808 = CARTESIAN_POINT('',(1.655,0.798477879237,0.434862297099));
#15809 = VECTOR('',#15810,1.);
#15810 = DIRECTION('',(1.,0.,0.));
#15811 = PCURVE('',#15751,#15812);
#15812 = DEFINITIONAL_REPRESENTATION('',(#15813),#15817);
#15813 = LINE('',#15814,#15815);
#15814 = CARTESIAN_POINT('',(0.855211333477,0.));
#15815 = VECTOR('',#15816,1.);
#15816 = DIRECTION('',(0.,1.));
#15817 = ( GEOMETRIC_REPRESENTATION_CONTEXT(2) 
PARAMETRIC_REPRESENTATION_CONTEXT() REPRESENTATION_CONTEXT('2D SPACE',''
  ) );
#15818 = PCURVE('',#15819,#15824);
#15819 = PLANE('',#15820);
#15820 = AXIS2_PLACEMENT_3D('',#15821,#15822,#15823);
#15821 = CARTESIAN_POINT('',(1.655,0.705456865528,1.498097349046));
#15822 = DIRECTION('',(0.,0.996194698092,8.715574274748E-02));
#15823 = DIRECTION('',(-1.,0.,0.));
#15824 = DEFINITIONAL_REPRESENTATION('',(#15825),#15829);
#15825 = LINE('',#15826,#15827);
#15826 = CARTESIAN_POINT('',(-0.,-1.067296437116));
#15827 = VECTOR('',#15828,1.);
#15828 = DIRECTION('',(-1.,0.));
#15829 = ( GEOMETRIC_REPRESENTATION_CONTEXT(2) 
PARAMETRIC_REPRESENTATION_CONTEXT() REPRESENTATION_CONTEXT('2D SPACE',''
  ) );
#15830 = ORIENTED_EDGE('',*,*,#15831,.T.);
#15831 = EDGE_CURVE('',#15804,#15743,#15832,.T.);
#15832 = SURFACE_CURVE('',#15833,(#15838,#15845),.PCURVE_S1.);
#15833 = CIRCLE('',#15834,0.4);
#15834 = AXIS2_PLACEMENT_3D('',#15835,#15836,#15837);
#15835 = CARTESIAN_POINT('',(2.155,0.4,0.4));
#15836 = DIRECTION('',(-1.,-0.,0.));
#15837 = DIRECTION('',(-0.,0.719339800339,-0.694658370459));
#15838 = PCURVE('',#15751,#15839);
#15839 = DEFINITIONAL_REPRESENTATION('',(#15840),#15844);
#15840 = LINE('',#15841,#15842);
#15841 = CARTESIAN_POINT('',(6.28318530718,0.5));
#15842 = VECTOR('',#15843,1.);
#15843 = DIRECTION('',(-1.,0.));
#15844 = ( GEOMETRIC_REPRESENTATION_CONTEXT(2) 
PARAMETRIC_REPRESENTATION_CONTEXT() REPRESENTATION_CONTEXT('2D SPACE',''
  ) );
#15845 = PCURVE('',#15642,#15846);
#15846 = DEFINITIONAL_REPRESENTATION('',(#15847),#15855);
#15847 = ( BOUNDED_CURVE() B_SPLINE_CURVE(2,(#15848,#15849,#15850,#15851
    ,#15852,#15853,#15854),.UNSPECIFIED.,.T.,.F.) 
B_SPLINE_CURVE_WITH_KNOTS((1,2,2,2,2,1),(-2.094395102393,0.,
    2.094395102393,4.188790204786,6.28318530718,8.377580409573),
.UNSPECIFIED.) CURVE() GEOMETRIC_REPRESENTATION_ITEM() 
RATIONAL_B_SPLINE_CURVE((1.,0.5,1.,0.5,1.,0.5,1.)) REPRESENTATION_ITEM(
  '') );
#15848 = CARTESIAN_POINT('',(1.487735920136,-0.31978957161));
#15849 = CARTESIAN_POINT('',(1.00646248352,-0.818162804447));
#15850 = CARTESIAN_POINT('',(0.815495321625,-0.152181165753));
#15851 = CARTESIAN_POINT('',(0.62452815973,0.513800472941));
#15852 = CARTESIAN_POINT('',(1.29676875824,0.346192067084));
#15853 = CARTESIAN_POINT('',(1.969009356751,0.178583661227));
#15854 = CARTESIAN_POINT('',(1.487735920136,-0.31978957161));
#15855 = ( GEOMETRIC_REPRESENTATION_CONTEXT(2) 
PARAMETRIC_REPRESENTATION_CONTEXT() REPRESENTATION_CONTEXT('2D SPACE',''
  ) );
#15856 = ADVANCED_FACE('',(#15857),#15763,.T.);
#15857 = FACE_BOUND('',#15858,.T.);
#15858 = EDGE_LOOP('',(#15859,#15860,#15888,#15916));
#15859 = ORIENTED_EDGE('',*,*,#15740,.T.);
#15860 = ORIENTED_EDGE('',*,*,#15861,.T.);
#15861 = EDGE_CURVE('',#15743,#15862,#15864,.T.);
#15862 = VERTEX_POINT('',#15863);
#15863 = CARTESIAN_POINT('',(2.155,0.379065617503,5.48186098118E-04));
#15864 = SURFACE_CURVE('',#15865,(#15870,#15877),.PCURVE_S1.);
#15865 = CIRCLE('',#15866,0.4);
#15866 = AXIS2_PLACEMENT_3D('',#15867,#15868,#15869);
#15867 = CARTESIAN_POINT('',(2.155,0.4,0.4));
#15868 = DIRECTION('',(-1.,-0.,0.));
#15869 = DIRECTION('',(-0.,0.719339800339,-0.694658370459));
#15870 = PCURVE('',#15763,#15871);
#15871 = DEFINITIONAL_REPRESENTATION('',(#15872),#15876);
#15872 = LINE('',#15873,#15874);
#15873 = CARTESIAN_POINT('',(6.28318530718,0.5));
#15874 = VECTOR('',#15875,1.);
#15875 = DIRECTION('',(-1.,0.));
#15876 = ( GEOMETRIC_REPRESENTATION_CONTEXT(2) 
PARAMETRIC_REPRESENTATION_CONTEXT() REPRESENTATION_CONTEXT('2D SPACE',''
  ) );
#15877 = PCURVE('',#15642,#15878);
#15878 = DEFINITIONAL_REPRESENTATION('',(#15879),#15887);
#15879 = ( BOUNDED_CURVE() B_SPLINE_CURVE(2,(#15880,#15881,#15882,#15883
    ,#15884,#15885,#15886),.UNSPECIFIED.,.T.,.F.) 
B_SPLINE_CURVE_WITH_KNOTS((1,2,2,2,2,1),(-2.094395102393,0.,
    2.094395102393,4.188790204786,6.28318530718,8.377580409573),
.UNSPECIFIED.) CURVE() GEOMETRIC_REPRESENTATION_ITEM() 
RATIONAL_B_SPLINE_CURVE((1.,0.5,1.,0.5,1.,0.5,1.)) REPRESENTATION_ITEM(
  '') );
#15880 = CARTESIAN_POINT('',(1.487735920136,-0.31978957161));
#15881 = CARTESIAN_POINT('',(1.00646248352,-0.818162804447));
#15882 = CARTESIAN_POINT('',(0.815495321625,-0.152181165753));
#15883 = CARTESIAN_POINT('',(0.62452815973,0.513800472941));
#15884 = CARTESIAN_POINT('',(1.29676875824,0.346192067084));
#15885 = CARTESIAN_POINT('',(1.969009356751,0.178583661227));
#15886 = CARTESIAN_POINT('',(1.487735920136,-0.31978957161));
#15887 = ( GEOMETRIC_REPRESENTATION_CONTEXT(2) 
PARAMETRIC_REPRESENTATION_CONTEXT() REPRESENTATION_CONTEXT('2D SPACE',''
  ) );
#15888 = ORIENTED_EDGE('',*,*,#15889,.T.);
#15889 = EDGE_CURVE('',#15862,#15890,#15892,.T.);
#15890 = VERTEX_POINT('',#15891);
#15891 = CARTESIAN_POINT('',(1.655,0.379065617503,5.48186098118E-04));
#15892 = SURFACE_CURVE('',#15893,(#15897,#15904),.PCURVE_S1.);
#15893 = LINE('',#15894,#15895);
#15894 = CARTESIAN_POINT('',(2.155,0.379065617503,5.48186098118E-04));
#15895 = VECTOR('',#15896,1.);
#15896 = DIRECTION('',(-1.,0.,0.));
#15897 = PCURVE('',#15763,#15898);
#15898 = DEFINITIONAL_REPRESENTATION('',(#15899),#15903);
#15899 = LINE('',#15900,#15901);
#15900 = CARTESIAN_POINT('',(5.427973973702,0.5));
#15901 = VECTOR('',#15902,1.);
#15902 = DIRECTION('',(0.,-1.));
#15903 = ( GEOMETRIC_REPRESENTATION_CONTEXT(2) 
PARAMETRIC_REPRESENTATION_CONTEXT() REPRESENTATION_CONTEXT('2D SPACE',''
  ) );
#15904 = PCURVE('',#15905,#15910);
#15905 = PLANE('',#15906);
#15906 = AXIS2_PLACEMENT_3D('',#15907,#15908,#15909);
#15907 = CARTESIAN_POINT('',(1.655,0.838582364423,-2.353406615134E-02));
#15908 = DIRECTION('',(0.,-5.233595624307E-02,-0.998629534755));
#15909 = DIRECTION('',(0.,0.998629534755,-5.233595624307E-02));
#15910 = DEFINITIONAL_REPRESENTATION('',(#15911),#15915);
#15911 = LINE('',#15912,#15913);
#15912 = CARTESIAN_POINT('',(-0.460147362888,0.5));
#15913 = VECTOR('',#15914,1.);
#15914 = DIRECTION('',(-0.,-1.));
#15915 = ( GEOMETRIC_REPRESENTATION_CONTEXT(2) 
PARAMETRIC_REPRESENTATION_CONTEXT() REPRESENTATION_CONTEXT('2D SPACE',''
  ) );
#15916 = ORIENTED_EDGE('',*,*,#15917,.T.);
#15917 = EDGE_CURVE('',#15890,#15741,#15918,.T.);
#15918 = SURFACE_CURVE('',#15919,(#15924,#15931),.PCURVE_S1.);
#15919 = CIRCLE('',#15920,0.4);
#15920 = AXIS2_PLACEMENT_3D('',#15921,#15922,#15923);
#15921 = CARTESIAN_POINT('',(1.655,0.4,0.4));
#15922 = DIRECTION('',(1.,-0.,0.));
#15923 = DIRECTION('',(0.,0.719339800339,-0.694658370459));
#15924 = PCURVE('',#15763,#15925);
#15925 = DEFINITIONAL_REPRESENTATION('',(#15926),#15930);
#15926 = LINE('',#15927,#15928);
#15927 = CARTESIAN_POINT('',(0.,0.));
#15928 = VECTOR('',#15929,1.);
#15929 = DIRECTION('',(1.,0.));
#15930 = ( GEOMETRIC_REPRESENTATION_CONTEXT(2) 
PARAMETRIC_REPRESENTATION_CONTEXT() REPRESENTATION_CONTEXT('2D SPACE',''
  ) );
#15931 = PCURVE('',#15699,#15932);
#15932 = DEFINITIONAL_REPRESENTATION('',(#15933),#15941);
#15933 = ( BOUNDED_CURVE() B_SPLINE_CURVE(2,(#15934,#15935,#15936,#15937
    ,#15938,#15939,#15940),.UNSPECIFIED.,.T.,.F.) 
B_SPLINE_CURVE_WITH_KNOTS((1,2,2,2,2,1),(-2.094395102393,0.,
    2.094395102393,4.188790204786,6.28318530718,8.377580409573),
.UNSPECIFIED.) CURVE() GEOMETRIC_REPRESENTATION_ITEM() 
RATIONAL_B_SPLINE_CURVE((1.,0.5,1.,0.5,1.,0.5,1.)) REPRESENTATION_ITEM(
  '') );
#15934 = CARTESIAN_POINT('',(-0.870825741659,-0.354179647835));
#15935 = CARTESIAN_POINT('',(-1.352099178274,0.144193585002));
#15936 = CARTESIAN_POINT('',(-0.679858579764,0.311801990859));
#15937 = CARTESIAN_POINT('',(-7.617981252793E-03,0.479410396716));
#15938 = CARTESIAN_POINT('',(-0.198585143148,-0.186571241978));
#15939 = CARTESIAN_POINT('',(-0.389552305044,-0.852552880672));
#15940 = CARTESIAN_POINT('',(-0.870825741659,-0.354179647835));
#15941 = ( GEOMETRIC_REPRESENTATION_CONTEXT(2) 
PARAMETRIC_REPRESENTATION_CONTEXT() REPRESENTATION_CONTEXT('2D SPACE',''
  ) );
#15942 = ADVANCED_FACE('',(#15943),#15699,.T.);
#15943 = FACE_BOUND('',#15944,.T.);
#15944 = EDGE_LOOP('',(#15945,#15946,#15969,#15998,#16026,#16054,#16082,
    #16115,#16136,#16137,#16161,#16189,#16217,#16238));
#15945 = ORIENTED_EDGE('',*,*,#15917,.F.);
#15946 = ORIENTED_EDGE('',*,*,#15947,.T.);
#15947 = EDGE_CURVE('',#15890,#15948,#15950,.T.);
#15948 = VERTEX_POINT('',#15949);
#15949 = CARTESIAN_POINT('',(1.655,-0.420934382497,4.247440952469E-02));
#15950 = SURFACE_CURVE('',#15951,(#15955,#15962),.PCURVE_S1.);
#15951 = LINE('',#15952,#15953);
#15952 = CARTESIAN_POINT('',(1.655,0.379065617503,5.48186098118E-04));
#15953 = VECTOR('',#15954,1.);
#15954 = DIRECTION('',(3.464692E-17,-0.998629534755,5.23359562431E-02));
#15955 = PCURVE('',#15699,#15956);
#15956 = DEFINITIONAL_REPRESENTATION('',(#15957),#15961);
#15957 = LINE('',#15958,#15959);
#15958 = CARTESIAN_POINT('',(-0.562155439026,-0.475768113553));
#15959 = VECTOR('',#15960,1.);
#15960 = DIRECTION('',(0.998629534755,5.23359562431E-02));
#15961 = ( GEOMETRIC_REPRESENTATION_CONTEXT(2) 
PARAMETRIC_REPRESENTATION_CONTEXT() REPRESENTATION_CONTEXT('2D SPACE',''
  ) );
#15962 = PCURVE('',#15905,#15963);
#15963 = DEFINITIONAL_REPRESENTATION('',(#15964),#15968);
#15964 = LINE('',#15965,#15966);
#15965 = CARTESIAN_POINT('',(-0.460147362888,0.));
#15966 = VECTOR('',#15967,1.);
#15967 = DIRECTION('',(-1.,3.464692E-17));
#15968 = ( GEOMETRIC_REPRESENTATION_CONTEXT(2) 
PARAMETRIC_REPRESENTATION_CONTEXT() REPRESENTATION_CONTEXT('2D SPACE',''
  ) );
#15969 = ORIENTED_EDGE('',*,*,#15970,.T.);
#15970 = EDGE_CURVE('',#15948,#15971,#15973,.T.);
#15971 = VERTEX_POINT('',#15972);
#15972 = CARTESIAN_POINT('',(1.655,-0.8,0.441926223426));
#15973 = SURFACE_CURVE('',#15974,(#15979,#15986),.PCURVE_S1.);
#15974 = CIRCLE('',#15975,0.4);
#15975 = AXIS2_PLACEMENT_3D('',#15976,#15977,#15978);
#15976 = CARTESIAN_POINT('',(1.655,-0.4,0.441926223426));
#15977 = DIRECTION('',(-1.,0.,0.));
#15978 = DIRECTION('',(0.,2.22044604925E-16,1.));
#15979 = PCURVE('',#15699,#15980);
#15980 = DEFINITIONAL_REPRESENTATION('',(#15981),#15985);
#15981 = CIRCLE('',#15982,0.4);
#15982 = AXIS2_PLACEMENT_2D('',#15983,#15984);
#15983 = CARTESIAN_POINT('',(0.216910178477,-3.439007622491E-02));
#15984 = DIRECTION('',(0.,1.));
#15985 = ( GEOMETRIC_REPRESENTATION_CONTEXT(2) 
PARAMETRIC_REPRESENTATION_CONTEXT() REPRESENTATION_CONTEXT('2D SPACE',''
  ) );
#15986 = PCURVE('',#15987,#15992);
#15987 = CYLINDRICAL_SURFACE('',#15988,0.4);
#15988 = AXIS2_PLACEMENT_3D('',#15989,#15990,#15991);
#15989 = CARTESIAN_POINT('',(1.655,-0.4,0.441926223426));
#15990 = DIRECTION('',(1.,0.,0.));
#15991 = DIRECTION('',(0.,2.22044604925E-16,1.));
#15992 = DEFINITIONAL_REPRESENTATION('',(#15993),#15997);
#15993 = LINE('',#15994,#15995);
#15994 = CARTESIAN_POINT('',(6.28318530718,0.));
#15995 = VECTOR('',#15996,1.);
#15996 = DIRECTION('',(-1.,0.));
#15997 = ( GEOMETRIC_REPRESENTATION_CONTEXT(2) 
PARAMETRIC_REPRESENTATION_CONTEXT() REPRESENTATION_CONTEXT('2D SPACE',''
  ) );
#15998 = ORIENTED_EDGE('',*,*,#15999,.T.);
#15999 = EDGE_CURVE('',#15971,#16000,#16002,.T.);
#16000 = VERTEX_POINT('',#16001);
#16001 = CARTESIAN_POINT('',(1.655,-0.8,0.466483135606));
#16002 = SURFACE_CURVE('',#16003,(#16007,#16014),.PCURVE_S1.);
#16003 = LINE('',#16004,#16005);
#16004 = CARTESIAN_POINT('',(1.655,-0.8,0.441926223426));
#16005 = VECTOR('',#16006,1.);
#16006 = DIRECTION('',(0.,7.238376044605E-12,1.));
#16007 = PCURVE('',#15699,#16008);
#16008 = DEFINITIONAL_REPRESENTATION('',(#16009),#16013);
#16009 = LINE('',#16010,#16011);
#16010 = CARTESIAN_POINT('',(0.616910178477,-3.439007622491E-02));
#16011 = VECTOR('',#16012,1.);
#16012 = DIRECTION('',(-7.238154E-12,1.));
#16013 = ( GEOMETRIC_REPRESENTATION_CONTEXT(2) 
PARAMETRIC_REPRESENTATION_CONTEXT() REPRESENTATION_CONTEXT('2D SPACE',''
  ) );
#16014 = PCURVE('',#16015,#16020);
#16015 = PLANE('',#16016);
#16016 = AXIS2_PLACEMENT_3D('',#16017,#16018,#16019);
#16017 = CARTESIAN_POINT('',(1.655,-0.8,0.441926223426));
#16018 = DIRECTION('',(0.,-1.,2.22044604925E-16));
#16019 = DIRECTION('',(1.,0.,0.));
#16020 = DEFINITIONAL_REPRESENTATION('',(#16021),#16025);
#16021 = LINE('',#16022,#16023);
#16022 = CARTESIAN_POINT('',(0.,0.));
#16023 = VECTOR('',#16024,1.);
#16024 = DIRECTION('',(0.,1.));
#16025 = ( GEOMETRIC_REPRESENTATION_CONTEXT(2) 
PARAMETRIC_REPRESENTATION_CONTEXT() REPRESENTATION_CONTEXT('2D SPACE',''
  ) );
#16026 = ORIENTED_EDGE('',*,*,#16027,.T.);
#16027 = EDGE_CURVE('',#16000,#16028,#16030,.T.);
#16028 = VERTEX_POINT('',#16029);
#16029 = CARTESIAN_POINT('',(1.655,-0.6,0.466483135606));
#16030 = SURFACE_CURVE('',#16031,(#16035,#16042),.PCURVE_S1.);
#16031 = LINE('',#16032,#16033);
#16032 = CARTESIAN_POINT('',(1.655,-0.8,0.466483135606));
#16033 = VECTOR('',#16034,1.);
#16034 = DIRECTION('',(0.,1.,-2.22044604925E-16));
#16035 = PCURVE('',#15699,#16036);
#16036 = DEFINITIONAL_REPRESENTATION('',(#16037),#16041);
#16037 = LINE('',#16038,#16039);
#16038 = CARTESIAN_POINT('',(0.616910178477,-9.833164045309E-03));
#16039 = VECTOR('',#16040,1.);
#16040 = DIRECTION('',(-1.,0.));
#16041 = ( GEOMETRIC_REPRESENTATION_CONTEXT(2) 
PARAMETRIC_REPRESENTATION_CONTEXT() REPRESENTATION_CONTEXT('2D SPACE',''
  ) );
#16042 = PCURVE('',#16043,#16048);
#16043 = PLANE('',#16044);
#16044 = AXIS2_PLACEMENT_3D('',#16045,#16046,#16047);
#16045 = CARTESIAN_POINT('',(1.655,-0.8,0.466483135606));
#16046 = DIRECTION('',(0.,2.22044604925E-16,1.));
#16047 = DIRECTION('',(0.,-1.,2.22044604925E-16));
#16048 = DEFINITIONAL_REPRESENTATION('',(#16049),#16053);
#16049 = LINE('',#16050,#16051);
#16050 = CARTESIAN_POINT('',(0.,0.));
#16051 = VECTOR('',#16052,1.);
#16052 = DIRECTION('',(-1.,0.));
#16053 = ( GEOMETRIC_REPRESENTATION_CONTEXT(2) 
PARAMETRIC_REPRESENTATION_CONTEXT() REPRESENTATION_CONTEXT('2D SPACE',''
  ) );
#16054 = ORIENTED_EDGE('',*,*,#16055,.T.);
#16055 = EDGE_CURVE('',#16028,#16056,#16058,.T.);
#16056 = VERTEX_POINT('',#16057);
#16057 = CARTESIAN_POINT('',(1.655,-0.6,0.441926223426));
#16058 = SURFACE_CURVE('',#16059,(#16063,#16070),.PCURVE_S1.);
#16059 = LINE('',#16060,#16061);
#16060 = CARTESIAN_POINT('',(1.655,-0.6,0.466483135606));
#16061 = VECTOR('',#16062,1.);
#16062 = DIRECTION('',(0.,-2.22044604925E-16,-1.));
#16063 = PCURVE('',#15699,#16064);
#16064 = DEFINITIONAL_REPRESENTATION('',(#16065),#16069);
#16065 = LINE('',#16066,#16067);
#16066 = CARTESIAN_POINT('',(0.416910178477,-9.833164045309E-03));
#16067 = VECTOR('',#16068,1.);
#16068 = DIRECTION('',(0.,-1.));
#16069 = ( GEOMETRIC_REPRESENTATION_CONTEXT(2) 
PARAMETRIC_REPRESENTATION_CONTEXT() REPRESENTATION_CONTEXT('2D SPACE',''
  ) );
#16070 = PCURVE('',#16071,#16076);
#16071 = PLANE('',#16072);
#16072 = AXIS2_PLACEMENT_3D('',#16073,#16074,#16075);
#16073 = CARTESIAN_POINT('',(1.655,-0.6,0.466483135606));
#16074 = DIRECTION('',(0.,1.,-2.22044604925E-16));
#16075 = DIRECTION('',(-1.,0.,0.));
#16076 = DEFINITIONAL_REPRESENTATION('',(#16077),#16081);
#16077 = LINE('',#16078,#16079);
#16078 = CARTESIAN_POINT('',(0.,0.));
#16079 = VECTOR('',#16080,1.);
#16080 = DIRECTION('',(0.,-1.));
#16081 = ( GEOMETRIC_REPRESENTATION_CONTEXT(2) 
PARAMETRIC_REPRESENTATION_CONTEXT() REPRESENTATION_CONTEXT('2D SPACE',''
  ) );
#16082 = ORIENTED_EDGE('',*,*,#16083,.T.);
#16083 = EDGE_CURVE('',#16056,#16084,#16086,.T.);
#16084 = VERTEX_POINT('',#16085);
#16085 = CARTESIAN_POINT('',(1.655,-0.410467191249,0.242200316476));
#16086 = SURFACE_CURVE('',#16087,(#16092,#16103),.PCURVE_S1.);
#16087 = CIRCLE('',#16088,0.2);
#16088 = AXIS2_PLACEMENT_3D('',#16089,#16090,#16091);
#16089 = CARTESIAN_POINT('',(1.655,-0.4,0.441926223426));
#16090 = DIRECTION('',(1.,0.,-0.));
#16091 = DIRECTION('',(0.,2.22044604925E-16,1.));
#16092 = PCURVE('',#15699,#16093);
#16093 = DEFINITIONAL_REPRESENTATION('',(#16094),#16102);
#16094 = ( BOUNDED_CURVE() B_SPLINE_CURVE(2,(#16095,#16096,#16097,#16098
    ,#16099,#16100,#16101),.UNSPECIFIED.,.T.,.F.) 
B_SPLINE_CURVE_WITH_KNOTS((1,2,2,2,2,1),(-2.094395102393,0.,
    2.094395102393,4.188790204786,6.28318530718,8.377580409573),
.UNSPECIFIED.) CURVE() GEOMETRIC_REPRESENTATION_ITEM() 
RATIONAL_B_SPLINE_CURVE((1.,0.5,1.,0.5,1.,0.5,1.)) REPRESENTATION_ITEM(
  '') );
#16095 = CARTESIAN_POINT('',(0.216910178477,0.165609923775));
#16096 = CARTESIAN_POINT('',(0.56332033999,0.165609923775));
#16097 = CARTESIAN_POINT('',(0.390115259233,-0.134390076225));
#16098 = CARTESIAN_POINT('',(0.216910178477,-0.434390076225));
#16099 = CARTESIAN_POINT('',(4.370509771962E-02,-0.134390076225));
#16100 = CARTESIAN_POINT('',(-0.129499983037,0.165609923775));
#16101 = CARTESIAN_POINT('',(0.216910178477,0.165609923775));
#16102 = ( GEOMETRIC_REPRESENTATION_CONTEXT(2) 
PARAMETRIC_REPRESENTATION_CONTEXT() REPRESENTATION_CONTEXT('2D SPACE',''
  ) );
#16103 = PCURVE('',#16104,#16109);
#16104 = CYLINDRICAL_SURFACE('',#16105,0.2);
#16105 = AXIS2_PLACEMENT_3D('',#16106,#16107,#16108);
#16106 = CARTESIAN_POINT('',(1.655,-0.4,0.441926223426));
#16107 = DIRECTION('',(1.,0.,0.));
#16108 = DIRECTION('',(0.,2.22044604925E-16,1.));
#16109 = DEFINITIONAL_REPRESENTATION('',(#16110),#16114);
#16110 = LINE('',#16111,#16112);
#16111 = CARTESIAN_POINT('',(0.,0.));
#16112 = VECTOR('',#16113,1.);
#16113 = DIRECTION('',(1.,0.));
#16114 = ( GEOMETRIC_REPRESENTATION_CONTEXT(2) 
PARAMETRIC_REPRESENTATION_CONTEXT() REPRESENTATION_CONTEXT('2D SPACE',''
  ) );
#16115 = ORIENTED_EDGE('',*,*,#16116,.T.);
#16116 = EDGE_CURVE('',#16084,#15655,#16117,.T.);
#16117 = SURFACE_CURVE('',#16118,(#16122,#16129),.PCURVE_S1.);
#16118 = LINE('',#16119,#16120);
#16119 = CARTESIAN_POINT('',(1.655,-0.410467191249,0.242200316476));
#16120 = VECTOR('',#16121,1.);
#16121 = DIRECTION('',(0.,0.998629534755,-5.233595624307E-02));
#16122 = PCURVE('',#15699,#16123);
#16123 = DEFINITIONAL_REPRESENTATION('',(#16124),#16128);
#16124 = LINE('',#16125,#16126);
#16125 = CARTESIAN_POINT('',(0.227377369725,-0.234115983176));
#16126 = VECTOR('',#16127,1.);
#16127 = DIRECTION('',(-0.998629534755,-5.233595624306E-02));
#16128 = ( GEOMETRIC_REPRESENTATION_CONTEXT(2) 
PARAMETRIC_REPRESENTATION_CONTEXT() REPRESENTATION_CONTEXT('2D SPACE',''
  ) );
#16129 = PCURVE('',#15670,#16130);
#16130 = DEFINITIONAL_REPRESENTATION('',(#16131),#16135);
#16131 = LINE('',#16132,#16133);
#16132 = CARTESIAN_POINT('',(0.,0.));
#16133 = VECTOR('',#16134,1.);
#16134 = DIRECTION('',(-1.,0.));
#16135 = ( GEOMETRIC_REPRESENTATION_CONTEXT(2) 
PARAMETRIC_REPRESENTATION_CONTEXT() REPRESENTATION_CONTEXT('2D SPACE',''
  ) );
#16136 = ORIENTED_EDGE('',*,*,#15682,.F.);
#16137 = ORIENTED_EDGE('',*,*,#16138,.F.);
#16138 = EDGE_CURVE('',#16139,#15683,#16141,.T.);
#16139 = VERTEX_POINT('',#16140);
#16140 = CARTESIAN_POINT('',(1.655,0.599238939618,0.417431148549));
#16141 = SURFACE_CURVE('',#16142,(#16147,#16154),.PCURVE_S1.);
#16142 = CIRCLE('',#16143,0.2);
#16143 = AXIS2_PLACEMENT_3D('',#16144,#16145,#16146);
#16144 = CARTESIAN_POINT('',(1.655,0.4,0.4));
#16145 = DIRECTION('',(-1.,-0.,0.));
#16146 = DIRECTION('',(-0.,0.719339800339,-0.694658370459));
#16147 = PCURVE('',#15699,#16148);
#16148 = DEFINITIONAL_REPRESENTATION('',(#16149),#16153);
#16149 = CIRCLE('',#16150,0.2);
#16150 = AXIS2_PLACEMENT_2D('',#16151,#16152);
#16151 = CARTESIAN_POINT('',(-0.583089821523,-7.631629965149E-02));
#16152 = DIRECTION('',(-0.719339800339,-0.694658370459));
#16153 = ( GEOMETRIC_REPRESENTATION_CONTEXT(2) 
PARAMETRIC_REPRESENTATION_CONTEXT() REPRESENTATION_CONTEXT('2D SPACE',''
  ) );
#16154 = PCURVE('',#15725,#16155);
#16155 = DEFINITIONAL_REPRESENTATION('',(#16156),#16160);
#16156 = LINE('',#16157,#16158);
#16157 = CARTESIAN_POINT('',(6.28318530718,0.));
#16158 = VECTOR('',#16159,1.);
#16159 = DIRECTION('',(-1.,0.));
#16160 = ( GEOMETRIC_REPRESENTATION_CONTEXT(2) 
PARAMETRIC_REPRESENTATION_CONTEXT() REPRESENTATION_CONTEXT('2D SPACE',''
  ) );
#16161 = ORIENTED_EDGE('',*,*,#16162,.T.);
#16162 = EDGE_CURVE('',#16139,#16163,#16165,.T.);
#16163 = VERTEX_POINT('',#16164);
#16164 = CARTESIAN_POINT('',(1.655,0.50621792591,1.480666200496));
#16165 = SURFACE_CURVE('',#16166,(#16170,#16177),.PCURVE_S1.);
#16166 = LINE('',#16167,#16168);
#16167 = CARTESIAN_POINT('',(1.655,0.599238939618,0.417431148549));
#16168 = VECTOR('',#16169,1.);
#16169 = DIRECTION('',(2.08044E-16,-8.715574274748E-02,0.996194698092));
#16170 = PCURVE('',#15699,#16171);
#16171 = DEFINITIONAL_REPRESENTATION('',(#16172),#16176);
#16172 = LINE('',#16173,#16174);
#16173 = CARTESIAN_POINT('',(-0.782328761142,-5.888515110199E-02));
#16174 = VECTOR('',#16175,1.);
#16175 = DIRECTION('',(8.715574274748E-02,0.996194698092));
#16176 = ( GEOMETRIC_REPRESENTATION_CONTEXT(2) 
PARAMETRIC_REPRESENTATION_CONTEXT() REPRESENTATION_CONTEXT('2D SPACE',''
  ) );
#16177 = PCURVE('',#16178,#16183);
#16178 = PLANE('',#16179);
#16179 = AXIS2_PLACEMENT_3D('',#16180,#16181,#16182);
#16180 = CARTESIAN_POINT('',(1.655,0.619291182211,0.188232966924));
#16181 = DIRECTION('',(0.,-0.996194698092,-8.715574274748E-02));
#16182 = DIRECTION('',(1.,0.,0.));
#16183 = DEFINITIONAL_REPRESENTATION('',(#16184),#16188);
#16184 = LINE('',#16185,#16186);
#16185 = CARTESIAN_POINT('',(0.,0.230073681444));
#16186 = VECTOR('',#16187,1.);
#16187 = DIRECTION('',(2.08044E-16,1.));
#16188 = ( GEOMETRIC_REPRESENTATION_CONTEXT(2) 
PARAMETRIC_REPRESENTATION_CONTEXT() REPRESENTATION_CONTEXT('2D SPACE',''
  ) );
#16189 = ORIENTED_EDGE('',*,*,#16190,.T.);
#16190 = EDGE_CURVE('',#16163,#16191,#16193,.T.);
#16191 = VERTEX_POINT('',#16192);
#16192 = CARTESIAN_POINT('',(1.655,0.705456865528,1.498097349046));
#16193 = SURFACE_CURVE('',#16194,(#16198,#16205),.PCURVE_S1.);
#16194 = LINE('',#16195,#16196);
#16195 = CARTESIAN_POINT('',(1.655,0.50621792591,1.480666200496));
#16196 = VECTOR('',#16197,1.);
#16197 = DIRECTION('',(0.,0.996194698092,8.715574274779E-02));
#16198 = PCURVE('',#15699,#16199);
#16199 = DEFINITIONAL_REPRESENTATION('',(#16200),#16204);
#16200 = LINE('',#16201,#16202);
#16201 = CARTESIAN_POINT('',(-0.689307747433,1.004349900845));
#16202 = VECTOR('',#16203,1.);
#16203 = DIRECTION('',(-0.996194698092,8.715574274779E-02));
#16204 = ( GEOMETRIC_REPRESENTATION_CONTEXT(2) 
PARAMETRIC_REPRESENTATION_CONTEXT() REPRESENTATION_CONTEXT('2D SPACE',''
  ) );
#16205 = PCURVE('',#16206,#16211);
#16206 = PLANE('',#16207);
#16207 = AXIS2_PLACEMENT_3D('',#16208,#16209,#16210);
#16208 = CARTESIAN_POINT('',(1.655,0.50621792591,1.480666200496));
#16209 = DIRECTION('',(0.,-8.715574274748E-02,0.996194698092));
#16210 = DIRECTION('',(0.,-0.996194698092,-8.715574274748E-02));
#16211 = DEFINITIONAL_REPRESENTATION('',(#16212),#16216);
#16212 = LINE('',#16213,#16214);
#16213 = CARTESIAN_POINT('',(0.,0.));
#16214 = VECTOR('',#16215,1.);
#16215 = DIRECTION('',(-1.,0.));
#16216 = ( GEOMETRIC_REPRESENTATION_CONTEXT(2) 
PARAMETRIC_REPRESENTATION_CONTEXT() REPRESENTATION_CONTEXT('2D SPACE',''
  ) );
#16217 = ORIENTED_EDGE('',*,*,#16218,.T.);
#16218 = EDGE_CURVE('',#16191,#15776,#16219,.T.);
#16219 = SURFACE_CURVE('',#16220,(#16224,#16231),.PCURVE_S1.);
#16220 = LINE('',#16221,#16222);
#16221 = CARTESIAN_POINT('',(1.655,0.705456865528,1.498097349046));
#16222 = VECTOR('',#16223,1.);
#16223 = DIRECTION('',(-2.08044E-16,8.715574274749E-02,-0.996194698092)
  );
#16224 = PCURVE('',#15699,#16225);
#16225 = DEFINITIONAL_REPRESENTATION('',(#16226),#16230);
#16226 = LINE('',#16227,#16228);
#16227 = CARTESIAN_POINT('',(-0.888546687052,1.021781049394));
#16228 = VECTOR('',#16229,1.);
#16229 = DIRECTION('',(-8.715574274749E-02,-0.996194698092));
#16230 = ( GEOMETRIC_REPRESENTATION_CONTEXT(2) 
PARAMETRIC_REPRESENTATION_CONTEXT() REPRESENTATION_CONTEXT('2D SPACE',''
  ) );
#16231 = PCURVE('',#15819,#16232);
#16232 = DEFINITIONAL_REPRESENTATION('',(#16233),#16237);
#16233 = LINE('',#16234,#16235);
#16234 = CARTESIAN_POINT('',(0.,0.));
#16235 = VECTOR('',#16236,1.);
#16236 = DIRECTION('',(2.08044E-16,-1.));
#16237 = ( GEOMETRIC_REPRESENTATION_CONTEXT(2) 
PARAMETRIC_REPRESENTATION_CONTEXT() REPRESENTATION_CONTEXT('2D SPACE',''
  ) );
#16238 = ORIENTED_EDGE('',*,*,#15775,.F.);
#16239 = ADVANCED_FACE('',(#16240),#15905,.T.);
#16240 = FACE_BOUND('',#16241,.T.);
#16241 = EDGE_LOOP('',(#16242,#16243,#16266,#16287));
#16242 = ORIENTED_EDGE('',*,*,#15889,.F.);
#16243 = ORIENTED_EDGE('',*,*,#16244,.T.);
#16244 = EDGE_CURVE('',#15862,#16245,#16247,.T.);
#16245 = VERTEX_POINT('',#16246);
#16246 = CARTESIAN_POINT('',(2.155,-0.420934382497,4.247440952469E-02));
#16247 = SURFACE_CURVE('',#16248,(#16252,#16259),.PCURVE_S1.);
#16248 = LINE('',#16249,#16250);
#16249 = CARTESIAN_POINT('',(2.155,0.379065617503,5.48186098118E-04));
#16250 = VECTOR('',#16251,1.);
#16251 = DIRECTION('',(1.385877E-16,-0.998629534755,5.23359562431E-02));
#16252 = PCURVE('',#15905,#16253);
#16253 = DEFINITIONAL_REPRESENTATION('',(#16254),#16258);
#16254 = LINE('',#16255,#16256);
#16255 = CARTESIAN_POINT('',(-0.460147362888,0.5));
#16256 = VECTOR('',#16257,1.);
#16257 = DIRECTION('',(-1.,1.385877E-16));
#16258 = ( GEOMETRIC_REPRESENTATION_CONTEXT(2) 
PARAMETRIC_REPRESENTATION_CONTEXT() REPRESENTATION_CONTEXT('2D SPACE',''
  ) );
#16259 = PCURVE('',#15642,#16260);
#16260 = DEFINITIONAL_REPRESENTATION('',(#16261),#16265);
#16261 = LINE('',#16262,#16263);
#16262 = CARTESIAN_POINT('',(1.179065617503,-0.441378037328));
#16263 = VECTOR('',#16264,1.);
#16264 = DIRECTION('',(-0.998629534755,5.23359562431E-02));
#16265 = ( GEOMETRIC_REPRESENTATION_CONTEXT(2) 
PARAMETRIC_REPRESENTATION_CONTEXT() REPRESENTATION_CONTEXT('2D SPACE',''
  ) );
#16266 = ORIENTED_EDGE('',*,*,#16267,.F.);
#16267 = EDGE_CURVE('',#15948,#16245,#16268,.T.);
#16268 = SURFACE_CURVE('',#16269,(#16273,#16280),.PCURVE_S1.);
#16269 = LINE('',#16270,#16271);
#16270 = CARTESIAN_POINT('',(1.655,-0.420934382497,4.247440952469E-02));
#16271 = VECTOR('',#16272,1.);
#16272 = DIRECTION('',(1.,0.,0.));
#16273 = PCURVE('',#15905,#16274);
#16274 = DEFINITIONAL_REPRESENTATION('',(#16275),#16279);
#16275 = LINE('',#16276,#16277);
#16276 = CARTESIAN_POINT('',(-1.261245239687,0.));
#16277 = VECTOR('',#16278,1.);
#16278 = DIRECTION('',(0.,1.));
#16279 = ( GEOMETRIC_REPRESENTATION_CONTEXT(2) 
PARAMETRIC_REPRESENTATION_CONTEXT() REPRESENTATION_CONTEXT('2D SPACE',''
  ) );
#16280 = PCURVE('',#15987,#16281);
#16281 = DEFINITIONAL_REPRESENTATION('',(#16282),#16286);
#16282 = LINE('',#16283,#16284);
#16283 = CARTESIAN_POINT('',(3.08923277603,0.));
#16284 = VECTOR('',#16285,1.);
#16285 = DIRECTION('',(0.,1.));
#16286 = ( GEOMETRIC_REPRESENTATION_CONTEXT(2) 
PARAMETRIC_REPRESENTATION_CONTEXT() REPRESENTATION_CONTEXT('2D SPACE',''
  ) );
#16287 = ORIENTED_EDGE('',*,*,#15947,.F.);
#16288 = ADVANCED_FACE('',(#16289),#15725,.F.);
#16289 = FACE_BOUND('',#16290,.F.);
#16290 = EDGE_LOOP('',(#16291,#16292,#16315,#16337));
#16291 = ORIENTED_EDGE('',*,*,#16138,.F.);
#16292 = ORIENTED_EDGE('',*,*,#16293,.F.);
#16293 = EDGE_CURVE('',#16294,#16139,#16296,.T.);
#16294 = VERTEX_POINT('',#16295);
#16295 = CARTESIAN_POINT('',(2.155,0.599238939618,0.417431148549));
#16296 = SURFACE_CURVE('',#16297,(#16301,#16308),.PCURVE_S1.);
#16297 = LINE('',#16298,#16299);
#16298 = CARTESIAN_POINT('',(2.155,0.599238939618,0.417431148549));
#16299 = VECTOR('',#16300,1.);
#16300 = DIRECTION('',(-1.,0.,0.));
#16301 = PCURVE('',#15725,#16302);
#16302 = DEFINITIONAL_REPRESENTATION('',(#16303),#16307);
#16303 = LINE('',#16304,#16305);
#16304 = CARTESIAN_POINT('',(0.855211333477,0.5));
#16305 = VECTOR('',#16306,1.);
#16306 = DIRECTION('',(0.,-1.));
#16307 = ( GEOMETRIC_REPRESENTATION_CONTEXT(2) 
PARAMETRIC_REPRESENTATION_CONTEXT() REPRESENTATION_CONTEXT('2D SPACE',''
  ) );
#16308 = PCURVE('',#16178,#16309);
#16309 = DEFINITIONAL_REPRESENTATION('',(#16310),#16314);
#16310 = LINE('',#16311,#16312);
#16311 = CARTESIAN_POINT('',(0.5,0.230073681444));
#16312 = VECTOR('',#16313,1.);
#16313 = DIRECTION('',(-1.,0.));
#16314 = ( GEOMETRIC_REPRESENTATION_CONTEXT(2) 
PARAMETRIC_REPRESENTATION_CONTEXT() REPRESENTATION_CONTEXT('2D SPACE',''
  ) );
#16315 = ORIENTED_EDGE('',*,*,#16316,.F.);
#16316 = EDGE_CURVE('',#15621,#16294,#16317,.T.);
#16317 = SURFACE_CURVE('',#16318,(#16323,#16330),.PCURVE_S1.);
#16318 = CIRCLE('',#16319,0.2);
#16319 = AXIS2_PLACEMENT_3D('',#16320,#16321,#16322);
#16320 = CARTESIAN_POINT('',(2.155,0.4,0.4));
#16321 = DIRECTION('',(1.,-0.,0.));
#16322 = DIRECTION('',(0.,0.719339800339,-0.694658370459));
#16323 = PCURVE('',#15725,#16324);
#16324 = DEFINITIONAL_REPRESENTATION('',(#16325),#16329);
#16325 = LINE('',#16326,#16327);
#16326 = CARTESIAN_POINT('',(0.,0.5));
#16327 = VECTOR('',#16328,1.);
#16328 = DIRECTION('',(1.,0.));
#16329 = ( GEOMETRIC_REPRESENTATION_CONTEXT(2) 
PARAMETRIC_REPRESENTATION_CONTEXT() REPRESENTATION_CONTEXT('2D SPACE',''
  ) );
#16330 = PCURVE('',#15642,#16331);
#16331 = DEFINITIONAL_REPRESENTATION('',(#16332),#16336);
#16332 = CIRCLE('',#16333,0.2);
#16333 = AXIS2_PLACEMENT_2D('',#16334,#16335);
#16334 = CARTESIAN_POINT('',(1.2,-4.192622342658E-02));
#16335 = DIRECTION('',(0.719339800339,-0.694658370459));
#16336 = ( GEOMETRIC_REPRESENTATION_CONTEXT(2) 
PARAMETRIC_REPRESENTATION_CONTEXT() REPRESENTATION_CONTEXT('2D SPACE',''
  ) );
#16337 = ORIENTED_EDGE('',*,*,#15711,.F.);
#16338 = ADVANCED_FACE('',(#16339),#15670,.T.);
#16339 = FACE_BOUND('',#16340,.T.);
#16340 = EDGE_LOOP('',(#16341,#16342,#16343,#16366));
#16341 = ORIENTED_EDGE('',*,*,#15654,.F.);
#16342 = ORIENTED_EDGE('',*,*,#16116,.F.);
#16343 = ORIENTED_EDGE('',*,*,#16344,.T.);
#16344 = EDGE_CURVE('',#16084,#16345,#16347,.T.);
#16345 = VERTEX_POINT('',#16346);
#16346 = CARTESIAN_POINT('',(2.155,-0.410467191249,0.242200316476));
#16347 = SURFACE_CURVE('',#16348,(#16352,#16359),.PCURVE_S1.);
#16348 = LINE('',#16349,#16350);
#16349 = CARTESIAN_POINT('',(1.655,-0.410467191249,0.242200316476));
#16350 = VECTOR('',#16351,1.);
#16351 = DIRECTION('',(1.,0.,0.));
#16352 = PCURVE('',#15670,#16353);
#16353 = DEFINITIONAL_REPRESENTATION('',(#16354),#16358);
#16354 = LINE('',#16355,#16356);
#16355 = CARTESIAN_POINT('',(0.,0.));
#16356 = VECTOR('',#16357,1.);
#16357 = DIRECTION('',(0.,1.));
#16358 = ( GEOMETRIC_REPRESENTATION_CONTEXT(2) 
PARAMETRIC_REPRESENTATION_CONTEXT() REPRESENTATION_CONTEXT('2D SPACE',''
  ) );
#16359 = PCURVE('',#16104,#16360);
#16360 = DEFINITIONAL_REPRESENTATION('',(#16361),#16365);
#16361 = LINE('',#16362,#16363);
#16362 = CARTESIAN_POINT('',(3.08923277603,0.));
#16363 = VECTOR('',#16364,1.);
#16364 = DIRECTION('',(0.,1.));
#16365 = ( GEOMETRIC_REPRESENTATION_CONTEXT(2) 
PARAMETRIC_REPRESENTATION_CONTEXT() REPRESENTATION_CONTEXT('2D SPACE',''
  ) );
#16366 = ORIENTED_EDGE('',*,*,#16367,.T.);
#16367 = EDGE_CURVE('',#16345,#15619,#16368,.T.);
#16368 = SURFACE_CURVE('',#16369,(#16373,#16380),.PCURVE_S1.);
#16369 = LINE('',#16370,#16371);
#16370 = CARTESIAN_POINT('',(2.155,-0.410467191249,0.242200316476));
#16371 = VECTOR('',#16372,1.);
#16372 = DIRECTION('',(0.,0.998629534755,-5.233595624307E-02));
#16373 = PCURVE('',#15670,#16374);
#16374 = DEFINITIONAL_REPRESENTATION('',(#16375),#16379);
#16375 = LINE('',#16376,#16377);
#16376 = CARTESIAN_POINT('',(0.,0.5));
#16377 = VECTOR('',#16378,1.);
#16378 = DIRECTION('',(-1.,0.));
#16379 = ( GEOMETRIC_REPRESENTATION_CONTEXT(2) 
PARAMETRIC_REPRESENTATION_CONTEXT() REPRESENTATION_CONTEXT('2D SPACE',''
  ) );
#16380 = PCURVE('',#15642,#16381);
#16381 = DEFINITIONAL_REPRESENTATION('',(#16382),#16386);
#16382 = LINE('',#16383,#16384);
#16383 = CARTESIAN_POINT('',(0.389532808752,-0.199725906951));
#16384 = VECTOR('',#16385,1.);
#16385 = DIRECTION('',(0.998629534755,-5.233595624306E-02));
#16386 = ( GEOMETRIC_REPRESENTATION_CONTEXT(2) 
PARAMETRIC_REPRESENTATION_CONTEXT() REPRESENTATION_CONTEXT('2D SPACE',''
  ) );
#16387 = ADVANCED_FACE('',(#16388),#16015,.T.);
#16388 = FACE_BOUND('',#16389,.T.);
#16389 = EDGE_LOOP('',(#16390,#16415,#16436,#16437));
#16390 = ORIENTED_EDGE('',*,*,#16391,.T.);
#16391 = EDGE_CURVE('',#16392,#16394,#16396,.T.);
#16392 = VERTEX_POINT('',#16393);
#16393 = CARTESIAN_POINT('',(2.155,-0.8,0.441926223426));
#16394 = VERTEX_POINT('',#16395);
#16395 = CARTESIAN_POINT('',(2.155,-0.8,0.466483135606));
#16396 = SURFACE_CURVE('',#16397,(#16401,#16408),.PCURVE_S1.);
#16397 = LINE('',#16398,#16399);
#16398 = CARTESIAN_POINT('',(2.155,-0.8,0.441926223426));
#16399 = VECTOR('',#16400,1.);
#16400 = DIRECTION('',(0.,7.238376044605E-12,1.));
#16401 = PCURVE('',#16015,#16402);
#16402 = DEFINITIONAL_REPRESENTATION('',(#16403),#16407);
#16403 = LINE('',#16404,#16405);
#16404 = CARTESIAN_POINT('',(0.5,0.));
#16405 = VECTOR('',#16406,1.);
#16406 = DIRECTION('',(0.,1.));
#16407 = ( GEOMETRIC_REPRESENTATION_CONTEXT(2) 
PARAMETRIC_REPRESENTATION_CONTEXT() REPRESENTATION_CONTEXT('2D SPACE',''
  ) );
#16408 = PCURVE('',#15642,#16409);
#16409 = DEFINITIONAL_REPRESENTATION('',(#16410),#16414);
#16410 = LINE('',#16411,#16412);
#16411 = CARTESIAN_POINT('',(0.,0.));
#16412 = VECTOR('',#16413,1.);
#16413 = DIRECTION('',(7.238154E-12,1.));
#16414 = ( GEOMETRIC_REPRESENTATION_CONTEXT(2) 
PARAMETRIC_REPRESENTATION_CONTEXT() REPRESENTATION_CONTEXT('2D SPACE',''
  ) );
#16415 = ORIENTED_EDGE('',*,*,#16416,.F.);
#16416 = EDGE_CURVE('',#16000,#16394,#16417,.T.);
#16417 = SURFACE_CURVE('',#16418,(#16422,#16429),.PCURVE_S1.);
#16418 = LINE('',#16419,#16420);
#16419 = CARTESIAN_POINT('',(1.655,-0.8,0.466483135606));
#16420 = VECTOR('',#16421,1.);
#16421 = DIRECTION('',(1.,0.,0.));
#16422 = PCURVE('',#16015,#16423);
#16423 = DEFINITIONAL_REPRESENTATION('',(#16424),#16428);
#16424 = LINE('',#16425,#16426);
#16425 = CARTESIAN_POINT('',(0.,2.455691217961E-02));
#16426 = VECTOR('',#16427,1.);
#16427 = DIRECTION('',(1.,0.));
#16428 = ( GEOMETRIC_REPRESENTATION_CONTEXT(2) 
PARAMETRIC_REPRESENTATION_CONTEXT() REPRESENTATION_CONTEXT('2D SPACE',''
  ) );
#16429 = PCURVE('',#16043,#16430);
#16430 = DEFINITIONAL_REPRESENTATION('',(#16431),#16435);
#16431 = LINE('',#16432,#16433);
#16432 = CARTESIAN_POINT('',(0.,0.));
#16433 = VECTOR('',#16434,1.);
#16434 = DIRECTION('',(0.,1.));
#16435 = ( GEOMETRIC_REPRESENTATION_CONTEXT(2) 
PARAMETRIC_REPRESENTATION_CONTEXT() REPRESENTATION_CONTEXT('2D SPACE',''
  ) );
#16436 = ORIENTED_EDGE('',*,*,#15999,.F.);
#16437 = ORIENTED_EDGE('',*,*,#16438,.T.);
#16438 = EDGE_CURVE('',#15971,#16392,#16439,.T.);
#16439 = SURFACE_CURVE('',#16440,(#16444,#16451),.PCURVE_S1.);
#16440 = LINE('',#16441,#16442);
#16441 = CARTESIAN_POINT('',(1.655,-0.8,0.441926223426));
#16442 = VECTOR('',#16443,1.);
#16443 = DIRECTION('',(1.,0.,0.));
#16444 = PCURVE('',#16015,#16445);
#16445 = DEFINITIONAL_REPRESENTATION('',(#16446),#16450);
#16446 = LINE('',#16447,#16448);
#16447 = CARTESIAN_POINT('',(0.,0.));
#16448 = VECTOR('',#16449,1.);
#16449 = DIRECTION('',(1.,0.));
#16450 = ( GEOMETRIC_REPRESENTATION_CONTEXT(2) 
PARAMETRIC_REPRESENTATION_CONTEXT() REPRESENTATION_CONTEXT('2D SPACE',''
  ) );
#16451 = PCURVE('',#15987,#16452);
#16452 = DEFINITIONAL_REPRESENTATION('',(#16453),#16457);
#16453 = LINE('',#16454,#16455);
#16454 = CARTESIAN_POINT('',(1.570796326795,0.));
#16455 = VECTOR('',#16456,1.);
#16456 = DIRECTION('',(0.,1.));
#16457 = ( GEOMETRIC_REPRESENTATION_CONTEXT(2) 
PARAMETRIC_REPRESENTATION_CONTEXT() REPRESENTATION_CONTEXT('2D SPACE',''
  ) );
#16458 = ADVANCED_FACE('',(#16459),#16043,.T.);
#16459 = FACE_BOUND('',#16460,.T.);
#16460 = EDGE_LOOP('',(#16461,#16484,#16505,#16506));
#16461 = ORIENTED_EDGE('',*,*,#16462,.T.);
#16462 = EDGE_CURVE('',#16394,#16463,#16465,.T.);
#16463 = VERTEX_POINT('',#16464);
#16464 = CARTESIAN_POINT('',(2.155,-0.6,0.466483135606));
#16465 = SURFACE_CURVE('',#16466,(#16470,#16477),.PCURVE_S1.);
#16466 = LINE('',#16467,#16468);
#16467 = CARTESIAN_POINT('',(2.155,-0.8,0.466483135606));
#16468 = VECTOR('',#16469,1.);
#16469 = DIRECTION('',(0.,1.,-2.22044604925E-16));
#16470 = PCURVE('',#16043,#16471);
#16471 = DEFINITIONAL_REPRESENTATION('',(#16472),#16476);
#16472 = LINE('',#16473,#16474);
#16473 = CARTESIAN_POINT('',(0.,0.5));
#16474 = VECTOR('',#16475,1.);
#16475 = DIRECTION('',(-1.,0.));
#16476 = ( GEOMETRIC_REPRESENTATION_CONTEXT(2) 
PARAMETRIC_REPRESENTATION_CONTEXT() REPRESENTATION_CONTEXT('2D SPACE',''
  ) );
#16477 = PCURVE('',#15642,#16478);
#16478 = DEFINITIONAL_REPRESENTATION('',(#16479),#16483);
#16479 = LINE('',#16480,#16481);
#16480 = CARTESIAN_POINT('',(1.770250612765E-13,2.455691217961E-02));
#16481 = VECTOR('',#16482,1.);
#16482 = DIRECTION('',(1.,0.));
#16483 = ( GEOMETRIC_REPRESENTATION_CONTEXT(2) 
PARAMETRIC_REPRESENTATION_CONTEXT() REPRESENTATION_CONTEXT('2D SPACE',''
  ) );
#16484 = ORIENTED_EDGE('',*,*,#16485,.F.);
#16485 = EDGE_CURVE('',#16028,#16463,#16486,.T.);
#16486 = SURFACE_CURVE('',#16487,(#16491,#16498),.PCURVE_S1.);
#16487 = LINE('',#16488,#16489);
#16488 = CARTESIAN_POINT('',(1.655,-0.6,0.466483135606));
#16489 = VECTOR('',#16490,1.);
#16490 = DIRECTION('',(1.,0.,0.));
#16491 = PCURVE('',#16043,#16492);
#16492 = DEFINITIONAL_REPRESENTATION('',(#16493),#16497);
#16493 = LINE('',#16494,#16495);
#16494 = CARTESIAN_POINT('',(-0.2,0.));
#16495 = VECTOR('',#16496,1.);
#16496 = DIRECTION('',(0.,1.));
#16497 = ( GEOMETRIC_REPRESENTATION_CONTEXT(2) 
PARAMETRIC_REPRESENTATION_CONTEXT() REPRESENTATION_CONTEXT('2D SPACE',''
  ) );
#16498 = PCURVE('',#16071,#16499);
#16499 = DEFINITIONAL_REPRESENTATION('',(#16500),#16504);
#16500 = LINE('',#16501,#16502);
#16501 = CARTESIAN_POINT('',(0.,0.));
#16502 = VECTOR('',#16503,1.);
#16503 = DIRECTION('',(-1.,0.));
#16504 = ( GEOMETRIC_REPRESENTATION_CONTEXT(2) 
PARAMETRIC_REPRESENTATION_CONTEXT() REPRESENTATION_CONTEXT('2D SPACE',''
  ) );
#16505 = ORIENTED_EDGE('',*,*,#16027,.F.);
#16506 = ORIENTED_EDGE('',*,*,#16416,.T.);
#16507 = ADVANCED_FACE('',(#16508),#16071,.T.);
#16508 = FACE_BOUND('',#16509,.T.);
#16509 = EDGE_LOOP('',(#16510,#16533,#16554,#16555));
#16510 = ORIENTED_EDGE('',*,*,#16511,.T.);
#16511 = EDGE_CURVE('',#16463,#16512,#16514,.T.);
#16512 = VERTEX_POINT('',#16513);
#16513 = CARTESIAN_POINT('',(2.155,-0.6,0.441926223426));
#16514 = SURFACE_CURVE('',#16515,(#16519,#16526),.PCURVE_S1.);
#16515 = LINE('',#16516,#16517);
#16516 = CARTESIAN_POINT('',(2.155,-0.6,0.466483135606));
#16517 = VECTOR('',#16518,1.);
#16518 = DIRECTION('',(0.,-2.22044604925E-16,-1.));
#16519 = PCURVE('',#16071,#16520);
#16520 = DEFINITIONAL_REPRESENTATION('',(#16521),#16525);
#16521 = LINE('',#16522,#16523);
#16522 = CARTESIAN_POINT('',(-0.5,0.));
#16523 = VECTOR('',#16524,1.);
#16524 = DIRECTION('',(0.,-1.));
#16525 = ( GEOMETRIC_REPRESENTATION_CONTEXT(2) 
PARAMETRIC_REPRESENTATION_CONTEXT() REPRESENTATION_CONTEXT('2D SPACE',''
  ) );
#16526 = PCURVE('',#15642,#16527);
#16527 = DEFINITIONAL_REPRESENTATION('',(#16528),#16532);
#16528 = LINE('',#16529,#16530);
#16529 = CARTESIAN_POINT('',(0.2,2.455691217961E-02));
#16530 = VECTOR('',#16531,1.);
#16531 = DIRECTION('',(0.,-1.));
#16532 = ( GEOMETRIC_REPRESENTATION_CONTEXT(2) 
PARAMETRIC_REPRESENTATION_CONTEXT() REPRESENTATION_CONTEXT('2D SPACE',''
  ) );
#16533 = ORIENTED_EDGE('',*,*,#16534,.F.);
#16534 = EDGE_CURVE('',#16056,#16512,#16535,.T.);
#16535 = SURFACE_CURVE('',#16536,(#16540,#16547),.PCURVE_S1.);
#16536 = LINE('',#16537,#16538);
#16537 = CARTESIAN_POINT('',(1.655,-0.6,0.441926223426));
#16538 = VECTOR('',#16539,1.);
#16539 = DIRECTION('',(1.,0.,0.));
#16540 = PCURVE('',#16071,#16541);
#16541 = DEFINITIONAL_REPRESENTATION('',(#16542),#16546);
#16542 = LINE('',#16543,#16544);
#16543 = CARTESIAN_POINT('',(0.,-2.455691217961E-02));
#16544 = VECTOR('',#16545,1.);
#16545 = DIRECTION('',(-1.,0.));
#16546 = ( GEOMETRIC_REPRESENTATION_CONTEXT(2) 
PARAMETRIC_REPRESENTATION_CONTEXT() REPRESENTATION_CONTEXT('2D SPACE',''
  ) );
#16547 = PCURVE('',#16104,#16548);
#16548 = DEFINITIONAL_REPRESENTATION('',(#16549),#16553);
#16549 = LINE('',#16550,#16551);
#16550 = CARTESIAN_POINT('',(1.570796326795,0.));
#16551 = VECTOR('',#16552,1.);
#16552 = DIRECTION('',(0.,1.));
#16553 = ( GEOMETRIC_REPRESENTATION_CONTEXT(2) 
PARAMETRIC_REPRESENTATION_CONTEXT() REPRESENTATION_CONTEXT('2D SPACE',''
  ) );
#16554 = ORIENTED_EDGE('',*,*,#16055,.F.);
#16555 = ORIENTED_EDGE('',*,*,#16485,.T.);
#16556 = ADVANCED_FACE('',(#16557),#16104,.F.);
#16557 = FACE_BOUND('',#16558,.F.);
#16558 = EDGE_LOOP('',(#16559,#16560,#16561,#16562));
#16559 = ORIENTED_EDGE('',*,*,#16534,.F.);
#16560 = ORIENTED_EDGE('',*,*,#16083,.T.);
#16561 = ORIENTED_EDGE('',*,*,#16344,.T.);
#16562 = ORIENTED_EDGE('',*,*,#16563,.F.);
#16563 = EDGE_CURVE('',#16512,#16345,#16564,.T.);
#16564 = SURFACE_CURVE('',#16565,(#16570,#16577),.PCURVE_S1.);
#16565 = CIRCLE('',#16566,0.2);
#16566 = AXIS2_PLACEMENT_3D('',#16567,#16568,#16569);
#16567 = CARTESIAN_POINT('',(2.155,-0.4,0.441926223426));
#16568 = DIRECTION('',(1.,0.,-0.));
#16569 = DIRECTION('',(0.,2.22044604925E-16,1.));
#16570 = PCURVE('',#16104,#16571);
#16571 = DEFINITIONAL_REPRESENTATION('',(#16572),#16576);
#16572 = LINE('',#16573,#16574);
#16573 = CARTESIAN_POINT('',(0.,0.5));
#16574 = VECTOR('',#16575,1.);
#16575 = DIRECTION('',(1.,0.));
#16576 = ( GEOMETRIC_REPRESENTATION_CONTEXT(2) 
PARAMETRIC_REPRESENTATION_CONTEXT() REPRESENTATION_CONTEXT('2D SPACE',''
  ) );
#16577 = PCURVE('',#15642,#16578);
#16578 = DEFINITIONAL_REPRESENTATION('',(#16579),#16583);
#16579 = CIRCLE('',#16580,0.2);
#16580 = AXIS2_PLACEMENT_2D('',#16581,#16582);
#16581 = CARTESIAN_POINT('',(0.4,0.));
#16582 = DIRECTION('',(0.,1.));
#16583 = ( GEOMETRIC_REPRESENTATION_CONTEXT(2) 
PARAMETRIC_REPRESENTATION_CONTEXT() REPRESENTATION_CONTEXT('2D SPACE',''
  ) );
#16584 = ADVANCED_FACE('',(#16585),#16178,.T.);
#16585 = FACE_BOUND('',#16586,.T.);
#16586 = EDGE_LOOP('',(#16587,#16588,#16611,#16632));
#16587 = ORIENTED_EDGE('',*,*,#16293,.F.);
#16588 = ORIENTED_EDGE('',*,*,#16589,.T.);
#16589 = EDGE_CURVE('',#16294,#16590,#16592,.T.);
#16590 = VERTEX_POINT('',#16591);
#16591 = CARTESIAN_POINT('',(2.155,0.50621792591,1.480666200496));
#16592 = SURFACE_CURVE('',#16593,(#16597,#16604),.PCURVE_S1.);
#16593 = LINE('',#16594,#16595);
#16594 = CARTESIAN_POINT('',(2.155,0.599238939618,0.417431148549));
#16595 = VECTOR('',#16596,1.);
#16596 = DIRECTION('',(0.,-8.715574274748E-02,0.996194698092));
#16597 = PCURVE('',#16178,#16598);
#16598 = DEFINITIONAL_REPRESENTATION('',(#16599),#16603);
#16599 = LINE('',#16600,#16601);
#16600 = CARTESIAN_POINT('',(0.5,0.230073681444));
#16601 = VECTOR('',#16602,1.);
#16602 = DIRECTION('',(0.,1.));
#16603 = ( GEOMETRIC_REPRESENTATION_CONTEXT(2) 
PARAMETRIC_REPRESENTATION_CONTEXT() REPRESENTATION_CONTEXT('2D SPACE',''
  ) );
#16604 = PCURVE('',#15642,#16605);
#16605 = DEFINITIONAL_REPRESENTATION('',(#16606),#16610);
#16606 = LINE('',#16607,#16608);
#16607 = CARTESIAN_POINT('',(1.399238939618,-2.449507487708E-02));
#16608 = VECTOR('',#16609,1.);
#16609 = DIRECTION('',(-8.715574274748E-02,0.996194698092));
#16610 = ( GEOMETRIC_REPRESENTATION_CONTEXT(2) 
PARAMETRIC_REPRESENTATION_CONTEXT() REPRESENTATION_CONTEXT('2D SPACE',''
  ) );
#16611 = ORIENTED_EDGE('',*,*,#16612,.F.);
#16612 = EDGE_CURVE('',#16163,#16590,#16613,.T.);
#16613 = SURFACE_CURVE('',#16614,(#16618,#16625),.PCURVE_S1.);
#16614 = LINE('',#16615,#16616);
#16615 = CARTESIAN_POINT('',(1.655,0.50621792591,1.480666200496));
#16616 = VECTOR('',#16617,1.);
#16617 = DIRECTION('',(1.,0.,0.));
#16618 = PCURVE('',#16178,#16619);
#16619 = DEFINITIONAL_REPRESENTATION('',(#16620),#16624);
#16620 = LINE('',#16621,#16622);
#16621 = CARTESIAN_POINT('',(0.,1.29737011856));
#16622 = VECTOR('',#16623,1.);
#16623 = DIRECTION('',(1.,0.));
#16624 = ( GEOMETRIC_REPRESENTATION_CONTEXT(2) 
PARAMETRIC_REPRESENTATION_CONTEXT() REPRESENTATION_CONTEXT('2D SPACE',''
  ) );
#16625 = PCURVE('',#16206,#16626);
#16626 = DEFINITIONAL_REPRESENTATION('',(#16627),#16631);
#16627 = LINE('',#16628,#16629);
#16628 = CARTESIAN_POINT('',(0.,0.));
#16629 = VECTOR('',#16630,1.);
#16630 = DIRECTION('',(0.,1.));
#16631 = ( GEOMETRIC_REPRESENTATION_CONTEXT(2) 
PARAMETRIC_REPRESENTATION_CONTEXT() REPRESENTATION_CONTEXT('2D SPACE',''
  ) );
#16632 = ORIENTED_EDGE('',*,*,#16162,.F.);
#16633 = ADVANCED_FACE('',(#16634),#16206,.T.);
#16634 = FACE_BOUND('',#16635,.T.);
#16635 = EDGE_LOOP('',(#16636,#16659,#16680,#16681));
#16636 = ORIENTED_EDGE('',*,*,#16637,.T.);
#16637 = EDGE_CURVE('',#16590,#16638,#16640,.T.);
#16638 = VERTEX_POINT('',#16639);
#16639 = CARTESIAN_POINT('',(2.155,0.705456865528,1.498097349046));
#16640 = SURFACE_CURVE('',#16641,(#16645,#16652),.PCURVE_S1.);
#16641 = LINE('',#16642,#16643);
#16642 = CARTESIAN_POINT('',(2.155,0.50621792591,1.480666200496));
#16643 = VECTOR('',#16644,1.);
#16644 = DIRECTION('',(0.,0.996194698092,8.715574274779E-02));
#16645 = PCURVE('',#16206,#16646);
#16646 = DEFINITIONAL_REPRESENTATION('',(#16647),#16651);
#16647 = LINE('',#16648,#16649);
#16648 = CARTESIAN_POINT('',(0.,0.5));
#16649 = VECTOR('',#16650,1.);
#16650 = DIRECTION('',(-1.,0.));
#16651 = ( GEOMETRIC_REPRESENTATION_CONTEXT(2) 
PARAMETRIC_REPRESENTATION_CONTEXT() REPRESENTATION_CONTEXT('2D SPACE',''
  ) );
#16652 = PCURVE('',#15642,#16653);
#16653 = DEFINITIONAL_REPRESENTATION('',(#16654),#16658);
#16654 = LINE('',#16655,#16656);
#16655 = CARTESIAN_POINT('',(1.30621792591,1.03873997707));
#16656 = VECTOR('',#16657,1.);
#16657 = DIRECTION('',(0.996194698092,8.715574274779E-02));
#16658 = ( GEOMETRIC_REPRESENTATION_CONTEXT(2) 
PARAMETRIC_REPRESENTATION_CONTEXT() REPRESENTATION_CONTEXT('2D SPACE',''
  ) );
#16659 = ORIENTED_EDGE('',*,*,#16660,.F.);
#16660 = EDGE_CURVE('',#16191,#16638,#16661,.T.);
#16661 = SURFACE_CURVE('',#16662,(#16666,#16673),.PCURVE_S1.);
#16662 = LINE('',#16663,#16664);
#16663 = CARTESIAN_POINT('',(1.655,0.705456865528,1.498097349046));
#16664 = VECTOR('',#16665,1.);
#16665 = DIRECTION('',(1.,0.,0.));
#16666 = PCURVE('',#16206,#16667);
#16667 = DEFINITIONAL_REPRESENTATION('',(#16668),#16672);
#16668 = LINE('',#16669,#16670);
#16669 = CARTESIAN_POINT('',(-0.2,0.));
#16670 = VECTOR('',#16671,1.);
#16671 = DIRECTION('',(0.,1.));
#16672 = ( GEOMETRIC_REPRESENTATION_CONTEXT(2) 
PARAMETRIC_REPRESENTATION_CONTEXT() REPRESENTATION_CONTEXT('2D SPACE',''
  ) );
#16673 = PCURVE('',#15819,#16674);
#16674 = DEFINITIONAL_REPRESENTATION('',(#16675),#16679);
#16675 = LINE('',#16676,#16677);
#16676 = CARTESIAN_POINT('',(0.,0.));
#16677 = VECTOR('',#16678,1.);
#16678 = DIRECTION('',(-1.,0.));
#16679 = ( GEOMETRIC_REPRESENTATION_CONTEXT(2) 
PARAMETRIC_REPRESENTATION_CONTEXT() REPRESENTATION_CONTEXT('2D SPACE',''
  ) );
#16680 = ORIENTED_EDGE('',*,*,#16190,.F.);
#16681 = ORIENTED_EDGE('',*,*,#16612,.T.);
#16682 = ADVANCED_FACE('',(#16683),#15819,.T.);
#16683 = FACE_BOUND('',#16684,.T.);
#16684 = EDGE_LOOP('',(#16685,#16686,#16687,#16688));
#16685 = ORIENTED_EDGE('',*,*,#15803,.F.);
#16686 = ORIENTED_EDGE('',*,*,#16218,.F.);
#16687 = ORIENTED_EDGE('',*,*,#16660,.T.);
#16688 = ORIENTED_EDGE('',*,*,#16689,.T.);
#16689 = EDGE_CURVE('',#16638,#15804,#16690,.T.);
#16690 = SURFACE_CURVE('',#16691,(#16695,#16702),.PCURVE_S1.);
#16691 = LINE('',#16692,#16693);
#16692 = CARTESIAN_POINT('',(2.155,0.705456865528,1.498097349046));
#16693 = VECTOR('',#16694,1.);
#16694 = DIRECTION('',(0.,8.715574274749E-02,-0.996194698092));
#16695 = PCURVE('',#15819,#16696);
#16696 = DEFINITIONAL_REPRESENTATION('',(#16697),#16701);
#16697 = LINE('',#16698,#16699);
#16698 = CARTESIAN_POINT('',(-0.5,0.));
#16699 = VECTOR('',#16700,1.);
#16700 = DIRECTION('',(-0.,-1.));
#16701 = ( GEOMETRIC_REPRESENTATION_CONTEXT(2) 
PARAMETRIC_REPRESENTATION_CONTEXT() REPRESENTATION_CONTEXT('2D SPACE',''
  ) );
#16702 = PCURVE('',#15642,#16703);
#16703 = DEFINITIONAL_REPRESENTATION('',(#16704),#16708);
#16704 = LINE('',#16705,#16706);
#16705 = CARTESIAN_POINT('',(1.505456865528,1.056171125619));
#16706 = VECTOR('',#16707,1.);
#16707 = DIRECTION('',(8.715574274749E-02,-0.996194698092));
#16708 = ( GEOMETRIC_REPRESENTATION_CONTEXT(2) 
PARAMETRIC_REPRESENTATION_CONTEXT() REPRESENTATION_CONTEXT('2D SPACE',''
  ) );
#16709 = ADVANCED_FACE('',(#16710),#15987,.T.);
#16710 = FACE_BOUND('',#16711,.T.);
#16711 = EDGE_LOOP('',(#16712,#16738,#16739,#16740));
#16712 = ORIENTED_EDGE('',*,*,#16713,.T.);
#16713 = EDGE_CURVE('',#16245,#16392,#16714,.T.);
#16714 = SURFACE_CURVE('',#16715,(#16720,#16727),.PCURVE_S1.);
#16715 = CIRCLE('',#16716,0.4);
#16716 = AXIS2_PLACEMENT_3D('',#16717,#16718,#16719);
#16717 = CARTESIAN_POINT('',(2.155,-0.4,0.441926223426));
#16718 = DIRECTION('',(-1.,0.,0.));
#16719 = DIRECTION('',(0.,2.22044604925E-16,1.));
#16720 = PCURVE('',#15987,#16721);
#16721 = DEFINITIONAL_REPRESENTATION('',(#16722),#16726);
#16722 = LINE('',#16723,#16724);
#16723 = CARTESIAN_POINT('',(6.28318530718,0.5));
#16724 = VECTOR('',#16725,1.);
#16725 = DIRECTION('',(-1.,0.));
#16726 = ( GEOMETRIC_REPRESENTATION_CONTEXT(2) 
PARAMETRIC_REPRESENTATION_CONTEXT() REPRESENTATION_CONTEXT('2D SPACE',''
  ) );
#16727 = PCURVE('',#15642,#16728);
#16728 = DEFINITIONAL_REPRESENTATION('',(#16729),#16737);
#16729 = ( BOUNDED_CURVE() B_SPLINE_CURVE(2,(#16730,#16731,#16732,#16733
    ,#16734,#16735,#16736),.UNSPECIFIED.,.T.,.F.) 
B_SPLINE_CURVE_WITH_KNOTS((1,2,2,2,2,1),(-2.094395102393,0.,
    2.094395102393,4.188790204786,6.28318530718,8.377580409573),
.UNSPECIFIED.) CURVE() GEOMETRIC_REPRESENTATION_ITEM() 
RATIONAL_B_SPLINE_CURVE((1.,0.5,1.,0.5,1.,0.5,1.)) REPRESENTATION_ITEM(
  '') );
#16730 = CARTESIAN_POINT('',(0.4,0.4));
#16731 = CARTESIAN_POINT('',(1.092820323028,0.4));
#16732 = CARTESIAN_POINT('',(0.746410161514,-0.2));
#16733 = CARTESIAN_POINT('',(0.4,-0.8));
#16734 = CARTESIAN_POINT('',(5.358983848622E-02,-0.2));
#16735 = CARTESIAN_POINT('',(-0.292820323028,0.4));
#16736 = CARTESIAN_POINT('',(0.4,0.4));
#16737 = ( GEOMETRIC_REPRESENTATION_CONTEXT(2) 
PARAMETRIC_REPRESENTATION_CONTEXT() REPRESENTATION_CONTEXT('2D SPACE',''
  ) );
#16738 = ORIENTED_EDGE('',*,*,#16438,.F.);
#16739 = ORIENTED_EDGE('',*,*,#15970,.F.);
#16740 = ORIENTED_EDGE('',*,*,#16267,.T.);
#16741 = ADVANCED_FACE('',(#16742),#15642,.T.);
#16742 = FACE_BOUND('',#16743,.T.);
#16743 = EDGE_LOOP('',(#16744,#16745,#16746,#16747,#16748,#16749,#16750,
    #16751,#16752,#16753,#16754,#16755,#16756,#16757));
#16744 = ORIENTED_EDGE('',*,*,#15831,.F.);
#16745 = ORIENTED_EDGE('',*,*,#16689,.F.);
#16746 = ORIENTED_EDGE('',*,*,#16637,.F.);
#16747 = ORIENTED_EDGE('',*,*,#16589,.F.);
#16748 = ORIENTED_EDGE('',*,*,#16316,.F.);
#16749 = ORIENTED_EDGE('',*,*,#15618,.F.);
#16750 = ORIENTED_EDGE('',*,*,#16367,.F.);
#16751 = ORIENTED_EDGE('',*,*,#16563,.F.);
#16752 = ORIENTED_EDGE('',*,*,#16511,.F.);
#16753 = ORIENTED_EDGE('',*,*,#16462,.F.);
#16754 = ORIENTED_EDGE('',*,*,#16391,.F.);
#16755 = ORIENTED_EDGE('',*,*,#16713,.F.);
#16756 = ORIENTED_EDGE('',*,*,#16244,.F.);
#16757 = ORIENTED_EDGE('',*,*,#15861,.F.);
#16758 = ( GEOMETRIC_REPRESENTATION_CONTEXT(3) 
GLOBAL_UNCERTAINTY_ASSIGNED_CONTEXT((#16762)) 
GLOBAL_UNIT_ASSIGNED_CONTEXT((#16759,#16760,#16761)) 
REPRESENTATION_CONTEXT('Context #1',
  '3D Context with UNIT and UNCERTAINTY') );
#16759 = ( LENGTH_UNIT() NAMED_UNIT(*) SI_UNIT(.MILLI.,.METRE.) );
#16760 = ( NAMED_UNIT(*) PLANE_ANGLE_UNIT() SI_UNIT($,.RADIAN.) );
#16761 = ( NAMED_UNIT(*) SI_UNIT($,.STERADIAN.) SOLID_ANGLE_UNIT() );
#16762 = UNCERTAINTY_MEASURE_WITH_UNIT(LENGTH_MEASURE(2.E-06),#16759,
  'distance_accuracy_value','confusion accuracy');
#16763 = PRODUCT_RELATED_PRODUCT_CATEGORY('part',$,(#7));
ENDSEC;
END-ISO-10303-21;
