ISO-10303-21;
HEADER;
FILE_DESCRIPTION(('FreeCAD Model'),'2;1');
FILE_NAME('Open CASCADE Shape Model','2026-06-21T20:16:02',(''),(''),
  'Open CASCADE STEP processor 7.8','FreeCAD','Unknown');
FILE_SCHEMA(('AUTOMOTIVE_DESIGN { 1 0 10303 214 1 1 1 1 }'));
ENDSEC;
DATA;
#1 = APPLICATION_PROTOCOL_DEFINITION('international standard',
  'automotive_design',2000,#2);
#2 = APPLICATION_CONTEXT(
  'core data for automotive mechanical design processes');
#3 = SHAPE_DEFINITION_REPRESENTATION(#4,#10);
#4 = PRODUCT_DEFINITION_SHAPE('','',#5);
#5 = PRODUCT_DEFINITION('design','',#6,#9);
#6 = PRODUCT_DEFINITION_FORMATION('','',#7);
#7 = PRODUCT('Unnamed','Unnamed','',(#8));
#8 = PRODUCT_CONTEXT('',#2,'mechanical');
#9 = PRODUCT_DEFINITION_CONTEXT('part definition',#2,'design');
#10 = SHAPE_REPRESENTATION('',(#11,#15,#19,#23,#27,#31),#35);
#11 = AXIS2_PLACEMENT_3D('',#12,#13,#14);
#12 = CARTESIAN_POINT('',(0.,0.,0.));
#13 = DIRECTION('',(0.,0.,1.));
#14 = DIRECTION('',(1.,0.,-0.));
#15 = AXIS2_PLACEMENT_3D('',#16,#17,#18);
#16 = CARTESIAN_POINT('',(0.,0.,0.));
#17 = DIRECTION('',(0.,0.,1.));
#18 = DIRECTION('',(1.,0.,0.));
#19 = AXIS2_PLACEMENT_3D('',#20,#21,#22);
#20 = CARTESIAN_POINT('',(0.,0.,0.279));
#21 = DIRECTION('',(0.,0.,1.));
#22 = DIRECTION('',(1.,0.,0.));
#23 = AXIS2_PLACEMENT_3D('',#24,#25,#26);
#24 = CARTESIAN_POINT('',(0.,0.,0.));
#25 = DIRECTION('',(0.,0.,1.));
#26 = DIRECTION('',(1.,0.,0.));
#27 = AXIS2_PLACEMENT_3D('',#28,#29,#30);
#28 = CARTESIAN_POINT('',(0.,0.,0.));
#29 = DIRECTION('',(0.,0.,1.));
#30 = DIRECTION('',(1.,0.,0.));
#31 = AXIS2_PLACEMENT_3D('',#32,#33,#34);
#32 = CARTESIAN_POINT('',(0.,0.,0.));
#33 = DIRECTION('',(0.,0.,1.));
#34 = DIRECTION('',(1.,0.,0.));
#35 = ( GEOMETRIC_REPRESENTATION_CONTEXT(3) 
GLOBAL_UNCERTAINTY_ASSIGNED_CONTEXT((#39)) GLOBAL_UNIT_ASSIGNED_CONTEXT(
(#36,#37,#38)) REPRESENTATION_CONTEXT('Context #1',
  '3D Context with UNIT and UNCERTAINTY') );
#36 = ( LENGTH_UNIT() NAMED_UNIT(*) SI_UNIT(.MILLI.,.METRE.) );
#37 = ( NAMED_UNIT(*) PLANE_ANGLE_UNIT() SI_UNIT($,.RADIAN.) );
#38 = ( NAMED_UNIT(*) SI_UNIT($,.STERADIAN.) SOLID_ANGLE_UNIT() );
#39 = UNCERTAINTY_MEASURE_WITH_UNIT(LENGTH_MEASURE(1.E-07),#36,
  'distance_accuracy_value','confusion accuracy');
#40 = PRODUCT_RELATED_PRODUCT_CATEGORY('part',$,(#7));
#41 = SHAPE_DEFINITION_REPRESENTATION(#42,#48);
#42 = PRODUCT_DEFINITION_SHAPE('','',#43);
#43 = PRODUCT_DEFINITION('design','',#44,#47);
#44 = PRODUCT_DEFINITION_FORMATION('','',#45);
#45 = PRODUCT('Body003','Body003','',(#46));
#46 = PRODUCT_CONTEXT('',#2,'mechanical');
#47 = PRODUCT_DEFINITION_CONTEXT('part definition',#2,'design');
#48 = SHAPE_REPRESENTATION('',(#11,#49,#528,#908,#1286),#1664);
#49 = MANIFOLD_SOLID_BREP('',#50);
#50 = CLOSED_SHELL('',(#51,#83,#114,#205,#230,#270,#318,#375,#392,#409,
    #426,#443,#463,#480,#502,#516));
#51 = ADVANCED_FACE('',(#52),#78,.F.);
#52 = FACE_BOUND('',#53,.F.);
#53 = EDGE_LOOP('',(#54,#64,#72));
#54 = ORIENTED_EDGE('',*,*,#55,.F.);
#55 = EDGE_CURVE('',#56,#58,#60,.T.);
#56 = VERTEX_POINT('',#57);
#57 = CARTESIAN_POINT('',(0.9125,-0.1,0.14));
#58 = VERTEX_POINT('',#59);
#59 = CARTESIAN_POINT('',(0.725,-1.E-01,0.14));
#60 = LINE('',#61,#62);
#61 = CARTESIAN_POINT('',(1.1,-1.E-01,0.14));
#62 = VECTOR('',#63,1.);
#63 = DIRECTION('',(-1.,0.,0.));
#64 = ORIENTED_EDGE('',*,*,#65,.T.);
#65 = EDGE_CURVE('',#56,#66,#68,.T.);
#66 = VERTEX_POINT('',#67);
#67 = CARTESIAN_POINT('',(0.725,4.649105497001E-02,0.14));
#68 = LINE('',#69,#70);
#69 = CARTESIAN_POINT('',(0.9125,-0.1,0.14));
#70 = VECTOR('',#71,1.);
#71 = DIRECTION('',(-0.788010753607,0.615661475326,0.));
#72 = ORIENTED_EDGE('',*,*,#73,.T.);
#73 = EDGE_CURVE('',#66,#58,#74,.T.);
#74 = LINE('',#75,#76);
#75 = CARTESIAN_POINT('',(0.725,4.649105497001E-02,0.14));
#76 = VECTOR('',#77,1.);
#77 = DIRECTION('',(0.,-1.,0.));
#78 = PLANE('',#79);
#79 = AXIS2_PLACEMENT_3D('',#80,#81,#82);
#80 = CARTESIAN_POINT('',(1.772267672576E-02,-7.30259754092E-03,0.14));
#81 = DIRECTION('',(0.,0.,1.));
#82 = DIRECTION('',(1.,0.,0.));
#83 = ADVANCED_FACE('',(#84),#109,.F.);
#84 = FACE_BOUND('',#85,.F.);
#85 = EDGE_LOOP('',(#86,#94,#102,#108));
#86 = ORIENTED_EDGE('',*,*,#87,.T.);
#87 = EDGE_CURVE('',#56,#88,#90,.T.);
#88 = VERTEX_POINT('',#89);
#89 = CARTESIAN_POINT('',(0.9125,-0.1,0.28));
#90 = LINE('',#91,#92);
#91 = CARTESIAN_POINT('',(0.9125,-0.1,0.14));
#92 = VECTOR('',#93,1.);
#93 = DIRECTION('',(0.,0.,1.));
#94 = ORIENTED_EDGE('',*,*,#95,.T.);
#95 = EDGE_CURVE('',#88,#96,#98,.T.);
#96 = VERTEX_POINT('',#97);
#97 = CARTESIAN_POINT('',(0.725,4.649105497001E-02,0.28));
#98 = LINE('',#99,#100);
#99 = CARTESIAN_POINT('',(0.9125,-0.1,0.28));
#100 = VECTOR('',#101,1.);
#101 = DIRECTION('',(-0.788010753607,0.615661475326,0.));
#102 = ORIENTED_EDGE('',*,*,#103,.F.);
#103 = EDGE_CURVE('',#66,#96,#104,.T.);
#104 = LINE('',#105,#106);
#105 = CARTESIAN_POINT('',(0.725,4.649105497001E-02,0.14));
#106 = VECTOR('',#107,1.);
#107 = DIRECTION('',(0.,0.,1.));
#108 = ORIENTED_EDGE('',*,*,#65,.F.);
#109 = PLANE('',#110);
#110 = AXIS2_PLACEMENT_3D('',#111,#112,#113);
#111 = CARTESIAN_POINT('',(0.9125,-0.1,0.14));
#112 = DIRECTION('',(-0.615661475326,-0.788010753607,0.));
#113 = DIRECTION('',(-0.788010753607,0.615661475326,0.));
#114 = ADVANCED_FACE('',(#115),#200,.T.);
#115 = FACE_BOUND('',#116,.F.);
#116 = EDGE_LOOP('',(#117,#127,#136,#144,#152,#161,#169,#178,#187,#193,
    #194));
#117 = ORIENTED_EDGE('',*,*,#118,.T.);
#118 = EDGE_CURVE('',#119,#121,#123,.T.);
#119 = VERTEX_POINT('',#120);
#120 = CARTESIAN_POINT('',(1.1,-0.1,0.28));
#121 = VERTEX_POINT('',#122);
#122 = CARTESIAN_POINT('',(1.1,-0.253220746415,0.28));
#123 = LINE('',#124,#125);
#124 = CARTESIAN_POINT('',(1.1,-0.1,0.28));
#125 = VECTOR('',#126,1.);
#126 = DIRECTION('',(0.,-1.,0.));
#127 = ORIENTED_EDGE('',*,*,#128,.T.);
#128 = EDGE_CURVE('',#121,#129,#131,.T.);
#129 = VERTEX_POINT('',#130);
#130 = CARTESIAN_POINT('',(1.1,-0.746779253585,0.28));
#131 = CIRCLE('',#132,0.25);
#132 = AXIS2_PLACEMENT_3D('',#133,#134,#135);
#133 = CARTESIAN_POINT('',(1.14,-0.5,0.28));
#134 = DIRECTION('',(0.,0.,1.));
#135 = DIRECTION('',(1.,0.,0.));
#136 = ORIENTED_EDGE('',*,*,#137,.T.);
#137 = EDGE_CURVE('',#129,#138,#140,.T.);
#138 = VERTEX_POINT('',#139);
#139 = CARTESIAN_POINT('',(1.1,-0.9,0.28));
#140 = LINE('',#141,#142);
#141 = CARTESIAN_POINT('',(1.1,-0.746779253585,0.28));
#142 = VECTOR('',#143,1.);
#143 = DIRECTION('',(0.,-1.,0.));
#144 = ORIENTED_EDGE('',*,*,#145,.T.);
#145 = EDGE_CURVE('',#138,#146,#148,.T.);
#146 = VERTEX_POINT('',#147);
#147 = CARTESIAN_POINT('',(0.8,-0.9,0.28));
#148 = LINE('',#149,#150);
#149 = CARTESIAN_POINT('',(1.1,-0.9,0.28));
#150 = VECTOR('',#151,1.);
#151 = DIRECTION('',(-1.,-3.700743415417E-16,0.));
#152 = ORIENTED_EDGE('',*,*,#153,.F.);
#153 = EDGE_CURVE('',#154,#146,#156,.T.);
#154 = VERTEX_POINT('',#155);
#155 = CARTESIAN_POINT('',(0.725,-0.835385760083,0.28));
#156 = CIRCLE('',#157,7.583467678835E-02);
#157 = AXIS2_PLACEMENT_3D('',#158,#159,#160);
#158 = CARTESIAN_POINT('',(0.8,-0.824165323212,0.28));
#159 = DIRECTION('',(0.,0.,1.));
#160 = DIRECTION('',(1.,0.,0.));
#161 = ORIENTED_EDGE('',*,*,#162,.F.);
#162 = EDGE_CURVE('',#163,#154,#165,.T.);
#163 = VERTEX_POINT('',#164);
#164 = CARTESIAN_POINT('',(0.725,-0.435385760083,0.28));
#165 = LINE('',#166,#167);
#166 = CARTESIAN_POINT('',(0.725,-0.435385760083,0.28));
#167 = VECTOR('',#168,1.);
#168 = DIRECTION('',(-2.775557561563E-16,-1.,0.));
#169 = ORIENTED_EDGE('',*,*,#170,.F.);
#170 = EDGE_CURVE('',#171,#163,#173,.T.);
#171 = VERTEX_POINT('',#172);
#172 = CARTESIAN_POINT('',(0.762317794967,-0.316271526428,0.28));
#173 = CIRCLE('',#174,0.42);
#174 = AXIS2_PLACEMENT_3D('',#175,#176,#177);
#175 = CARTESIAN_POINT('',(1.14,-0.5,0.28));
#176 = DIRECTION('',(0.,0.,1.));
#177 = DIRECTION('',(1.,0.,0.));
#178 = ORIENTED_EDGE('',*,*,#179,.T.);
#179 = EDGE_CURVE('',#171,#180,#182,.T.);
#180 = VERTEX_POINT('',#181);
#181 = CARTESIAN_POINT('',(0.725,-0.18350894503,0.28));
#182 = CIRCLE('',#183,0.103773684234);
#183 = AXIS2_PLACEMENT_3D('',#184,#185,#186);
#184 = CARTESIAN_POINT('',(0.669,-0.27087585833,0.28));
#185 = DIRECTION('',(0.,0.,1.));
#186 = DIRECTION('',(1.,0.,0.));
#187 = ORIENTED_EDGE('',*,*,#188,.F.);
#188 = EDGE_CURVE('',#96,#180,#189,.T.);
#189 = LINE('',#190,#191);
#190 = CARTESIAN_POINT('',(0.725,4.649105497001E-02,0.28));
#191 = VECTOR('',#192,1.);
#192 = DIRECTION('',(0.,-1.,0.));
#193 = ORIENTED_EDGE('',*,*,#95,.F.);
#194 = ORIENTED_EDGE('',*,*,#195,.F.);
#195 = EDGE_CURVE('',#119,#88,#196,.T.);
#196 = LINE('',#197,#198);
#197 = CARTESIAN_POINT('',(1.1,-0.1,0.28));
#198 = VECTOR('',#199,1.);
#199 = DIRECTION('',(-1.,0.,0.));
#200 = PLANE('',#201);
#201 = AXIS2_PLACEMENT_3D('',#202,#203,#204);
#202 = CARTESIAN_POINT('',(1.772267672576E-02,-7.30259754092E-03,0.28));
#203 = DIRECTION('',(0.,0.,1.));
#204 = DIRECTION('',(1.,0.,0.));
#205 = ADVANCED_FACE('',(#206),#225,.F.);
#206 = FACE_BOUND('',#207,.F.);
#207 = EDGE_LOOP('',(#208,#209,#210,#218,#224));
#208 = ORIENTED_EDGE('',*,*,#103,.T.);
#209 = ORIENTED_EDGE('',*,*,#188,.T.);
#210 = ORIENTED_EDGE('',*,*,#211,.F.);
#211 = EDGE_CURVE('',#212,#180,#214,.T.);
#212 = VERTEX_POINT('',#213);
#213 = CARTESIAN_POINT('',(0.725,-0.18350894503,0.14));
#214 = LINE('',#215,#216);
#215 = CARTESIAN_POINT('',(0.725,-0.18350894503,0.14));
#216 = VECTOR('',#217,1.);
#217 = DIRECTION('',(0.,0.,1.));
#218 = ORIENTED_EDGE('',*,*,#219,.F.);
#219 = EDGE_CURVE('',#58,#212,#220,.T.);
#220 = LINE('',#221,#222);
#221 = CARTESIAN_POINT('',(0.725,4.649105497001E-02,0.14));
#222 = VECTOR('',#223,1.);
#223 = DIRECTION('',(0.,-1.,0.));
#224 = ORIENTED_EDGE('',*,*,#73,.F.);
#225 = PLANE('',#226);
#226 = AXIS2_PLACEMENT_3D('',#227,#228,#229);
#227 = CARTESIAN_POINT('',(0.725,4.649105497001E-02,0.14));
#228 = DIRECTION('',(1.,0.,0.));
#229 = DIRECTION('',(0.,-1.,0.));
#230 = ADVANCED_FACE('',(#231),#265,.F.);
#231 = FACE_BOUND('',#232,.F.);
#232 = EDGE_LOOP('',(#233,#243,#251,#259));
#233 = ORIENTED_EDGE('',*,*,#234,.T.);
#234 = EDGE_CURVE('',#235,#237,#239,.T.);
#235 = VERTEX_POINT('',#236);
#236 = CARTESIAN_POINT('',(0.55,-1.E-01,0.));
#237 = VERTEX_POINT('',#238);
#238 = CARTESIAN_POINT('',(0.55,-1.E-01,0.14));
#239 = LINE('',#240,#241);
#240 = CARTESIAN_POINT('',(0.55,-1.E-01,0.));
#241 = VECTOR('',#242,1.);
#242 = DIRECTION('',(0.,0.,1.));
#243 = ORIENTED_EDGE('',*,*,#244,.T.);
#244 = EDGE_CURVE('',#237,#245,#247,.T.);
#245 = VERTEX_POINT('',#246);
#246 = CARTESIAN_POINT('',(0.55,-0.9,0.14));
#247 = LINE('',#248,#249);
#248 = CARTESIAN_POINT('',(0.55,-1.E-01,0.14));
#249 = VECTOR('',#250,1.);
#250 = DIRECTION('',(0.,-1.,0.));
#251 = ORIENTED_EDGE('',*,*,#252,.F.);
#252 = EDGE_CURVE('',#253,#245,#255,.T.);
#253 = VERTEX_POINT('',#254);
#254 = CARTESIAN_POINT('',(0.55,-0.9,0.));
#255 = LINE('',#256,#257);
#256 = CARTESIAN_POINT('',(0.55,-0.9,0.));
#257 = VECTOR('',#258,1.);
#258 = DIRECTION('',(0.,0.,1.));
#259 = ORIENTED_EDGE('',*,*,#260,.F.);
#260 = EDGE_CURVE('',#235,#253,#261,.T.);
#261 = LINE('',#262,#263);
#262 = CARTESIAN_POINT('',(0.55,-1.E-01,0.));
#263 = VECTOR('',#264,1.);
#264 = DIRECTION('',(0.,-1.,0.));
#265 = PLANE('',#266);
#266 = AXIS2_PLACEMENT_3D('',#267,#268,#269);
#267 = CARTESIAN_POINT('',(0.55,-1.E-01,0.));
#268 = DIRECTION('',(1.,0.,0.));
#269 = DIRECTION('',(0.,-1.,0.));
#270 = ADVANCED_FACE('',(#271),#313,.F.);
#271 = FACE_BOUND('',#272,.F.);
#272 = EDGE_LOOP('',(#273,#281,#282,#290,#298,#307));
#273 = ORIENTED_EDGE('',*,*,#274,.T.);
#274 = EDGE_CURVE('',#275,#235,#277,.T.);
#275 = VERTEX_POINT('',#276);
#276 = CARTESIAN_POINT('',(1.1,-1.E-01,0.));
#277 = LINE('',#278,#279);
#278 = CARTESIAN_POINT('',(1.1,-1.E-01,0.));
#279 = VECTOR('',#280,1.);
#280 = DIRECTION('',(-1.,0.,0.));
#281 = ORIENTED_EDGE('',*,*,#260,.T.);
#282 = ORIENTED_EDGE('',*,*,#283,.T.);
#283 = EDGE_CURVE('',#253,#284,#286,.T.);
#284 = VERTEX_POINT('',#285);
#285 = CARTESIAN_POINT('',(1.1,-0.9,0.));
#286 = LINE('',#287,#288);
#287 = CARTESIAN_POINT('',(0.55,-0.9,0.));
#288 = VECTOR('',#289,1.);
#289 = DIRECTION('',(1.,0.,0.));
#290 = ORIENTED_EDGE('',*,*,#291,.T.);
#291 = EDGE_CURVE('',#284,#292,#294,.T.);
#292 = VERTEX_POINT('',#293);
#293 = CARTESIAN_POINT('',(1.1,-0.746779253585,0.));
#294 = LINE('',#295,#296);
#295 = CARTESIAN_POINT('',(1.1,-0.9,0.));
#296 = VECTOR('',#297,1.);
#297 = DIRECTION('',(0.,1.,0.));
#298 = ORIENTED_EDGE('',*,*,#299,.F.);
#299 = EDGE_CURVE('',#300,#292,#302,.T.);
#300 = VERTEX_POINT('',#301);
#301 = CARTESIAN_POINT('',(1.1,-0.253220746415,0.));
#302 = CIRCLE('',#303,0.25);
#303 = AXIS2_PLACEMENT_3D('',#304,#305,#306);
#304 = CARTESIAN_POINT('',(1.14,-0.5,0.));
#305 = DIRECTION('',(0.,0.,1.));
#306 = DIRECTION('',(1.,0.,0.));
#307 = ORIENTED_EDGE('',*,*,#308,.F.);
#308 = EDGE_CURVE('',#275,#300,#309,.T.);
#309 = LINE('',#310,#311);
#310 = CARTESIAN_POINT('',(1.1,-1.E-01,0.));
#311 = VECTOR('',#312,1.);
#312 = DIRECTION('',(0.,-1.,0.));
#313 = PLANE('',#314);
#314 = AXIS2_PLACEMENT_3D('',#315,#316,#317);
#315 = CARTESIAN_POINT('',(1.394598836426E-16,-4.388177373237E-17,0.));
#316 = DIRECTION('',(0.,0.,1.));
#317 = DIRECTION('',(1.,0.,0.));
#318 = ADVANCED_FACE('',(#319),#370,.T.);
#319 = FACE_BOUND('',#320,.T.);
#320 = EDGE_LOOP('',(#321,#322,#328,#329,#337,#346,#354,#363));
#321 = ORIENTED_EDGE('',*,*,#219,.F.);
#322 = ORIENTED_EDGE('',*,*,#323,.T.);
#323 = EDGE_CURVE('',#58,#237,#324,.T.);
#324 = LINE('',#325,#326);
#325 = CARTESIAN_POINT('',(1.1,-1.E-01,0.14));
#326 = VECTOR('',#327,1.);
#327 = DIRECTION('',(-1.,0.,0.));
#328 = ORIENTED_EDGE('',*,*,#244,.T.);
#329 = ORIENTED_EDGE('',*,*,#330,.T.);
#330 = EDGE_CURVE('',#245,#331,#333,.T.);
#331 = VERTEX_POINT('',#332);
#332 = CARTESIAN_POINT('',(0.8,-0.9,0.14));
#333 = LINE('',#334,#335);
#334 = CARTESIAN_POINT('',(0.55,-0.9,0.14));
#335 = VECTOR('',#336,1.);
#336 = DIRECTION('',(1.,0.,0.));
#337 = ORIENTED_EDGE('',*,*,#338,.F.);
#338 = EDGE_CURVE('',#339,#331,#341,.T.);
#339 = VERTEX_POINT('',#340);
#340 = CARTESIAN_POINT('',(0.725,-0.835385760083,0.14));
#341 = CIRCLE('',#342,7.583467678835E-02);
#342 = AXIS2_PLACEMENT_3D('',#343,#344,#345);
#343 = CARTESIAN_POINT('',(0.8,-0.824165323212,0.14));
#344 = DIRECTION('',(0.,0.,1.));
#345 = DIRECTION('',(1.,0.,0.));
#346 = ORIENTED_EDGE('',*,*,#347,.F.);
#347 = EDGE_CURVE('',#348,#339,#350,.T.);
#348 = VERTEX_POINT('',#349);
#349 = CARTESIAN_POINT('',(0.725,-0.435385760083,0.14));
#350 = LINE('',#351,#352);
#351 = CARTESIAN_POINT('',(0.725,-0.435385760083,0.14));
#352 = VECTOR('',#353,1.);
#353 = DIRECTION('',(-2.775557561563E-16,-1.,0.));
#354 = ORIENTED_EDGE('',*,*,#355,.F.);
#355 = EDGE_CURVE('',#356,#348,#358,.T.);
#356 = VERTEX_POINT('',#357);
#357 = CARTESIAN_POINT('',(0.762317794967,-0.316271526428,0.14));
#358 = CIRCLE('',#359,0.42);
#359 = AXIS2_PLACEMENT_3D('',#360,#361,#362);
#360 = CARTESIAN_POINT('',(1.14,-0.5,0.14));
#361 = DIRECTION('',(0.,0.,1.));
#362 = DIRECTION('',(1.,0.,0.));
#363 = ORIENTED_EDGE('',*,*,#364,.T.);
#364 = EDGE_CURVE('',#356,#212,#365,.T.);
#365 = CIRCLE('',#366,0.103773684234);
#366 = AXIS2_PLACEMENT_3D('',#367,#368,#369);
#367 = CARTESIAN_POINT('',(0.669,-0.27087585833,0.14));
#368 = DIRECTION('',(0.,0.,1.));
#369 = DIRECTION('',(1.,0.,0.));
#370 = PLANE('',#371);
#371 = AXIS2_PLACEMENT_3D('',#372,#373,#374);
#372 = CARTESIAN_POINT('',(1.394598836426E-16,-4.388177373237E-17,0.14)
  );
#373 = DIRECTION('',(0.,0.,1.));
#374 = DIRECTION('',(1.,0.,0.));
#375 = ADVANCED_FACE('',(#376),#387,.F.);
#376 = FACE_BOUND('',#377,.T.);
#377 = EDGE_LOOP('',(#378,#384,#385,#386));
#378 = ORIENTED_EDGE('',*,*,#379,.T.);
#379 = EDGE_CURVE('',#356,#171,#380,.T.);
#380 = LINE('',#381,#382);
#381 = CARTESIAN_POINT('',(0.762317794967,-0.316271526428,0.14));
#382 = VECTOR('',#383,1.);
#383 = DIRECTION('',(0.,0.,1.));
#384 = ORIENTED_EDGE('',*,*,#179,.T.);
#385 = ORIENTED_EDGE('',*,*,#211,.F.);
#386 = ORIENTED_EDGE('',*,*,#364,.F.);
#387 = CYLINDRICAL_SURFACE('',#388,0.103773684234);
#388 = AXIS2_PLACEMENT_3D('',#389,#390,#391);
#389 = CARTESIAN_POINT('',(0.669,-0.27087585833,0.14));
#390 = DIRECTION('',(-0.,-0.,-1.));
#391 = DIRECTION('',(1.,0.,0.));
#392 = ADVANCED_FACE('',(#393),#404,.T.);
#393 = FACE_BOUND('',#394,.F.);
#394 = EDGE_LOOP('',(#395,#396,#397,#403));
#395 = ORIENTED_EDGE('',*,*,#379,.T.);
#396 = ORIENTED_EDGE('',*,*,#170,.T.);
#397 = ORIENTED_EDGE('',*,*,#398,.F.);
#398 = EDGE_CURVE('',#348,#163,#399,.T.);
#399 = LINE('',#400,#401);
#400 = CARTESIAN_POINT('',(0.725,-0.435385760083,0.14));
#401 = VECTOR('',#402,1.);
#402 = DIRECTION('',(0.,0.,1.));
#403 = ORIENTED_EDGE('',*,*,#355,.F.);
#404 = CYLINDRICAL_SURFACE('',#405,0.42);
#405 = AXIS2_PLACEMENT_3D('',#406,#407,#408);
#406 = CARTESIAN_POINT('',(1.14,-0.5,0.14));
#407 = DIRECTION('',(-0.,-0.,-1.));
#408 = DIRECTION('',(1.,0.,0.));
#409 = ADVANCED_FACE('',(#410),#421,.F.);
#410 = FACE_BOUND('',#411,.F.);
#411 = EDGE_LOOP('',(#412,#413,#414,#420));
#412 = ORIENTED_EDGE('',*,*,#398,.T.);
#413 = ORIENTED_EDGE('',*,*,#162,.T.);
#414 = ORIENTED_EDGE('',*,*,#415,.F.);
#415 = EDGE_CURVE('',#339,#154,#416,.T.);
#416 = LINE('',#417,#418);
#417 = CARTESIAN_POINT('',(0.725,-0.835385760083,0.14));
#418 = VECTOR('',#419,1.);
#419 = DIRECTION('',(0.,0.,1.));
#420 = ORIENTED_EDGE('',*,*,#347,.F.);
#421 = PLANE('',#422);
#422 = AXIS2_PLACEMENT_3D('',#423,#424,#425);
#423 = CARTESIAN_POINT('',(0.725,-0.435385760083,0.14));
#424 = DIRECTION('',(1.,-2.775557561563E-16,0.));
#425 = DIRECTION('',(-2.775557561563E-16,-1.,0.));
#426 = ADVANCED_FACE('',(#427),#438,.T.);
#427 = FACE_BOUND('',#428,.F.);
#428 = EDGE_LOOP('',(#429,#430,#431,#437));
#429 = ORIENTED_EDGE('',*,*,#415,.T.);
#430 = ORIENTED_EDGE('',*,*,#153,.T.);
#431 = ORIENTED_EDGE('',*,*,#432,.F.);
#432 = EDGE_CURVE('',#331,#146,#433,.T.);
#433 = LINE('',#434,#435);
#434 = CARTESIAN_POINT('',(0.8,-0.9,0.14));
#435 = VECTOR('',#436,1.);
#436 = DIRECTION('',(0.,0.,1.));
#437 = ORIENTED_EDGE('',*,*,#338,.F.);
#438 = CYLINDRICAL_SURFACE('',#439,7.583467678835E-02);
#439 = AXIS2_PLACEMENT_3D('',#440,#441,#442);
#440 = CARTESIAN_POINT('',(0.8,-0.824165323212,0.14));
#441 = DIRECTION('',(-0.,-0.,-1.));
#442 = DIRECTION('',(1.,0.,0.));
#443 = ADVANCED_FACE('',(#444),#458,.T.);
#444 = FACE_BOUND('',#445,.T.);
#445 = EDGE_LOOP('',(#446,#447,#448,#449,#450,#451,#452));
#446 = ORIENTED_EDGE('',*,*,#274,.T.);
#447 = ORIENTED_EDGE('',*,*,#234,.T.);
#448 = ORIENTED_EDGE('',*,*,#323,.F.);
#449 = ORIENTED_EDGE('',*,*,#55,.F.);
#450 = ORIENTED_EDGE('',*,*,#87,.T.);
#451 = ORIENTED_EDGE('',*,*,#195,.F.);
#452 = ORIENTED_EDGE('',*,*,#453,.F.);
#453 = EDGE_CURVE('',#275,#119,#454,.T.);
#454 = LINE('',#455,#456);
#455 = CARTESIAN_POINT('',(1.1,-0.1,0.14));
#456 = VECTOR('',#457,1.);
#457 = DIRECTION('',(0.,0.,1.));
#458 = PLANE('',#459);
#459 = AXIS2_PLACEMENT_3D('',#460,#461,#462);
#460 = CARTESIAN_POINT('',(0.855572289157,-1.E-01,0.109427710843));
#461 = DIRECTION('',(0.,1.,3.36164416825E-16));
#462 = DIRECTION('',(0.,-3.36164416825E-16,1.));
#463 = ADVANCED_FACE('',(#464),#475,.T.);
#464 = FACE_BOUND('',#465,.T.);
#465 = EDGE_LOOP('',(#466,#467,#468,#474));
#466 = ORIENTED_EDGE('',*,*,#453,.T.);
#467 = ORIENTED_EDGE('',*,*,#118,.T.);
#468 = ORIENTED_EDGE('',*,*,#469,.F.);
#469 = EDGE_CURVE('',#300,#121,#470,.T.);
#470 = LINE('',#471,#472);
#471 = CARTESIAN_POINT('',(1.1,-0.253220746415,0.14));
#472 = VECTOR('',#473,1.);
#473 = DIRECTION('',(0.,0.,1.));
#474 = ORIENTED_EDGE('',*,*,#308,.F.);
#475 = PLANE('',#476);
#476 = AXIS2_PLACEMENT_3D('',#477,#478,#479);
#477 = CARTESIAN_POINT('',(1.1,-0.176610373207,0.14));
#478 = DIRECTION('',(1.,0.,0.));
#479 = DIRECTION('',(0.,0.,1.));
#480 = ADVANCED_FACE('',(#481),#497,.T.);
#481 = FACE_BOUND('',#482,.T.);
#482 = EDGE_LOOP('',(#483,#484,#490,#491));
#483 = ORIENTED_EDGE('',*,*,#291,.T.);
#484 = ORIENTED_EDGE('',*,*,#485,.T.);
#485 = EDGE_CURVE('',#292,#129,#486,.T.);
#486 = LINE('',#487,#488);
#487 = CARTESIAN_POINT('',(1.1,-0.746779253585,0.));
#488 = VECTOR('',#489,1.);
#489 = DIRECTION('',(0.,0.,1.));
#490 = ORIENTED_EDGE('',*,*,#137,.T.);
#491 = ORIENTED_EDGE('',*,*,#492,.F.);
#492 = EDGE_CURVE('',#284,#138,#493,.T.);
#493 = LINE('',#494,#495);
#494 = CARTESIAN_POINT('',(1.1,-0.9,0.14));
#495 = VECTOR('',#496,1.);
#496 = DIRECTION('',(0.,0.,1.));
#497 = PLANE('',#498);
#498 = AXIS2_PLACEMENT_3D('',#499,#500,#501);
#499 = CARTESIAN_POINT('',(1.1,-0.823389626793,0.14));
#500 = DIRECTION('',(1.,0.,0.));
#501 = DIRECTION('',(0.,0.,1.));
#502 = ADVANCED_FACE('',(#503),#511,.T.);
#503 = FACE_BOUND('',#504,.T.);
#504 = EDGE_LOOP('',(#505,#506,#507,#508,#509,#510));
#505 = ORIENTED_EDGE('',*,*,#252,.F.);
#506 = ORIENTED_EDGE('',*,*,#283,.T.);
#507 = ORIENTED_EDGE('',*,*,#492,.T.);
#508 = ORIENTED_EDGE('',*,*,#145,.T.);
#509 = ORIENTED_EDGE('',*,*,#432,.F.);
#510 = ORIENTED_EDGE('',*,*,#330,.F.);
#511 = PLANE('',#512);
#512 = AXIS2_PLACEMENT_3D('',#513,#514,#515);
#513 = CARTESIAN_POINT('',(0.846084337349,-0.9,0.118915662651));
#514 = DIRECTION('',(-0.,-1.,-0.));
#515 = DIRECTION('',(0.,0.,-1.));
#516 = ADVANCED_FACE('',(#517),#523,.F.);
#517 = FACE_BOUND('',#518,.T.);
#518 = EDGE_LOOP('',(#519,#520,#521,#522));
#519 = ORIENTED_EDGE('',*,*,#128,.T.);
#520 = ORIENTED_EDGE('',*,*,#485,.F.);
#521 = ORIENTED_EDGE('',*,*,#299,.F.);
#522 = ORIENTED_EDGE('',*,*,#469,.T.);
#523 = CYLINDRICAL_SURFACE('',#524,0.25);
#524 = AXIS2_PLACEMENT_3D('',#525,#526,#527);
#525 = CARTESIAN_POINT('',(1.14,-0.5,0.));
#526 = DIRECTION('',(-0.,-0.,-1.));
#527 = DIRECTION('',(1.,0.,0.));
#528 = MANIFOLD_SOLID_BREP('',#529);
#529 = CLOSED_SHELL('',(#530,#570,#618,#676,#693,#725,#791,#808,#825,
    #842,#861,#878,#896));
#530 = ADVANCED_FACE('',(#531),#565,.F.);
#531 = FACE_BOUND('',#532,.F.);
#532 = EDGE_LOOP('',(#533,#543,#551,#559));
#533 = ORIENTED_EDGE('',*,*,#534,.T.);
#534 = EDGE_CURVE('',#535,#537,#539,.T.);
#535 = VERTEX_POINT('',#536);
#536 = CARTESIAN_POINT('',(0.55,0.9,0.));
#537 = VERTEX_POINT('',#538);
#538 = CARTESIAN_POINT('',(0.55,0.9,0.14));
#539 = LINE('',#540,#541);
#540 = CARTESIAN_POINT('',(0.55,0.9,0.));
#541 = VECTOR('',#542,1.);
#542 = DIRECTION('',(0.,0.,1.));
#543 = ORIENTED_EDGE('',*,*,#544,.T.);
#544 = EDGE_CURVE('',#537,#545,#547,.T.);
#545 = VERTEX_POINT('',#546);
#546 = CARTESIAN_POINT('',(0.55,1.E-01,0.14));
#547 = LINE('',#548,#549);
#548 = CARTESIAN_POINT('',(0.55,0.9,0.14));
#549 = VECTOR('',#550,1.);
#550 = DIRECTION('',(0.,-1.,0.));
#551 = ORIENTED_EDGE('',*,*,#552,.F.);
#552 = EDGE_CURVE('',#553,#545,#555,.T.);
#553 = VERTEX_POINT('',#554);
#554 = CARTESIAN_POINT('',(0.55,1.E-01,0.));
#555 = LINE('',#556,#557);
#556 = CARTESIAN_POINT('',(0.55,1.E-01,0.));
#557 = VECTOR('',#558,1.);
#558 = DIRECTION('',(0.,0.,1.));
#559 = ORIENTED_EDGE('',*,*,#560,.F.);
#560 = EDGE_CURVE('',#535,#553,#561,.T.);
#561 = LINE('',#562,#563);
#562 = CARTESIAN_POINT('',(0.55,0.9,0.));
#563 = VECTOR('',#564,1.);
#564 = DIRECTION('',(0.,-1.,0.));
#565 = PLANE('',#566);
#566 = AXIS2_PLACEMENT_3D('',#567,#568,#569);
#567 = CARTESIAN_POINT('',(0.55,0.9,0.));
#568 = DIRECTION('',(1.,0.,0.));
#569 = DIRECTION('',(0.,-1.,0.));
#570 = ADVANCED_FACE('',(#571),#613,.F.);
#571 = FACE_BOUND('',#572,.F.);
#572 = EDGE_LOOP('',(#573,#581,#582,#590,#598,#607));
#573 = ORIENTED_EDGE('',*,*,#574,.T.);
#574 = EDGE_CURVE('',#575,#535,#577,.T.);
#575 = VERTEX_POINT('',#576);
#576 = CARTESIAN_POINT('',(1.1,0.9,0.));
#577 = LINE('',#578,#579);
#578 = CARTESIAN_POINT('',(1.1,0.9,0.));
#579 = VECTOR('',#580,1.);
#580 = DIRECTION('',(-1.,0.,0.));
#581 = ORIENTED_EDGE('',*,*,#560,.T.);
#582 = ORIENTED_EDGE('',*,*,#583,.T.);
#583 = EDGE_CURVE('',#553,#584,#586,.T.);
#584 = VERTEX_POINT('',#585);
#585 = CARTESIAN_POINT('',(1.1,1.E-01,0.));
#586 = LINE('',#587,#588);
#587 = CARTESIAN_POINT('',(0.55,1.E-01,0.));
#588 = VECTOR('',#589,1.);
#589 = DIRECTION('',(1.,0.,0.));
#590 = ORIENTED_EDGE('',*,*,#591,.T.);
#591 = EDGE_CURVE('',#584,#592,#594,.T.);
#592 = VERTEX_POINT('',#593);
#593 = CARTESIAN_POINT('',(1.1,0.253220746415,0.));
#594 = LINE('',#595,#596);
#595 = CARTESIAN_POINT('',(1.1,1.E-01,0.));
#596 = VECTOR('',#597,1.);
#597 = DIRECTION('',(0.,1.,0.));
#598 = ORIENTED_EDGE('',*,*,#599,.F.);
#599 = EDGE_CURVE('',#600,#592,#602,.T.);
#600 = VERTEX_POINT('',#601);
#601 = CARTESIAN_POINT('',(1.1,0.746779253585,0.));
#602 = CIRCLE('',#603,0.25);
#603 = AXIS2_PLACEMENT_3D('',#604,#605,#606);
#604 = CARTESIAN_POINT('',(1.14,0.5,0.));
#605 = DIRECTION('',(0.,0.,1.));
#606 = DIRECTION('',(1.,0.,0.));
#607 = ORIENTED_EDGE('',*,*,#608,.F.);
#608 = EDGE_CURVE('',#575,#600,#609,.T.);
#609 = LINE('',#610,#611);
#610 = CARTESIAN_POINT('',(1.1,0.9,0.));
#611 = VECTOR('',#612,1.);
#612 = DIRECTION('',(0.,-1.,0.));
#613 = PLANE('',#614);
#614 = AXIS2_PLACEMENT_3D('',#615,#616,#617);
#615 = CARTESIAN_POINT('',(1.394598836426E-16,-4.388177373237E-17,0.));
#616 = DIRECTION('',(0.,0.,1.));
#617 = DIRECTION('',(1.,0.,0.));
#618 = ADVANCED_FACE('',(#619),#671,.T.);
#619 = FACE_BOUND('',#620,.T.);
#620 = EDGE_LOOP('',(#621,#632,#638,#639,#647,#656,#665));
#621 = ORIENTED_EDGE('',*,*,#622,.F.);
#622 = EDGE_CURVE('',#623,#625,#627,.T.);
#623 = VERTEX_POINT('',#624);
#624 = CARTESIAN_POINT('',(0.84,0.9,0.14));
#625 = VERTEX_POINT('',#626);
#626 = CARTESIAN_POINT('',(0.725,0.82,0.14));
#627 = CIRCLE('',#628,0.12265625);
#628 = AXIS2_PLACEMENT_3D('',#629,#630,#631);
#629 = CARTESIAN_POINT('',(0.84,0.77734375,0.14));
#630 = DIRECTION('',(0.,0.,1.));
#631 = DIRECTION('',(1.,0.,0.));
#632 = ORIENTED_EDGE('',*,*,#633,.T.);
#633 = EDGE_CURVE('',#623,#537,#634,.T.);
#634 = LINE('',#635,#636);
#635 = CARTESIAN_POINT('',(1.1,0.9,0.14));
#636 = VECTOR('',#637,1.);
#637 = DIRECTION('',(-1.,0.,0.));
#638 = ORIENTED_EDGE('',*,*,#544,.T.);
#639 = ORIENTED_EDGE('',*,*,#640,.T.);
#640 = EDGE_CURVE('',#545,#641,#643,.T.);
#641 = VERTEX_POINT('',#642);
#642 = CARTESIAN_POINT('',(1.1,1.E-01,0.14));
#643 = LINE('',#644,#645);
#644 = CARTESIAN_POINT('',(0.55,1.E-01,0.14));
#645 = VECTOR('',#646,1.);
#646 = DIRECTION('',(1.,0.,0.));
#647 = ORIENTED_EDGE('',*,*,#648,.F.);
#648 = EDGE_CURVE('',#649,#641,#651,.T.);
#649 = VERTEX_POINT('',#650);
#650 = CARTESIAN_POINT('',(0.777076069399,0.327123684106,0.14));
#651 = CIRCLE('',#652,0.401995024845);
#652 = AXIS2_PLACEMENT_3D('',#653,#654,#655);
#653 = CARTESIAN_POINT('',(1.14,0.5,0.14));
#654 = DIRECTION('',(0.,0.,1.));
#655 = DIRECTION('',(1.,0.,0.));
#656 = ORIENTED_EDGE('',*,*,#657,.T.);
#657 = EDGE_CURVE('',#649,#658,#660,.T.);
#658 = VERTEX_POINT('',#659);
#659 = CARTESIAN_POINT('',(0.725,0.36,0.14));
#660 = CIRCLE('',#661,5.768239304904E-02);
#661 = AXIS2_PLACEMENT_3D('',#662,#663,#664);
#662 = CARTESIAN_POINT('',(0.725,0.302317606951,0.14));
#663 = DIRECTION('',(0.,0.,1.));
#664 = DIRECTION('',(1.,0.,0.));
#665 = ORIENTED_EDGE('',*,*,#666,.F.);
#666 = EDGE_CURVE('',#625,#658,#667,.T.);
#667 = LINE('',#668,#669);
#668 = CARTESIAN_POINT('',(0.725,0.82,0.14));
#669 = VECTOR('',#670,1.);
#670 = DIRECTION('',(0.,-1.,0.));
#671 = PLANE('',#672);
#672 = AXIS2_PLACEMENT_3D('',#673,#674,#675);
#673 = CARTESIAN_POINT('',(1.394598836426E-16,-4.388177373237E-17,0.14)
  );
#674 = DIRECTION('',(0.,0.,1.));
#675 = DIRECTION('',(1.,0.,0.));
#676 = ADVANCED_FACE('',(#677),#688,.F.);
#677 = FACE_BOUND('',#678,.F.);
#678 = EDGE_LOOP('',(#679,#680,#681,#687));
#679 = ORIENTED_EDGE('',*,*,#552,.T.);
#680 = ORIENTED_EDGE('',*,*,#640,.T.);
#681 = ORIENTED_EDGE('',*,*,#682,.F.);
#682 = EDGE_CURVE('',#584,#641,#683,.T.);
#683 = LINE('',#684,#685);
#684 = CARTESIAN_POINT('',(1.1,1.E-01,0.));
#685 = VECTOR('',#686,1.);
#686 = DIRECTION('',(0.,0.,1.));
#687 = ORIENTED_EDGE('',*,*,#583,.F.);
#688 = PLANE('',#689);
#689 = AXIS2_PLACEMENT_3D('',#690,#691,#692);
#690 = CARTESIAN_POINT('',(0.55,1.E-01,0.));
#691 = DIRECTION('',(0.,1.,0.));
#692 = DIRECTION('',(1.,0.,0.));
#693 = ADVANCED_FACE('',(#694),#720,.T.);
#694 = FACE_BOUND('',#695,.F.);
#695 = EDGE_LOOP('',(#696,#704,#713,#719));
#696 = ORIENTED_EDGE('',*,*,#697,.T.);
#697 = EDGE_CURVE('',#623,#698,#700,.T.);
#698 = VERTEX_POINT('',#699);
#699 = CARTESIAN_POINT('',(0.84,0.9,0.28));
#700 = LINE('',#701,#702);
#701 = CARTESIAN_POINT('',(0.84,0.9,0.14));
#702 = VECTOR('',#703,1.);
#703 = DIRECTION('',(0.,0.,1.));
#704 = ORIENTED_EDGE('',*,*,#705,.T.);
#705 = EDGE_CURVE('',#698,#706,#708,.T.);
#706 = VERTEX_POINT('',#707);
#707 = CARTESIAN_POINT('',(0.725,0.82,0.28));
#708 = CIRCLE('',#709,0.12265625);
#709 = AXIS2_PLACEMENT_3D('',#710,#711,#712);
#710 = CARTESIAN_POINT('',(0.84,0.77734375,0.28));
#711 = DIRECTION('',(0.,0.,1.));
#712 = DIRECTION('',(1.,0.,0.));
#713 = ORIENTED_EDGE('',*,*,#714,.F.);
#714 = EDGE_CURVE('',#625,#706,#715,.T.);
#715 = LINE('',#716,#717);
#716 = CARTESIAN_POINT('',(0.725,0.82,0.14));
#717 = VECTOR('',#718,1.);
#718 = DIRECTION('',(0.,0.,1.));
#719 = ORIENTED_EDGE('',*,*,#622,.F.);
#720 = CYLINDRICAL_SURFACE('',#721,0.12265625);
#721 = AXIS2_PLACEMENT_3D('',#722,#723,#724);
#722 = CARTESIAN_POINT('',(0.84,0.77734375,0.14));
#723 = DIRECTION('',(-0.,-0.,-1.));
#724 = DIRECTION('',(1.,0.,0.));
#725 = ADVANCED_FACE('',(#726),#786,.T.);
#726 = FACE_BOUND('',#727,.F.);
#727 = EDGE_LOOP('',(#728,#739,#747,#756,#765,#771,#772,#780));
#728 = ORIENTED_EDGE('',*,*,#729,.T.);
#729 = EDGE_CURVE('',#730,#732,#734,.T.);
#730 = VERTEX_POINT('',#731);
#731 = CARTESIAN_POINT('',(1.1,0.746779253585,0.28));
#732 = VERTEX_POINT('',#733);
#733 = CARTESIAN_POINT('',(1.1,0.253220746415,0.28));
#734 = CIRCLE('',#735,0.25);
#735 = AXIS2_PLACEMENT_3D('',#736,#737,#738);
#736 = CARTESIAN_POINT('',(1.14,0.5,0.28));
#737 = DIRECTION('',(0.,0.,1.));
#738 = DIRECTION('',(1.,0.,0.));
#739 = ORIENTED_EDGE('',*,*,#740,.T.);
#740 = EDGE_CURVE('',#732,#741,#743,.T.);
#741 = VERTEX_POINT('',#742);
#742 = CARTESIAN_POINT('',(1.1,1.E-01,0.28));
#743 = LINE('',#744,#745);
#744 = CARTESIAN_POINT('',(1.1,0.253220746415,0.28));
#745 = VECTOR('',#746,1.);
#746 = DIRECTION('',(0.,-1.,0.));
#747 = ORIENTED_EDGE('',*,*,#748,.F.);
#748 = EDGE_CURVE('',#749,#741,#751,.T.);
#749 = VERTEX_POINT('',#750);
#750 = CARTESIAN_POINT('',(0.777076069399,0.327123684106,0.28));
#751 = CIRCLE('',#752,0.401995024845);
#752 = AXIS2_PLACEMENT_3D('',#753,#754,#755);
#753 = CARTESIAN_POINT('',(1.14,0.5,0.28));
#754 = DIRECTION('',(0.,0.,1.));
#755 = DIRECTION('',(1.,0.,0.));
#756 = ORIENTED_EDGE('',*,*,#757,.T.);
#757 = EDGE_CURVE('',#749,#758,#760,.T.);
#758 = VERTEX_POINT('',#759);
#759 = CARTESIAN_POINT('',(0.725,0.36,0.28));
#760 = CIRCLE('',#761,5.768239304904E-02);
#761 = AXIS2_PLACEMENT_3D('',#762,#763,#764);
#762 = CARTESIAN_POINT('',(0.725,0.302317606951,0.28));
#763 = DIRECTION('',(0.,0.,1.));
#764 = DIRECTION('',(1.,0.,0.));
#765 = ORIENTED_EDGE('',*,*,#766,.F.);
#766 = EDGE_CURVE('',#706,#758,#767,.T.);
#767 = LINE('',#768,#769);
#768 = CARTESIAN_POINT('',(0.725,0.82,0.28));
#769 = VECTOR('',#770,1.);
#770 = DIRECTION('',(0.,-1.,0.));
#771 = ORIENTED_EDGE('',*,*,#705,.F.);
#772 = ORIENTED_EDGE('',*,*,#773,.F.);
#773 = EDGE_CURVE('',#774,#698,#776,.T.);
#774 = VERTEX_POINT('',#775);
#775 = CARTESIAN_POINT('',(1.1,0.9,0.28));
#776 = LINE('',#777,#778);
#777 = CARTESIAN_POINT('',(1.1,0.9,0.28));
#778 = VECTOR('',#779,1.);
#779 = DIRECTION('',(-1.,-4.270088556251E-16,0.));
#780 = ORIENTED_EDGE('',*,*,#781,.T.);
#781 = EDGE_CURVE('',#774,#730,#782,.T.);
#782 = LINE('',#783,#784);
#783 = CARTESIAN_POINT('',(1.1,0.9,0.28));
#784 = VECTOR('',#785,1.);
#785 = DIRECTION('',(0.,-1.,0.));
#786 = PLANE('',#787);
#787 = AXIS2_PLACEMENT_3D('',#788,#789,#790);
#788 = CARTESIAN_POINT('',(1.772267672576E-02,-7.30259754092E-03,0.28));
#789 = DIRECTION('',(0.,0.,1.));
#790 = DIRECTION('',(1.,0.,0.));
#791 = ADVANCED_FACE('',(#792),#803,.F.);
#792 = FACE_BOUND('',#793,.F.);
#793 = EDGE_LOOP('',(#794,#795,#796,#802));
#794 = ORIENTED_EDGE('',*,*,#714,.T.);
#795 = ORIENTED_EDGE('',*,*,#766,.T.);
#796 = ORIENTED_EDGE('',*,*,#797,.F.);
#797 = EDGE_CURVE('',#658,#758,#798,.T.);
#798 = LINE('',#799,#800);
#799 = CARTESIAN_POINT('',(0.725,0.36,0.14));
#800 = VECTOR('',#801,1.);
#801 = DIRECTION('',(0.,0.,1.));
#802 = ORIENTED_EDGE('',*,*,#666,.F.);
#803 = PLANE('',#804);
#804 = AXIS2_PLACEMENT_3D('',#805,#806,#807);
#805 = CARTESIAN_POINT('',(0.725,0.82,0.14));
#806 = DIRECTION('',(1.,0.,0.));
#807 = DIRECTION('',(0.,-1.,0.));
#808 = ADVANCED_FACE('',(#809),#820,.F.);
#809 = FACE_BOUND('',#810,.T.);
#810 = EDGE_LOOP('',(#811,#817,#818,#819));
#811 = ORIENTED_EDGE('',*,*,#812,.T.);
#812 = EDGE_CURVE('',#649,#749,#813,.T.);
#813 = LINE('',#814,#815);
#814 = CARTESIAN_POINT('',(0.777076069399,0.327123684106,0.14));
#815 = VECTOR('',#816,1.);
#816 = DIRECTION('',(0.,0.,1.));
#817 = ORIENTED_EDGE('',*,*,#757,.T.);
#818 = ORIENTED_EDGE('',*,*,#797,.F.);
#819 = ORIENTED_EDGE('',*,*,#657,.F.);
#820 = CYLINDRICAL_SURFACE('',#821,5.768239304904E-02);
#821 = AXIS2_PLACEMENT_3D('',#822,#823,#824);
#822 = CARTESIAN_POINT('',(0.725,0.302317606951,0.14));
#823 = DIRECTION('',(-0.,-0.,-1.));
#824 = DIRECTION('',(1.,0.,0.));
#825 = ADVANCED_FACE('',(#826),#837,.T.);
#826 = FACE_BOUND('',#827,.F.);
#827 = EDGE_LOOP('',(#828,#829,#830,#836));
#828 = ORIENTED_EDGE('',*,*,#812,.T.);
#829 = ORIENTED_EDGE('',*,*,#748,.T.);
#830 = ORIENTED_EDGE('',*,*,#831,.F.);
#831 = EDGE_CURVE('',#641,#741,#832,.T.);
#832 = LINE('',#833,#834);
#833 = CARTESIAN_POINT('',(1.1,1.E-01,0.14));
#834 = VECTOR('',#835,1.);
#835 = DIRECTION('',(0.,0.,1.));
#836 = ORIENTED_EDGE('',*,*,#648,.F.);
#837 = CYLINDRICAL_SURFACE('',#838,0.401995024845);
#838 = AXIS2_PLACEMENT_3D('',#839,#840,#841);
#839 = CARTESIAN_POINT('',(1.14,0.5,0.14));
#840 = DIRECTION('',(-0.,-0.,-1.));
#841 = DIRECTION('',(1.,0.,0.));
#842 = ADVANCED_FACE('',(#843),#856,.T.);
#843 = FACE_BOUND('',#844,.T.);
#844 = EDGE_LOOP('',(#845,#846,#847,#848,#849,#850));
#845 = ORIENTED_EDGE('',*,*,#574,.T.);
#846 = ORIENTED_EDGE('',*,*,#534,.T.);
#847 = ORIENTED_EDGE('',*,*,#633,.F.);
#848 = ORIENTED_EDGE('',*,*,#697,.T.);
#849 = ORIENTED_EDGE('',*,*,#773,.F.);
#850 = ORIENTED_EDGE('',*,*,#851,.F.);
#851 = EDGE_CURVE('',#575,#774,#852,.T.);
#852 = LINE('',#853,#854);
#853 = CARTESIAN_POINT('',(1.1,0.9,0.14));
#854 = VECTOR('',#855,1.);
#855 = DIRECTION('',(0.,0.,1.));
#856 = PLANE('',#857);
#857 = AXIS2_PLACEMENT_3D('',#858,#859,#860);
#858 = CARTESIAN_POINT('',(0.849457831325,0.9,0.115542168675));
#859 = DIRECTION('',(0.,1.,0.));
#860 = DIRECTION('',(0.,0.,1.));
#861 = ADVANCED_FACE('',(#862),#873,.T.);
#862 = FACE_BOUND('',#863,.T.);
#863 = EDGE_LOOP('',(#864,#865,#866,#872));
#864 = ORIENTED_EDGE('',*,*,#851,.T.);
#865 = ORIENTED_EDGE('',*,*,#781,.T.);
#866 = ORIENTED_EDGE('',*,*,#867,.F.);
#867 = EDGE_CURVE('',#600,#730,#868,.T.);
#868 = LINE('',#869,#870);
#869 = CARTESIAN_POINT('',(1.1,0.746779253585,0.14));
#870 = VECTOR('',#871,1.);
#871 = DIRECTION('',(0.,0.,1.));
#872 = ORIENTED_EDGE('',*,*,#608,.F.);
#873 = PLANE('',#874);
#874 = AXIS2_PLACEMENT_3D('',#875,#876,#877);
#875 = CARTESIAN_POINT('',(1.1,0.823389626793,0.14));
#876 = DIRECTION('',(1.,0.,0.));
#877 = DIRECTION('',(0.,0.,1.));
#878 = ADVANCED_FACE('',(#879),#891,.T.);
#879 = FACE_BOUND('',#880,.T.);
#880 = EDGE_LOOP('',(#881,#882,#883,#889,#890));
#881 = ORIENTED_EDGE('',*,*,#682,.F.);
#882 = ORIENTED_EDGE('',*,*,#591,.T.);
#883 = ORIENTED_EDGE('',*,*,#884,.T.);
#884 = EDGE_CURVE('',#592,#732,#885,.T.);
#885 = LINE('',#886,#887);
#886 = CARTESIAN_POINT('',(1.1,0.253220746415,0.));
#887 = VECTOR('',#888,1.);
#888 = DIRECTION('',(0.,0.,1.));
#889 = ORIENTED_EDGE('',*,*,#740,.T.);
#890 = ORIENTED_EDGE('',*,*,#831,.F.);
#891 = PLANE('',#892);
#892 = AXIS2_PLACEMENT_3D('',#893,#894,#895);
#893 = CARTESIAN_POINT('',(1.1,0.176610373207,0.14));
#894 = DIRECTION('',(1.,0.,0.));
#895 = DIRECTION('',(0.,0.,1.));
#896 = ADVANCED_FACE('',(#897),#903,.F.);
#897 = FACE_BOUND('',#898,.T.);
#898 = EDGE_LOOP('',(#899,#900,#901,#902));
#899 = ORIENTED_EDGE('',*,*,#729,.T.);
#900 = ORIENTED_EDGE('',*,*,#884,.F.);
#901 = ORIENTED_EDGE('',*,*,#599,.F.);
#902 = ORIENTED_EDGE('',*,*,#867,.T.);
#903 = CYLINDRICAL_SURFACE('',#904,0.25);
#904 = AXIS2_PLACEMENT_3D('',#905,#906,#907);
#905 = CARTESIAN_POINT('',(1.14,0.5,0.));
#906 = DIRECTION('',(-0.,-0.,-1.));
#907 = DIRECTION('',(1.,0.,0.));
#908 = MANIFOLD_SOLID_BREP('',#909);
#909 = CLOSED_SHELL('',(#910,#950,#998,#1055,#1072,#1104,#1169,#1186,
    #1203,#1220,#1239,#1256,#1274));
#910 = ADVANCED_FACE('',(#911),#945,.F.);
#911 = FACE_BOUND('',#912,.F.);
#912 = EDGE_LOOP('',(#913,#923,#931,#939));
#913 = ORIENTED_EDGE('',*,*,#914,.T.);
#914 = EDGE_CURVE('',#915,#917,#919,.T.);
#915 = VERTEX_POINT('',#916);
#916 = CARTESIAN_POINT('',(-0.55,1.E-01,0.));
#917 = VERTEX_POINT('',#918);
#918 = CARTESIAN_POINT('',(-0.55,1.E-01,0.14));
#919 = LINE('',#920,#921);
#920 = CARTESIAN_POINT('',(-0.55,1.E-01,0.));
#921 = VECTOR('',#922,1.);
#922 = DIRECTION('',(0.,0.,1.));
#923 = ORIENTED_EDGE('',*,*,#924,.T.);
#924 = EDGE_CURVE('',#917,#925,#927,.T.);
#925 = VERTEX_POINT('',#926);
#926 = CARTESIAN_POINT('',(-0.55,0.9,0.14));
#927 = LINE('',#928,#929);
#928 = CARTESIAN_POINT('',(-0.55,1.E-01,0.14));
#929 = VECTOR('',#930,1.);
#930 = DIRECTION('',(0.,1.,0.));
#931 = ORIENTED_EDGE('',*,*,#932,.F.);
#932 = EDGE_CURVE('',#933,#925,#935,.T.);
#933 = VERTEX_POINT('',#934);
#934 = CARTESIAN_POINT('',(-0.55,0.9,0.));
#935 = LINE('',#936,#937);
#936 = CARTESIAN_POINT('',(-0.55,0.9,0.));
#937 = VECTOR('',#938,1.);
#938 = DIRECTION('',(0.,0.,1.));
#939 = ORIENTED_EDGE('',*,*,#940,.F.);
#940 = EDGE_CURVE('',#915,#933,#941,.T.);
#941 = LINE('',#942,#943);
#942 = CARTESIAN_POINT('',(-0.55,1.E-01,0.));
#943 = VECTOR('',#944,1.);
#944 = DIRECTION('',(0.,1.,0.));
#945 = PLANE('',#946);
#946 = AXIS2_PLACEMENT_3D('',#947,#948,#949);
#947 = CARTESIAN_POINT('',(-0.55,1.E-01,0.));
#948 = DIRECTION('',(-1.,0.,0.));
#949 = DIRECTION('',(0.,1.,0.));
#950 = ADVANCED_FACE('',(#951),#993,.F.);
#951 = FACE_BOUND('',#952,.F.);
#952 = EDGE_LOOP('',(#953,#961,#962,#970,#978,#987));
#953 = ORIENTED_EDGE('',*,*,#954,.T.);
#954 = EDGE_CURVE('',#955,#915,#957,.T.);
#955 = VERTEX_POINT('',#956);
#956 = CARTESIAN_POINT('',(-1.1,1.E-01,0.));
#957 = LINE('',#958,#959);
#958 = CARTESIAN_POINT('',(-1.1,1.E-01,0.));
#959 = VECTOR('',#960,1.);
#960 = DIRECTION('',(1.,0.,0.));
#961 = ORIENTED_EDGE('',*,*,#940,.T.);
#962 = ORIENTED_EDGE('',*,*,#963,.T.);
#963 = EDGE_CURVE('',#933,#964,#966,.T.);
#964 = VERTEX_POINT('',#965);
#965 = CARTESIAN_POINT('',(-1.1,0.9,0.));
#966 = LINE('',#967,#968);
#967 = CARTESIAN_POINT('',(-0.55,0.9,0.));
#968 = VECTOR('',#969,1.);
#969 = DIRECTION('',(-1.,0.,0.));
#970 = ORIENTED_EDGE('',*,*,#971,.F.);
#971 = EDGE_CURVE('',#972,#964,#974,.T.);
#972 = VERTEX_POINT('',#973);
#973 = CARTESIAN_POINT('',(-1.1,0.746779253585,0.));
#974 = LINE('',#975,#976);
#975 = CARTESIAN_POINT('',(-1.1,0.746779253585,0.));
#976 = VECTOR('',#977,1.);
#977 = DIRECTION('',(0.,1.,0.));
#978 = ORIENTED_EDGE('',*,*,#979,.F.);
#979 = EDGE_CURVE('',#980,#972,#982,.T.);
#980 = VERTEX_POINT('',#981);
#981 = CARTESIAN_POINT('',(-1.1,0.253220746415,0.));
#982 = CIRCLE('',#983,0.25);
#983 = AXIS2_PLACEMENT_3D('',#984,#985,#986);
#984 = CARTESIAN_POINT('',(-1.14,0.5,0.));
#985 = DIRECTION('',(0.,0.,1.));
#986 = DIRECTION('',(1.,0.,0.));
#987 = ORIENTED_EDGE('',*,*,#988,.F.);
#988 = EDGE_CURVE('',#955,#980,#989,.T.);
#989 = LINE('',#990,#991);
#990 = CARTESIAN_POINT('',(-1.1,1.E-01,0.));
#991 = VECTOR('',#992,1.);
#992 = DIRECTION('',(0.,1.,0.));
#993 = PLANE('',#994);
#994 = AXIS2_PLACEMENT_3D('',#995,#996,#997);
#995 = CARTESIAN_POINT('',(1.394598836426E-16,-4.388177373237E-17,0.));
#996 = DIRECTION('',(0.,0.,1.));
#997 = DIRECTION('',(1.,0.,0.));
#998 = ADVANCED_FACE('',(#999),#1050,.T.);
#999 = FACE_BOUND('',#1000,.T.);
#1000 = EDGE_LOOP('',(#1001,#1012,#1018,#1019,#1027,#1036,#1044));
#1001 = ORIENTED_EDGE('',*,*,#1002,.F.);
#1002 = EDGE_CURVE('',#1003,#1005,#1007,.T.);
#1003 = VERTEX_POINT('',#1004);
#1004 = CARTESIAN_POINT('',(-0.8,1.E-01,0.14));
#1005 = VERTEX_POINT('',#1006);
#1006 = CARTESIAN_POINT('',(-0.725,0.170765184665,0.14));
#1007 = CIRCLE('',#1008,7.512671245758E-02);
#1008 = AXIS2_PLACEMENT_3D('',#1009,#1010,#1011);
#1009 = CARTESIAN_POINT('',(-0.8,0.175126712458,0.14));
#1010 = DIRECTION('',(0.,0.,1.));
#1011 = DIRECTION('',(1.,0.,0.));
#1012 = ORIENTED_EDGE('',*,*,#1013,.T.);
#1013 = EDGE_CURVE('',#1003,#917,#1014,.T.);
#1014 = LINE('',#1015,#1016);
#1015 = CARTESIAN_POINT('',(-1.1,1.E-01,0.14));
#1016 = VECTOR('',#1017,1.);
#1017 = DIRECTION('',(1.,0.,0.));
#1018 = ORIENTED_EDGE('',*,*,#924,.T.);
#1019 = ORIENTED_EDGE('',*,*,#1020,.T.);
#1020 = EDGE_CURVE('',#925,#1021,#1023,.T.);
#1021 = VERTEX_POINT('',#1022);
#1022 = CARTESIAN_POINT('',(-1.1,0.9,0.14));
#1023 = LINE('',#1024,#1025);
#1024 = CARTESIAN_POINT('',(-0.55,0.9,0.14));
#1025 = VECTOR('',#1026,1.);
#1026 = DIRECTION('',(-1.,0.,0.));
#1027 = ORIENTED_EDGE('',*,*,#1028,.F.);
#1028 = EDGE_CURVE('',#1029,#1021,#1031,.T.);
#1029 = VERTEX_POINT('',#1030);
#1030 = CARTESIAN_POINT('',(-0.885,0.810765184665,0.14));
#1031 = CIRCLE('',#1032,0.401995024845);
#1032 = AXIS2_PLACEMENT_3D('',#1033,#1034,#1035);
#1033 = CARTESIAN_POINT('',(-1.14,0.5,0.14));
#1034 = DIRECTION('',(0.,0.,1.));
#1035 = DIRECTION('',(1.,0.,0.));
#1036 = ORIENTED_EDGE('',*,*,#1037,.T.);
#1037 = EDGE_CURVE('',#1029,#1038,#1040,.T.);
#1038 = VERTEX_POINT('',#1039);
#1039 = CARTESIAN_POINT('',(-0.725,0.810765184665,0.14));
#1040 = LINE('',#1041,#1042);
#1041 = CARTESIAN_POINT('',(-0.885,0.810765184665,0.14));
#1042 = VECTOR('',#1043,1.);
#1043 = DIRECTION('',(1.,0.,0.));
#1044 = ORIENTED_EDGE('',*,*,#1045,.T.);
#1045 = EDGE_CURVE('',#1038,#1005,#1046,.T.);
#1046 = LINE('',#1047,#1048);
#1047 = CARTESIAN_POINT('',(-0.725,0.810765184665,0.14));
#1048 = VECTOR('',#1049,1.);
#1049 = DIRECTION('',(0.,-1.,0.));
#1050 = PLANE('',#1051);
#1051 = AXIS2_PLACEMENT_3D('',#1052,#1053,#1054);
#1052 = CARTESIAN_POINT('',(1.394598836426E-16,-4.388177373237E-17,0.14)
  );
#1053 = DIRECTION('',(0.,0.,1.));
#1054 = DIRECTION('',(1.,0.,0.));
#1055 = ADVANCED_FACE('',(#1056),#1067,.F.);
#1056 = FACE_BOUND('',#1057,.F.);
#1057 = EDGE_LOOP('',(#1058,#1059,#1060,#1066));
#1058 = ORIENTED_EDGE('',*,*,#932,.T.);
#1059 = ORIENTED_EDGE('',*,*,#1020,.T.);
#1060 = ORIENTED_EDGE('',*,*,#1061,.F.);
#1061 = EDGE_CURVE('',#964,#1021,#1062,.T.);
#1062 = LINE('',#1063,#1064);
#1063 = CARTESIAN_POINT('',(-1.1,0.9,0.));
#1064 = VECTOR('',#1065,1.);
#1065 = DIRECTION('',(0.,0.,1.));
#1066 = ORIENTED_EDGE('',*,*,#963,.F.);
#1067 = PLANE('',#1068);
#1068 = AXIS2_PLACEMENT_3D('',#1069,#1070,#1071);
#1069 = CARTESIAN_POINT('',(-0.55,0.9,0.));
#1070 = DIRECTION('',(0.,-1.,0.));
#1071 = DIRECTION('',(-1.,0.,0.));
#1072 = ADVANCED_FACE('',(#1073),#1099,.T.);
#1073 = FACE_BOUND('',#1074,.F.);
#1074 = EDGE_LOOP('',(#1075,#1083,#1092,#1098));
#1075 = ORIENTED_EDGE('',*,*,#1076,.T.);
#1076 = EDGE_CURVE('',#1003,#1077,#1079,.T.);
#1077 = VERTEX_POINT('',#1078);
#1078 = CARTESIAN_POINT('',(-0.8,1.E-01,0.28));
#1079 = LINE('',#1080,#1081);
#1080 = CARTESIAN_POINT('',(-0.8,1.E-01,0.14));
#1081 = VECTOR('',#1082,1.);
#1082 = DIRECTION('',(0.,0.,1.));
#1083 = ORIENTED_EDGE('',*,*,#1084,.T.);
#1084 = EDGE_CURVE('',#1077,#1085,#1087,.T.);
#1085 = VERTEX_POINT('',#1086);
#1086 = CARTESIAN_POINT('',(-0.725,0.170765184665,0.28));
#1087 = CIRCLE('',#1088,7.512671245758E-02);
#1088 = AXIS2_PLACEMENT_3D('',#1089,#1090,#1091);
#1089 = CARTESIAN_POINT('',(-0.8,0.175126712458,0.28));
#1090 = DIRECTION('',(0.,0.,1.));
#1091 = DIRECTION('',(1.,0.,0.));
#1092 = ORIENTED_EDGE('',*,*,#1093,.F.);
#1093 = EDGE_CURVE('',#1005,#1085,#1094,.T.);
#1094 = LINE('',#1095,#1096);
#1095 = CARTESIAN_POINT('',(-0.725,0.170765184665,0.14));
#1096 = VECTOR('',#1097,1.);
#1097 = DIRECTION('',(0.,0.,1.));
#1098 = ORIENTED_EDGE('',*,*,#1002,.F.);
#1099 = CYLINDRICAL_SURFACE('',#1100,7.512671245758E-02);
#1100 = AXIS2_PLACEMENT_3D('',#1101,#1102,#1103);
#1101 = CARTESIAN_POINT('',(-0.8,0.175126712458,0.14));
#1102 = DIRECTION('',(-0.,-0.,-1.));
#1103 = DIRECTION('',(1.,0.,0.));
#1104 = ADVANCED_FACE('',(#1105),#1164,.T.);
#1105 = FACE_BOUND('',#1106,.F.);
#1106 = EDGE_LOOP('',(#1107,#1117,#1126,#1134,#1143,#1151,#1157,#1158));
#1107 = ORIENTED_EDGE('',*,*,#1108,.F.);
#1108 = EDGE_CURVE('',#1109,#1111,#1113,.T.);
#1109 = VERTEX_POINT('',#1110);
#1110 = CARTESIAN_POINT('',(-1.1,0.253220746415,0.28));
#1111 = VERTEX_POINT('',#1112);
#1112 = CARTESIAN_POINT('',(-1.1,1.E-01,0.28));
#1113 = LINE('',#1114,#1115);
#1114 = CARTESIAN_POINT('',(-1.1,0.253220746415,0.28));
#1115 = VECTOR('',#1116,1.);
#1116 = DIRECTION('',(0.,-1.,0.));
#1117 = ORIENTED_EDGE('',*,*,#1118,.T.);
#1118 = EDGE_CURVE('',#1109,#1119,#1121,.T.);
#1119 = VERTEX_POINT('',#1120);
#1120 = CARTESIAN_POINT('',(-1.1,0.746779253585,0.28));
#1121 = CIRCLE('',#1122,0.25);
#1122 = AXIS2_PLACEMENT_3D('',#1123,#1124,#1125);
#1123 = CARTESIAN_POINT('',(-1.14,0.5,0.28));
#1124 = DIRECTION('',(0.,0.,1.));
#1125 = DIRECTION('',(1.,0.,0.));
#1126 = ORIENTED_EDGE('',*,*,#1127,.F.);
#1127 = EDGE_CURVE('',#1128,#1119,#1130,.T.);
#1128 = VERTEX_POINT('',#1129);
#1129 = CARTESIAN_POINT('',(-1.1,0.9,0.28));
#1130 = LINE('',#1131,#1132);
#1131 = CARTESIAN_POINT('',(-1.1,0.9,0.28));
#1132 = VECTOR('',#1133,1.);
#1133 = DIRECTION('',(0.,-1.,0.));
#1134 = ORIENTED_EDGE('',*,*,#1135,.F.);
#1135 = EDGE_CURVE('',#1136,#1128,#1138,.T.);
#1136 = VERTEX_POINT('',#1137);
#1137 = CARTESIAN_POINT('',(-0.885,0.810765184665,0.28));
#1138 = CIRCLE('',#1139,0.401995024845);
#1139 = AXIS2_PLACEMENT_3D('',#1140,#1141,#1142);
#1140 = CARTESIAN_POINT('',(-1.14,0.5,0.28));
#1141 = DIRECTION('',(0.,0.,1.));
#1142 = DIRECTION('',(1.,0.,0.));
#1143 = ORIENTED_EDGE('',*,*,#1144,.T.);
#1144 = EDGE_CURVE('',#1136,#1145,#1147,.T.);
#1145 = VERTEX_POINT('',#1146);
#1146 = CARTESIAN_POINT('',(-0.725,0.810765184665,0.28));
#1147 = LINE('',#1148,#1149);
#1148 = CARTESIAN_POINT('',(-0.885,0.810765184665,0.28));
#1149 = VECTOR('',#1150,1.);
#1150 = DIRECTION('',(1.,0.,0.));
#1151 = ORIENTED_EDGE('',*,*,#1152,.T.);
#1152 = EDGE_CURVE('',#1145,#1085,#1153,.T.);
#1153 = LINE('',#1154,#1155);
#1154 = CARTESIAN_POINT('',(-0.725,0.810765184665,0.28));
#1155 = VECTOR('',#1156,1.);
#1156 = DIRECTION('',(0.,-1.,0.));
#1157 = ORIENTED_EDGE('',*,*,#1084,.F.);
#1158 = ORIENTED_EDGE('',*,*,#1159,.F.);
#1159 = EDGE_CURVE('',#1111,#1077,#1160,.T.);
#1160 = LINE('',#1161,#1162);
#1161 = CARTESIAN_POINT('',(-1.1,1.E-01,0.28));
#1162 = VECTOR('',#1163,1.);
#1163 = DIRECTION('',(1.,-3.23815048849E-16,0.));
#1164 = PLANE('',#1165);
#1165 = AXIS2_PLACEMENT_3D('',#1166,#1167,#1168);
#1166 = CARTESIAN_POINT('',(1.772267672576E-02,-7.30259754092E-03,0.28)
  );
#1167 = DIRECTION('',(0.,0.,1.));
#1168 = DIRECTION('',(1.,0.,0.));
#1169 = ADVANCED_FACE('',(#1170),#1181,.T.);
#1170 = FACE_BOUND('',#1171,.T.);
#1171 = EDGE_LOOP('',(#1172,#1178,#1179,#1180));
#1172 = ORIENTED_EDGE('',*,*,#1173,.T.);
#1173 = EDGE_CURVE('',#1038,#1145,#1174,.T.);
#1174 = LINE('',#1175,#1176);
#1175 = CARTESIAN_POINT('',(-0.725,0.810765184665,0.14));
#1176 = VECTOR('',#1177,1.);
#1177 = DIRECTION('',(0.,0.,1.));
#1178 = ORIENTED_EDGE('',*,*,#1152,.T.);
#1179 = ORIENTED_EDGE('',*,*,#1093,.F.);
#1180 = ORIENTED_EDGE('',*,*,#1045,.F.);
#1181 = PLANE('',#1182);
#1182 = AXIS2_PLACEMENT_3D('',#1183,#1184,#1185);
#1183 = CARTESIAN_POINT('',(-0.725,0.810765184665,0.14));
#1184 = DIRECTION('',(1.,0.,0.));
#1185 = DIRECTION('',(0.,-1.,0.));
#1186 = ADVANCED_FACE('',(#1187),#1198,.T.);
#1187 = FACE_BOUND('',#1188,.T.);
#1188 = EDGE_LOOP('',(#1189,#1195,#1196,#1197));
#1189 = ORIENTED_EDGE('',*,*,#1190,.T.);
#1190 = EDGE_CURVE('',#1029,#1136,#1191,.T.);
#1191 = LINE('',#1192,#1193);
#1192 = CARTESIAN_POINT('',(-0.885,0.810765184665,0.14));
#1193 = VECTOR('',#1194,1.);
#1194 = DIRECTION('',(0.,0.,1.));
#1195 = ORIENTED_EDGE('',*,*,#1144,.T.);
#1196 = ORIENTED_EDGE('',*,*,#1173,.F.);
#1197 = ORIENTED_EDGE('',*,*,#1037,.F.);
#1198 = PLANE('',#1199);
#1199 = AXIS2_PLACEMENT_3D('',#1200,#1201,#1202);
#1200 = CARTESIAN_POINT('',(-0.885,0.810765184665,0.14));
#1201 = DIRECTION('',(0.,1.,0.));
#1202 = DIRECTION('',(1.,0.,0.));
#1203 = ADVANCED_FACE('',(#1204),#1215,.T.);
#1204 = FACE_BOUND('',#1205,.F.);
#1205 = EDGE_LOOP('',(#1206,#1207,#1208,#1214));
#1206 = ORIENTED_EDGE('',*,*,#1190,.T.);
#1207 = ORIENTED_EDGE('',*,*,#1135,.T.);
#1208 = ORIENTED_EDGE('',*,*,#1209,.F.);
#1209 = EDGE_CURVE('',#1021,#1128,#1210,.T.);
#1210 = LINE('',#1211,#1212);
#1211 = CARTESIAN_POINT('',(-1.1,0.9,0.14));
#1212 = VECTOR('',#1213,1.);
#1213 = DIRECTION('',(0.,0.,1.));
#1214 = ORIENTED_EDGE('',*,*,#1028,.F.);
#1215 = CYLINDRICAL_SURFACE('',#1216,0.401995024845);
#1216 = AXIS2_PLACEMENT_3D('',#1217,#1218,#1219);
#1217 = CARTESIAN_POINT('',(-1.14,0.5,0.14));
#1218 = DIRECTION('',(-0.,-0.,-1.));
#1219 = DIRECTION('',(1.,0.,0.));
#1220 = ADVANCED_FACE('',(#1221),#1234,.T.);
#1221 = FACE_BOUND('',#1222,.T.);
#1222 = EDGE_LOOP('',(#1223,#1224,#1225,#1226,#1227,#1228));
#1223 = ORIENTED_EDGE('',*,*,#954,.T.);
#1224 = ORIENTED_EDGE('',*,*,#914,.T.);
#1225 = ORIENTED_EDGE('',*,*,#1013,.F.);
#1226 = ORIENTED_EDGE('',*,*,#1076,.T.);
#1227 = ORIENTED_EDGE('',*,*,#1159,.F.);
#1228 = ORIENTED_EDGE('',*,*,#1229,.F.);
#1229 = EDGE_CURVE('',#955,#1111,#1230,.T.);
#1230 = LINE('',#1231,#1232);
#1231 = CARTESIAN_POINT('',(-1.1,1.E-01,0.14));
#1232 = VECTOR('',#1233,1.);
#1233 = DIRECTION('',(0.,0.,1.));
#1234 = PLANE('',#1235);
#1235 = AXIS2_PLACEMENT_3D('',#1236,#1237,#1238);
#1236 = CARTESIAN_POINT('',(-0.846084337349,1.E-01,0.118915662651));
#1237 = DIRECTION('',(-0.,-1.,-0.));
#1238 = DIRECTION('',(0.,0.,-1.));
#1239 = ADVANCED_FACE('',(#1240),#1251,.T.);
#1240 = FACE_BOUND('',#1241,.T.);
#1241 = EDGE_LOOP('',(#1242,#1243,#1244,#1250));
#1242 = ORIENTED_EDGE('',*,*,#1229,.T.);
#1243 = ORIENTED_EDGE('',*,*,#1108,.F.);
#1244 = ORIENTED_EDGE('',*,*,#1245,.F.);
#1245 = EDGE_CURVE('',#980,#1109,#1246,.T.);
#1246 = LINE('',#1247,#1248);
#1247 = CARTESIAN_POINT('',(-1.1,0.253220746415,0.14));
#1248 = VECTOR('',#1249,1.);
#1249 = DIRECTION('',(0.,0.,1.));
#1250 = ORIENTED_EDGE('',*,*,#988,.F.);
#1251 = PLANE('',#1252);
#1252 = AXIS2_PLACEMENT_3D('',#1253,#1254,#1255);
#1253 = CARTESIAN_POINT('',(-1.1,0.176610373207,0.14));
#1254 = DIRECTION('',(-1.,-0.,-0.));
#1255 = DIRECTION('',(0.,0.,-1.));
#1256 = ADVANCED_FACE('',(#1257),#1269,.T.);
#1257 = FACE_BOUND('',#1258,.T.);
#1258 = EDGE_LOOP('',(#1259,#1265,#1266,#1267,#1268));
#1259 = ORIENTED_EDGE('',*,*,#1260,.T.);
#1260 = EDGE_CURVE('',#972,#1119,#1261,.T.);
#1261 = LINE('',#1262,#1263);
#1262 = CARTESIAN_POINT('',(-1.1,0.746779253585,0.));
#1263 = VECTOR('',#1264,1.);
#1264 = DIRECTION('',(0.,0.,1.));
#1265 = ORIENTED_EDGE('',*,*,#1127,.F.);
#1266 = ORIENTED_EDGE('',*,*,#1209,.F.);
#1267 = ORIENTED_EDGE('',*,*,#1061,.F.);
#1268 = ORIENTED_EDGE('',*,*,#971,.F.);
#1269 = PLANE('',#1270);
#1270 = AXIS2_PLACEMENT_3D('',#1271,#1272,#1273);
#1271 = CARTESIAN_POINT('',(-1.1,0.823389626793,0.14));
#1272 = DIRECTION('',(-1.,-0.,-0.));
#1273 = DIRECTION('',(0.,0.,-1.));
#1274 = ADVANCED_FACE('',(#1275),#1281,.F.);
#1275 = FACE_BOUND('',#1276,.T.);
#1276 = EDGE_LOOP('',(#1277,#1278,#1279,#1280));
#1277 = ORIENTED_EDGE('',*,*,#1118,.T.);
#1278 = ORIENTED_EDGE('',*,*,#1260,.F.);
#1279 = ORIENTED_EDGE('',*,*,#979,.F.);
#1280 = ORIENTED_EDGE('',*,*,#1245,.T.);
#1281 = CYLINDRICAL_SURFACE('',#1282,0.25);
#1282 = AXIS2_PLACEMENT_3D('',#1283,#1284,#1285);
#1283 = CARTESIAN_POINT('',(-1.14,0.5,0.));
#1284 = DIRECTION('',(-0.,-0.,-1.));
#1285 = DIRECTION('',(1.,0.,0.));
#1286 = MANIFOLD_SOLID_BREP('',#1287);
#1287 = CLOSED_SHELL('',(#1288,#1345,#1376,#1433,#1450,#1482,#1547,#1564
    ,#1581,#1598,#1620,#1638,#1652));
#1288 = ADVANCED_FACE('',(#1289),#1340,.F.);
#1289 = FACE_BOUND('',#1290,.F.);
#1290 = EDGE_LOOP('',(#1291,#1301,#1309,#1317,#1325,#1333));
#1291 = ORIENTED_EDGE('',*,*,#1292,.F.);
#1292 = EDGE_CURVE('',#1293,#1295,#1297,.T.);
#1293 = VERTEX_POINT('',#1294);
#1294 = CARTESIAN_POINT('',(-1.1,-0.9,0.));
#1295 = VERTEX_POINT('',#1296);
#1296 = CARTESIAN_POINT('',(-1.1,-0.746779253585,0.));
#1297 = LINE('',#1298,#1299);
#1298 = CARTESIAN_POINT('',(-1.1,-0.9,0.));
#1299 = VECTOR('',#1300,1.);
#1300 = DIRECTION('',(0.,1.,0.));
#1301 = ORIENTED_EDGE('',*,*,#1302,.T.);
#1302 = EDGE_CURVE('',#1293,#1303,#1305,.T.);
#1303 = VERTEX_POINT('',#1304);
#1304 = CARTESIAN_POINT('',(-0.55,-0.9,0.));
#1305 = LINE('',#1306,#1307);
#1306 = CARTESIAN_POINT('',(-1.1,-0.9,0.));
#1307 = VECTOR('',#1308,1.);
#1308 = DIRECTION('',(1.,0.,0.));
#1309 = ORIENTED_EDGE('',*,*,#1310,.T.);
#1310 = EDGE_CURVE('',#1303,#1311,#1313,.T.);
#1311 = VERTEX_POINT('',#1312);
#1312 = CARTESIAN_POINT('',(-0.55,-1.E-01,0.));
#1313 = LINE('',#1314,#1315);
#1314 = CARTESIAN_POINT('',(-0.55,-0.9,0.));
#1315 = VECTOR('',#1316,1.);
#1316 = DIRECTION('',(0.,1.,0.));
#1317 = ORIENTED_EDGE('',*,*,#1318,.T.);
#1318 = EDGE_CURVE('',#1311,#1319,#1321,.T.);
#1319 = VERTEX_POINT('',#1320);
#1320 = CARTESIAN_POINT('',(-1.1,-0.1,0.));
#1321 = LINE('',#1322,#1323);
#1322 = CARTESIAN_POINT('',(-0.55,-0.1,0.));
#1323 = VECTOR('',#1324,1.);
#1324 = DIRECTION('',(-1.,0.,0.));
#1325 = ORIENTED_EDGE('',*,*,#1326,.T.);
#1326 = EDGE_CURVE('',#1319,#1327,#1329,.T.);
#1327 = VERTEX_POINT('',#1328);
#1328 = CARTESIAN_POINT('',(-1.1,-0.253220746415,0.));
#1329 = LINE('',#1330,#1331);
#1330 = CARTESIAN_POINT('',(-1.1,-0.1,0.));
#1331 = VECTOR('',#1332,1.);
#1332 = DIRECTION('',(0.,-1.,0.));
#1333 = ORIENTED_EDGE('',*,*,#1334,.F.);
#1334 = EDGE_CURVE('',#1295,#1327,#1335,.T.);
#1335 = CIRCLE('',#1336,0.25);
#1336 = AXIS2_PLACEMENT_3D('',#1337,#1338,#1339);
#1337 = CARTESIAN_POINT('',(-1.14,-0.5,0.));
#1338 = DIRECTION('',(0.,0.,1.));
#1339 = DIRECTION('',(1.,0.,0.));
#1340 = PLANE('',#1341);
#1341 = AXIS2_PLACEMENT_3D('',#1342,#1343,#1344);
#1342 = CARTESIAN_POINT('',(1.394598836426E-16,-4.388177373237E-17,0.));
#1343 = DIRECTION('',(0.,0.,1.));
#1344 = DIRECTION('',(1.,0.,0.));
#1345 = ADVANCED_FACE('',(#1346),#1371,.F.);
#1346 = FACE_BOUND('',#1347,.F.);
#1347 = EDGE_LOOP('',(#1348,#1356,#1364,#1370));
#1348 = ORIENTED_EDGE('',*,*,#1349,.T.);
#1349 = EDGE_CURVE('',#1303,#1350,#1352,.T.);
#1350 = VERTEX_POINT('',#1351);
#1351 = CARTESIAN_POINT('',(-0.55,-0.9,0.14));
#1352 = LINE('',#1353,#1354);
#1353 = CARTESIAN_POINT('',(-0.55,-0.9,0.));
#1354 = VECTOR('',#1355,1.);
#1355 = DIRECTION('',(0.,0.,1.));
#1356 = ORIENTED_EDGE('',*,*,#1357,.T.);
#1357 = EDGE_CURVE('',#1350,#1358,#1360,.T.);
#1358 = VERTEX_POINT('',#1359);
#1359 = CARTESIAN_POINT('',(-0.55,-1.E-01,0.14));
#1360 = LINE('',#1361,#1362);
#1361 = CARTESIAN_POINT('',(-0.55,-0.9,0.14));
#1362 = VECTOR('',#1363,1.);
#1363 = DIRECTION('',(0.,1.,0.));
#1364 = ORIENTED_EDGE('',*,*,#1365,.F.);
#1365 = EDGE_CURVE('',#1311,#1358,#1366,.T.);
#1366 = LINE('',#1367,#1368);
#1367 = CARTESIAN_POINT('',(-0.55,-1.E-01,0.));
#1368 = VECTOR('',#1369,1.);
#1369 = DIRECTION('',(0.,0.,1.));
#1370 = ORIENTED_EDGE('',*,*,#1310,.F.);
#1371 = PLANE('',#1372);
#1372 = AXIS2_PLACEMENT_3D('',#1373,#1374,#1375);
#1373 = CARTESIAN_POINT('',(-0.55,-0.9,0.));
#1374 = DIRECTION('',(-1.,0.,0.));
#1375 = DIRECTION('',(0.,1.,0.));
#1376 = ADVANCED_FACE('',(#1377),#1428,.T.);
#1377 = FACE_BOUND('',#1378,.T.);
#1378 = EDGE_LOOP('',(#1379,#1390,#1396,#1397,#1405,#1414,#1422));
#1379 = ORIENTED_EDGE('',*,*,#1380,.F.);
#1380 = EDGE_CURVE('',#1381,#1383,#1385,.T.);
#1381 = VERTEX_POINT('',#1382);
#1382 = CARTESIAN_POINT('',(-0.8,-0.9,0.14));
#1383 = VERTEX_POINT('',#1384);
#1384 = CARTESIAN_POINT('',(-0.725,-0.823409636714,0.14));
#1385 = CIRCLE('',#1386,7.501651157714E-02);
#1386 = AXIS2_PLACEMENT_3D('',#1387,#1388,#1389);
#1387 = CARTESIAN_POINT('',(-0.8,-0.824983488423,0.14));
#1388 = DIRECTION('',(0.,0.,1.));
#1389 = DIRECTION('',(1.,0.,0.));
#1390 = ORIENTED_EDGE('',*,*,#1391,.T.);
#1391 = EDGE_CURVE('',#1381,#1350,#1392,.T.);
#1392 = LINE('',#1393,#1394);
#1393 = CARTESIAN_POINT('',(-1.1,-0.9,0.14));
#1394 = VECTOR('',#1395,1.);
#1395 = DIRECTION('',(1.,0.,0.));
#1396 = ORIENTED_EDGE('',*,*,#1357,.T.);
#1397 = ORIENTED_EDGE('',*,*,#1398,.T.);
#1398 = EDGE_CURVE('',#1358,#1399,#1401,.T.);
#1399 = VERTEX_POINT('',#1400);
#1400 = CARTESIAN_POINT('',(-1.1,-0.1,0.14));
#1401 = LINE('',#1402,#1403);
#1402 = CARTESIAN_POINT('',(-0.55,-0.1,0.14));
#1403 = VECTOR('',#1404,1.);
#1404 = DIRECTION('',(-1.,0.,0.));
#1405 = ORIENTED_EDGE('',*,*,#1406,.F.);
#1406 = EDGE_CURVE('',#1407,#1399,#1409,.T.);
#1407 = VERTEX_POINT('',#1408);
#1408 = CARTESIAN_POINT('',(-0.815,-0.263409636714,0.14));
#1409 = CIRCLE('',#1410,0.401995024845);
#1410 = AXIS2_PLACEMENT_3D('',#1411,#1412,#1413);
#1411 = CARTESIAN_POINT('',(-1.14,-0.5,0.14));
#1412 = DIRECTION('',(0.,0.,1.));
#1413 = DIRECTION('',(1.,0.,0.));
#1414 = ORIENTED_EDGE('',*,*,#1415,.T.);
#1415 = EDGE_CURVE('',#1407,#1416,#1418,.T.);
#1416 = VERTEX_POINT('',#1417);
#1417 = CARTESIAN_POINT('',(-0.725,-0.263409636714,0.14));
#1418 = LINE('',#1419,#1420);
#1419 = CARTESIAN_POINT('',(-0.815,-0.263409636714,0.14));
#1420 = VECTOR('',#1421,1.);
#1421 = DIRECTION('',(1.,0.,0.));
#1422 = ORIENTED_EDGE('',*,*,#1423,.T.);
#1423 = EDGE_CURVE('',#1416,#1383,#1424,.T.);
#1424 = LINE('',#1425,#1426);
#1425 = CARTESIAN_POINT('',(-0.725,-0.263409636714,0.14));
#1426 = VECTOR('',#1427,1.);
#1427 = DIRECTION('',(0.,-1.,0.));
#1428 = PLANE('',#1429);
#1429 = AXIS2_PLACEMENT_3D('',#1430,#1431,#1432);
#1430 = CARTESIAN_POINT('',(1.394598836426E-16,-4.388177373237E-17,0.14)
  );
#1431 = DIRECTION('',(0.,0.,1.));
#1432 = DIRECTION('',(1.,0.,0.));
#1433 = ADVANCED_FACE('',(#1434),#1445,.F.);
#1434 = FACE_BOUND('',#1435,.F.);
#1435 = EDGE_LOOP('',(#1436,#1437,#1438,#1444));
#1436 = ORIENTED_EDGE('',*,*,#1365,.T.);
#1437 = ORIENTED_EDGE('',*,*,#1398,.T.);
#1438 = ORIENTED_EDGE('',*,*,#1439,.F.);
#1439 = EDGE_CURVE('',#1319,#1399,#1440,.T.);
#1440 = LINE('',#1441,#1442);
#1441 = CARTESIAN_POINT('',(-1.1,-0.1,0.));
#1442 = VECTOR('',#1443,1.);
#1443 = DIRECTION('',(0.,0.,1.));
#1444 = ORIENTED_EDGE('',*,*,#1318,.F.);
#1445 = PLANE('',#1446);
#1446 = AXIS2_PLACEMENT_3D('',#1447,#1448,#1449);
#1447 = CARTESIAN_POINT('',(-0.55,-0.1,0.));
#1448 = DIRECTION('',(0.,-1.,0.));
#1449 = DIRECTION('',(-1.,0.,0.));
#1450 = ADVANCED_FACE('',(#1451),#1477,.T.);
#1451 = FACE_BOUND('',#1452,.F.);
#1452 = EDGE_LOOP('',(#1453,#1461,#1470,#1476));
#1453 = ORIENTED_EDGE('',*,*,#1454,.T.);
#1454 = EDGE_CURVE('',#1381,#1455,#1457,.T.);
#1455 = VERTEX_POINT('',#1456);
#1456 = CARTESIAN_POINT('',(-0.8,-0.9,0.28));
#1457 = LINE('',#1458,#1459);
#1458 = CARTESIAN_POINT('',(-0.8,-0.9,0.14));
#1459 = VECTOR('',#1460,1.);
#1460 = DIRECTION('',(0.,0.,1.));
#1461 = ORIENTED_EDGE('',*,*,#1462,.T.);
#1462 = EDGE_CURVE('',#1455,#1463,#1465,.T.);
#1463 = VERTEX_POINT('',#1464);
#1464 = CARTESIAN_POINT('',(-0.725,-0.823409636714,0.28));
#1465 = CIRCLE('',#1466,7.501651157714E-02);
#1466 = AXIS2_PLACEMENT_3D('',#1467,#1468,#1469);
#1467 = CARTESIAN_POINT('',(-0.8,-0.824983488423,0.28));
#1468 = DIRECTION('',(0.,0.,1.));
#1469 = DIRECTION('',(1.,0.,0.));
#1470 = ORIENTED_EDGE('',*,*,#1471,.F.);
#1471 = EDGE_CURVE('',#1383,#1463,#1472,.T.);
#1472 = LINE('',#1473,#1474);
#1473 = CARTESIAN_POINT('',(-0.725,-0.823409636714,0.14));
#1474 = VECTOR('',#1475,1.);
#1475 = DIRECTION('',(0.,0.,1.));
#1476 = ORIENTED_EDGE('',*,*,#1380,.F.);
#1477 = CYLINDRICAL_SURFACE('',#1478,7.501651157714E-02);
#1478 = AXIS2_PLACEMENT_3D('',#1479,#1480,#1481);
#1479 = CARTESIAN_POINT('',(-0.8,-0.824983488423,0.14));
#1480 = DIRECTION('',(-0.,-0.,-1.));
#1481 = DIRECTION('',(1.,0.,0.));
#1482 = ADVANCED_FACE('',(#1483),#1542,.T.);
#1483 = FACE_BOUND('',#1484,.F.);
#1484 = EDGE_LOOP('',(#1485,#1495,#1504,#1512,#1521,#1529,#1535,#1536));
#1485 = ORIENTED_EDGE('',*,*,#1486,.F.);
#1486 = EDGE_CURVE('',#1487,#1489,#1491,.T.);
#1487 = VERTEX_POINT('',#1488);
#1488 = CARTESIAN_POINT('',(-1.1,-0.746779253585,0.28));
#1489 = VERTEX_POINT('',#1490);
#1490 = CARTESIAN_POINT('',(-1.1,-0.9,0.28));
#1491 = LINE('',#1492,#1493);
#1492 = CARTESIAN_POINT('',(-1.1,-0.746779253585,0.28));
#1493 = VECTOR('',#1494,1.);
#1494 = DIRECTION('',(0.,-1.,0.));
#1495 = ORIENTED_EDGE('',*,*,#1496,.T.);
#1496 = EDGE_CURVE('',#1487,#1497,#1499,.T.);
#1497 = VERTEX_POINT('',#1498);
#1498 = CARTESIAN_POINT('',(-1.1,-0.253220746415,0.28));
#1499 = CIRCLE('',#1500,0.25);
#1500 = AXIS2_PLACEMENT_3D('',#1501,#1502,#1503);
#1501 = CARTESIAN_POINT('',(-1.14,-0.5,0.28));
#1502 = DIRECTION('',(0.,0.,1.));
#1503 = DIRECTION('',(1.,0.,0.));
#1504 = ORIENTED_EDGE('',*,*,#1505,.F.);
#1505 = EDGE_CURVE('',#1506,#1497,#1508,.T.);
#1506 = VERTEX_POINT('',#1507);
#1507 = CARTESIAN_POINT('',(-1.1,-1.E-01,0.28));
#1508 = LINE('',#1509,#1510);
#1509 = CARTESIAN_POINT('',(-1.1,-1.E-01,0.28));
#1510 = VECTOR('',#1511,1.);
#1511 = DIRECTION('',(0.,-1.,0.));
#1512 = ORIENTED_EDGE('',*,*,#1513,.F.);
#1513 = EDGE_CURVE('',#1514,#1506,#1516,.T.);
#1514 = VERTEX_POINT('',#1515);
#1515 = CARTESIAN_POINT('',(-0.815,-0.263409636714,0.28));
#1516 = CIRCLE('',#1517,0.401995024845);
#1517 = AXIS2_PLACEMENT_3D('',#1518,#1519,#1520);
#1518 = CARTESIAN_POINT('',(-1.14,-0.5,0.28));
#1519 = DIRECTION('',(0.,0.,1.));
#1520 = DIRECTION('',(1.,0.,0.));
#1521 = ORIENTED_EDGE('',*,*,#1522,.T.);
#1522 = EDGE_CURVE('',#1514,#1523,#1525,.T.);
#1523 = VERTEX_POINT('',#1524);
#1524 = CARTESIAN_POINT('',(-0.725,-0.263409636714,0.28));
#1525 = LINE('',#1526,#1527);
#1526 = CARTESIAN_POINT('',(-0.815,-0.263409636714,0.28));
#1527 = VECTOR('',#1528,1.);
#1528 = DIRECTION('',(1.,0.,0.));
#1529 = ORIENTED_EDGE('',*,*,#1530,.T.);
#1530 = EDGE_CURVE('',#1523,#1463,#1531,.T.);
#1531 = LINE('',#1532,#1533);
#1532 = CARTESIAN_POINT('',(-0.725,-0.263409636714,0.28));
#1533 = VECTOR('',#1534,1.);
#1534 = DIRECTION('',(0.,-1.,0.));
#1535 = ORIENTED_EDGE('',*,*,#1462,.F.);
#1536 = ORIENTED_EDGE('',*,*,#1537,.F.);
#1537 = EDGE_CURVE('',#1489,#1455,#1538,.T.);
#1538 = LINE('',#1539,#1540);
#1539 = CARTESIAN_POINT('',(-1.1,-0.9,0.28));
#1540 = VECTOR('',#1541,1.);
#1541 = DIRECTION('',(1.,3.700743415417E-16,0.));
#1542 = PLANE('',#1543);
#1543 = AXIS2_PLACEMENT_3D('',#1544,#1545,#1546);
#1544 = CARTESIAN_POINT('',(1.772267672576E-02,-7.30259754092E-03,0.28)
  );
#1545 = DIRECTION('',(0.,0.,1.));
#1546 = DIRECTION('',(1.,0.,0.));
#1547 = ADVANCED_FACE('',(#1548),#1559,.T.);
#1548 = FACE_BOUND('',#1549,.T.);
#1549 = EDGE_LOOP('',(#1550,#1556,#1557,#1558));
#1550 = ORIENTED_EDGE('',*,*,#1551,.T.);
#1551 = EDGE_CURVE('',#1416,#1523,#1552,.T.);
#1552 = LINE('',#1553,#1554);
#1553 = CARTESIAN_POINT('',(-0.725,-0.263409636714,0.14));
#1554 = VECTOR('',#1555,1.);
#1555 = DIRECTION('',(0.,0.,1.));
#1556 = ORIENTED_EDGE('',*,*,#1530,.T.);
#1557 = ORIENTED_EDGE('',*,*,#1471,.F.);
#1558 = ORIENTED_EDGE('',*,*,#1423,.F.);
#1559 = PLANE('',#1560);
#1560 = AXIS2_PLACEMENT_3D('',#1561,#1562,#1563);
#1561 = CARTESIAN_POINT('',(-0.725,-0.263409636714,0.14));
#1562 = DIRECTION('',(1.,0.,0.));
#1563 = DIRECTION('',(0.,-1.,0.));
#1564 = ADVANCED_FACE('',(#1565),#1576,.T.);
#1565 = FACE_BOUND('',#1566,.T.);
#1566 = EDGE_LOOP('',(#1567,#1573,#1574,#1575));
#1567 = ORIENTED_EDGE('',*,*,#1568,.T.);
#1568 = EDGE_CURVE('',#1407,#1514,#1569,.T.);
#1569 = LINE('',#1570,#1571);
#1570 = CARTESIAN_POINT('',(-0.815,-0.263409636714,0.14));
#1571 = VECTOR('',#1572,1.);
#1572 = DIRECTION('',(0.,0.,1.));
#1573 = ORIENTED_EDGE('',*,*,#1522,.T.);
#1574 = ORIENTED_EDGE('',*,*,#1551,.F.);
#1575 = ORIENTED_EDGE('',*,*,#1415,.F.);
#1576 = PLANE('',#1577);
#1577 = AXIS2_PLACEMENT_3D('',#1578,#1579,#1580);
#1578 = CARTESIAN_POINT('',(-0.815,-0.263409636714,0.14));
#1579 = DIRECTION('',(0.,1.,0.));
#1580 = DIRECTION('',(1.,0.,0.));
#1581 = ADVANCED_FACE('',(#1582),#1593,.T.);
#1582 = FACE_BOUND('',#1583,.F.);
#1583 = EDGE_LOOP('',(#1584,#1585,#1586,#1592));
#1584 = ORIENTED_EDGE('',*,*,#1568,.T.);
#1585 = ORIENTED_EDGE('',*,*,#1513,.T.);
#1586 = ORIENTED_EDGE('',*,*,#1587,.F.);
#1587 = EDGE_CURVE('',#1399,#1506,#1588,.T.);
#1588 = LINE('',#1589,#1590);
#1589 = CARTESIAN_POINT('',(-1.1,-1.E-01,0.14));
#1590 = VECTOR('',#1591,1.);
#1591 = DIRECTION('',(0.,0.,1.));
#1592 = ORIENTED_EDGE('',*,*,#1406,.F.);
#1593 = CYLINDRICAL_SURFACE('',#1594,0.401995024845);
#1594 = AXIS2_PLACEMENT_3D('',#1595,#1596,#1597);
#1595 = CARTESIAN_POINT('',(-1.14,-0.5,0.14));
#1596 = DIRECTION('',(-0.,-0.,-1.));
#1597 = DIRECTION('',(1.,0.,0.));
#1598 = ADVANCED_FACE('',(#1599),#1615,.T.);
#1599 = FACE_BOUND('',#1600,.T.);
#1600 = EDGE_LOOP('',(#1601,#1607,#1608,#1614));
#1601 = ORIENTED_EDGE('',*,*,#1602,.T.);
#1602 = EDGE_CURVE('',#1293,#1489,#1603,.T.);
#1603 = LINE('',#1604,#1605);
#1604 = CARTESIAN_POINT('',(-1.1,-0.9,0.));
#1605 = VECTOR('',#1606,1.);
#1606 = DIRECTION('',(0.,0.,1.));
#1607 = ORIENTED_EDGE('',*,*,#1486,.F.);
#1608 = ORIENTED_EDGE('',*,*,#1609,.F.);
#1609 = EDGE_CURVE('',#1295,#1487,#1610,.T.);
#1610 = LINE('',#1611,#1612);
#1611 = CARTESIAN_POINT('',(-1.1,-0.746779253585,0.14));
#1612 = VECTOR('',#1613,1.);
#1613 = DIRECTION('',(0.,0.,1.));
#1614 = ORIENTED_EDGE('',*,*,#1292,.F.);
#1615 = PLANE('',#1616);
#1616 = AXIS2_PLACEMENT_3D('',#1617,#1618,#1619);
#1617 = CARTESIAN_POINT('',(-1.1,-0.823389626793,0.14));
#1618 = DIRECTION('',(-1.,-0.,-0.));
#1619 = DIRECTION('',(0.,0.,-1.));
#1620 = ADVANCED_FACE('',(#1621),#1633,.T.);
#1621 = FACE_BOUND('',#1622,.T.);
#1622 = EDGE_LOOP('',(#1623,#1624,#1625,#1631,#1632));
#1623 = ORIENTED_EDGE('',*,*,#1439,.F.);
#1624 = ORIENTED_EDGE('',*,*,#1326,.T.);
#1625 = ORIENTED_EDGE('',*,*,#1626,.T.);
#1626 = EDGE_CURVE('',#1327,#1497,#1627,.T.);
#1627 = LINE('',#1628,#1629);
#1628 = CARTESIAN_POINT('',(-1.1,-0.253220746415,0.));
#1629 = VECTOR('',#1630,1.);
#1630 = DIRECTION('',(0.,0.,1.));
#1631 = ORIENTED_EDGE('',*,*,#1505,.F.);
#1632 = ORIENTED_EDGE('',*,*,#1587,.F.);
#1633 = PLANE('',#1634);
#1634 = AXIS2_PLACEMENT_3D('',#1635,#1636,#1637);
#1635 = CARTESIAN_POINT('',(-1.1,-0.176610373207,0.14));
#1636 = DIRECTION('',(-1.,-0.,-0.));
#1637 = DIRECTION('',(0.,0.,-1.));
#1638 = ADVANCED_FACE('',(#1639),#1647,.T.);
#1639 = FACE_BOUND('',#1640,.T.);
#1640 = EDGE_LOOP('',(#1641,#1642,#1643,#1644,#1645,#1646));
#1641 = ORIENTED_EDGE('',*,*,#1602,.F.);
#1642 = ORIENTED_EDGE('',*,*,#1302,.T.);
#1643 = ORIENTED_EDGE('',*,*,#1349,.T.);
#1644 = ORIENTED_EDGE('',*,*,#1391,.F.);
#1645 = ORIENTED_EDGE('',*,*,#1454,.T.);
#1646 = ORIENTED_EDGE('',*,*,#1537,.F.);
#1647 = PLANE('',#1648);
#1648 = AXIS2_PLACEMENT_3D('',#1649,#1650,#1651);
#1649 = CARTESIAN_POINT('',(-0.846084337349,-0.9,0.118915662651));
#1650 = DIRECTION('',(-0.,-1.,-0.));
#1651 = DIRECTION('',(0.,0.,-1.));
#1652 = ADVANCED_FACE('',(#1653),#1659,.F.);
#1653 = FACE_BOUND('',#1654,.T.);
#1654 = EDGE_LOOP('',(#1655,#1656,#1657,#1658));
#1655 = ORIENTED_EDGE('',*,*,#1496,.T.);
#1656 = ORIENTED_EDGE('',*,*,#1626,.F.);
#1657 = ORIENTED_EDGE('',*,*,#1334,.F.);
#1658 = ORIENTED_EDGE('',*,*,#1609,.T.);
#1659 = CYLINDRICAL_SURFACE('',#1660,0.25);
#1660 = AXIS2_PLACEMENT_3D('',#1661,#1662,#1663);
#1661 = CARTESIAN_POINT('',(-1.14,-0.5,0.));
#1662 = DIRECTION('',(-0.,-0.,-1.));
#1663 = DIRECTION('',(1.,0.,0.));
#1664 = ( GEOMETRIC_REPRESENTATION_CONTEXT(3) 
GLOBAL_UNCERTAINTY_ASSIGNED_CONTEXT((#1668)) 
GLOBAL_UNIT_ASSIGNED_CONTEXT((#1665,#1666,#1667)) REPRESENTATION_CONTEXT
('Context #1','3D Context with UNIT and UNCERTAINTY') );
#1665 = ( LENGTH_UNIT() NAMED_UNIT(*) SI_UNIT(.MILLI.,.METRE.) );
#1666 = ( NAMED_UNIT(*) PLANE_ANGLE_UNIT() SI_UNIT($,.RADIAN.) );
#1667 = ( NAMED_UNIT(*) SI_UNIT($,.STERADIAN.) SOLID_ANGLE_UNIT() );
#1668 = UNCERTAINTY_MEASURE_WITH_UNIT(LENGTH_MEASURE(1.E-07),#1665,
  'distance_accuracy_value','confusion accuracy');
#1669 = CONTEXT_DEPENDENT_SHAPE_REPRESENTATION(#1670,#1672);
#1670 = ( REPRESENTATION_RELATIONSHIP('','',#48,#10) 
REPRESENTATION_RELATIONSHIP_WITH_TRANSFORMATION(#1671) 
SHAPE_REPRESENTATION_RELATIONSHIP() );
#1671 = ITEM_DEFINED_TRANSFORMATION('','',#11,#15);
#1672 = PRODUCT_DEFINITION_SHAPE('Placement','Placement of an item',
  #1673);
#1673 = NEXT_ASSEMBLY_USAGE_OCCURRENCE('1','Body003','',#5,#43,$);
#1674 = PRODUCT_RELATED_PRODUCT_CATEGORY('part',$,(#45));
#1675 = SHAPE_DEFINITION_REPRESENTATION(#1676,#1682);
#1676 = PRODUCT_DEFINITION_SHAPE('','',#1677);
#1677 = PRODUCT_DEFINITION('design','',#1678,#1681);
#1678 = PRODUCT_DEFINITION_FORMATION('','',#1679);
#1679 = PRODUCT('Body001','Body001','',(#1680));
#1680 = PRODUCT_CONTEXT('',#2,'mechanical');
#1681 = PRODUCT_DEFINITION_CONTEXT('part definition',#2,'design');
#1682 = ADVANCED_BREP_SHAPE_REPRESENTATION('',(#11,#1683),#1833);
#1683 = MANIFOLD_SOLID_BREP('',#1684);
#1684 = CLOSED_SHELL('',(#1685,#1725,#1756,#1787,#1809,#1821));
#1685 = ADVANCED_FACE('',(#1686),#1720,.F.);
#1686 = FACE_BOUND('',#1687,.F.);
#1687 = EDGE_LOOP('',(#1688,#1698,#1706,#1714));
#1688 = ORIENTED_EDGE('',*,*,#1689,.T.);
#1689 = EDGE_CURVE('',#1690,#1692,#1694,.T.);
#1690 = VERTEX_POINT('',#1691);
#1691 = CARTESIAN_POINT('',(-0.725,-1.,0.));
#1692 = VERTEX_POINT('',#1693);
#1693 = CARTESIAN_POINT('',(-0.725,-1.,0.561));
#1694 = LINE('',#1695,#1696);
#1695 = CARTESIAN_POINT('',(-0.725,-1.,0.));
#1696 = VECTOR('',#1697,1.);
#1697 = DIRECTION('',(0.,0.,1.));
#1698 = ORIENTED_EDGE('',*,*,#1699,.T.);
#1699 = EDGE_CURVE('',#1692,#1700,#1702,.T.);
#1700 = VERTEX_POINT('',#1701);
#1701 = CARTESIAN_POINT('',(0.725,-1.,0.561));
#1702 = LINE('',#1703,#1704);
#1703 = CARTESIAN_POINT('',(-0.725,-1.,0.561));
#1704 = VECTOR('',#1705,1.);
#1705 = DIRECTION('',(1.,0.,0.));
#1706 = ORIENTED_EDGE('',*,*,#1707,.F.);
#1707 = EDGE_CURVE('',#1708,#1700,#1710,.T.);
#1708 = VERTEX_POINT('',#1709);
#1709 = CARTESIAN_POINT('',(0.725,-1.,0.));
#1710 = LINE('',#1711,#1712);
#1711 = CARTESIAN_POINT('',(0.725,-1.,0.));
#1712 = VECTOR('',#1713,1.);
#1713 = DIRECTION('',(0.,0.,1.));
#1714 = ORIENTED_EDGE('',*,*,#1715,.F.);
#1715 = EDGE_CURVE('',#1690,#1708,#1716,.T.);
#1716 = LINE('',#1717,#1718);
#1717 = CARTESIAN_POINT('',(-0.725,-1.,0.));
#1718 = VECTOR('',#1719,1.);
#1719 = DIRECTION('',(1.,0.,0.));
#1720 = PLANE('',#1721);
#1721 = AXIS2_PLACEMENT_3D('',#1722,#1723,#1724);
#1722 = CARTESIAN_POINT('',(-0.725,-1.,0.));
#1723 = DIRECTION('',(0.,1.,0.));
#1724 = DIRECTION('',(1.,0.,0.));
#1725 = ADVANCED_FACE('',(#1726),#1751,.F.);
#1726 = FACE_BOUND('',#1727,.F.);
#1727 = EDGE_LOOP('',(#1728,#1729,#1737,#1745));
#1728 = ORIENTED_EDGE('',*,*,#1707,.T.);
#1729 = ORIENTED_EDGE('',*,*,#1730,.T.);
#1730 = EDGE_CURVE('',#1700,#1731,#1733,.T.);
#1731 = VERTEX_POINT('',#1732);
#1732 = CARTESIAN_POINT('',(0.725,1.,0.561));
#1733 = LINE('',#1734,#1735);
#1734 = CARTESIAN_POINT('',(0.725,-1.,0.561));
#1735 = VECTOR('',#1736,1.);
#1736 = DIRECTION('',(0.,1.,0.));
#1737 = ORIENTED_EDGE('',*,*,#1738,.F.);
#1738 = EDGE_CURVE('',#1739,#1731,#1741,.T.);
#1739 = VERTEX_POINT('',#1740);
#1740 = CARTESIAN_POINT('',(0.725,1.,0.));
#1741 = LINE('',#1742,#1743);
#1742 = CARTESIAN_POINT('',(0.725,1.,0.));
#1743 = VECTOR('',#1744,1.);
#1744 = DIRECTION('',(0.,0.,1.));
#1745 = ORIENTED_EDGE('',*,*,#1746,.F.);
#1746 = EDGE_CURVE('',#1708,#1739,#1747,.T.);
#1747 = LINE('',#1748,#1749);
#1748 = CARTESIAN_POINT('',(0.725,-1.,0.));
#1749 = VECTOR('',#1750,1.);
#1750 = DIRECTION('',(0.,1.,0.));
#1751 = PLANE('',#1752);
#1752 = AXIS2_PLACEMENT_3D('',#1753,#1754,#1755);
#1753 = CARTESIAN_POINT('',(0.725,-1.,0.));
#1754 = DIRECTION('',(-1.,0.,0.));
#1755 = DIRECTION('',(0.,1.,0.));
#1756 = ADVANCED_FACE('',(#1757),#1782,.F.);
#1757 = FACE_BOUND('',#1758,.F.);
#1758 = EDGE_LOOP('',(#1759,#1760,#1768,#1776));
#1759 = ORIENTED_EDGE('',*,*,#1738,.T.);
#1760 = ORIENTED_EDGE('',*,*,#1761,.T.);
#1761 = EDGE_CURVE('',#1731,#1762,#1764,.T.);
#1762 = VERTEX_POINT('',#1763);
#1763 = CARTESIAN_POINT('',(-0.725,1.,0.561));
#1764 = LINE('',#1765,#1766);
#1765 = CARTESIAN_POINT('',(0.725,1.,0.561));
#1766 = VECTOR('',#1767,1.);
#1767 = DIRECTION('',(-1.,0.,0.));
#1768 = ORIENTED_EDGE('',*,*,#1769,.F.);
#1769 = EDGE_CURVE('',#1770,#1762,#1772,.T.);
#1770 = VERTEX_POINT('',#1771);
#1771 = CARTESIAN_POINT('',(-0.725,1.,0.));
#1772 = LINE('',#1773,#1774);
#1773 = CARTESIAN_POINT('',(-0.725,1.,0.));
#1774 = VECTOR('',#1775,1.);
#1775 = DIRECTION('',(0.,0.,1.));
#1776 = ORIENTED_EDGE('',*,*,#1777,.F.);
#1777 = EDGE_CURVE('',#1739,#1770,#1778,.T.);
#1778 = LINE('',#1779,#1780);
#1779 = CARTESIAN_POINT('',(0.725,1.,0.));
#1780 = VECTOR('',#1781,1.);
#1781 = DIRECTION('',(-1.,0.,0.));
#1782 = PLANE('',#1783);
#1783 = AXIS2_PLACEMENT_3D('',#1784,#1785,#1786);
#1784 = CARTESIAN_POINT('',(0.725,1.,0.));
#1785 = DIRECTION('',(0.,-1.,0.));
#1786 = DIRECTION('',(-1.,0.,0.));
#1787 = ADVANCED_FACE('',(#1788),#1804,.F.);
#1788 = FACE_BOUND('',#1789,.F.);
#1789 = EDGE_LOOP('',(#1790,#1791,#1797,#1798));
#1790 = ORIENTED_EDGE('',*,*,#1769,.T.);
#1791 = ORIENTED_EDGE('',*,*,#1792,.T.);
#1792 = EDGE_CURVE('',#1762,#1692,#1793,.T.);
#1793 = LINE('',#1794,#1795);
#1794 = CARTESIAN_POINT('',(-0.725,1.,0.561));
#1795 = VECTOR('',#1796,1.);
#1796 = DIRECTION('',(0.,-1.,0.));
#1797 = ORIENTED_EDGE('',*,*,#1689,.F.);
#1798 = ORIENTED_EDGE('',*,*,#1799,.F.);
#1799 = EDGE_CURVE('',#1770,#1690,#1800,.T.);
#1800 = LINE('',#1801,#1802);
#1801 = CARTESIAN_POINT('',(-0.725,1.,0.));
#1802 = VECTOR('',#1803,1.);
#1803 = DIRECTION('',(0.,-1.,0.));
#1804 = PLANE('',#1805);
#1805 = AXIS2_PLACEMENT_3D('',#1806,#1807,#1808);
#1806 = CARTESIAN_POINT('',(-0.725,1.,0.));
#1807 = DIRECTION('',(1.,0.,0.));
#1808 = DIRECTION('',(0.,-1.,0.));
#1809 = ADVANCED_FACE('',(#1810),#1816,.F.);
#1810 = FACE_BOUND('',#1811,.F.);
#1811 = EDGE_LOOP('',(#1812,#1813,#1814,#1815));
#1812 = ORIENTED_EDGE('',*,*,#1715,.T.);
#1813 = ORIENTED_EDGE('',*,*,#1746,.T.);
#1814 = ORIENTED_EDGE('',*,*,#1777,.T.);
#1815 = ORIENTED_EDGE('',*,*,#1799,.T.);
#1816 = PLANE('',#1817);
#1817 = AXIS2_PLACEMENT_3D('',#1818,#1819,#1820);
#1818 = CARTESIAN_POINT('',(0.,-3.218037752537E-17,0.));
#1819 = DIRECTION('',(0.,0.,1.));
#1820 = DIRECTION('',(1.,0.,0.));
#1821 = ADVANCED_FACE('',(#1822),#1828,.T.);
#1822 = FACE_BOUND('',#1823,.T.);
#1823 = EDGE_LOOP('',(#1824,#1825,#1826,#1827));
#1824 = ORIENTED_EDGE('',*,*,#1699,.T.);
#1825 = ORIENTED_EDGE('',*,*,#1730,.T.);
#1826 = ORIENTED_EDGE('',*,*,#1761,.T.);
#1827 = ORIENTED_EDGE('',*,*,#1792,.T.);
#1828 = PLANE('',#1829);
#1829 = AXIS2_PLACEMENT_3D('',#1830,#1831,#1832);
#1830 = CARTESIAN_POINT('',(0.,-3.218037752537E-17,0.561));
#1831 = DIRECTION('',(0.,0.,1.));
#1832 = DIRECTION('',(1.,0.,0.));
#1833 = ( GEOMETRIC_REPRESENTATION_CONTEXT(3) 
GLOBAL_UNCERTAINTY_ASSIGNED_CONTEXT((#1837)) 
GLOBAL_UNIT_ASSIGNED_CONTEXT((#1834,#1835,#1836)) REPRESENTATION_CONTEXT
('Context #1','3D Context with UNIT and UNCERTAINTY') );
#1834 = ( LENGTH_UNIT() NAMED_UNIT(*) SI_UNIT(.MILLI.,.METRE.) );
#1835 = ( NAMED_UNIT(*) PLANE_ANGLE_UNIT() SI_UNIT($,.RADIAN.) );
#1836 = ( NAMED_UNIT(*) SI_UNIT($,.STERADIAN.) SOLID_ANGLE_UNIT() );
#1837 = UNCERTAINTY_MEASURE_WITH_UNIT(LENGTH_MEASURE(1.E-07),#1834,
  'distance_accuracy_value','confusion accuracy');
#1838 = CONTEXT_DEPENDENT_SHAPE_REPRESENTATION(#1839,#1841);
#1839 = ( REPRESENTATION_RELATIONSHIP('','',#1682,#10) 
REPRESENTATION_RELATIONSHIP_WITH_TRANSFORMATION(#1840) 
SHAPE_REPRESENTATION_RELATIONSHIP() );
#1840 = ITEM_DEFINED_TRANSFORMATION('','',#11,#19);
#1841 = PRODUCT_DEFINITION_SHAPE('Placement','Placement of an item',
  #1842);
#1842 = NEXT_ASSEMBLY_USAGE_OCCURRENCE('2','Body001','',#5,#1677,$);
#1843 = PRODUCT_RELATED_PRODUCT_CATEGORY('part',$,(#1679));
#1844 = SHAPE_DEFINITION_REPRESENTATION(#1845,#1851);
#1845 = PRODUCT_DEFINITION_SHAPE('','',#1846);
#1846 = PRODUCT_DEFINITION('design','',#1847,#1850);
#1847 = PRODUCT_DEFINITION_FORMATION('','',#1848);
#1848 = PRODUCT('Body','Body','',(#1849));
#1849 = PRODUCT_CONTEXT('',#2,'mechanical');
#1850 = PRODUCT_DEFINITION_CONTEXT('part definition',#2,'design');
#1851 = ADVANCED_BREP_SHAPE_REPRESENTATION('',(#11,#1852),#3415);
#1852 = MANIFOLD_SOLID_BREP('',#1853);
#1853 = CLOSED_SHELL('',(#1854,#1894,#2087,#2111,#2361,#2394,#2418,#2442
    ,#2459,#2482,#2515,#2548,#2572,#2596,#2635,#2659,#2684,#2707,#2731,
    #2748,#2772,#2789,#2815,#2846,#2870,#2894,#2911,#2936,#2960,#2984,
    #3002,#3027,#3051,#3075,#3093,#3118,#3142,#3167,#3185,#3209,#3239,
    #3264,#3289,#3313,#3331,#3346,#3362,#3377,#3388,#3403));
#1854 = ADVANCED_FACE('',(#1855),#1889,.F.);
#1855 = FACE_BOUND('',#1856,.F.);
#1856 = EDGE_LOOP('',(#1857,#1867,#1875,#1883));
#1857 = ORIENTED_EDGE('',*,*,#1858,.F.);
#1858 = EDGE_CURVE('',#1859,#1861,#1863,.T.);
#1859 = VERTEX_POINT('',#1860);
#1860 = CARTESIAN_POINT('',(-1.1,-0.9,0.));
#1861 = VERTEX_POINT('',#1862);
#1862 = CARTESIAN_POINT('',(-1.1,-1.,0.));
#1863 = LINE('',#1864,#1865);
#1864 = CARTESIAN_POINT('',(-1.1,-0.746779253585,0.));
#1865 = VECTOR('',#1866,1.);
#1866 = DIRECTION('',(0.,-1.,0.));
#1867 = ORIENTED_EDGE('',*,*,#1868,.T.);
#1868 = EDGE_CURVE('',#1859,#1869,#1871,.T.);
#1869 = VERTEX_POINT('',#1870);
#1870 = CARTESIAN_POINT('',(-1.1,-0.9,0.28));
#1871 = LINE('',#1872,#1873);
#1872 = CARTESIAN_POINT('',(-1.1,-0.9,0.));
#1873 = VECTOR('',#1874,1.);
#1874 = DIRECTION('',(0.,0.,1.));
#1875 = ORIENTED_EDGE('',*,*,#1876,.T.);
#1876 = EDGE_CURVE('',#1869,#1877,#1879,.T.);
#1877 = VERTEX_POINT('',#1878);
#1878 = CARTESIAN_POINT('',(-1.1,-1.,0.28));
#1879 = LINE('',#1880,#1881);
#1880 = CARTESIAN_POINT('',(-1.1,-0.746779253585,0.28));
#1881 = VECTOR('',#1882,1.);
#1882 = DIRECTION('',(0.,-1.,0.));
#1883 = ORIENTED_EDGE('',*,*,#1884,.F.);
#1884 = EDGE_CURVE('',#1861,#1877,#1885,.T.);
#1885 = LINE('',#1886,#1887);
#1886 = CARTESIAN_POINT('',(-1.1,-1.,0.));
#1887 = VECTOR('',#1888,1.);
#1888 = DIRECTION('',(0.,0.,1.));
#1889 = PLANE('',#1890);
#1890 = AXIS2_PLACEMENT_3D('',#1891,#1892,#1893);
#1891 = CARTESIAN_POINT('',(-1.1,-0.746779253585,0.));
#1892 = DIRECTION('',(1.,0.,0.));
#1893 = DIRECTION('',(0.,-1.,0.));
#1894 = ADVANCED_FACE('',(#1895,#2048),#2082,.F.);
#1895 = FACE_BOUND('',#1896,.F.);
#1896 = EDGE_LOOP('',(#1897,#1905,#1906,#1914,#1922,#1930,#1938,#1946,
    #1954,#1962,#1970,#1978,#1986,#1994,#2002,#2010,#2018,#2026,#2034,
    #2042));
#1897 = ORIENTED_EDGE('',*,*,#1898,.F.);
#1898 = EDGE_CURVE('',#1859,#1899,#1901,.T.);
#1899 = VERTEX_POINT('',#1900);
#1900 = CARTESIAN_POINT('',(-0.55,-0.9,0.));
#1901 = LINE('',#1902,#1903);
#1902 = CARTESIAN_POINT('',(-1.1,-0.9,0.));
#1903 = VECTOR('',#1904,1.);
#1904 = DIRECTION('',(1.,0.,0.));
#1905 = ORIENTED_EDGE('',*,*,#1858,.T.);
#1906 = ORIENTED_EDGE('',*,*,#1907,.T.);
#1907 = EDGE_CURVE('',#1861,#1908,#1910,.T.);
#1908 = VERTEX_POINT('',#1909);
#1909 = CARTESIAN_POINT('',(1.1,-1.,0.));
#1910 = LINE('',#1911,#1912);
#1911 = CARTESIAN_POINT('',(-1.1,-1.,0.));
#1912 = VECTOR('',#1913,1.);
#1913 = DIRECTION('',(1.,0.,0.));
#1914 = ORIENTED_EDGE('',*,*,#1915,.F.);
#1915 = EDGE_CURVE('',#1916,#1908,#1918,.T.);
#1916 = VERTEX_POINT('',#1917);
#1917 = CARTESIAN_POINT('',(1.1,-0.9,0.));
#1918 = LINE('',#1919,#1920);
#1919 = CARTESIAN_POINT('',(1.1,-0.746779253585,0.));
#1920 = VECTOR('',#1921,1.);
#1921 = DIRECTION('',(0.,-1.,0.));
#1922 = ORIENTED_EDGE('',*,*,#1923,.F.);
#1923 = EDGE_CURVE('',#1924,#1916,#1926,.T.);
#1924 = VERTEX_POINT('',#1925);
#1925 = CARTESIAN_POINT('',(0.55,-0.9,0.));
#1926 = LINE('',#1927,#1928);
#1927 = CARTESIAN_POINT('',(0.55,-0.9,0.));
#1928 = VECTOR('',#1929,1.);
#1929 = DIRECTION('',(1.,0.,0.));
#1930 = ORIENTED_EDGE('',*,*,#1931,.F.);
#1931 = EDGE_CURVE('',#1932,#1924,#1934,.T.);
#1932 = VERTEX_POINT('',#1933);
#1933 = CARTESIAN_POINT('',(0.55,-1.E-01,0.));
#1934 = LINE('',#1935,#1936);
#1935 = CARTESIAN_POINT('',(0.55,-1.E-01,0.));
#1936 = VECTOR('',#1937,1.);
#1937 = DIRECTION('',(0.,-1.,0.));
#1938 = ORIENTED_EDGE('',*,*,#1939,.F.);
#1939 = EDGE_CURVE('',#1940,#1932,#1942,.T.);
#1940 = VERTEX_POINT('',#1941);
#1941 = CARTESIAN_POINT('',(1.1,-1.E-01,0.));
#1942 = LINE('',#1943,#1944);
#1943 = CARTESIAN_POINT('',(1.1,-1.E-01,0.));
#1944 = VECTOR('',#1945,1.);
#1945 = DIRECTION('',(-1.,0.,0.));
#1946 = ORIENTED_EDGE('',*,*,#1947,.F.);
#1947 = EDGE_CURVE('',#1948,#1940,#1950,.T.);
#1948 = VERTEX_POINT('',#1949);
#1949 = CARTESIAN_POINT('',(1.1,1.E-01,0.));
#1950 = LINE('',#1951,#1952);
#1951 = CARTESIAN_POINT('',(1.1,0.253220746415,0.));
#1952 = VECTOR('',#1953,1.);
#1953 = DIRECTION('',(0.,-1.,0.));
#1954 = ORIENTED_EDGE('',*,*,#1955,.F.);
#1955 = EDGE_CURVE('',#1956,#1948,#1958,.T.);
#1956 = VERTEX_POINT('',#1957);
#1957 = CARTESIAN_POINT('',(0.55,1.E-01,0.));
#1958 = LINE('',#1959,#1960);
#1959 = CARTESIAN_POINT('',(0.55,1.E-01,0.));
#1960 = VECTOR('',#1961,1.);
#1961 = DIRECTION('',(1.,0.,0.));
#1962 = ORIENTED_EDGE('',*,*,#1963,.F.);
#1963 = EDGE_CURVE('',#1964,#1956,#1966,.T.);
#1964 = VERTEX_POINT('',#1965);
#1965 = CARTESIAN_POINT('',(0.55,0.9,0.));
#1966 = LINE('',#1967,#1968);
#1967 = CARTESIAN_POINT('',(0.55,0.9,0.));
#1968 = VECTOR('',#1969,1.);
#1969 = DIRECTION('',(0.,-1.,0.));
#1970 = ORIENTED_EDGE('',*,*,#1971,.F.);
#1971 = EDGE_CURVE('',#1972,#1964,#1974,.T.);
#1972 = VERTEX_POINT('',#1973);
#1973 = CARTESIAN_POINT('',(1.1,0.9,0.));
#1974 = LINE('',#1975,#1976);
#1975 = CARTESIAN_POINT('',(1.1,0.9,0.));
#1976 = VECTOR('',#1977,1.);
#1977 = DIRECTION('',(-1.,0.,0.));
#1978 = ORIENTED_EDGE('',*,*,#1979,.F.);
#1979 = EDGE_CURVE('',#1980,#1972,#1982,.T.);
#1980 = VERTEX_POINT('',#1981);
#1981 = CARTESIAN_POINT('',(1.1,1.,0.));
#1982 = LINE('',#1983,#1984);
#1983 = CARTESIAN_POINT('',(1.1,1.,0.));
#1984 = VECTOR('',#1985,1.);
#1985 = DIRECTION('',(0.,-1.,0.));
#1986 = ORIENTED_EDGE('',*,*,#1987,.T.);
#1987 = EDGE_CURVE('',#1980,#1988,#1990,.T.);
#1988 = VERTEX_POINT('',#1989);
#1989 = CARTESIAN_POINT('',(-1.1,1.,0.));
#1990 = LINE('',#1991,#1992);
#1991 = CARTESIAN_POINT('',(1.1,1.,0.));
#1992 = VECTOR('',#1993,1.);
#1993 = DIRECTION('',(-1.,0.,0.));
#1994 = ORIENTED_EDGE('',*,*,#1995,.T.);
#1995 = EDGE_CURVE('',#1988,#1996,#1998,.T.);
#1996 = VERTEX_POINT('',#1997);
#1997 = CARTESIAN_POINT('',(-1.1,0.9,0.));
#1998 = LINE('',#1999,#2000);
#1999 = CARTESIAN_POINT('',(-1.1,1.,0.));
#2000 = VECTOR('',#2001,1.);
#2001 = DIRECTION('',(0.,-1.,0.));
#2002 = ORIENTED_EDGE('',*,*,#2003,.F.);
#2003 = EDGE_CURVE('',#2004,#1996,#2006,.T.);
#2004 = VERTEX_POINT('',#2005);
#2005 = CARTESIAN_POINT('',(-0.55,0.9,0.));
#2006 = LINE('',#2007,#2008);
#2007 = CARTESIAN_POINT('',(-0.55,0.9,0.));
#2008 = VECTOR('',#2009,1.);
#2009 = DIRECTION('',(-1.,0.,0.));
#2010 = ORIENTED_EDGE('',*,*,#2011,.F.);
#2011 = EDGE_CURVE('',#2012,#2004,#2014,.T.);
#2012 = VERTEX_POINT('',#2013);
#2013 = CARTESIAN_POINT('',(-0.55,1.E-01,0.));
#2014 = LINE('',#2015,#2016);
#2015 = CARTESIAN_POINT('',(-0.55,1.E-01,0.));
#2016 = VECTOR('',#2017,1.);
#2017 = DIRECTION('',(0.,1.,0.));
#2018 = ORIENTED_EDGE('',*,*,#2019,.F.);
#2019 = EDGE_CURVE('',#2020,#2012,#2022,.T.);
#2020 = VERTEX_POINT('',#2021);
#2021 = CARTESIAN_POINT('',(-1.1,1.E-01,0.));
#2022 = LINE('',#2023,#2024);
#2023 = CARTESIAN_POINT('',(-1.1,1.E-01,0.));
#2024 = VECTOR('',#2025,1.);
#2025 = DIRECTION('',(1.,0.,0.));
#2026 = ORIENTED_EDGE('',*,*,#2027,.T.);
#2027 = EDGE_CURVE('',#2020,#2028,#2030,.T.);
#2028 = VERTEX_POINT('',#2029);
#2029 = CARTESIAN_POINT('',(-1.1,-1.E-01,0.));
#2030 = LINE('',#2031,#2032);
#2031 = CARTESIAN_POINT('',(-1.1,0.253220746415,0.));
#2032 = VECTOR('',#2033,1.);
#2033 = DIRECTION('',(0.,-1.,0.));
#2034 = ORIENTED_EDGE('',*,*,#2035,.F.);
#2035 = EDGE_CURVE('',#2036,#2028,#2038,.T.);
#2036 = VERTEX_POINT('',#2037);
#2037 = CARTESIAN_POINT('',(-0.55,-1.E-01,0.));
#2038 = LINE('',#2039,#2040);
#2039 = CARTESIAN_POINT('',(-0.55,-1.E-01,0.));
#2040 = VECTOR('',#2041,1.);
#2041 = DIRECTION('',(-1.,0.,0.));
#2042 = ORIENTED_EDGE('',*,*,#2043,.F.);
#2043 = EDGE_CURVE('',#1899,#2036,#2044,.T.);
#2044 = LINE('',#2045,#2046);
#2045 = CARTESIAN_POINT('',(-0.55,-0.9,0.));
#2046 = VECTOR('',#2047,1.);
#2047 = DIRECTION('',(0.,1.,0.));
#2048 = FACE_BOUND('',#2049,.F.);
#2049 = EDGE_LOOP('',(#2050,#2060,#2068,#2076));
#2050 = ORIENTED_EDGE('',*,*,#2051,.F.);
#2051 = EDGE_CURVE('',#2052,#2054,#2056,.T.);
#2052 = VERTEX_POINT('',#2053);
#2053 = CARTESIAN_POINT('',(0.46,0.995,0.));
#2054 = VERTEX_POINT('',#2055);
#2055 = CARTESIAN_POINT('',(-7.E-02,0.995,0.));
#2056 = LINE('',#2057,#2058);
#2057 = CARTESIAN_POINT('',(0.46,0.995,0.));
#2058 = VECTOR('',#2059,1.);
#2059 = DIRECTION('',(-1.,0.,0.));
#2060 = ORIENTED_EDGE('',*,*,#2061,.F.);
#2061 = EDGE_CURVE('',#2062,#2052,#2064,.T.);
#2062 = VERTEX_POINT('',#2063);
#2063 = CARTESIAN_POINT('',(0.46,-0.995,0.));
#2064 = LINE('',#2065,#2066);
#2065 = CARTESIAN_POINT('',(0.46,-0.995,0.));
#2066 = VECTOR('',#2067,1.);
#2067 = DIRECTION('',(0.,1.,0.));
#2068 = ORIENTED_EDGE('',*,*,#2069,.F.);
#2069 = EDGE_CURVE('',#2070,#2062,#2072,.T.);
#2070 = VERTEX_POINT('',#2071);
#2071 = CARTESIAN_POINT('',(-7.E-02,-0.995,0.));
#2072 = LINE('',#2073,#2074);
#2073 = CARTESIAN_POINT('',(-7.E-02,-0.995,0.));
#2074 = VECTOR('',#2075,1.);
#2075 = DIRECTION('',(1.,0.,0.));
#2076 = ORIENTED_EDGE('',*,*,#2077,.F.);
#2077 = EDGE_CURVE('',#2054,#2070,#2078,.T.);
#2078 = LINE('',#2079,#2080);
#2079 = CARTESIAN_POINT('',(-7.E-02,0.995,0.));
#2080 = VECTOR('',#2081,1.);
#2081 = DIRECTION('',(0.,-1.,0.));
#2082 = PLANE('',#2083);
#2083 = AXIS2_PLACEMENT_3D('',#2084,#2085,#2086);
#2084 = CARTESIAN_POINT('',(6.223038022938E-17,2.428502643098E-17,0.));
#2085 = DIRECTION('',(0.,0.,1.));
#2086 = DIRECTION('',(1.,0.,0.));
#2087 = ADVANCED_FACE('',(#2088),#2106,.F.);
#2088 = FACE_BOUND('',#2089,.F.);
#2089 = EDGE_LOOP('',(#2090,#2091,#2099,#2105));
#2090 = ORIENTED_EDGE('',*,*,#1884,.T.);
#2091 = ORIENTED_EDGE('',*,*,#2092,.T.);
#2092 = EDGE_CURVE('',#1877,#2093,#2095,.T.);
#2093 = VERTEX_POINT('',#2094);
#2094 = CARTESIAN_POINT('',(1.1,-1.,0.28));
#2095 = LINE('',#2096,#2097);
#2096 = CARTESIAN_POINT('',(-1.1,-1.,0.28));
#2097 = VECTOR('',#2098,1.);
#2098 = DIRECTION('',(1.,0.,0.));
#2099 = ORIENTED_EDGE('',*,*,#2100,.F.);
#2100 = EDGE_CURVE('',#1908,#2093,#2101,.T.);
#2101 = LINE('',#2102,#2103);
#2102 = CARTESIAN_POINT('',(1.1,-1.,0.));
#2103 = VECTOR('',#2104,1.);
#2104 = DIRECTION('',(0.,0.,1.));
#2105 = ORIENTED_EDGE('',*,*,#1907,.F.);
#2106 = PLANE('',#2107);
#2107 = AXIS2_PLACEMENT_3D('',#2108,#2109,#2110);
#2108 = CARTESIAN_POINT('',(-1.1,-1.,0.));
#2109 = DIRECTION('',(0.,1.,0.));
#2110 = DIRECTION('',(1.,0.,0.));
#2111 = ADVANCED_FACE('',(#2112),#2356,.T.);
#2112 = FACE_BOUND('',#2113,.T.);
#2113 = EDGE_LOOP('',(#2114,#2122,#2123,#2124,#2132,#2140,#2149,#2157,
    #2166,#2175,#2183,#2191,#2199,#2207,#2216,#2225,#2233,#2242,#2250,
    #2258,#2266,#2274,#2283,#2291,#2299,#2308,#2316,#2324,#2333,#2341,
    #2349));
#2114 = ORIENTED_EDGE('',*,*,#2115,.F.);
#2115 = EDGE_CURVE('',#1869,#2116,#2118,.T.);
#2116 = VERTEX_POINT('',#2117);
#2117 = CARTESIAN_POINT('',(-0.8,-0.9,0.28));
#2118 = LINE('',#2119,#2120);
#2119 = CARTESIAN_POINT('',(-1.1,-0.9,0.28));
#2120 = VECTOR('',#2121,1.);
#2121 = DIRECTION('',(1.,3.700743415417E-16,0.));
#2122 = ORIENTED_EDGE('',*,*,#1876,.T.);
#2123 = ORIENTED_EDGE('',*,*,#2092,.T.);
#2124 = ORIENTED_EDGE('',*,*,#2125,.F.);
#2125 = EDGE_CURVE('',#2126,#2093,#2128,.T.);
#2126 = VERTEX_POINT('',#2127);
#2127 = CARTESIAN_POINT('',(1.1,-0.9,0.28));
#2128 = LINE('',#2129,#2130);
#2129 = CARTESIAN_POINT('',(1.1,-0.746779253585,0.28));
#2130 = VECTOR('',#2131,1.);
#2131 = DIRECTION('',(0.,-1.,0.));
#2132 = ORIENTED_EDGE('',*,*,#2133,.T.);
#2133 = EDGE_CURVE('',#2126,#2134,#2136,.T.);
#2134 = VERTEX_POINT('',#2135);
#2135 = CARTESIAN_POINT('',(0.8,-0.9,0.28));
#2136 = LINE('',#2137,#2138);
#2137 = CARTESIAN_POINT('',(1.1,-0.9,0.28));
#2138 = VECTOR('',#2139,1.);
#2139 = DIRECTION('',(-1.,-3.700743415417E-16,0.));
#2140 = ORIENTED_EDGE('',*,*,#2141,.F.);
#2141 = EDGE_CURVE('',#2142,#2134,#2144,.T.);
#2142 = VERTEX_POINT('',#2143);
#2143 = CARTESIAN_POINT('',(0.725,-0.835385760083,0.28));
#2144 = CIRCLE('',#2145,7.583467678835E-02);
#2145 = AXIS2_PLACEMENT_3D('',#2146,#2147,#2148);
#2146 = CARTESIAN_POINT('',(0.8,-0.824165323212,0.28));
#2147 = DIRECTION('',(0.,0.,1.));
#2148 = DIRECTION('',(1.,0.,0.));
#2149 = ORIENTED_EDGE('',*,*,#2150,.F.);
#2150 = EDGE_CURVE('',#2151,#2142,#2153,.T.);
#2151 = VERTEX_POINT('',#2152);
#2152 = CARTESIAN_POINT('',(0.725,-0.435385760083,0.28));
#2153 = LINE('',#2154,#2155);
#2154 = CARTESIAN_POINT('',(0.725,-0.435385760083,0.28));
#2155 = VECTOR('',#2156,1.);
#2156 = DIRECTION('',(-2.775557561563E-16,-1.,0.));
#2157 = ORIENTED_EDGE('',*,*,#2158,.F.);
#2158 = EDGE_CURVE('',#2159,#2151,#2161,.T.);
#2159 = VERTEX_POINT('',#2160);
#2160 = CARTESIAN_POINT('',(0.762317794967,-0.316271526428,0.28));
#2161 = CIRCLE('',#2162,0.42);
#2162 = AXIS2_PLACEMENT_3D('',#2163,#2164,#2165);
#2163 = CARTESIAN_POINT('',(1.14,-0.5,0.28));
#2164 = DIRECTION('',(0.,0.,1.));
#2165 = DIRECTION('',(1.,0.,0.));
#2166 = ORIENTED_EDGE('',*,*,#2167,.T.);
#2167 = EDGE_CURVE('',#2159,#2168,#2170,.T.);
#2168 = VERTEX_POINT('',#2169);
#2169 = CARTESIAN_POINT('',(0.725,-0.18350894503,0.28));
#2170 = CIRCLE('',#2171,0.103773684234);
#2171 = AXIS2_PLACEMENT_3D('',#2172,#2173,#2174);
#2172 = CARTESIAN_POINT('',(0.669,-0.27087585833,0.28));
#2173 = DIRECTION('',(0.,0.,1.));
#2174 = DIRECTION('',(1.,0.,0.));
#2175 = ORIENTED_EDGE('',*,*,#2176,.F.);
#2176 = EDGE_CURVE('',#2177,#2168,#2179,.T.);
#2177 = VERTEX_POINT('',#2178);
#2178 = CARTESIAN_POINT('',(0.725,4.649105497001E-02,0.28));
#2179 = LINE('',#2180,#2181);
#2180 = CARTESIAN_POINT('',(0.725,4.649105497001E-02,0.28));
#2181 = VECTOR('',#2182,1.);
#2182 = DIRECTION('',(0.,-1.,0.));
#2183 = ORIENTED_EDGE('',*,*,#2184,.F.);
#2184 = EDGE_CURVE('',#2185,#2177,#2187,.T.);
#2185 = VERTEX_POINT('',#2186);
#2186 = CARTESIAN_POINT('',(0.9125,-1.E-01,0.28));
#2187 = LINE('',#2188,#2189);
#2188 = CARTESIAN_POINT('',(0.9125,-1.E-01,0.28));
#2189 = VECTOR('',#2190,1.);
#2190 = DIRECTION('',(-0.788010753607,0.615661475326,0.));
#2191 = ORIENTED_EDGE('',*,*,#2192,.F.);
#2192 = EDGE_CURVE('',#2193,#2185,#2195,.T.);
#2193 = VERTEX_POINT('',#2194);
#2194 = CARTESIAN_POINT('',(1.1,-1.E-01,0.28));
#2195 = LINE('',#2196,#2197);
#2196 = CARTESIAN_POINT('',(1.1,-1.E-01,0.28));
#2197 = VECTOR('',#2198,1.);
#2198 = DIRECTION('',(-1.,0.,0.));
#2199 = ORIENTED_EDGE('',*,*,#2200,.F.);
#2200 = EDGE_CURVE('',#2201,#2193,#2203,.T.);
#2201 = VERTEX_POINT('',#2202);
#2202 = CARTESIAN_POINT('',(1.1,1.E-01,0.28));
#2203 = LINE('',#2204,#2205);
#2204 = CARTESIAN_POINT('',(1.1,0.253220746415,0.28));
#2205 = VECTOR('',#2206,1.);
#2206 = DIRECTION('',(0.,-1.,0.));
#2207 = ORIENTED_EDGE('',*,*,#2208,.F.);
#2208 = EDGE_CURVE('',#2209,#2201,#2211,.T.);
#2209 = VERTEX_POINT('',#2210);
#2210 = CARTESIAN_POINT('',(0.777076069399,0.327123684106,0.28));
#2211 = CIRCLE('',#2212,0.401995024845);
#2212 = AXIS2_PLACEMENT_3D('',#2213,#2214,#2215);
#2213 = CARTESIAN_POINT('',(1.14,0.5,0.28));
#2214 = DIRECTION('',(0.,0.,1.));
#2215 = DIRECTION('',(1.,0.,0.));
#2216 = ORIENTED_EDGE('',*,*,#2217,.T.);
#2217 = EDGE_CURVE('',#2209,#2218,#2220,.T.);
#2218 = VERTEX_POINT('',#2219);
#2219 = CARTESIAN_POINT('',(0.725,0.36,0.28));
#2220 = CIRCLE('',#2221,5.768239304904E-02);
#2221 = AXIS2_PLACEMENT_3D('',#2222,#2223,#2224);
#2222 = CARTESIAN_POINT('',(0.725,0.302317606951,0.28));
#2223 = DIRECTION('',(0.,0.,1.));
#2224 = DIRECTION('',(1.,0.,0.));
#2225 = ORIENTED_EDGE('',*,*,#2226,.F.);
#2226 = EDGE_CURVE('',#2227,#2218,#2229,.T.);
#2227 = VERTEX_POINT('',#2228);
#2228 = CARTESIAN_POINT('',(0.725,0.82,0.28));
#2229 = LINE('',#2230,#2231);
#2230 = CARTESIAN_POINT('',(0.725,0.82,0.28));
#2231 = VECTOR('',#2232,1.);
#2232 = DIRECTION('',(0.,-1.,0.));
#2233 = ORIENTED_EDGE('',*,*,#2234,.F.);
#2234 = EDGE_CURVE('',#2235,#2227,#2237,.T.);
#2235 = VERTEX_POINT('',#2236);
#2236 = CARTESIAN_POINT('',(0.84,0.9,0.28));
#2237 = CIRCLE('',#2238,0.12265625);
#2238 = AXIS2_PLACEMENT_3D('',#2239,#2240,#2241);
#2239 = CARTESIAN_POINT('',(0.84,0.77734375,0.28));
#2240 = DIRECTION('',(0.,0.,1.));
#2241 = DIRECTION('',(1.,0.,0.));
#2242 = ORIENTED_EDGE('',*,*,#2243,.F.);
#2243 = EDGE_CURVE('',#2244,#2235,#2246,.T.);
#2244 = VERTEX_POINT('',#2245);
#2245 = CARTESIAN_POINT('',(1.1,0.9,0.28));
#2246 = LINE('',#2247,#2248);
#2247 = CARTESIAN_POINT('',(1.1,0.9,0.28));
#2248 = VECTOR('',#2249,1.);
#2249 = DIRECTION('',(-1.,-4.270088556251E-16,0.));
#2250 = ORIENTED_EDGE('',*,*,#2251,.F.);
#2251 = EDGE_CURVE('',#2252,#2244,#2254,.T.);
#2252 = VERTEX_POINT('',#2253);
#2253 = CARTESIAN_POINT('',(1.1,1.,0.28));
#2254 = LINE('',#2255,#2256);
#2255 = CARTESIAN_POINT('',(1.1,1.,0.28));
#2256 = VECTOR('',#2257,1.);
#2257 = DIRECTION('',(0.,-1.,0.));
#2258 = ORIENTED_EDGE('',*,*,#2259,.T.);
#2259 = EDGE_CURVE('',#2252,#2260,#2262,.T.);
#2260 = VERTEX_POINT('',#2261);
#2261 = CARTESIAN_POINT('',(-1.1,1.,0.28));
#2262 = LINE('',#2263,#2264);
#2263 = CARTESIAN_POINT('',(1.1,1.,0.28));
#2264 = VECTOR('',#2265,1.);
#2265 = DIRECTION('',(-1.,0.,0.));
#2266 = ORIENTED_EDGE('',*,*,#2267,.T.);
#2267 = EDGE_CURVE('',#2260,#2268,#2270,.T.);
#2268 = VERTEX_POINT('',#2269);
#2269 = CARTESIAN_POINT('',(-1.1,0.9,0.28));
#2270 = LINE('',#2271,#2272);
#2271 = CARTESIAN_POINT('',(-1.1,1.,0.28));
#2272 = VECTOR('',#2273,1.);
#2273 = DIRECTION('',(0.,-1.,0.));
#2274 = ORIENTED_EDGE('',*,*,#2275,.F.);
#2275 = EDGE_CURVE('',#2276,#2268,#2278,.T.);
#2276 = VERTEX_POINT('',#2277);
#2277 = CARTESIAN_POINT('',(-0.885,0.810765184665,0.28));
#2278 = CIRCLE('',#2279,0.401995024845);
#2279 = AXIS2_PLACEMENT_3D('',#2280,#2281,#2282);
#2280 = CARTESIAN_POINT('',(-1.14,0.5,0.28));
#2281 = DIRECTION('',(0.,0.,1.));
#2282 = DIRECTION('',(1.,0.,0.));
#2283 = ORIENTED_EDGE('',*,*,#2284,.T.);
#2284 = EDGE_CURVE('',#2276,#2285,#2287,.T.);
#2285 = VERTEX_POINT('',#2286);
#2286 = CARTESIAN_POINT('',(-0.725,0.810765184665,0.28));
#2287 = LINE('',#2288,#2289);
#2288 = CARTESIAN_POINT('',(-0.885,0.810765184665,0.28));
#2289 = VECTOR('',#2290,1.);
#2290 = DIRECTION('',(1.,0.,0.));
#2291 = ORIENTED_EDGE('',*,*,#2292,.T.);
#2292 = EDGE_CURVE('',#2285,#2293,#2295,.T.);
#2293 = VERTEX_POINT('',#2294);
#2294 = CARTESIAN_POINT('',(-0.725,0.170765184665,0.28));
#2295 = LINE('',#2296,#2297);
#2296 = CARTESIAN_POINT('',(-0.725,0.810765184665,0.28));
#2297 = VECTOR('',#2298,1.);
#2298 = DIRECTION('',(0.,-1.,0.));
#2299 = ORIENTED_EDGE('',*,*,#2300,.F.);
#2300 = EDGE_CURVE('',#2301,#2293,#2303,.T.);
#2301 = VERTEX_POINT('',#2302);
#2302 = CARTESIAN_POINT('',(-0.8,1.E-01,0.28));
#2303 = CIRCLE('',#2304,7.512671245758E-02);
#2304 = AXIS2_PLACEMENT_3D('',#2305,#2306,#2307);
#2305 = CARTESIAN_POINT('',(-0.8,0.175126712458,0.28));
#2306 = DIRECTION('',(0.,0.,1.));
#2307 = DIRECTION('',(1.,0.,0.));
#2308 = ORIENTED_EDGE('',*,*,#2309,.F.);
#2309 = EDGE_CURVE('',#2310,#2301,#2312,.T.);
#2310 = VERTEX_POINT('',#2311);
#2311 = CARTESIAN_POINT('',(-1.1,1.E-01,0.28));
#2312 = LINE('',#2313,#2314);
#2313 = CARTESIAN_POINT('',(-1.1,1.E-01,0.28));
#2314 = VECTOR('',#2315,1.);
#2315 = DIRECTION('',(1.,-4.625929269271E-17,0.));
#2316 = ORIENTED_EDGE('',*,*,#2317,.T.);
#2317 = EDGE_CURVE('',#2310,#2318,#2320,.T.);
#2318 = VERTEX_POINT('',#2319);
#2319 = CARTESIAN_POINT('',(-1.1,-1.E-01,0.28));
#2320 = LINE('',#2321,#2322);
#2321 = CARTESIAN_POINT('',(-1.1,0.253220746415,0.28));
#2322 = VECTOR('',#2323,1.);
#2323 = DIRECTION('',(0.,-1.,0.));
#2324 = ORIENTED_EDGE('',*,*,#2325,.F.);
#2325 = EDGE_CURVE('',#2326,#2318,#2328,.T.);
#2326 = VERTEX_POINT('',#2327);
#2327 = CARTESIAN_POINT('',(-0.815,-0.263409636714,0.28));
#2328 = CIRCLE('',#2329,0.401995024845);
#2329 = AXIS2_PLACEMENT_3D('',#2330,#2331,#2332);
#2330 = CARTESIAN_POINT('',(-1.14,-0.5,0.28));
#2331 = DIRECTION('',(0.,0.,1.));
#2332 = DIRECTION('',(1.,0.,0.));
#2333 = ORIENTED_EDGE('',*,*,#2334,.T.);
#2334 = EDGE_CURVE('',#2326,#2335,#2337,.T.);
#2335 = VERTEX_POINT('',#2336);
#2336 = CARTESIAN_POINT('',(-0.725,-0.263409636714,0.28));
#2337 = LINE('',#2338,#2339);
#2338 = CARTESIAN_POINT('',(-0.815,-0.263409636714,0.28));
#2339 = VECTOR('',#2340,1.);
#2340 = DIRECTION('',(1.,0.,0.));
#2341 = ORIENTED_EDGE('',*,*,#2342,.T.);
#2342 = EDGE_CURVE('',#2335,#2343,#2345,.T.);
#2343 = VERTEX_POINT('',#2344);
#2344 = CARTESIAN_POINT('',(-0.725,-0.823409636714,0.28));
#2345 = LINE('',#2346,#2347);
#2346 = CARTESIAN_POINT('',(-0.725,-0.263409636714,0.28));
#2347 = VECTOR('',#2348,1.);
#2348 = DIRECTION('',(0.,-1.,0.));
#2349 = ORIENTED_EDGE('',*,*,#2350,.F.);
#2350 = EDGE_CURVE('',#2116,#2343,#2351,.T.);
#2351 = CIRCLE('',#2352,7.501651157714E-02);
#2352 = AXIS2_PLACEMENT_3D('',#2353,#2354,#2355);
#2353 = CARTESIAN_POINT('',(-0.8,-0.824983488423,0.28));
#2354 = DIRECTION('',(0.,0.,1.));
#2355 = DIRECTION('',(1.,0.,0.));
#2356 = PLANE('',#2357);
#2357 = AXIS2_PLACEMENT_3D('',#2358,#2359,#2360);
#2358 = CARTESIAN_POINT('',(6.223038022938E-17,2.428502643098E-17,0.28)
  );
#2359 = DIRECTION('',(0.,0.,1.));
#2360 = DIRECTION('',(1.,0.,0.));
#2361 = ADVANCED_FACE('',(#2362),#2389,.F.);
#2362 = FACE_BOUND('',#2363,.F.);
#2363 = EDGE_LOOP('',(#2364,#2365,#2366,#2374,#2382,#2388));
#2364 = ORIENTED_EDGE('',*,*,#1868,.F.);
#2365 = ORIENTED_EDGE('',*,*,#1898,.T.);
#2366 = ORIENTED_EDGE('',*,*,#2367,.T.);
#2367 = EDGE_CURVE('',#1899,#2368,#2370,.T.);
#2368 = VERTEX_POINT('',#2369);
#2369 = CARTESIAN_POINT('',(-0.55,-0.9,0.14));
#2370 = LINE('',#2371,#2372);
#2371 = CARTESIAN_POINT('',(-0.55,-0.9,0.));
#2372 = VECTOR('',#2373,1.);
#2373 = DIRECTION('',(0.,0.,1.));
#2374 = ORIENTED_EDGE('',*,*,#2375,.F.);
#2375 = EDGE_CURVE('',#2376,#2368,#2378,.T.);
#2376 = VERTEX_POINT('',#2377);
#2377 = CARTESIAN_POINT('',(-0.8,-0.9,0.14));
#2378 = LINE('',#2379,#2380);
#2379 = CARTESIAN_POINT('',(-1.1,-0.9,0.14));
#2380 = VECTOR('',#2381,1.);
#2381 = DIRECTION('',(1.,0.,0.));
#2382 = ORIENTED_EDGE('',*,*,#2383,.T.);
#2383 = EDGE_CURVE('',#2376,#2116,#2384,.T.);
#2384 = LINE('',#2385,#2386);
#2385 = CARTESIAN_POINT('',(-0.8,-0.9,0.14));
#2386 = VECTOR('',#2387,1.);
#2387 = DIRECTION('',(0.,0.,1.));
#2388 = ORIENTED_EDGE('',*,*,#2115,.F.);
#2389 = PLANE('',#2390);
#2390 = AXIS2_PLACEMENT_3D('',#2391,#2392,#2393);
#2391 = CARTESIAN_POINT('',(-0.846084337349,-0.9,0.118915662651));
#2392 = DIRECTION('',(-0.,-1.,-0.));
#2393 = DIRECTION('',(0.,0.,-1.));
#2394 = ADVANCED_FACE('',(#2395),#2413,.T.);
#2395 = FACE_BOUND('',#2396,.T.);
#2396 = EDGE_LOOP('',(#2397,#2398,#2406,#2412));
#2397 = ORIENTED_EDGE('',*,*,#2367,.T.);
#2398 = ORIENTED_EDGE('',*,*,#2399,.T.);
#2399 = EDGE_CURVE('',#2368,#2400,#2402,.T.);
#2400 = VERTEX_POINT('',#2401);
#2401 = CARTESIAN_POINT('',(-0.55,-1.E-01,0.14));
#2402 = LINE('',#2403,#2404);
#2403 = CARTESIAN_POINT('',(-0.55,-0.9,0.14));
#2404 = VECTOR('',#2405,1.);
#2405 = DIRECTION('',(0.,1.,0.));
#2406 = ORIENTED_EDGE('',*,*,#2407,.F.);
#2407 = EDGE_CURVE('',#2036,#2400,#2408,.T.);
#2408 = LINE('',#2409,#2410);
#2409 = CARTESIAN_POINT('',(-0.55,-1.E-01,0.));
#2410 = VECTOR('',#2411,1.);
#2411 = DIRECTION('',(0.,0.,1.));
#2412 = ORIENTED_EDGE('',*,*,#2043,.F.);
#2413 = PLANE('',#2414);
#2414 = AXIS2_PLACEMENT_3D('',#2415,#2416,#2417);
#2415 = CARTESIAN_POINT('',(-0.55,-0.9,0.));
#2416 = DIRECTION('',(-1.,0.,0.));
#2417 = DIRECTION('',(0.,1.,0.));
#2418 = ADVANCED_FACE('',(#2419),#2437,.T.);
#2419 = FACE_BOUND('',#2420,.T.);
#2420 = EDGE_LOOP('',(#2421,#2422,#2430,#2436));
#2421 = ORIENTED_EDGE('',*,*,#2407,.T.);
#2422 = ORIENTED_EDGE('',*,*,#2423,.T.);
#2423 = EDGE_CURVE('',#2400,#2424,#2426,.T.);
#2424 = VERTEX_POINT('',#2425);
#2425 = CARTESIAN_POINT('',(-1.1,-1.E-01,0.14));
#2426 = LINE('',#2427,#2428);
#2427 = CARTESIAN_POINT('',(-0.55,-1.E-01,0.14));
#2428 = VECTOR('',#2429,1.);
#2429 = DIRECTION('',(-1.,0.,0.));
#2430 = ORIENTED_EDGE('',*,*,#2431,.F.);
#2431 = EDGE_CURVE('',#2028,#2424,#2432,.T.);
#2432 = LINE('',#2433,#2434);
#2433 = CARTESIAN_POINT('',(-1.1,-1.E-01,0.));
#2434 = VECTOR('',#2435,1.);
#2435 = DIRECTION('',(0.,0.,1.));
#2436 = ORIENTED_EDGE('',*,*,#2035,.F.);
#2437 = PLANE('',#2438);
#2438 = AXIS2_PLACEMENT_3D('',#2439,#2440,#2441);
#2439 = CARTESIAN_POINT('',(-0.55,-1.E-01,0.));
#2440 = DIRECTION('',(0.,-1.,0.));
#2441 = DIRECTION('',(-1.,0.,0.));
#2442 = ADVANCED_FACE('',(#2443),#2454,.T.);
#2443 = FACE_BOUND('',#2444,.T.);
#2444 = EDGE_LOOP('',(#2445,#2446,#2452,#2453));
#2445 = ORIENTED_EDGE('',*,*,#1915,.F.);
#2446 = ORIENTED_EDGE('',*,*,#2447,.T.);
#2447 = EDGE_CURVE('',#1916,#2126,#2448,.T.);
#2448 = LINE('',#2449,#2450);
#2449 = CARTESIAN_POINT('',(1.1,-0.9,0.14));
#2450 = VECTOR('',#2451,1.);
#2451 = DIRECTION('',(0.,0.,1.));
#2452 = ORIENTED_EDGE('',*,*,#2125,.T.);
#2453 = ORIENTED_EDGE('',*,*,#2100,.F.);
#2454 = PLANE('',#2455);
#2455 = AXIS2_PLACEMENT_3D('',#2456,#2457,#2458);
#2456 = CARTESIAN_POINT('',(1.1,-0.746779253585,0.));
#2457 = DIRECTION('',(1.,0.,0.));
#2458 = DIRECTION('',(0.,-1.,0.));
#2459 = ADVANCED_FACE('',(#2460),#2477,.F.);
#2460 = FACE_BOUND('',#2461,.F.);
#2461 = EDGE_LOOP('',(#2462,#2463,#2469,#2470,#2476));
#2462 = ORIENTED_EDGE('',*,*,#2027,.F.);
#2463 = ORIENTED_EDGE('',*,*,#2464,.T.);
#2464 = EDGE_CURVE('',#2020,#2310,#2465,.T.);
#2465 = LINE('',#2466,#2467);
#2466 = CARTESIAN_POINT('',(-1.1,1.E-01,0.14));
#2467 = VECTOR('',#2468,1.);
#2468 = DIRECTION('',(0.,0.,1.));
#2469 = ORIENTED_EDGE('',*,*,#2317,.T.);
#2470 = ORIENTED_EDGE('',*,*,#2471,.F.);
#2471 = EDGE_CURVE('',#2424,#2318,#2472,.T.);
#2472 = LINE('',#2473,#2474);
#2473 = CARTESIAN_POINT('',(-1.1,-1.E-01,0.14));
#2474 = VECTOR('',#2475,1.);
#2475 = DIRECTION('',(0.,0.,1.));
#2476 = ORIENTED_EDGE('',*,*,#2431,.F.);
#2477 = PLANE('',#2478);
#2478 = AXIS2_PLACEMENT_3D('',#2479,#2480,#2481);
#2479 = CARTESIAN_POINT('',(-1.1,0.253220746415,0.));
#2480 = DIRECTION('',(1.,0.,0.));
#2481 = DIRECTION('',(0.,-1.,0.));
#2482 = ADVANCED_FACE('',(#2483),#2510,.F.);
#2483 = FACE_BOUND('',#2484,.F.);
#2484 = EDGE_LOOP('',(#2485,#2493,#2494,#2495,#2496,#2504));
#2485 = ORIENTED_EDGE('',*,*,#2486,.F.);
#2486 = EDGE_CURVE('',#1924,#2487,#2489,.T.);
#2487 = VERTEX_POINT('',#2488);
#2488 = CARTESIAN_POINT('',(0.55,-0.9,0.14));
#2489 = LINE('',#2490,#2491);
#2490 = CARTESIAN_POINT('',(0.55,-0.9,0.));
#2491 = VECTOR('',#2492,1.);
#2492 = DIRECTION('',(0.,0.,1.));
#2493 = ORIENTED_EDGE('',*,*,#1923,.T.);
#2494 = ORIENTED_EDGE('',*,*,#2447,.T.);
#2495 = ORIENTED_EDGE('',*,*,#2133,.T.);
#2496 = ORIENTED_EDGE('',*,*,#2497,.F.);
#2497 = EDGE_CURVE('',#2498,#2134,#2500,.T.);
#2498 = VERTEX_POINT('',#2499);
#2499 = CARTESIAN_POINT('',(0.8,-0.9,0.14));
#2500 = LINE('',#2501,#2502);
#2501 = CARTESIAN_POINT('',(0.8,-0.9,0.14));
#2502 = VECTOR('',#2503,1.);
#2503 = DIRECTION('',(0.,0.,1.));
#2504 = ORIENTED_EDGE('',*,*,#2505,.F.);
#2505 = EDGE_CURVE('',#2487,#2498,#2506,.T.);
#2506 = LINE('',#2507,#2508);
#2507 = CARTESIAN_POINT('',(0.55,-0.9,0.14));
#2508 = VECTOR('',#2509,1.);
#2509 = DIRECTION('',(1.,0.,0.));
#2510 = PLANE('',#2511);
#2511 = AXIS2_PLACEMENT_3D('',#2512,#2513,#2514);
#2512 = CARTESIAN_POINT('',(0.846084337349,-0.9,0.118915662651));
#2513 = DIRECTION('',(-0.,-1.,-0.));
#2514 = DIRECTION('',(0.,0.,-1.));
#2515 = ADVANCED_FACE('',(#2516),#2543,.F.);
#2516 = FACE_BOUND('',#2517,.F.);
#2517 = EDGE_LOOP('',(#2518,#2519,#2527,#2535,#2541,#2542));
#2518 = ORIENTED_EDGE('',*,*,#2019,.T.);
#2519 = ORIENTED_EDGE('',*,*,#2520,.T.);
#2520 = EDGE_CURVE('',#2012,#2521,#2523,.T.);
#2521 = VERTEX_POINT('',#2522);
#2522 = CARTESIAN_POINT('',(-0.55,1.E-01,0.14));
#2523 = LINE('',#2524,#2525);
#2524 = CARTESIAN_POINT('',(-0.55,1.E-01,0.));
#2525 = VECTOR('',#2526,1.);
#2526 = DIRECTION('',(0.,0.,1.));
#2527 = ORIENTED_EDGE('',*,*,#2528,.F.);
#2528 = EDGE_CURVE('',#2529,#2521,#2531,.T.);
#2529 = VERTEX_POINT('',#2530);
#2530 = CARTESIAN_POINT('',(-0.8,1.E-01,0.14));
#2531 = LINE('',#2532,#2533);
#2532 = CARTESIAN_POINT('',(-1.1,1.E-01,0.14));
#2533 = VECTOR('',#2534,1.);
#2534 = DIRECTION('',(1.,0.,0.));
#2535 = ORIENTED_EDGE('',*,*,#2536,.T.);
#2536 = EDGE_CURVE('',#2529,#2301,#2537,.T.);
#2537 = LINE('',#2538,#2539);
#2538 = CARTESIAN_POINT('',(-0.8,1.E-01,0.14));
#2539 = VECTOR('',#2540,1.);
#2540 = DIRECTION('',(0.,0.,1.));
#2541 = ORIENTED_EDGE('',*,*,#2309,.F.);
#2542 = ORIENTED_EDGE('',*,*,#2464,.F.);
#2543 = PLANE('',#2544);
#2544 = AXIS2_PLACEMENT_3D('',#2545,#2546,#2547);
#2545 = CARTESIAN_POINT('',(-0.846084337349,1.E-01,0.118915662651));
#2546 = DIRECTION('',(-0.,-1.,-0.));
#2547 = DIRECTION('',(0.,0.,-1.));
#2548 = ADVANCED_FACE('',(#2549),#2567,.T.);
#2549 = FACE_BOUND('',#2550,.T.);
#2550 = EDGE_LOOP('',(#2551,#2559,#2565,#2566));
#2551 = ORIENTED_EDGE('',*,*,#2552,.T.);
#2552 = EDGE_CURVE('',#1932,#2553,#2555,.T.);
#2553 = VERTEX_POINT('',#2554);
#2554 = CARTESIAN_POINT('',(0.55,-1.E-01,0.14));
#2555 = LINE('',#2556,#2557);
#2556 = CARTESIAN_POINT('',(0.55,-1.E-01,0.));
#2557 = VECTOR('',#2558,1.);
#2558 = DIRECTION('',(0.,0.,1.));
#2559 = ORIENTED_EDGE('',*,*,#2560,.T.);
#2560 = EDGE_CURVE('',#2553,#2487,#2561,.T.);
#2561 = LINE('',#2562,#2563);
#2562 = CARTESIAN_POINT('',(0.55,-1.E-01,0.14));
#2563 = VECTOR('',#2564,1.);
#2564 = DIRECTION('',(0.,-1.,0.));
#2565 = ORIENTED_EDGE('',*,*,#2486,.F.);
#2566 = ORIENTED_EDGE('',*,*,#1931,.F.);
#2567 = PLANE('',#2568);
#2568 = AXIS2_PLACEMENT_3D('',#2569,#2570,#2571);
#2569 = CARTESIAN_POINT('',(0.55,-1.E-01,0.));
#2570 = DIRECTION('',(1.,0.,0.));
#2571 = DIRECTION('',(0.,-1.,0.));
#2572 = ADVANCED_FACE('',(#2573),#2591,.T.);
#2573 = FACE_BOUND('',#2574,.T.);
#2574 = EDGE_LOOP('',(#2575,#2576,#2584,#2590));
#2575 = ORIENTED_EDGE('',*,*,#2520,.T.);
#2576 = ORIENTED_EDGE('',*,*,#2577,.T.);
#2577 = EDGE_CURVE('',#2521,#2578,#2580,.T.);
#2578 = VERTEX_POINT('',#2579);
#2579 = CARTESIAN_POINT('',(-0.55,0.9,0.14));
#2580 = LINE('',#2581,#2582);
#2581 = CARTESIAN_POINT('',(-0.55,1.E-01,0.14));
#2582 = VECTOR('',#2583,1.);
#2583 = DIRECTION('',(0.,1.,0.));
#2584 = ORIENTED_EDGE('',*,*,#2585,.F.);
#2585 = EDGE_CURVE('',#2004,#2578,#2586,.T.);
#2586 = LINE('',#2587,#2588);
#2587 = CARTESIAN_POINT('',(-0.55,0.9,0.));
#2588 = VECTOR('',#2589,1.);
#2589 = DIRECTION('',(0.,0.,1.));
#2590 = ORIENTED_EDGE('',*,*,#2011,.F.);
#2591 = PLANE('',#2592);
#2592 = AXIS2_PLACEMENT_3D('',#2593,#2594,#2595);
#2593 = CARTESIAN_POINT('',(-0.55,1.E-01,0.));
#2594 = DIRECTION('',(-1.,0.,0.));
#2595 = DIRECTION('',(0.,1.,0.));
#2596 = ADVANCED_FACE('',(#2597),#2630,.F.);
#2597 = FACE_BOUND('',#2598,.F.);
#2598 = EDGE_LOOP('',(#2599,#2600,#2601,#2609,#2617,#2623,#2624));
#2599 = ORIENTED_EDGE('',*,*,#1939,.T.);
#2600 = ORIENTED_EDGE('',*,*,#2552,.T.);
#2601 = ORIENTED_EDGE('',*,*,#2602,.F.);
#2602 = EDGE_CURVE('',#2603,#2553,#2605,.T.);
#2603 = VERTEX_POINT('',#2604);
#2604 = CARTESIAN_POINT('',(0.725,-1.E-01,0.14));
#2605 = LINE('',#2606,#2607);
#2606 = CARTESIAN_POINT('',(1.1,-1.E-01,0.14));
#2607 = VECTOR('',#2608,1.);
#2608 = DIRECTION('',(-1.,0.,0.));
#2609 = ORIENTED_EDGE('',*,*,#2610,.F.);
#2610 = EDGE_CURVE('',#2611,#2603,#2613,.T.);
#2611 = VERTEX_POINT('',#2612);
#2612 = CARTESIAN_POINT('',(0.9125,-1.E-01,0.14));
#2613 = LINE('',#2614,#2615);
#2614 = CARTESIAN_POINT('',(1.1,-1.E-01,0.14));
#2615 = VECTOR('',#2616,1.);
#2616 = DIRECTION('',(-1.,0.,0.));
#2617 = ORIENTED_EDGE('',*,*,#2618,.T.);
#2618 = EDGE_CURVE('',#2611,#2185,#2619,.T.);
#2619 = LINE('',#2620,#2621);
#2620 = CARTESIAN_POINT('',(0.9125,-1.E-01,0.14));
#2621 = VECTOR('',#2622,1.);
#2622 = DIRECTION('',(0.,0.,1.));
#2623 = ORIENTED_EDGE('',*,*,#2192,.F.);
#2624 = ORIENTED_EDGE('',*,*,#2625,.F.);
#2625 = EDGE_CURVE('',#1940,#2193,#2626,.T.);
#2626 = LINE('',#2627,#2628);
#2627 = CARTESIAN_POINT('',(1.1,-1.E-01,0.14));
#2628 = VECTOR('',#2629,1.);
#2629 = DIRECTION('',(0.,0.,1.));
#2630 = PLANE('',#2631);
#2631 = AXIS2_PLACEMENT_3D('',#2632,#2633,#2634);
#2632 = CARTESIAN_POINT('',(0.855572289157,-1.E-01,0.109427710843));
#2633 = DIRECTION('',(0.,1.,0.));
#2634 = DIRECTION('',(0.,0.,1.));
#2635 = ADVANCED_FACE('',(#2636),#2654,.T.);
#2636 = FACE_BOUND('',#2637,.T.);
#2637 = EDGE_LOOP('',(#2638,#2639,#2647,#2653));
#2638 = ORIENTED_EDGE('',*,*,#2585,.T.);
#2639 = ORIENTED_EDGE('',*,*,#2640,.T.);
#2640 = EDGE_CURVE('',#2578,#2641,#2643,.T.);
#2641 = VERTEX_POINT('',#2642);
#2642 = CARTESIAN_POINT('',(-1.1,0.9,0.14));
#2643 = LINE('',#2644,#2645);
#2644 = CARTESIAN_POINT('',(-0.55,0.9,0.14));
#2645 = VECTOR('',#2646,1.);
#2646 = DIRECTION('',(-1.,0.,0.));
#2647 = ORIENTED_EDGE('',*,*,#2648,.F.);
#2648 = EDGE_CURVE('',#1996,#2641,#2649,.T.);
#2649 = LINE('',#2650,#2651);
#2650 = CARTESIAN_POINT('',(-1.1,0.9,0.));
#2651 = VECTOR('',#2652,1.);
#2652 = DIRECTION('',(0.,0.,1.));
#2653 = ORIENTED_EDGE('',*,*,#2003,.F.);
#2654 = PLANE('',#2655);
#2655 = AXIS2_PLACEMENT_3D('',#2656,#2657,#2658);
#2656 = CARTESIAN_POINT('',(-0.55,0.9,0.));
#2657 = DIRECTION('',(0.,-1.,0.));
#2658 = DIRECTION('',(-1.,0.,0.));
#2659 = ADVANCED_FACE('',(#2660),#2679,.T.);
#2660 = FACE_BOUND('',#2661,.T.);
#2661 = EDGE_LOOP('',(#2662,#2663,#2671,#2677,#2678));
#2662 = ORIENTED_EDGE('',*,*,#1947,.F.);
#2663 = ORIENTED_EDGE('',*,*,#2664,.T.);
#2664 = EDGE_CURVE('',#1948,#2665,#2667,.T.);
#2665 = VERTEX_POINT('',#2666);
#2666 = CARTESIAN_POINT('',(1.1,1.E-01,0.14));
#2667 = LINE('',#2668,#2669);
#2668 = CARTESIAN_POINT('',(1.1,1.E-01,0.));
#2669 = VECTOR('',#2670,1.);
#2670 = DIRECTION('',(0.,0.,1.));
#2671 = ORIENTED_EDGE('',*,*,#2672,.T.);
#2672 = EDGE_CURVE('',#2665,#2201,#2673,.T.);
#2673 = LINE('',#2674,#2675);
#2674 = CARTESIAN_POINT('',(1.1,1.E-01,0.14));
#2675 = VECTOR('',#2676,1.);
#2676 = DIRECTION('',(0.,0.,1.));
#2677 = ORIENTED_EDGE('',*,*,#2200,.T.);
#2678 = ORIENTED_EDGE('',*,*,#2625,.F.);
#2679 = PLANE('',#2680);
#2680 = AXIS2_PLACEMENT_3D('',#2681,#2682,#2683);
#2681 = CARTESIAN_POINT('',(1.1,0.253220746415,0.));
#2682 = DIRECTION('',(1.,0.,0.));
#2683 = DIRECTION('',(0.,-1.,0.));
#2684 = ADVANCED_FACE('',(#2685),#2702,.F.);
#2685 = FACE_BOUND('',#2686,.F.);
#2686 = EDGE_LOOP('',(#2687,#2688,#2694,#2695,#2701));
#2687 = ORIENTED_EDGE('',*,*,#1995,.F.);
#2688 = ORIENTED_EDGE('',*,*,#2689,.T.);
#2689 = EDGE_CURVE('',#1988,#2260,#2690,.T.);
#2690 = LINE('',#2691,#2692);
#2691 = CARTESIAN_POINT('',(-1.1,1.,0.));
#2692 = VECTOR('',#2693,1.);
#2693 = DIRECTION('',(0.,0.,1.));
#2694 = ORIENTED_EDGE('',*,*,#2267,.T.);
#2695 = ORIENTED_EDGE('',*,*,#2696,.F.);
#2696 = EDGE_CURVE('',#2641,#2268,#2697,.T.);
#2697 = LINE('',#2698,#2699);
#2698 = CARTESIAN_POINT('',(-1.1,0.9,0.14));
#2699 = VECTOR('',#2700,1.);
#2700 = DIRECTION('',(0.,0.,1.));
#2701 = ORIENTED_EDGE('',*,*,#2648,.F.);
#2702 = PLANE('',#2703);
#2703 = AXIS2_PLACEMENT_3D('',#2704,#2705,#2706);
#2704 = CARTESIAN_POINT('',(-1.1,1.,0.));
#2705 = DIRECTION('',(1.,0.,0.));
#2706 = DIRECTION('',(0.,-1.,0.));
#2707 = ADVANCED_FACE('',(#2708),#2726,.T.);
#2708 = FACE_BOUND('',#2709,.T.);
#2709 = EDGE_LOOP('',(#2710,#2718,#2724,#2725));
#2710 = ORIENTED_EDGE('',*,*,#2711,.T.);
#2711 = EDGE_CURVE('',#1956,#2712,#2714,.T.);
#2712 = VERTEX_POINT('',#2713);
#2713 = CARTESIAN_POINT('',(0.55,1.E-01,0.14));
#2714 = LINE('',#2715,#2716);
#2715 = CARTESIAN_POINT('',(0.55,1.E-01,0.));
#2716 = VECTOR('',#2717,1.);
#2717 = DIRECTION('',(0.,0.,1.));
#2718 = ORIENTED_EDGE('',*,*,#2719,.T.);
#2719 = EDGE_CURVE('',#2712,#2665,#2720,.T.);
#2720 = LINE('',#2721,#2722);
#2721 = CARTESIAN_POINT('',(0.55,1.E-01,0.14));
#2722 = VECTOR('',#2723,1.);
#2723 = DIRECTION('',(1.,0.,0.));
#2724 = ORIENTED_EDGE('',*,*,#2664,.F.);
#2725 = ORIENTED_EDGE('',*,*,#1955,.F.);
#2726 = PLANE('',#2727);
#2727 = AXIS2_PLACEMENT_3D('',#2728,#2729,#2730);
#2728 = CARTESIAN_POINT('',(0.55,1.E-01,0.));
#2729 = DIRECTION('',(0.,1.,0.));
#2730 = DIRECTION('',(1.,0.,0.));
#2731 = ADVANCED_FACE('',(#2732),#2743,.F.);
#2732 = FACE_BOUND('',#2733,.F.);
#2733 = EDGE_LOOP('',(#2734,#2740,#2741,#2742));
#2734 = ORIENTED_EDGE('',*,*,#2735,.T.);
#2735 = EDGE_CURVE('',#1980,#2252,#2736,.T.);
#2736 = LINE('',#2737,#2738);
#2737 = CARTESIAN_POINT('',(1.1,1.,0.));
#2738 = VECTOR('',#2739,1.);
#2739 = DIRECTION('',(0.,0.,1.));
#2740 = ORIENTED_EDGE('',*,*,#2259,.T.);
#2741 = ORIENTED_EDGE('',*,*,#2689,.F.);
#2742 = ORIENTED_EDGE('',*,*,#1987,.F.);
#2743 = PLANE('',#2744);
#2744 = AXIS2_PLACEMENT_3D('',#2745,#2746,#2747);
#2745 = CARTESIAN_POINT('',(1.1,1.,0.));
#2746 = DIRECTION('',(0.,-1.,0.));
#2747 = DIRECTION('',(-1.,0.,0.));
#2748 = ADVANCED_FACE('',(#2749),#2767,.T.);
#2749 = FACE_BOUND('',#2750,.T.);
#2750 = EDGE_LOOP('',(#2751,#2759,#2765,#2766));
#2751 = ORIENTED_EDGE('',*,*,#2752,.T.);
#2752 = EDGE_CURVE('',#1964,#2753,#2755,.T.);
#2753 = VERTEX_POINT('',#2754);
#2754 = CARTESIAN_POINT('',(0.55,0.9,0.14));
#2755 = LINE('',#2756,#2757);
#2756 = CARTESIAN_POINT('',(0.55,0.9,0.));
#2757 = VECTOR('',#2758,1.);
#2758 = DIRECTION('',(0.,0.,1.));
#2759 = ORIENTED_EDGE('',*,*,#2760,.T.);
#2760 = EDGE_CURVE('',#2753,#2712,#2761,.T.);
#2761 = LINE('',#2762,#2763);
#2762 = CARTESIAN_POINT('',(0.55,0.9,0.14));
#2763 = VECTOR('',#2764,1.);
#2764 = DIRECTION('',(0.,-1.,0.));
#2765 = ORIENTED_EDGE('',*,*,#2711,.F.);
#2766 = ORIENTED_EDGE('',*,*,#1963,.F.);
#2767 = PLANE('',#2768);
#2768 = AXIS2_PLACEMENT_3D('',#2769,#2770,#2771);
#2769 = CARTESIAN_POINT('',(0.55,0.9,0.));
#2770 = DIRECTION('',(1.,0.,0.));
#2771 = DIRECTION('',(0.,-1.,0.));
#2772 = ADVANCED_FACE('',(#2773),#2784,.T.);
#2773 = FACE_BOUND('',#2774,.T.);
#2774 = EDGE_LOOP('',(#2775,#2776,#2777,#2778));
#2775 = ORIENTED_EDGE('',*,*,#1979,.F.);
#2776 = ORIENTED_EDGE('',*,*,#2735,.T.);
#2777 = ORIENTED_EDGE('',*,*,#2251,.T.);
#2778 = ORIENTED_EDGE('',*,*,#2779,.F.);
#2779 = EDGE_CURVE('',#1972,#2244,#2780,.T.);
#2780 = LINE('',#2781,#2782);
#2781 = CARTESIAN_POINT('',(1.1,0.9,0.14));
#2782 = VECTOR('',#2783,1.);
#2783 = DIRECTION('',(0.,0.,1.));
#2784 = PLANE('',#2785);
#2785 = AXIS2_PLACEMENT_3D('',#2786,#2787,#2788);
#2786 = CARTESIAN_POINT('',(1.1,1.,0.));
#2787 = DIRECTION('',(1.,0.,0.));
#2788 = DIRECTION('',(0.,-1.,0.));
#2789 = ADVANCED_FACE('',(#2790),#2810,.F.);
#2790 = FACE_BOUND('',#2791,.F.);
#2791 = EDGE_LOOP('',(#2792,#2793,#2794,#2802,#2808,#2809));
#2792 = ORIENTED_EDGE('',*,*,#1971,.T.);
#2793 = ORIENTED_EDGE('',*,*,#2752,.T.);
#2794 = ORIENTED_EDGE('',*,*,#2795,.F.);
#2795 = EDGE_CURVE('',#2796,#2753,#2798,.T.);
#2796 = VERTEX_POINT('',#2797);
#2797 = CARTESIAN_POINT('',(0.84,0.9,0.14));
#2798 = LINE('',#2799,#2800);
#2799 = CARTESIAN_POINT('',(1.1,0.9,0.14));
#2800 = VECTOR('',#2801,1.);
#2801 = DIRECTION('',(-1.,0.,0.));
#2802 = ORIENTED_EDGE('',*,*,#2803,.T.);
#2803 = EDGE_CURVE('',#2796,#2235,#2804,.T.);
#2804 = LINE('',#2805,#2806);
#2805 = CARTESIAN_POINT('',(0.84,0.9,0.14));
#2806 = VECTOR('',#2807,1.);
#2807 = DIRECTION('',(0.,0.,1.));
#2808 = ORIENTED_EDGE('',*,*,#2243,.F.);
#2809 = ORIENTED_EDGE('',*,*,#2779,.F.);
#2810 = PLANE('',#2811);
#2811 = AXIS2_PLACEMENT_3D('',#2812,#2813,#2814);
#2812 = CARTESIAN_POINT('',(0.849457831325,0.9,0.115542168675));
#2813 = DIRECTION('',(0.,1.,0.));
#2814 = DIRECTION('',(0.,0.,1.));
#2815 = ADVANCED_FACE('',(#2816),#2841,.T.);
#2816 = FACE_BOUND('',#2817,.T.);
#2817 = EDGE_LOOP('',(#2818,#2826,#2834,#2840));
#2818 = ORIENTED_EDGE('',*,*,#2819,.T.);
#2819 = EDGE_CURVE('',#2052,#2820,#2822,.T.);
#2820 = VERTEX_POINT('',#2821);
#2821 = CARTESIAN_POINT('',(0.46,0.995,1.E-02));
#2822 = LINE('',#2823,#2824);
#2823 = CARTESIAN_POINT('',(0.46,0.995,0.));
#2824 = VECTOR('',#2825,1.);
#2825 = DIRECTION('',(0.,0.,1.));
#2826 = ORIENTED_EDGE('',*,*,#2827,.T.);
#2827 = EDGE_CURVE('',#2820,#2828,#2830,.T.);
#2828 = VERTEX_POINT('',#2829);
#2829 = CARTESIAN_POINT('',(-7.E-02,0.995,1.E-02));
#2830 = LINE('',#2831,#2832);
#2831 = CARTESIAN_POINT('',(0.46,0.995,1.E-02));
#2832 = VECTOR('',#2833,1.);
#2833 = DIRECTION('',(-1.,0.,0.));
#2834 = ORIENTED_EDGE('',*,*,#2835,.F.);
#2835 = EDGE_CURVE('',#2054,#2828,#2836,.T.);
#2836 = LINE('',#2837,#2838);
#2837 = CARTESIAN_POINT('',(-7.E-02,0.995,0.));
#2838 = VECTOR('',#2839,1.);
#2839 = DIRECTION('',(0.,0.,1.));
#2840 = ORIENTED_EDGE('',*,*,#2051,.F.);
#2841 = PLANE('',#2842);
#2842 = AXIS2_PLACEMENT_3D('',#2843,#2844,#2845);
#2843 = CARTESIAN_POINT('',(0.46,0.995,0.));
#2844 = DIRECTION('',(0.,-1.,0.));
#2845 = DIRECTION('',(-1.,0.,0.));
#2846 = ADVANCED_FACE('',(#2847),#2865,.T.);
#2847 = FACE_BOUND('',#2848,.T.);
#2848 = EDGE_LOOP('',(#2849,#2850,#2858,#2864));
#2849 = ORIENTED_EDGE('',*,*,#2835,.T.);
#2850 = ORIENTED_EDGE('',*,*,#2851,.T.);
#2851 = EDGE_CURVE('',#2828,#2852,#2854,.T.);
#2852 = VERTEX_POINT('',#2853);
#2853 = CARTESIAN_POINT('',(-7.E-02,-0.995,1.E-02));
#2854 = LINE('',#2855,#2856);
#2855 = CARTESIAN_POINT('',(-7.E-02,0.995,1.E-02));
#2856 = VECTOR('',#2857,1.);
#2857 = DIRECTION('',(0.,-1.,0.));
#2858 = ORIENTED_EDGE('',*,*,#2859,.F.);
#2859 = EDGE_CURVE('',#2070,#2852,#2860,.T.);
#2860 = LINE('',#2861,#2862);
#2861 = CARTESIAN_POINT('',(-7.E-02,-0.995,0.));
#2862 = VECTOR('',#2863,1.);
#2863 = DIRECTION('',(0.,0.,1.));
#2864 = ORIENTED_EDGE('',*,*,#2077,.F.);
#2865 = PLANE('',#2866);
#2866 = AXIS2_PLACEMENT_3D('',#2867,#2868,#2869);
#2867 = CARTESIAN_POINT('',(-7.E-02,0.995,0.));
#2868 = DIRECTION('',(1.,0.,0.));
#2869 = DIRECTION('',(0.,-1.,0.));
#2870 = ADVANCED_FACE('',(#2871),#2889,.T.);
#2871 = FACE_BOUND('',#2872,.T.);
#2872 = EDGE_LOOP('',(#2873,#2874,#2882,#2888));
#2873 = ORIENTED_EDGE('',*,*,#2859,.T.);
#2874 = ORIENTED_EDGE('',*,*,#2875,.T.);
#2875 = EDGE_CURVE('',#2852,#2876,#2878,.T.);
#2876 = VERTEX_POINT('',#2877);
#2877 = CARTESIAN_POINT('',(0.46,-0.995,1.E-02));
#2878 = LINE('',#2879,#2880);
#2879 = CARTESIAN_POINT('',(-7.E-02,-0.995,1.E-02));
#2880 = VECTOR('',#2881,1.);
#2881 = DIRECTION('',(1.,0.,0.));
#2882 = ORIENTED_EDGE('',*,*,#2883,.F.);
#2883 = EDGE_CURVE('',#2062,#2876,#2884,.T.);
#2884 = LINE('',#2885,#2886);
#2885 = CARTESIAN_POINT('',(0.46,-0.995,0.));
#2886 = VECTOR('',#2887,1.);
#2887 = DIRECTION('',(0.,0.,1.));
#2888 = ORIENTED_EDGE('',*,*,#2069,.F.);
#2889 = PLANE('',#2890);
#2890 = AXIS2_PLACEMENT_3D('',#2891,#2892,#2893);
#2891 = CARTESIAN_POINT('',(-7.E-02,-0.995,0.));
#2892 = DIRECTION('',(0.,1.,0.));
#2893 = DIRECTION('',(1.,0.,0.));
#2894 = ADVANCED_FACE('',(#2895),#2906,.T.);
#2895 = FACE_BOUND('',#2896,.T.);
#2896 = EDGE_LOOP('',(#2897,#2898,#2904,#2905));
#2897 = ORIENTED_EDGE('',*,*,#2883,.T.);
#2898 = ORIENTED_EDGE('',*,*,#2899,.T.);
#2899 = EDGE_CURVE('',#2876,#2820,#2900,.T.);
#2900 = LINE('',#2901,#2902);
#2901 = CARTESIAN_POINT('',(0.46,-0.995,1.E-02));
#2902 = VECTOR('',#2903,1.);
#2903 = DIRECTION('',(0.,1.,0.));
#2904 = ORIENTED_EDGE('',*,*,#2819,.F.);
#2905 = ORIENTED_EDGE('',*,*,#2061,.F.);
#2906 = PLANE('',#2907);
#2907 = AXIS2_PLACEMENT_3D('',#2908,#2909,#2910);
#2908 = CARTESIAN_POINT('',(0.46,-0.995,0.));
#2909 = DIRECTION('',(-1.,0.,0.));
#2910 = DIRECTION('',(0.,1.,0.));
#2911 = ADVANCED_FACE('',(#2912),#2931,.F.);
#2912 = FACE_BOUND('',#2913,.T.);
#2913 = EDGE_LOOP('',(#2914,#2915,#2916,#2924));
#2914 = ORIENTED_EDGE('',*,*,#2383,.T.);
#2915 = ORIENTED_EDGE('',*,*,#2350,.T.);
#2916 = ORIENTED_EDGE('',*,*,#2917,.F.);
#2917 = EDGE_CURVE('',#2918,#2343,#2920,.T.);
#2918 = VERTEX_POINT('',#2919);
#2919 = CARTESIAN_POINT('',(-0.725,-0.823409636714,0.14));
#2920 = LINE('',#2921,#2922);
#2921 = CARTESIAN_POINT('',(-0.725,-0.823409636714,0.14));
#2922 = VECTOR('',#2923,1.);
#2923 = DIRECTION('',(0.,0.,1.));
#2924 = ORIENTED_EDGE('',*,*,#2925,.F.);
#2925 = EDGE_CURVE('',#2376,#2918,#2926,.T.);
#2926 = CIRCLE('',#2927,7.501651157714E-02);
#2927 = AXIS2_PLACEMENT_3D('',#2928,#2929,#2930);
#2928 = CARTESIAN_POINT('',(-0.8,-0.824983488423,0.14));
#2929 = DIRECTION('',(0.,0.,1.));
#2930 = DIRECTION('',(1.,0.,0.));
#2931 = CYLINDRICAL_SURFACE('',#2932,7.501651157714E-02);
#2932 = AXIS2_PLACEMENT_3D('',#2933,#2934,#2935);
#2933 = CARTESIAN_POINT('',(-0.8,-0.824983488423,0.14));
#2934 = DIRECTION('',(-0.,-0.,-1.));
#2935 = DIRECTION('',(1.,0.,0.));
#2936 = ADVANCED_FACE('',(#2937),#2955,.F.);
#2937 = FACE_BOUND('',#2938,.F.);
#2938 = EDGE_LOOP('',(#2939,#2947,#2948,#2949));
#2939 = ORIENTED_EDGE('',*,*,#2940,.T.);
#2940 = EDGE_CURVE('',#2941,#2335,#2943,.T.);
#2941 = VERTEX_POINT('',#2942);
#2942 = CARTESIAN_POINT('',(-0.725,-0.263409636714,0.14));
#2943 = LINE('',#2944,#2945);
#2944 = CARTESIAN_POINT('',(-0.725,-0.263409636714,0.14));
#2945 = VECTOR('',#2946,1.);
#2946 = DIRECTION('',(0.,0.,1.));
#2947 = ORIENTED_EDGE('',*,*,#2342,.T.);
#2948 = ORIENTED_EDGE('',*,*,#2917,.F.);
#2949 = ORIENTED_EDGE('',*,*,#2950,.F.);
#2950 = EDGE_CURVE('',#2941,#2918,#2951,.T.);
#2951 = LINE('',#2952,#2953);
#2952 = CARTESIAN_POINT('',(-0.725,-0.263409636714,0.14));
#2953 = VECTOR('',#2954,1.);
#2954 = DIRECTION('',(0.,-1.,0.));
#2955 = PLANE('',#2956);
#2956 = AXIS2_PLACEMENT_3D('',#2957,#2958,#2959);
#2957 = CARTESIAN_POINT('',(-0.725,-0.263409636714,0.14));
#2958 = DIRECTION('',(1.,0.,0.));
#2959 = DIRECTION('',(0.,-1.,0.));
#2960 = ADVANCED_FACE('',(#2961),#2979,.F.);
#2961 = FACE_BOUND('',#2962,.F.);
#2962 = EDGE_LOOP('',(#2963,#2971,#2972,#2973));
#2963 = ORIENTED_EDGE('',*,*,#2964,.T.);
#2964 = EDGE_CURVE('',#2965,#2326,#2967,.T.);
#2965 = VERTEX_POINT('',#2966);
#2966 = CARTESIAN_POINT('',(-0.815,-0.263409636714,0.14));
#2967 = LINE('',#2968,#2969);
#2968 = CARTESIAN_POINT('',(-0.815,-0.263409636714,0.14));
#2969 = VECTOR('',#2970,1.);
#2970 = DIRECTION('',(0.,0.,1.));
#2971 = ORIENTED_EDGE('',*,*,#2334,.T.);
#2972 = ORIENTED_EDGE('',*,*,#2940,.F.);
#2973 = ORIENTED_EDGE('',*,*,#2974,.F.);
#2974 = EDGE_CURVE('',#2965,#2941,#2975,.T.);
#2975 = LINE('',#2976,#2977);
#2976 = CARTESIAN_POINT('',(-0.815,-0.263409636714,0.14));
#2977 = VECTOR('',#2978,1.);
#2978 = DIRECTION('',(1.,0.,0.));
#2979 = PLANE('',#2980);
#2980 = AXIS2_PLACEMENT_3D('',#2981,#2982,#2983);
#2981 = CARTESIAN_POINT('',(-0.815,-0.263409636714,0.14));
#2982 = DIRECTION('',(0.,1.,0.));
#2983 = DIRECTION('',(1.,0.,0.));
#2984 = ADVANCED_FACE('',(#2985),#2997,.F.);
#2985 = FACE_BOUND('',#2986,.T.);
#2986 = EDGE_LOOP('',(#2987,#2988,#2989,#2990));
#2987 = ORIENTED_EDGE('',*,*,#2964,.T.);
#2988 = ORIENTED_EDGE('',*,*,#2325,.T.);
#2989 = ORIENTED_EDGE('',*,*,#2471,.F.);
#2990 = ORIENTED_EDGE('',*,*,#2991,.F.);
#2991 = EDGE_CURVE('',#2965,#2424,#2992,.T.);
#2992 = CIRCLE('',#2993,0.401995024845);
#2993 = AXIS2_PLACEMENT_3D('',#2994,#2995,#2996);
#2994 = CARTESIAN_POINT('',(-1.14,-0.5,0.14));
#2995 = DIRECTION('',(0.,0.,1.));
#2996 = DIRECTION('',(1.,0.,0.));
#2997 = CYLINDRICAL_SURFACE('',#2998,0.401995024845);
#2998 = AXIS2_PLACEMENT_3D('',#2999,#3000,#3001);
#2999 = CARTESIAN_POINT('',(-1.14,-0.5,0.14));
#3000 = DIRECTION('',(-0.,-0.,-1.));
#3001 = DIRECTION('',(1.,0.,0.));
#3002 = ADVANCED_FACE('',(#3003),#3022,.F.);
#3003 = FACE_BOUND('',#3004,.T.);
#3004 = EDGE_LOOP('',(#3005,#3006,#3007,#3015));
#3005 = ORIENTED_EDGE('',*,*,#2536,.T.);
#3006 = ORIENTED_EDGE('',*,*,#2300,.T.);
#3007 = ORIENTED_EDGE('',*,*,#3008,.F.);
#3008 = EDGE_CURVE('',#3009,#2293,#3011,.T.);
#3009 = VERTEX_POINT('',#3010);
#3010 = CARTESIAN_POINT('',(-0.725,0.170765184665,0.14));
#3011 = LINE('',#3012,#3013);
#3012 = CARTESIAN_POINT('',(-0.725,0.170765184665,0.14));
#3013 = VECTOR('',#3014,1.);
#3014 = DIRECTION('',(0.,0.,1.));
#3015 = ORIENTED_EDGE('',*,*,#3016,.F.);
#3016 = EDGE_CURVE('',#2529,#3009,#3017,.T.);
#3017 = CIRCLE('',#3018,7.512671245758E-02);
#3018 = AXIS2_PLACEMENT_3D('',#3019,#3020,#3021);
#3019 = CARTESIAN_POINT('',(-0.8,0.175126712458,0.14));
#3020 = DIRECTION('',(0.,0.,1.));
#3021 = DIRECTION('',(1.,0.,0.));
#3022 = CYLINDRICAL_SURFACE('',#3023,7.512671245758E-02);
#3023 = AXIS2_PLACEMENT_3D('',#3024,#3025,#3026);
#3024 = CARTESIAN_POINT('',(-0.8,0.175126712458,0.14));
#3025 = DIRECTION('',(-0.,-0.,-1.));
#3026 = DIRECTION('',(1.,0.,0.));
#3027 = ADVANCED_FACE('',(#3028),#3046,.F.);
#3028 = FACE_BOUND('',#3029,.F.);
#3029 = EDGE_LOOP('',(#3030,#3038,#3039,#3040));
#3030 = ORIENTED_EDGE('',*,*,#3031,.T.);
#3031 = EDGE_CURVE('',#3032,#2285,#3034,.T.);
#3032 = VERTEX_POINT('',#3033);
#3033 = CARTESIAN_POINT('',(-0.725,0.810765184665,0.14));
#3034 = LINE('',#3035,#3036);
#3035 = CARTESIAN_POINT('',(-0.725,0.810765184665,0.14));
#3036 = VECTOR('',#3037,1.);
#3037 = DIRECTION('',(0.,0.,1.));
#3038 = ORIENTED_EDGE('',*,*,#2292,.T.);
#3039 = ORIENTED_EDGE('',*,*,#3008,.F.);
#3040 = ORIENTED_EDGE('',*,*,#3041,.F.);
#3041 = EDGE_CURVE('',#3032,#3009,#3042,.T.);
#3042 = LINE('',#3043,#3044);
#3043 = CARTESIAN_POINT('',(-0.725,0.810765184665,0.14));
#3044 = VECTOR('',#3045,1.);
#3045 = DIRECTION('',(0.,-1.,0.));
#3046 = PLANE('',#3047);
#3047 = AXIS2_PLACEMENT_3D('',#3048,#3049,#3050);
#3048 = CARTESIAN_POINT('',(-0.725,0.810765184665,0.14));
#3049 = DIRECTION('',(1.,0.,0.));
#3050 = DIRECTION('',(0.,-1.,0.));
#3051 = ADVANCED_FACE('',(#3052),#3070,.F.);
#3052 = FACE_BOUND('',#3053,.F.);
#3053 = EDGE_LOOP('',(#3054,#3062,#3063,#3064));
#3054 = ORIENTED_EDGE('',*,*,#3055,.T.);
#3055 = EDGE_CURVE('',#3056,#2276,#3058,.T.);
#3056 = VERTEX_POINT('',#3057);
#3057 = CARTESIAN_POINT('',(-0.885,0.810765184665,0.14));
#3058 = LINE('',#3059,#3060);
#3059 = CARTESIAN_POINT('',(-0.885,0.810765184665,0.14));
#3060 = VECTOR('',#3061,1.);
#3061 = DIRECTION('',(0.,0.,1.));
#3062 = ORIENTED_EDGE('',*,*,#2284,.T.);
#3063 = ORIENTED_EDGE('',*,*,#3031,.F.);
#3064 = ORIENTED_EDGE('',*,*,#3065,.F.);
#3065 = EDGE_CURVE('',#3056,#3032,#3066,.T.);
#3066 = LINE('',#3067,#3068);
#3067 = CARTESIAN_POINT('',(-0.885,0.810765184665,0.14));
#3068 = VECTOR('',#3069,1.);
#3069 = DIRECTION('',(1.,0.,0.));
#3070 = PLANE('',#3071);
#3071 = AXIS2_PLACEMENT_3D('',#3072,#3073,#3074);
#3072 = CARTESIAN_POINT('',(-0.885,0.810765184665,0.14));
#3073 = DIRECTION('',(0.,1.,0.));
#3074 = DIRECTION('',(1.,0.,0.));
#3075 = ADVANCED_FACE('',(#3076),#3088,.F.);
#3076 = FACE_BOUND('',#3077,.T.);
#3077 = EDGE_LOOP('',(#3078,#3079,#3080,#3081));
#3078 = ORIENTED_EDGE('',*,*,#3055,.T.);
#3079 = ORIENTED_EDGE('',*,*,#2275,.T.);
#3080 = ORIENTED_EDGE('',*,*,#2696,.F.);
#3081 = ORIENTED_EDGE('',*,*,#3082,.F.);
#3082 = EDGE_CURVE('',#3056,#2641,#3083,.T.);
#3083 = CIRCLE('',#3084,0.401995024845);
#3084 = AXIS2_PLACEMENT_3D('',#3085,#3086,#3087);
#3085 = CARTESIAN_POINT('',(-1.14,0.5,0.14));
#3086 = DIRECTION('',(0.,0.,1.));
#3087 = DIRECTION('',(1.,0.,0.));
#3088 = CYLINDRICAL_SURFACE('',#3089,0.401995024845);
#3089 = AXIS2_PLACEMENT_3D('',#3090,#3091,#3092);
#3090 = CARTESIAN_POINT('',(-1.14,0.5,0.14));
#3091 = DIRECTION('',(-0.,-0.,-1.));
#3092 = DIRECTION('',(1.,0.,0.));
#3093 = ADVANCED_FACE('',(#3094),#3113,.F.);
#3094 = FACE_BOUND('',#3095,.T.);
#3095 = EDGE_LOOP('',(#3096,#3097,#3098,#3106));
#3096 = ORIENTED_EDGE('',*,*,#2803,.T.);
#3097 = ORIENTED_EDGE('',*,*,#2234,.T.);
#3098 = ORIENTED_EDGE('',*,*,#3099,.F.);
#3099 = EDGE_CURVE('',#3100,#2227,#3102,.T.);
#3100 = VERTEX_POINT('',#3101);
#3101 = CARTESIAN_POINT('',(0.725,0.82,0.14));
#3102 = LINE('',#3103,#3104);
#3103 = CARTESIAN_POINT('',(0.725,0.82,0.14));
#3104 = VECTOR('',#3105,1.);
#3105 = DIRECTION('',(0.,0.,1.));
#3106 = ORIENTED_EDGE('',*,*,#3107,.F.);
#3107 = EDGE_CURVE('',#2796,#3100,#3108,.T.);
#3108 = CIRCLE('',#3109,0.12265625);
#3109 = AXIS2_PLACEMENT_3D('',#3110,#3111,#3112);
#3110 = CARTESIAN_POINT('',(0.84,0.77734375,0.14));
#3111 = DIRECTION('',(0.,0.,1.));
#3112 = DIRECTION('',(1.,0.,0.));
#3113 = CYLINDRICAL_SURFACE('',#3114,0.12265625);
#3114 = AXIS2_PLACEMENT_3D('',#3115,#3116,#3117);
#3115 = CARTESIAN_POINT('',(0.84,0.77734375,0.14));
#3116 = DIRECTION('',(-0.,-0.,-1.));
#3117 = DIRECTION('',(1.,0.,0.));
#3118 = ADVANCED_FACE('',(#3119),#3137,.T.);
#3119 = FACE_BOUND('',#3120,.T.);
#3120 = EDGE_LOOP('',(#3121,#3122,#3123,#3131));
#3121 = ORIENTED_EDGE('',*,*,#3099,.T.);
#3122 = ORIENTED_EDGE('',*,*,#2226,.T.);
#3123 = ORIENTED_EDGE('',*,*,#3124,.F.);
#3124 = EDGE_CURVE('',#3125,#2218,#3127,.T.);
#3125 = VERTEX_POINT('',#3126);
#3126 = CARTESIAN_POINT('',(0.725,0.36,0.14));
#3127 = LINE('',#3128,#3129);
#3128 = CARTESIAN_POINT('',(0.725,0.36,0.14));
#3129 = VECTOR('',#3130,1.);
#3130 = DIRECTION('',(0.,0.,1.));
#3131 = ORIENTED_EDGE('',*,*,#3132,.F.);
#3132 = EDGE_CURVE('',#3100,#3125,#3133,.T.);
#3133 = LINE('',#3134,#3135);
#3134 = CARTESIAN_POINT('',(0.725,0.82,0.14));
#3135 = VECTOR('',#3136,1.);
#3136 = DIRECTION('',(0.,-1.,0.));
#3137 = PLANE('',#3138);
#3138 = AXIS2_PLACEMENT_3D('',#3139,#3140,#3141);
#3139 = CARTESIAN_POINT('',(0.725,0.82,0.14));
#3140 = DIRECTION('',(1.,0.,0.));
#3141 = DIRECTION('',(0.,-1.,0.));
#3142 = ADVANCED_FACE('',(#3143),#3162,.T.);
#3143 = FACE_BOUND('',#3144,.F.);
#3144 = EDGE_LOOP('',(#3145,#3153,#3154,#3155));
#3145 = ORIENTED_EDGE('',*,*,#3146,.T.);
#3146 = EDGE_CURVE('',#3147,#2209,#3149,.T.);
#3147 = VERTEX_POINT('',#3148);
#3148 = CARTESIAN_POINT('',(0.777076069399,0.327123684106,0.14));
#3149 = LINE('',#3150,#3151);
#3150 = CARTESIAN_POINT('',(0.777076069399,0.327123684106,0.14));
#3151 = VECTOR('',#3152,1.);
#3152 = DIRECTION('',(0.,0.,1.));
#3153 = ORIENTED_EDGE('',*,*,#2217,.T.);
#3154 = ORIENTED_EDGE('',*,*,#3124,.F.);
#3155 = ORIENTED_EDGE('',*,*,#3156,.F.);
#3156 = EDGE_CURVE('',#3147,#3125,#3157,.T.);
#3157 = CIRCLE('',#3158,5.768239304904E-02);
#3158 = AXIS2_PLACEMENT_3D('',#3159,#3160,#3161);
#3159 = CARTESIAN_POINT('',(0.725,0.302317606951,0.14));
#3160 = DIRECTION('',(0.,0.,1.));
#3161 = DIRECTION('',(1.,0.,0.));
#3162 = CYLINDRICAL_SURFACE('',#3163,5.768239304904E-02);
#3163 = AXIS2_PLACEMENT_3D('',#3164,#3165,#3166);
#3164 = CARTESIAN_POINT('',(0.725,0.302317606951,0.14));
#3165 = DIRECTION('',(-0.,-0.,-1.));
#3166 = DIRECTION('',(1.,0.,0.));
#3167 = ADVANCED_FACE('',(#3168),#3180,.F.);
#3168 = FACE_BOUND('',#3169,.T.);
#3169 = EDGE_LOOP('',(#3170,#3171,#3172,#3173));
#3170 = ORIENTED_EDGE('',*,*,#3146,.T.);
#3171 = ORIENTED_EDGE('',*,*,#2208,.T.);
#3172 = ORIENTED_EDGE('',*,*,#2672,.F.);
#3173 = ORIENTED_EDGE('',*,*,#3174,.F.);
#3174 = EDGE_CURVE('',#3147,#2665,#3175,.T.);
#3175 = CIRCLE('',#3176,0.401995024845);
#3176 = AXIS2_PLACEMENT_3D('',#3177,#3178,#3179);
#3177 = CARTESIAN_POINT('',(1.14,0.5,0.14));
#3178 = DIRECTION('',(0.,0.,1.));
#3179 = DIRECTION('',(1.,0.,0.));
#3180 = CYLINDRICAL_SURFACE('',#3181,0.401995024845);
#3181 = AXIS2_PLACEMENT_3D('',#3182,#3183,#3184);
#3182 = CARTESIAN_POINT('',(1.14,0.5,0.14));
#3183 = DIRECTION('',(-0.,-0.,-1.));
#3184 = DIRECTION('',(1.,0.,0.));
#3185 = ADVANCED_FACE('',(#3186),#3204,.T.);
#3186 = FACE_BOUND('',#3187,.T.);
#3187 = EDGE_LOOP('',(#3188,#3189,#3190,#3198));
#3188 = ORIENTED_EDGE('',*,*,#2618,.T.);
#3189 = ORIENTED_EDGE('',*,*,#2184,.T.);
#3190 = ORIENTED_EDGE('',*,*,#3191,.F.);
#3191 = EDGE_CURVE('',#3192,#2177,#3194,.T.);
#3192 = VERTEX_POINT('',#3193);
#3193 = CARTESIAN_POINT('',(0.725,4.649105497001E-02,0.14));
#3194 = LINE('',#3195,#3196);
#3195 = CARTESIAN_POINT('',(0.725,4.649105497001E-02,0.14));
#3196 = VECTOR('',#3197,1.);
#3197 = DIRECTION('',(0.,0.,1.));
#3198 = ORIENTED_EDGE('',*,*,#3199,.F.);
#3199 = EDGE_CURVE('',#2611,#3192,#3200,.T.);
#3200 = LINE('',#3201,#3202);
#3201 = CARTESIAN_POINT('',(0.9125,-1.E-01,0.14));
#3202 = VECTOR('',#3203,1.);
#3203 = DIRECTION('',(-0.788010753607,0.615661475326,0.));
#3204 = PLANE('',#3205);
#3205 = AXIS2_PLACEMENT_3D('',#3206,#3207,#3208);
#3206 = CARTESIAN_POINT('',(0.9125,-1.E-01,0.14));
#3207 = DIRECTION('',(-0.615661475326,-0.788010753607,0.));
#3208 = DIRECTION('',(-0.788010753607,0.615661475326,0.));
#3209 = ADVANCED_FACE('',(#3210),#3234,.T.);
#3210 = FACE_BOUND('',#3211,.T.);
#3211 = EDGE_LOOP('',(#3212,#3213,#3214,#3222,#3228));
#3212 = ORIENTED_EDGE('',*,*,#3191,.T.);
#3213 = ORIENTED_EDGE('',*,*,#2176,.T.);
#3214 = ORIENTED_EDGE('',*,*,#3215,.F.);
#3215 = EDGE_CURVE('',#3216,#2168,#3218,.T.);
#3216 = VERTEX_POINT('',#3217);
#3217 = CARTESIAN_POINT('',(0.725,-0.18350894503,0.14));
#3218 = LINE('',#3219,#3220);
#3219 = CARTESIAN_POINT('',(0.725,-0.18350894503,0.14));
#3220 = VECTOR('',#3221,1.);
#3221 = DIRECTION('',(0.,0.,1.));
#3222 = ORIENTED_EDGE('',*,*,#3223,.F.);
#3223 = EDGE_CURVE('',#2603,#3216,#3224,.T.);
#3224 = LINE('',#3225,#3226);
#3225 = CARTESIAN_POINT('',(0.725,4.649105497001E-02,0.14));
#3226 = VECTOR('',#3227,1.);
#3227 = DIRECTION('',(0.,-1.,0.));
#3228 = ORIENTED_EDGE('',*,*,#3229,.F.);
#3229 = EDGE_CURVE('',#3192,#2603,#3230,.T.);
#3230 = LINE('',#3231,#3232);
#3231 = CARTESIAN_POINT('',(0.725,4.649105497001E-02,0.14));
#3232 = VECTOR('',#3233,1.);
#3233 = DIRECTION('',(0.,-1.,0.));
#3234 = PLANE('',#3235);
#3235 = AXIS2_PLACEMENT_3D('',#3236,#3237,#3238);
#3236 = CARTESIAN_POINT('',(0.725,4.649105497001E-02,0.14));
#3237 = DIRECTION('',(1.,0.,0.));
#3238 = DIRECTION('',(0.,-1.,0.));
#3239 = ADVANCED_FACE('',(#3240),#3259,.T.);
#3240 = FACE_BOUND('',#3241,.F.);
#3241 = EDGE_LOOP('',(#3242,#3250,#3251,#3252));
#3242 = ORIENTED_EDGE('',*,*,#3243,.T.);
#3243 = EDGE_CURVE('',#3244,#2159,#3246,.T.);
#3244 = VERTEX_POINT('',#3245);
#3245 = CARTESIAN_POINT('',(0.762317794967,-0.316271526428,0.14));
#3246 = LINE('',#3247,#3248);
#3247 = CARTESIAN_POINT('',(0.762317794967,-0.316271526428,0.14));
#3248 = VECTOR('',#3249,1.);
#3249 = DIRECTION('',(0.,0.,1.));
#3250 = ORIENTED_EDGE('',*,*,#2167,.T.);
#3251 = ORIENTED_EDGE('',*,*,#3215,.F.);
#3252 = ORIENTED_EDGE('',*,*,#3253,.F.);
#3253 = EDGE_CURVE('',#3244,#3216,#3254,.T.);
#3254 = CIRCLE('',#3255,0.103773684234);
#3255 = AXIS2_PLACEMENT_3D('',#3256,#3257,#3258);
#3256 = CARTESIAN_POINT('',(0.669,-0.27087585833,0.14));
#3257 = DIRECTION('',(0.,0.,1.));
#3258 = DIRECTION('',(1.,0.,0.));
#3259 = CYLINDRICAL_SURFACE('',#3260,0.103773684234);
#3260 = AXIS2_PLACEMENT_3D('',#3261,#3262,#3263);
#3261 = CARTESIAN_POINT('',(0.669,-0.27087585833,0.14));
#3262 = DIRECTION('',(-0.,-0.,-1.));
#3263 = DIRECTION('',(1.,0.,0.));
#3264 = ADVANCED_FACE('',(#3265),#3284,.F.);
#3265 = FACE_BOUND('',#3266,.T.);
#3266 = EDGE_LOOP('',(#3267,#3268,#3269,#3277));
#3267 = ORIENTED_EDGE('',*,*,#3243,.T.);
#3268 = ORIENTED_EDGE('',*,*,#2158,.T.);
#3269 = ORIENTED_EDGE('',*,*,#3270,.F.);
#3270 = EDGE_CURVE('',#3271,#2151,#3273,.T.);
#3271 = VERTEX_POINT('',#3272);
#3272 = CARTESIAN_POINT('',(0.725,-0.435385760083,0.14));
#3273 = LINE('',#3274,#3275);
#3274 = CARTESIAN_POINT('',(0.725,-0.435385760083,0.14));
#3275 = VECTOR('',#3276,1.);
#3276 = DIRECTION('',(0.,0.,1.));
#3277 = ORIENTED_EDGE('',*,*,#3278,.F.);
#3278 = EDGE_CURVE('',#3244,#3271,#3279,.T.);
#3279 = CIRCLE('',#3280,0.42);
#3280 = AXIS2_PLACEMENT_3D('',#3281,#3282,#3283);
#3281 = CARTESIAN_POINT('',(1.14,-0.5,0.14));
#3282 = DIRECTION('',(0.,0.,1.));
#3283 = DIRECTION('',(1.,0.,0.));
#3284 = CYLINDRICAL_SURFACE('',#3285,0.42);
#3285 = AXIS2_PLACEMENT_3D('',#3286,#3287,#3288);
#3286 = CARTESIAN_POINT('',(1.14,-0.5,0.14));
#3287 = DIRECTION('',(-0.,-0.,-1.));
#3288 = DIRECTION('',(1.,0.,0.));
#3289 = ADVANCED_FACE('',(#3290),#3308,.T.);
#3290 = FACE_BOUND('',#3291,.T.);
#3291 = EDGE_LOOP('',(#3292,#3293,#3294,#3302));
#3292 = ORIENTED_EDGE('',*,*,#3270,.T.);
#3293 = ORIENTED_EDGE('',*,*,#2150,.T.);
#3294 = ORIENTED_EDGE('',*,*,#3295,.F.);
#3295 = EDGE_CURVE('',#3296,#2142,#3298,.T.);
#3296 = VERTEX_POINT('',#3297);
#3297 = CARTESIAN_POINT('',(0.725,-0.835385760083,0.14));
#3298 = LINE('',#3299,#3300);
#3299 = CARTESIAN_POINT('',(0.725,-0.835385760083,0.14));
#3300 = VECTOR('',#3301,1.);
#3301 = DIRECTION('',(0.,0.,1.));
#3302 = ORIENTED_EDGE('',*,*,#3303,.F.);
#3303 = EDGE_CURVE('',#3271,#3296,#3304,.T.);
#3304 = LINE('',#3305,#3306);
#3305 = CARTESIAN_POINT('',(0.725,-0.435385760083,0.14));
#3306 = VECTOR('',#3307,1.);
#3307 = DIRECTION('',(-2.775557561563E-16,-1.,0.));
#3308 = PLANE('',#3309);
#3309 = AXIS2_PLACEMENT_3D('',#3310,#3311,#3312);
#3310 = CARTESIAN_POINT('',(0.725,-0.435385760083,0.14));
#3311 = DIRECTION('',(1.,-2.775557561563E-16,0.));
#3312 = DIRECTION('',(-2.775557561563E-16,-1.,0.));
#3313 = ADVANCED_FACE('',(#3314),#3326,.F.);
#3314 = FACE_BOUND('',#3315,.T.);
#3315 = EDGE_LOOP('',(#3316,#3317,#3318,#3319));
#3316 = ORIENTED_EDGE('',*,*,#3295,.T.);
#3317 = ORIENTED_EDGE('',*,*,#2141,.T.);
#3318 = ORIENTED_EDGE('',*,*,#2497,.F.);
#3319 = ORIENTED_EDGE('',*,*,#3320,.F.);
#3320 = EDGE_CURVE('',#3296,#2498,#3321,.T.);
#3321 = CIRCLE('',#3322,7.583467678835E-02);
#3322 = AXIS2_PLACEMENT_3D('',#3323,#3324,#3325);
#3323 = CARTESIAN_POINT('',(0.8,-0.824165323212,0.14));
#3324 = DIRECTION('',(0.,0.,1.));
#3325 = DIRECTION('',(1.,0.,0.));
#3326 = CYLINDRICAL_SURFACE('',#3327,7.583467678835E-02);
#3327 = AXIS2_PLACEMENT_3D('',#3328,#3329,#3330);
#3328 = CARTESIAN_POINT('',(0.8,-0.824165323212,0.14));
#3329 = DIRECTION('',(-0.,-0.,-1.));
#3330 = DIRECTION('',(1.,0.,0.));
#3331 = ADVANCED_FACE('',(#3332),#3341,.F.);
#3332 = FACE_BOUND('',#3333,.F.);
#3333 = EDGE_LOOP('',(#3334,#3335,#3336,#3337,#3338,#3339,#3340));
#3334 = ORIENTED_EDGE('',*,*,#2925,.F.);
#3335 = ORIENTED_EDGE('',*,*,#2375,.T.);
#3336 = ORIENTED_EDGE('',*,*,#2399,.T.);
#3337 = ORIENTED_EDGE('',*,*,#2423,.T.);
#3338 = ORIENTED_EDGE('',*,*,#2991,.F.);
#3339 = ORIENTED_EDGE('',*,*,#2974,.T.);
#3340 = ORIENTED_EDGE('',*,*,#2950,.T.);
#3341 = PLANE('',#3342);
#3342 = AXIS2_PLACEMENT_3D('',#3343,#3344,#3345);
#3343 = CARTESIAN_POINT('',(1.298419606328E-16,-3.155880987602E-17,0.14)
  );
#3344 = DIRECTION('',(0.,0.,1.));
#3345 = DIRECTION('',(1.,0.,0.));
#3346 = ADVANCED_FACE('',(#3347),#3357,.F.);
#3347 = FACE_BOUND('',#3348,.F.);
#3348 = EDGE_LOOP('',(#3349,#3350,#3351,#3352,#3353,#3354,#3355,#3356));
#3349 = ORIENTED_EDGE('',*,*,#3223,.F.);
#3350 = ORIENTED_EDGE('',*,*,#2602,.T.);
#3351 = ORIENTED_EDGE('',*,*,#2560,.T.);
#3352 = ORIENTED_EDGE('',*,*,#2505,.T.);
#3353 = ORIENTED_EDGE('',*,*,#3320,.F.);
#3354 = ORIENTED_EDGE('',*,*,#3303,.F.);
#3355 = ORIENTED_EDGE('',*,*,#3278,.F.);
#3356 = ORIENTED_EDGE('',*,*,#3253,.T.);
#3357 = PLANE('',#3358);
#3358 = AXIS2_PLACEMENT_3D('',#3359,#3360,#3361);
#3359 = CARTESIAN_POINT('',(1.298419606328E-16,-3.155880987602E-17,0.14)
  );
#3360 = DIRECTION('',(0.,0.,1.));
#3361 = DIRECTION('',(1.,0.,0.));
#3362 = ADVANCED_FACE('',(#3363),#3372,.F.);
#3363 = FACE_BOUND('',#3364,.F.);
#3364 = EDGE_LOOP('',(#3365,#3366,#3367,#3368,#3369,#3370,#3371));
#3365 = ORIENTED_EDGE('',*,*,#3016,.F.);
#3366 = ORIENTED_EDGE('',*,*,#2528,.T.);
#3367 = ORIENTED_EDGE('',*,*,#2577,.T.);
#3368 = ORIENTED_EDGE('',*,*,#2640,.T.);
#3369 = ORIENTED_EDGE('',*,*,#3082,.F.);
#3370 = ORIENTED_EDGE('',*,*,#3065,.T.);
#3371 = ORIENTED_EDGE('',*,*,#3041,.T.);
#3372 = PLANE('',#3373);
#3373 = AXIS2_PLACEMENT_3D('',#3374,#3375,#3376);
#3374 = CARTESIAN_POINT('',(1.298419606328E-16,-3.155880987602E-17,0.14)
  );
#3375 = DIRECTION('',(0.,0.,1.));
#3376 = DIRECTION('',(1.,0.,0.));
#3377 = ADVANCED_FACE('',(#3378),#3383,.T.);
#3378 = FACE_BOUND('',#3379,.T.);
#3379 = EDGE_LOOP('',(#3380,#3381,#3382));
#3380 = ORIENTED_EDGE('',*,*,#2610,.F.);
#3381 = ORIENTED_EDGE('',*,*,#3199,.T.);
#3382 = ORIENTED_EDGE('',*,*,#3229,.T.);
#3383 = PLANE('',#3384);
#3384 = AXIS2_PLACEMENT_3D('',#3385,#3386,#3387);
#3385 = CARTESIAN_POINT('',(1.772267672576E-02,-7.30259754092E-03,0.14)
  );
#3386 = DIRECTION('',(0.,0.,1.));
#3387 = DIRECTION('',(1.,0.,0.));
#3388 = ADVANCED_FACE('',(#3389),#3398,.F.);
#3389 = FACE_BOUND('',#3390,.F.);
#3390 = EDGE_LOOP('',(#3391,#3392,#3393,#3394,#3395,#3396,#3397));
#3391 = ORIENTED_EDGE('',*,*,#3107,.F.);
#3392 = ORIENTED_EDGE('',*,*,#2795,.T.);
#3393 = ORIENTED_EDGE('',*,*,#2760,.T.);
#3394 = ORIENTED_EDGE('',*,*,#2719,.T.);
#3395 = ORIENTED_EDGE('',*,*,#3174,.F.);
#3396 = ORIENTED_EDGE('',*,*,#3156,.T.);
#3397 = ORIENTED_EDGE('',*,*,#3132,.F.);
#3398 = PLANE('',#3399);
#3399 = AXIS2_PLACEMENT_3D('',#3400,#3401,#3402);
#3400 = CARTESIAN_POINT('',(1.298419606328E-16,-3.155880987602E-17,0.14)
  );
#3401 = DIRECTION('',(0.,0.,1.));
#3402 = DIRECTION('',(1.,0.,0.));
#3403 = ADVANCED_FACE('',(#3404),#3410,.F.);
#3404 = FACE_BOUND('',#3405,.F.);
#3405 = EDGE_LOOP('',(#3406,#3407,#3408,#3409));
#3406 = ORIENTED_EDGE('',*,*,#2827,.T.);
#3407 = ORIENTED_EDGE('',*,*,#2851,.T.);
#3408 = ORIENTED_EDGE('',*,*,#2875,.T.);
#3409 = ORIENTED_EDGE('',*,*,#2899,.T.);
#3410 = PLANE('',#3411);
#3411 = AXIS2_PLACEMENT_3D('',#3412,#3413,#3414);
#3412 = CARTESIAN_POINT('',(0.195,-2.202823461558E-17,1.E-02));
#3413 = DIRECTION('',(0.,0.,1.));
#3414 = DIRECTION('',(1.,0.,0.));
#3415 = ( GEOMETRIC_REPRESENTATION_CONTEXT(3) 
GLOBAL_UNCERTAINTY_ASSIGNED_CONTEXT((#3419)) 
GLOBAL_UNIT_ASSIGNED_CONTEXT((#3416,#3417,#3418)) REPRESENTATION_CONTEXT
('Context #1','3D Context with UNIT and UNCERTAINTY') );
#3416 = ( LENGTH_UNIT() NAMED_UNIT(*) SI_UNIT(.MILLI.,.METRE.) );
#3417 = ( NAMED_UNIT(*) PLANE_ANGLE_UNIT() SI_UNIT($,.RADIAN.) );
#3418 = ( NAMED_UNIT(*) SI_UNIT($,.STERADIAN.) SOLID_ANGLE_UNIT() );
#3419 = UNCERTAINTY_MEASURE_WITH_UNIT(LENGTH_MEASURE(1.E-07),#3416,
  'distance_accuracy_value','confusion accuracy');
#3420 = CONTEXT_DEPENDENT_SHAPE_REPRESENTATION(#3421,#3423);
#3421 = ( REPRESENTATION_RELATIONSHIP('','',#1851,#10) 
REPRESENTATION_RELATIONSHIP_WITH_TRANSFORMATION(#3422) 
SHAPE_REPRESENTATION_RELATIONSHIP() );
#3422 = ITEM_DEFINED_TRANSFORMATION('','',#11,#23);
#3423 = PRODUCT_DEFINITION_SHAPE('Placement','Placement of an item',
  #3424);
#3424 = NEXT_ASSEMBLY_USAGE_OCCURRENCE('3','Body','',#5,#1846,$);
#3425 = PRODUCT_RELATED_PRODUCT_CATEGORY('part',$,(#1848));
#3426 = SHAPE_DEFINITION_REPRESENTATION(#3427,#3433);
#3427 = PRODUCT_DEFINITION_SHAPE('','',#3428);
#3428 = PRODUCT_DEFINITION('design','',#3429,#3432);
#3429 = PRODUCT_DEFINITION_FORMATION('','',#3430);
#3430 = PRODUCT('Body004','Body004','',(#3431));
#3431 = PRODUCT_CONTEXT('',#2,'mechanical');
#3432 = PRODUCT_DEFINITION_CONTEXT('part definition',#2,'design');
#3433 = ADVANCED_BREP_SHAPE_REPRESENTATION('',(#11,#3434),#3584);
#3434 = MANIFOLD_SOLID_BREP('',#3435);
#3435 = CLOSED_SHELL('',(#3436,#3476,#3507,#3538,#3560,#3572));
#3436 = ADVANCED_FACE('',(#3437),#3471,.F.);
#3437 = FACE_BOUND('',#3438,.F.);
#3438 = EDGE_LOOP('',(#3439,#3449,#3457,#3465));
#3439 = ORIENTED_EDGE('',*,*,#3440,.T.);
#3440 = EDGE_CURVE('',#3441,#3443,#3445,.T.);
#3441 = VERTEX_POINT('',#3442);
#3442 = CARTESIAN_POINT('',(-0.48,0.535,0.28));
#3443 = VERTEX_POINT('',#3444);
#3444 = CARTESIAN_POINT('',(-0.48,0.535,0.3));
#3445 = LINE('',#3446,#3447);
#3446 = CARTESIAN_POINT('',(-0.48,0.535,0.28));
#3447 = VECTOR('',#3448,1.);
#3448 = DIRECTION('',(0.,0.,1.));
#3449 = ORIENTED_EDGE('',*,*,#3450,.T.);
#3450 = EDGE_CURVE('',#3443,#3451,#3453,.T.);
#3451 = VERTEX_POINT('',#3452);
#3452 = CARTESIAN_POINT('',(-0.48,0.115,0.3));
#3453 = LINE('',#3454,#3455);
#3454 = CARTESIAN_POINT('',(-0.48,0.535,0.3));
#3455 = VECTOR('',#3456,1.);
#3456 = DIRECTION('',(0.,-1.,0.));
#3457 = ORIENTED_EDGE('',*,*,#3458,.F.);
#3458 = EDGE_CURVE('',#3459,#3451,#3461,.T.);
#3459 = VERTEX_POINT('',#3460);
#3460 = CARTESIAN_POINT('',(-0.48,0.115,0.28));
#3461 = LINE('',#3462,#3463);
#3462 = CARTESIAN_POINT('',(-0.48,0.115,0.28));
#3463 = VECTOR('',#3464,1.);
#3464 = DIRECTION('',(0.,0.,1.));
#3465 = ORIENTED_EDGE('',*,*,#3466,.F.);
#3466 = EDGE_CURVE('',#3441,#3459,#3467,.T.);
#3467 = LINE('',#3468,#3469);
#3468 = CARTESIAN_POINT('',(-0.48,0.535,0.28));
#3469 = VECTOR('',#3470,1.);
#3470 = DIRECTION('',(0.,-1.,0.));
#3471 = PLANE('',#3472);
#3472 = AXIS2_PLACEMENT_3D('',#3473,#3474,#3475);
#3473 = CARTESIAN_POINT('',(-0.48,0.535,0.28));
#3474 = DIRECTION('',(1.,0.,0.));
#3475 = DIRECTION('',(0.,-1.,0.));
#3476 = ADVANCED_FACE('',(#3477),#3502,.F.);
#3477 = FACE_BOUND('',#3478,.F.);
#3478 = EDGE_LOOP('',(#3479,#3480,#3488,#3496));
#3479 = ORIENTED_EDGE('',*,*,#3458,.T.);
#3480 = ORIENTED_EDGE('',*,*,#3481,.T.);
#3481 = EDGE_CURVE('',#3451,#3482,#3484,.T.);
#3482 = VERTEX_POINT('',#3483);
#3483 = CARTESIAN_POINT('',(0.27,0.115,0.3));
#3484 = LINE('',#3485,#3486);
#3485 = CARTESIAN_POINT('',(-0.48,0.115,0.3));
#3486 = VECTOR('',#3487,1.);
#3487 = DIRECTION('',(1.,0.,0.));
#3488 = ORIENTED_EDGE('',*,*,#3489,.F.);
#3489 = EDGE_CURVE('',#3490,#3482,#3492,.T.);
#3490 = VERTEX_POINT('',#3491);
#3491 = CARTESIAN_POINT('',(0.27,0.115,0.28));
#3492 = LINE('',#3493,#3494);
#3493 = CARTESIAN_POINT('',(0.27,0.115,0.28));
#3494 = VECTOR('',#3495,1.);
#3495 = DIRECTION('',(0.,0.,1.));
#3496 = ORIENTED_EDGE('',*,*,#3497,.F.);
#3497 = EDGE_CURVE('',#3459,#3490,#3498,.T.);
#3498 = LINE('',#3499,#3500);
#3499 = CARTESIAN_POINT('',(-0.48,0.115,0.28));
#3500 = VECTOR('',#3501,1.);
#3501 = DIRECTION('',(1.,0.,0.));
#3502 = PLANE('',#3503);
#3503 = AXIS2_PLACEMENT_3D('',#3504,#3505,#3506);
#3504 = CARTESIAN_POINT('',(-0.48,0.115,0.28));
#3505 = DIRECTION('',(0.,1.,0.));
#3506 = DIRECTION('',(1.,0.,0.));
#3507 = ADVANCED_FACE('',(#3508),#3533,.F.);
#3508 = FACE_BOUND('',#3509,.F.);
#3509 = EDGE_LOOP('',(#3510,#3511,#3519,#3527));
#3510 = ORIENTED_EDGE('',*,*,#3489,.T.);
#3511 = ORIENTED_EDGE('',*,*,#3512,.T.);
#3512 = EDGE_CURVE('',#3482,#3513,#3515,.T.);
#3513 = VERTEX_POINT('',#3514);
#3514 = CARTESIAN_POINT('',(0.27,0.535,0.3));
#3515 = LINE('',#3516,#3517);
#3516 = CARTESIAN_POINT('',(0.27,0.115,0.3));
#3517 = VECTOR('',#3518,1.);
#3518 = DIRECTION('',(0.,1.,0.));
#3519 = ORIENTED_EDGE('',*,*,#3520,.F.);
#3520 = EDGE_CURVE('',#3521,#3513,#3523,.T.);
#3521 = VERTEX_POINT('',#3522);
#3522 = CARTESIAN_POINT('',(0.27,0.535,0.28));
#3523 = LINE('',#3524,#3525);
#3524 = CARTESIAN_POINT('',(0.27,0.535,0.28));
#3525 = VECTOR('',#3526,1.);
#3526 = DIRECTION('',(0.,0.,1.));
#3527 = ORIENTED_EDGE('',*,*,#3528,.F.);
#3528 = EDGE_CURVE('',#3490,#3521,#3529,.T.);
#3529 = LINE('',#3530,#3531);
#3530 = CARTESIAN_POINT('',(0.27,0.115,0.28));
#3531 = VECTOR('',#3532,1.);
#3532 = DIRECTION('',(0.,1.,0.));
#3533 = PLANE('',#3534);
#3534 = AXIS2_PLACEMENT_3D('',#3535,#3536,#3537);
#3535 = CARTESIAN_POINT('',(0.27,0.115,0.28));
#3536 = DIRECTION('',(-1.,0.,0.));
#3537 = DIRECTION('',(0.,1.,0.));
#3538 = ADVANCED_FACE('',(#3539),#3555,.F.);
#3539 = FACE_BOUND('',#3540,.F.);
#3540 = EDGE_LOOP('',(#3541,#3542,#3548,#3549));
#3541 = ORIENTED_EDGE('',*,*,#3520,.T.);
#3542 = ORIENTED_EDGE('',*,*,#3543,.T.);
#3543 = EDGE_CURVE('',#3513,#3443,#3544,.T.);
#3544 = LINE('',#3545,#3546);
#3545 = CARTESIAN_POINT('',(0.27,0.535,0.3));
#3546 = VECTOR('',#3547,1.);
#3547 = DIRECTION('',(-1.,0.,0.));
#3548 = ORIENTED_EDGE('',*,*,#3440,.F.);
#3549 = ORIENTED_EDGE('',*,*,#3550,.F.);
#3550 = EDGE_CURVE('',#3521,#3441,#3551,.T.);
#3551 = LINE('',#3552,#3553);
#3552 = CARTESIAN_POINT('',(0.27,0.535,0.28));
#3553 = VECTOR('',#3554,1.);
#3554 = DIRECTION('',(-1.,0.,0.));
#3555 = PLANE('',#3556);
#3556 = AXIS2_PLACEMENT_3D('',#3557,#3558,#3559);
#3557 = CARTESIAN_POINT('',(0.27,0.535,0.28));
#3558 = DIRECTION('',(0.,-1.,0.));
#3559 = DIRECTION('',(-1.,0.,0.));
#3560 = ADVANCED_FACE('',(#3561),#3567,.F.);
#3561 = FACE_BOUND('',#3562,.F.);
#3562 = EDGE_LOOP('',(#3563,#3564,#3565,#3566));
#3563 = ORIENTED_EDGE('',*,*,#3466,.T.);
#3564 = ORIENTED_EDGE('',*,*,#3497,.T.);
#3565 = ORIENTED_EDGE('',*,*,#3528,.T.);
#3566 = ORIENTED_EDGE('',*,*,#3550,.T.);
#3567 = PLANE('',#3568);
#3568 = AXIS2_PLACEMENT_3D('',#3569,#3570,#3571);
#3569 = CARTESIAN_POINT('',(-0.105,0.325,0.28));
#3570 = DIRECTION('',(0.,0.,1.));
#3571 = DIRECTION('',(1.,0.,0.));
#3572 = ADVANCED_FACE('',(#3573),#3579,.T.);
#3573 = FACE_BOUND('',#3574,.T.);
#3574 = EDGE_LOOP('',(#3575,#3576,#3577,#3578));
#3575 = ORIENTED_EDGE('',*,*,#3450,.T.);
#3576 = ORIENTED_EDGE('',*,*,#3481,.T.);
#3577 = ORIENTED_EDGE('',*,*,#3512,.T.);
#3578 = ORIENTED_EDGE('',*,*,#3543,.T.);
#3579 = PLANE('',#3580);
#3580 = AXIS2_PLACEMENT_3D('',#3581,#3582,#3583);
#3581 = CARTESIAN_POINT('',(-0.105,0.325,0.3));
#3582 = DIRECTION('',(0.,0.,1.));
#3583 = DIRECTION('',(1.,0.,0.));
#3584 = ( GEOMETRIC_REPRESENTATION_CONTEXT(3) 
GLOBAL_UNCERTAINTY_ASSIGNED_CONTEXT((#3588)) 
GLOBAL_UNIT_ASSIGNED_CONTEXT((#3585,#3586,#3587)) REPRESENTATION_CONTEXT
('Context #1','3D Context with UNIT and UNCERTAINTY') );
#3585 = ( LENGTH_UNIT() NAMED_UNIT(*) SI_UNIT(.MILLI.,.METRE.) );
#3586 = ( NAMED_UNIT(*) PLANE_ANGLE_UNIT() SI_UNIT($,.RADIAN.) );
#3587 = ( NAMED_UNIT(*) SI_UNIT($,.STERADIAN.) SOLID_ANGLE_UNIT() );
#3588 = UNCERTAINTY_MEASURE_WITH_UNIT(LENGTH_MEASURE(1.E-07),#3585,
  'distance_accuracy_value','confusion accuracy');
#3589 = CONTEXT_DEPENDENT_SHAPE_REPRESENTATION(#3590,#3592);
#3590 = ( REPRESENTATION_RELATIONSHIP('','',#3433,#10) 
REPRESENTATION_RELATIONSHIP_WITH_TRANSFORMATION(#3591) 
SHAPE_REPRESENTATION_RELATIONSHIP() );
#3591 = ITEM_DEFINED_TRANSFORMATION('','',#11,#27);
#3592 = PRODUCT_DEFINITION_SHAPE('Placement','Placement of an item',
  #3593);
#3593 = NEXT_ASSEMBLY_USAGE_OCCURRENCE('4','Body004','',#5,#3428,$);
#3594 = PRODUCT_RELATED_PRODUCT_CATEGORY('part',$,(#3430));
#3595 = SHAPE_DEFINITION_REPRESENTATION(#3596,#3602);
#3596 = PRODUCT_DEFINITION_SHAPE('','',#3597);
#3597 = PRODUCT_DEFINITION('design','',#3598,#3601);
#3598 = PRODUCT_DEFINITION_FORMATION('','',#3599);
#3599 = PRODUCT('Body006','Body006','',(#3600));
#3600 = PRODUCT_CONTEXT('',#2,'mechanical');
#3601 = PRODUCT_DEFINITION_CONTEXT('part definition',#2,'design');
#3602 = ADVANCED_BREP_SHAPE_REPRESENTATION('',(#11,#3603),#3753);
#3603 = MANIFOLD_SOLID_BREP('',#3604);
#3604 = CLOSED_SHELL('',(#3605,#3645,#3676,#3707,#3729,#3741));
#3605 = ADVANCED_FACE('',(#3606),#3640,.F.);
#3606 = FACE_BOUND('',#3607,.F.);
#3607 = EDGE_LOOP('',(#3608,#3618,#3626,#3634));
#3608 = ORIENTED_EDGE('',*,*,#3609,.T.);
#3609 = EDGE_CURVE('',#3610,#3612,#3614,.T.);
#3610 = VERTEX_POINT('',#3611);
#3611 = CARTESIAN_POINT('',(0.46,0.995,0.));
#3612 = VERTEX_POINT('',#3613);
#3613 = CARTESIAN_POINT('',(0.46,0.995,1.E-02));
#3614 = LINE('',#3615,#3616);
#3615 = CARTESIAN_POINT('',(0.46,0.995,0.));
#3616 = VECTOR('',#3617,1.);
#3617 = DIRECTION('',(0.,0.,1.));
#3618 = ORIENTED_EDGE('',*,*,#3619,.T.);
#3619 = EDGE_CURVE('',#3612,#3620,#3622,.T.);
#3620 = VERTEX_POINT('',#3621);
#3621 = CARTESIAN_POINT('',(-7.E-02,0.995,1.E-02));
#3622 = LINE('',#3623,#3624);
#3623 = CARTESIAN_POINT('',(0.46,0.995,1.E-02));
#3624 = VECTOR('',#3625,1.);
#3625 = DIRECTION('',(-1.,0.,0.));
#3626 = ORIENTED_EDGE('',*,*,#3627,.F.);
#3627 = EDGE_CURVE('',#3628,#3620,#3630,.T.);
#3628 = VERTEX_POINT('',#3629);
#3629 = CARTESIAN_POINT('',(-7.E-02,0.995,0.));
#3630 = LINE('',#3631,#3632);
#3631 = CARTESIAN_POINT('',(-7.E-02,0.995,0.));
#3632 = VECTOR('',#3633,1.);
#3633 = DIRECTION('',(0.,0.,1.));
#3634 = ORIENTED_EDGE('',*,*,#3635,.F.);
#3635 = EDGE_CURVE('',#3610,#3628,#3636,.T.);
#3636 = LINE('',#3637,#3638);
#3637 = CARTESIAN_POINT('',(0.46,0.995,0.));
#3638 = VECTOR('',#3639,1.);
#3639 = DIRECTION('',(-1.,0.,0.));
#3640 = PLANE('',#3641);
#3641 = AXIS2_PLACEMENT_3D('',#3642,#3643,#3644);
#3642 = CARTESIAN_POINT('',(0.46,0.995,0.));
#3643 = DIRECTION('',(0.,-1.,0.));
#3644 = DIRECTION('',(-1.,0.,0.));
#3645 = ADVANCED_FACE('',(#3646),#3671,.F.);
#3646 = FACE_BOUND('',#3647,.F.);
#3647 = EDGE_LOOP('',(#3648,#3649,#3657,#3665));
#3648 = ORIENTED_EDGE('',*,*,#3627,.T.);
#3649 = ORIENTED_EDGE('',*,*,#3650,.T.);
#3650 = EDGE_CURVE('',#3620,#3651,#3653,.T.);
#3651 = VERTEX_POINT('',#3652);
#3652 = CARTESIAN_POINT('',(-7.E-02,-0.995,1.E-02));
#3653 = LINE('',#3654,#3655);
#3654 = CARTESIAN_POINT('',(-7.E-02,0.995,1.E-02));
#3655 = VECTOR('',#3656,1.);
#3656 = DIRECTION('',(0.,-1.,0.));
#3657 = ORIENTED_EDGE('',*,*,#3658,.F.);
#3658 = EDGE_CURVE('',#3659,#3651,#3661,.T.);
#3659 = VERTEX_POINT('',#3660);
#3660 = CARTESIAN_POINT('',(-7.E-02,-0.995,0.));
#3661 = LINE('',#3662,#3663);
#3662 = CARTESIAN_POINT('',(-7.E-02,-0.995,0.));
#3663 = VECTOR('',#3664,1.);
#3664 = DIRECTION('',(0.,0.,1.));
#3665 = ORIENTED_EDGE('',*,*,#3666,.F.);
#3666 = EDGE_CURVE('',#3628,#3659,#3667,.T.);
#3667 = LINE('',#3668,#3669);
#3668 = CARTESIAN_POINT('',(-7.E-02,0.995,0.));
#3669 = VECTOR('',#3670,1.);
#3670 = DIRECTION('',(0.,-1.,0.));
#3671 = PLANE('',#3672);
#3672 = AXIS2_PLACEMENT_3D('',#3673,#3674,#3675);
#3673 = CARTESIAN_POINT('',(-7.E-02,0.995,0.));
#3674 = DIRECTION('',(1.,0.,0.));
#3675 = DIRECTION('',(0.,-1.,0.));
#3676 = ADVANCED_FACE('',(#3677),#3702,.F.);
#3677 = FACE_BOUND('',#3678,.F.);
#3678 = EDGE_LOOP('',(#3679,#3680,#3688,#3696));
#3679 = ORIENTED_EDGE('',*,*,#3658,.T.);
#3680 = ORIENTED_EDGE('',*,*,#3681,.T.);
#3681 = EDGE_CURVE('',#3651,#3682,#3684,.T.);
#3682 = VERTEX_POINT('',#3683);
#3683 = CARTESIAN_POINT('',(0.46,-0.995,1.E-02));
#3684 = LINE('',#3685,#3686);
#3685 = CARTESIAN_POINT('',(-7.E-02,-0.995,1.E-02));
#3686 = VECTOR('',#3687,1.);
#3687 = DIRECTION('',(1.,0.,0.));
#3688 = ORIENTED_EDGE('',*,*,#3689,.F.);
#3689 = EDGE_CURVE('',#3690,#3682,#3692,.T.);
#3690 = VERTEX_POINT('',#3691);
#3691 = CARTESIAN_POINT('',(0.46,-0.995,0.));
#3692 = LINE('',#3693,#3694);
#3693 = CARTESIAN_POINT('',(0.46,-0.995,0.));
#3694 = VECTOR('',#3695,1.);
#3695 = DIRECTION('',(0.,0.,1.));
#3696 = ORIENTED_EDGE('',*,*,#3697,.F.);
#3697 = EDGE_CURVE('',#3659,#3690,#3698,.T.);
#3698 = LINE('',#3699,#3700);
#3699 = CARTESIAN_POINT('',(-7.E-02,-0.995,0.));
#3700 = VECTOR('',#3701,1.);
#3701 = DIRECTION('',(1.,0.,0.));
#3702 = PLANE('',#3703);
#3703 = AXIS2_PLACEMENT_3D('',#3704,#3705,#3706);
#3704 = CARTESIAN_POINT('',(-7.E-02,-0.995,0.));
#3705 = DIRECTION('',(0.,1.,0.));
#3706 = DIRECTION('',(1.,0.,0.));
#3707 = ADVANCED_FACE('',(#3708),#3724,.F.);
#3708 = FACE_BOUND('',#3709,.F.);
#3709 = EDGE_LOOP('',(#3710,#3711,#3717,#3718));
#3710 = ORIENTED_EDGE('',*,*,#3689,.T.);
#3711 = ORIENTED_EDGE('',*,*,#3712,.T.);
#3712 = EDGE_CURVE('',#3682,#3612,#3713,.T.);
#3713 = LINE('',#3714,#3715);
#3714 = CARTESIAN_POINT('',(0.46,-0.995,1.E-02));
#3715 = VECTOR('',#3716,1.);
#3716 = DIRECTION('',(0.,1.,0.));
#3717 = ORIENTED_EDGE('',*,*,#3609,.F.);
#3718 = ORIENTED_EDGE('',*,*,#3719,.F.);
#3719 = EDGE_CURVE('',#3690,#3610,#3720,.T.);
#3720 = LINE('',#3721,#3722);
#3721 = CARTESIAN_POINT('',(0.46,-0.995,0.));
#3722 = VECTOR('',#3723,1.);
#3723 = DIRECTION('',(0.,1.,0.));
#3724 = PLANE('',#3725);
#3725 = AXIS2_PLACEMENT_3D('',#3726,#3727,#3728);
#3726 = CARTESIAN_POINT('',(0.46,-0.995,0.));
#3727 = DIRECTION('',(-1.,0.,0.));
#3728 = DIRECTION('',(0.,1.,0.));
#3729 = ADVANCED_FACE('',(#3730),#3736,.F.);
#3730 = FACE_BOUND('',#3731,.F.);
#3731 = EDGE_LOOP('',(#3732,#3733,#3734,#3735));
#3732 = ORIENTED_EDGE('',*,*,#3635,.T.);
#3733 = ORIENTED_EDGE('',*,*,#3666,.T.);
#3734 = ORIENTED_EDGE('',*,*,#3697,.T.);
#3735 = ORIENTED_EDGE('',*,*,#3719,.T.);
#3736 = PLANE('',#3737);
#3737 = AXIS2_PLACEMENT_3D('',#3738,#3739,#3740);
#3738 = CARTESIAN_POINT('',(0.195,-2.202823461558E-17,0.));
#3739 = DIRECTION('',(0.,0.,1.));
#3740 = DIRECTION('',(1.,0.,0.));
#3741 = ADVANCED_FACE('',(#3742),#3748,.T.);
#3742 = FACE_BOUND('',#3743,.T.);
#3743 = EDGE_LOOP('',(#3744,#3745,#3746,#3747));
#3744 = ORIENTED_EDGE('',*,*,#3619,.T.);
#3745 = ORIENTED_EDGE('',*,*,#3650,.T.);
#3746 = ORIENTED_EDGE('',*,*,#3681,.T.);
#3747 = ORIENTED_EDGE('',*,*,#3712,.T.);
#3748 = PLANE('',#3749);
#3749 = AXIS2_PLACEMENT_3D('',#3750,#3751,#3752);
#3750 = CARTESIAN_POINT('',(0.195,-2.202823461558E-17,1.E-02));
#3751 = DIRECTION('',(0.,0.,1.));
#3752 = DIRECTION('',(1.,0.,0.));
#3753 = ( GEOMETRIC_REPRESENTATION_CONTEXT(3) 
GLOBAL_UNCERTAINTY_ASSIGNED_CONTEXT((#3757)) 
GLOBAL_UNIT_ASSIGNED_CONTEXT((#3754,#3755,#3756)) REPRESENTATION_CONTEXT
('Context #1','3D Context with UNIT and UNCERTAINTY') );
#3754 = ( LENGTH_UNIT() NAMED_UNIT(*) SI_UNIT(.MILLI.,.METRE.) );
#3755 = ( NAMED_UNIT(*) PLANE_ANGLE_UNIT() SI_UNIT($,.RADIAN.) );
#3756 = ( NAMED_UNIT(*) SI_UNIT($,.STERADIAN.) SOLID_ANGLE_UNIT() );
#3757 = UNCERTAINTY_MEASURE_WITH_UNIT(LENGTH_MEASURE(1.E-07),#3754,
  'distance_accuracy_value','confusion accuracy');
#3758 = CONTEXT_DEPENDENT_SHAPE_REPRESENTATION(#3759,#3761);
#3759 = ( REPRESENTATION_RELATIONSHIP('','',#3602,#10) 
REPRESENTATION_RELATIONSHIP_WITH_TRANSFORMATION(#3760) 
SHAPE_REPRESENTATION_RELATIONSHIP() );
#3760 = ITEM_DEFINED_TRANSFORMATION('','',#11,#31);
#3761 = PRODUCT_DEFINITION_SHAPE('Placement','Placement of an item',
  #3762);
#3762 = NEXT_ASSEMBLY_USAGE_OCCURRENCE('5','Body006','',#5,#3597,$);
#3763 = PRODUCT_RELATED_PRODUCT_CATEGORY('part',$,(#3599));
#3764 = MECHANICAL_DESIGN_GEOMETRIC_PRESENTATION_REPRESENTATION('',(
    #3765,#3776,#3785,#3794),#1664);
#3765 = STYLED_ITEM('color',(#3766),#49);
#3766 = PRESENTATION_STYLE_ASSIGNMENT((#3767,#3773));
#3767 = SURFACE_STYLE_USAGE(.BOTH.,#3768);
#3768 = SURFACE_SIDE_STYLE('',(#3769));
#3769 = SURFACE_STYLE_FILL_AREA(#3770);
#3770 = FILL_AREA_STYLE('',(#3771));
#3771 = FILL_AREA_STYLE_COLOUR('',#3772);
#3772 = COLOUR_RGB('',0.733333345324,0.501960817233,0.);
#3773 = CURVE_STYLE('',#3774,POSITIVE_LENGTH_MEASURE(0.1),#3775);
#3774 = DRAUGHTING_PRE_DEFINED_CURVE_FONT('continuous');
#3775 = COLOUR_RGB('',9.803921802644E-02,9.803921802644E-02,
  9.803921802644E-02);
#3776 = STYLED_ITEM('color',(#3777),#528);
#3777 = PRESENTATION_STYLE_ASSIGNMENT((#3778,#3783));
#3778 = SURFACE_STYLE_USAGE(.BOTH.,#3779);
#3779 = SURFACE_SIDE_STYLE('',(#3780));
#3780 = SURFACE_STYLE_FILL_AREA(#3781);
#3781 = FILL_AREA_STYLE('',(#3782));
#3782 = FILL_AREA_STYLE_COLOUR('',#3772);
#3783 = CURVE_STYLE('',#3784,POSITIVE_LENGTH_MEASURE(0.1),#3775);
#3784 = DRAUGHTING_PRE_DEFINED_CURVE_FONT('continuous');
#3785 = STYLED_ITEM('color',(#3786),#908);
#3786 = PRESENTATION_STYLE_ASSIGNMENT((#3787,#3792));
#3787 = SURFACE_STYLE_USAGE(.BOTH.,#3788);
#3788 = SURFACE_SIDE_STYLE('',(#3789));
#3789 = SURFACE_STYLE_FILL_AREA(#3790);
#3790 = FILL_AREA_STYLE('',(#3791));
#3791 = FILL_AREA_STYLE_COLOUR('',#3772);
#3792 = CURVE_STYLE('',#3793,POSITIVE_LENGTH_MEASURE(0.1),#3775);
#3793 = DRAUGHTING_PRE_DEFINED_CURVE_FONT('continuous');
#3794 = STYLED_ITEM('color',(#3795),#1286);
#3795 = PRESENTATION_STYLE_ASSIGNMENT((#3796,#3801));
#3796 = SURFACE_STYLE_USAGE(.BOTH.,#3797);
#3797 = SURFACE_SIDE_STYLE('',(#3798));
#3798 = SURFACE_STYLE_FILL_AREA(#3799);
#3799 = FILL_AREA_STYLE('',(#3800));
#3800 = FILL_AREA_STYLE_COLOUR('',#3772);
#3801 = CURVE_STYLE('',#3802,POSITIVE_LENGTH_MEASURE(0.1),#3775);
#3802 = DRAUGHTING_PRE_DEFINED_CURVE_FONT('continuous');
#3803 = MECHANICAL_DESIGN_GEOMETRIC_PRESENTATION_REPRESENTATION('',(
    #3804),#3415);
#3804 = STYLED_ITEM('color',(#3805),#1852);
#3805 = PRESENTATION_STYLE_ASSIGNMENT((#3806,#3812));
#3806 = SURFACE_STYLE_USAGE(.BOTH.,#3807);
#3807 = SURFACE_SIDE_STYLE('',(#3808));
#3808 = SURFACE_STYLE_FILL_AREA(#3809);
#3809 = FILL_AREA_STYLE('',(#3810));
#3810 = FILL_AREA_STYLE_COLOUR('',#3811);
#3811 = COLOUR_RGB('',0.784313732475,0.784313732475,0.784313732475);
#3812 = CURVE_STYLE('',#3813,POSITIVE_LENGTH_MEASURE(0.1),#3775);
#3813 = DRAUGHTING_PRE_DEFINED_CURVE_FONT('continuous');
#3814 = MECHANICAL_DESIGN_GEOMETRIC_PRESENTATION_REPRESENTATION('',(
    #3815),#1833);
#3815 = STYLED_ITEM('color',(#3816),#1683);
#3816 = PRESENTATION_STYLE_ASSIGNMENT((#3817,#3825));
#3817 = SURFACE_STYLE_USAGE(.BOTH.,#3818);
#3818 = SURFACE_SIDE_STYLE('',(#3819,#3823));
#3819 = SURFACE_STYLE_FILL_AREA(#3820);
#3820 = FILL_AREA_STYLE('',(#3821));
#3821 = FILL_AREA_STYLE_COLOUR('',#3822);
#3822 = DRAUGHTING_PRE_DEFINED_COLOUR('white');
#3823 = SURFACE_STYLE_RENDERING_WITH_PROPERTIES(.NORMAL_SHADING.,#3822,(
    #3824));
#3824 = SURFACE_STYLE_TRANSPARENT(0.75);
#3825 = CURVE_STYLE('',#3826,POSITIVE_LENGTH_MEASURE(0.1),#3775);
#3826 = DRAUGHTING_PRE_DEFINED_CURVE_FONT('continuous');
#3827 = MECHANICAL_DESIGN_GEOMETRIC_PRESENTATION_REPRESENTATION('',(
    #3828),#3753);
#3828 = STYLED_ITEM('color',(#3829),#3603);
#3829 = PRESENTATION_STYLE_ASSIGNMENT((#3830,#3836));
#3830 = SURFACE_STYLE_USAGE(.BOTH.,#3831);
#3831 = SURFACE_SIDE_STYLE('',(#3832));
#3832 = SURFACE_STYLE_FILL_AREA(#3833);
#3833 = FILL_AREA_STYLE('',(#3834));
#3834 = FILL_AREA_STYLE_COLOUR('',#3835);
#3835 = COLOUR_RGB('',0.,0.666666687201,0.);
#3836 = CURVE_STYLE('',#3837,POSITIVE_LENGTH_MEASURE(0.1),#3775);
#3837 = DRAUGHTING_PRE_DEFINED_CURVE_FONT('continuous');
#3838 = MECHANICAL_DESIGN_GEOMETRIC_PRESENTATION_REPRESENTATION('',(
    #3839),#3584);
#3839 = STYLED_ITEM('color',(#3840),#3434);
#3840 = PRESENTATION_STYLE_ASSIGNMENT((#3841,#3847));
#3841 = SURFACE_STYLE_USAGE(.BOTH.,#3842);
#3842 = SURFACE_SIDE_STYLE('',(#3843));
#3843 = SURFACE_STYLE_FILL_AREA(#3844);
#3844 = FILL_AREA_STYLE('',(#3845));
#3845 = FILL_AREA_STYLE_COLOUR('',#3846);
#3846 = DRAUGHTING_PRE_DEFINED_COLOUR('black');
#3847 = CURVE_STYLE('',#3848,POSITIVE_LENGTH_MEASURE(0.1),#3775);
#3848 = DRAUGHTING_PRE_DEFINED_CURVE_FONT('continuous');
ENDSEC;
END-ISO-10303-21;
